amplitude_deg,config,converged,drift_deg_per_cycle,energy_j_per_m,gamma_avail_deg,law,mu_b,mu_f,mu_left,mu_right,param,peak_torque_nm,ratio_ref,slip,speed_mm_s,torque_per_mu_f,turn_authority_deg_per_cycle,turn_radius_mm,value,waves
30.0,FW6_HEADYAW,True,-7.661204026463445e-09,47.370785079457995,20.0,decoupled,0.2,0.2,0.4,0.4,lr_asym,0.1652861601676709,2.0,0.9257303723064451,5.763127839014861,0.8264308008383544,0.8097178747600114,1932.9559892560164,0.0,0.75
30.0,FW6_HEADYAW,True,7.609644054522241e-10,105.10596199660152,20.0,decoupled,0.2,0.2,0.4,0.4,lr_asym,0.13575327278087715,2.0,0.9370807629169172,1.7066986102537682,0.6787663639043857,0.10891858954761927,6255.574423431127,0.0,1.0
40.0,FW6_HEADYAW,True,-3.794253044054617e-09,33.43997681586124,10.0,decoupled,0.2,0.2,0.4,0.4,lr_asym,0.1476841530472635,2.0,0.8740386312416024,10.479321520415832,0.7384207652363175,0.026390894154123642,62826.46117208795,0.0,0.75
40.0,FW6_HEADYAW,True,3.277671725954e-09,66.01689248347839,10.0,decoupled,0.2,0.2,0.4,0.4,lr_asym,0.12363391203942588,2.0,0.8946451915200616,3.481567640537656,0.6181695601971293,0.44400783397932286,1408.3068536745122,0.0,1.0
30.0,FW6_HEADYAW,True,1.674874183712954,31.298060103562502,20.0,decoupled,0.2,0.2,0.42000000000000004,0.38,lr_asym,0.1653365015523292,2.0,0.925257688566415,6.2550047368227855,0.826682507761646,0.033683838041614234,44783.73381634315,0.05,0.75
30.0,FW6_HEADYAW,True,0.26437016862713747,51.37347821348648,20.0,decoupled,0.2,0.2,0.42000000000000004,0.38,lr_asym,0.1371587492074638,2.0,0.937136969380033,1.9987404284610297,0.6857937460373189,0.09290955089571634,7279.416464760808,0.05,1.0
40.0,FW6_HEADYAW,True,1.844872656655148,26.19600252908449,10.0,decoupled,0.2,0.2,0.42000000000000004,0.38,lr_asym,0.1469419218371123,2.0,0.8729091751631224,11.450060216326186,0.7347096091855615,0.1489808000400037,10958.908575409076,0.05,0.75
40.0,FW6_HEADYAW,True,0.34127505280069687,43.59192471232457,10.0,decoupled,0.2,0.2,0.42000000000000004,0.38,lr_asym,0.12463341945084698,2.0,0.8944414489023016,4.025443504121557,0.6231670972542349,0.39391473981990477,1610.123469546465,0.05,1.0
30.0,FW6_HEADYAW,True,2.6166297538770107,19.759757923393256,20.0,decoupled,0.2,0.2,0.44000000000000006,0.36000000000000004,lr_asym,0.16458450957140383,2.0,0.9239827838705384,6.889395403842178,0.8229225478570191,0.5836514348512845,2505.575633910301,0.1,0.75
30.0,FW6_HEADYAW,True,0.5350832847736672,28.927643509986563,20.0,decoupled,0.2,0.2,0.44000000000000006,0.36000000000000004,lr_asym,0.13803732996141796,2.0,0.9373952300036976,2.3186842881205108,0.6901866498070898,0.17312427593178015,4195.9632451354755,0.1,1.0
40.0,FW6_HEADYAW,True,3.332230056494852,18.571312609404423,10.0,decoupled,0.2,0.2,0.44000000000000006,0.36000000000000004,lr_asym,0.14482859089267372,2.0,0.872475493011985,12.51598939856323,0.7241429544633685,0.07071036612717396,23303.90559590537,0.1,0.75
40.0,FW6_HEADYAW,True,0.7508086157252882,27.447950256894696,10.0,decoupled,0.2,0.2,0.44000000000000006,0.36000000000000004,lr_asym,0.1250768958123286,2.0,0.8951733820846732,4.5465678500748785,0.6253844790616429,0.2598929695459635,2953.0052118990816,0.1,1.0
30.0,FW6_HEADYAW,True,5.046630249093571,10.43198489171944,20.0,decoupled,0.2,0.2,0.48,0.32000000000000006,lr_asym,0.16060903697172185,2.0,0.92349459530316,8.610304002360593,0.8030451848586092,0.6077721592917804,2374.9271626463856,0.2,0.75
30.0,FW6_HEADYAW,True,1.07484794260502,14.249481172415656,20.0,decoupled,0.2,0.2,0.48,0.32000000000000006,lr_asym,0.1388658538356269,2.0,0.9387213396702664,3.0555472019564602,0.6943292691781345,0.22680358756168884,3962.8663813249336,0.2,1.0
40.0,FW6_HEADYAW,True,6.5442925608408675,10.549908410140297,10.0,decoupled,0.2,0.2,0.48,0.32000000000000006,lr_asym,0.14367315255537197,2.0,0.8697667774713234,15.635325012600429,0.7183657627768598,0.21174768053275006,8492.712645929154,0.2,0.75
40.0,FW6_HEADYAW,True,1.4463713583966327,14.238464635675413,10.0,decoupled,0.2,0.2,0.48,0.32000000000000006,lr_asym,0.1251178766343375,2.0,0.8971474778861181,5.806249365922534,0.6255893831716874,0.019918594671471945,44985.75786982142,0.2,1.0
30.0,FW6_HEADYAW,True,7.735871453505952,6.792314232010344,20.0,decoupled,0.2,0.2,0.52,0.27999999999999997,lr_asym,0.1551587287847394,2.0,0.9266259831256622,10.739200150864718,0.775793643923697,0.3367825450393589,4451.421715358383,0.3,0.75
30.0,FW6_HEADYAW,True,2.185185388094008,8.636726298458084,20.0,decoupled,0.2,0.2,0.52,0.27999999999999997,lr_asym,0.1320089867297588,2.0,0.9411280295923679,4.115587028653501,0.660044933648794,0.3399439851273116,2085.7666064815776,0.3,1.0
40.0,FW6_HEADYAW,True,9.707317625770672,7.032496609094853,10.0,decoupled,0.2,0.2,0.52,0.27999999999999997,lr_asym,0.13909447848549314,2.0,0.8745713753260812,18.795227266539555,0.6954723924274656,0.22265613759289948,9553.543205340427,0.3,0.75
40.0,FW6_HEADYAW,True,2.541745038487608,8.896007854755663,10.0,decoupled,0.2,0.2,0.52,0.27999999999999997,lr_asym,0.12116371202129708,2.0,0.9010882857603701,7.331424629212321,0.6058185601064854,0.34603700128210724,3127.4481318214853,0.3,1.0
30.0,FW6_HEADYAW,True,-7.572491200149395e-10,49.12875015918297,20.0,decoupled,0.1,0.2,0.4,0.4,fb_ratio,0.1617950932233026,2.0,0.9263221274366964,5.557015276409844,0.8089754661165129,0.7073810334568211,1479.78501068208,0.5,0.75
30.0,FW6_HEADYAW,True,-2.9152248585491267e-10,201.93177156950497,20.0,decoupled,0.1,0.2,0.4,0.4,fb_ratio,0.13543369698015725,2.0,0.9407302070879717,0.8881068497187007,0.6771684849007862,0.34654598636842715,354.239798060441,0.5,1.0
40.0,FW6_HEADYAW,True,-3.6856442579306713e-09,34.694003662734325,10.0,decoupled,0.1,0.2,0.4,0.4,fb_ratio,0.14796595761715098,2.0,0.8752323580034213,10.101307512661023,0.7398297880857548,0.0772744428929869,19602.556929152975,0.5,0.75
40.0,FW6_HEADYAW,True,-1.4972540676856542e-09,113.70704810052672,10.0,decoupled,0.1,0.2,0.4,0.4,fb_ratio,0.12363353413029964,2.0,0.9004394051179484,2.020419015440076,0.6181676706514981,0.5512014124853933,490.1095638219592,0.5,1.0
30.0,FW6_HEADYAW,True,-1.7105313302525478e-09,48.023140610276535,20.0,decoupled,0.16000000000000003,0.2,0.4,0.4,fb_ratio,0.16429010432340813,2.0,0.9259607567600724,5.684870727158907,0.8214505216170406,0.7697261765235708,1817.5638839232422,0.8,0.75
30.0,FW6_HEADYAW,True,9.127535946397241e-10,124.80737768348924,20.0,decoupled,0.16000000000000003,0.2,0.4,0.4,fb_ratio,0.13568451259197759,2.0,0.9383583679685173,1.4372049118388843,0.6784225629598879,0.03615045025078692,13623.46840733759,0.8,1.0
40.0,FW6_HEADYAW,True,-2.2933214600185206e-09,33.89480744367298,10.0,decoupled,0.16000000000000003,0.2,0.4,0.4,fb_ratio,0.1478021977438268,2.0,0.8744912321148013,10.339048078132917,0.739010988719134,0.02310939928643605,69688.80593788334,0.8,0.75
40.0,FW6_HEADYAW,True,6.556276149568339e-10,76.68939451117129,10.0,decoupled,0.16000000000000003,0.2,0.4,0.4,fb_ratio,0.12363379396225026,2.0,0.8966797075404725,2.996714031811171,0.6181689698112512,0.47648551633725295,1067.6337713624976,0.8,1.0
30.0,FW6_HEADYAW,True,-7.661204026463445e-09,47.370785079457995,20.0,decoupled,0.2,0.2,0.4,0.4,fb_ratio,0.1652861601676709,2.0,0.9257303723064451,5.763127839014861,0.8264308008383544,0.8097178747600114,1932.9559892560164,1.0,0.75
30.0,FW6_HEADYAW,True,7.609644054522241e-10,105.10596199660152,20.0,decoupled,0.2,0.2,0.4,0.4,fb_ratio,0.13575327278087715,2.0,0.9370807629169172,1.7066986102537682,0.6787663639043857,0.10891858954761927,6255.574423431127,1.0,1.0
40.0,FW6_HEADYAW,True,-3.794253044054617e-09,33.43997681586124,10.0,decoupled,0.2,0.2,0.4,0.4,fb_ratio,0.1476841530472635,2.0,0.8740386312416024,10.479321520415832,0.7384207652363175,0.026390894154123642,62826.46117208795,1.0,0.75
40.0,FW6_HEADYAW,True,3.277671725954e-09,66.01689248347839,10.0,decoupled,0.2,0.2,0.4,0.4,fb_ratio,0.12363391203942588,2.0,0.8946451915200616,3.481567640537656,0.6181695601971293,0.44400783397932286,1408.3068536745122,1.0,1.0
30.0,FW6_HEADYAW,True,-1.347005459671988e-09,45.94902247244763,20.0,decoupled,0.30000000000000004,0.2,0.4,0.4,fb_ratio,0.16649531735753886,2.0,0.9251791163009834,5.9414004611193825,0.8324765867876943,0.9416752241257861,1950.4602443992862,1.5,0.75
30.0,FW6_HEADYAW,True,3.1571457990079454e-10,82.0331559518769,20.0,decoupled,0.30000000000000004,0.2,0.4,0.4,fb_ratio,0.13583588327320845,2.0,0.9346586317932786,2.1868138530300865,0.6791794163660422,0.340955906004283,2955.5123245415393,1.5,1.0
40.0,FW6_HEADYAW,True,-8.775293332090775e-08,32.51929035019814,10.0,decoupled,0.30000000000000004,0.2,0.4,0.4,fb_ratio,0.14732939533826056,2.0,0.8730437006960086,10.775194653694125,0.7366469766913027,0.15810209926686114,11027.837454975795,1.5,0.75
40.0,FW6_HEADYAW,True,-2.713651639640684e-09,52.74930536728762,10.0,decoupled,0.30000000000000004,0.2,0.4,0.4,fb_ratio,0.12363410477084574,2.0,0.8906728609253174,4.359428776563908,0.6181705238542287,0.39386879598013935,2099.588732378013,1.5,1.0
30.0,FW6_HEADYAW,True,8.970531442670811e-09,43.03646394654222,20.0,decoupled,0.6000000000000001,0.2,0.4,0.4,fb_ratio,0.16633283881243427,2.0,0.9237898871739553,6.343235800961515,0.8316641940621713,1.3711946749419361,1594.0976501158111,3.0,0.75
30.0,FW6_HEADYAW,True,3.094845889046108e-09,62.423407473615136,20.0,decoupled,0.6000000000000001,0.2,0.4,0.4,fb_ratio,0.13590750549261063,2.0,0.9308374600546548,2.873367390116043,0.6795375274630531,0.5650541719640051,2518.3614048281497,3.0,1.0
40.0,FW6_HEADYAW,True,5.1373325860555405e-08,30.87539859600509,10.0,decoupled,0.6000000000000001,0.2,0.4,0.4,fb_ratio,0.14629168909607926,2.0,0.870943746868637,11.348246173407288,0.7314584454803963,0.423094853875419,4418.830722541964,3.0,0.75
40.0,FW6_HEADYAW,True,-1.5564810847419952e-08,40.6613055571047,10.0,decoupled,0.6000000000000001,0.2,0.4,0.4,fb_ratio,0.12363434642791385,2.0,0.8840435136864702,5.659763914393633,0.6181717321395692,0.32686577606244027,3411.5361938156893,3.0,1.0
30.0,FW6_HEADYAW,True,-7.661204026463445e-09,47.370785079457995,20.0,decoupled,0.2,0.2,0.4,0.4,point_sigma,0.1652861601676709,2.0,0.9257303723064451,5.763127839014861,0.8264308008383544,0.8097178747600114,1932.9559892560164,0.0,0.75
30.0,FW6_HEADYAW,True,7.609644054522241e-10,105.10596199660152,20.0,decoupled,0.2,0.2,0.4,0.4,point_sigma,0.13575327278087715,2.0,0.9370807629169172,1.7066986102537682,0.6787663639043857,0.10891858954761927,6255.574423431127,0.0,1.0
40.0,FW6_HEADYAW,True,-3.794253044054617e-09,33.43997681586124,10.0,decoupled,0.2,0.2,0.4,0.4,point_sigma,0.1476841530472635,2.0,0.8740386312416024,10.479321520415832,0.7384207652363175,0.026390894154123642,62826.46117208795,0.0,0.75
40.0,FW6_HEADYAW,True,3.277671725954e-09,66.01689248347839,10.0,decoupled,0.2,0.2,0.4,0.4,point_sigma,0.12363391203942588,2.0,0.8946451915200616,3.481567640537656,0.6181695601971293,0.44400783397932286,1408.3068536745122,0.0,1.0
30.0,FW6_HEADYAW,True,-7.661204026463445e-09,47.370785079457995,20.0,decoupled,0.2,0.2,0.4,0.4,point_sigma,0.1652861601676709,2.0,0.9257303723064451,5.763127839014861,0.8264308008383544,0.8097178747600114,1932.9559892560164,0.0,0.75
30.0,FW6_HEADYAW,True,7.609644054522241e-10,105.10596199660152,20.0,decoupled,0.2,0.2,0.4,0.4,point_sigma,0.13575327278087715,2.0,0.9370807629169172,1.7066986102537682,0.6787663639043857,0.10891858954761927,6255.574423431127,0.0,1.0
40.0,FW6_HEADYAW,True,-3.794253044054617e-09,33.43997681586124,10.0,decoupled,0.2,0.2,0.4,0.4,point_sigma,0.1476841530472635,2.0,0.8740386312416024,10.479321520415832,0.7384207652363175,0.026390894154123642,62826.46117208795,0.0,0.75
40.0,FW6_HEADYAW,True,3.277671725954e-09,66.01689248347839,10.0,decoupled,0.2,0.2,0.4,0.4,point_sigma,0.12363391203942588,2.0,0.8946451915200616,3.481567640537656,0.6181695601971293,0.44400783397932286,1408.3068536745122,0.0,1.0
30.0,FW6_HEADYAW,True,-7.661204026463445e-09,47.370785079457995,20.0,decoupled,0.2,0.2,0.4,0.4,point_sigma,0.1652861601676709,2.0,0.9257303723064451,5.763127839014861,0.8264308008383544,0.8097178747600114,1932.9559892560164,0.0,0.75
30.0,FW6_HEADYAW,True,7.609644054522241e-10,105.10596199660152,20.0,decoupled,0.2,0.2,0.4,0.4,point_sigma,0.13575327278087715,2.0,0.9370807629169172,1.7066986102537682,0.6787663639043857,0.10891858954761927,6255.574423431127,0.0,1.0
40.0,FW6_HEADYAW,True,-3.794253044054617e-09,33.43997681586124,10.0,decoupled,0.2,0.2,0.4,0.4,point_sigma,0.1476841530472635,2.0,0.8740386312416024,10.479321520415832,0.7384207652363175,0.026390894154123642,62826.46117208795,0.0,0.75
40.0,FW6_HEADYAW,True,3.277671725954e-09,66.01689248347839,10.0,decoupled,0.2,0.2,0.4,0.4,point_sigma,0.12363391203942588,2.0,0.8946451915200616,3.481567640537656,0.6181695601971293,0.44400783397932286,1408.3068536745122,0.0,1.0
30.0,FW6_HEADYAW,True,-7.661204026463445e-09,47.370785079457995,20.0,decoupled,0.2,0.2,0.4,0.4,point_sigma,0.1652861601676709,2.0,0.9257303723064451,5.763127839014861,0.8264308008383544,0.8097178747600114,1932.9559892560164,0.0,0.75
30.0,FW6_HEADYAW,True,7.609644054522241e-10,105.10596199660152,20.0,decoupled,0.2,0.2,0.4,0.4,point_sigma,0.13575327278087715,2.0,0.9370807629169172,1.7066986102537682,0.6787663639043857,0.10891858954761927,6255.574423431127,0.0,1.0
40.0,FW6_HEADYAW,True,-3.794253044054617e-09,33.43997681586124,10.0,decoupled,0.2,0.2,0.4,0.4,point_sigma,0.1476841530472635,2.0,0.8740386312416024,10.479321520415832,0.7384207652363175,0.026390894154123642,62826.46117208795,0.0,0.75
40.0,FW6_HEADYAW,True,3.277671725954e-09,66.01689248347839,10.0,decoupled,0.2,0.2,0.4,0.4,point_sigma,0.12363391203942588,2.0,0.8946451915200616,3.481567640537656,0.6181695601971293,0.44400783397932286,1408.3068536745122,0.0,1.0
30.0,FW6_HEADYAW,True,-7.661204026463445e-09,47.370785079457995,20.0,decoupled,0.2,0.2,0.4,0.4,point_sigma,0.1652861601676709,2.0,0.9257303723064451,5.763127839014861,0.8264308008383544,0.8097178747600114,1932.9559892560164,0.0,0.75
30.0,FW6_HEADYAW,True,7.609644054522241e-10,105.10596199660152,20.0,decoupled,0.2,0.2,0.4,0.4,point_sigma,0.13575327278087715,2.0,0.9370807629169172,1.7066986102537682,0.6787663639043857,0.10891858954761927,6255.574423431127,0.0,1.0
40.0,FW6_HEADYAW,True,-3.794253044054617e-09,33.43997681586124,10.0,decoupled,0.2,0.2,0.4,0.4,point_sigma,0.1476841530472635,2.0,0.8740386312416024,10.479321520415832,0.7384207652363175,0.026390894154123642,62826.46117208795,0.0,0.75
40.0,FW6_HEADYAW,True,3.277671725954e-09,66.01689248347839,10.0,decoupled,0.2,0.2,0.4,0.4,point_sigma,0.12363391203942588,2.0,0.8946451915200616,3.481567640537656,0.6181695601971293,0.44400783397932286,1408.3068536745122,0.0,1.0
30.0,FW6_HEADYAW,True,-7.661204026463445e-09,47.370785079457995,20.0,decoupled,0.2,0.2,0.4,0.4,point_sigma,0.1652861601676709,2.0,0.9257303723064451,5.763127839014861,0.8264308008383544,0.8097178747600114,1932.9559892560164,0.0,0.75
30.0,FW6_HEADYAW,True,7.609644054522241e-10,105.10596199660152,20.0,decoupled,0.2,0.2,0.4,0.4,point_sigma,0.13575327278087715,2.0,0.9370807629169172,1.7066986102537682,0.6787663639043857,0.10891858954761927,6255.574423431127,0.0,1.0
40.0,FW6_HEADYAW,True,-3.794253044054617e-09,33.43997681586124,10.0,decoupled,0.2,0.2,0.4,0.4,point_sigma,0.1476841530472635,2.0,0.8740386312416024,10.479321520415832,0.7384207652363175,0.026390894154123642,62826.46117208795,0.0,0.75
40.0,FW6_HEADYAW,True,3.277671725954e-09,66.01689248347839,10.0,decoupled,0.2,0.2,0.4,0.4,point_sigma,0.12363391203942588,2.0,0.8946451915200616,3.481567640537656,0.6181695601971293,0.44400783397932286,1408.3068536745122,0.0,1.0
30.0,FW6_HEADYAW,True,-7.661204026463445e-09,47.370785079457995,20.0,decoupled,0.2,0.2,0.4,0.4,point_sigma,0.1652861601676709,2.0,0.9257303723064451,5.763127839014861,0.8264308008383544,0.8097178747600114,1932.9559892560164,0.0,0.75
30.0,FW6_HEADYAW,True,7.609644054522241e-10,105.10596199660152,20.0,decoupled,0.2,0.2,0.4,0.4,point_sigma,0.13575327278087715,2.0,0.9370807629169172,1.7066986102537682,0.6787663639043857,0.10891858954761927,6255.574423431127,0.0,1.0
40.0,FW6_HEADYAW,True,-3.794253044054617e-09,33.43997681586124,10.0,decoupled,0.2,0.2,0.4,0.4,point_sigma,0.1476841530472635,2.0,0.8740386312416024,10.479321520415832,0.7384207652363175,0.026390894154123642,62826.46117208795,0.0,0.75
40.0,FW6_HEADYAW,True,3.277671725954e-09,66.01689248347839,10.0,decoupled,0.2,0.2,0.4,0.4,point_sigma,0.12363391203942588,2.0,0.8946451915200616,3.481567640537656,0.6181695601971293,0.44400783397932286,1408.3068536745122,0.0,1.0
30.0,FW6_HEADYAW,True,-7.661204026463445e-09,47.370785079457995,20.0,decoupled,0.2,0.2,0.4,0.4,point_sigma,0.1652861601676709,2.0,0.9257303723064451,5.763127839014861,0.8264308008383544,0.8097178747600114,1932.9559892560164,0.0,0.75
30.0,FW6_HEADYAW,True,7.609644054522241e-10,105.10596199660152,20.0,decoupled,0.2,0.2,0.4,0.4,point_sigma,0.13575327278087715,2.0,0.9370807629169172,1.7066986102537682,0.6787663639043857,0.10891858954761927,6255.574423431127,0.0,1.0
40.0,FW6_HEADYAW,True,-3.794253044054617e-09,33.43997681586124,10.0,decoupled,0.2,0.2,0.4,0.4,point_sigma,0.1476841530472635,2.0,0.8740386312416024,10.479321520415832,0.7384207652363175,0.026390894154123642,62826.46117208795,0.0,0.75
40.0,FW6_HEADYAW,True,3.277671725954e-09,66.01689248347839,10.0,decoupled,0.2,0.2,0.4,0.4,point_sigma,0.12363391203942588,2.0,0.8946451915200616,3.481567640537656,0.6181695601971293,0.44400783397932286,1408.3068536745122,0.0,1.0
30.0,FW6_HEADYAW,True,-7.661204026463445e-09,47.370785079457995,20.0,decoupled,0.2,0.2,0.4,0.4,point_sigma,0.1652861601676709,2.0,0.9257303723064451,5.763127839014861,0.8264308008383544,0.8097178747600114,1932.9559892560164,0.0,0.75
30.0,FW6_HEADYAW,True,7.609644054522241e-10,105.10596199660152,20.0,decoupled,0.2,0.2,0.4,0.4,point_sigma,0.13575327278087715,2.0,0.9370807629169172,1.7066986102537682,0.6787663639043857,0.10891858954761927,6255.574423431127,0.0,1.0
40.0,FW6_HEADYAW,True,-3.794253044054617e-09,33.43997681586124,10.0,decoupled,0.2,0.2,0.4,0.4,point_sigma,0.1476841530472635,2.0,0.8740386312416024,10.479321520415832,0.7384207652363175,0.026390894154123642,62826.46117208795,0.0,0.75
40.0,FW6_HEADYAW,True,3.277671725954e-09,66.01689248347839,10.0,decoupled,0.2,0.2,0.4,0.4,point_sigma,0.12363391203942588,2.0,0.8946451915200616,3.481567640537656,0.6181695601971293,0.44400783397932286,1408.3068536745122,0.0,1.0
30.0,FW6_HEADYAW,True,-7.661204026463445e-09,47.370785079457995,20.0,decoupled,0.2,0.2,0.4,0.4,point_sigma,0.1652861601676709,2.0,0.9257303723064451,5.763127839014861,0.8264308008383544,0.8097178747600114,1932.9559892560164,0.0,0.75
30.0,FW6_HEADYAW,True,7.609644054522241e-10,105.10596199660152,20.0,decoupled,0.2,0.2,0.4,0.4,point_sigma,0.13575327278087715,2.0,0.9370807629169172,1.7066986102537682,0.6787663639043857,0.10891858954761927,6255.574423431127,0.0,1.0
40.0,FW6_HEADYAW,True,-3.794253044054617e-09,33.43997681586124,10.0,decoupled,0.2,0.2,0.4,0.4,point_sigma,0.1476841530472635,2.0,0.8740386312416024,10.479321520415832,0.7384207652363175,0.026390894154123642,62826.46117208795,0.0,0.75
40.0,FW6_HEADYAW,True,3.277671725954e-09,66.01689248347839,10.0,decoupled,0.2,0.2,0.4,0.4,point_sigma,0.12363391203942588,2.0,0.8946451915200616,3.481567640537656,0.6181695601971293,0.44400783397932286,1408.3068536745122,0.0,1.0
30.0,FW6_HEADYAW,True,-7.661204026463445e-09,47.370785079457995,20.0,decoupled,0.2,0.2,0.4,0.4,point_sigma,0.1652861601676709,2.0,0.9257303723064451,5.763127839014861,0.8264308008383544,0.8097178747600114,1932.9559892560164,0.0,0.75
30.0,FW6_HEADYAW,True,7.609644054522241e-10,105.10596199660152,20.0,decoupled,0.2,0.2,0.4,0.4,point_sigma,0.13575327278087715,2.0,0.9370807629169172,1.7066986102537682,0.6787663639043857,0.10891858954761927,6255.574423431127,0.0,1.0
40.0,FW6_HEADYAW,True,-3.794253044054617e-09,33.43997681586124,10.0,decoupled,0.2,0.2,0.4,0.4,point_sigma,0.1476841530472635,2.0,0.8740386312416024,10.479321520415832,0.7384207652363175,0.026390894154123642,62826.46117208795,0.0,0.75
40.0,FW6_HEADYAW,True,3.277671725954e-09,66.01689248347839,10.0,decoupled,0.2,0.2,0.4,0.4,point_sigma,0.12363391203942588,2.0,0.8946451915200616,3.481567640537656,0.6181695601971293,0.44400783397932286,1408.3068536745122,0.0,1.0
30.0,FW6_HEADYAW,True,-7.661204026463445e-09,47.370785079457995,20.0,decoupled,0.2,0.2,0.4,0.4,point_sigma,0.1652861601676709,2.0,0.9257303723064451,5.763127839014861,0.8264308008383544,0.8097178747600114,1932.9559892560164,0.0,0.75
30.0,FW6_HEADYAW,True,7.609644054522241e-10,105.10596199660152,20.0,decoupled,0.2,0.2,0.4,0.4,point_sigma,0.13575327278087715,2.0,0.9370807629169172,1.7066986102537682,0.6787663639043857,0.10891858954761927,6255.574423431127,0.0,1.0
40.0,FW6_HEADYAW,True,-3.794253044054617e-09,33.43997681586124,10.0,decoupled,0.2,0.2,0.4,0.4,point_sigma,0.1476841530472635,2.0,0.8740386312416024,10.479321520415832,0.7384207652363175,0.026390894154123642,62826.46117208795,0.0,0.75
40.0,FW6_HEADYAW,True,3.277671725954e-09,66.01689248347839,10.0,decoupled,0.2,0.2,0.4,0.4,point_sigma,0.12363391203942588,2.0,0.8946451915200616,3.481567640537656,0.6181695601971293,0.44400783397932286,1408.3068536745122,0.0,1.0
30.0,FW6_HEADYAW,True,1.9914291731940316e-09,46.049198627609336,20.0,decoupled,0.2,0.2,0.4,0.4,point_sigma,0.16150323784733886,2.0,0.9255217663982366,5.798012648583506,0.8075161892366942,0.8625418010290576,1789.056565838185,0.05,0.75
30.0,FW6_HEADYAW,True,2.9014427199756747e-09,98.57803641960031,20.0,decoupled,0.2,0.2,0.4,0.4,point_sigma,0.1331408481499992,2.0,0.9374979796382865,1.791369965610213,0.665704240749996,0.15860861611457788,4333.626575240238,0.05,1.0
40.0,FW6_HEADYAW,True,-1.6567498998940745e-08,32.194648041017764,10.0,decoupled,0.2,0.2,0.4,0.4,point_sigma,0.14469363578788766,2.0,0.8736214508483088,10.643041950900313,0.7234681789394383,0.3424091301785015,4889.838324640693,0.05,0.75
40.0,FW6_HEADYAW,True,8.352478503151452e-10,62.65254051153039,10.0,decoupled,0.2,0.2,0.4,0.4,point_sigma,0.12142653537421776,2.0,0.8952743205548462,3.6051005406715926,0.6071326768710887,0.2901741453654222,2175.9837887174785,0.05,1.0
30.0,FW6_HEADYAW,True,1.9210864355814434e-09,46.949465520442764,20.0,decoupled,0.2,0.2,0.4,0.4,point_sigma,0.1644530207144745,2.0,0.9256852596234865,5.765871323377709,0.8222651035723725,0.7708295360573617,2052.3473342099073,0.05,0.75
30.0,FW6_HEADYAW,True,3.4072375844434437e-09,103.89766974387771,20.0,decoupled,0.2,0.2,0.4,0.4,point_sigma,0.13474123049412623,2.0,0.9368732355511141,1.7078085127344913,0.6737061524706311,0.08805923377646022,7773.450477063046,0.05,1.0
40.0,FW6_HEADYAW,True,4.1869060368386847e-10,32.6512073258536,10.0,decoupled,0.2,0.2,0.4,0.4,point_sigma,0.1474656508702062,2.0,0.8733972012669655,10.64256579821247,0.7373282543510309,0.019163923183136183,86497.52564050647,0.05,0.75
40.0,FW6_HEADYAW,True,2.141793076314901e-09,64.82275684426463,10.0,decoupled,0.2,0.2,0.4,0.4,point_sigma,0.12251109872342725,2.0,0.8941350517593902,3.5086579371476,0.6125554936171362,0.4076233747925389,1540.508082226169,0.05,1.0
30.0,FW6_HEADYAW,True,2.521044006809951e-09,47.183062048373465,20.0,decoupled,0.2,0.2,0.4,0.4,point_sigma,0.16731698835051442,2.0,0.9256978739803513,5.847764660767142,0.836584941752572,0.7951819110746636,1994.68327896311,0.05,0.75
30.0,FW6_HEADYAW,True,1.8201765796333155e-09,105.98179097812543,20.0,decoupled,0.2,0.2,0.4,0.4,point_sigma,0.1373542187333657,2.0,0.9371447308502279,1.706235946668483,0.6867710936668284,0.10248071424984956,6690.098687740864,0.05,1.0
40.0,FW6_HEADYAW,True,2.9273690114616248e-09,33.10529975892058,10.0,decoupled,0.2,0.2,0.4,0.4,point_sigma,0.14981568836459616,2.0,0.8736558459328468,10.70051048765487,0.7490784418229808,0.04806538069924288,34742.39244892884,0.05,0.75
40.0,FW6_HEADYAW,True,2.0847725293118915e-08,66.61656585952996,10.0,decoupled,0.2,0.2,0.4,0.4,point_sigma,0.12490575680151352,2.0,0.894668833021522,3.4804979039877497,0.6245287840075675,0.3957266179971568,1590.9927646043498,0.05,1.0
30.0,FW6_HEADYAW,True,-3.6060413353630024e-09,47.70521663709005,20.0,decoupled,0.2,0.2,0.4,0.4,point_sigma,0.16582060754211636,2.0,0.9263284197407144,5.741027608469417,0.8291030377105818,0.8420144366064053,1823.1404494900385,0.05,0.75
30.0,FW6_HEADYAW,True,-9.656373531962878e-09,105.1840162191003,20.0,decoupled,0.2,0.2,0.4,0.4,point_sigma,0.13564506529538464,2.0,0.9373534996156526,1.7121025465576338,0.6782253264769231,0.08815355559344112,7580.356454075793,0.05,1.0
40.0,FW6_HEADYAW,True,-1.652315650071045e-09,34.41566886717476,10.0,decoupled,0.2,0.2,0.4,0.4,point_sigma,0.148035645438972,2.0,0.8747716553434003,10.21571576368363,0.7401782271948599,0.13783821219900286,11920.638478375346,0.05,0.75
40.0,FW6_HEADYAW,True,-7.983470549008056e-11,66.31515336501226,10.0,decoupled,0.2,0.2,0.4,0.4,point_sigma,0.12372674628396492,2.0,0.8950627556894614,3.4825650111807542,0.6186337314198246,0.5160154628525192,1189.8006249143132,0.05,1.0
30.0,FW6_HEADYAW,True,-3.6417112561156155e-10,47.23235007337992,20.0,decoupled,0.2,0.2,0.4,0.4,point_sigma,0.16457537817688012,2.0,0.9254373383814127,5.773826504695409,0.8228768908844005,0.8951839150608859,1754.3968319912758,0.05,0.75
30.0,FW6_HEADYAW,True,-4.3996851450285937e-10,104.60648841183712,20.0,decoupled,0.2,0.2,0.4,0.4,point_sigma,0.13506781754545782,2.0,0.9364522850349178,1.7016296198048244,0.6753390877272891,0.12090031312622666,5643.230272397164,0.05,1.0
40.0,FW6_HEADYAW,True,6.668362713208731e-08,33.835203839326525,10.0,decoupled,0.2,0.2,0.4,0.4,point_sigma,0.14670040647901336,2.0,0.8738605223503974,10.34257168083738,0.7335020323950667,0.06602131507563594,25141.997721781394,0.05,0.75
40.0,FW6_HEADYAW,True,-1.6285743996512605e-09,64.76947419559605,10.0,decoupled,0.2,0.2,0.4,0.4,point_sigma,0.12290316337250236,2.0,0.8935559533732873,3.5165753567616007,0.6145158168625118,0.46372770289989457,1350.090878952701,0.05,1.0
30.0,FW6_HEADYAW,True,-1.545251420814285e-09,48.04607470425348,20.0,decoupled,0.2,0.2,0.4,0.4,point_sigma,0.16634238778127347,2.0,0.925257247366008,5.69418311251394,0.8317119389063673,0.852985260756126,1835.0233656622922,0.05,0.75
30.0,FW6_HEADYAW,True,-2.70723248515482e-10,104.68576178041936,20.0,decoupled,0.2,0.2,0.4,0.4,point_sigma,0.13591065733189736,2.0,0.9358661000909971,1.7125982999519809,0.6795532866594868,0.07362148935354264,9319.924699107907,0.05,1.0
40.0,FW6_HEADYAW,True,1.0234054895771751e-09,34.12217213425835,10.0,decoupled,0.2,0.2,0.4,0.4,point_sigma,0.14927585424518564,2.0,0.8728834961923926,10.28873260918472,0.7463792712259282,0.04262323314282289,38535.899871560505,0.05,0.75
40.0,FW6_HEADYAW,True,8.029469321088721e-10,64.7609282432248,10.0,decoupled,0.2,0.2,0.4,0.4,point_sigma,0.1237528575455976,2.0,0.8924832933338055,3.5488972382694643,0.618764287727988,0.4819270224685263,1295.7882105784947,0.05,1.0
30.0,FW6_HEADYAW,True,-9.368228397610345e-10,46.12715806425618,20.0,decoupled,0.2,0.2,0.4,0.4,point_sigma,0.1641452095572108,2.0,0.9252224297234907,5.877905402645947,0.820726047786054,0.7643413061968106,2015.141780300984,0.05,0.75
30.0,FW6_HEADYAW,True,-1.9938237332998384e-09,103.44318812367432,20.0,decoupled,0.2,0.2,0.4,0.4,point_sigma,0.13523635097937364,2.0,0.9377437896875607,1.7388984799469622,0.6761817548968682,0.14356094724454255,4722.126358161726,0.05,1.0
40.0,FW6_HEADYAW,True,-4.03222771129241e-09,32.232912063215046,10.0,decoupled,0.2,0.2,0.4,0.4,point_sigma,0.1467413186143485,2.0,0.8729623770238685,10.799889892813855,0.7337065930717425,0.19790661338738583,8444.059126000859,0.05,0.75
40.0,FW6_HEADYAW,True,6.452914881099472e-09,65.67169212222174,10.0,decoupled,0.2,0.2,0.4,0.4,point_sigma,0.12336003166440701,2.0,0.8957955696520434,3.5047860450467536,0.616800158322035,0.32588607114009543,1909.722899072218,0.05,1.0
30.0,FW6_HEADYAW,True,-3.969587879548991e-09,47.93918020370691,20.0,decoupled,0.2,0.2,0.4,0.4,point_sigma,0.16356271638590197,2.0,0.9255513231384971,5.64956435640101,0.8178135819295098,0.931054916584228,1638.0056642764478,0.05,0.75
30.0,FW6_HEADYAW,True,-2.6972216892949136e-10,104.46034942184822,20.0,decoupled,0.2,0.2,0.4,0.4,point_sigma,0.13436949369368625,2.0,0.9367206746200771,1.7040922023441245,0.6718474684684312,0.10189539756607391,6602.898034215959,0.05,1.0
40.0,FW6_HEADYAW,True,-3.1859496973419495e-09,34.26582387982658,10.0,decoupled,0.2,0.2,0.4,0.4,point_sigma,0.146563764839785,2.0,0.8738236392555162,10.141681711810916,0.732818824198925,0.07021602411387994,23201.61616932767,0.05,0.75
40.0,FW6_HEADYAW,True,9.950544227159444e-10,65.08945941449545,10.0,decoupled,0.2,0.2,0.4,0.4,point_sigma,0.1226720711504826,2.0,0.8940859824117118,3.5025406007481275,0.613360355752413,0.44428941299625313,1378.5968909546827,0.05,1.0
30.0,FW6_HEADYAW,True,-7.883392010539794e-09,46.515807047491364,20.0,decoupled,0.2,0.2,0.4,0.4,point_sigma,0.16315622449123243,2.0,0.9252540016462969,5.815264856441496,0.8157811224561621,0.8096201031905025,1923.834934406024,0.05,0.75
30.0,FW6_HEADYAW,True,1.7523480704964245e-09,100.652914869361,20.0,decoupled,0.2,0.2,0.4,0.4,point_sigma,0.13462093754034754,2.0,0.9367743476699353,1.772962153544372,0.6731046877017377,0.1358179355931929,5051.654093383036,0.05,1.0
40.0,FW6_HEADYAW,True,5.288608592745187e-08,32.5744870360528,10.0,decoupled,0.2,0.2,0.4,0.4,point_sigma,0.1452372340875784,2.0,0.8729708888654987,10.65194618942363,0.726186170437892,0.08697071973209738,19103.55222461511,0.05,0.75
40.0,FW6_HEADYAW,True,3.168106785578939e-10,63.26169599911836,10.0,decoupled,0.2,0.2,0.4,0.4,point_sigma,0.12278530074303509,2.0,0.8940681110358923,3.6090278776378844,0.6139265037151754,0.3918764920485078,1615.749006380672,0.05,1.0
30.0,FW6_HEADYAW,True,9.033407430599328e-09,47.32563562564458,20.0,decoupled,0.2,0.2,0.4,0.4,point_sigma,0.16789137562343526,2.0,0.9250026128070834,5.834560790217943,0.8394568781171763,0.8487192890882208,1849.1249896649067,0.05,0.75
30.0,FW6_HEADYAW,True,7.871626343634391e-10,107.14281289836853,20.0,decoupled,0.2,0.2,0.4,0.4,point_sigma,0.13762734583344033,2.0,0.9366341124215855,1.695890813357375,0.6881367291672016,0.1305562753838804,5267.227385905284,0.05,1.0
40.0,FW6_HEADYAW,True,-4.0156498651539515e-09,32.86258217289937,10.0,decoupled,0.2,0.2,0.4,0.4,point_sigma,0.1509052104542465,2.0,0.8722254263239456,10.783241003055617,0.7545260522712325,0.20017534656368907,8339.861511806057,0.05,0.75
40.0,FW6_HEADYAW,True,6.576977584851315e-10,66.45293915499172,10.0,decoupled,0.2,0.2,0.4,0.4,point_sigma,0.12530182818446567,2.0,0.8935529887436702,3.5023127445347275,0.6265091409223283,0.3976255955593527,1578.6066147777462,0.05,1.0
30.0,FW6_HEADYAW,True,-2.022361657748605e-08,46.690810313929006,20.0,decoupled,0.2,0.2,0.4,0.4,point_sigma,0.1672701468672144,2.0,0.9262845991206841,5.949234037895881,0.8363507343360719,0.6703016267030945,2358.7787494566987,0.05,0.75
30.0,FW6_HEADYAW,True,4.521651465676016e-10,103.88754292713189,20.0,decoupled,0.2,0.2,0.4,0.4,point_sigma,0.13808145489175966,2.0,0.9379843238227218,1.7638284157785418,0.6904072744587982,0.11023982854226252,6202.399520692819,0.05,1.0
40.0,FW6_HEADYAW,True,-9.747321890648663e-09,32.87742347506932,10.0,decoupled,0.2,0.2,0.4,0.4,point_sigma,0.1478870053554048,2.0,0.8743360903951263,10.83855623959864,0.739435026777024,0.07502736998110639,22116.088622283205,0.05,0.75
40.0,FW6_HEADYAW,True,-4.816985846316663e-10,65.91807246883423,10.0,decoupled,0.2,0.2,0.4,0.4,point_sigma,0.1258488087870217,2.0,0.8958693573090599,3.562512772135596,0.6292440439351085,0.442881575452746,1433.9570780613244,0.05,1.0
30.0,FW6_HEADYAW,True,6.3554467828860225e-09,46.058878467146904,20.0,decoupled,0.2,0.2,0.4,0.4,point_sigma,0.16479883098737136,2.0,0.9253465119396342,5.916105602829744,0.8239941549368568,0.7523401033299472,2109.219146683221,0.05,0.75
30.0,FW6_HEADYAW,True,7.38373720688459e-10,103.22741478983647,20.0,decoupled,0.2,0.2,0.4,0.4,point_sigma,0.13544069619751428,2.0,0.9371000359223636,1.7346233237765483,0.6772034809875713,0.1213259578225021,5658.074617402572,0.05,1.0
40.0,FW6_HEADYAW,True,-1.4825622904733038e-09,32.54090479563797,10.0,decoupled,0.2,0.2,0.4,0.4,point_sigma,0.146914430709033,2.0,0.8733966662246476,10.745787287834688,0.734572153545165,0.1439794775932642,11771.90432333646,0.05,0.75
40.0,FW6_HEADYAW,True,8.378809520220618e-10,65.2541196535099,10.0,decoupled,0.2,0.2,0.4,0.4,point_sigma,0.12324592438174573,2.0,0.8946810346933859,3.5145548081733455,0.6162296219087285,0.44618875422673737,1419.5257283150738,0.05,1.0
30.0,FW6_HEADYAW,True,1.815908394521592e-08,50.51786888870037,20.0,decoupled,0.2,0.2,0.4,0.4,point_sigma,0.16568597823477563,2.0,0.9259158442814358,5.420741439651517,0.8284298911738781,1.0613898341123928,1458.8721175843232,0.15,0.75
30.0,FW6_HEADYAW,True,1.857133432323916e-09,104.95229965049184,20.0,decoupled,0.2,0.2,0.4,0.4,point_sigma,0.13543838122940993,2.0,0.9364103394999805,1.7051042843386477,0.6771919061470496,0.10713564336685578,6450.922545170854,0.15,1.0
40.0,FW6_HEADYAW,True,-8.293458778746475e-08,35.362059855822615,10.0,decoupled,0.2,0.2,0.4,0.4,point_sigma,0.14823548635345776,2.0,0.8740262383561977,9.923094161873276,0.7411774317672888,0.2572932424976883,6302.104582219491,0.15,0.75
40.0,FW6_HEADYAW,True,1.5431928067967077e-08,64.88602911192746,10.0,decoupled,0.2,0.2,0.4,0.4,point_sigma,0.12287724692240228,2.0,0.8933982143178166,3.5224147086384514,0.6143862346120114,0.45413338815992066,1363.4936674712676,0.15,1.0
30.0,FW6_HEADYAW,True,6.085904434566835e-08,43.74842818294822,20.0,decoupled,0.2,0.2,0.4,0.4,point_sigma,0.15844120166561965,2.0,0.9251526891346752,5.918857567547799,0.7922060083280982,0.7553738595165506,2060.6472673350613,0.15,0.75
30.0,FW6_HEADYAW,True,5.384134405728533e-10,107.60646979655591,20.0,decoupled,0.2,0.2,0.4,0.4,point_sigma,0.12897724434829552,2.0,0.9376766853210797,1.5810854759804,0.6448862217414776,0.10358861798954654,6487.426640012762,0.15,1.0
40.0,FW6_HEADYAW,True,1.4858240288130117e-08,30.203197455736433,10.0,decoupled,0.2,0.2,0.4,0.4,point_sigma,0.14310900659923645,2.0,0.8721061675125458,11.014486030105962,0.7155450329961822,0.014670615120502158,113340.2595790588,0.15,0.75
40.0,FW6_HEADYAW,True,1.4356810734962656e-08,66.12929751407614,10.0,decoupled,0.2,0.2,0.4,0.4,point_sigma,0.11720020871443207,2.0,0.8953512003935283,3.295206952044639,0.5860010435721603,0.44163492362429757,1360.1787115558175,0.15,1.0
30.0,FW6_HEADYAW,True,3.029353497322752e-09,48.99623112445474,20.0,decoupled,0.2,0.2,0.4,0.4,point_sigma,0.1629077797533911,2.0,0.9266366942939477,5.547109248170198,0.8145388987669555,0.6656596541497376,2338.390385269565,0.15,0.75
30.0,FW6_HEADYAW,True,1.0092854170688177e-09,96.60349443131058,20.0,decoupled,0.2,0.2,0.4,0.4,point_sigma,0.13510993271553368,2.0,0.9368196406390021,1.8640086669544436,0.6755496635776683,0.07905394866508533,8797.721611927964,0.15,1.0
40.0,FW6_HEADYAW,True,-8.29716738501893e-08,34.03316318738993,10.0,decoupled,0.2,0.2,0.4,0.4,point_sigma,0.14418533099318942,2.0,0.8743446711778635,10.244005912920361,0.7209266549659471,0.13539688989535736,12029.08071762932,0.15,0.75
40.0,FW6_HEADYAW,True,1.4612239491153651e-09,60.69913625419123,10.0,decoupled,0.2,0.2,0.4,0.4,point_sigma,0.12345335996871135,2.0,0.89374520257193,3.7968693640935705,0.6172667998435567,0.4640894745189523,1373.4680669942247,0.15,1.0
30.0,FW6_HEADYAW,True,-9.465968035679724e-09,47.335619769876715,20.0,decoupled,0.2,0.2,0.4,0.4,point_sigma,0.16160393789983382,2.0,0.9248054704496185,5.668910232692302,0.808019689499169,0.8865817461239649,1750.138405681338,0.15,0.75
30.0,FW6_HEADYAW,True,2.0677251140316487e-09,102.00978417427623,20.0,decoupled,0.2,0.2,0.4,0.4,point_sigma,0.13440917417842624,2.0,0.9364621913616874,1.7421274688160173,0.6720458708921312,0.1209840987713975,5763.56300558613,0.15,1.0
40.0,FW6_HEADYAW,True,4.0961620287911843e-08,33.44768790561166,10.0,decoupled,0.2,0.2,0.4,0.4,point_sigma,0.14557022005227876,2.0,0.8726219356948738,10.309523998859632,0.7278511002613938,0.5999666126727983,2702.784426009759,0.15,0.75
40.0,FW6_HEADYAW,True,1.752314595158402e-08,63.702297367298385,10.0,decoupled,0.2,0.2,0.4,0.4,point_sigma,0.12278570676082987,2.0,0.8936017356041268,3.5731744089664903,0.6139285338041492,0.36106944046127604,1721.6005950279603,0.15,1.0
30.0,FW6_HEADYAW,True,-1.2727220148090668e-09,42.883604738355686,20.0,decoupled,0.2,0.2,0.4,0.4,point_sigma,0.15764387911459238,2.0,0.9258155441652098,6.24146473718222,0.7882193955729618,0.20625163306515748,8349.364981764857,0.15,0.75
30.0,FW6_HEADYAW,True,-2.5205714956550862e-08,106.26747729160182,20.0,decoupled,0.2,0.2,0.4,0.4,point_sigma,0.1331701982294677,2.0,0.9392145707530513,1.626536156021271,0.6658509911473385,0.14691475746453297,4707.9520253887395,0.15,1.0
40.0,FW6_HEADYAW,True,6.009133279102873e-10,30.31696576612529,10.0,decoupled,0.2,0.2,0.4,0.4,point_sigma,0.1416490014755694,2.0,0.8760380620154318,11.384812578237,0.708245007377847,0.9322358984601264,1931.5475029621964,0.15,0.75
40.0,FW6_HEADYAW,True,6.874200419834079e-10,67.47874781080858,10.0,decoupled,0.2,0.2,0.4,0.4,point_sigma,0.12013290585663147,2.0,0.8985851546539569,3.2944355485557106,0.6006645292831573,0.19361206033462902,3214.1977951769204,0.15,1.0
30.0,FW6_HEADYAW,True,-1.4340504826249463e-09,43.06578361173126,20.0,decoupled,0.2,0.2,0.4,0.4,point_sigma,0.16106394886295644,2.0,0.9246479262781114,6.176826964973858,0.8053197443147821,0.1406239085702799,11766.132766257324,0.15,0.75
30.0,FW6_HEADYAW,True,3.6280149925185633e-10,97.46530610730524,20.0,decoupled,0.2,0.2,0.4,0.4,point_sigma,0.13277154333748936,2.0,0.9365904077789832,1.7881256116472957,0.6638577166874468,0.015467913270042842,44738.245367045565,0.15,1.0
40.0,FW6_HEADYAW,True,-1.9342233191238936e-09,30.35909170806552,10.0,decoupled,0.2,0.2,0.4,0.4,point_sigma,0.14243796717629764,2.0,0.8721704900425692,11.238663341305914,0.7121898358814882,0.37120501774172016,4704.440979758331,0.15,0.75
40.0,FW6_HEADYAW,True,-1.0070848707985802e-09,62.7712961098846,10.0,decoupled,0.2,0.2,0.4,0.4,point_sigma,0.12046524538112854,2.0,0.8943584529356966,3.5598536698422465,0.6023262269056426,0.5014684339031524,1302.9982889884911,0.15,1.0
30.0,FW6_HEADYAW,True,5.753232290055549e-08,52.431318229082024,20.0,decoupled,0.2,0.2,0.4,0.4,point_sigma,0.16875391062647238,2.0,0.9263753225818268,5.2660821236942645,0.8437695531323619,0.46786334694567044,3325.4530028961126,0.15,0.75
30.0,FW6_HEADYAW,True,-7.222320081106966e-10,103.28420556915964,20.0,decoupled,0.2,0.2,0.4,0.4,point_sigma,0.13744522309265048,2.0,0.935468032670454,1.7356261363839567,0.6872261154632523,0.07226439473701726,9250.380889597902,0.15,1.0
40.0,FW6_HEADYAW,True,-9.635191435353666e-09,36.621776914526954,10.0,decoupled,0.2,0.2,0.4,0.4,point_sigma,0.15136602254890735,2.0,0.87448878192203,9.68507239343273,0.7568301127445367,0.39308159644244484,3997.0727270755997,0.15,0.75
40.0,FW6_HEADYAW,True,-1.207012550228701e-09,65.11474609279777,10.0,decoupled,0.2,0.2,0.4,0.4,point_sigma,0.12379018109421591,2.0,0.8920419769476347,3.5317102827916247,0.6189509054710796,0.4582579619348457,1241.5418894999439,0.15,1.0
30.0,FW6_HEADYAW,True,-3.934230845863167e-10,43.621876244907554,20.0,decoupled,0.2,0.2,0.4,0.4,point_sigma,0.16095010441038346,2.0,0.9258163719989253,6.328390598562064,0.8047505220519172,0.5419442403864518,2959.155006860967,0.15,0.75
30.0,FW6_HEADYAW,True,-8.182139921492322e-10,102.6825034743209,20.0,decoupled,0.2,0.2,0.4,0.4,point_sigma,0.13674150077056121,2.0,0.9383884015543892,1.7538745293300986,0.683707503852806,0.14730221254542158,4686.379370961399,0.15,1.0
40.0,FW6_HEADYAW,True,-1.1366407105407777e-08,31.394367131535667,10.0,decoupled,0.2,0.2,0.4,0.4,point_sigma,0.14331771999376164,2.0,0.8745980633071799,11.287222964924487,0.7165885999688082,0.259001892563792,6551.288433213011,0.15,0.75
40.0,FW6_HEADYAW,True,2.001240786817011e-09,65.04803308801834,10.0,decoupled,0.2,0.2,0.4,0.4,point_sigma,0.12432236550920212,2.0,0.8966638757318025,3.5474667182677715,0.6216118275460105,0.30013134862191776,2137.537357052252,0.15,1.0
30.0,FW6_HEADYAW,True,6.170737262468035e-10,53.97705785072215,20.0,decoupled,0.2,0.2,0.4,0.4,point_sigma,0.17088878033826216,2.0,0.9262138748618866,5.261877381113221,0.8544439016913108,0.48671712371152137,3163.8845618031173,0.15,0.75
30.0,FW6_HEADYAW,True,4.371476805558694e-09,108.1745390080542,20.0,decoupled,0.2,0.2,0.4,0.4,point_sigma,0.1398254451812426,2.0,0.9352983292445206,1.696141164172026,0.6991272259062129,0.10650911010822056,6319.488165777071,0.15,1.0
40.0,FW6_HEADYAW,True,-2.4116635386064153e-10,37.03339897513411,10.0,decoupled,0.2,0.2,0.4,0.4,point_sigma,0.15045349545123227,2.0,0.8745946234235267,9.878862191353678,0.7522674772561613,0.2961850390613721,5258.109320758729,0.15,0.75
40.0,FW6_HEADYAW,True,5.149752572572789e-09,66.01989136600032,10.0,decoupled,0.2,0.2,0.4,0.4,point_sigma,0.12699202784645944,2.0,0.8913665350071478,3.5676766529384545,0.6349601392322971,0.4431501081024916,1329.415184258549,0.15,1.0
30.0,FW6_HEADYAW,True,-2.8137679471957866e-09,49.77507642259123,20.0,decoupled,0.2,0.2,0.4,0.4,point_sigma,0.17093163818563428,2.0,0.9255199306497558,5.665281770913026,0.8546581909281714,0.8517076968333425,1798.6251775912688,0.15,0.75
30.0,FW6_HEADYAW,True,5.121125592592941e-09,112.55339217278596,20.0,decoupled,0.2,0.2,0.4,0.4,point_sigma,0.1405234872559075,2.0,0.9367324126959046,1.654805647277611,0.7026174362795374,0.10242001419837313,6628.710963633413,0.15,1.0
40.0,FW6_HEADYAW,True,1.0075395310902955e-08,35.044342929411386,10.0,decoupled,0.2,0.2,0.4,0.4,point_sigma,0.15202985961214488,2.0,0.8730552431396066,10.317560178655823,0.7601492980607244,0.023587030825061788,70630.12953863396,0.15,0.75
40.0,FW6_HEADYAW,True,9.999728324753596e-09,70.04650623489091,10.0,decoupled,0.2,0.2,0.4,0.4,point_sigma,0.12840594635333347,2.0,0.8940085814392662,3.406781034857713,0.6420297317666673,0.5070150498288349,1220.0285242615319,0.15,1.0
30.0,FW6_HEADYAW,True,-9.359218283767093e-09,46.933940154738025,20.0,decoupled,0.2,0.2,0.4,0.4,point_sigma,0.16908559257990405,2.0,0.9248811526352367,5.970817894879986,0.8454279628995202,0.913728531766799,1601.7752280097643,0.15,0.75
30.0,FW6_HEADYAW,True,-4.622780779897165e-09,105.40561088489447,20.0,decoupled,0.2,0.2,0.4,0.4,point_sigma,0.1398759926759138,2.0,0.9376830829698508,1.7700961550193806,0.699379963379569,0.11854659408604805,5570.636426286798,0.15,1.0
40.0,FW6_HEADYAW,True,-1.045092101672734e-09,32.91769779432646,10.0,decoupled,0.2,0.2,0.4,0.4,point_sigma,0.1513465103967833,2.0,0.8722856711460742,10.921806814370663,0.7567325519839164,0.2027353086404011,8023.785439247508,0.15,0.75
40.0,FW6_HEADYAW,True,8.873412807902988e-09,66.47898774178368,10.0,decoupled,0.2,0.2,0.4,0.4,point_sigma,0.12756684124172643,2.0,0.8955386412140481,3.594220375795808,0.6378342062086321,0.33223481103487096,1873.2120265110145,0.15,1.0
30.0,FW6_HEADYAW,True,2.3269510549429754e-09,45.14977057206853,20.0,decoupled,0.2,0.2,0.4,0.4,point_sigma,0.16598027676935895,2.0,0.9240299411617041,6.263454460135893,0.8299013838467947,0.23479850600122532,7495.935969735226,0.15,0.75
30.0,FW6_HEADYAW,True,5.139796243711802e-10,107.0565640764519,20.0,decoupled,0.2,0.2,0.4,0.4,point_sigma,0.1414375710659659,2.0,0.9373901229326965,1.700291153435693,0.7071878553298295,0.008935750083511823,84232.824104823,0.15,1.0
40.0,FW6_HEADYAW,True,-2.4525257148765176e-11,31.19354195702866,10.0,decoupled,0.2,0.2,0.4,0.4,point_sigma,0.14879331068962828,2.0,0.8727590290967744,11.650863877473443,0.7439665534481413,1.2589190755747683,1477.976402734883,0.15,0.75
40.0,FW6_HEADYAW,True,-3.328456437691598e-09,66.31505913687151,10.0,decoupled,0.2,0.2,0.4,0.4,point_sigma,0.1279080758030986,2.0,0.8952631232271908,3.5202697718346605,0.639540379015493,0.3683812516359998,1867.2287700775532,0.15,1.0
30.0,FW6_HEADYAW,True,2.2218933581208836e-09,51.424583612571226,20.0,decoupled,0.2,0.2,0.4,0.4,point_sigma,0.18055639358191522,2.0,0.924009104041806,5.86051851448734,0.9027819679095761,0.6137111185661197,2734.6443287857824,0.25,0.75
30.0,FW6_HEADYAW,True,-1.0816175916346611e-09,128.6959671841217,20.0,decoupled,0.2,0.2,0.4,0.4,point_sigma,0.14792646633564174,2.0,0.9358942144212234,1.5223687995002713,0.7396323316782086,0.014307918179144025,45993.939434023516,0.25,1.0
40.0,FW6_HEADYAW,True,8.72453024812501e-09,35.92206277450894,10.0,decoupled,0.2,0.2,0.4,0.4,point_sigma,0.15961365187464546,2.0,0.8719467376617824,10.780011327116233,0.7980682593732272,1.87768109047155,961.4876904262965,0.25,0.75
40.0,FW6_HEADYAW,True,2.2998726075236654e-09,76.90642389928124,10.0,decoupled,0.2,0.2,0.4,0.4,point_sigma,0.13410589801225423,2.0,0.8926360328196173,3.2689113611742346,0.670529490061271,0.4536289678661717,1302.2144478100336,0.25,1.0
30.0,FW6_HEADYAW,True,-6.750337693457835e-10,58.824439973852634,20.0,decoupled,0.2,0.2,0.4,0.4,point_sigma,0.17531329461623876,2.0,0.9277047160504132,5.079442885506286,0.8765664730811937,1.8525947334244162,745.4798367178764,0.25,0.75
30.0,FW6_HEADYAW,True,1.82359885647057e-10,107.09775877389829,20.0,decoupled,0.2,0.2,0.4,0.4,point_sigma,0.14687632750883575,2.0,0.9385017463338693,1.8333773258600534,0.7343816375441787,0.3868900918365189,1685.3564869720915,0.25,1.0
40.0,FW6_HEADYAW,True,-3.203341765478862e-09,41.32586492296871,10.0,decoupled,0.2,0.2,0.4,0.4,point_sigma,0.15575396310102177,2.0,0.8785186684202559,9.270597253307646,0.7787698155051088,1.3521397438755245,1079.8361023436546,0.25,0.75
40.0,FW6_HEADYAW,True,2.644445950326719e-09,66.546815813492,10.0,decoupled,0.2,0.2,0.4,0.4,point_sigma,0.1346356906127,2.0,0.8958850738424939,3.769256709810564,0.6731784530635,0.10448423024587075,5637.613140805568,0.25,1.0
30.0,FW6_HEADYAW,True,2.5892899239918505e-08,56.045764664607255,20.0,decoupled,0.2,0.2,0.4,0.4,point_sigma,0.17549233750261709,2.0,0.9264267717699034,5.142199543177141,0.8774616875130854,0.5643385064225734,2662.428159111875,0.25,0.75
30.0,FW6_HEADYAW,True,6.403840115072496e-10,107.40417397885652,20.0,decoupled,0.2,0.2,0.4,0.4,point_sigma,0.14107766023677515,2.0,0.9362773236467975,1.7188173984841746,0.7053883011838757,0.06939972622374889,9175.704575754418,0.25,1.0
40.0,FW6_HEADYAW,True,5.906650797892496e-08,38.43287601032194,10.0,decoupled,0.2,0.2,0.4,0.4,point_sigma,0.1572160452688879,2.0,0.8761234294203792,9.656294886848169,0.7860802263444395,0.45974171099089267,3385.7609471752157,0.25,0.75
40.0,FW6_HEADYAW,True,2.825247761749194e-09,67.47028022299848,10.0,decoupled,0.2,0.2,0.4,0.4,point_sigma,0.12814530114751996,2.0,0.8932942727066262,3.513465379934819,0.6407265057375997,0.5027410331302952,1103.1035760376806,0.25,1.0
30.0,FW6_HEADYAW,True,3.0815527607549316e-09,50.00481680538277,20.0,decoupled,0.2,0.2,0.4,0.4,point_sigma,0.17005008525041615,2.0,0.9264986310167723,5.808132882072131,0.8502504262520807,0.1733123136694732,9927.566856474208,0.25,0.75
30.0,FW6_HEADYAW,True,3.124235009441502e-10,111.9013828090176,20.0,decoupled,0.2,0.2,0.4,0.4,point_sigma,0.14525424790981506,2.0,0.9374225977008697,1.680242242730457,0.7262712395490752,0.11637054260214572,6236.816174760923,0.25,1.0
40.0,FW6_HEADYAW,True,-1.9614932359350276e-08,35.22186725832912,10.0,decoupled,0.2,0.2,0.4,0.4,point_sigma,0.1524503280488812,2.0,0.8753666568888689,10.604744090861713,0.762251640244406,0.09076248226878507,19200.895653977277,0.25,0.75
40.0,FW6_HEADYAW,True,-2.0279141110837698e-09,70.79311388528687,10.0,decoupled,0.2,0.2,0.4,0.4,point_sigma,0.13164659174774196,2.0,0.8950948706803864,3.415100457084541,0.6582329587387098,0.49918253051484407,1320.9503098976454,0.25,1.0
30.0,FW6_HEADYAW,True,-3.4433559634061434e-09,46.964368299826496,20.0,decoupled,0.2,0.2,0.4,0.4,point_sigma,0.16255469130271005,2.0,0.930670737083431,5.926120998608223,0.8127734565135503,0.05534001328683193,29108.321733681783,0.25,0.75
30.0,FW6_HEADYAW,True,-4.94870056706277e-10,124.89251812517755,20.0,decoupled,0.2,0.2,0.4,0.4,point_sigma,0.13700619035134898,2.0,0.9445410766894339,1.4425786148314992,0.6850309517567449,0.23491102195057115,2744.4280905336573,0.25,1.0
40.0,FW6_HEADYAW,True,6.76527834907401e-09,33.11194763842895,10.0,decoupled,0.2,0.2,0.4,0.4,point_sigma,0.14647613331228737,2.0,0.8836392068094672,10.836908158652369,0.7323806665614369,0.9987000925326003,1772.0725205431413,0.25,0.75
40.0,FW6_HEADYAW,True,-4.882572859541792e-10,78.6265300913403,10.0,decoupled,0.2,0.2,0.4,0.4,point_sigma,0.12426935746696995,2.0,0.9062644007637974,2.94717271518294,0.6213467873348497,0.11227686298495984,5235.29855526026,0.25,1.0
30.0,FW6_HEADYAW,True,-3.3248147025813222e-09,43.827654512910485,20.0,decoupled,0.2,0.2,0.4,0.4,point_sigma,0.16759572456343533,2.0,0.9217666549097665,6.290255092210696,0.8379786228171766,1.3533997935269324,1104.7353583585516,0.25,0.75
30.0,FW6_HEADYAW,True,-6.337481817337112e-10,104.31444462502085,20.0,decoupled,0.2,0.2,0.4,0.4,point_sigma,0.1391266349769341,2.0,0.9376005124892713,1.7711972363445752,0.6956331748846704,0.2564293742843513,2652.0706094798143,0.25,1.0
40.0,FW6_HEADYAW,True,8.38235742896779e-09,31.32861759244966,10.0,decoupled,0.2,0.2,0.4,0.4,point_sigma,0.15187245229829377,2.0,0.870131472046827,11.293501837196203,0.7593622614914688,0.8035971622501078,1985.6823533467714,0.25,0.75
40.0,FW6_HEADYAW,True,-7.848145898698486e-10,65.8898013701034,10.0,decoupled,0.2,0.2,0.4,0.4,point_sigma,0.1265082059233514,2.0,0.8955257053065,3.5776026445751037,0.632541029616757,0.44020908260888103,1388.080874511329,0.25,1.0
30.0,FW6_HEADYAW,True,-1.7868276686595001e-09,58.216562959233656,20.0,decoupled,0.2,0.2,0.4,0.4,point_sigma,0.17706383029086062,2.0,0.927897995587549,5.20334359392613,0.8853191514543031,0.4098584254204648,3856.969068749904,0.25,0.75
30.0,FW6_HEADYAW,True,-5.386961123701684e-10,130.05868686004501,20.0,decoupled,0.2,0.2,0.4,0.4,point_sigma,0.14954178283923408,2.0,0.9382936874854135,1.4985345634038707,0.7477089141961704,0.02986170461738459,23991.866785356113,0.25,1.0
40.0,FW6_HEADYAW,True,-2.91896996168655e-10,39.19395849673475,10.0,decoupled,0.2,0.2,0.4,0.4,point_sigma,0.15884725051081652,2.0,0.8776132291649286,9.930490990968254,0.7942362525540826,0.45328658830522206,3463.4210470329576,0.25,0.75
40.0,FW6_HEADYAW,True,-4.939110797128823e-09,73.95303949321537,10.0,decoupled,0.2,0.2,0.4,0.4,point_sigma,0.13580212760139035,2.0,0.8950097965259249,3.375859764802444,0.6790106380069517,0.6996675925458005,924.5456930808375,0.25,1.0
30.0,FW6_HEADYAW,True,4.198202850227107e-08,53.22828778990495,20.0,decoupled,0.2,0.2,0.4,0.4,point_sigma,0.18396948347933584,2.0,0.9248465990399753,5.75829883065887,0.9198474173966792,0.5441948039753302,2819.8669972417165,0.25,0.75
30.0,FW6_HEADYAW,True,2.605907964390096e-11,114.32613015518454,20.0,decoupled,0.2,0.2,0.4,0.4,point_sigma,0.15152309441078263,2.0,0.9352836905728801,1.7445582453945636,0.7576154720539131,0.0334186925803098,19701.478115801317,0.25,1.0
40.0,FW6_HEADYAW,True,3.6456726369713783e-09,38.0191783785736,10.0,decoupled,0.2,0.2,0.4,0.4,point_sigma,0.16560459049376933,2.0,0.8721773870870722,10.371701523204171,0.8280229524688466,0.26904713797101326,6043.478926202565,0.25,0.75
40.0,FW6_HEADYAW,True,-6.136514494095488e-10,68.97837798895092,10.0,decoupled,0.2,0.2,0.4,0.4,point_sigma,0.1380814295853952,2.0,0.8910525085087865,3.7077483557212383,0.690407147926976,0.4356049291847866,1375.1493604838665,0.25,1.0
30.0,FW6_HEADYAW,True,-1.0231404301014086e-08,43.34011383523492,20.0,decoupled,0.2,0.2,0.4,0.4,point_sigma,0.1618556742186819,2.0,0.9253140763323676,6.4773266813720065,0.8092783710934095,1.0981592547648213,1534.7874488329248,0.25,0.75
30.0,FW6_HEADYAW,True,-9.010582975066476e-10,103.89657845120902,20.0,decoupled,0.2,0.2,0.4,0.4,point_sigma,0.13813027355325375,2.0,0.9382372680884149,1.7334113177946393,0.6906513677662687,0.299972971529329,2587.3458423119814,0.25,1.0
40.0,FW6_HEADYAW,True,-1.280002304474937e-09,30.258887442579276,10.0,decoupled,0.2,0.2,0.4,0.4,point_sigma,0.14401347269462078,2.0,0.8737276108356392,11.918448527519544,0.7200673634731038,1.0955874095342593,1560.2421488366354,0.25,0.75
40.0,FW6_HEADYAW,True,-7.634965245480042e-09,62.15200259351606,10.0,decoupled,0.2,0.2,0.4,0.4,point_sigma,0.12433034795333381,2.0,0.8954546511874011,3.706067320291801,0.621651739766669,0.11067255093660315,6255.897616237967,0.25,1.0
30.0,FW6_HEADYAW,True,-2.2405449259116557e-09,46.93151355067503,20.0,decoupled,0.2,0.2,0.4,0.4,point_sigma,0.16894438242088716,2.0,0.9223810792328833,5.969289013964462,0.8447219121044358,1.4969710457298835,912.282158766762,0.25,0.75
30.0,FW6_HEADYAW,True,2.7183548848758977e-09,103.16247900421881,20.0,decoupled,0.2,0.2,0.4,0.4,point_sigma,0.144131286118318,2.0,0.9361744004482906,1.8422314468900296,0.7206564305915899,0.07605442575101833,8065.5971511752,0.25,1.0
40.0,FW6_HEADYAW,True,6.193009891763654e-09,33.18887126000739,10.0,decoupled,0.2,0.2,0.4,0.4,point_sigma,0.1533606924634009,2.0,0.870047344178314,10.80189608565084,0.7668034623170045,0.5770705776555358,2693.9135781337764,0.25,0.75
40.0,FW6_HEADYAW,True,-7.434693668574988e-10,66.95120315534878,10.0,decoupled,0.2,0.2,0.4,0.4,point_sigma,0.12811491189740495,2.0,0.893931860050059,3.632634621458714,0.6405745594870247,0.4914230252474354,1205.232833337772,0.25,1.0
30.0,FW6_HEADYAW,True,-5.316404493786768e-10,48.46223295158103,20.0,decoupled,0.2,0.2,0.4,0.4,point_sigma,0.1698150611127177,2.0,0.9251851697878132,6.074919455594525,0.8490753055635886,0.16269509236424579,10452.199139118113,0.25,0.75
30.0,FW6_HEADYAW,True,-3.837982490370059e-09,105.7005148477019,20.0,decoupled,0.2,0.2,0.4,0.4,point_sigma,0.14436845142905508,2.0,0.9352278684513572,1.7502132240870618,0.7218422571452754,0.0714382923098507,10588.402735788319,0.25,1.0
40.0,FW6_HEADYAW,True,-4.213413574692672e-09,33.748796343499436,10.0,decoupled,0.2,0.2,0.4,0.4,point_sigma,0.14954054857507476,2.0,0.8731079096155246,11.202353301993645,0.7477027428753737,0.799523067249887,2211.5116347860276,0.25,0.75
40.0,FW6_HEADYAW,True,-7.568702364385102e-10,62.27641727568453,10.0,decoupled,0.2,0.2,0.4,0.4,point_sigma,0.13010736120604935,2.0,0.8910817635666106,3.809707339238054,0.6505368060302467,0.3819720864759342,1806.253021288849,0.25,1.0
30.0,FW6_HEADYAW,True,-2.170833925972674e-09,48.64226340683685,20.0,decoupled,0.2,0.2,0.4,0.4,point_sigma,0.166356364589948,2.0,0.9270758050918458,5.622846441597075,0.83178182294974,0.6824417000667835,2201.821954944879,0.25,0.75
30.0,FW6_HEADYAW,True,7.195461887099347e-09,110.48252097313198,20.0,decoupled,0.2,0.2,0.4,0.4,point_sigma,0.1368041354213987,2.0,0.9402394084496164,1.6485940984940153,0.6840206771069934,0.22953596760410577,2828.958384788244,0.25,1.0
40.0,FW6_HEADYAW,True,-1.4897304655866523e-09,34.22902339005146,10.0,decoupled,0.2,0.2,0.4,0.4,point_sigma,0.1494019460806309,2.0,0.8764999303612651,10.261739385864345,0.7470097304031544,0.04538082352036447,36048.048820372205,0.25,0.75
40.0,FW6_HEADYAW,True,-3.9989519530762685e-09,71.09172564607607,10.0,decoupled,0.2,0.2,0.4,0.4,point_sigma,0.12464558882504724,2.0,0.8996623397175403,3.276942468510449,0.6232279441252362,0.30525880890879725,1908.4175869926053,0.25,1.0
30.0,FW6_HEADYAW,True,2.8438214059502706e-09,25.64331544321916,20.0,decoupled,0.2,0.2,0.8,0.8,lr_asym,0.2748643166671188,4.0,0.8408318969259921,19.29058583365884,1.374321583335594,0.49761648398674957,6941.894238707073,0.0,0.75
30.0,FW6_HEADYAW,True,2.895223145296073e-10,45.8623690627984,20.0,decoupled,0.2,0.2,0.8,0.8,lr_asym,0.22697142514519508,4.0,0.8901753872907393,7.399933459470854,1.1348571257259754,0.2099919698288717,8680.078782896258,0.0,1.0
40.0,FW6_HEADYAW,True,8.070816531947748e-11,18.344220418426865,10.0,decoupled,0.2,0.2,0.8,0.8,lr_asym,0.23020183995271246,4.0,0.7528328462597774,32.74595775213718,1.1510091997635623,0.32255823225351665,12917.123952232152,0.0,0.75
40.0,FW6_HEADYAW,True,-2.533202869787851e-09,30.26188313826502,10.0,decoupled,0.2,0.2,0.8,0.8,lr_asym,0.20254029647471525,4.0,0.8187356721340258,13.762889767401031,1.0127014823735763,0.45950618830707163,4318.224134047159,0.0,1.0
30.0,FW6_HEADYAW,True,1.3304147232101422,24.43166373025421,20.0,decoupled,0.2,0.2,0.8400000000000001,0.76,lr_asym,0.2768978148429288,4.0,0.8413818635895999,19.605618292191647,1.3844890742146438,0.06029603423890073,56237.796367897776,0.05,0.75
30.0,FW6_HEADYAW,True,0.30100850698069337,42.06312621088292,20.0,decoupled,0.2,0.2,0.8400000000000001,0.76,lr_asym,0.23435022808605263,4.0,0.8897738986921693,7.71222315035565,1.1717511404302632,0.13812178644574197,12916.870414044955,0.05,1.0
40.0,FW6_HEADYAW,True,1.5258724036162048,17.907479353844177,10.0,decoupled,0.2,0.2,0.8400000000000001,0.76,lr_asym,0.2308042569479855,4.0,0.7537295948644336,33.20879622689362,1.1540212847399274,0.22379928736776722,19132.99026021036,0.05,0.75
40.0,FW6_HEADYAW,True,0.39487367957051417,28.879184525525766,10.0,decoupled,0.2,0.2,0.8400000000000001,0.76,lr_asym,0.20359270827758538,4.0,0.8185941330980433,14.275847110305625,1.0179635413879269,0.42243953301751075,4763.342330917286,0.05,1.0
30.0,FW6_HEADYAW,True,2.5011790157451017,21.81339175631963,20.0,decoupled,0.2,0.2,0.8800000000000001,0.7200000000000001,lr_asym,0.2716518806146865,4.0,0.8428194932778144,19.926358298581373,1.3582594030734323,0.14195320765369734,23103.633957469854,0.1,0.75
30.0,FW6_HEADYAW,True,0.5795697034540167,34.63886643024759,20.0,decoupled,0.2,0.2,0.8800000000000001,0.7200000000000001,lr_asym,0.23820962298208365,4.0,0.8892288360044562,8.115439376758527,1.1910481149104182,0.2188293179007762,7956.71566627926,0.1,1.0
40.0,FW6_HEADYAW,True,2.9650803060835718,16.82222859436328,10.0,decoupled,0.2,0.2,0.8800000000000001,0.7200000000000001,lr_asym,0.22966845521690699,4.0,0.75604857479026,33.65674658909996,1.1483422760845348,0.19888076456027015,22150.059266331406,0.1,0.75
40.0,FW6_HEADYAW,True,0.6880061144239774,25.892781520444302,10.0,decoupled,0.2,0.2,0.8800000000000001,0.7200000000000001,lr_asym,0.2064710401470879,4.0,0.818980363991699,14.846164873851816,1.0323552007354393,0.35262349062903475,6049.738982918225,0.1,1.0
30.0,FW6_HEADYAW,True,4.791731796814859,16.09827901682484,20.0,decoupled,0.2,0.2,0.96,0.6400000000000001,lr_asym,0.2689693308459079,4.0,0.8485254108333,20.760945072723864,1.3448466542295394,0.5819867067643312,5556.871402758252,0.2,0.75
30.0,FW6_HEADYAW,True,1.1125942644570277,22.634102053860826,20.0,decoupled,0.2,0.2,0.96,0.6400000000000001,lr_asym,0.24351434904562957,4.0,0.8888842213128731,9.039972730023411,1.2175717452281478,0.5409511539333454,3486.3884666727313,0.2,1.0
40.0,FW6_HEADYAW,True,5.792301417577717,13.805437664112576,10.0,decoupled,0.2,0.2,0.96,0.6400000000000001,lr_asym,0.2230722030999293,4.0,0.7640220334741424,34.86911189878023,1.1153610154996465,0.0696175749180723,66745.47964500764,0.2,0.75
40.0,FW6_HEADYAW,True,1.3056024692592902,19.12858326381432,10.0,decoupled,0.2,0.2,0.96,0.6400000000000001,lr_asym,0.2056343923540245,4.0,0.8194308402107634,16.23875069738535,1.0281719617701224,0.04878646524569685,44432.07601104078,0.2,1.0
30.0,FW6_HEADYAW,True,7.3150522777027644,11.543714863776147,20.0,decoupled,0.2,0.2,1.04,0.5599999999999999,lr_asym,0.251370766235842,4.0,0.8580289238370455,22.252122344792593,1.25685383117921,0.5407332178539841,5932.030365441293,0.3,0.75
30.0,FW6_HEADYAW,True,1.9795350231606457,15.454617425125312,20.0,decoupled,0.2,0.2,1.04,0.5599999999999999,lr_asym,0.23627886765563694,4.0,0.8913190162038277,10.091683963181428,1.1813943382781846,0.5536932860387513,2896.0492742510496,0.3,1.0
40.0,FW6_HEADYAW,True,8.85277691991,10.613906445028547,10.0,decoupled,0.2,0.2,1.04,0.5599999999999999,lr_asym,0.21428251108004429,4.0,0.7761861039399165,37.06704191266132,1.0714125554002214,0.10744018770031616,46562.2429169748,0.3,0.75
40.0,FW6_HEADYAW,True,2.3151738786915796,14.128490491736319,10.0,decoupled,0.2,0.2,1.04,0.5599999999999999,lr_asym,0.19999611599796574,4.0,0.8237091638085833,17.726275589328985,0.9999805799898287,0.06564524422642437,34268.37652941882,0.3,1.0
30.0,FW6_HEADYAW,True,7.09850108735759e-10,25.626501984718935,20.0,decoupled,0.1,0.2,0.8,0.8,fb_ratio,0.2751862889347521,4.0,0.8407508136620215,19.302281352409285,1.3759314446737605,0.5502908408726872,6082.458157594669,0.5,0.75
30.0,FW6_HEADYAW,True,-1.910583846453916e-09,45.65690571436225,20.0,decoupled,0.1,0.2,0.8,0.8,fb_ratio,0.22784456020184796,4.0,0.8898598196758375,7.431946734350808,1.1392228010092398,0.05617845047015588,27027.86092787893,0.5,1.0
40.0,FW6_HEADYAW,True,1.6278396915198424e-10,18.344076652821382,10.0,decoupled,0.1,0.2,0.8,0.8,fb_ratio,0.23020183803548383,4.0,0.7528316458934593,32.74619413444483,1.151009190177419,0.3218104821070375,12947.709573558046,0.5,0.75
40.0,FW6_HEADYAW,True,-2.5367269243749127e-10,30.28135343348722,10.0,decoupled,0.1,0.2,0.8,0.8,fb_ratio,0.20250127228005627,4.0,0.8187695138715358,13.754553849432824,1.0125063614002812,0.4853255759106561,3928.4435276593213,0.5,1.0
30.0,FW6_HEADYAW,True,7.761892833861212e-09,25.636415194896962,20.0,decoupled,0.16000000000000003,0.2,0.8,0.8,fb_ratio,0.2749625713888225,4.0,0.8407985526150529,19.29537930462077,1.3748128569441125,0.5147481029860442,6647.175832734701,0.8,0.75
30.0,FW6_HEADYAW,True,-4.417456494311271e-10,45.77744625921288,20.0,decoupled,0.16000000000000003,0.2,0.8,0.8,fb_ratio,0.22728728514722532,4.0,0.8900461294860982,7.413136337378719,1.1364364257361266,0.15638323354207936,11035.76276496319,0.8,1.0
40.0,FW6_HEADYAW,True,-1.6927230070216982e-10,18.344162855069843,10.0,decoupled,0.16000000000000003,0.2,0.8,0.8,fb_ratio,0.23020183915764653,4.0,0.7528323656649412,32.74605239989626,1.1510091957882325,0.3222558565009929,12929.47487263766,0.8,0.75
40.0,FW6_HEADYAW,True,-1.1041671279722346e-08,30.265438887239583,10.0,decoupled,0.16000000000000003,0.2,0.8,0.8,fb_ratio,0.20252454171710413,4.0,0.8187380044776986,13.76139991690627,1.0126227085855206,0.46836265252448406,4187.119342032612,0.8,1.0
30.0,FW6_HEADYAW,True,2.8438214059502706e-09,25.64331544321916,20.0,decoupled,0.2,0.2,0.8,0.8,fb_ratio,0.2748643166671188,4.0,0.8408318969259921,19.29058583365884,1.374321583335594,0.49761648398674957,6941.894238707073,1.0,0.75
30.0,FW6_HEADYAW,True,2.895223145296073e-10,45.8623690627984,20.0,decoupled,0.2,0.2,0.8,0.8,fb_ratio,0.22697142514519508,4.0,0.8901753872907393,7.399933459470854,1.1348571257259754,0.2099919698288717,8680.078782896258,1.0,1.0
40.0,FW6_HEADYAW,True,8.070816531947748e-11,18.344220418426865,10.0,decoupled,0.2,0.2,0.8,0.8,fb_ratio,0.23020183995271246,4.0,0.7528328462597774,32.74595775213718,1.1510091997635623,0.32255823225351665,12917.123952232152,1.0,0.75
40.0,FW6_HEADYAW,True,-2.533202869787851e-09,30.26188313826502,10.0,decoupled,0.2,0.2,0.8,0.8,fb_ratio,0.20254029647471525,4.0,0.8187356721340258,13.762889767401031,1.0127014823735763,0.45950618830707163,4318.224134047159,1.0,1.0
30.0,FW6_HEADYAW,True,-8.330457137675669e-10,25.66183242157252,20.0,decoupled,0.30000000000000004,0.2,0.8,0.8,fb_ratio,0.2747018777575525,4.0,0.8409218834016826,19.27776917009585,1.3735093887877625,0.4685132545805319,7481.419184564339,1.5,0.75
30.0,FW6_HEADYAW,True,-6.147085862718002e-10,46.08990176905963,20.0,decoupled,0.30000000000000004,0.2,0.8,0.8,fb_ratio,0.22699152488342794,4.0,0.8905153785163805,7.364766638569162,1.1349576244171395,0.3069049315409174,6435.368882156976,1.5,1.0
40.0,FW6_HEADYAW,True,6.83214951125178e-11,18.344364662552373,10.0,decoupled,0.30000000000000004,0.2,0.8,0.8,fb_ratio,0.23020184202063163,4.0,0.7528340501507967,32.745720593673205,1.1510092101031582,0.3233342757203436,12885.532790968737,1.5,0.75
40.0,FW6_HEADYAW,True,-3.033446871197796e-09,30.26811564530126,10.0,decoupled,0.30000000000000004,0.2,0.8,0.8,fb_ratio,0.2025805699415537,4.0,0.8187700287346505,13.760015348213987,1.0129028497077686,0.4427518437356022,4558.426365366096,1.5,1.0
30.0,FW6_HEADYAW,True,1.3781224163980862e-10,25.741438219322507,20.0,decoupled,0.6000000000000001,0.2,0.8,0.8,fb_ratio,0.27447402794906955,4.0,0.8413182863244517,19.22357646377415,1.3723701397453476,0.4234257716324671,8398.612625117248,3.0,0.75
30.0,FW6_HEADYAW,True,-1.973955603343406e-10,46.902898178181374,20.0,decoupled,0.6000000000000001,0.2,0.8,0.8,fb_ratio,0.22705331271637982,4.0,0.8916756431782831,7.241626085666961,1.135266563581899,0.43869737959039595,4882.186112268585,3.0,1.0
40.0,FW6_HEADYAW,True,-1.5823975165084326e-10,18.34480029776989,10.0,decoupled,0.6000000000000001,0.2,0.8,0.8,fb_ratio,0.23020184780481853,4.0,0.7528376837162751,32.74500436299653,1.1510092390240927,0.3258565297282595,12783.917192136667,3.0,0.75
40.0,FW6_HEADYAW,True,-1.1819454060760815e-09,30.350531390445255,10.0,decoupled,0.6000000000000001,0.2,0.8,0.8,fb_ratio,0.20270986828665782,4.0,0.8190416231404387,13.723610373787336,1.013549341433289,0.41934184876884834,4887.302732840458,3.0,1.0
30.0,FW6_HEADYAW,True,2.8438214059502706e-09,25.64331544321916,20.0,decoupled,0.2,0.2,0.8,0.8,point_sigma,0.2748643166671188,4.0,0.8408318969259921,19.29058583365884,1.374321583335594,0.49761648398674957,6941.894238707073,0.0,0.75
30.0,FW6_HEADYAW,True,2.895223145296073e-10,45.8623690627984,20.0,decoupled,0.2,0.2,0.8,0.8,point_sigma,0.22697142514519508,4.0,0.8901753872907393,7.399933459470854,1.1348571257259754,0.2099919698288717,8680.078782896258,0.0,1.0
40.0,FW6_HEADYAW,True,8.070816531947748e-11,18.344220418426865,10.0,decoupled,0.2,0.2,0.8,0.8,point_sigma,0.23020183995271246,4.0,0.7528328462597774,32.74595775213718,1.1510091997635623,0.32255823225351665,12917.123952232152,0.0,0.75
40.0,FW6_HEADYAW,True,-2.533202869787851e-09,30.26188313826502,10.0,decoupled,0.2,0.2,0.8,0.8,point_sigma,0.20254029647471525,4.0,0.8187356721340258,13.762889767401031,1.0127014823735763,0.45950618830707163,4318.224134047159,0.0,1.0
30.0,FW6_HEADYAW,True,2.8438214059502706e-09,25.64331544321916,20.0,decoupled,0.2,0.2,0.8,0.8,point_sigma,0.2748643166671188,4.0,0.8408318969259921,19.29058583365884,1.374321583335594,0.49761648398674957,6941.894238707073,0.0,0.75
30.0,FW6_HEADYAW,True,2.895223145296073e-10,45.8623690627984,20.0,decoupled,0.2,0.2,0.8,0.8,point_sigma,0.22697142514519508,4.0,0.8901753872907393,7.399933459470854,1.1348571257259754,0.2099919698288717,8680.078782896258,0.0,1.0
40.0,FW6_HEADYAW,True,8.070816531947748e-11,18.344220418426865,10.0,decoupled,0.2,0.2,0.8,0.8,point_sigma,0.23020183995271246,4.0,0.7528328462597774,32.74595775213718,1.1510091997635623,0.32255823225351665,12917.123952232152,0.0,0.75
40.0,FW6_HEADYAW,True,-2.533202869787851e-09,30.26188313826502,10.0,decoupled,0.2,0.2,0.8,0.8,point_sigma,0.20254029647471525,4.0,0.8187356721340258,13.762889767401031,1.0127014823735763,0.45950618830707163,4318.224134047159,0.0,1.0
30.0,FW6_HEADYAW,True,2.8438214059502706e-09,25.64331544321916,20.0,decoupled,0.2,0.2,0.8,0.8,point_sigma,0.2748643166671188,4.0,0.8408318969259921,19.29058583365884,1.374321583335594,0.49761648398674957,6941.894238707073,0.0,0.75
30.0,FW6_HEADYAW,True,2.895223145296073e-10,45.8623690627984,20.0,decoupled,0.2,0.2,0.8,0.8,point_sigma,0.22697142514519508,4.0,0.8901753872907393,7.399933459470854,1.1348571257259754,0.2099919698288717,8680.078782896258,0.0,1.0
40.0,FW6_HEADYAW,True,8.070816531947748e-11,18.344220418426865,10.0,decoupled,0.2,0.2,0.8,0.8,point_sigma,0.23020183995271246,4.0,0.7528328462597774,32.74595775213718,1.1510091997635623,0.32255823225351665,12917.123952232152,0.0,0.75
40.0,FW6_HEADYAW,True,-2.533202869787851e-09,30.26188313826502,10.0,decoupled,0.2,0.2,0.8,0.8,point_sigma,0.20254029647471525,4.0,0.8187356721340258,13.762889767401031,1.0127014823735763,0.45950618830707163,4318.224134047159,0.0,1.0
30.0,FW6_HEADYAW,True,2.8438214059502706e-09,25.64331544321916,20.0,decoupled,0.2,0.2,0.8,0.8,point_sigma,0.2748643166671188,4.0,0.8408318969259921,19.29058583365884,1.374321583335594,0.49761648398674957,6941.894238707073,0.0,0.75
30.0,FW6_HEADYAW,True,2.895223145296073e-10,45.8623690627984,20.0,decoupled,0.2,0.2,0.8,0.8,point_sigma,0.22697142514519508,4.0,0.8901753872907393,7.399933459470854,1.1348571257259754,0.2099919698288717,8680.078782896258,0.0,1.0
40.0,FW6_HEADYAW,True,8.070816531947748e-11,18.344220418426865,10.0,decoupled,0.2,0.2,0.8,0.8,point_sigma,0.23020183995271246,4.0,0.7528328462597774,32.74595775213718,1.1510091997635623,0.32255823225351665,12917.123952232152,0.0,0.75
40.0,FW6_HEADYAW,True,-2.533202869787851e-09,30.26188313826502,10.0,decoupled,0.2,0.2,0.8,0.8,point_sigma,0.20254029647471525,4.0,0.8187356721340258,13.762889767401031,1.0127014823735763,0.45950618830707163,4318.224134047159,0.0,1.0
30.0,FW6_HEADYAW,True,2.8438214059502706e-09,25.64331544321916,20.0,decoupled,0.2,0.2,0.8,0.8,point_sigma,0.2748643166671188,4.0,0.8408318969259921,19.29058583365884,1.374321583335594,0.49761648398674957,6941.894238707073,0.0,0.75
30.0,FW6_HEADYAW,True,2.895223145296073e-10,45.8623690627984,20.0,decoupled,0.2,0.2,0.8,0.8,point_sigma,0.22697142514519508,4.0,0.8901753872907393,7.399933459470854,1.1348571257259754,0.2099919698288717,8680.078782896258,0.0,1.0
40.0,FW6_HEADYAW,True,8.070816531947748e-11,18.344220418426865,10.0,decoupled,0.2,0.2,0.8,0.8,point_sigma,0.23020183995271246,4.0,0.7528328462597774,32.74595775213718,1.1510091997635623,0.32255823225351665,12917.123952232152,0.0,0.75
40.0,FW6_HEADYAW,True,-2.533202869787851e-09,30.26188313826502,10.0,decoupled,0.2,0.2,0.8,0.8,point_sigma,0.20254029647471525,4.0,0.8187356721340258,13.762889767401031,1.0127014823735763,0.45950618830707163,4318.224134047159,0.0,1.0
30.0,FW6_HEADYAW,True,2.8438214059502706e-09,25.64331544321916,20.0,decoupled,0.2,0.2,0.8,0.8,point_sigma,0.2748643166671188,4.0,0.8408318969259921,19.29058583365884,1.374321583335594,0.49761648398674957,6941.894238707073,0.0,0.75
30.0,FW6_HEADYAW,True,2.895223145296073e-10,45.8623690627984,20.0,decoupled,0.2,0.2,0.8,0.8,point_sigma,0.22697142514519508,4.0,0.8901753872907393,7.399933459470854,1.1348571257259754,0.2099919698288717,8680.078782896258,0.0,1.0
40.0,FW6_HEADYAW,True,8.070816531947748e-11,18.344220418426865,10.0,decoupled,0.2,0.2,0.8,0.8,point_sigma,0.23020183995271246,4.0,0.7528328462597774,32.74595775213718,1.1510091997635623,0.32255823225351665,12917.123952232152,0.0,0.75
40.0,FW6_HEADYAW,True,-2.533202869787851e-09,30.26188313826502,10.0,decoupled,0.2,0.2,0.8,0.8,point_sigma,0.20254029647471525,4.0,0.8187356721340258,13.762889767401031,1.0127014823735763,0.45950618830707163,4318.224134047159,0.0,1.0
30.0,FW6_HEADYAW,True,2.8438214059502706e-09,25.64331544321916,20.0,decoupled,0.2,0.2,0.8,0.8,point_sigma,0.2748643166671188,4.0,0.8408318969259921,19.29058583365884,1.374321583335594,0.49761648398674957,6941.894238707073,0.0,0.75
30.0,FW6_HEADYAW,True,2.895223145296073e-10,45.8623690627984,20.0,decoupled,0.2,0.2,0.8,0.8,point_sigma,0.22697142514519508,4.0,0.8901753872907393,7.399933459470854,1.1348571257259754,0.2099919698288717,8680.078782896258,0.0,1.0
40.0,FW6_HEADYAW,True,8.070816531947748e-11,18.344220418426865,10.0,decoupled,0.2,0.2,0.8,0.8,point_sigma,0.23020183995271246,4.0,0.7528328462597774,32.74595775213718,1.1510091997635623,0.32255823225351665,12917.123952232152,0.0,0.75
40.0,FW6_HEADYAW,True,-2.533202869787851e-09,30.26188313826502,10.0,decoupled,0.2,0.2,0.8,0.8,point_sigma,0.20254029647471525,4.0,0.8187356721340258,13.762889767401031,1.0127014823735763,0.45950618830707163,4318.224134047159,0.0,1.0
30.0,FW6_HEADYAW,True,2.8438214059502706e-09,25.64331544321916,20.0,decoupled,0.2,0.2,0.8,0.8,point_sigma,0.2748643166671188,4.0,0.8408318969259921,19.29058583365884,1.374321583335594,0.49761648398674957,6941.894238707073,0.0,0.75
30.0,FW6_HEADYAW,True,2.895223145296073e-10,45.8623690627984,20.0,decoupled,0.2,0.2,0.8,0.8,point_sigma,0.22697142514519508,4.0,0.8901753872907393,7.399933459470854,1.1348571257259754,0.2099919698288717,8680.078782896258,0.0,1.0
40.0,FW6_HEADYAW,True,8.070816531947748e-11,18.344220418426865,10.0,decoupled,0.2,0.2,0.8,0.8,point_sigma,0.23020183995271246,4.0,0.7528328462597774,32.74595775213718,1.1510091997635623,0.32255823225351665,12917.123952232152,0.0,0.75
40.0,FW6_HEADYAW,True,-2.533202869787851e-09,30.26188313826502,10.0,decoupled,0.2,0.2,0.8,0.8,point_sigma,0.20254029647471525,4.0,0.8187356721340258,13.762889767401031,1.0127014823735763,0.45950618830707163,4318.224134047159,0.0,1.0
30.0,FW6_HEADYAW,True,2.8438214059502706e-09,25.64331544321916,20.0,decoupled,0.2,0.2,0.8,0.8,point_sigma,0.2748643166671188,4.0,0.8408318969259921,19.29058583365884,1.374321583335594,0.49761648398674957,6941.894238707073,0.0,0.75
30.0,FW6_HEADYAW,True,2.895223145296073e-10,45.8623690627984,20.0,decoupled,0.2,0.2,0.8,0.8,point_sigma,0.22697142514519508,4.0,0.8901753872907393,7.399933459470854,1.1348571257259754,0.2099919698288717,8680.078782896258,0.0,1.0
40.0,FW6_HEADYAW,True,8.070816531947748e-11,18.344220418426865,10.0,decoupled,0.2,0.2,0.8,0.8,point_sigma,0.23020183995271246,4.0,0.7528328462597774,32.74595775213718,1.1510091997635623,0.32255823225351665,12917.123952232152,0.0,0.75
40.0,FW6_HEADYAW,True,-2.533202869787851e-09,30.26188313826502,10.0,decoupled,0.2,0.2,0.8,0.8,point_sigma,0.20254029647471525,4.0,0.8187356721340258,13.762889767401031,1.0127014823735763,0.45950618830707163,4318.224134047159,0.0,1.0
30.0,FW6_HEADYAW,True,2.8438214059502706e-09,25.64331544321916,20.0,decoupled,0.2,0.2,0.8,0.8,point_sigma,0.2748643166671188,4.0,0.8408318969259921,19.29058583365884,1.374321583335594,0.49761648398674957,6941.894238707073,0.0,0.75
30.0,FW6_HEADYAW,True,2.895223145296073e-10,45.8623690627984,20.0,decoupled,0.2,0.2,0.8,0.8,point_sigma,0.22697142514519508,4.0,0.8901753872907393,7.399933459470854,1.1348571257259754,0.2099919698288717,8680.078782896258,0.0,1.0
40.0,FW6_HEADYAW,True,8.070816531947748e-11,18.344220418426865,10.0,decoupled,0.2,0.2,0.8,0.8,point_sigma,0.23020183995271246,4.0,0.7528328462597774,32.74595775213718,1.1510091997635623,0.32255823225351665,12917.123952232152,0.0,0.75
40.0,FW6_HEADYAW,True,-2.533202869787851e-09,30.26188313826502,10.0,decoupled,0.2,0.2,0.8,0.8,point_sigma,0.20254029647471525,4.0,0.8187356721340258,13.762889767401031,1.0127014823735763,0.45950618830707163,4318.224134047159,0.0,1.0
30.0,FW6_HEADYAW,True,2.8438214059502706e-09,25.64331544321916,20.0,decoupled,0.2,0.2,0.8,0.8,point_sigma,0.2748643166671188,4.0,0.8408318969259921,19.29058583365884,1.374321583335594,0.49761648398674957,6941.894238707073,0.0,0.75
30.0,FW6_HEADYAW,True,2.895223145296073e-10,45.8623690627984,20.0,decoupled,0.2,0.2,0.8,0.8,point_sigma,0.22697142514519508,4.0,0.8901753872907393,7.399933459470854,1.1348571257259754,0.2099919698288717,8680.078782896258,0.0,1.0
40.0,FW6_HEADYAW,True,8.070816531947748e-11,18.344220418426865,10.0,decoupled,0.2,0.2,0.8,0.8,point_sigma,0.23020183995271246,4.0,0.7528328462597774,32.74595775213718,1.1510091997635623,0.32255823225351665,12917.123952232152,0.0,0.75
40.0,FW6_HEADYAW,True,-2.533202869787851e-09,30.26188313826502,10.0,decoupled,0.2,0.2,0.8,0.8,point_sigma,0.20254029647471525,4.0,0.8187356721340258,13.762889767401031,1.0127014823735763,0.45950618830707163,4318.224134047159,0.0,1.0
30.0,FW6_HEADYAW,True,2.8438214059502706e-09,25.64331544321916,20.0,decoupled,0.2,0.2,0.8,0.8,point_sigma,0.2748643166671188,4.0,0.8408318969259921,19.29058583365884,1.374321583335594,0.49761648398674957,6941.894238707073,0.0,0.75
30.0,FW6_HEADYAW,True,2.895223145296073e-10,45.8623690627984,20.0,decoupled,0.2,0.2,0.8,0.8,point_sigma,0.22697142514519508,4.0,0.8901753872907393,7.399933459470854,1.1348571257259754,0.2099919698288717,8680.078782896258,0.0,1.0
40.0,FW6_HEADYAW,True,8.070816531947748e-11,18.344220418426865,10.0,decoupled,0.2,0.2,0.8,0.8,point_sigma,0.23020183995271246,4.0,0.7528328462597774,32.74595775213718,1.1510091997635623,0.32255823225351665,12917.123952232152,0.0,0.75
40.0,FW6_HEADYAW,True,-2.533202869787851e-09,30.26188313826502,10.0,decoupled,0.2,0.2,0.8,0.8,point_sigma,0.20254029647471525,4.0,0.8187356721340258,13.762889767401031,1.0127014823735763,0.45950618830707163,4318.224134047159,0.0,1.0
30.0,FW6_HEADYAW,True,3.382122334401267e-12,26.178151016574926,20.0,decoupled,0.2,0.2,0.8,0.8,point_sigma,0.27808635954886496,4.0,0.8427050571384005,19.09343069154426,1.3904317977443248,0.1998179417147681,17446.687824595618,0.05,0.75
30.0,FW6_HEADYAW,True,-1.5012603738762927e-09,47.930008352791944,20.0,decoupled,0.2,0.2,0.8,0.8,point_sigma,0.2285372718716921,4.0,0.8932551966992212,7.130207233656379,1.1426863593584604,0.2008918768670066,8996.257087961307,0.05,1.0
40.0,FW6_HEADYAW,True,-1.0574149222444633e-08,18.76314390533988,10.0,decoupled,0.2,0.2,0.8,0.8,point_sigma,0.2315355302915695,4.0,0.75566387043444,32.39473442720628,1.1576776514578475,0.6123847304016041,6773.236556182803,0.05,0.75
40.0,FW6_HEADYAW,True,1.7381115101728586e-09,31.64719916714529,10.0,decoupled,0.2,0.2,0.8,0.8,point_sigma,0.20486463119701073,4.0,0.8233810419008802,13.275361667067791,1.0243231559850536,0.5271910501579482,3675.851326514832,0.05,1.0
30.0,FW6_HEADYAW,True,1.3936833994479472e-08,25.89866635722213,20.0,decoupled,0.2,0.2,0.8,0.8,point_sigma,0.2756823404366861,4.0,0.8431161726430241,18.915692843039064,1.3784117021834303,0.671064486041512,5075.304191098706,0.05,0.75
30.0,FW6_HEADYAW,True,-3.828366083290654e-10,45.51543051120509,20.0,decoupled,0.2,0.2,0.8,0.8,point_sigma,0.22884817102507982,4.0,0.890251449952422,7.400112582774846,1.144240855125399,0.21371114054393486,8479.42891268565,0.05,1.0
40.0,FW6_HEADYAW,True,6.050149712275027e-09,18.49402011726449,10.0,decoupled,0.2,0.2,0.8,0.8,point_sigma,0.2315858077098414,4.0,0.755819267397355,32.16495053527851,1.157929038549207,0.08361152221159503,48966.34259577985,0.05,0.75
40.0,FW6_HEADYAW,True,-3.811874112128595e-09,30.061916825255494,10.0,decoupled,0.2,0.2,0.8,0.8,point_sigma,0.20075059961332106,4.0,0.8187873059649858,13.744552523859747,1.0037529980666053,0.43771132654190054,4523.63897572639,0.05,1.0
30.0,FW6_HEADYAW,True,-1.5627154490008659e-09,25.439811075197582,20.0,decoupled,0.2,0.2,0.8,0.8,point_sigma,0.27599252511546307,4.0,0.8388814441294012,19.480374386375388,1.3799626255773152,0.4387798597708353,7979.319946810681,0.05,0.75
30.0,FW6_HEADYAW,True,1.275786479244657e-09,45.56703009533713,20.0,decoupled,0.2,0.2,0.8,0.8,point_sigma,0.22826414396028072,4.0,0.8891740119846482,7.444169319443651,1.1413207198014035,0.20723786344133655,8819.922679830775,0.05,1.0
40.0,FW6_HEADYAW,True,5.016304847094618e-09,18.18879447103191,10.0,decoupled,0.2,0.2,0.8,0.8,point_sigma,0.23080927358159617,4.0,0.7502911076457541,33.049000192177374,1.1540463679079809,0.3004723776835934,13977.860940238777,0.05,0.75
40.0,FW6_HEADYAW,True,-6.469856503179623e-09,29.908526352545387,10.0,decoupled,0.2,0.2,0.8,0.8,point_sigma,0.20186846806673941,4.0,0.8167600841720433,13.889326897667313,1.009342340333697,0.42774914323359114,4671.005757715537,0.05,1.0
30.0,FW6_HEADYAW,True,-2.637861804566754e-09,25.5268191496498,20.0,decoupled,0.2,0.2,0.8,0.8,point_sigma,0.27387272192424883,4.0,0.8401301380988295,19.388063478575543,1.369363609621244,0.6490584509594307,5249.79812817001,0.05,0.75
30.0,FW6_HEADYAW,True,-2.8235823438041126e-09,44.50056788241693,20.0,decoupled,0.2,0.2,0.8,0.8,point_sigma,0.23109124620854302,4.0,0.887557733990164,7.684636221763504,1.155456231042715,0.20569719624817678,8899.880349891757,0.05,1.0
40.0,FW6_HEADYAW,True,7.055082540262262e-10,18.24424812358892,10.0,decoupled,0.2,0.2,0.8,0.8,point_sigma,0.23009144795745154,4.0,0.7521083801325297,32.95834532692535,1.1504572397872577,0.10493692123948671,39723.16828441352,0.05,0.75
40.0,FW6_HEADYAW,True,-4.7238977694689236e-09,29.478611121676742,10.0,decoupled,0.2,0.2,0.8,0.8,point_sigma,0.20451005276770828,4.0,0.8151135354779789,14.237216510951162,1.0225502638385413,0.4499827536405643,4505.389417098558,0.05,1.0
30.0,FW6_HEADYAW,True,-1.1915729450968716e-09,25.245167784917673,20.0,decoupled,0.2,0.2,0.8,0.8,point_sigma,0.27066421217104386,4.0,0.8410669573416484,19.326575522671586,1.3533210608552193,0.49638869439928335,6954.502567967563,0.05,0.75
30.0,FW6_HEADYAW,True,-4.718193842217054e-10,45.471480329818334,20.0,decoupled,0.2,0.2,0.8,0.8,point_sigma,0.22452387994779693,4.0,0.8905597384282473,7.377523648580533,1.1226193997389846,0.18932903670506998,9659.033098024403,0.05,1.0
40.0,FW6_HEADYAW,True,6.075704674001916e-09,18.05746911999234,10.0,decoupled,0.2,0.2,0.8,0.8,point_sigma,0.22606975002889837,4.0,0.753246525254696,32.816925866560304,1.1303487501444918,0.3527022010182876,11834.044538336411,0.05,0.75
40.0,FW6_HEADYAW,True,2.9851942785559777e-09,29.9776707166019,10.0,decoupled,0.2,0.2,0.8,0.8,point_sigma,0.2008340381882178,4.0,0.8190553444594547,13.735753906128496,1.004170190941089,0.4404991113954601,4503.364297690219,0.05,1.0
30.0,FW6_HEADYAW,True,3.9060244942399434e-09,25.494084500912923,20.0,decoupled,0.2,0.2,0.8,0.8,point_sigma,0.2759351252929361,4.0,0.8391897498596635,19.447971794619637,1.3796756264646806,0.5444763970123283,6316.185097622053,0.05,0.75
30.0,FW6_HEADYAW,True,-4.583608670870925e-10,45.55807693538833,20.0,decoupled,0.2,0.2,0.8,0.8,point_sigma,0.2270628223181587,4.0,0.8897408315261826,7.458420930344217,1.1353141115907934,0.20955505024237644,8708.357651398517,0.05,1.0
40.0,FW6_HEADYAW,True,1.0542672067900858e-09,18.240146891822967,10.0,decoupled,0.2,0.2,0.8,0.8,point_sigma,0.22979881871107105,4.0,0.750818310602425,33.002445359803076,1.148994093555355,0.35096491228094295,11936.83198818071,0.05,0.75
40.0,FW6_HEADYAW,True,-1.9657465917105488e-09,30.075422280551592,10.0,decoupled,0.2,0.2,0.8,0.8,point_sigma,0.20266302081932966,4.0,0.8182785839969411,13.86185353298472,1.0133151040966482,0.459720921349763,4333.2794661707285,0.05,1.0
30.0,FW6_HEADYAW,True,-1.1437950502412617e-10,25.505436854197452,20.0,decoupled,0.2,0.2,0.8,0.8,point_sigma,0.2747362047873495,4.0,0.8412930462939051,19.315983613464073,1.3736810239367474,0.43259432936534814,8073.571755038784,0.05,0.75
30.0,FW6_HEADYAW,True,-6.136388464616234e-09,45.91684740255118,20.0,decoupled,0.2,0.2,0.8,0.8,point_sigma,0.22571818543077202,4.0,0.8907784820829512,7.357018891446313,1.1285909271538601,0.23808698133840347,7702.177846325271,0.05,1.0
40.0,FW6_HEADYAW,True,2.2414004951209695e-10,18.200611931323866,10.0,decoupled,0.2,0.2,0.8,0.8,point_sigma,0.22883199778807062,4.0,0.7527654416810061,32.884089546002215,1.144159988940353,0.3328464493096601,12592.800089114407,0.05,0.75
40.0,FW6_HEADYAW,True,9.198621343527951e-10,30.21568746677156,10.0,decoupled,0.2,0.2,0.8,0.8,point_sigma,0.20166874222018508,4.0,0.8193380450317247,13.712140389358687,1.0083437111009252,0.43387157750805044,4567.266342257606,0.05,1.0
30.0,FW6_HEADYAW,True,2.5411598224622025e-10,25.357591652553236,20.0,decoupled,0.2,0.2,0.8,0.8,point_sigma,0.274211618427853,4.0,0.8390193263839965,19.548233258800384,1.371058092139265,0.7723421583754201,4414.664606816763,0.05,0.75
30.0,FW6_HEADYAW,True,-5.910607646457837e-10,44.80780337997589,20.0,decoupled,0.2,0.2,0.8,0.8,point_sigma,0.22986676722526458,4.0,0.8883516923133016,7.620314774431111,1.1493338361263228,0.23336074907158622,7853.24066622535,0.05,1.0
40.0,FW6_HEADYAW,True,8.729469649545323e-10,18.14066875025667,10.0,decoupled,0.2,0.2,0.8,0.8,point_sigma,0.22919874816319208,4.0,0.7509139680770532,33.1702537014577,1.1459937408159604,0.15914920677840552,26358.955361833767,0.05,0.75
40.0,FW6_HEADYAW,True,-2.715184269427814e-09,29.601053888776967,10.0,decoupled,0.2,0.2,0.8,0.8,point_sigma,0.2036804857648498,4.0,0.8159839253096935,14.148015421694396,1.0184024288242488,0.4232658907071295,4764.352659015056,0.05,1.0
30.0,FW6_HEADYAW,True,-2.6027472881753916e-10,25.327882976907944,20.0,decoupled,0.2,0.2,0.8,0.8,point_sigma,0.2775953390848287,4.0,0.8382309085217216,19.724529149770575,1.3879766954241435,0.7995649142493665,4303.543100479835,0.05,0.75
30.0,FW6_HEADYAW,True,-2.527352239451299e-10,44.61042838824104,20.0,decoupled,0.2,0.2,0.8,0.8,point_sigma,0.23123043403594684,4.0,0.8872530649842024,7.69883300560524,1.1561521701797342,0.28448432472499136,6475.697088191466,0.05,1.0
40.0,FW6_HEADYAW,True,-1.251726855301258e-08,18.095340936521673,10.0,decoupled,0.2,0.2,0.8,0.8,point_sigma,0.23156904627773142,4.0,0.7498657323790097,33.4620432451277,1.1578452313886571,0.10834901534306132,39039.6531888321,0.05,0.75
40.0,FW6_HEADYAW,True,1.3552768896904691e-09,29.41091172298815,10.0,decoupled,0.2,0.2,0.8,0.8,point_sigma,0.20361582511857956,4.0,0.8141639608743241,14.279832565771402,1.0180791255928978,0.34937570957641934,5814.697833294667,0.05,1.0
30.0,FW6_HEADYAW,True,1.8392233313432596e-10,26.09757623751711,20.0,decoupled,0.2,0.2,0.8,0.8,point_sigma,0.27877588272035414,4.0,0.8418570299013555,19.217803367568468,1.3938794136017707,0.3470201681777847,10033.65521536791,0.05,0.75
30.0,FW6_HEADYAW,True,2.970789148834294e-10,46.913925480804174,20.0,decoupled,0.2,0.2,0.8,0.8,point_sigma,0.22972880678127197,4.0,0.891418391377397,7.3196967514426206,1.1486440339063597,0.2212590036297408,8246.418066572625,0.05,1.0
40.0,FW6_HEADYAW,True,-6.536381780035784e-10,18.66000620085233,10.0,decoupled,0.2,0.2,0.8,0.8,point_sigma,0.23267516505799646,4.0,0.7540120387230965,32.657009824273565,1.1633758252899822,0.43748501243125854,9521.260779736605,0.05,0.75
40.0,FW6_HEADYAW,True,-1.024222494560976e-09,31.047030659528826,10.0,decoupled,0.2,0.2,0.8,0.8,point_sigma,0.20553679510747122,4.0,0.8208353162666316,13.582776732332018,1.0276839755373561,0.4624835872402719,4266.642210216848,0.05,1.0
30.0,FW6_HEADYAW,True,-1.680048496616066e-11,25.908075621283615,20.0,decoupled,0.2,0.2,0.8,0.8,point_sigma,0.2768843665814202,4.0,0.8422762133490068,19.264599212481993,1.3844218329071007,0.4132177391705909,8398.944912661944,0.05,0.75
30.0,FW6_HEADYAW,True,-1.3987272423326126e-09,46.67519606350652,20.0,decoupled,0.2,0.2,0.8,0.8,point_sigma,0.228829328372401,4.0,0.89158713084238,7.337611841341242,1.144146641862005,0.21493164888058866,8467.465734129155,0.05,1.0
40.0,FW6_HEADYAW,True,8.973982742069534e-10,18.560936863540633,10.0,decoupled,0.2,0.2,0.8,0.8,point_sigma,0.23155666111007056,4.0,0.7550068223814108,32.66567724653176,1.1577833055503528,0.4420939311611944,9427.61959040075,0.05,0.75
40.0,FW6_HEADYAW,True,-9.386850545270313e-10,30.90323889538678,10.0,decoupled,0.2,0.2,0.8,0.8,point_sigma,0.20472874507921998,4.0,0.8209979985763172,13.608780366222888,1.0236437253961,0.4963235191833682,3969.5308132417344,0.05,1.0
30.0,FW6_HEADYAW,True,4.1592499211753535e-09,25.96118716990323,20.0,decoupled,0.2,0.2,0.8,0.8,point_sigma,0.2770958334080772,4.0,0.8421727295942809,19.19351243289652,1.3854791670403859,0.5041354504829763,6960.038632707262,0.05,0.75
30.0,FW6_HEADYAW,True,-9.851402362044876e-10,45.75238603733142,20.0,decoupled,0.2,0.2,0.8,0.8,point_sigma,0.2290252310068822,4.0,0.889906036371275,7.444161875801017,1.145126155034411,0.2617998997092685,7042.56949329838,0.05,1.0
40.0,FW6_HEADYAW,True,5.272970043918032e-10,18.503889108383742,10.0,decoupled,0.2,0.2,0.8,0.8,point_sigma,0.2324435841361354,4.0,0.75367979771937,32.68463518715039,1.1622179206806769,0.322338598370834,12963.131404190193,0.05,0.75
40.0,FW6_HEADYAW,True,-1.2552444692650897e-09,30.157478788296334,10.0,decoupled,0.2,0.2,0.8,0.8,point_sigma,0.20401655254340093,4.0,0.8180204749339399,13.845107408718993,1.0200827627170046,0.41206293746737893,4846.4520105365345,0.05,1.0
30.0,FW6_HEADYAW,True,9.81012114769549e-09,26.543812537653434,20.0,decoupled,0.2,0.2,0.8,0.8,point_sigma,0.26326994854092717,4.0,0.8523831210151969,17.947955901604253,1.3163497427046358,0.6670698805457013,5518.114018037153,0.15,0.75
30.0,FW6_HEADYAW,True,-1.7871854810611646e-09,48.359189587991125,20.0,decoupled,0.2,0.2,0.8,0.8,point_sigma,0.21539146543507892,4.0,0.8974057690238774,6.6526658101861,1.0769573271753945,0.2121255360746337,8594.659061428476,0.15,1.0
40.0,FW6_HEADYAW,True,3.220429295505025e-09,18.87105999661518,10.0,decoupled,0.2,0.2,0.8,0.8,point_sigma,0.22430234685756245,4.0,0.7666753660004724,30.809456020310883,1.1215117342878123,1.0031005069739352,4039.4992984604887,0.15,0.75
40.0,FW6_HEADYAW,True,-3.777737218732448e-09,31.88320088709472,10.0,decoupled,0.2,0.2,0.8,0.8,point_sigma,0.19461588188193102,4.0,0.8297316447700447,12.46674440409812,0.9730794094096551,0.4984243517414172,3757.5129670167285,0.15,1.0
30.0,FW6_HEADYAW,True,-4.987288646735627e-10,24.868511487997164,20.0,decoupled,0.2,0.2,0.8,0.8,point_sigma,0.27546744455072575,4.0,0.8381388036835992,19.906010149158355,1.3773372227536287,0.4685692773350955,7416.359815788026,0.15,0.75
30.0,FW6_HEADYAW,True,-2.2364654669633436e-09,44.75603385726715,20.0,decoupled,0.2,0.2,0.8,0.8,point_sigma,0.2292704754066604,4.0,0.8881294319357877,7.685740543137288,1.146352377033302,0.008471899145143316,221386.87773331764,0.15,1.0
40.0,FW6_HEADYAW,True,6.537272335346594e-10,17.783150401461388,10.0,decoupled,0.2,0.2,0.8,0.8,point_sigma,0.23101699169449966,4.0,0.75010528837576,33.72898837281315,1.1550849584724983,0.21403510135344037,19893.77838141538,0.15,0.75
40.0,FW6_HEADYAW,True,-3.086115266445491e-09,29.566487718736017,10.0,decoupled,0.2,0.2,0.8,0.8,point_sigma,0.20436294341504452,4.0,0.8158488209876414,14.234451649004807,1.0218147170752225,0.5417850802036364,3758.981453981062,0.15,1.0
30.0,FW6_HEADYAW,True,1.433408408148626e-10,29.66397844989773,20.0,decoupled,0.2,0.2,0.8,0.8,point_sigma,0.282328918284016,4.0,0.8580138093548126,17.083904900731078,1.41164459142008,0.5708630147832701,5903.980144561131,0.15,0.75
30.0,FW6_HEADYAW,True,-6.132860831905156e-10,51.44994296556217,20.0,decoupled,0.2,0.2,0.8,0.8,point_sigma,0.2332798745456537,4.0,0.8983465404244998,6.679586979824229,1.1663993727282684,0.2019606845122114,8771.36579539167,0.15,1.0
40.0,FW6_HEADYAW,True,-9.084856878265352e-11,21.05673032118164,10.0,decoupled,0.2,0.2,0.8,0.8,point_sigma,0.24154437839565399,4.0,0.7737320037484408,29.430888148184724,1.20772189197827,0.6035608966794473,6425.394768276774,0.15,0.75
40.0,FW6_HEADYAW,True,-5.276960447335263e-09,34.44838745602857,10.0,decoupled,0.2,0.2,0.8,0.8,point_sigma,0.21038138104187548,4.0,0.8323379334671405,12.353070868560451,1.0519069052093772,0.7043443708408921,2638.3103175176666,0.15,1.0
30.0,FW6_HEADYAW,True,-1.898246474844519e-10,26.101549762377317,20.0,decoupled,0.2,0.2,0.8,0.8,point_sigma,0.2845798587830906,4.0,0.8389632590027409,19.77542405620657,1.422899293915453,0.7255408121081517,5039.634388887249,0.15,0.75
30.0,FW6_HEADYAW,True,-1.7075237182318888e-09,49.353905537304875,20.0,decoupled,0.2,0.2,0.8,0.8,point_sigma,0.23268249177438247,4.0,0.8939592133298523,7.110865404772057,1.1634124588719124,0.26924804507519895,6610.135491990295,0.15,1.0
40.0,FW6_HEADYAW,True,7.455319565684279e-09,18.685098763302726,10.0,decoupled,0.2,0.2,0.8,0.8,point_sigma,0.23895490828262295,4.0,0.7508534352219648,33.53540271504917,1.1947745414131146,0.7283232167217711,5836.164538938177,0.15,0.75
40.0,FW6_HEADYAW,True,-5.979768808006261e-10,32.41720502817984,10.0,decoupled,0.2,0.2,0.8,0.8,point_sigma,0.20871574542885618,4.0,0.8236344014076142,13.267309454490551,1.043578727144281,0.3997948510619549,4806.966912208218,0.15,1.0
30.0,FW6_HEADYAW,True,-4.044905799822059e-09,26.55347775149016,20.0,decoupled,0.2,0.2,0.8,0.8,point_sigma,0.28497615429806905,4.0,0.8432477866635611,18.684547505909226,1.424880771490345,1.3690511834879793,2405.0072044013627,0.15,0.75
30.0,FW6_HEADYAW,True,-8.166809647927667e-10,45.781659774649306,20.0,decoupled,0.2,0.2,0.8,0.8,point_sigma,0.23801559561158556,4.0,0.8889097579769145,7.517173594690228,1.1900779780579278,0.2957707164857675,6142.598293136222,0.15,1.0
40.0,FW6_HEADYAW,True,4.506893691954025e-10,18.94343873865929,10.0,decoupled,0.2,0.2,0.8,0.8,point_sigma,0.2376696418505091,4.0,0.7562658886519826,31.775431924535475,1.1883482092525455,0.3501718206161776,11532.78930177634,0.15,0.75
40.0,FW6_HEADYAW,True,-1.9065477225631388e-10,30.076322521384718,10.0,decoupled,0.2,0.2,0.8,0.8,point_sigma,0.20860148144524612,4.0,0.8164062793201504,14.05137350339204,1.0430074072262305,0.3325639885174301,6089.164661285278,0.15,1.0
30.0,FW6_HEADYAW,True,-2.3565441284073173e-09,26.107840401519034,20.0,decoupled,0.2,0.2,0.8,0.8,point_sigma,0.2907844795698862,4.0,0.8328884958000629,19.766430530473087,1.453922397849431,0.13299660605016275,27180.63987456716,0.15,0.75
30.0,FW6_HEADYAW,True,8.49208099950759e-11,46.85007747675893,20.0,decoupled,0.2,0.2,0.8,0.8,point_sigma,0.23597901456975634,4.0,0.886543522111525,7.460036534460495,1.1798950728487816,0.19930122260359345,9277.465219889304,0.15,1.0
40.0,FW6_HEADYAW,True,1.4034380413851952e-08,18.612123681022908,10.0,decoupled,0.2,0.2,0.8,0.8,point_sigma,0.2425085770518123,4.0,0.7426163274779822,33.55137253235169,1.2125428852590614,0.5997131424447297,7146.405977143053,0.15,0.75
40.0,FW6_HEADYAW,True,-8.264055107313415e-10,30.022947782908698,10.0,decoupled,0.2,0.2,0.8,0.8,point_sigma,0.20771403667419386,4.0,0.8111112864923146,14.199884651105444,1.0385701833709693,0.4656569938879004,4358.675232800886,0.15,1.0
30.0,FW6_HEADYAW,True,1.0384794501914368e-08,27.556680579550374,20.0,decoupled,0.2,0.2,0.8,0.8,point_sigma,0.28517427773526405,4.0,0.8432914035371433,18.50059268804389,1.4258713886763201,0.15290995266858418,22495.179687943448,0.15,0.75
30.0,FW6_HEADYAW,True,-9.669717151559623e-10,48.207694022836215,20.0,decoupled,0.2,0.2,0.8,0.8,point_sigma,0.23156275061570297,4.0,0.8924411408839463,7.14975671364736,1.1578137530785149,0.24857309130185418,7120.4712317506355,0.15,1.0
40.0,FW6_HEADYAW,True,3.4662074536537885e-09,19.57960142927011,10.0,decoupled,0.2,0.2,0.8,0.8,point_sigma,0.23732321516663155,4.0,0.7551589778434422,31.690594200893685,1.1866160758331576,0.6283704391522722,6469.609029274856,0.15,0.75
40.0,FW6_HEADYAW,True,4.961697108629901e-10,31.58942627665363,10.0,decoupled,0.2,0.2,0.8,0.8,point_sigma,0.20717833718997397,4.0,0.8216763855030426,13.415531288439373,1.0358916859498697,0.4360198610809322,4476.618758214702,0.15,1.0
30.0,FW6_HEADYAW,True,-1.5531018249068073e-09,23.99821057224427,20.0,decoupled,0.2,0.2,0.8,0.8,point_sigma,0.27459120865543096,4.0,0.8320047829318173,20.27816783703739,1.3729560432771548,0.7071637911540208,5226.448680276634,0.15,0.75
30.0,FW6_HEADYAW,True,-3.9069257839228027e-10,45.79609144639384,20.0,decoupled,0.2,0.2,0.8,0.8,point_sigma,0.22262148355381414,4.0,0.8911167415584339,7.329295073408901,1.1131074177690707,0.027709544413903775,67179.28195704405,0.15,1.0
40.0,FW6_HEADYAW,True,3.460679649617405e-09,17.22505451401211,10.0,decoupled,0.2,0.2,0.8,0.8,point_sigma,0.2278121484686976,4.0,0.744256572635367,34.11560481875852,1.139060742343488,0.9308492191143621,4654.366142363509,0.15,0.75
40.0,FW6_HEADYAW,True,5.475754259021441e-10,30.156004612202153,10.0,decoupled,0.2,0.2,0.8,0.8,point_sigma,0.19693659378750084,4.0,0.8202733011322152,13.56110235050869,0.9846829689375042,0.5763932388557341,3450.272110159499,0.15,1.0
30.0,FW6_HEADYAW,True,6.160177820925576e-11,25.106149282993883,20.0,decoupled,0.2,0.2,0.8,0.8,point_sigma,0.2680060568936361,4.0,0.8419661398309927,19.180136101465074,1.3400302844681804,0.6053339944601132,5989.428042336971,0.15,0.75
30.0,FW6_HEADYAW,True,-7.715345813667329e-10,46.097255184755575,20.0,decoupled,0.2,0.2,0.8,0.8,point_sigma,0.21853567000979235,4.0,0.8931815030037795,7.111359983710281,1.0926783500489616,0.17650606997757076,10264.691625765008,0.15,1.0
40.0,FW6_HEADYAW,True,2.680619988996344e-09,17.96086684810249,10.0,decoupled,0.2,0.2,0.8,0.8,point_sigma,0.2231439643038148,4.0,0.7545761536480046,32.60042331648113,1.115719821519074,0.8514445543492895,4911.177692780591,0.15,0.75
40.0,FW6_HEADYAW,True,2.159429649592951e-10,30.43533482450717,10.0,decoupled,0.2,0.2,0.8,0.8,point_sigma,0.19626097636240158,4.0,0.8234728256454809,13.242465050308498,0.9813048818120079,0.570168930975383,3406.8047724589096,0.15,1.0
30.0,FW6_HEADYAW,True,5.620529132428309e-10,25.559115766910924,20.0,decoupled,0.2,0.2,0.8,0.8,point_sigma,0.28080074679471273,4.0,0.8401512775666912,19.717348346760062,1.4040037339735636,0.2754605457960184,13093.236993182294,0.15,0.75
30.0,FW6_HEADYAW,True,8.690969035126207e-10,46.27506805564242,20.0,decoupled,0.2,0.2,0.8,0.8,point_sigma,0.23146080112328526,4.0,0.8895188404185992,7.503962899533423,1.1573040056164263,0.0422983966892182,44033.080602109396,0.15,1.0
40.0,FW6_HEADYAW,True,-1.5491925256339535e-10,18.336295474847166,10.0,decoupled,0.2,0.2,0.8,0.8,point_sigma,0.23357041851827143,4.0,0.7526567854494897,33.36382572301316,1.1678520925913571,0.9366007305682341,4560.682530435507,0.15,0.75
40.0,FW6_HEADYAW,True,-1.1783410424833128e-09,30.7175916353107,10.0,decoupled,0.2,0.2,0.8,0.8,point_sigma,0.20781180170856087,4.0,0.8188934830133493,13.875717372506085,1.0390590085428042,0.6814525085664203,2938.8488963569903,0.15,1.0
30.0,FW6_HEADYAW,True,-1.923588736977085e-09,25.526312724009504,20.0,decoupled,0.2,0.2,0.8,0.8,point_sigma,0.2739245721592689,4.0,0.8448974950099285,19.195998096059427,1.3696228607963445,0.1651109014588614,21540.306848780943,0.15,0.75
30.0,FW6_HEADYAW,True,-4.869150918786016e-10,47.93008443394881,20.0,decoupled,0.2,0.2,0.8,0.8,point_sigma,0.22567830966335958,4.0,0.8937062220707321,7.074678727683484,1.1283915483167979,0.026441565217150277,69688.44032617008,0.15,1.0
40.0,FW6_HEADYAW,True,3.1083640415809986e-10,18.316880112110788,10.0,decoupled,0.2,0.2,0.8,0.8,point_sigma,0.22969286050698098,4.0,0.7590450753222896,32.51008460574429,1.1484643025349048,0.47688423699403026,8739.616249374889,0.15,0.75
40.0,FW6_HEADYAW,True,-1.5931760187545771e-09,31.42501515011933,10.0,decoupled,0.2,0.2,0.8,0.8,point_sigma,0.20118948841905607,4.0,0.8236797156726721,13.265511350566786,1.0059474420952803,0.5809157125371539,3336.212250646964,0.15,1.0
30.0,FW6_HEADYAW,True,1.6019801916822034e-09,27.596441668167145,20.0,decoupled,0.2,0.2,0.8,0.8,point_sigma,0.2881509737628327,4.0,0.8440565866318455,18.62045039238946,1.4407548688141636,0.015608300105196952,218639.7685605274,0.15,0.75
30.0,FW6_HEADYAW,True,2.7598806043664205e-09,48.651462674837255,20.0,decoupled,0.2,0.2,0.8,0.8,point_sigma,0.23656126678872394,4.0,0.8917943158487869,7.296831875886758,1.1828063339436197,0.1427826349638809,12559.51578613853,0.15,1.0
40.0,FW6_HEADYAW,True,-8.216390519718332e-10,19.803146847007213,10.0,decoupled,0.2,0.2,0.8,0.8,point_sigma,0.24025654240055833,4.0,0.75744957526677,31.589128542825286,1.2012827120027916,0.37341472632400396,10778.94763769104,0.15,0.75
40.0,FW6_HEADYAW,True,-4.3791824944132096e-10,32.20541805511264,10.0,decoupled,0.2,0.2,0.8,0.8,point_sigma,0.2121236249523023,4.0,0.8218086300399441,13.549996967646013,1.0606181247615114,0.512685258538844,3850.8086441046275,0.15,1.0
30.0,FW6_HEADYAW,True,-1.1861035837527597e-09,25.518972691116037,20.0,decoupled,0.2,0.2,0.8,0.8,point_sigma,0.2823892335912821,4.0,0.8422238218678635,19.303958790939337,1.4119461679564105,0.28054869093999696,11983.490539730125,0.25,0.75
30.0,FW6_HEADYAW,True,-1.1469994590828362e-10,43.89283196774207,20.0,decoupled,0.2,0.2,0.8,0.8,point_sigma,0.22876777999838419,4.0,0.8866952094934369,7.886482693945049,1.143838899991921,0.22103920614692885,8324.127354232789,0.25,1.0
40.0,FW6_HEADYAW,True,-2.0163826125167887e-08,18.23690854117552,10.0,decoupled,0.2,0.2,0.8,0.8,point_sigma,0.2351476012526332,4.0,0.7560037921372424,32.79715398543576,1.175738006263166,0.043591371565120836,94735.87001143483,0.25,0.75
40.0,FW6_HEADYAW,True,-8.682806936674901e-10,29.476164386293696,10.0,decoupled,0.2,0.2,0.8,0.8,point_sigma,0.2032788414671803,4.0,0.8154458408365587,14.378430289010138,1.0163942073359016,0.45694132811417826,4444.286995244605,0.25,1.0
30.0,FW6_HEADYAW,True,-3.8134413304478865e-10,23.761734576215307,20.0,decoupled,0.2,0.2,0.8,0.8,point_sigma,0.27120994284149946,4.0,0.8412342758934072,19.768998308304155,1.3560497142074972,0.29502989132840435,11839.64478522549,0.25,0.75
30.0,FW6_HEADYAW,True,-5.521419072860554e-10,41.180974460463155,20.0,decoupled,0.2,0.2,0.8,0.8,point_sigma,0.22140268035842808,4.0,0.8832777144890526,8.034719862831466,1.1070134017921403,0.207302872432112,9019.34249062767,0.25,1.0
40.0,FW6_HEADYAW,True,1.1338144696508292e-09,17.132362552210616,10.0,decoupled,0.2,0.2,0.8,0.8,point_sigma,0.22427486339003128,4.0,0.7551238629509358,33.24134301196383,1.1213743169501562,0.0003433935274009305,inf,0.25,0.75
40.0,FW6_HEADYAW,True,1.8879772589167437e-10,27.11656737231542,10.0,decoupled,0.2,0.2,0.8,0.8,point_sigma,0.1938260463702378,4.0,0.8089719332860476,14.93357210279698,0.9691302318511889,0.4529981187610475,4623.316732073363,0.25,1.0
30.0,FW6_HEADYAW,True,1.3495093513449703e-09,28.62302306784237,20.0,decoupled,0.2,0.2,0.8,0.8,point_sigma,0.302398028939909,4.0,0.8406850843536132,18.96767503477116,1.511990144699545,1.4038799935990065,2498.598062970545,0.25,0.75
30.0,FW6_HEADYAW,True,-1.0814243729377621e-10,47.15265235538405,20.0,decoupled,0.2,0.2,0.8,0.8,point_sigma,0.2509361698068181,4.0,0.883147937132624,7.721986907742398,1.2546808490340904,0.6045031886579685,3066.5186420695013,0.25,1.0
40.0,FW6_HEADYAW,True,8.285463420874346e-09,20.246463724530727,10.0,decoupled,0.2,0.2,0.8,0.8,point_sigma,0.2564654165683612,4.0,0.7496013619315554,32.586505969779346,1.2823270828418059,0.004232470584063589,996287.6831248329,0.25,0.75
40.0,FW6_HEADYAW,True,-3.5837138414991283e-09,30.2083524153005,10.0,decoupled,0.2,0.2,0.8,0.8,point_sigma,0.21766320183877033,4.0,0.806113749942507,14.687809247731357,1.0883160091938515,0.14007300292519315,14721.406819378606,0.25,1.0
30.0,FW6_HEADYAW,True,1.2148878819185392e-08,26.042546994372717,20.0,decoupled,0.2,0.2,0.8,0.8,point_sigma,0.30145470283299763,4.0,0.8318058214140266,20.676154641671655,1.507273514164988,0.8143915853128812,4320.245306662255,0.25,0.75
30.0,FW6_HEADYAW,True,1.9914247999313444e-12,46.22566010369229,20.0,decoupled,0.2,0.2,0.8,0.8,point_sigma,0.24473690407677307,4.0,0.8835242087863476,7.986033963194546,1.2236845203838653,0.4239555017716248,4317.344992084573,0.25,1.0
40.0,FW6_HEADYAW,True,7.186566670793964e-10,18.71523678492495,10.0,decoupled,0.2,0.2,0.8,0.8,point_sigma,0.24994602317803066,4.0,0.74044837952572,34.91933910525789,1.2497301158901533,0.25330762439278703,17170.208439383943,0.25,0.75
40.0,FW6_HEADYAW,True,-1.665265676025959e-09,30.651191944497405,10.0,decoupled,0.2,0.2,0.8,0.8,point_sigma,0.2174984158121506,4.0,0.8095429789918878,14.740228063288477,1.087492079060753,0.10636227844839452,19343.82629427804,0.25,1.0
30.0,FW6_HEADYAW,True,-7.67898889310352e-09,27.775572513458993,20.0,decoupled,0.2,0.2,0.8,0.8,point_sigma,0.27172618557382683,4.0,0.8492716039547296,18.589796550199164,1.358630927869134,1.7889094189181582,2200.536267031699,0.25,0.75
30.0,FW6_HEADYAW,True,-5.813592777286497e-10,53.09048670102799,20.0,decoupled,0.2,0.2,0.8,0.8,point_sigma,0.23718313036997185,4.0,0.9018495123997659,6.5674718063780055,1.1859156518498593,0.08834011878985994,21080.367225134913,0.25,1.0
40.0,FW6_HEADYAW,True,1.1703248519780193e-09,19.64140699255569,10.0,decoupled,0.2,0.2,0.8,0.8,point_sigma,0.23081311702485877,4.0,0.765122702996768,31.987854172902544,1.1540655851242938,1.900817163176498,2232.1094121424535,0.25,0.75
40.0,FW6_HEADYAW,True,3.1191023893242896e-10,36.297317634976274,10.0,decoupled,0.2,0.2,0.8,0.8,point_sigma,0.2132149212196378,4.0,0.8401142581739799,11.86947904402435,1.066074606098189,0.8502795745445818,2231.332556814234,0.25,1.0
30.0,FW6_HEADYAW,True,-1.216844439887775e-09,24.424193858595498,20.0,decoupled,0.2,0.2,0.8,0.8,point_sigma,0.3038755994857388,4.0,0.8139926277984791,22.44065036633237,1.5193779974286938,1.0784135057803395,3652.611824427713,0.25,0.75
30.0,FW6_HEADYAW,True,4.525404122630808e-09,45.90659959230539,20.0,decoupled,0.2,0.2,0.8,0.8,point_sigma,0.24693613843352397,4.0,0.8786251879616452,8.199891146997476,1.2346806921676197,0.012810938031266915,149658.75148090796,0.25,1.0
40.0,FW6_HEADYAW,True,1.2604530251253212e-09,17.573963526122643,10.0,decoupled,0.2,0.2,0.8,0.8,point_sigma,0.25170151408154096,4.0,0.7215479605330022,37.56969914157024,1.2585075704077047,0.8030168118630138,5847.787217102836,0.25,0.75
40.0,FW6_HEADYAW,True,7.050662761963033e-09,29.974964020503812,10.0,decoupled,0.2,0.2,0.8,0.8,point_sigma,0.21692565721240487,4.0,0.8015847682923882,15.259772994840127,1.0846282860620242,0.5193244725733497,4127.3846501601065,0.25,1.0
30.0,FW6_HEADYAW,True,-3.1335739131249487e-10,27.70225003336536,20.0,decoupled,0.2,0.2,0.8,0.8,point_sigma,0.2595541080535805,4.0,0.8538363224391777,17.723623007224482,1.2977705402679023,0.8626265689967031,4349.3068608569065,0.25,0.75
30.0,FW6_HEADYAW,True,1.3212501230001668e-10,50.701640463246754,20.0,decoupled,0.2,0.2,0.8,0.8,point_sigma,0.2156356459868053,4.0,0.9024896279053797,6.345489349802048,1.0781782299340263,0.4732184505332624,3793.2972772239104,0.25,1.0
40.0,FW6_HEADYAW,True,4.071247551263274e-09,19.537495068016415,10.0,decoupled,0.2,0.2,0.8,0.8,point_sigma,0.21661454001733532,4.0,0.7725601647995746,30.61751863172096,1.0830727000866764,1.5520134110365462,2644.4910604940615,0.25,0.75
40.0,FW6_HEADYAW,True,-1.7050039237854993e-10,34.23365108841825,10.0,decoupled,0.2,0.2,0.8,0.8,point_sigma,0.19447960313642254,4.0,0.839735225623513,11.615294939818174,0.9723980156821127,0.29436326020294235,6239.133727442581,0.25,1.0
30.0,FW6_HEADYAW,True,5.525307300958643e-10,28.163308510706294,20.0,decoupled,0.2,0.2,0.8,0.8,point_sigma,0.30032261099139634,4.0,0.8436165808436897,19.08286967443323,1.5016130549569817,0.4349699496663277,8003.844978686413,0.25,0.75
30.0,FW6_HEADYAW,True,-6.697369530931412e-10,49.91515431904396,20.0,decoupled,0.2,0.2,0.8,0.8,point_sigma,0.25373215347119843,4.0,0.8920582356366493,7.4543478159669405,1.268660767355992,0.07606744186772949,24502.3047866567,0.25,1.0
40.0,FW6_HEADYAW,True,1.171445997503235e-10,20.053369505165055,10.0,decoupled,0.2,0.2,0.8,0.8,point_sigma,0.25164810592332615,4.0,0.7572429743537163,32.4948408344967,1.2582405296166306,0.0709277392498659,57990.82232709244,0.25,0.75
40.0,FW6_HEADYAW,True,-7.522611356218673e-09,33.06937432335847,10.0,decoupled,0.2,0.2,0.8,0.8,point_sigma,0.22432703805298385,4.0,0.8213508727517855,13.795374071191299,1.121635190264919,0.5126698614048556,3981.8308779208455,0.25,1.0
30.0,FW6_HEADYAW,True,6.502524775451605e-11,26.492060308006298,20.0,decoupled,0.2,0.2,0.8,0.8,point_sigma,0.313013294683739,4.0,0.8220632892555568,21.103243234702063,1.565066473418695,0.9997871868355686,3637.864282881173,0.25,0.75
30.0,FW6_HEADYAW,True,1.2795407264767895e-09,44.25805117263186,20.0,decoupled,0.2,0.2,0.8,0.8,point_sigma,0.2643191066905819,4.0,0.8743812797120882,8.569687060530057,1.3215955334529095,0.4261885808271935,4506.8416449388715,0.25,1.0
40.0,FW6_HEADYAW,True,7.68707465824247e-10,18.822893290271583,10.0,decoupled,0.2,0.2,0.8,0.8,point_sigma,0.2584920260230117,4.0,0.7279151317687436,35.80681880790103,1.2924601301150584,0.13868983757214864,32426.527970443574,0.25,0.75
40.0,FW6_HEADYAW,True,-2.5543535584195835e-09,28.423303747837544,10.0,decoupled,0.2,0.2,0.8,0.8,point_sigma,0.2227684968033294,4.0,0.7934854049820402,16.157603853304522,1.113842484016647,0.09422842604315168,23550.656922858532,0.25,1.0
30.0,FW6_HEADYAW,True,-4.144875006723144e-10,26.87779033560403,20.0,decoupled,0.2,0.2,0.8,0.8,point_sigma,0.3152727011098186,4.0,0.8278074799854026,20.297975305564464,1.5763635055490928,0.6844327245699313,5163.088196774254,0.25,0.75
30.0,FW6_HEADYAW,True,-2.0931985740448253e-10,45.26178845373011,20.0,decoupled,0.2,0.2,0.8,0.8,point_sigma,0.2653224105733198,4.0,0.8787150299019916,8.340923418607561,1.3266120528665988,0.017920381358732328,109170.85440619009,0.25,1.0
40.0,FW6_HEADYAW,True,4.684398858449163e-09,18.981540477616928,10.0,decoupled,0.2,0.2,0.8,0.8,point_sigma,0.25870065516726626,4.0,0.7347075321020553,34.60928089348825,1.2935032758363312,0.1798932690561018,24261.109200722567,0.25,0.75
40.0,FW6_HEADYAW,True,-4.3649972205338823e-10,29.464013710595502,10.0,decoupled,0.2,0.2,0.8,0.8,point_sigma,0.22589471190874255,4.0,0.8008762262827285,15.596204158497372,1.1294735595437126,0.40261269785417203,5449.558006467708,0.25,1.0
30.0,FW6_HEADYAW,True,3.972596286708321e-10,27.589047930067647,20.0,decoupled,0.2,0.2,0.8,0.8,point_sigma,0.28729959292773494,4.0,0.8467499943087065,18.42816331512385,1.4364979646386746,0.38701224433366865,8239.697141398095,0.25,0.75
30.0,FW6_HEADYAW,True,-6.2648423216751715e-09,47.67763114459663,20.0,decoupled,0.2,0.2,0.8,0.8,point_sigma,0.24343480903040626,4.0,0.8921081952156361,7.49969252427781,1.2171740451520312,0.06207282840591487,27663.77646425749,0.25,1.0
40.0,FW6_HEADYAW,True,2.898854543603634e-09,19.928538815141266,10.0,decoupled,0.2,0.2,0.8,0.8,point_sigma,0.2407763169374773,4.0,0.7626542215410906,31.037645538557285,1.2038815846873865,0.13552393937769996,28728.377625845595,0.25,0.75
40.0,FW6_HEADYAW,True,-1.5970097798537463e-09,32.20141419946091,10.0,decoupled,0.2,0.2,0.8,0.8,point_sigma,0.21392385589391938,4.0,0.8237550983969294,13.65498852064854,1.069619279469597,0.5810183559408173,3388.3102025109224,0.25,1.0
30.0,FW6_HEADYAW,True,3.627194131112211e-08,24.494808056970182,20.0,decoupled,0.2,0.2,0.8,0.8,point_sigma,0.27545265989274637,4.0,0.8272029933673026,20.216610679978366,1.3772632994637317,0.5514094028741724,6186.525444963541,0.25,0.75
30.0,FW6_HEADYAW,True,-7.213140205157591e-11,43.162660177904606,20.0,decoupled,0.2,0.2,0.8,0.8,point_sigma,0.2343948257166727,4.0,0.8838960359673771,7.8677906446845,1.1719741285833634,0.011557825343234684,155061.58159966778,0.25,1.0
40.0,FW6_HEADYAW,True,1.7881913314791775e-09,17.54319469337218,10.0,decoupled,0.2,0.2,0.8,0.8,point_sigma,0.22837984089476904,4.0,0.7353697037821038,34.166329075806104,1.1418992044738452,0.43759356307489883,9783.997828846312,0.25,0.75
40.0,FW6_HEADYAW,True,-8.980530709019998e-09,28.088077994948147,10.0,decoupled,0.2,0.2,0.8,0.8,point_sigma,0.2023320577020931,4.0,0.808121895214169,14.773427886542313,1.0116602885104653,0.5283622553821218,3922.0604727076548,0.25,1.0
30.0,FW6_YAW5,True,-6.208641522884376e-10,27.510452242915367,20.0,decoupled,0.2,0.2,0.4,0.4,lr_asym,0.1885785384366302,2.0,0.8818092190687956,13.643966796332325,0.942892692183151,2.534967710030526,1031.0587382846968,0.0,0.75
30.0,FW6_YAW5,True,-1.4378891338269381e-08,92.09779635245985,20.0,decoupled,0.2,0.2,0.4,0.4,lr_asym,0.16630720398657242,2.0,0.9263379268119141,2.8181882760379544,0.8315360199328621,0.905612592328958,1592.5766673971866,0.0,1.0
40.0,FW6_YAW5,True,3.816147187343141e-09,19.317529973084437,10.0,decoupled,0.2,0.2,0.4,0.4,lr_asym,0.16436771902228925,2.0,0.8044300259995971,24.385993866137905,0.8218385951114462,1.0876463560414258,2854.6355039290324,0.0,0.75
40.0,FW6_YAW5,True,-2.038350703701657e-09,54.863377939973994,10.0,decoupled,0.2,0.2,0.4,0.4,lr_asym,0.13816882585842755,2.0,0.8709132395981296,5.888525223577076,0.6908441292921377,0.13225216409557217,9583.933242224937,0.0,1.0
30.0,FW6_YAW5,True,1.0969972755375927,22.86128325543708,20.0,decoupled,0.2,0.2,0.42000000000000004,0.38,lr_asym,0.1921465779546572,2.0,0.8826371864427635,14.528060531243275,0.960732889773286,2.2617324860067884,1187.706994288202,0.05,0.75
30.0,FW6_YAW5,True,0.6271761998346254,46.469074211765566,20.0,decoupled,0.2,0.2,0.42000000000000004,0.38,lr_asym,0.16545909082588608,2.0,0.9259590153507112,3.4905454508036398,0.8272954541294304,0.7978410772486902,1834.5625708070104,0.05,1.0
40.0,FW6_YAW5,True,1.2735721046719903,17.68426670603223,10.0,decoupled,0.2,0.2,0.42000000000000004,0.38,lr_asym,0.16678533984329036,2.0,0.8049733226160468,25.6630916088297,0.8339266992164518,0.8927193611566708,3644.3236271551596,0.05,0.75
40.0,FW6_YAW5,True,0.9073833412671294,38.31794615716973,10.0,decoupled,0.2,0.2,0.42000000000000004,0.38,lr_asym,0.14260603113406148,2.0,0.8707666212555516,6.988622790567565,0.7130301556703074,0.008686207232836307,165215.72885202095,0.05,1.0
30.0,FW6_YAW5,True,2.186650794437653,16.405527866401005,20.0,decoupled,0.2,0.2,0.44000000000000006,0.36000000000000004,lr_asym,0.19471142428335003,2.0,0.8826066018930996,15.65824007975031,0.9735571214167501,2.00959291521673,1338.74407240993,0.1,0.75
30.0,FW6_YAW5,True,1.510150591272983,24.616543802721715,20.0,decoupled,0.2,0.2,0.44000000000000006,0.36000000000000004,lr_asym,0.163944921753954,2.0,0.9255405965394441,4.357783017360242,0.8197246087697699,0.39143969653831334,3809.151501474928,0.1,1.0
40.0,FW6_YAW5,True,2.715758797769247,14.427769882404883,10.0,decoupled,0.2,0.2,0.44000000000000006,0.36000000000000004,lr_asym,0.16875928865986076,2.0,0.8050319129900576,27.365686200588176,0.8437964432993037,0.7415384578692672,4605.892161481397,0.1,0.75
40.0,FW6_YAW5,True,1.831586921334392,23.74717022519611,10.0,decoupled,0.2,0.2,0.44000000000000006,0.36000000000000004,lr_asym,0.14234740753186348,2.0,0.8703257295145834,8.388750963395637,0.7117370376593174,0.0894057409292599,18479.5181517992,0.1,1.0
30.0,FW6_YAW5,True,4.245304038226011,9.541925570873346,20.0,decoupled,0.2,0.2,0.48,0.32000000000000006,lr_asym,0.198087939945925,2.0,0.8821407699304622,18.261628795817234,0.990439699729625,2.1094667568950998,1333.4990693478476,0.2,0.75
30.0,FW6_YAW5,True,2.7239131912385153,12.455913579442052,20.0,decoupled,0.2,0.2,0.48,0.32000000000000006,lr_asym,0.1573360420296588,2.0,0.9260540783869913,6.303872282156604,0.786680210148294,0.4633443260077845,3338.10323368158,0.2,1.0
40.0,FW6_YAW5,True,4.994732952948106,9.528376464572094,10.0,decoupled,0.2,0.2,0.48,0.32000000000000006,lr_asym,0.17137090572894678,2.0,0.8055319743792805,31.053527026959948,0.8568545286447339,1.3683808821493706,2718.4763327380138,0.2,0.75
40.0,FW6_YAW5,True,3.4053253389541096,12.395456453958275,10.0,decoupled,0.2,0.2,0.48,0.32000000000000006,lr_asym,0.13861667931430577,2.0,0.8713656435538173,11.57223904052252,0.6930833965715288,0.15758365350042158,10501.223379458914,0.2,1.0
30.0,FW6_YAW5,True,6.220580057747735,6.414935108071328,20.0,decoupled,0.2,0.2,0.52,0.27999999999999997,lr_asym,0.19787406491389098,2.0,0.8858818704550352,20.911694780317376,0.9893703245694548,1.6480597519676286,1855.7290819966915,0.3,0.75
30.0,FW6_YAW5,True,4.0333717280203345,7.679499096934228,20.0,decoupled,0.2,0.2,0.52,0.27999999999999997,lr_asym,0.15070994200616547,2.0,0.9270555477378664,9.062712365956301,0.7535497100308273,0.4812630576553101,3411.324796821361,0.3,1.0
40.0,FW6_YAW5,True,7.68820475856151,6.624748855204432,10.0,decoupled,0.2,0.2,0.52,0.27999999999999997,lr_asym,0.1721664547802119,2.0,0.8102789443268856,35.579087380603596,0.8608322739010594,0.9809257274884233,4341.899691331647,0.3,0.75
40.0,FW6_YAW5,True,5.021124461498864,7.90699200044287,10.0,decoupled,0.2,0.2,0.52,0.27999999999999997,lr_asym,0.13276039954661578,2.0,0.873920913771181,15.582240142893994,0.6638019977330789,0.04602355457645935,44030.86479365195,0.3,1.0
30.0,FW6_YAW5,True,9.656024068517253e-09,28.52076864903823,20.0,decoupled,0.1,0.2,0.4,0.4,fb_ratio,0.18885377710531553,2.0,0.8832983974862333,13.163431464919828,0.9442688855265776,2.20225124733666,1061.8372215267073,0.5,0.75
30.0,FW6_YAW5,True,-5.394717701431103e-10,90.97946169725378,20.0,decoupled,0.1,0.2,0.4,0.4,fb_ratio,0.16498080074006538,2.0,0.9261190529820249,2.8523247209136158,0.8249040037003269,0.47779310910208034,2313.2582487814984,0.5,1.0
40.0,FW6_YAW5,True,-1.6105533768260883e-10,19.740873367014466,10.0,decoupled,0.1,0.2,0.4,0.4,fb_ratio,0.1643616388020319,2.0,0.805959020193412,23.864886317332513,0.8218081940101594,0.9132918413610879,3336.549119846692,0.5,0.75
40.0,FW6_YAW5,True,-5.299906956654017e-09,54.7226847649183,10.0,decoupled,0.1,0.2,0.4,0.4,fb_ratio,0.13817623156000194,2.0,0.8708143731160787,5.90326106051084,0.6908811578000097,0.22291779116373733,4991.870907229782,0.5,1.0
30.0,FW6_YAW5,True,-2.803604882280505e-09,27.870322856429933,20.0,decoupled,0.16000000000000003,0.2,0.4,0.4,fb_ratio,0.18869452554364938,2.0,0.8823623212690401,13.468884912177,0.9434726277182468,2.4134675954730374,1043.2707265801932,0.8,0.75
30.0,FW6_YAW5,True,-5.392707193303083e-09,91.63029925339306,20.0,decoupled,0.16000000000000003,0.2,0.4,0.4,fb_ratio,0.1659930734069128,2.0,0.9262481083816119,2.832361939936376,0.8299653670345639,0.7641761950369585,1741.747550085578,0.8,1.0
40.0,FW6_YAW5,True,1.6687789962409705e-09,19.46753369471897,10.0,decoupled,0.16000000000000003,0.2,0.4,0.4,fb_ratio,0.16436525468195207,2.0,0.8049868220675717,24.19890984147112,0.8218262734097603,1.0241135691093521,3011.663661474385,0.8,0.75
40.0,FW6_YAW5,True,8.717253139013822e-09,54.79371526666054,10.0,decoupled,0.16000000000000003,0.2,0.4,0.4,fb_ratio,0.1381692710940347,2.0,0.8708678504485325,5.895831552590421,0.6908463554701735,0.16175576012412723,7513.538744601791,0.8,1.0
30.0,FW6_YAW5,True,-6.208641522884376e-10,27.510452242915367,20.0,decoupled,0.2,0.2,0.4,0.4,fb_ratio,0.1885785384366302,2.0,0.8818092190687956,13.643966796332325,0.942892692183151,2.534967710030526,1031.0587382846968,1.0,0.75
30.0,FW6_YAW5,True,-1.4378891338269381e-08,92.09779635245985,20.0,decoupled,0.2,0.2,0.4,0.4,fb_ratio,0.16630720398657242,2.0,0.9263379268119141,2.8181882760379544,0.8315360199328621,0.905612592328958,1592.5766673971866,1.0,1.0
40.0,FW6_YAW5,True,3.816147187343141e-09,19.317529973084437,10.0,decoupled,0.2,0.2,0.4,0.4,fb_ratio,0.16436771902228925,2.0,0.8044300259995971,24.385993866137905,0.8218385951114462,1.0876463560414258,2854.6355039290324,1.0,0.75
40.0,FW6_YAW5,True,-2.038350703701657e-09,54.863377939973994,10.0,decoupled,0.2,0.2,0.4,0.4,fb_ratio,0.13816882585842755,2.0,0.8709132395981296,5.888525223577076,0.6908441292921377,0.13225216409557217,9583.933242224937,1.0,1.0
30.0,FW6_YAW5,True,2.4267266455778264e-09,26.814990688859222,20.0,decoupled,0.30000000000000004,0.2,0.4,0.4,fb_ratio,0.18833478646791624,2.0,0.8806660806935771,13.99541425078669,0.9416739323395812,2.777648316529438,1005.2900642877804,1.5,0.75
30.0,FW6_YAW5,True,1.1064676629302707e-09,93.34022300182755,20.0,decoupled,0.30000000000000004,0.2,0.4,0.4,fb_ratio,0.166566204039139,2.0,0.9265691441387184,2.7811988542131307,0.8328310201956949,1.1632271753203844,1410.5494447815176,1.5,1.0
40.0,FW6_YAW5,True,2.7661784206911865e-08,19.03007708706683,10.0,decoupled,0.30000000000000004,0.2,0.4,0.4,fb_ratio,0.16437408083219854,2.0,0.8033195930542358,24.752094918479077,0.8218704041609927,1.215646501331484,2586.8910112887447,1.5,0.75
40.0,FW6_YAW5,True,-7.385012609311858e-09,55.07433613992044,10.0,decoupled,0.30000000000000004,0.2,0.4,0.4,fb_ratio,0.1381733879506355,2.0,0.8710424974705637,5.866453683151095,0.6908669397531775,0.0854140117593623,15873.252391839695,1.5,1.0
30.0,FW6_YAW5,True,7.735283915826754e-10,25.734660659041975,20.0,decoupled,0.6000000000000001,0.2,0.4,0.4,fb_ratio,0.18808138671313074,2.0,0.8787025054091796,14.579213460687308,0.9404069335656536,3.175417219567197,962.3076315042298,3.0,0.75
30.0,FW6_YAW5,True,-4.788523857610916e-10,97.46620574524552,20.0,decoupled,0.6000000000000001,0.2,0.4,0.4,fb_ratio,0.16569547612502455,2.0,0.9272849768111521,2.665177533815134,0.8284773806251228,1.6002106590736287,1210.5481190177995,3.0,1.0
40.0,FW6_YAW5,True,3.9363029772381405e-08,18.580920572758515,10.0,decoupled,0.6000000000000001,0.2,0.4,0.4,fb_ratio,0.16439519149226978,2.0,0.8014628366231733,25.34599077086526,0.8219759574613489,1.4352020628520854,2234.746983295561,3.0,0.75
40.0,FW6_YAW5,True,-2.0620172110864273e-09,55.841803041127896,10.0,decoupled,0.6000000000000001,0.2,0.4,0.4,fb_ratio,0.1381918240714787,2.0,0.8714839413187415,5.7874020754780675,0.6909591203573935,0.041050370705697836,35664.169175106465,3.0,1.0
30.0,FW6_YAW5,True,-6.208641522884376e-10,27.510452242915367,20.0,decoupled,0.2,0.2,0.4,0.4,point_sigma,0.1885785384366302,2.0,0.8818092190687956,13.643966796332325,0.942892692183151,2.534967710030526,1031.0587382846968,0.0,0.75
30.0,FW6_YAW5,True,-1.4378891338269381e-08,92.09779635245985,20.0,decoupled,0.2,0.2,0.4,0.4,point_sigma,0.16630720398657242,2.0,0.9263379268119141,2.8181882760379544,0.8315360199328621,0.905612592328958,1592.5766673971866,0.0,1.0
40.0,FW6_YAW5,True,3.816147187343141e-09,19.317529973084437,10.0,decoupled,0.2,0.2,0.4,0.4,point_sigma,0.16436771902228925,2.0,0.8044300259995971,24.385993866137905,0.8218385951114462,1.0876463560414258,2854.6355039290324,0.0,0.75
40.0,FW6_YAW5,True,-2.038350703701657e-09,54.863377939973994,10.0,decoupled,0.2,0.2,0.4,0.4,point_sigma,0.13816882585842755,2.0,0.8709132395981296,5.888525223577076,0.6908441292921377,0.13225216409557217,9583.933242224937,0.0,1.0
30.0,FW6_YAW5,True,-6.208641522884376e-10,27.510452242915367,20.0,decoupled,0.2,0.2,0.4,0.4,point_sigma,0.1885785384366302,2.0,0.8818092190687956,13.643966796332325,0.942892692183151,2.534967710030526,1031.0587382846968,0.0,0.75
30.0,FW6_YAW5,True,-1.4378891338269381e-08,92.09779635245985,20.0,decoupled,0.2,0.2,0.4,0.4,point_sigma,0.16630720398657242,2.0,0.9263379268119141,2.8181882760379544,0.8315360199328621,0.905612592328958,1592.5766673971866,0.0,1.0
40.0,FW6_YAW5,True,3.816147187343141e-09,19.317529973084437,10.0,decoupled,0.2,0.2,0.4,0.4,point_sigma,0.16436771902228925,2.0,0.8044300259995971,24.385993866137905,0.8218385951114462,1.0876463560414258,2854.6355039290324,0.0,0.75
40.0,FW6_YAW5,True,-2.038350703701657e-09,54.863377939973994,10.0,decoupled,0.2,0.2,0.4,0.4,point_sigma,0.13816882585842755,2.0,0.8709132395981296,5.888525223577076,0.6908441292921377,0.13225216409557217,9583.933242224937,0.0,1.0
30.0,FW6_YAW5,True,-6.208641522884376e-10,27.510452242915367,20.0,decoupled,0.2,0.2,0.4,0.4,point_sigma,0.1885785384366302,2.0,0.8818092190687956,13.643966796332325,0.942892692183151,2.534967710030526,1031.0587382846968,0.0,0.75
30.0,FW6_YAW5,True,-1.4378891338269381e-08,92.09779635245985,20.0,decoupled,0.2,0.2,0.4,0.4,point_sigma,0.16630720398657242,2.0,0.9263379268119141,2.8181882760379544,0.8315360199328621,0.905612592328958,1592.5766673971866,0.0,1.0
40.0,FW6_YAW5,True,3.816147187343141e-09,19.317529973084437,10.0,decoupled,0.2,0.2,0.4,0.4,point_sigma,0.16436771902228925,2.0,0.8044300259995971,24.385993866137905,0.8218385951114462,1.0876463560414258,2854.6355039290324,0.0,0.75
40.0,FW6_YAW5,True,-2.038350703701657e-09,54.863377939973994,10.0,decoupled,0.2,0.2,0.4,0.4,point_sigma,0.13816882585842755,2.0,0.8709132395981296,5.888525223577076,0.6908441292921377,0.13225216409557217,9583.933242224937,0.0,1.0
30.0,FW6_YAW5,True,-6.208641522884376e-10,27.510452242915367,20.0,decoupled,0.2,0.2,0.4,0.4,point_sigma,0.1885785384366302,2.0,0.8818092190687956,13.643966796332325,0.942892692183151,2.534967710030526,1031.0587382846968,0.0,0.75
30.0,FW6_YAW5,True,-1.4378891338269381e-08,92.09779635245985,20.0,decoupled,0.2,0.2,0.4,0.4,point_sigma,0.16630720398657242,2.0,0.9263379268119141,2.8181882760379544,0.8315360199328621,0.905612592328958,1592.5766673971866,0.0,1.0
40.0,FW6_YAW5,True,3.816147187343141e-09,19.317529973084437,10.0,decoupled,0.2,0.2,0.4,0.4,point_sigma,0.16436771902228925,2.0,0.8044300259995971,24.385993866137905,0.8218385951114462,1.0876463560414258,2854.6355039290324,0.0,0.75
40.0,FW6_YAW5,True,-2.038350703701657e-09,54.863377939973994,10.0,decoupled,0.2,0.2,0.4,0.4,point_sigma,0.13816882585842755,2.0,0.8709132395981296,5.888525223577076,0.6908441292921377,0.13225216409557217,9583.933242224937,0.0,1.0
30.0,FW6_YAW5,True,-6.208641522884376e-10,27.510452242915367,20.0,decoupled,0.2,0.2,0.4,0.4,point_sigma,0.1885785384366302,2.0,0.8818092190687956,13.643966796332325,0.942892692183151,2.534967710030526,1031.0587382846968,0.0,0.75
30.0,FW6_YAW5,True,-1.4378891338269381e-08,92.09779635245985,20.0,decoupled,0.2,0.2,0.4,0.4,point_sigma,0.16630720398657242,2.0,0.9263379268119141,2.8181882760379544,0.8315360199328621,0.905612592328958,1592.5766673971866,0.0,1.0
40.0,FW6_YAW5,True,3.816147187343141e-09,19.317529973084437,10.0,decoupled,0.2,0.2,0.4,0.4,point_sigma,0.16436771902228925,2.0,0.8044300259995971,24.385993866137905,0.8218385951114462,1.0876463560414258,2854.6355039290324,0.0,0.75
40.0,FW6_YAW5,True,-2.038350703701657e-09,54.863377939973994,10.0,decoupled,0.2,0.2,0.4,0.4,point_sigma,0.13816882585842755,2.0,0.8709132395981296,5.888525223577076,0.6908441292921377,0.13225216409557217,9583.933242224937,0.0,1.0
30.0,FW6_YAW5,True,-6.208641522884376e-10,27.510452242915367,20.0,decoupled,0.2,0.2,0.4,0.4,point_sigma,0.1885785384366302,2.0,0.8818092190687956,13.643966796332325,0.942892692183151,2.534967710030526,1031.0587382846968,0.0,0.75
30.0,FW6_YAW5,True,-1.4378891338269381e-08,92.09779635245985,20.0,decoupled,0.2,0.2,0.4,0.4,point_sigma,0.16630720398657242,2.0,0.9263379268119141,2.8181882760379544,0.8315360199328621,0.905612592328958,1592.5766673971866,0.0,1.0
40.0,FW6_YAW5,True,3.816147187343141e-09,19.317529973084437,10.0,decoupled,0.2,0.2,0.4,0.4,point_sigma,0.16436771902228925,2.0,0.8044300259995971,24.385993866137905,0.8218385951114462,1.0876463560414258,2854.6355039290324,0.0,0.75
40.0,FW6_YAW5,True,-2.038350703701657e-09,54.863377939973994,10.0,decoupled,0.2,0.2,0.4,0.4,point_sigma,0.13816882585842755,2.0,0.8709132395981296,5.888525223577076,0.6908441292921377,0.13225216409557217,9583.933242224937,0.0,1.0
30.0,FW6_YAW5,True,-6.208641522884376e-10,27.510452242915367,20.0,decoupled,0.2,0.2,0.4,0.4,point_sigma,0.1885785384366302,2.0,0.8818092190687956,13.643966796332325,0.942892692183151,2.534967710030526,1031.0587382846968,0.0,0.75
30.0,FW6_YAW5,True,-1.4378891338269381e-08,92.09779635245985,20.0,decoupled,0.2,0.2,0.4,0.4,point_sigma,0.16630720398657242,2.0,0.9263379268119141,2.8181882760379544,0.8315360199328621,0.905612592328958,1592.5766673971866,0.0,1.0
40.0,FW6_YAW5,True,3.816147187343141e-09,19.317529973084437,10.0,decoupled,0.2,0.2,0.4,0.4,point_sigma,0.16436771902228925,2.0,0.8044300259995971,24.385993866137905,0.8218385951114462,1.0876463560414258,2854.6355039290324,0.0,0.75
40.0,FW6_YAW5,True,-2.038350703701657e-09,54.863377939973994,10.0,decoupled,0.2,0.2,0.4,0.4,point_sigma,0.13816882585842755,2.0,0.8709132395981296,5.888525223577076,0.6908441292921377,0.13225216409557217,9583.933242224937,0.0,1.0
30.0,FW6_YAW5,True,-6.208641522884376e-10,27.510452242915367,20.0,decoupled,0.2,0.2,0.4,0.4,point_sigma,0.1885785384366302,2.0,0.8818092190687956,13.643966796332325,0.942892692183151,2.534967710030526,1031.0587382846968,0.0,0.75
30.0,FW6_YAW5,True,-1.4378891338269381e-08,92.09779635245985,20.0,decoupled,0.2,0.2,0.4,0.4,point_sigma,0.16630720398657242,2.0,0.9263379268119141,2.8181882760379544,0.8315360199328621,0.905612592328958,1592.5766673971866,0.0,1.0
40.0,FW6_YAW5,True,3.816147187343141e-09,19.317529973084437,10.0,decoupled,0.2,0.2,0.4,0.4,point_sigma,0.16436771902228925,2.0,0.8044300259995971,24.385993866137905,0.8218385951114462,1.0876463560414258,2854.6355039290324,0.0,0.75
40.0,FW6_YAW5,True,-2.038350703701657e-09,54.863377939973994,10.0,decoupled,0.2,0.2,0.4,0.4,point_sigma,0.13816882585842755,2.0,0.8709132395981296,5.888525223577076,0.6908441292921377,0.13225216409557217,9583.933242224937,0.0,1.0
30.0,FW6_YAW5,True,-6.208641522884376e-10,27.510452242915367,20.0,decoupled,0.2,0.2,0.4,0.4,point_sigma,0.1885785384366302,2.0,0.8818092190687956,13.643966796332325,0.942892692183151,2.534967710030526,1031.0587382846968,0.0,0.75
30.0,FW6_YAW5,True,-1.4378891338269381e-08,92.09779635245985,20.0,decoupled,0.2,0.2,0.4,0.4,point_sigma,0.16630720398657242,2.0,0.9263379268119141,2.8181882760379544,0.8315360199328621,0.905612592328958,1592.5766673971866,0.0,1.0
40.0,FW6_YAW5,True,3.816147187343141e-09,19.317529973084437,10.0,decoupled,0.2,0.2,0.4,0.4,point_sigma,0.16436771902228925,2.0,0.8044300259995971,24.385993866137905,0.8218385951114462,1.0876463560414258,2854.6355039290324,0.0,0.75
40.0,FW6_YAW5,True,-2.038350703701657e-09,54.863377939973994,10.0,decoupled,0.2,0.2,0.4,0.4,point_sigma,0.13816882585842755,2.0,0.8709132395981296,5.888525223577076,0.6908441292921377,0.13225216409557217,9583.933242224937,0.0,1.0
30.0,FW6_YAW5,True,-6.208641522884376e-10,27.510452242915367,20.0,decoupled,0.2,0.2,0.4,0.4,point_sigma,0.1885785384366302,2.0,0.8818092190687956,13.643966796332325,0.942892692183151,2.534967710030526,1031.0587382846968,0.0,0.75
30.0,FW6_YAW5,True,-1.4378891338269381e-08,92.09779635245985,20.0,decoupled,0.2,0.2,0.4,0.4,point_sigma,0.16630720398657242,2.0,0.9263379268119141,2.8181882760379544,0.8315360199328621,0.905612592328958,1592.5766673971866,0.0,1.0
40.0,FW6_YAW5,True,3.816147187343141e-09,19.317529973084437,10.0,decoupled,0.2,0.2,0.4,0.4,point_sigma,0.16436771902228925,2.0,0.8044300259995971,24.385993866137905,0.8218385951114462,1.0876463560414258,2854.6355039290324,0.0,0.75
40.0,FW6_YAW5,True,-2.038350703701657e-09,54.863377939973994,10.0,decoupled,0.2,0.2,0.4,0.4,point_sigma,0.13816882585842755,2.0,0.8709132395981296,5.888525223577076,0.6908441292921377,0.13225216409557217,9583.933242224937,0.0,1.0
30.0,FW6_YAW5,True,-6.208641522884376e-10,27.510452242915367,20.0,decoupled,0.2,0.2,0.4,0.4,point_sigma,0.1885785384366302,2.0,0.8818092190687956,13.643966796332325,0.942892692183151,2.534967710030526,1031.0587382846968,0.0,0.75
30.0,FW6_YAW5,True,-1.4378891338269381e-08,92.09779635245985,20.0,decoupled,0.2,0.2,0.4,0.4,point_sigma,0.16630720398657242,2.0,0.9263379268119141,2.8181882760379544,0.8315360199328621,0.905612592328958,1592.5766673971866,0.0,1.0
40.0,FW6_YAW5,True,3.816147187343141e-09,19.317529973084437,10.0,decoupled,0.2,0.2,0.4,0.4,point_sigma,0.16436771902228925,2.0,0.8044300259995971,24.385993866137905,0.8218385951114462,1.0876463560414258,2854.6355039290324,0.0,0.75
40.0,FW6_YAW5,True,-2.038350703701657e-09,54.863377939973994,10.0,decoupled,0.2,0.2,0.4,0.4,point_sigma,0.13816882585842755,2.0,0.8709132395981296,5.888525223577076,0.6908441292921377,0.13225216409557217,9583.933242224937,0.0,1.0
30.0,FW6_YAW5,True,-6.208641522884376e-10,27.510452242915367,20.0,decoupled,0.2,0.2,0.4,0.4,point_sigma,0.1885785384366302,2.0,0.8818092190687956,13.643966796332325,0.942892692183151,2.534967710030526,1031.0587382846968,0.0,0.75
30.0,FW6_YAW5,True,-1.4378891338269381e-08,92.09779635245985,20.0,decoupled,0.2,0.2,0.4,0.4,point_sigma,0.16630720398657242,2.0,0.9263379268119141,2.8181882760379544,0.8315360199328621,0.905612592328958,1592.5766673971866,0.0,1.0
40.0,FW6_YAW5,True,3.816147187343141e-09,19.317529973084437,10.0,decoupled,0.2,0.2,0.4,0.4,point_sigma,0.16436771902228925,2.0,0.8044300259995971,24.385993866137905,0.8218385951114462,1.0876463560414258,2854.6355039290324,0.0,0.75
40.0,FW6_YAW5,True,-2.038350703701657e-09,54.863377939973994,10.0,decoupled,0.2,0.2,0.4,0.4,point_sigma,0.13816882585842755,2.0,0.8709132395981296,5.888525223577076,0.6908441292921377,0.13225216409557217,9583.933242224937,0.0,1.0
30.0,FW6_YAW5,True,-1.5074731898771965e-09,28.177310553358865,20.0,decoupled,0.2,0.2,0.4,0.4,point_sigma,0.1887415327875551,2.0,0.882920222301319,13.313156521507338,0.9437076639377754,2.499545146835879,1040.7224157728297,0.05,0.75
30.0,FW6_YAW5,True,3.770987286559712e-09,92.35721444034108,20.0,decoupled,0.2,0.2,0.4,0.4,point_sigma,0.1663105348937593,2.0,0.9262644494992308,2.80590319978748,0.8315526744687964,0.9243017341891799,1538.9949764041994,0.05,1.0
40.0,FW6_YAW5,True,4.605586303719838e-10,19.71590345579346,10.0,decoupled,0.2,0.2,0.4,0.4,point_sigma,0.1649539007337958,2.0,0.805879639790174,23.885303719708812,0.8247695036689789,1.1595482271997801,2627.8953976585813,0.05,0.75
40.0,FW6_YAW5,True,3.607090918407885e-10,55.21109662950744,10.0,decoupled,0.2,0.2,0.4,0.4,point_sigma,0.13916735202716699,2.0,0.8712734638728635,5.8424251749101215,0.6958367601358348,0.11001726778889813,11264.622540660543,0.05,1.0
30.0,FW6_YAW5,True,4.44066850043206e-08,28.060775218704862,20.0,decoupled,0.2,0.2,0.4,0.4,point_sigma,0.19305101184480636,2.0,0.8824840213655809,13.612489641180003,0.9652550592240318,2.384423437829482,1094.9157480743704,0.05,0.75
30.0,FW6_YAW5,True,-1.2088897533586342e-08,94.64843508226384,20.0,decoupled,0.2,0.2,0.4,0.4,point_sigma,0.16882027938881888,2.0,0.9266581828162416,2.7875135172884455,0.8441013969440944,0.8001099885082023,1817.4410806455678,0.05,1.0
40.0,FW6_YAW5,True,-2.7580330996658256e-09,19.610066503093496,10.0,decoupled,0.2,0.2,0.4,0.4,point_sigma,0.16735733988665197,2.0,0.805323448988743,24.45905363182758,0.8367866994332598,0.858229260782824,3628.036261579543,0.05,0.75
40.0,FW6_YAW5,True,5.562209686650324e-10,56.28839105415683,10.0,decoupled,0.2,0.2,0.4,0.4,point_sigma,0.13837073202835337,2.0,0.8716393299658217,5.837689372714157,0.6918536601417669,0.1391172423335547,9079.242896057438,0.05,1.0
30.0,FW6_YAW5,True,-1.9705842153810547e-10,28.080947817372998,20.0,decoupled,0.2,0.2,0.4,0.4,point_sigma,0.19130006669264984,2.0,0.8820376998672314,13.523782590467397,0.9565003334632491,2.530821694655119,1032.5498682695602,0.05,0.75
30.0,FW6_YAW5,True,-1.0338567525035306e-08,94.08038921532871,20.0,decoupled,0.2,0.2,0.4,0.4,point_sigma,0.16789460498454054,2.0,0.9261096496863527,2.781982497708627,0.8394730249227026,0.8939425559956398,1627.2908643611404,0.05,1.0
40.0,FW6_YAW5,True,-2.480323762792509e-10,19.638566710390712,10.0,decoupled,0.2,0.2,0.4,0.4,point_sigma,0.16628484537348567,2.0,0.8043053671491264,24.28421177360591,0.8314242268674283,1.0932051230485675,2828.756654364496,0.05,0.75
40.0,FW6_YAW5,True,-6.270519214212249e-10,55.47925183843138,10.0,decoupled,0.2,0.2,0.4,0.4,point_sigma,0.1379754832035638,2.0,0.8703647286073553,5.880230413481025,0.6898774160178189,0.07711750126161382,16313.868109506291,0.05,1.0
30.0,FW6_YAW5,True,1.8818228856081115e-10,28.26368201039619,20.0,decoupled,0.2,0.2,0.4,0.4,point_sigma,0.1881560835910629,2.0,0.882986088802092,13.339456092320729,0.9407804179553144,2.8036514800849273,910.4020782578664,0.05,0.75
30.0,FW6_YAW5,True,-5.024584626069138e-10,92.02815198025664,20.0,decoupled,0.2,0.2,0.4,0.4,point_sigma,0.16644473053177775,2.0,0.9260853534134266,2.8376390031737966,0.8322236526588886,0.9266136071229268,1515.0122729573065,0.05,1.0
40.0,FW6_YAW5,True,5.8921031793210825e-09,19.88164751261385,10.0,decoupled,0.2,0.2,0.4,0.4,point_sigma,0.16484387763209576,2.0,0.8062150347807019,23.81269191937237,0.8242193881604788,1.2202484111199163,2502.252721688968,0.05,0.75
40.0,FW6_YAW5,True,-1.3928682630400214e-10,55.68323990962796,10.0,decoupled,0.2,0.2,0.4,0.4,point_sigma,0.14057261225712223,2.0,0.8712306408113238,5.839775634603416,0.702863061285611,0.1818567875065249,6826.414138033838,0.05,1.0
30.0,FW6_YAW5,True,1.382765787691422e-08,28.339535458268145,20.0,decoupled,0.2,0.2,0.4,0.4,point_sigma,0.19365523849375946,2.0,0.8827633729899769,13.52928878917657,0.9682761924687973,2.525464163361604,1051.4594911391541,0.05,0.75
30.0,FW6_YAW5,True,-1.231465449758463e-09,95.75651336051148,20.0,decoupled,0.2,0.2,0.4,0.4,point_sigma,0.16993042643835868,2.0,0.9268382602078783,2.757918356070157,0.8496521321917934,0.9261629580462851,1572.249369639289,0.05,1.0
40.0,FW6_YAW5,True,7.809828166173555e-10,19.84832798130973,10.0,decoupled,0.2,0.2,0.4,0.4,point_sigma,0.16868053408324918,2.0,0.8052463597475109,24.254589830661768,0.8434026704162458,1.149437655694263,2694.4793924342275,0.05,0.75
40.0,FW6_YAW5,True,-4.341012657680966e-09,56.571686633609225,10.0,decoupled,0.2,0.2,0.4,0.4,point_sigma,0.14032693231759175,2.0,0.8714987621366418,5.819339696461601,0.7016346615879587,0.05014237012790634,25046.57531536009,0.05,1.0
30.0,FW6_YAW5,True,-3.682106526958479e-08,26.92550113078137,20.0,decoupled,0.2,0.2,0.4,0.4,point_sigma,0.18955448647747988,2.0,0.8816387630149565,13.947396171298092,0.9477724323873994,2.7925502994043674,923.5226203474733,0.05,0.75
30.0,FW6_YAW5,True,-6.509613436697917e-10,91.92572417042767,20.0,decoupled,0.2,0.2,0.4,0.4,point_sigma,0.16633716322862965,2.0,0.92690722174402,2.824009411690499,0.8316858161431482,0.9471539076136487,1545.6436944053198,0.05,1.0
40.0,FW6_YAW5,True,4.050214543154757e-09,18.947291531237916,10.0,decoupled,0.2,0.2,0.4,0.4,point_sigma,0.16446551121045422,2.0,0.8044767323442616,24.88574630240034,0.822327556052271,1.1202628148842624,2799.918323276287,0.05,0.75
40.0,FW6_YAW5,True,1.9142009322654103e-10,54.70616552236539,10.0,decoupled,0.2,0.2,0.4,0.4,point_sigma,0.13637596849604094,2.0,0.8716937958047144,5.914529880993424,0.6818798424802047,0.12846502497428444,10058.904357411266,0.05,1.0
30.0,FW6_YAW5,True,-2.635625238514749e-08,27.701175600490078,20.0,decoupled,0.2,0.2,0.4,0.4,point_sigma,0.1906948882883823,2.0,0.8813170913955598,13.638299875387135,0.9534744414419114,2.643522032996219,967.4688147676006,0.05,0.75
30.0,FW6_YAW5,True,1.1112977327834082e-10,91.80149538759095,20.0,decoupled,0.2,0.2,0.4,0.4,point_sigma,0.1675445928109844,2.0,0.925677887958038,2.841128105165868,0.837722964054922,0.8023531292584505,1778.309388022972,0.05,1.0
40.0,FW6_YAW5,True,7.312492782019808e-10,19.429738258218887,10.0,decoupled,0.2,0.2,0.4,0.4,point_sigma,0.16580540459070392,2.0,0.8037253827647922,24.402992100355497,0.8290270229535196,0.8951003757257995,3476.500664585229,0.05,0.75
40.0,FW6_YAW5,True,-2.2669618179572213e-09,54.80097272589518,10.0,decoupled,0.2,0.2,0.4,0.4,point_sigma,0.1379856987792885,2.0,0.8702520272572478,5.923232942776669,0.6899284938964425,0.2365829109501092,5320.0321386492105,0.05,1.0
30.0,FW6_YAW5,True,-1.5381313515904937e-09,27.68595699421808,20.0,decoupled,0.2,0.2,0.4,0.4,point_sigma,0.18951085182997318,2.0,0.8831798027102161,13.577342420092997,0.9475542591498659,2.6627461579387526,965.4624892186828,0.05,0.75
30.0,FW6_YAW5,True,-1.3216674515313084e-08,95.40200483053788,20.0,decoupled,0.2,0.2,0.4,0.4,point_sigma,0.16611276290377072,2.0,0.9273282163386464,2.7239842100149505,0.8305638145188535,0.9385078248160327,1531.191386593862,0.05,1.0
40.0,FW6_YAW5,True,-1.1811053420708398e-09,19.381427317150255,10.0,decoupled,0.2,0.2,0.4,0.4,point_sigma,0.1648328970177984,2.0,0.8061258847252633,24.3725552337424,0.824164485088992,1.0386667351037828,2982.0936139026844,0.05,0.75
40.0,FW6_YAW5,True,5.619467622303371e-10,56.68833052361818,10.0,decoupled,0.2,0.2,0.4,0.4,point_sigma,0.13684563661311638,2.0,0.8727086451484325,5.715959697983021,0.6842281830655819,0.08851400219025597,14214.42912398372,0.05,1.0
30.0,FW6_YAW5,True,-1.6151834693036289e-09,27.520866346490813,20.0,decoupled,0.2,0.2,0.4,0.4,point_sigma,0.18797914908137026,2.0,0.881461356645092,13.662533288791998,0.9398957454068513,3.271892789908025,763.2793628540821,0.05,0.75
30.0,FW6_YAW5,True,-6.564915331221864e-09,91.07806165730445,20.0,decoupled,0.2,0.2,0.4,0.4,point_sigma,0.16677597570226005,2.0,0.9259638321094281,2.8633902438339836,0.8338798785113002,1.0482778983322507,1361.3833345201103,0.05,1.0
40.0,FW6_YAW5,True,-8.131231168122147e-10,19.400176780683406,10.0,decoupled,0.2,0.2,0.4,0.4,point_sigma,0.16432989621930444,2.0,0.8045454813522711,24.30804207618628,0.8216494810965221,1.423471077297547,2160.647947760673,0.05,0.75
40.0,FW6_YAW5,True,-6.008465362619766e-11,53.897514846374015,10.0,decoupled,0.2,0.2,0.4,0.4,point_sigma,0.14073763083855673,2.0,0.8700450383936854,6.02052345320526,0.7036881541927836,0.08408092771896272,15138.614834706243,0.05,1.0
30.0,FW6_YAW5,True,1.0139616275892395e-09,27.569333889136853,20.0,decoupled,0.2,0.2,0.4,0.4,point_sigma,0.18985443056338322,2.0,0.8808403629430847,13.753428682230028,0.949272152816916,3.055255927538664,814.3191818542507,0.05,0.75
30.0,FW6_YAW5,True,-5.6171378659991984e-11,92.97584098120322,20.0,decoupled,0.2,0.2,0.4,0.4,point_sigma,0.1679603585308997,2.0,0.9260072991315533,2.826850095319973,0.8398017926544984,0.943129927041005,1516.1435286239937,0.05,1.0
40.0,FW6_YAW5,True,9.089039307671477e-10,19.439690599104335,10.0,decoupled,0.2,0.2,0.4,0.4,point_sigma,0.1651093097423663,2.0,0.803415634767034,24.475103843464577,0.8255465487118314,1.5337821223034984,2013.535623540852,0.05,0.75
40.0,FW6_YAW5,True,-1.2174988390134862e-09,53.870619315606206,10.0,decoupled,0.2,0.2,0.4,0.4,point_sigma,0.13950253733218942,2.0,0.8692572998155097,6.0729354379134515,0.6975126866609471,0.07555147730833786,16801.769195760535,0.05,1.0
30.0,FW6_YAW5,True,6.124570716127922e-09,27.43104097035753,20.0,decoupled,0.2,0.2,0.4,0.4,point_sigma,0.18772479883423704,2.0,0.8827684222745232,13.626643896547616,0.9386239941711851,2.529368995821308,1038.830380364083,0.05,0.75
30.0,FW6_YAW5,True,2.76595347596134e-10,91.57261521039379,20.0,decoupled,0.2,0.2,0.4,0.4,point_sigma,0.16548908660572226,2.0,0.9268900533177356,2.827670429759364,0.8274454330286113,0.9746695774075441,1486.0677167563256,0.05,1.0
40.0,FW6_YAW5,True,1.2983191188854853e-09,19.257109730515058,10.0,decoupled,0.2,0.2,0.4,0.4,point_sigma,0.16362913028249415,2.0,0.8060781808919332,24.36333917348779,0.8181456514124708,1.2247632082767528,2523.243814578082,0.05,0.75
40.0,FW6_YAW5,True,-2.1486666525508785e-09,54.88172204740286,10.0,decoupled,0.2,0.2,0.4,0.4,point_sigma,0.13802318246325235,2.0,0.8718613974184669,5.871985929941757,0.6901159123162617,0.1437488677789459,8882.081937246128,0.05,1.0
30.0,FW6_YAW5,True,-2.447102074005952e-09,27.249681308234504,20.0,decoupled,0.2,0.2,0.4,0.4,point_sigma,0.187435522814801,2.0,0.8824263883381884,13.74850184437774,0.9371776140740049,2.8350688935889927,906.0281636993903,0.05,0.75
30.0,FW6_YAW5,True,3.065594327640688e-09,92.71620996648514,20.0,decoupled,0.2,0.2,0.4,0.4,point_sigma,0.16557214635013517,2.0,0.9269220984048124,2.80371390213694,0.8278607317506759,1.007196554256422,1434.4561061412692,0.05,1.0
40.0,FW6_YAW5,True,-1.5751991261256102e-09,19.186861165389455,10.0,decoupled,0.2,0.2,0.4,0.4,point_sigma,0.16328974336159868,2.0,0.8059216289030692,24.505836957028592,0.8164487168079934,1.2188021296545237,2549.978631445364,0.05,0.75
40.0,FW6_YAW5,True,4.690187467969427e-09,55.558559920064596,10.0,decoupled,0.2,0.2,0.4,0.4,point_sigma,0.13872393915975403,2.0,0.8723163279706735,5.826641710985055,0.6936196957987701,0.10204977079062522,12540.712300821167,0.05,1.0
30.0,FW6_YAW5,True,3.167071674057857e-08,26.82392684925997,20.0,decoupled,0.2,0.2,0.4,0.4,point_sigma,0.18245330406894905,2.0,0.8824586241290411,13.789106073461548,0.9122665203447452,3.3721040061980623,702.2995815834818,0.15,0.75
30.0,FW6_YAW5,True,9.002074991293561e-10,90.74344037701289,20.0,decoupled,0.2,0.2,0.4,0.4,point_sigma,0.1630220021153798,2.0,0.9261897060790855,2.850228886640264,0.8151100105768989,1.145659180662976,1231.917593264436,0.15,1.0
40.0,FW6_YAW5,True,1.2281759610791593e-09,18.853547941656483,10.0,decoupled,0.2,0.2,0.4,0.4,point_sigma,0.15959906407811353,2.0,0.8044327555053185,24.63632733945684,0.7979953203905676,1.7369532450776146,1757.6107148566916,0.15,0.75
40.0,FW6_YAW5,True,2.3709700112482973e-08,52.655690951406044,10.0,decoupled,0.2,0.2,0.4,0.4,point_sigma,0.13635175400905644,2.0,0.8697453278375106,6.116124598402715,0.6817587700452822,0.05693768423193735,22006.21783268922,0.15,1.0
30.0,FW6_YAW5,True,-4.35297392869928e-09,28.742172102236616,20.0,decoupled,0.2,0.2,0.4,0.4,point_sigma,0.1968503742611048,2.0,0.8813104114075921,13.589570657445709,0.9842518713055239,2.614150351804419,1044.7165446039855,0.15,0.75
30.0,FW6_YAW5,True,1.5527110142503225e-09,86.97759692247887,20.0,decoupled,0.2,0.2,0.4,0.4,point_sigma,0.173422578762764,2.0,0.9230146382628717,3.127372219525468,0.8671128938138201,1.0217555278443773,1474.8481876813723,0.15,1.0
40.0,FW6_YAW5,True,1.1832760706409388e-09,20.25940791143539,10.0,decoupled,0.2,0.2,0.4,0.4,point_sigma,0.1704934183127221,2.0,0.8020477445297618,24.146646613230693,0.8524670915636104,1.0383174100362584,3079.1015439342214,0.15,0.75
40.0,FW6_YAW5,True,9.265854293800737e-10,52.14153008976218,10.0,decoupled,0.2,0.2,0.4,0.4,point_sigma,0.15069744472497984,2.0,0.8654176831396303,6.486381266024352,0.7534872236248992,0.17448123586282224,7425.386721035888,0.15,1.0
30.0,FW6_YAW5,True,-2.733039505840215e-09,28.99163067417761,20.0,decoupled,0.2,0.2,0.4,0.4,point_sigma,0.20481972121134095,2.0,0.8787575956697021,13.91328233717197,1.0240986060567048,2.263474166759948,1204.3509667757476,0.15,0.75
30.0,FW6_YAW5,True,1.4966652675002482e-09,86.54205346460694,20.0,decoupled,0.2,0.2,0.4,0.4,point_sigma,0.1790095836666851,2.0,0.9226362241324697,3.2033944532612786,0.8950479183334255,0.6801977799368896,2226.8267728426163,0.15,1.0
40.0,FW6_YAW5,True,3.147940796676588e-08,20.280475293520656,10.0,decoupled,0.2,0.2,0.4,0.4,point_sigma,0.17698333106282602,2.0,0.8002811487285104,24.90743759806874,0.88491665531413,0.6630589220061033,4850.978682612373,0.15,0.75
40.0,FW6_YAW5,True,-2.761031567591775e-10,51.043649323356995,10.0,decoupled,0.2,0.2,0.4,0.4,point_sigma,0.14786152775533523,2.0,0.8641138500130161,6.726798642256337,0.7393076387766762,0.13577564577413195,9653.566915690588,0.15,1.0
30.0,FW6_YAW5,True,-1.9949552156277688e-10,27.83606797662186,20.0,decoupled,0.2,0.2,0.4,0.4,point_sigma,0.19417073731622866,2.0,0.8816744086730296,13.87302729702009,0.9708536865811432,3.06235225986184,862.6813881534132,0.15,0.75
30.0,FW6_YAW5,True,9.760013098966374e-10,93.13452077958063,20.0,decoupled,0.2,0.2,0.4,0.4,point_sigma,0.171136647529282,2.0,0.9260135723299191,2.863157336908637,0.85568323764641,1.0753288674695667,1431.303148681263,0.15,1.0
40.0,FW6_YAW5,True,-4.794891805166408e-08,19.570152465870027,10.0,decoupled,0.2,0.2,0.4,0.4,point_sigma,0.1684766664065334,2.0,0.8041271060819417,24.765143366438693,0.8423833320326669,1.3825550983711463,2276.430464118479,0.15,0.75
40.0,FW6_YAW5,True,-4.817641835719714e-10,54.75807434758421,10.0,decoupled,0.2,0.2,0.4,0.4,point_sigma,0.14099740947390393,2.0,0.8697167706410679,6.066731738316038,0.7049870473695197,0.16190771769844584,8096.717188247043,0.15,1.0
30.0,FW6_YAW5,True,-1.8613933877504012e-09,27.710940402941848,20.0,decoupled,0.2,0.2,0.4,0.4,point_sigma,0.1871569742238101,2.0,0.884558204960279,13.70345527368461,0.9357848711190505,2.760560642361802,963.0248535313053,0.15,0.75
30.0,FW6_YAW5,True,-3.707651310910388e-09,91.87422922048091,20.0,decoupled,0.2,0.2,0.4,0.4,point_sigma,0.16683707415410984,2.0,0.927216245493809,2.876911690557912,0.8341853707705491,1.149310127939879,1279.0983625726838,0.15,1.0
40.0,FW6_YAW5,True,-1.2521684753187792e-09,19.59295832876759,10.0,decoupled,0.2,0.2,0.4,0.4,point_sigma,0.16468890601622949,2.0,0.8081161900491146,24.33533452892622,0.8234445300811474,1.5927746357253736,1953.4977819077137,0.15,0.75
40.0,FW6_YAW5,True,1.2870877851665672e-09,56.128277066074986,10.0,decoupled,0.2,0.2,0.4,0.4,point_sigma,0.14416312141466567,2.0,0.8731035383688722,5.86507953087029,0.7208156070733283,0.053716673188641095,23916.507576877033,0.15,1.0
30.0,FW6_YAW5,True,-3.566112174808707e-08,28.549960885049952,20.0,decoupled,0.2,0.2,0.4,0.4,point_sigma,0.19657801551520723,2.0,0.8827084789557984,13.454581619980205,0.9828900775760361,2.062243640750761,1323.4518283150387,0.15,0.75
30.0,FW6_YAW5,True,-3.3448148255570355e-09,98.85395684055588,20.0,decoupled,0.2,0.2,0.4,0.4,point_sigma,0.17071247760786626,2.0,0.926517377259067,2.6564864360210385,0.8535623880393313,0.6939917050871522,2095.3289379959233,0.15,1.0
40.0,FW6_YAW5,True,-3.4968719764764487e-09,19.988725226750862,10.0,decoupled,0.2,0.2,0.4,0.4,point_sigma,0.1709110770204956,2.0,0.8050698133349666,24.143785035842857,0.854555385102478,0.6861610275567843,4502.741717713327,0.15,0.75
40.0,FW6_YAW5,True,5.717858081374444e-10,57.07695980652944,10.0,decoupled,0.2,0.2,0.4,0.4,point_sigma,0.14057051930676762,2.0,0.8709351081088856,5.7372144084887315,0.702852596533838,0.44982738360358443,2778.2756939497513,0.15,1.0
30.0,FW6_YAW5,True,-1.6169367500717856e-09,28.75503862153603,20.0,decoupled,0.2,0.2,0.4,0.4,point_sigma,0.1987284961045011,2.0,0.8804326521913165,13.646619562196374,0.9936424805225055,2.8513297188936475,882.5631734620332,0.15,0.75
30.0,FW6_YAW5,True,-2.2746138349514876e-09,104.08580251693621,20.0,decoupled,0.2,0.2,0.4,0.4,point_sigma,0.17406873678217252,2.0,0.9254749952476393,2.589885113933422,0.8703436839108626,0.6621908166573349,2153.54150969348,0.15,1.0
40.0,FW6_YAW5,True,-5.935435851440012e-09,20.2968478772919,10.0,decoupled,0.2,0.2,0.4,0.4,point_sigma,0.17225380646462035,2.0,0.802083391948961,24.254170859764265,0.8612690323231017,1.0979743987408281,2799.939699937748,0.15,0.75
40.0,FW6_YAW5,True,3.292102300113135e-09,57.84433198558134,10.0,decoupled,0.2,0.2,0.4,0.4,point_sigma,0.14455185913532947,2.0,0.8681961202581769,5.804254867860954,0.7227592956766473,0.5225795197105132,2442.7639073850846,0.15,1.0
30.0,FW6_YAW5,True,3.857969891127046e-09,26.506113994125965,20.0,decoupled,0.2,0.2,0.4,0.4,point_sigma,0.17848330183178787,2.0,0.8803839978991332,13.611906278578907,0.8924165091589393,3.629968253648489,659.2895872829599,0.15,0.75
30.0,FW6_YAW5,True,4.7294768599495455e-09,81.44895520981662,20.0,decoupled,0.2,0.2,0.4,0.4,point_sigma,0.15901326620753656,2.0,0.9239589254828305,3.0924306188180144,0.7950663310376828,1.102923106958259,1265.9117005358705,0.15,1.0
40.0,FW6_YAW5,True,9.921597203864774e-10,18.666129460192636,10.0,decoupled,0.2,0.2,0.4,0.4,point_sigma,0.1555808903849097,2.0,0.8024027707504682,24.211866511089248,0.7779044519245484,1.4419312121650294,2141.613097473064,0.15,0.75
40.0,FW6_YAW5,True,2.6761346117568103e-10,49.39956045486796,10.0,decoupled,0.2,0.2,0.4,0.4,point_sigma,0.13812735030628903,2.0,0.8673033323189864,6.339378959965133,0.6906367515314451,0.01583207026762971,80101.81028499747,0.15,1.0
30.0,FW6_YAW5,True,3.46175412050267e-08,30.23403431266894,20.0,decoupled,0.2,0.2,0.4,0.4,point_sigma,0.20519030771916352,2.0,0.8856725216028856,13.140247374198506,1.0259515385958176,1.7690196107375789,1634.3105917560852,0.15,0.75
30.0,FW6_YAW5,True,3.262979153602979e-09,99.26905603254978,20.0,decoupled,0.2,0.2,0.4,0.4,point_sigma,0.17604764207847115,2.0,0.9277861019976319,2.719063554938266,0.8802382103923557,0.6944150508455988,2210.935505785452,0.15,1.0
40.0,FW6_YAW5,True,5.718203887182187e-08,21.054430926045967,10.0,decoupled,0.2,0.2,0.4,0.4,point_sigma,0.17838493201315944,2.0,0.8093495589027586,23.721322326395647,0.8919246600657972,0.8594481263132656,3608.07718138275,0.15,0.75
40.0,FW6_YAW5,True,-1.2487271151534358e-09,59.20694601237901,10.0,decoupled,0.2,0.2,0.4,0.4,point_sigma,0.14511640286191885,2.0,0.8737378739542109,5.6913118276676,0.7255820143095942,0.18752439210742083,6672.658070444359,0.15,1.0
30.0,FW6_YAW5,True,-2.1509900477456874e-09,27.01170547314072,20.0,decoupled,0.2,0.2,0.4,0.4,point_sigma,0.1925077589667497,2.0,0.8762740104507502,14.51113385058687,0.9625387948337485,3.5833081782074756,680.3984327772322,0.15,0.75
30.0,FW6_YAW5,True,2.0531510173425124e-09,86.42007209137196,20.0,decoupled,0.2,0.2,0.4,0.4,point_sigma,0.173522562961783,2.0,0.9215856005265323,3.1880919038031066,0.867612814808915,1.1101111396363137,1291.3257977295498,0.15,1.0
40.0,FW6_YAW5,True,4.28273614939118e-09,19.25245044929193,10.0,decoupled,0.2,0.2,0.4,0.4,point_sigma,0.16717659831230883,2.0,0.7970517951871102,25.431378842261015,0.8358829915615441,1.7493988141375074,1833.9966843767727,0.15,0.75
40.0,FW6_YAW5,True,4.37077390297409e-10,51.05624394783564,10.0,decoupled,0.2,0.2,0.4,0.4,point_sigma,0.14721696046828306,2.0,0.8630023364000322,6.687110544994179,0.7360848023414153,0.012205158589031475,107943.53409882028,0.15,1.0
30.0,FW6_YAW5,True,-7.388762483281303e-10,29.950630122605435,20.0,decoupled,0.2,0.2,0.4,0.4,point_sigma,0.19938442593151576,2.0,0.8876299988197429,12.999332372504059,0.9969221296575788,1.8552557506626324,1486.9097552042297,0.15,0.75
30.0,FW6_YAW5,True,-7.808850145609005e-10,114.38297028129122,20.0,decoupled,0.2,0.2,0.4,0.4,point_sigma,0.17186933213047786,2.0,0.9298720849861701,2.3402456716917373,0.8593466606523893,0.7688266383929507,1874.8591122002579,0.15,1.0
40.0,FW6_YAW5,True,4.0774501099753306e-08,20.841159491217383,10.0,decoupled,0.2,0.2,0.4,0.4,point_sigma,0.17345201720481915,2.0,0.8113797436610585,23.544801968308516,0.8672600860240957,1.1594023675325407,2604.313154989519,0.15,0.75
40.0,FW6_YAW5,True,4.379355039504679e-09,65.69298958449166,10.0,decoupled,0.2,0.2,0.4,0.4,point_sigma,0.14124295726137925,2.0,0.8767969660016879,5.098176777122341,0.7062147863068963,0.08042607876632865,14905.81912100233,0.15,1.0
30.0,FW6_YAW5,True,1.1185414460704415e-09,27.40008343322384,20.0,decoupled,0.2,0.2,0.4,0.4,point_sigma,0.1938681509913952,2.0,0.8802482696481408,14.000906285546307,0.969340754956976,2.7334345818287358,927.6119480653988,0.15,0.75
30.0,FW6_YAW5,True,1.2036173081062387e-09,89.63156712112746,20.0,decoupled,0.2,0.2,0.4,0.4,point_sigma,0.1692221204839913,2.0,0.9250365454951499,2.9543248880910142,0.8461106024199564,0.5812765017283109,2490.672967896115,0.15,1.0
40.0,FW6_YAW5,True,1.0872909060477217e-09,19.367560665682678,10.0,decoupled,0.2,0.2,0.4,0.4,point_sigma,0.16724003393680797,2.0,0.8015170116746833,24.83553062179706,0.8362001696840399,1.1482517272182335,2729.627792164936,0.15,0.75
40.0,FW6_YAW5,True,-1.0267204226939303e-09,52.60193632889093,10.0,decoupled,0.2,0.2,0.4,0.4,point_sigma,0.1405975545841518,2.0,0.8676802074289393,6.264619147090009,0.702987772920759,0.36183932000350594,3540.004375272565,0.15,1.0
30.0,FW6_YAW5,True,-3.2648791374558184e-10,28.256521496938284,20.0,decoupled,0.2,0.2,0.4,0.4,point_sigma,0.19503337210967395,2.0,0.8841211040011581,13.744352272284951,0.9751668605483697,2.6231600679338762,926.1730577490173,0.25,0.75
30.0,FW6_YAW5,True,4.393333974899046e-09,93.11630395154813,20.0,decoupled,0.2,0.2,0.4,0.4,point_sigma,0.17231275424714704,2.0,0.9274786980899956,2.9249653805887674,0.8615637712357351,0.6872461510983446,2009.2606158926642,0.25,1.0
40.0,FW6_YAW5,True,9.522218133068083e-09,19.908136028744593,10.0,decoupled,0.2,0.2,0.4,0.4,point_sigma,0.16972398568104904,2.0,0.8068651180661375,24.468063501925023,0.8486199284052451,1.0106241824240765,3024.427401361117,0.25,0.75
40.0,FW6_YAW5,True,1.0107308201438088e-08,56.05363655517024,10.0,decoupled,0.2,0.2,0.4,0.4,point_sigma,0.1436866561992329,2.0,0.8732862106729633,6.039286920999814,0.7184332809961644,0.36750348626083523,3369.861411645419,0.25,1.0
30.0,FW6_YAW5,True,-2.952001612330889e-09,31.761473773119416,20.0,decoupled,0.2,0.2,0.4,0.4,point_sigma,0.2109804305865049,2.0,0.8842290425398666,13.246669503412194,1.0549021529325244,2.043506263372943,1364.8361170315677,0.25,0.75
30.0,FW6_YAW5,True,-2.3009834162461663e-09,100.0024981895875,20.0,decoupled,0.2,0.2,0.4,0.4,point_sigma,0.1821530393848039,2.0,0.92521823616628,2.890660326385994,0.9107651969240195,1.066566240708428,1403.5218047927217,0.25,1.0
40.0,FW6_YAW5,True,-1.0938213799474366e-09,21.99193441153522,10.0,decoupled,0.2,0.2,0.4,0.4,point_sigma,0.18263827499540053,2.0,0.805302316878433,24.11134401460951,0.9131913749770026,0.7213378919610971,4345.791435006135,0.25,0.75
40.0,FW6_YAW5,True,-9.154383803602145e-10,58.97463729688841,10.0,decoupled,0.2,0.2,0.4,0.4,point_sigma,0.15589467740825563,2.0,0.8694072922285366,6.118174810143722,0.7794733870412781,0.07799015797790897,16262.949313249106,0.25,1.0
30.0,FW6_YAW5,True,1.501146032935494e-08,32.275273764943194,20.0,decoupled,0.2,0.2,0.4,0.4,point_sigma,0.21627191449217156,2.0,0.8855973113785885,12.956105036453721,1.0813595724608578,1.7174114246209657,1571.2997860709222,0.25,0.75
30.0,FW6_YAW5,True,-1.1352989935484023e-11,120.46728961120898,20.0,decoupled,0.2,0.2,0.4,0.4,point_sigma,0.17932662208423858,2.0,0.927940540375635,2.350638759376291,0.8966331104211929,0.6697663788114382,2229.4988140963237,0.25,1.0
40.0,FW6_YAW5,True,-5.622449392317243e-10,22.457771209607035,10.0,decoupled,0.2,0.2,0.4,0.4,point_sigma,0.1834278791302561,2.0,0.8094650287548522,23.43472906839078,0.9171393956512804,0.25167568402814,12245.857130662065,0.25,0.75
40.0,FW6_YAW5,True,-9.018323650022488e-09,67.64076601841968,10.0,decoupled,0.2,0.2,0.4,0.4,point_sigma,0.1485940955099734,2.0,0.8733202002088678,5.236773842056192,0.742970477549867,0.5403613033537945,2333.869587942448,0.25,1.0
30.0,FW6_YAW5,True,1.5070085108382345e-08,28.410549683541845,20.0,decoupled,0.2,0.2,0.4,0.4,point_sigma,0.20348537774880496,2.0,0.8808311996015477,14.082965910689087,1.0174268887440248,2.193499771500948,1253.0306630488092,0.25,0.75
30.0,FW6_YAW5,True,-3.5359896185037683e-09,111.53860226917817,20.0,decoupled,0.2,0.2,0.4,0.4,point_sigma,0.1797795247772775,2.0,0.9277533914426916,2.4861627085998093,0.8988976238863874,0.6941259218269077,2075.859276035989,0.25,1.0
40.0,FW6_YAW5,True,-7.183195282831612e-10,20.367385379506842,10.0,decoupled,0.2,0.2,0.4,0.4,point_sigma,0.17774531620869163,2.0,0.8031555562894414,24.631260322011826,0.8887265810434581,0.8083678865773157,3952.2599264060627,0.25,0.75
40.0,FW6_YAW5,True,2.665461465384489e-09,67.28408506517935,10.0,decoupled,0.2,0.2,0.4,0.4,point_sigma,0.15136762439868034,2.0,0.87455424060454,5.1259515677440355,0.7568381219934017,0.6351171513047756,2041.0007682817377,0.25,1.0
30.0,FW6_YAW5,True,-6.810680767151901e-10,27.58496786650883,20.0,decoupled,0.2,0.2,0.4,0.4,point_sigma,0.1935010562805779,2.0,0.8862788042660598,13.472725764107468,0.9675052814028895,1.5922388487949535,1644.9550900727418,0.25,0.75
30.0,FW6_YAW5,True,3.356046159275953e-09,94.13572675438577,20.0,decoupled,0.2,0.2,0.4,0.4,point_sigma,0.1593581265339725,2.0,0.9298088365696029,2.6793675134741273,0.7967906326698624,0.2894984834848784,4814.011383863895,0.25,1.0
40.0,FW6_YAW5,True,3.188514019553879e-09,19.389324920051465,10.0,decoupled,0.2,0.2,0.4,0.4,point_sigma,0.16529612793447487,2.0,0.8128580660210708,24.158348675167694,0.8264806396723743,0.013010333837121349,239020.4976937762,0.25,0.75
40.0,FW6_YAW5,True,6.877130505834378e-10,56.52489873563758,10.0,decoupled,0.2,0.2,0.4,0.4,point_sigma,0.13400819757075613,2.0,0.8769578402880848,5.595400086651557,0.6700409878537806,1.0333314529653514,1263.6541058115552,0.25,1.0
30.0,FW6_YAW5,True,1.392695399893084e-08,27.500704867839996,20.0,decoupled,0.2,0.2,0.4,0.4,point_sigma,0.19913631876264895,2.0,0.8837434175086394,14.144375211060632,0.9956815938132447,3.15337194791889,817.2625483502927,0.25,0.75
30.0,FW6_YAW5,True,1.9881762608935647e-09,93.43309036939043,20.0,decoupled,0.2,0.2,0.4,0.4,point_sigma,0.17636065288013683,2.0,0.9274448112511756,2.943631211808324,0.8818032644006841,1.1868870686732018,1239.0868804215281,0.25,1.0
40.0,FW6_YAW5,True,3.8299603363247374e-09,19.2314788265321,10.0,decoupled,0.2,0.2,0.4,0.4,point_sigma,0.17321408597312332,2.0,0.8062582575378383,25.323276462037256,0.8660704298656166,1.8663123050027772,1690.4481275661358,0.25,0.75
40.0,FW6_YAW5,True,-1.4468013263429336e-08,56.450983972613656,10.0,decoupled,0.2,0.2,0.4,0.4,point_sigma,0.1496324461879802,2.0,0.8734294895015317,6.053834487385751,0.7481622309399009,0.15059810782710992,8552.145791743364,0.25,1.0
30.0,FW6_YAW5,True,-1.4625335425054577e-09,30.203100145370993,20.0,decoupled,0.2,0.2,0.4,0.4,point_sigma,0.20834500148168178,2.0,0.8871923621493982,13.069709831477843,1.0417250074084088,0.1709864997490346,17274.286972736336,0.25,0.75
30.0,FW6_YAW5,True,6.9206524209568545e-09,140.72648013861982,20.0,decoupled,0.2,0.2,0.4,0.4,point_sigma,0.17242155503940843,2.0,0.930570395098501,1.8933749668665762,0.8621077751970421,0.45884068243513804,3269.484409976215,0.25,1.0
40.0,FW6_YAW5,True,1.4437881483515821e-09,20.815735030306147,10.0,decoupled,0.2,0.2,0.4,0.4,point_sigma,0.17952203075478726,2.0,0.812272042257962,23.945529988629954,0.8976101537739363,0.8672230381152296,3663.0823465895246,0.25,0.75
40.0,FW6_YAW5,True,7.0330941730413e-08,78.01097636903486,10.0,decoupled,0.2,0.2,0.4,0.4,point_sigma,0.14214457018059629,2.0,0.8787050786392505,4.286833703145492,0.7107228509029814,0.5860886694845511,2129.460618760008,0.25,1.0
30.0,FW6_YAW5,True,-4.438785294005165e-09,26.555621103552205,20.0,decoupled,0.2,0.2,0.4,0.4,point_sigma,0.1899101980635354,2.0,0.8784930678585123,14.358416186522069,0.949550990317677,2.9045300822615845,874.5529799514064,0.25,0.75
30.0,FW6_YAW5,True,7.3246317665309484e-09,79.48388153939007,20.0,decoupled,0.2,0.2,0.4,0.4,point_sigma,0.1682592350860383,2.0,0.9223034955138734,3.3357942315911986,0.8412961754301914,0.8155859769160977,1799.32900474777,0.25,1.0
40.0,FW6_YAW5,True,3.3968514831311246e-09,18.761094922431404,10.0,decoupled,0.2,0.2,0.4,0.4,point_sigma,0.1633775974394508,2.0,0.7984040528832512,25.460460204981207,0.816887987197254,1.345857628048528,2376.479273295564,0.25,0.75
40.0,FW6_YAW5,True,-1.4252801030908106e-08,47.355314058673585,10.0,decoupled,0.2,0.2,0.4,0.4,point_sigma,0.1391770389047567,2.0,0.8634068939923799,6.954095449222275,0.6958851945237834,0.2399785845301952,5664.493213646578,0.25,1.0
30.0,FW6_YAW5,True,-5.215073611912681e-09,28.925486913007354,20.0,decoupled,0.2,0.2,0.4,0.4,point_sigma,0.2029167336220164,2.0,0.8849076496770836,13.914006690080301,1.014583668110082,2.364561503108487,1165.870058367038,0.25,0.75
30.0,FW6_YAW5,True,-4.199155943194341e-09,109.05410120908597,20.0,decoupled,0.2,0.2,0.4,0.4,point_sigma,0.17680195752232272,2.0,0.9302323787693055,2.5675918836765286,0.8840097876116135,0.9805536385648664,1517.6503073115134,0.25,1.0
40.0,FW6_YAW5,True,-6.034171400694025e-09,20.338735216242625,10.0,decoupled,0.2,0.2,0.4,0.4,point_sigma,0.17648963161714132,2.0,0.8098457354945303,24.885378938110502,0.8824481580857065,1.5905344994790804,1936.2605935903557,0.25,0.75
40.0,FW6_YAW5,True,9.561908274938065e-10,64.40149572227345,10.0,decoupled,0.2,0.2,0.4,0.4,point_sigma,0.1534146891986044,2.0,0.8774930586856224,5.422015535231496,0.767073445993022,0.1604623836587856,7950.055057653639,0.25,1.0
30.0,FW6_YAW5,True,3.1002378038837265e-08,27.125446406736767,20.0,decoupled,0.2,0.2,0.4,0.4,point_sigma,0.19159147666648496,2.0,0.8804284854033841,14.303058288041269,0.9579573833324248,3.605784390384493,701.0949749570918,0.25,0.75
30.0,FW6_YAW5,True,1.4633429141580231e-08,78.96311794067528,20.0,decoupled,0.2,0.2,0.4,0.4,point_sigma,0.16996362070827126,2.0,0.9222230455408224,3.4195880565622794,0.8498181035413562,1.2866721270600743,1185.1817667373014,0.25,1.0
40.0,FW6_YAW5,True,-2.051248648073662e-09,19.030884821420607,10.0,decoupled,0.2,0.2,0.4,0.4,point_sigma,0.16619181551855727,2.0,0.8023227850889527,25.546855612933513,0.8309590775927863,1.7889468754792905,1802.8464349819694,0.25,0.75
40.0,FW6_YAW5,True,-7.123505813124586e-09,47.45822748117677,10.0,decoupled,0.2,0.2,0.4,0.4,point_sigma,0.14317493895481284,2.0,0.8640426345016725,7.064553297006935,0.7158746947740642,0.07455844807027878,18901.21435116314,0.25,1.0
30.0,FW6_YAW5,True,9.303575672322895e-10,30.69539062528848,20.0,decoupled,0.2,0.2,0.4,0.4,point_sigma,0.19870595457968812,2.0,0.8888190617486976,12.392178031916917,0.9935297728984406,2.309738018099708,1205.2822698597965,0.25,0.75
30.0,FW6_YAW5,True,1.0503897130640466e-09,101.41735191133053,20.0,decoupled,0.2,0.2,0.4,0.4,point_sigma,0.16969086074727846,2.0,0.928473473617646,2.5704141856020044,0.8484543037363923,1.0439203088711662,1445.9270903954462,0.25,1.0
40.0,FW6_YAW5,True,-1.2412762682427723e-08,20.983805438597543,10.0,decoupled,0.2,0.2,0.4,0.4,point_sigma,0.17105451758961368,2.0,0.8122520552348172,22.813363981006667,0.8552725879480684,1.7652801710668837,1650.1764937783337,0.25,0.75
40.0,FW6_YAW5,True,-5.660154868065993e-10,58.05962936878014,10.0,decoupled,0.2,0.2,0.4,0.4,point_sigma,0.1398509670138448,2.0,0.8736396096052752,5.601828720340051,0.699254835069224,0.33562692182228854,3522.01040568474,0.25,1.0
30.0,FW6_YAW5,True,-2.6602393921668612e-08,28.650548445263365,20.0,decoupled,0.2,0.2,0.4,0.4,point_sigma,0.18981475691297278,2.0,0.8850824223230412,12.958755023917945,0.9490737845648639,2.783652227847349,959.6610245572856,0.25,0.75
30.0,FW6_YAW5,True,4.9288336298143435e-09,89.80310331879677,20.0,decoupled,0.2,0.2,0.4,0.4,point_sigma,0.1645904464032281,2.0,0.9255716937403531,2.859861331618938,0.8229522320161404,1.0783793183462296,1336.6136184966858,0.25,1.0
40.0,FW6_YAW5,True,2.085489704635628e-10,19.94970475410971,10.0,decoupled,0.2,0.2,0.4,0.4,point_sigma,0.16341442866491374,2.0,0.8077152683824553,23.35752433018282,0.8170721433245687,1.8161771197872176,1643.4199067924053,0.25,0.75
40.0,FW6_YAW5,True,-5.978578167361256e-08,53.3913145083336,10.0,decoupled,0.2,0.2,0.4,0.4,point_sigma,0.13989300921318282,2.0,0.8697686022141502,5.986252795066638,0.6994650460659141,0.00977961250582335,125394.64643506099,0.25,1.0
30.0,FW6_YAW5,True,9.64701991821403e-11,14.447164570369141,20.0,decoupled,0.2,0.2,0.8,0.8,lr_asym,0.3159519192634736,4.0,0.7149863520957276,43.06295042994045,1.5797595963173678,4.875398506560209,1253.333390670111,0.0,0.75
30.0,FW6_YAW5,True,1.0408703129024265e-09,22.251352019281967,20.0,decoupled,0.2,0.2,0.8,0.8,lr_asym,0.2747825352741495,4.0,0.7859738980880578,20.453723985049724,1.3739126763707472,2.2117604571859677,1663.9093214281686,0.0,1.0
40.0,FW6_YAW5,True,5.806834098588386e-10,11.050620714261226,10.0,decoupled,0.2,0.2,0.8,0.8,lr_asym,0.22945430841961134,4.0,0.6070864036627716,65.3071542871697,1.1472715420980566,3.1937073961025315,2453.4687845618946,0.0,0.75
40.0,FW6_YAW5,True,3.274159996016329e-09,15.484422812229592,10.0,decoupled,0.2,0.2,0.8,0.8,lr_asym,0.20333692310919632,4.0,0.6827916395318441,33.967732382899655,1.0166846155459814,0.6392916762708296,6881.865484454651,0.0,1.0
30.0,FW6_YAW5,True,0.8318333404819465,14.240092124051944,20.0,decoupled,0.2,0.2,0.8400000000000001,0.76,lr_asym,0.3196558380238653,4.0,0.7159635729314465,43.49895484490026,1.5982791901193265,4.5914636679406335,1320.849978028143,0.05,0.75
30.0,FW6_YAW5,True,0.46702863389954336,21.702848911391342,20.0,decoupled,0.2,0.2,0.8400000000000001,0.76,lr_asym,0.2767648388233447,4.0,0.7867260950658126,20.967589897663064,1.3838241941167233,2.109913461408673,1710.9367715297253,0.05,1.0
40.0,FW6_YAW5,True,0.8870216811601956,10.96747585050421,10.0,decoupled,0.2,0.2,0.8400000000000001,0.76,lr_asym,0.23257291603524366,4.0,0.6082081640623401,65.9047130685812,1.1628645801762183,3.0595058985558117,2559.1062845220695,0.05,0.75
40.0,FW6_YAW5,True,0.5009256589170501,15.306601375063126,10.0,decoupled,0.2,0.2,0.8400000000000001,0.76,lr_asym,0.20357992984808976,4.0,0.6837901230086251,34.73645592481248,1.0178996492404486,0.6358014003474213,7056.419401332743,0.05,1.0
30.0,FW6_YAW5,True,1.6447176195367288,13.692613701945984,20.0,decoupled,0.2,0.2,0.8800000000000001,0.7200000000000001,lr_asym,0.32304093664361916,4.0,0.719091118497228,43.75923032363858,1.6152046832180957,4.154670030467202,1465.575148355532,0.1,0.75
30.0,FW6_YAW5,True,0.9330460428983798,20.25387565532658,20.0,decoupled,0.2,0.2,0.8800000000000001,0.7200000000000001,lr_asym,0.2765040242358155,4.0,0.7892724238978969,21.414697245799847,1.3825201211790774,2.0806584911503245,1725.4761741787709,0.1,1.0
40.0,FW6_YAW5,True,1.7924098121299499,10.729715606192682,10.0,decoupled,0.2,0.2,0.8800000000000001,0.7200000000000001,lr_asym,0.2350828885618391,4.0,0.6113309311541248,66.33830654729593,1.1754144428091955,2.9222964409897383,2675.037211754249,0.1,0.75
40.0,FW6_YAW5,True,1.0061430179235604,14.796925098752425,10.0,decoupled,0.2,0.2,0.8800000000000001,0.7200000000000001,lr_asym,0.20307322188353488,4.0,0.6866487220629766,35.38766958223025,1.0153661094176742,0.6743818717075696,6788.071152097198,0.1,1.0
30.0,FW6_YAW5,True,3.301425862455295,11.912806647355378,20.0,decoupled,0.2,0.2,0.96,0.6400000000000001,lr_asym,0.31334008969312327,4.0,0.7328419527387308,43.82975134804735,1.5667004484656162,4.080040278605798,1473.3563299472178,0.2,0.75
30.0,FW6_YAW5,True,1.8833975644216907,16.22382498567141,20.0,decoupled,0.2,0.2,0.96,0.6400000000000001,lr_asym,0.26873639843822766,4.0,0.7986630966150223,22.227971658154477,1.3436819921911383,2.04943687277698,1739.62419087194,0.2,1.0
40.0,FW6_YAW5,True,3.703593359895446,9.855251035760169,10.0,decoupled,0.2,0.2,0.96,0.6400000000000001,lr_asym,0.23735142635316153,4.0,0.6249947941502509,66.81644526480204,1.1867571317658077,2.723231545321948,2855.031735921545,0.2,0.75
40.0,FW6_YAW5,True,2.0779445295524885,13.018330163017186,10.0,decoupled,0.2,0.2,0.96,0.6400000000000001,lr_asym,0.19997879587143244,4.0,0.6990242109322333,36.481141197578765,0.9998939793571622,0.8847831733215483,5251.538899082057,0.2,1.0
30.0,FW6_YAW5,True,5.2329817796287985,9.693399648850445,20.0,decoupled,0.2,0.2,1.04,0.5599999999999999,lr_asym,0.3061648417324919,4.0,0.7540358290075633,43.93490797368906,1.5308242086624595,4.038699942370042,1454.361422710429,0.3,0.75
30.0,FW6_YAW5,True,2.914550167419679,12.329684832932111,20.0,decoupled,0.2,0.2,1.04,0.5599999999999999,lr_asym,0.2555374374981576,4.0,0.8132197568046897,23.15340043499411,1.277687187490788,2.0337732810421087,1744.159682589361,0.3,1.0
40.0,FW6_YAW5,True,5.796545609248927,8.569680526461202,10.0,decoupled,0.2,0.2,1.04,0.5599999999999999,lr_asym,0.2299728923633313,4.0,0.6469350669071586,67.17265052383061,1.1498644618166565,2.604250788933566,2982.691111836476,0.3,0.75
40.0,FW6_YAW5,True,3.248480868561452,10.77413552184715,10.0,decoupled,0.2,0.2,1.04,0.5599999999999999,lr_asym,0.19483267262088788,4.0,0.7173460338023612,37.53370835654049,0.9741633631044394,0.8569664040371379,5453.30025099374,0.3,1.0
30.0,FW6_YAW5,True,-2.426795027503478e-10,14.447161724434626,20.0,decoupled,0.1,0.2,0.8,0.8,fb_ratio,0.31595185122317143,4.0,0.714986321532589,43.06295786269466,1.579759256115857,4.886916909127075,1243.9510590748823,0.5,0.75
30.0,FW6_YAW5,True,4.879066298005478e-10,22.25135076206895,20.0,decoupled,0.1,0.2,0.8,0.8,fb_ratio,0.27465978269672314,4.0,0.7859738909150078,20.45372502988335,1.3732989134836155,2.111997660577592,1691.7932935564293,0.5,1.0
40.0,FW6_YAW5,True,-8.207659897117715e-11,11.050620709493508,10.0,decoupled,0.1,0.2,0.8,0.8,fb_ratio,0.2294543084196113,4.0,0.6070864036712885,65.30715429044365,1.1472715420980566,3.193707400052113,2453.468780646599,0.5,0.75
40.0,FW6_YAW5,True,3.2745265549433674e-09,15.4844228119299,10.0,decoupled,0.1,0.2,0.8,0.8,fb_ratio,0.20333692310919615,4.0,0.6827916395288485,33.9677323834563,1.0166846155459808,0.6409383463868031,6865.170759195791,0.5,1.0
30.0,FW6_YAW5,True,9.140548390737779e-10,14.447163439058377,20.0,decoupled,0.16000000000000003,0.2,0.8,0.8,fb_ratio,0.3159518908803448,4.0,0.7149863398308884,43.062953402720005,1.579759454401724,4.878875021075267,1250.4833671884428,0.8,0.75
30.0,FW6_YAW5,True,5.366255712725356e-10,22.251351516789907,20.0,decoupled,0.16000000000000003,0.2,0.8,0.8,fb_ratio,0.27473497454697277,4.0,0.7859738952193939,20.45372440297313,1.3736748727348638,2.178377049116076,1673.6082021308637,0.8,1.0
40.0,FW6_YAW5,True,9.973360731305594e-10,11.050620719287975,10.0,decoupled,0.16000000000000003,0.2,0.8,0.8,fb_ratio,0.22945430841961134,4.0,0.6070864036474463,65.3071542857006,1.1472715420980566,3.193707398892641,2453.468783155638,0.8,0.75
40.0,FW6_YAW5,True,3.2744025133107904e-09,15.484422812109624,10.0,decoupled,0.16000000000000003,0.2,0.8,0.8,fb_ratio,0.2033369231091962,4.0,0.6827916395306457,33.96773238312229,1.016684615545981,0.6399621278225217,6875.047990995632,0.8,1.0
30.0,FW6_YAW5,True,9.64701991821403e-11,14.447164570369141,20.0,decoupled,0.2,0.2,0.8,0.8,fb_ratio,0.3159519192634736,4.0,0.7149863520957276,43.06295042994045,1.5797595963173678,4.875398506560209,1253.333390670111,1.0,0.75
30.0,FW6_YAW5,True,1.0408703129024265e-09,22.251352019281967,20.0,decoupled,0.2,0.2,0.8,0.8,fb_ratio,0.2747825352741495,4.0,0.7859738980880578,20.453723985049724,1.3739126763707472,2.2117604571859677,1663.9093214281686,1.0,1.0
40.0,FW6_YAW5,True,5.806834098588386e-10,11.050620714261226,10.0,decoupled,0.2,0.2,0.8,0.8,fb_ratio,0.22945430841961134,4.0,0.6070864036627716,65.3071542871697,1.1472715420980566,3.1937073961025315,2453.4687845618946,1.0,0.75
40.0,FW6_YAW5,True,3.274159996016329e-09,15.484422812229592,10.0,decoupled,0.2,0.2,0.8,0.8,fb_ratio,0.20333692310919632,4.0,0.6827916395318441,33.967732382899655,1.0166846155459814,0.6392916762708296,6881.865484454651,1.0,1.0
30.0,FW6_YAW5,True,-6.645371437582835e-11,14.447167415544332,20.0,decoupled,0.30000000000000004,0.2,0.8,0.8,fb_ratio,0.31595199008406577,4.0,0.7149863826752682,43.06294299563468,1.5797599504203288,4.871733048737954,1257.1433438928034,1.5,0.75
30.0,FW6_YAW5,True,7.73731947082289e-10,22.25135327762378,20.0,decoupled,0.30000000000000004,0.2,0.8,0.8,fb_ratio,0.274891808038074,4.0,0.785973905262468,20.453722940209353,1.37445904019037,2.268790574793988,1646.5514444030905,1.5,1.0
40.0,FW6_YAW5,True,-1.0533201966336802e-11,11.0506207097994,10.0,decoupled,0.30000000000000004,0.2,0.8,0.8,fb_ratio,0.22945430841961134,4.0,0.6070864036719815,65.30715428981101,1.1472715420980566,3.193707399237459,2453.468781316885,1.5,0.75
40.0,FW6_YAW5,True,3.2731199546354903e-09,15.484422812529697,10.0,decoupled,0.30000000000000004,0.2,0.8,0.8,fb_ratio,0.2033369231091966,4.0,0.682791639534841,33.967732382343065,1.016684615545983,0.637523360073611,6899.957233684621,1.5,1.0
30.0,FW6_YAW5,True,-5.5957883926998745e-11,14.44717595715351,20.0,decoupled,0.6000000000000001,0.2,0.8,0.8,fb_ratio,0.315952202723372,4.0,0.714986474437615,43.06292068278064,1.5797610136168598,4.872789868927361,1259.458209779689,3.0,0.75
30.0,FW6_YAW5,True,3.901663556202321e-09,22.251357047316095,20.0,decoupled,0.6000000000000001,0.2,0.8,0.8,fb_ratio,0.2751397973833079,4.0,0.7859739267777586,20.453719805831447,1.3756989869165395,2.3318180788016893,1628.5743728564764,3.0,1.0
40.0,FW6_YAW5,True,1.3123604726654763e-10,11.050620710127012,10.0,decoupled,0.6000000000000001,0.2,0.8,0.8,fb_ratio,0.2294543084196113,4.0,0.6070864036652737,65.30715429128544,1.1472715420980566,3.1937074011928948,2453.4687812134307,3.0,0.75
40.0,FW6_YAW5,True,3.287742554783519e-09,15.484422813418632,10.0,decoupled,0.6000000000000001,0.2,0.8,0.8,fb_ratio,0.20333692310919696,4.0,0.6827916395438082,33.967732380672615,1.0166846155459848,0.6312655772939884,6964.96227786567,3.0,1.0
30.0,FW6_YAW5,True,9.64701991821403e-11,14.447164570369141,20.0,decoupled,0.2,0.2,0.8,0.8,point_sigma,0.3159519192634736,4.0,0.7149863520957276,43.06295042994045,1.5797595963173678,4.875398506560209,1253.333390670111,0.0,0.75
30.0,FW6_YAW5,True,1.0408703129024265e-09,22.251352019281967,20.0,decoupled,0.2,0.2,0.8,0.8,point_sigma,0.2747825352741495,4.0,0.7859738980880578,20.453723985049724,1.3739126763707472,2.2117604571859677,1663.9093214281686,0.0,1.0
40.0,FW6_YAW5,True,5.806834098588386e-10,11.050620714261226,10.0,decoupled,0.2,0.2,0.8,0.8,point_sigma,0.22945430841961134,4.0,0.6070864036627716,65.3071542871697,1.1472715420980566,3.1937073961025315,2453.4687845618946,0.0,0.75
40.0,FW6_YAW5,True,3.274159996016329e-09,15.484422812229592,10.0,decoupled,0.2,0.2,0.8,0.8,point_sigma,0.20333692310919632,4.0,0.6827916395318441,33.967732382899655,1.0166846155459814,0.6392916762708296,6881.865484454651,0.0,1.0
30.0,FW6_YAW5,True,9.64701991821403e-11,14.447164570369141,20.0,decoupled,0.2,0.2,0.8,0.8,point_sigma,0.3159519192634736,4.0,0.7149863520957276,43.06295042994045,1.5797595963173678,4.875398506560209,1253.333390670111,0.0,0.75
30.0,FW6_YAW5,True,1.0408703129024265e-09,22.251352019281967,20.0,decoupled,0.2,0.2,0.8,0.8,point_sigma,0.2747825352741495,4.0,0.7859738980880578,20.453723985049724,1.3739126763707472,2.2117604571859677,1663.9093214281686,0.0,1.0
40.0,FW6_YAW5,True,5.806834098588386e-10,11.050620714261226,10.0,decoupled,0.2,0.2,0.8,0.8,point_sigma,0.22945430841961134,4.0,0.6070864036627716,65.3071542871697,1.1472715420980566,3.1937073961025315,2453.4687845618946,0.0,0.75
40.0,FW6_YAW5,True,3.274159996016329e-09,15.484422812229592,10.0,decoupled,0.2,0.2,0.8,0.8,point_sigma,0.20333692310919632,4.0,0.6827916395318441,33.967732382899655,1.0166846155459814,0.6392916762708296,6881.865484454651,0.0,1.0
30.0,FW6_YAW5,True,9.64701991821403e-11,14.447164570369141,20.0,decoupled,0.2,0.2,0.8,0.8,point_sigma,0.3159519192634736,4.0,0.7149863520957276,43.06295042994045,1.5797595963173678,4.875398506560209,1253.333390670111,0.0,0.75
30.0,FW6_YAW5,True,1.0408703129024265e-09,22.251352019281967,20.0,decoupled,0.2,0.2,0.8,0.8,point_sigma,0.2747825352741495,4.0,0.7859738980880578,20.453723985049724,1.3739126763707472,2.2117604571859677,1663.9093214281686,0.0,1.0
40.0,FW6_YAW5,True,5.806834098588386e-10,11.050620714261226,10.0,decoupled,0.2,0.2,0.8,0.8,point_sigma,0.22945430841961134,4.0,0.6070864036627716,65.3071542871697,1.1472715420980566,3.1937073961025315,2453.4687845618946,0.0,0.75
40.0,FW6_YAW5,True,3.274159996016329e-09,15.484422812229592,10.0,decoupled,0.2,0.2,0.8,0.8,point_sigma,0.20333692310919632,4.0,0.6827916395318441,33.967732382899655,1.0166846155459814,0.6392916762708296,6881.865484454651,0.0,1.0
30.0,FW6_YAW5,True,9.64701991821403e-11,14.447164570369141,20.0,decoupled,0.2,0.2,0.8,0.8,point_sigma,0.3159519192634736,4.0,0.7149863520957276,43.06295042994045,1.5797595963173678,4.875398506560209,1253.333390670111,0.0,0.75
30.0,FW6_YAW5,True,1.0408703129024265e-09,22.251352019281967,20.0,decoupled,0.2,0.2,0.8,0.8,point_sigma,0.2747825352741495,4.0,0.7859738980880578,20.453723985049724,1.3739126763707472,2.2117604571859677,1663.9093214281686,0.0,1.0
40.0,FW6_YAW5,True,5.806834098588386e-10,11.050620714261226,10.0,decoupled,0.2,0.2,0.8,0.8,point_sigma,0.22945430841961134,4.0,0.6070864036627716,65.3071542871697,1.1472715420980566,3.1937073961025315,2453.4687845618946,0.0,0.75
40.0,FW6_YAW5,True,3.274159996016329e-09,15.484422812229592,10.0,decoupled,0.2,0.2,0.8,0.8,point_sigma,0.20333692310919632,4.0,0.6827916395318441,33.967732382899655,1.0166846155459814,0.6392916762708296,6881.865484454651,0.0,1.0
30.0,FW6_YAW5,True,9.64701991821403e-11,14.447164570369141,20.0,decoupled,0.2,0.2,0.8,0.8,point_sigma,0.3159519192634736,4.0,0.7149863520957276,43.06295042994045,1.5797595963173678,4.875398506560209,1253.333390670111,0.0,0.75
30.0,FW6_YAW5,True,1.0408703129024265e-09,22.251352019281967,20.0,decoupled,0.2,0.2,0.8,0.8,point_sigma,0.2747825352741495,4.0,0.7859738980880578,20.453723985049724,1.3739126763707472,2.2117604571859677,1663.9093214281686,0.0,1.0
40.0,FW6_YAW5,True,5.806834098588386e-10,11.050620714261226,10.0,decoupled,0.2,0.2,0.8,0.8,point_sigma,0.22945430841961134,4.0,0.6070864036627716,65.3071542871697,1.1472715420980566,3.1937073961025315,2453.4687845618946,0.0,0.75
40.0,FW6_YAW5,True,3.274159996016329e-09,15.484422812229592,10.0,decoupled,0.2,0.2,0.8,0.8,point_sigma,0.20333692310919632,4.0,0.6827916395318441,33.967732382899655,1.0166846155459814,0.6392916762708296,6881.865484454651,0.0,1.0
30.0,FW6_YAW5,True,9.64701991821403e-11,14.447164570369141,20.0,decoupled,0.2,0.2,0.8,0.8,point_sigma,0.3159519192634736,4.0,0.7149863520957276,43.06295042994045,1.5797595963173678,4.875398506560209,1253.333390670111,0.0,0.75
30.0,FW6_YAW5,True,1.0408703129024265e-09,22.251352019281967,20.0,decoupled,0.2,0.2,0.8,0.8,point_sigma,0.2747825352741495,4.0,0.7859738980880578,20.453723985049724,1.3739126763707472,2.2117604571859677,1663.9093214281686,0.0,1.0
40.0,FW6_YAW5,True,5.806834098588386e-10,11.050620714261226,10.0,decoupled,0.2,0.2,0.8,0.8,point_sigma,0.22945430841961134,4.0,0.6070864036627716,65.3071542871697,1.1472715420980566,3.1937073961025315,2453.4687845618946,0.0,0.75
40.0,FW6_YAW5,True,3.274159996016329e-09,15.484422812229592,10.0,decoupled,0.2,0.2,0.8,0.8,point_sigma,0.20333692310919632,4.0,0.6827916395318441,33.967732382899655,1.0166846155459814,0.6392916762708296,6881.865484454651,0.0,1.0
30.0,FW6_YAW5,True,9.64701991821403e-11,14.447164570369141,20.0,decoupled,0.2,0.2,0.8,0.8,point_sigma,0.3159519192634736,4.0,0.7149863520957276,43.06295042994045,1.5797595963173678,4.875398506560209,1253.333390670111,0.0,0.75
30.0,FW6_YAW5,True,1.0408703129024265e-09,22.251352019281967,20.0,decoupled,0.2,0.2,0.8,0.8,point_sigma,0.2747825352741495,4.0,0.7859738980880578,20.453723985049724,1.3739126763707472,2.2117604571859677,1663.9093214281686,0.0,1.0
40.0,FW6_YAW5,True,5.806834098588386e-10,11.050620714261226,10.0,decoupled,0.2,0.2,0.8,0.8,point_sigma,0.22945430841961134,4.0,0.6070864036627716,65.3071542871697,1.1472715420980566,3.1937073961025315,2453.4687845618946,0.0,0.75
40.0,FW6_YAW5,True,3.274159996016329e-09,15.484422812229592,10.0,decoupled,0.2,0.2,0.8,0.8,point_sigma,0.20333692310919632,4.0,0.6827916395318441,33.967732382899655,1.0166846155459814,0.6392916762708296,6881.865484454651,0.0,1.0
30.0,FW6_YAW5,True,9.64701991821403e-11,14.447164570369141,20.0,decoupled,0.2,0.2,0.8,0.8,point_sigma,0.3159519192634736,4.0,0.7149863520957276,43.06295042994045,1.5797595963173678,4.875398506560209,1253.333390670111,0.0,0.75
30.0,FW6_YAW5,True,1.0408703129024265e-09,22.251352019281967,20.0,decoupled,0.2,0.2,0.8,0.8,point_sigma,0.2747825352741495,4.0,0.7859738980880578,20.453723985049724,1.3739126763707472,2.2117604571859677,1663.9093214281686,0.0,1.0
40.0,FW6_YAW5,True,5.806834098588386e-10,11.050620714261226,10.0,decoupled,0.2,0.2,0.8,0.8,point_sigma,0.22945430841961134,4.0,0.6070864036627716,65.3071542871697,1.1472715420980566,3.1937073961025315,2453.4687845618946,0.0,0.75
40.0,FW6_YAW5,True,3.274159996016329e-09,15.484422812229592,10.0,decoupled,0.2,0.2,0.8,0.8,point_sigma,0.20333692310919632,4.0,0.6827916395318441,33.967732382899655,1.0166846155459814,0.6392916762708296,6881.865484454651,0.0,1.0
30.0,FW6_YAW5,True,9.64701991821403e-11,14.447164570369141,20.0,decoupled,0.2,0.2,0.8,0.8,point_sigma,0.3159519192634736,4.0,0.7149863520957276,43.06295042994045,1.5797595963173678,4.875398506560209,1253.333390670111,0.0,0.75
30.0,FW6_YAW5,True,1.0408703129024265e-09,22.251352019281967,20.0,decoupled,0.2,0.2,0.8,0.8,point_sigma,0.2747825352741495,4.0,0.7859738980880578,20.453723985049724,1.3739126763707472,2.2117604571859677,1663.9093214281686,0.0,1.0
40.0,FW6_YAW5,True,5.806834098588386e-10,11.050620714261226,10.0,decoupled,0.2,0.2,0.8,0.8,point_sigma,0.22945430841961134,4.0,0.6070864036627716,65.3071542871697,1.1472715420980566,3.1937073961025315,2453.4687845618946,0.0,0.75
40.0,FW6_YAW5,True,3.274159996016329e-09,15.484422812229592,10.0,decoupled,0.2,0.2,0.8,0.8,point_sigma,0.20333692310919632,4.0,0.6827916395318441,33.967732382899655,1.0166846155459814,0.6392916762708296,6881.865484454651,0.0,1.0
30.0,FW6_YAW5,True,9.64701991821403e-11,14.447164570369141,20.0,decoupled,0.2,0.2,0.8,0.8,point_sigma,0.3159519192634736,4.0,0.7149863520957276,43.06295042994045,1.5797595963173678,4.875398506560209,1253.333390670111,0.0,0.75
30.0,FW6_YAW5,True,1.0408703129024265e-09,22.251352019281967,20.0,decoupled,0.2,0.2,0.8,0.8,point_sigma,0.2747825352741495,4.0,0.7859738980880578,20.453723985049724,1.3739126763707472,2.2117604571859677,1663.9093214281686,0.0,1.0
40.0,FW6_YAW5,True,5.806834098588386e-10,11.050620714261226,10.0,decoupled,0.2,0.2,0.8,0.8,point_sigma,0.22945430841961134,4.0,0.6070864036627716,65.3071542871697,1.1472715420980566,3.1937073961025315,2453.4687845618946,0.0,0.75
40.0,FW6_YAW5,True,3.274159996016329e-09,15.484422812229592,10.0,decoupled,0.2,0.2,0.8,0.8,point_sigma,0.20333692310919632,4.0,0.6827916395318441,33.967732382899655,1.0166846155459814,0.6392916762708296,6881.865484454651,0.0,1.0
30.0,FW6_YAW5,True,9.64701991821403e-11,14.447164570369141,20.0,decoupled,0.2,0.2,0.8,0.8,point_sigma,0.3159519192634736,4.0,0.7149863520957276,43.06295042994045,1.5797595963173678,4.875398506560209,1253.333390670111,0.0,0.75
30.0,FW6_YAW5,True,1.0408703129024265e-09,22.251352019281967,20.0,decoupled,0.2,0.2,0.8,0.8,point_sigma,0.2747825352741495,4.0,0.7859738980880578,20.453723985049724,1.3739126763707472,2.2117604571859677,1663.9093214281686,0.0,1.0
40.0,FW6_YAW5,True,5.806834098588386e-10,11.050620714261226,10.0,decoupled,0.2,0.2,0.8,0.8,point_sigma,0.22945430841961134,4.0,0.6070864036627716,65.3071542871697,1.1472715420980566,3.1937073961025315,2453.4687845618946,0.0,0.75
40.0,FW6_YAW5,True,3.274159996016329e-09,15.484422812229592,10.0,decoupled,0.2,0.2,0.8,0.8,point_sigma,0.20333692310919632,4.0,0.6827916395318441,33.967732382899655,1.0166846155459814,0.6392916762708296,6881.865484454651,0.0,1.0
30.0,FW6_YAW5,True,9.64701991821403e-11,14.447164570369141,20.0,decoupled,0.2,0.2,0.8,0.8,point_sigma,0.3159519192634736,4.0,0.7149863520957276,43.06295042994045,1.5797595963173678,4.875398506560209,1253.333390670111,0.0,0.75
30.0,FW6_YAW5,True,1.0408703129024265e-09,22.251352019281967,20.0,decoupled,0.2,0.2,0.8,0.8,point_sigma,0.2747825352741495,4.0,0.7859738980880578,20.453723985049724,1.3739126763707472,2.2117604571859677,1663.9093214281686,0.0,1.0
40.0,FW6_YAW5,True,5.806834098588386e-10,11.050620714261226,10.0,decoupled,0.2,0.2,0.8,0.8,point_sigma,0.22945430841961134,4.0,0.6070864036627716,65.3071542871697,1.1472715420980566,3.1937073961025315,2453.4687845618946,0.0,0.75
40.0,FW6_YAW5,True,3.274159996016329e-09,15.484422812229592,10.0,decoupled,0.2,0.2,0.8,0.8,point_sigma,0.20333692310919632,4.0,0.6827916395318441,33.967732382899655,1.0166846155459814,0.6392916762708296,6881.865484454651,0.0,1.0
30.0,FW6_YAW5,True,-1.1134406315000443e-10,14.595038807513118,20.0,decoupled,0.2,0.2,0.8,0.8,point_sigma,0.3177620534906864,4.0,0.7144680178508718,43.150766174596995,1.5888102674534321,4.637503502971181,1320.89779632852,0.05,0.75
30.0,FW6_YAW5,True,2.126029054605562e-09,22.448504616740838,20.0,decoupled,0.2,0.2,0.8,0.8,point_sigma,0.27686601461565097,4.0,0.7850976037899283,20.543326256271808,1.3843300730782548,2.1422024188582127,1718.6579949996603,0.05,1.0
40.0,FW6_YAW5,True,3.810535098607699e-10,11.174867641378942,10.0,decoupled,0.2,0.2,0.8,0.8,point_sigma,0.23055792497794775,4.0,0.606507463143409,65.38934648103657,1.1527896248897387,3.0880444022168407,2541.467794489798,0.05,0.75
40.0,FW6_YAW5,True,1.1681159567517429e-09,15.647173574692683,10.0,decoupled,0.2,0.2,0.8,0.8,point_sigma,0.20467318447629587,4.0,0.6821114968773603,34.05335947137647,1.0233659223814793,0.5930579853191984,7422.435123769632,0.05,1.0
30.0,FW6_YAW5,True,1.804960806037194e-09,14.416819180050915,20.0,decoupled,0.2,0.2,0.8,0.8,point_sigma,0.3253753660720384,4.0,0.7079082956084748,44.086326047538606,1.6268768303601917,4.992090941837696,1246.1903492534045,0.05,0.75
30.0,FW6_YAW5,True,6.793366622604685e-10,22.17359507735349,20.0,decoupled,0.2,0.2,0.8,0.8,point_sigma,0.28328403472541064,4.0,0.7809924788066578,20.958454466938747,1.4164201736270532,2.3331654337435888,1598.233991177676,0.05,1.0
40.0,FW6_YAW5,True,-6.161069171375056e-09,11.05584854042071,10.0,decoupled,0.2,0.2,0.8,0.8,point_sigma,0.2352575415257224,4.0,0.6004335833791129,66.60797746814532,1.176287707628612,3.3190821804336657,2402.830619784877,0.05,0.75
40.0,FW6_YAW5,True,-7.556298201127393e-09,15.448046111350212,10.0,decoupled,0.2,0.2,0.8,0.8,point_sigma,0.2078952573368378,4.0,0.6772466718833943,34.676062521144644,1.039476286684189,0.7617652716127696,5881.046167709459,0.05,1.0
30.0,FW6_YAW5,True,4.19435012507065e-09,14.515018848241294,20.0,decoupled,0.2,0.2,0.8,0.8,point_sigma,0.31652982437136196,4.0,0.7161610847931701,42.930518001998266,1.5826491218568097,4.927656369286495,1237.3634914326321,0.05,0.75
30.0,FW6_YAW5,True,4.734943438308311e-10,22.329446023519967,20.0,decoupled,0.2,0.2,0.8,0.8,point_sigma,0.2752022651381987,4.0,0.7868078895369682,20.40356837459425,1.3760113256909934,2.2449366734266234,1639.3002084022496,0.05,1.0
40.0,FW6_YAW5,True,5.515876956328104e-12,11.084392443689477,10.0,decoupled,0.2,0.2,0.8,0.8,point_sigma,0.23015293474679774,4.0,0.6078243802200338,65.23166183910253,1.1507646737339887,3.2483836760499027,2409.435700000458,0.05,0.75
40.0,FW6_YAW5,True,1.6505854283243288e-09,15.51455295062359,10.0,decoupled,0.2,0.2,0.8,0.8,point_sigma,0.20436084829262954,4.0,0.683270562143208,33.95576367436503,1.0218042414631476,0.6843369719546493,6417.767942475311,0.05,1.0
30.0,FW6_YAW5,True,3.482768601880169e-09,14.18814092132644,20.0,decoupled,0.2,0.2,0.8,0.8,point_sigma,0.31261662860702016,4.0,0.7132959274775929,43.31761021199608,1.5630831430351007,5.045756487531426,1216.0913344318117,0.05,0.75
30.0,FW6_YAW5,True,-2.4655687720558647e-09,21.818798146513142,20.0,decoupled,0.2,0.2,0.8,0.8,point_sigma,0.2725872438726667,4.0,0.7844032083124918,20.608704417731346,1.3629362193633334,2.299952273633674,1608.7280874357582,0.05,1.0
40.0,FW6_YAW5,True,-1.8847330931416507e-10,10.855828977506164,10.0,decoupled,0.2,0.2,0.8,0.8,point_sigma,0.22670316782955655,4.0,0.6053527111774275,65.63764296776218,1.1335158391477826,3.3272357482501937,2364.0543340989298,0.05,0.75
40.0,FW6_YAW5,True,2.0201937121638524e-09,15.182482953912528,10.0,decoupled,0.2,0.2,0.8,0.8,point_sigma,0.20111619980538978,4.0,0.6811060828951029,34.18148012489086,1.0055809990269489,0.7126128115117056,6208.558748641618,0.05,1.0
30.0,FW6_YAW5,True,3.449674930419541e-09,14.256104858478082,20.0,decoupled,0.2,0.2,0.8,0.8,point_sigma,0.31698997599112266,4.0,0.7103480332232309,43.75454250605364,1.5849498799556132,5.1054732448317,1199.8619537505263,0.05,0.75
30.0,FW6_YAW5,True,-3.328641307432458e-10,21.74594580656082,20.0,decoupled,0.2,0.2,0.8,0.8,point_sigma,0.2769135893017027,4.0,0.7809998522077926,21.012011985758225,1.3845679465085132,2.3191638985521923,1594.5322906936135,0.05,1.0
40.0,FW6_YAW5,True,-1.1586363135236409e-10,10.933604448638746,10.0,decoupled,0.2,0.2,0.8,0.8,point_sigma,0.22958036606387497,4.0,0.602832814461443,66.1031725175292,1.1479018303193749,3.4263543560257226,2306.705454763683,0.05,0.75
40.0,FW6_YAW5,True,1.8296609936934395e-09,15.178520373348277,10.0,decoupled,0.2,0.2,0.8,0.8,point_sigma,0.2041555047620684,4.0,0.6777462733627816,34.70789538827075,1.0207775238103418,0.7744878121179466,5757.3491855113025,0.05,1.0
30.0,FW6_YAW5,True,1.209087862158356e-11,14.330206294749562,20.0,decoupled,0.2,0.2,0.8,0.8,point_sigma,0.3194600571840001,4.0,0.7107381299953267,43.79477787619897,1.5973002859200005,5.019797956447958,1227.7149686697915,0.05,0.75
30.0,FW6_YAW5,True,-1.1966439419671298e-10,21.90044844324872,20.0,decoupled,0.2,0.2,0.8,0.8,point_sigma,0.27879750678023857,4.0,0.7813578750739639,20.98484906954817,1.3939875339011927,2.3029763001157235,1612.4347330903686,0.05,1.0
40.0,FW6_YAW5,True,-1.5452009295087167e-10,10.983613368665258,10.0,decoupled,0.2,0.2,0.8,0.8,point_sigma,0.2312462953235255,4.0,0.6036105670987729,66.19081035812721,1.1562314766176274,3.314036963144292,2390.963121515146,0.05,0.75
40.0,FW6_YAW5,True,1.1914636135296962e-09,15.282007816891012,10.0,decoupled,0.2,0.2,0.8,0.8,point_sigma,0.20533760020301364,4.0,0.6782851927261322,34.66297821007573,1.026688001015068,0.7284673212917301,6129.842426184742,0.05,1.0
30.0,FW6_YAW5,True,-1.8528050949717792e-09,14.065855200399538,20.0,decoupled,0.2,0.2,0.8,0.8,point_sigma,0.3085305026519752,4.0,0.7140629611701196,43.40425039051873,1.5426525132598758,5.155194903074494,1177.9655017017287,0.05,0.75
30.0,FW6_YAW5,True,5.721722455312422e-10,21.296702606387605,20.0,decoupled,0.2,0.2,0.8,0.8,point_sigma,0.26897793185148805,4.0,0.7814119956782253,21.004410246406987,1.3448896592574402,2.45323997522107,1498.8366756865018,0.05,1.0
40.0,FW6_YAW5,True,-2.432424609289668e-10,10.77738986789493,10.0,decoupled,0.2,0.2,0.8,0.8,point_sigma,0.22458620894405518,4.0,0.6062574953939057,65.72535988307438,1.1229310447202758,3.4692161605864253,2265.4520329413463,0.05,0.75
40.0,FW6_YAW5,True,1.8245752867577794e-09,14.903418479423777,10.0,decoupled,0.2,0.2,0.8,0.8,point_sigma,0.1990292596317877,4.0,0.6782819027642853,34.67302966123661,0.9951462981589384,0.7532371355031271,5928.708780188555,0.05,1.0
30.0,FW6_YAW5,True,-1.1295580923483607e-10,14.902781841782392,20.0,decoupled,0.2,0.2,0.8,0.8,point_sigma,0.3189139074614613,4.0,0.7205005516295375,42.228706869727965,1.5945695373073066,4.048254719502768,1527.8642512566587,0.05,0.75
30.0,FW6_YAW5,True,-7.767809063138069e-10,23.5082507948467,20.0,decoupled,0.2,0.2,0.8,0.8,point_sigma,0.2770340729022204,4.0,0.7938618877240814,19.55520204897145,1.3851703645111018,1.7861168546620467,2071.747482608923,0.05,1.0
40.0,FW6_YAW5,True,6.23118370418925e-11,11.36051692571455,10.0,decoupled,0.2,0.2,0.8,0.8,point_sigma,0.2315361732357447,4.0,0.6126080378922926,64.31401100002155,1.1576808661787235,2.635417453063704,2946.2092055006856,0.05,0.75
40.0,FW6_YAW5,True,1.002392359935416e-09,16.244055828694297,10.0,decoupled,0.2,0.2,0.8,0.8,point_sigma,0.20473483978270102,4.0,0.690941613034797,32.7521714203222,1.023674198913505,0.3309174936761307,12995.70399017876,0.05,1.0
30.0,FW6_YAW5,True,-6.625095401488505e-11,14.636930908539373,20.0,decoupled,0.2,0.2,0.8,0.8,point_sigma,0.32193490212600145,4.0,0.7149575424944502,43.11044186092512,1.6096745106300072,4.571017857841045,1344.5130023189497,0.05,0.75
30.0,FW6_YAW5,True,3.141676376175977e-10,22.70662198837153,20.0,decoupled,0.2,0.2,0.8,0.8,point_sigma,0.2796191374091374,4.0,0.7872501303436592,20.335219931664568,1.3980956870456869,2.093712056242941,1758.1719386628029,0.05,1.0
40.0,FW6_YAW5,True,-1.920077007039414e-10,11.199900399040196,10.0,decoupled,0.2,0.2,0.8,0.8,point_sigma,0.2333167506936119,4.0,0.6076470935200305,65.34003207763125,1.1665837534680594,3.0137088120443596,2603.1203003465175,0.05,0.75
40.0,FW6_YAW5,True,2.037246256088519e-09,15.78877446749174,10.0,decoupled,0.2,0.2,0.8,0.8,point_sigma,0.20641184417597436,4.0,0.6841681515813577,33.79693894104047,1.0320592208798718,0.49741894492524663,8813.988123321553,0.05,1.0
30.0,FW6_YAW5,True,2.2118531421301734e-10,14.2540123401919,20.0,decoupled,0.2,0.2,0.8,0.8,point_sigma,0.31483333280150805,4.0,0.711602784495626,43.757941300326394,1.5741666640075402,5.4589455949635015,1110.5539464997107,0.05,0.75
30.0,FW6_YAW5,True,-8.337895659936942e-10,21.451604381632862,20.0,decoupled,0.2,0.2,0.8,0.8,point_sigma,0.2754138637986938,4.0,0.7790641733139776,21.330318875020133,1.377069318993469,2.578433864975932,1427.9269484949166,0.05,1.0
40.0,FW6_YAW5,True,-3.21426856108703e-10,10.92189225544505,10.0,decoupled,0.2,0.2,0.8,0.8,point_sigma,0.22866326011201038,4.0,0.6035498630394659,66.19047675762816,1.1433163005600517,3.6662695565676144,2153.782034193354,0.05,0.75
40.0,FW6_YAW5,True,4.212884012338208e-09,15.028242307011832,10.0,decoupled,0.2,0.2,0.8,0.8,point_sigma,0.2041387907506312,4.0,0.6756410884005494,35.12728337338456,1.020693953753156,0.8779256299624222,5118.148739251437,0.05,1.0
30.0,FW6_YAW5,True,-3.456456668139092e-09,14.197937603023785,20.0,decoupled,0.2,0.2,0.8,0.8,point_sigma,0.31140432761549564,4.0,0.7126999218727076,43.40903434094889,1.5570216380774782,5.080671979630705,1194.3139539742688,0.05,0.75
30.0,FW6_YAW5,True,2.7017857852628135e-10,21.68103392662583,20.0,decoupled,0.2,0.2,0.8,0.8,point_sigma,0.27189067459274907,4.0,0.7831179613910302,20.82799423788143,1.3594533729637452,2.2527167083750297,1628.6526488264665,0.05,1.0
40.0,FW6_YAW5,True,-1.4636833130228068e-10,10.891016624884303,10.0,decoupled,0.2,0.2,0.8,0.8,point_sigma,0.22580947294025264,4.0,0.6052784478472281,65.65312749948342,1.129047364701263,3.4030356294377384,2306.951685275232,0.05,0.75
40.0,FW6_YAW5,True,-8.091046449999196e-09,15.151923687558536,10.0,decoupled,0.2,0.2,0.8,0.8,point_sigma,0.20102294565943063,4.0,0.6801367788313454,34.44100987124919,1.005114728297153,0.746404375612327,5916.589598027493,0.05,1.0
30.0,FW6_YAW5,True,1.7112553040119158e-09,14.798662523815034,20.0,decoupled,0.2,0.2,0.8,0.8,point_sigma,0.3208820384759796,4.0,0.7181068155740783,42.36777893979345,1.6044101923798981,4.709501446549303,1303.8106549519982,0.05,0.75
30.0,FW6_YAW5,True,3.251878620195336e-11,23.14531105337299,20.0,decoupled,0.2,0.2,0.8,0.8,point_sigma,0.27745638988820515,4.0,0.7917201826684607,19.745404640201723,1.3872819494410256,2.171278608481965,1691.34785004928,0.05,1.0
40.0,FW6_YAW5,True,1.2866456880658438e-10,11.271927268931003,10.0,decoupled,0.2,0.2,0.8,0.8,point_sigma,0.23360110480543744,4.0,0.6098376018415038,64.51805913930346,1.1680055240271872,2.9247175625266486,2660.687823529958,0.05,0.75
40.0,FW6_YAW5,True,9.002305581507967e-10,15.975816089248603,10.0,decoupled,0.2,0.2,0.8,0.8,point_sigma,0.2057181760513,4.0,0.6883368002157628,33.07153696909106,1.0285908802564998,0.569373405845301,7613.760701681487,0.05,1.0
30.0,FW6_YAW5,True,-5.780316223931684e-10,14.452805479800643,20.0,decoupled,0.2,0.2,0.8,0.8,point_sigma,0.324417181381695,4.0,0.7080452713972052,43.798318163923604,1.622085906908475,4.864620446567681,1288.7838857028948,0.15,0.75
30.0,FW6_YAW5,True,9.492262078800719e-10,22.573835712082712,20.0,decoupled,0.2,0.2,0.8,0.8,point_sigma,0.2826223764984973,4.0,0.7846054946207992,20.48348315534991,1.4131118824924864,2.2634326465915824,1648.2277455976566,0.15,1.0
40.0,FW6_YAW5,True,3.3598823057911335e-10,11.06056038092945,10.0,decoupled,0.2,0.2,0.8,0.8,point_sigma,0.23540880093809843,4.0,0.5999402330450846,66.30322011564549,1.1770440046904922,3.044436742186631,2619.3919804891207,0.15,0.75
40.0,FW6_YAW5,True,3.381239730477161e-10,15.62397871518353,10.0,decoupled,0.2,0.2,0.8,0.8,point_sigma,0.20865821929624906,4.0,0.6800953331402865,34.16428273475546,1.0432910964812452,0.7119192040448249,6248.278331036217,0.15,1.0
30.0,FW6_YAW5,True,-5.333790200814318e-11,15.208390353207523,20.0,decoupled,0.2,0.2,0.8,0.8,point_sigma,0.3223670332608626,4.0,0.7262456174548303,41.36545498118528,1.611835166304313,2.7921091223560595,2300.566073155588,0.15,0.75
30.0,FW6_YAW5,True,-1.6963134556877354e-09,25.006145927134135,20.0,decoupled,0.2,0.2,0.8,0.8,point_sigma,0.27346958137498917,4.0,0.8042677127525601,18.30489508549447,1.3673479068749457,1.545431464817049,2419.482890427296,0.15,1.0
40.0,FW6_YAW5,True,1.2594535358166714e-09,11.560181582954282,10.0,decoupled,0.2,0.2,0.8,0.8,point_sigma,0.23323510290223257,4.0,0.6192524823212948,63.18039010137858,1.1661755145111627,1.9589498653749893,3929.7400822298946,0.15,0.75
40.0,FW6_YAW5,True,-1.54209988869429e-10,17.081712247041388,10.0,decoupled,0.2,0.2,0.8,0.8,point_sigma,0.20369861008357035,4.0,0.7025144250543468,31.03134622214494,1.0184930504178518,0.08199582191537962,50941.92211222429,0.15,1.0
30.0,FW6_YAW5,True,7.392499635032023e-10,14.05579300413705,20.0,decoupled,0.2,0.2,0.8,0.8,point_sigma,0.3270402285756535,4.0,0.6973840861946409,45.58535951757321,1.6352011428782676,5.891564964165938,1047.7429907402732,0.15,0.75
30.0,FW6_YAW5,True,1.3951980193441937e-10,21.169755883771085,20.0,decoupled,0.2,0.2,0.8,0.8,point_sigma,0.2874684094538421,4.0,0.7695007831816192,22.216515507463374,1.4373420472692104,2.7605571529899064,1345.000586180556,0.15,1.0
40.0,FW6_YAW5,True,8.747407977948777e-10,10.866675927980019,10.0,decoupled,0.2,0.2,0.8,0.8,point_sigma,0.23581623198080162,4.0,0.5908442567314954,68.26870019902331,1.179081159904008,4.053392606028737,1995.8224066904163,0.15,0.75
40.0,FW6_YAW5,True,1.7128916993955289e-09,14.89685101492834,10.0,decoupled,0.2,0.2,0.8,0.8,point_sigma,0.20988243903870715,4.0,0.6659394389342551,36.29532507329756,1.0494121951935358,1.1962395052720198,3834.8580258022,0.15,1.0
30.0,FW6_YAW5,True,-2.6268996252877552e-11,15.199880009804515,20.0,decoupled,0.2,0.2,0.8,0.8,point_sigma,0.3130664223493914,4.0,0.733769715475508,40.435859149536334,1.565332111746957,3.627834561822871,1665.7900420412632,0.15,0.75
30.0,FW6_YAW5,True,-1.2631175348097174e-11,24.458679534619357,20.0,decoupled,0.2,0.2,0.8,0.8,point_sigma,0.2691618429086302,4.0,0.8046700975852649,18.424328561101298,1.345809214543151,1.7330013813050347,2080.9581249929715,0.15,1.0
40.0,FW6_YAW5,True,-5.726790669197335e-09,11.536232535361885,10.0,decoupled,0.2,0.2,0.8,0.8,point_sigma,0.23002045448755432,4.0,0.6264891811374294,61.997237704927315,1.1501022724377714,2.2445034480156494,3355.724452973022,0.15,0.75
40.0,FW6_YAW5,True,-9.913319810306266e-10,16.81482242186801,10.0,decoupled,0.2,0.2,0.8,0.8,point_sigma,0.20209534285314137,4.0,0.7028663598903484,31.200333415548858,1.0104767142657067,0.0935435205029709,44412.41853194848,0.15,1.0
30.0,FW6_YAW5,True,-7.652335049734185e-11,15.75132757217083,20.0,decoupled,0.2,0.2,0.8,0.8,point_sigma,0.3257148686098263,4.0,0.7346145432663848,40.08330559317031,1.6285743430491313,2.237627892532293,2799.2544352958166,0.15,0.75
30.0,FW6_YAW5,True,3.5766053017860573e-10,26.99278109526345,20.0,decoupled,0.2,0.2,0.8,0.8,point_sigma,0.25989166423052695,4.0,0.8163706136956277,16.957122624793683,1.2994583211526347,1.1288123331907733,3167.952051000809,0.15,1.0
40.0,FW6_YAW5,True,8.030343973626123e-11,11.950162008215433,10.0,decoupled,0.2,0.2,0.8,0.8,point_sigma,0.2348207906390854,4.0,0.6288732964550375,61.55985142128017,1.174103953195427,1.2684851321620532,5939.6575364439705,0.15,0.75
40.0,FW6_YAW5,True,-9.902939274964639e-09,18.322159448294975,10.0,decoupled,0.2,0.2,0.8,0.8,point_sigma,0.20146382858963496,4.0,0.7161846257216217,29.1105762434759,1.0073191429481747,0.3863792895263039,10215.793580748985,0.15,1.0
30.0,FW6_YAW5,True,-2.544010394595464e-09,13.994553733613618,20.0,decoupled,0.2,0.2,0.8,0.8,point_sigma,0.3120107835447859,4.0,0.7127959264256206,43.34021492335003,1.5600539177239294,5.349922162948097,1125.5376303137873,0.15,0.75
30.0,FW6_YAW5,True,2.725798973107863e-10,21.51928540324913,20.0,decoupled,0.2,0.2,0.8,0.8,point_sigma,0.27086972293727934,4.0,0.7836524071679379,20.68377591389232,1.3543486146863966,2.426669167396421,1487.7455002194604,0.15,1.0
40.0,FW6_YAW5,True,5.386964304256365e-09,10.74081480672688,10.0,decoupled,0.2,0.2,0.8,0.8,point_sigma,0.22699543574063727,4.0,0.6065849387142163,65.46562560322793,1.1349771787031864,3.4144704966321973,2290.2089104249308,0.15,0.75
40.0,FW6_YAW5,True,1.5938395619749976e-09,15.02603756543047,10.0,decoupled,0.2,0.2,0.8,0.8,point_sigma,0.20026440882764313,4.0,0.6812777931287652,34.19928045380472,1.0013220441382156,0.7529916255899054,5829.449665091773,0.15,1.0
30.0,FW6_YAW5,True,6.867342348802174e-10,14.113957868327768,20.0,decoupled,0.2,0.2,0.8,0.8,point_sigma,0.3130429503428608,4.0,0.7160263154738314,43.4424696936835,1.5652147517143038,5.049942198241719,1243.290154569595,0.15,0.75
30.0,FW6_YAW5,True,2.275876912729364e-09,21.848575538511604,20.0,decoupled,0.2,0.2,0.8,0.8,point_sigma,0.2720144749562323,4.0,0.7882926983972389,20.39965166576959,1.3600723747811616,2.3680962170790503,1581.1212666270112,0.15,1.0
40.0,FW6_YAW5,True,1.3190778041527272e-09,10.77182997821814,10.0,decoupled,0.2,0.2,0.8,0.8,point_sigma,0.23004107996342749,4.0,0.6097451321506313,66.13778494987962,1.1502053998171373,3.3408781695119387,2375.128605943033,0.15,0.75
40.0,FW6_YAW5,True,-4.697094042460225e-09,15.185732739759276,10.0,decoupled,0.2,0.2,0.8,0.8,point_sigma,0.20065658681073734,4.0,0.6850997254632654,33.940579042738946,1.0032829340536866,0.7499960402990825,5888.427801697715,0.15,1.0
30.0,FW6_YAW5,True,5.11651617372083e-09,14.648312660795595,20.0,decoupled,0.2,0.2,0.8,0.8,point_sigma,0.32175525816581746,4.0,0.7164656290649717,42.68969326861782,1.6087762908290872,4.5475944886287625,1343.9429582942541,0.15,0.75
30.0,FW6_YAW5,True,4.597328788628088e-10,22.973760827485275,20.0,decoupled,0.2,0.2,0.8,0.8,point_sigma,0.27873798081342305,4.0,0.7922464113306824,19.79614978879368,1.3936899040671151,2.0387272349746044,1754.7786775881511,0.15,1.0
40.0,FW6_YAW5,True,8.156278036238671e-10,11.162030774075104,10.0,decoupled,0.2,0.2,0.8,0.8,point_sigma,0.23460899155205547,4.0,0.6094627546509224,64.97203732728767,1.1730449577602773,2.7526193029849337,2842.234242882544,0.15,0.75
40.0,FW6_YAW5,True,2.4704719946666755e-09,15.847787438561246,10.0,decoupled,0.2,0.2,0.8,0.8,point_sigma,0.20671746432060764,4.0,0.6887383396890299,33.20293839468413,1.0335873216030382,0.44079228584581676,9720.105197271032,0.15,1.0
30.0,FW6_YAW5,True,7.375944847915005e-11,14.801160545371394,20.0,decoupled,0.2,0.2,0.8,0.8,point_sigma,0.31997466434524546,4.0,0.7201617999515176,42.2732295759561,1.5998733217262273,4.257207100558601,1459.2963668850855,0.15,0.75
30.0,FW6_YAW5,True,-8.549957155476846e-09,23.478764812500334,20.0,decoupled,0.2,0.2,0.8,0.8,point_sigma,0.2760128125811343,4.0,0.7941184608717049,19.453904910706378,1.3800640629056715,2.0269124970431793,1815.976679454952,0.15,1.0
40.0,FW6_YAW5,True,-8.292739734846864e-10,11.296341824694322,10.0,decoupled,0.2,0.2,0.8,0.8,point_sigma,0.2330817679892219,4.0,0.6126887495557667,64.31503721375438,1.1654088399461093,2.5776669096748153,3021.5465610977776,0.15,0.75
40.0,FW6_YAW5,True,-3.6754569412859437e-09,16.222802956641466,10.0,decoupled,0.2,0.2,0.8,0.8,point_sigma,0.20365414272208193,4.0,0.6915952503865288,32.59312776085362,1.0182707136104097,0.38016648839024486,11328.764536273913,0.15,1.0
30.0,FW6_YAW5,True,3.6502923926462045e-09,14.462650213531322,20.0,decoupled,0.2,0.2,0.8,0.8,point_sigma,0.3232204686450133,4.0,0.7150509553845273,43.58327338624907,1.6161023432250665,5.072549584875247,1221.9064360791906,0.15,0.75
30.0,FW6_YAW5,True,2.662684841147571e-10,22.05879934639242,20.0,decoupled,0.2,0.2,0.8,0.8,point_sigma,0.28002478899172856,4.0,0.7839060545636561,20.90816041882027,1.4001239449586427,2.343046747769082,1596.3692140185258,0.15,1.0
40.0,FW6_YAW5,True,-6.621358249737786e-11,11.088563965869595,10.0,decoupled,0.2,0.2,0.8,0.8,point_sigma,0.23403015307434014,4.0,0.609390464055804,65.9026787926646,1.1701507653717007,3.3654340939890863,2345.380007751838,0.15,0.75
40.0,FW6_YAW5,True,-5.415047806955018e-09,15.448729489551738,10.0,decoupled,0.2,0.2,0.8,0.8,point_sigma,0.20538237353515165,4.0,0.6821233136243136,34.43385788278881,1.0269118676757583,0.7508245867101482,5918.557013419592,0.15,1.0
30.0,FW6_YAW5,True,1.939701029424044e-10,14.52897134198569,20.0,decoupled,0.2,0.2,0.8,0.8,point_sigma,0.3189236909631835,4.0,0.7087368827535373,43.6469737776824,1.5946184548159175,4.606209765342517,1361.510533534312,0.15,0.75
30.0,FW6_YAW5,True,3.538674006654924e-09,22.30682459042844,20.0,decoupled,0.2,0.2,0.8,0.8,point_sigma,0.27946960406806265,4.0,0.7814307329793083,20.788893798422887,1.3973480203403132,2.2662001576623414,1654.4059915461614,0.15,1.0
40.0,FW6_YAW5,True,8.886366411981919e-10,11.133132663749892,10.0,decoupled,0.2,0.2,0.8,0.8,point_sigma,0.23641791817192434,4.0,0.5994286963080546,66.02399309890149,1.1820895908596216,3.1754327508133207,2496.8663895813143,0.15,0.75
40.0,FW6_YAW5,True,-1.0436512308881641e-08,15.500245729137498,10.0,decoupled,0.2,0.2,0.8,0.8,point_sigma,0.20661108547564047,4.0,0.6770938030000395,34.527747791660374,1.0330554273782022,0.8796374862016064,5082.119957828568,0.15,1.0
30.0,FW6_YAW5,True,3.2070089450265894e-10,14.896171460124638,20.0,decoupled,0.2,0.2,0.8,0.8,point_sigma,0.31729143783608404,4.0,0.72046099646025,42.51525722737556,1.5864571891804202,4.437388994305989,1382.4000754051729,0.15,0.75
30.0,FW6_YAW5,True,1.7516877078306857e-09,22.936731064692136,20.0,decoupled,0.2,0.2,0.8,0.8,point_sigma,0.27641875065639754,4.0,0.7903757436093602,20.184128930004185,1.3820937532819877,2.096808311320853,1760.382591239929,0.15,1.0
40.0,FW6_YAW5,True,4.93407399122139e-11,11.366098236934452,10.0,decoupled,0.2,0.2,0.8,0.8,point_sigma,0.23107888275637892,4.0,0.6132595514297463,64.73587628659652,1.1553944137818946,2.8423657043204096,2741.4186149825427,0.15,0.75
40.0,FW6_YAW5,True,7.276958034841157e-09,15.980419574432927,10.0,decoupled,0.2,0.2,0.8,0.8,point_sigma,0.20574915288924317,4.0,0.6880693335474146,33.56046035297188,1.0287457644462157,0.3821907076224503,11445.251277252708,0.15,1.0
30.0,FW6_YAW5,True,3.8404561667735673e-10,16.013048892701317,20.0,decoupled,0.2,0.2,0.8,0.8,point_sigma,0.324113856383861,4.0,0.7395082778851513,38.78421034291653,1.6205692819193047,2.332126241311731,2812.9557988543283,0.25,0.75
30.0,FW6_YAW5,True,-6.283571415486304e-10,27.62147224452926,20.0,decoupled,0.2,0.2,0.8,0.8,point_sigma,0.2700018534632143,4.0,0.821775313083776,16.171859748626687,1.3500092673160715,1.213922939844454,3114.1275941768877,0.25,1.0
40.0,FW6_YAW5,True,8.653533906525382e-10,11.919342384211056,10.0,decoupled,0.2,0.2,0.8,0.8,point_sigma,0.23833361767671468,4.0,0.6308599647525408,60.554412786194185,1.1916680883835733,0.6841795896525111,11037.481197765948,0.25,0.75
40.0,FW6_YAW5,True,2.838567129616493e-09,18.289808435648055,10.0,decoupled,0.2,0.2,0.8,0.8,point_sigma,0.20492113444093235,4.0,0.719816400825229,28.386754192601728,1.0246056722046617,0.4618668867325498,8721.956359943413,0.25,1.0
30.0,FW6_YAW5,True,5.972533046105932e-10,14.054174047667251,20.0,decoupled,0.2,0.2,0.8,0.8,point_sigma,0.3092850412988002,4.0,0.7160517122764457,43.34592037192442,1.546425206494001,4.934537378343613,1218.0628848778235,0.25,0.75
30.0,FW6_YAW5,True,2.5266254827065843e-09,20.901991568705668,20.0,decoupled,0.2,0.2,0.8,0.8,point_sigma,0.26834291735281884,4.0,0.7793583264580727,21.40590048202859,1.341714586764094,2.4444788190993973,1494.645224641404,0.25,1.0
40.0,FW6_YAW5,True,1.971601992879123e-10,10.74298581973598,10.0,decoupled,0.2,0.2,0.8,0.8,point_sigma,0.22604241054282373,4.0,0.6082434331711293,65.76877260245325,1.1302120527141186,3.4052299285303786,2305.395547799392,0.25,0.75
40.0,FW6_YAW5,True,3.5070179459103172e-09,14.701652413102785,10.0,decoupled,0.2,0.2,0.8,0.8,point_sigma,0.20037317030464297,4.0,0.6761604008353573,35.196857121519315,1.0018658515232148,0.8684869183833858,5130.427743829263,0.25,1.0
30.0,FW6_YAW5,True,-4.863497482839714e-10,15.390247372490283,20.0,decoupled,0.2,0.2,0.8,0.8,point_sigma,0.3268689254763134,4.0,0.7244590563247854,42.24455792980732,1.634344627381567,5.088069324757463,1182.405807818493,0.25,0.75
30.0,FW6_YAW5,True,4.3995789940161e-09,23.08858173285516,20.0,decoupled,0.2,0.2,0.8,0.8,point_sigma,0.2923131417915881,4.0,0.7829175428213989,21.055938728329217,1.4615657089579406,2.4870569123713464,1506.756647352496,0.25,1.0
40.0,FW6_YAW5,True,5.42098510740664e-10,11.785797277729253,10.0,decoupled,0.2,0.2,0.8,0.8,point_sigma,0.244655770709036,4.0,0.6188321308130514,63.952939628286934,1.22327885354518,3.468874134281808,2205.073993028585,0.25,0.75
40.0,FW6_YAW5,True,5.936028229749434e-11,16.171425118649758,10.0,decoupled,0.2,0.2,0.8,0.8,point_sigma,0.21589147239189835,4.0,0.6801313298338448,34.76629128701255,1.0794573619594916,0.8277844065967278,5425.212686401722,0.25,1.0
30.0,FW6_YAW5,True,-1.4803868705850499e-08,13.524386339630269,20.0,decoupled,0.2,0.2,0.8,0.8,point_sigma,0.3115062042172128,4.0,0.6989130896554837,46.09126417157471,1.557531021086064,6.1543360031164145,981.4903840099862,0.25,0.75
30.0,FW6_YAW5,True,3.3459594276730267e-10,19.401271505302276,20.0,decoupled,0.2,0.2,0.8,0.8,point_sigma,0.27866526869296493,4.0,0.7576006733382069,23.866593011123054,1.3933263434648246,3.099919162289471,1223.9226060621777,0.25,1.0
40.0,FW6_YAW5,True,-7.860926162547277e-09,10.424181049188913,10.0,decoupled,0.2,0.2,0.8,0.8,point_sigma,0.22845516091631712,4.0,0.5899631895700878,69.30239490083991,1.1422758045815855,4.710564051987554,1725.295312908871,0.25,0.75
40.0,FW6_YAW5,True,1.6008447336609209e-09,13.788872346908144,10.0,decoupled,0.2,0.2,0.8,0.8,point_sigma,0.20724732448501268,4.0,0.6514859736545534,38.67949970773392,1.0362366224250634,1.4927620516737572,3222.6822680688715,0.25,1.0
30.0,FW6_YAW5,True,3.6859607231214767e-10,15.584300577717068,20.0,decoupled,0.2,0.2,0.8,0.8,point_sigma,0.30704276604694947,4.0,0.739951491140378,39.20830753129122,1.5352138302347473,4.466662814006523,1364.8097824891286,0.25,0.75
30.0,FW6_YAW5,True,2.8493356926292577e-10,24.270199230281584,20.0,decoupled,0.2,0.2,0.8,0.8,point_sigma,0.2740276903149044,4.0,0.8055713862564361,18.358697530080583,1.370138451574522,1.9989633464180405,1870.9112604580464,0.25,1.0
40.0,FW6_YAW5,True,-5.410998165706845e-11,11.72121730893355,10.0,decoupled,0.2,0.2,0.8,0.8,point_sigma,0.23149668599865514,4.0,0.6316890269951808,60.71988081990762,1.1574834299932757,2.607527376796696,2859.7194066576167,0.25,0.75
40.0,FW6_YAW5,True,3.5557726686224716e-10,16.639212950410975,10.0,decoupled,0.2,0.2,0.8,0.8,point_sigma,0.20025629633452038,4.0,0.7042768481492513,31.18142731087911,1.001281481672602,0.44578467343524625,9410.322172509135,0.25,1.0
30.0,FW6_YAW5,True,4.093843006859062e-10,12.654213069703797,20.0,decoupled,0.2,0.2,0.8,0.8,point_sigma,0.28830911746864446,4.0,0.6972076689050554,45.43056429509451,1.4415455873432221,7.426896270969092,786.0995183490476,0.25,0.75
30.0,FW6_YAW5,True,-1.9928958064715214e-11,18.013394204867414,20.0,decoupled,0.2,0.2,0.8,0.8,point_sigma,0.25947293543419864,4.0,0.7573651455869885,23.667500974437246,1.297364677170993,3.323304833108016,1101.5260642943904,0.25,1.0
40.0,FW6_YAW5,True,7.154578242085145e-10,9.81610859642773,10.0,decoupled,0.2,0.2,0.8,0.8,point_sigma,0.21421396358386124,4.0,0.590306565737903,67.72354172753606,1.071069817919306,4.947634303027895,1607.7202758772187,0.25,0.75
40.0,FW6_YAW5,True,2.0185557265028987e-09,12.836049863348029,10.0,decoupled,0.2,0.2,0.8,0.8,point_sigma,0.19000411863674715,4.0,0.6529857110826328,38.20787821561237,0.9500205931837358,1.6911567112219927,2802.466595404653,0.25,1.0
30.0,FW6_YAW5,True,1.9826146634636906e-10,13.820721798544746,20.0,decoupled,0.2,0.2,0.8,0.8,point_sigma,0.3195422266522252,4.0,0.6912491818692468,47.02825691516641,1.597711133261126,6.828877953798429,876.5371551265382,0.25,0.75
30.0,FW6_YAW5,True,1.473471470055011e-11,19.585153623774453,20.0,decoupled,0.2,0.2,0.8,0.8,point_sigma,0.288600556048788,4.0,0.7535388366117122,24.58280711096587,1.4430027802439398,2.88406921015576,1297.2811652555245,0.25,1.0
40.0,FW6_YAW5,True,1.408081651220132e-09,10.732412890481836,10.0,decoupled,0.2,0.2,0.8,0.8,point_sigma,0.2307119997278647,4.0,0.5847226402287227,69.92416655797231,1.1535599986393235,4.774073554474155,1716.3151700047388,0.25,0.75
40.0,FW6_YAW5,True,-3.541022846287184e-10,14.061556260310196,10.0,decoupled,0.2,0.2,0.8,0.8,point_sigma,0.21213218110800125,4.0,0.6509449260195793,39.253890353893965,1.0606609055400062,1.4557439568481845,3307.566930098359,0.25,1.0
30.0,FW6_YAW5,True,3.5987976220759693e-12,17.02157441010994,20.0,decoupled,0.2,0.2,0.8,0.8,point_sigma,0.3532377709593906,4.0,0.7349199134867367,39.858717608200294,1.7661888547969529,6.215141780670379,906.7639604238377,0.25,0.75
30.0,FW6_YAW5,True,-1.2054143215012656e-10,25.472279840054433,20.0,decoupled,0.2,0.2,0.8,0.8,point_sigma,0.3115175606201959,4.0,0.7926891642768508,19.62029029907232,1.5575878031009796,3.3378752454206113,1033.073124810391,0.25,1.0
40.0,FW6_YAW5,True,-1.4760079624134779e-10,12.965983786537162,10.0,decoupled,0.2,0.2,0.8,0.8,point_sigma,0.2674072064333616,4.0,0.6262241970198568,60.9122735233523,1.3370360321668078,4.034466768916479,1808.343071178088,0.25,0.75
40.0,FW6_YAW5,True,-3.4154187662228385e-10,17.685959921084248,10.0,decoupled,0.2,0.2,0.8,0.8,point_sigma,0.22809871759315684,4.0,0.6895759090943875,32.848608944542484,1.140493587965784,1.2684100823738687,3385.392180401594,0.25,1.0
30.0,FW6_YAW5,True,2.780591978882776e-10,13.197816497687935,20.0,decoupled,0.2,0.2,0.8,0.8,point_sigma,0.3085051552523693,4.0,0.6986997346611497,45.97310992833413,1.5425257762618465,7.742889780337896,765.644206989242,0.25,0.75
30.0,FW6_YAW5,True,3.5071757809363847e-09,18.983858323137476,20.0,decoupled,0.2,0.2,0.8,0.8,point_sigma,0.274020461974308,4.0,0.7597025368383344,23.620072324180622,1.37010230987154,3.57272251934976,1034.280722657253,0.25,1.0
40.0,FW6_YAW5,True,1.8252010608913575e-10,10.202297175263825,10.0,decoupled,0.2,0.2,0.8,0.8,point_sigma,0.22492826034907276,4.0,0.5919157269280866,68.7873927031252,1.1246413017453638,5.196604771052122,1553.0904451981032,0.25,0.75
40.0,FW6_YAW5,True,2.7293937950365873e-09,13.50723849554206,10.0,decoupled,0.2,0.2,0.8,0.8,point_sigma,0.2012403270644032,4.0,0.6560215290337975,38.109909222333776,1.006201635322016,1.6639995981886835,2862.0576579032977,0.25,1.0
30.0,FW6_YAW5,True,-1.092324928969808e-09,14.839617661431488,20.0,decoupled,0.2,0.2,0.8,0.8,point_sigma,0.3385798926803859,4.0,0.7092298033089172,43.46777365368676,1.6928994634019294,6.048407693409564,981.7302068267752,0.25,0.75
30.0,FW6_YAW5,True,-5.294172416563338e-10,22.478056470417084,20.0,decoupled,0.2,0.2,0.8,0.8,point_sigma,0.2954024193758253,4.0,0.7769941416281819,21.11565015524691,1.4770120968791263,2.5627166409649087,1413.3140443228199,0.25,1.0
40.0,FW6_YAW5,True,4.2295254695702954e-10,11.49350013159259,10.0,decoupled,0.2,0.2,0.8,0.8,point_sigma,0.254012005362552,4.0,0.603641881730148,65.01333965439606,1.2700600268127598,3.868471161998761,1999.9766591867474,0.25,0.75
40.0,FW6_YAW5,True,7.199758021335333e-10,15.825704075867613,10.0,decoupled,0.2,0.2,0.8,0.8,point_sigma,0.21257065861579222,4.0,0.674923855125582,34.552188664082756,1.062853293078961,1.0330782027505692,4316.678639849251,0.25,1.0
30.0,FW6_YAW5,True,1.2939037138489436e-09,15.867530429399128,20.0,decoupled,0.2,0.2,0.8,0.8,point_sigma,0.3464519668988293,4.0,0.7191316829004267,42.58686414637248,1.7322598344941464,6.180100191401095,942.4091534367979,0.25,0.75
30.0,FW6_YAW5,True,2.2987562328304714e-09,23.596882699238922,20.0,decoupled,0.2,0.2,0.8,0.8,point_sigma,0.30627167967987234,4.0,0.781738585678298,21.057849748345973,1.5313583983993617,2.785925392379801,1296.3132755445135,0.25,1.0
40.0,FW6_YAW5,True,-4.114524563675278e-11,12.136092525732346,10.0,decoupled,0.2,0.2,0.8,0.8,point_sigma,0.256315868863463,4.0,0.612107061245665,64.56718712347795,1.2815793443173151,4.109824391685359,1865.0877493083658,0.25,0.75
40.0,FW6_YAW5,True,2.725633584264427e-09,16.52960571554902,10.0,decoupled,0.2,0.2,0.8,0.8,point_sigma,0.22334619511745457,4.0,0.6799372136834939,34.636710089190466,1.1167309755872727,1.178862357739966,3727.2580489661436,0.25,1.0
30.0,FW6_YAW5,True,3.9775221707712376e-10,14.707681285018577,20.0,decoupled,0.2,0.2,0.8,0.8,point_sigma,0.3016297717152418,4.0,0.7243275971763866,42.3470058464312,1.5081488585762088,5.705174658842117,986.0757439464544,0.25,0.75
30.0,FW6_YAW5,True,8.397030122852052e-10,20.97273093467713,20.0,decoupled,0.2,0.2,0.8,0.8,point_sigma,0.2764742275876033,4.0,0.7786171774687277,21.991260081505,1.3823711379380166,2.4431588313196393,1472.891023242916,0.25,1.0
40.0,FW6_YAW5,True,4.01347198033582e-09,11.248093080882795,10.0,decoupled,0.2,0.2,0.8,0.8,point_sigma,0.2215988853097874,4.0,0.6166810630472389,64.383052132357,1.107994426548937,4.146259883097568,1836.0955506311311,0.25,0.75
40.0,FW6_YAW5,True,4.290579397235669e-09,14.883175467255601,10.0,decoupled,0.2,0.2,0.8,0.8,point_sigma,0.2034753303281726,4.0,0.6769274257312237,35.869168076511464,1.0173766516408629,1.0387037133948973,4307.620223056844,0.25,1.0
30.0,FW6_HEADYAW,True,2.0348349980706343e-09,18.626801438865677,20.0,ellipse,0.2,0.2,0.4,0.4,lr_asym,0.16577402820541404,2.0,0.8721702126527331,14.704023776431914,0.8288701410270701,3.6751140880017767,687.4312381260773,0.0,0.75
30.0,FW6_HEADYAW,True,2.4862554972734384e-09,35.06767657444513,20.0,ellipse,0.2,0.2,0.4,0.4,lr_asym,0.13695441219031182,2.0,0.9113652809729773,5.160842229525102,0.6847720609515591,1.178347795651666,1018.7762091993955,0.0,1.0
40.0,FW6_HEADYAW,True,1.3527988400242737e-09,13.592978913285293,10.0,ellipse,0.2,0.2,0.4,0.4,lr_asym,0.1432681852514311,2.0,0.7929438730524139,25.926053412292685,0.7163409262571554,2.482774202223735,1299.754313160873,0.0,0.75
40.0,FW6_HEADYAW,True,5.6196425528108513e-11,23.97545846660307,10.0,ellipse,0.2,0.2,0.4,0.4,lr_asym,0.12276469788724528,2.0,0.8537027044418295,9.66977093766737,0.6138234894362263,0.4021215959970327,3470.937023070298,0.0,1.0
30.0,FW6_HEADYAW,True,1.7182058749365958,16.63444808643915,20.0,ellipse,0.2,0.2,0.42000000000000004,0.38,lr_asym,0.16643113912024196,2.0,0.87321011502297,15.024976402200778,0.8321556956012097,3.160102949423506,768.4828125845455,0.05,0.75
30.0,FW6_HEADYAW,True,0.2500831117890547,29.722989620218236,20.0,ellipse,0.2,0.2,0.42000000000000004,0.38,lr_asym,0.13994163522329534,2.0,0.9120145861200681,5.414856774311339,0.6997081761164766,1.1684982196035558,1017.0495596470798,0.05,1.0
40.0,FW6_HEADYAW,True,2.002341624321751,12.816293905327225,10.0,ellipse,0.2,0.2,0.42000000000000004,0.38,lr_asym,0.14363521782986663,2.0,0.7941917609990743,26.38986266423155,0.7181760891493331,1.8276975216307476,1781.5748632769194,0.05,0.75
40.0,FW6_HEADYAW,True,0.38827465040777137,22.12967839323896,10.0,ellipse,0.2,0.2,0.42000000000000004,0.38,lr_asym,0.12281278507681714,2.0,0.8551738909997233,10.039810410184424,0.6140639253840857,0.5056497087124261,2901.0356969692402,0.05,1.0
30.0,FW6_HEADYAW,True,2.786415307915053,13.69770761962879,20.0,ellipse,0.2,0.2,0.44000000000000006,0.36000000000000004,lr_asym,0.16410798162985596,2.0,0.8748044616855045,15.227573187020766,0.8205399081492798,3.3843600105465392,702.9739574656929,0.1,0.75
30.0,FW6_HEADYAW,True,0.5723879291036708,21.739487039950383,20.0,ellipse,0.2,0.2,0.44000000000000006,0.36000000000000004,lr_asym,0.14126910397014583,2.0,0.9123683142083873,5.761663817389767,0.7063455198507291,1.3009533447603903,1000.1862638846883,0.1,1.0
40.0,FW6_HEADYAW,True,3.4815524765884898,11.268715802833496,10.0,ellipse,0.2,0.2,0.44000000000000006,0.36000000000000004,lr_asym,0.14280901790883874,2.0,0.7968801143311641,26.976081843113718,0.7140450895441937,1.9427517008665354,1807.2636120171414,0.1,0.75
40.0,FW6_HEADYAW,True,0.7477464404515607,17.98593864804714,10.0,ellipse,0.2,0.2,0.44000000000000006,0.36000000000000004,lr_asym,0.1240165527415643,2.0,0.8558482038100227,10.64916789240945,0.6200827637078214,0.21998481623689436,6620.510973910424,0.1,1.0
30.0,FW6_HEADYAW,True,5.069126979657731,8.865643718204309,20.0,ellipse,0.2,0.2,0.48,0.32000000000000006,lr_asym,0.1606268284069704,2.0,0.8824455653873758,15.872042536752927,0.803134142034852,3.4134623025646436,754.0815453492644,0.2,0.75
30.0,FW6_HEADYAW,True,1.1006785043254939,12.550947867577825,20.0,ellipse,0.2,0.2,0.48,0.32000000000000006,lr_asym,0.1371034462202268,2.0,0.9159230054114773,6.295186393391015,0.6855172311011339,1.331709026075819,1032.9895362864718,0.2,1.0
40.0,FW6_HEADYAW,True,6.498401893414525,8.228933814841051,10.0,ellipse,0.2,0.2,0.48,0.32000000000000006,lr_asym,0.14163591800831166,2.0,0.8087534100239507,27.7525128757129,0.7081795900415583,2.195149894093075,1539.3811459422582,0.2,0.75
40.0,FW6_HEADYAW,True,1.4355387834412936,11.633445079905869,10.0,ellipse,0.2,0.2,0.48,0.32000000000000006,lr_asym,0.12511025663544,2.0,0.860896784657688,11.552125089950405,0.6255512831772,0.7390252719069433,2258.733456581002,0.2,1.0
30.0,FW6_HEADYAW,True,8.340052214006027,5.8195546390174435,20.0,ellipse,0.2,0.2,0.52,0.27999999999999997,lr_asym,0.1575080747753062,2.0,0.8948326516260439,17.541707399518405,0.787540373876531,2.2273783233139746,1044.6199370388767,0.3,0.75
30.0,FW6_HEADYAW,True,2.4000184376026747,7.8079587928244445,20.0,ellipse,0.2,0.2,0.52,0.27999999999999997,lr_asym,0.13268863839371342,2.0,0.921504320759525,7.263779170163826,0.663443191968567,1.0396694585888349,1072.4640048365045,0.3,1.0
40.0,FW6_HEADYAW,True,10.391577349746935,5.776370774526021,10.0,ellipse,0.2,0.2,0.52,0.27999999999999997,lr_asym,0.13829225685541338,2.0,0.8274272455367682,29.932869723815667,0.6914612842770669,2.088350087620194,1644.7575079563558,0.3,0.75
40.0,FW6_HEADYAW,True,2.8701999320591836,7.658688611403477,10.0,ellipse,0.2,0.2,0.52,0.27999999999999997,lr_asym,0.12119455270548776,2.0,0.869781793062897,13.004063245670444,0.6059727635274388,0.9427710354453658,1708.2602374387573,0.3,1.0
30.0,FW6_HEADYAW,True,9.946107353378803e-10,18.724721176762078,20.0,ellipse,0.1,0.2,0.4,0.4,fb_ratio,0.16556977324634176,2.0,0.872473153513089,14.627997222929842,0.8278488662317087,3.4133184456091152,657.5113011055412,0.5,0.75
30.0,FW6_HEADYAW,True,7.123718115149574e-09,35.712526554754156,20.0,ellipse,0.1,0.2,0.4,0.4,fb_ratio,0.13843615818866264,2.0,0.911749151367566,5.065943149759473,0.6921807909433132,0.19986358269799395,3330.4685830765793,0.5,1.0
40.0,FW6_HEADYAW,True,-4.678834478033943e-10,13.610976947275084,10.0,ellipse,0.1,0.2,0.4,0.4,fb_ratio,0.14327192526676627,2.0,0.7930741897289104,25.892281299194597,0.7163596263338313,2.4461890529304666,1313.170190225099,0.5,0.75
40.0,FW6_HEADYAW,True,7.088787673360401e-09,24.635560478181894,10.0,ellipse,0.1,0.2,0.4,0.4,fb_ratio,0.12305396939724876,2.0,0.8549922036713954,9.40984475506836,0.6152698469862438,0.13530487273654238,8549.026226746631,0.5,1.0
30.0,FW6_HEADYAW,True,4.744604373153257e-10,18.669249771143225,20.0,ellipse,0.16000000000000003,0.2,0.4,0.4,fb_ratio,0.16575850654104468,2.0,0.8723046607030721,14.670963651145069,0.8287925327052234,3.5847048748392623,677.9525804397866,0.8,0.75
30.0,FW6_HEADYAW,True,3.0914514420623164e-10,35.233270695974504,20.0,ellipse,0.16000000000000003,0.2,0.4,0.4,fb_ratio,0.13747760684873844,2.0,0.9114442135904758,5.135911377212476,0.6873880342436922,0.8581231405901639,1183.6893425167652,0.8,1.0
40.0,FW6_HEADYAW,True,-1.1150029199595792e-08,13.600464826588317,10.0,ellipse,0.16000000000000003,0.2,0.4,0.4,fb_ratio,0.14326969902089648,2.0,0.7929985734621184,25.912015094664596,0.7163484951044824,2.467617320328817,1305.274987454802,0.8,0.75
40.0,FW6_HEADYAW,True,-6.8123056330247946e-09,24.18215821699963,10.0,ellipse,0.16000000000000003,0.2,0.4,0.4,fb_ratio,0.12287764097800959,2.0,0.8541225730658799,9.586837871244013,0.6143882048900479,0.32240847575385856,4086.1664498139385,0.8,1.0
30.0,FW6_HEADYAW,True,2.0348349980706343e-09,18.626801438865677,20.0,ellipse,0.2,0.2,0.4,0.4,fb_ratio,0.16577402820541404,2.0,0.8721702126527331,14.704023776431914,0.8288701410270701,3.6751140880017767,687.4312381260773,1.0,0.75
30.0,FW6_HEADYAW,True,2.4862554972734384e-09,35.06767657444513,20.0,ellipse,0.2,0.2,0.4,0.4,fb_ratio,0.13695441219031182,2.0,0.9113652809729773,5.160842229525102,0.6847720609515591,1.178347795651666,1018.7762091993955,1.0,1.0
40.0,FW6_HEADYAW,True,1.3527988400242737e-09,13.592978913285293,10.0,ellipse,0.2,0.2,0.4,0.4,fb_ratio,0.1432681852514311,2.0,0.7929438730524139,25.926053412292685,0.7163409262571554,2.482774202223735,1299.754313160873,1.0,0.75
40.0,FW6_HEADYAW,True,5.6196425528108513e-11,23.97545846660307,10.0,ellipse,0.2,0.2,0.4,0.4,fb_ratio,0.12276469788724528,2.0,0.8537027044418295,9.66977093766737,0.6138234894362263,0.4021215959970327,3470.937023070298,1.0,1.0
30.0,FW6_HEADYAW,True,1.4322832869300582e-11,18.527727352067647,20.0,ellipse,0.30000000000000004,0.2,0.4,0.4,fb_ratio,0.1656287087035671,2.0,0.8718488034902121,14.781534458506925,0.8281435435178355,3.8585792975980553,694.7739173773178,1.5,0.75
30.0,FW6_HEADYAW,True,-3.2017212728686565e-10,35.020597587900646,20.0,ellipse,0.30000000000000004,0.2,0.4,0.4,fb_ratio,0.136070920796225,2.0,0.9115022909196497,5.169438724304528,0.6803546039811249,1.6572518324557075,911.4168475228657,1.5,1.0
40.0,FW6_HEADYAW,True,1.3779753157440686e-11,13.57701305462681,10.0,ellipse,0.30000000000000004,0.2,0.4,0.4,fb_ratio,0.14326429070138208,2.0,0.7928301122009673,25.95564554255101,0.7163214535069103,2.5166304072038037,1287.4805842319563,1.5,0.75
40.0,FW6_HEADYAW,True,4.619158128114978e-09,23.713999811444033,10.0,ellipse,0.30000000000000004,0.2,0.4,0.4,fb_ratio,0.12252118472230633,2.0,0.853158576007249,9.778368054651324,0.6126059236115317,0.5023434936381658,3018.8912184620835,1.5,1.0
30.0,FW6_HEADYAW,True,1.5050424509618879e-10,18.37385245926268,20.0,ellipse,0.6000000000000001,0.2,0.4,0.4,fb_ratio,0.1653493288794867,2.0,0.8713330297045399,14.900882290719002,0.8267466443974334,4.111806950531258,684.4546157230526,3.0,0.75
30.0,FW6_HEADYAW,True,7.60130583285545e-09,36.38335291812368,20.0,ellipse,0.6000000000000001,0.2,0.4,0.4,fb_ratio,0.1353022461826867,2.0,0.9133852114048826,4.980754567773971,0.6765112309134333,2.0443932623179073,906.4750853203942,3.0,1.0
40.0,FW6_HEADYAW,True,-2.3850900042427875e-10,13.560181376657814,10.0,ellipse,0.6000000000000001,0.2,0.4,0.4,fb_ratio,0.1432515146241192,2.0,0.7927445758057116,25.98109698647997,0.7162575731205959,2.571117550465452,1266.4743541716164,3.0,0.75
40.0,FW6_HEADYAW,True,-7.444442068673673e-10,23.682264708857712,10.0,ellipse,0.6000000000000001,0.2,0.4,0.4,fb_ratio,0.12205604474968984,2.0,0.8532154485725979,9.796474071266577,0.6102802237484491,0.5453483757151327,2982.1943027815764,3.0,1.0
30.0,FW6_HEADYAW,True,2.0348349980706343e-09,18.626801438865677,20.0,ellipse,0.2,0.2,0.4,0.4,point_sigma,0.16577402820541404,2.0,0.8721702126527331,14.704023776431914,0.8288701410270701,3.6751140880017767,687.4312381260773,0.0,0.75
30.0,FW6_HEADYAW,True,2.4862554972734384e-09,35.06767657444513,20.0,ellipse,0.2,0.2,0.4,0.4,point_sigma,0.13695441219031182,2.0,0.9113652809729773,5.160842229525102,0.6847720609515591,1.178347795651666,1018.7762091993955,0.0,1.0
40.0,FW6_HEADYAW,True,1.3527988400242737e-09,13.592978913285293,10.0,ellipse,0.2,0.2,0.4,0.4,point_sigma,0.1432681852514311,2.0,0.7929438730524139,25.926053412292685,0.7163409262571554,2.482774202223735,1299.754313160873,0.0,0.75
40.0,FW6_HEADYAW,True,5.6196425528108513e-11,23.97545846660307,10.0,ellipse,0.2,0.2,0.4,0.4,point_sigma,0.12276469788724528,2.0,0.8537027044418295,9.66977093766737,0.6138234894362263,0.4021215959970327,3470.937023070298,0.0,1.0
30.0,FW6_HEADYAW,True,2.0348349980706343e-09,18.626801438865677,20.0,ellipse,0.2,0.2,0.4,0.4,point_sigma,0.16577402820541404,2.0,0.8721702126527331,14.704023776431914,0.8288701410270701,3.6751140880017767,687.4312381260773,0.0,0.75
30.0,FW6_HEADYAW,True,2.4862554972734384e-09,35.06767657444513,20.0,ellipse,0.2,0.2,0.4,0.4,point_sigma,0.13695441219031182,2.0,0.9113652809729773,5.160842229525102,0.6847720609515591,1.178347795651666,1018.7762091993955,0.0,1.0
40.0,FW6_HEADYAW,True,1.3527988400242737e-09,13.592978913285293,10.0,ellipse,0.2,0.2,0.4,0.4,point_sigma,0.1432681852514311,2.0,0.7929438730524139,25.926053412292685,0.7163409262571554,2.482774202223735,1299.754313160873,0.0,0.75
40.0,FW6_HEADYAW,True,5.6196425528108513e-11,23.97545846660307,10.0,ellipse,0.2,0.2,0.4,0.4,point_sigma,0.12276469788724528,2.0,0.8537027044418295,9.66977093766737,0.6138234894362263,0.4021215959970327,3470.937023070298,0.0,1.0
30.0,FW6_HEADYAW,True,2.0348349980706343e-09,18.626801438865677,20.0,ellipse,0.2,0.2,0.4,0.4,point_sigma,0.16577402820541404,2.0,0.8721702126527331,14.704023776431914,0.8288701410270701,3.6751140880017767,687.4312381260773,0.0,0.75
30.0,FW6_HEADYAW,True,2.4862554972734384e-09,35.06767657444513,20.0,ellipse,0.2,0.2,0.4,0.4,point_sigma,0.13695441219031182,2.0,0.9113652809729773,5.160842229525102,0.6847720609515591,1.178347795651666,1018.7762091993955,0.0,1.0
40.0,FW6_HEADYAW,True,1.3527988400242737e-09,13.592978913285293,10.0,ellipse,0.2,0.2,0.4,0.4,point_sigma,0.1432681852514311,2.0,0.7929438730524139,25.926053412292685,0.7163409262571554,2.482774202223735,1299.754313160873,0.0,0.75
40.0,FW6_HEADYAW,True,5.6196425528108513e-11,23.97545846660307,10.0,ellipse,0.2,0.2,0.4,0.4,point_sigma,0.12276469788724528,2.0,0.8537027044418295,9.66977093766737,0.6138234894362263,0.4021215959970327,3470.937023070298,0.0,1.0
30.0,FW6_HEADYAW,True,2.0348349980706343e-09,18.626801438865677,20.0,ellipse,0.2,0.2,0.4,0.4,point_sigma,0.16577402820541404,2.0,0.8721702126527331,14.704023776431914,0.8288701410270701,3.6751140880017767,687.4312381260773,0.0,0.75
30.0,FW6_HEADYAW,True,2.4862554972734384e-09,35.06767657444513,20.0,ellipse,0.2,0.2,0.4,0.4,point_sigma,0.13695441219031182,2.0,0.9113652809729773,5.160842229525102,0.6847720609515591,1.178347795651666,1018.7762091993955,0.0,1.0
40.0,FW6_HEADYAW,True,1.3527988400242737e-09,13.592978913285293,10.0,ellipse,0.2,0.2,0.4,0.4,point_sigma,0.1432681852514311,2.0,0.7929438730524139,25.926053412292685,0.7163409262571554,2.482774202223735,1299.754313160873,0.0,0.75
40.0,FW6_HEADYAW,True,5.6196425528108513e-11,23.97545846660307,10.0,ellipse,0.2,0.2,0.4,0.4,point_sigma,0.12276469788724528,2.0,0.8537027044418295,9.66977093766737,0.6138234894362263,0.4021215959970327,3470.937023070298,0.0,1.0
30.0,FW6_HEADYAW,True,2.0348349980706343e-09,18.626801438865677,20.0,ellipse,0.2,0.2,0.4,0.4,point_sigma,0.16577402820541404,2.0,0.8721702126527331,14.704023776431914,0.8288701410270701,3.6751140880017767,687.4312381260773,0.0,0.75
30.0,FW6_HEADYAW,True,2.4862554972734384e-09,35.06767657444513,20.0,ellipse,0.2,0.2,0.4,0.4,point_sigma,0.13695441219031182,2.0,0.9113652809729773,5.160842229525102,0.6847720609515591,1.178347795651666,1018.7762091993955,0.0,1.0
40.0,FW6_HEADYAW,True,1.3527988400242737e-09,13.592978913285293,10.0,ellipse,0.2,0.2,0.4,0.4,point_sigma,0.1432681852514311,2.0,0.7929438730524139,25.926053412292685,0.7163409262571554,2.482774202223735,1299.754313160873,0.0,0.75
40.0,FW6_HEADYAW,True,5.6196425528108513e-11,23.97545846660307,10.0,ellipse,0.2,0.2,0.4,0.4,point_sigma,0.12276469788724528,2.0,0.8537027044418295,9.66977093766737,0.6138234894362263,0.4021215959970327,3470.937023070298,0.0,1.0
30.0,FW6_HEADYAW,True,2.0348349980706343e-09,18.626801438865677,20.0,ellipse,0.2,0.2,0.4,0.4,point_sigma,0.16577402820541404,2.0,0.8721702126527331,14.704023776431914,0.8288701410270701,3.6751140880017767,687.4312381260773,0.0,0.75
30.0,FW6_HEADYAW,True,2.4862554972734384e-09,35.06767657444513,20.0,ellipse,0.2,0.2,0.4,0.4,point_sigma,0.13695441219031182,2.0,0.9113652809729773,5.160842229525102,0.6847720609515591,1.178347795651666,1018.7762091993955,0.0,1.0
40.0,FW6_HEADYAW,True,1.3527988400242737e-09,13.592978913285293,10.0,ellipse,0.2,0.2,0.4,0.4,point_sigma,0.1432681852514311,2.0,0.7929438730524139,25.926053412292685,0.7163409262571554,2.482774202223735,1299.754313160873,0.0,0.75
40.0,FW6_HEADYAW,True,5.6196425528108513e-11,23.97545846660307,10.0,ellipse,0.2,0.2,0.4,0.4,point_sigma,0.12276469788724528,2.0,0.8537027044418295,9.66977093766737,0.6138234894362263,0.4021215959970327,3470.937023070298,0.0,1.0
30.0,FW6_HEADYAW,True,2.0348349980706343e-09,18.626801438865677,20.0,ellipse,0.2,0.2,0.4,0.4,point_sigma,0.16577402820541404,2.0,0.8721702126527331,14.704023776431914,0.8288701410270701,3.6751140880017767,687.4312381260773,0.0,0.75
30.0,FW6_HEADYAW,True,2.4862554972734384e-09,35.06767657444513,20.0,ellipse,0.2,0.2,0.4,0.4,point_sigma,0.13695441219031182,2.0,0.9113652809729773,5.160842229525102,0.6847720609515591,1.178347795651666,1018.7762091993955,0.0,1.0
40.0,FW6_HEADYAW,True,1.3527988400242737e-09,13.592978913285293,10.0,ellipse,0.2,0.2,0.4,0.4,point_sigma,0.1432681852514311,2.0,0.7929438730524139,25.926053412292685,0.7163409262571554,2.482774202223735,1299.754313160873,0.0,0.75
40.0,FW6_HEADYAW,True,5.6196425528108513e-11,23.97545846660307,10.0,ellipse,0.2,0.2,0.4,0.4,point_sigma,0.12276469788724528,2.0,0.8537027044418295,9.66977093766737,0.6138234894362263,0.4021215959970327,3470.937023070298,0.0,1.0
30.0,FW6_HEADYAW,True,2.0348349980706343e-09,18.626801438865677,20.0,ellipse,0.2,0.2,0.4,0.4,point_sigma,0.16577402820541404,2.0,0.8721702126527331,14.704023776431914,0.8288701410270701,3.6751140880017767,687.4312381260773,0.0,0.75
30.0,FW6_HEADYAW,True,2.4862554972734384e-09,35.06767657444513,20.0,ellipse,0.2,0.2,0.4,0.4,point_sigma,0.13695441219031182,2.0,0.9113652809729773,5.160842229525102,0.6847720609515591,1.178347795651666,1018.7762091993955,0.0,1.0
40.0,FW6_HEADYAW,True,1.3527988400242737e-09,13.592978913285293,10.0,ellipse,0.2,0.2,0.4,0.4,point_sigma,0.1432681852514311,2.0,0.7929438730524139,25.926053412292685,0.7163409262571554,2.482774202223735,1299.754313160873,0.0,0.75
40.0,FW6_HEADYAW,True,5.6196425528108513e-11,23.97545846660307,10.0,ellipse,0.2,0.2,0.4,0.4,point_sigma,0.12276469788724528,2.0,0.8537027044418295,9.66977093766737,0.6138234894362263,0.4021215959970327,3470.937023070298,0.0,1.0
30.0,FW6_HEADYAW,True,2.0348349980706343e-09,18.626801438865677,20.0,ellipse,0.2,0.2,0.4,0.4,point_sigma,0.16577402820541404,2.0,0.8721702126527331,14.704023776431914,0.8288701410270701,3.6751140880017767,687.4312381260773,0.0,0.75
30.0,FW6_HEADYAW,True,2.4862554972734384e-09,35.06767657444513,20.0,ellipse,0.2,0.2,0.4,0.4,point_sigma,0.13695441219031182,2.0,0.9113652809729773,5.160842229525102,0.6847720609515591,1.178347795651666,1018.7762091993955,0.0,1.0
40.0,FW6_HEADYAW,True,1.3527988400242737e-09,13.592978913285293,10.0,ellipse,0.2,0.2,0.4,0.4,point_sigma,0.1432681852514311,2.0,0.7929438730524139,25.926053412292685,0.7163409262571554,2.482774202223735,1299.754313160873,0.0,0.75
40.0,FW6_HEADYAW,True,5.6196425528108513e-11,23.97545846660307,10.0,ellipse,0.2,0.2,0.4,0.4,point_sigma,0.12276469788724528,2.0,0.8537027044418295,9.66977093766737,0.6138234894362263,0.4021215959970327,3470.937023070298,0.0,1.0
30.0,FW6_HEADYAW,True,2.0348349980706343e-09,18.626801438865677,20.0,ellipse,0.2,0.2,0.4,0.4,point_sigma,0.16577402820541404,2.0,0.8721702126527331,14.704023776431914,0.8288701410270701,3.6751140880017767,687.4312381260773,0.0,0.75
30.0,FW6_HEADYAW,True,2.4862554972734384e-09,35.06767657444513,20.0,ellipse,0.2,0.2,0.4,0.4,point_sigma,0.13695441219031182,2.0,0.9113652809729773,5.160842229525102,0.6847720609515591,1.178347795651666,1018.7762091993955,0.0,1.0
40.0,FW6_HEADYAW,True,1.3527988400242737e-09,13.592978913285293,10.0,ellipse,0.2,0.2,0.4,0.4,point_sigma,0.1432681852514311,2.0,0.7929438730524139,25.926053412292685,0.7163409262571554,2.482774202223735,1299.754313160873,0.0,0.75
40.0,FW6_HEADYAW,True,5.6196425528108513e-11,23.97545846660307,10.0,ellipse,0.2,0.2,0.4,0.4,point_sigma,0.12276469788724528,2.0,0.8537027044418295,9.66977093766737,0.6138234894362263,0.4021215959970327,3470.937023070298,0.0,1.0
30.0,FW6_HEADYAW,True,2.0348349980706343e-09,18.626801438865677,20.0,ellipse,0.2,0.2,0.4,0.4,point_sigma,0.16577402820541404,2.0,0.8721702126527331,14.704023776431914,0.8288701410270701,3.6751140880017767,687.4312381260773,0.0,0.75
30.0,FW6_HEADYAW,True,2.4862554972734384e-09,35.06767657444513,20.0,ellipse,0.2,0.2,0.4,0.4,point_sigma,0.13695441219031182,2.0,0.9113652809729773,5.160842229525102,0.6847720609515591,1.178347795651666,1018.7762091993955,0.0,1.0
40.0,FW6_HEADYAW,True,1.3527988400242737e-09,13.592978913285293,10.0,ellipse,0.2,0.2,0.4,0.4,point_sigma,0.1432681852514311,2.0,0.7929438730524139,25.926053412292685,0.7163409262571554,2.482774202223735,1299.754313160873,0.0,0.75
40.0,FW6_HEADYAW,True,5.6196425528108513e-11,23.97545846660307,10.0,ellipse,0.2,0.2,0.4,0.4,point_sigma,0.12276469788724528,2.0,0.8537027044418295,9.66977093766737,0.6138234894362263,0.4021215959970327,3470.937023070298,0.0,1.0
30.0,FW6_HEADYAW,True,2.0348349980706343e-09,18.626801438865677,20.0,ellipse,0.2,0.2,0.4,0.4,point_sigma,0.16577402820541404,2.0,0.8721702126527331,14.704023776431914,0.8288701410270701,3.6751140880017767,687.4312381260773,0.0,0.75
30.0,FW6_HEADYAW,True,2.4862554972734384e-09,35.06767657444513,20.0,ellipse,0.2,0.2,0.4,0.4,point_sigma,0.13695441219031182,2.0,0.9113652809729773,5.160842229525102,0.6847720609515591,1.178347795651666,1018.7762091993955,0.0,1.0
40.0,FW6_HEADYAW,True,1.3527988400242737e-09,13.592978913285293,10.0,ellipse,0.2,0.2,0.4,0.4,point_sigma,0.1432681852514311,2.0,0.7929438730524139,25.926053412292685,0.7163409262571554,2.482774202223735,1299.754313160873,0.0,0.75
40.0,FW6_HEADYAW,True,5.6196425528108513e-11,23.97545846660307,10.0,ellipse,0.2,0.2,0.4,0.4,point_sigma,0.12276469788724528,2.0,0.8537027044418295,9.66977093766737,0.6138234894362263,0.4021215959970327,3470.937023070298,0.0,1.0
30.0,FW6_HEADYAW,True,2.5865507110293737e-09,17.584107662615086,20.0,ellipse,0.2,0.2,0.4,0.4,point_sigma,0.16276721657236437,2.0,0.8661906654151645,15.465064776957933,0.8138360828618219,3.8956459162239794,645.8129856009626,0.05,0.75
30.0,FW6_HEADYAW,True,1.8493303389822803e-09,33.537591438025885,20.0,ellipse,0.2,0.2,0.4,0.4,point_sigma,0.13669697758620236,2.0,0.9091787273109153,5.398101474263767,0.6834848879310118,1.198267468854705,1021.1303408361072,0.05,1.0
40.0,FW6_HEADYAW,True,1.1722665806110528e-09,12.843968791774156,10.0,ellipse,0.2,0.2,0.4,0.4,point_sigma,0.14282646506918345,2.0,0.7842176914302263,27.17537513994791,0.7141323253459172,2.736424893394172,1222.309411395739,0.05,0.75
40.0,FW6_HEADYAW,True,-8.362474191376622e-09,22.949526344692583,10.0,ellipse,0.2,0.2,0.4,0.4,point_sigma,0.12223901137997108,2.0,0.8501809156482163,10.094424596449041,0.6111950568998553,0.5138561491907527,2789.8253578211534,0.05,1.0
30.0,FW6_HEADYAW,True,1.6655109365488332e-08,18.849327674948412,20.0,ellipse,0.2,0.2,0.4,0.4,point_sigma,0.1659607082916973,2.0,0.8733587010325925,14.52127326708092,0.8298035414584864,3.7570426755049615,664.6776524958187,0.05,0.75
30.0,FW6_HEADYAW,True,2.0558548863910917e-10,34.82443205326769,20.0,ellipse,0.2,0.2,0.4,0.4,point_sigma,0.13706447663800128,2.0,0.9112953509163831,5.189972304918134,0.6853223831900064,1.263360476664755,945.5330439137309,0.05,1.0
40.0,FW6_HEADYAW,True,2.250918305005249e-10,13.799490437542802,10.0,ellipse,0.2,0.2,0.4,0.4,point_sigma,0.14234865412833275,2.0,0.7943459932323756,25.53221002525372,0.7117432706416638,2.382305750058689,1339.815214936777,0.05,0.75
40.0,FW6_HEADYAW,True,4.702686252728909e-09,23.846839068631983,10.0,ellipse,0.2,0.2,0.4,0.4,point_sigma,0.12290465375228325,2.0,0.853670936421283,9.712046751365195,0.6145232687614163,0.3963344053164899,3531.164663465978,0.05,1.0
30.0,FW6_HEADYAW,True,-2.708866495122422e-10,18.34477493720801,20.0,ellipse,0.2,0.2,0.4,0.4,point_sigma,0.16411711195511036,2.0,0.8714288437330733,14.85625900565407,0.8205855597755518,3.7454723427102623,671.2317676761818,0.05,0.75
30.0,FW6_HEADYAW,True,1.001731997269677e-08,33.6958679340068,20.0,ellipse,0.2,0.2,0.4,0.4,point_sigma,0.13665291359555556,2.0,0.9104993467718945,5.3859807081336655,0.6832645679777778,1.2899304180330062,948.3944469712461,0.05,1.0
40.0,FW6_HEADYAW,True,-3.4128329752668086e-09,13.291428080904527,10.0,ellipse,0.2,0.2,0.4,0.4,point_sigma,0.14400861372752538,2.0,0.7909467254476737,26.370150624211835,0.7200430686376269,2.798230176486782,1163.6521711992966,0.05,0.75
40.0,FW6_HEADYAW,True,-2.164858458864874e-09,23.371749935478235,10.0,ellipse,0.2,0.2,0.4,0.4,point_sigma,0.12204083388910024,2.0,0.8526754842753199,9.939827225409559,0.6102041694455012,0.6942679282495151,2028.0542979223223,0.05,1.0
30.0,FW6_HEADYAW,True,-1.226725628144412e-09,18.950760425158496,20.0,ellipse,0.2,0.2,0.4,0.4,point_sigma,0.16818667763672676,2.0,0.872232650585225,14.709552774687756,0.8409333881836337,4.055048915167273,602.7767437372595,0.05,0.75
30.0,FW6_HEADYAW,True,2.7981029202509086e-09,35.413143192494424,20.0,ellipse,0.2,0.2,0.4,0.4,point_sigma,0.13934728399739155,2.0,0.9114605293763832,5.194442384569136,0.6967364199869577,1.2468354089824663,961.2765406103529,0.05,1.0
40.0,FW6_HEADYAW,True,3.7252763546777175e-08,13.828551904130292,10.0,ellipse,0.2,0.2,0.4,0.4,point_sigma,0.14522731424054572,2.0,0.7927525038897227,25.921891020618645,0.7261365712027286,2.404433812049757,1339.8262018208588,0.05,0.75
40.0,FW6_HEADYAW,True,-2.3910988671747426e-09,24.22059618641162,10.0,ellipse,0.2,0.2,0.4,0.4,point_sigma,0.12504376505954284,2.0,0.8537327156711002,9.728585485676067,0.6252188252977142,0.3757867807361457,3738.538653340264,0.05,1.0
30.0,FW6_HEADYAW,True,1.778477917481988e-09,18.611734936118864,20.0,ellipse,0.2,0.2,0.4,0.4,point_sigma,0.16601551217481625,2.0,0.8721191502208698,14.747130126857257,0.8300775608740812,3.8221795698646908,655.0412160195825,0.05,0.75
30.0,FW6_HEADYAW,True,8.280938286701293e-09,34.83892079247242,20.0,ellipse,0.2,0.2,0.4,0.4,point_sigma,0.13732878818390196,2.0,0.9114139576924909,5.200339085053888,0.6866439409195098,1.1547154608850771,1033.4329904793185,0.05,1.0
40.0,FW6_HEADYAW,True,-9.918559774143977e-11,13.541356776322255,10.0,ellipse,0.2,0.2,0.4,0.4,point_sigma,0.14308606489737172,2.0,0.7923997794607907,26.080778361380286,0.7154303244868585,2.31032380950235,1406.0088791757541,0.05,0.75
40.0,FW6_HEADYAW,True,3.5907329281117833e-09,23.94826661298234,10.0,ellipse,0.2,0.2,0.4,0.4,point_sigma,0.12268413654951173,2.0,0.853757213188049,9.69504547573824,0.6134206827475586,0.37048662558097234,3785.4923179637717,0.05,1.0
30.0,FW6_HEADYAW,True,-3.6340103380931223e-09,18.297070390958073,20.0,ellipse,0.2,0.2,0.4,0.4,point_sigma,0.163690185146195,2.0,0.871818423041216,14.846599706155729,0.8184509257309749,3.7713104657229417,659.1137608328463,0.05,0.75
30.0,FW6_HEADYAW,True,-1.119607727027402e-09,34.20593398607857,20.0,ellipse,0.2,0.2,0.4,0.4,point_sigma,0.1356060245499594,2.0,0.911373024993673,5.2752551569677495,0.678030122749797,1.2046420059515017,1001.0020639046253,0.05,1.0
40.0,FW6_HEADYAW,True,-6.8473072397249655e-09,13.35691191376198,10.0,ellipse,0.2,0.2,0.4,0.4,point_sigma,0.14265517061086516,2.0,0.7922643759574493,26.172016568032237,0.7132758530543257,2.6621236867309963,1218.7144420544196,0.05,0.75
40.0,FW6_HEADYAW,True,-7.1572646180829755e-09,23.673045329214485,10.0,ellipse,0.2,0.2,0.4,0.4,point_sigma,0.1216092474850341,2.0,0.8539254785319788,9.769038535930537,0.6080462374251705,0.5772659200697114,2411.5812106700505,0.05,1.0
30.0,FW6_HEADYAW,True,-4.767219309646468e-09,18.421031316878388,20.0,ellipse,0.2,0.2,0.4,0.4,point_sigma,0.16524312815304665,2.0,0.8710180135946585,14.820513856407793,0.8262156407652332,3.567802340602466,712.9906432242371,0.05,0.75
30.0,FW6_HEADYAW,True,-1.0126278619835677e-08,34.7744354885752,20.0,ellipse,0.2,0.2,0.4,0.4,point_sigma,0.136770268534049,2.0,0.9107240974021833,5.201376473572101,0.6838513426702449,1.2053740528794095,996.8908199045603,0.05,1.0
40.0,FW6_HEADYAW,True,3.8473261648855286e-10,13.44720361618927,10.0,ellipse,0.2,0.2,0.4,0.4,point_sigma,0.1425519837419785,2.0,0.7912640004358305,26.11056402143732,0.7127599187098924,2.5759304764071134,1257.1453789492193,0.05,0.75
40.0,FW6_HEADYAW,True,9.158157134162366e-09,23.782293063120317,10.0,ellipse,0.2,0.2,0.4,0.4,point_sigma,0.12278877929384233,2.0,0.8526325816264058,9.7524246439871,0.6139438964692115,0.4680367406155039,2980.9093739839054,0.05,1.0
30.0,FW6_HEADYAW,True,1.393953627325071e-10,18.38249520367376,20.0,ellipse,0.2,0.2,0.4,0.4,point_sigma,0.16451033204550258,2.0,0.8727210734878371,14.814878343151388,0.8225516602275129,3.6205000635774187,707.6491057014763,0.05,0.75
30.0,FW6_HEADYAW,True,1.6052105618013652e-08,34.42298816301666,20.0,ellipse,0.2,0.2,0.4,0.4,point_sigma,0.13589657053104062,2.0,0.911757151258048,5.228884638484724,0.679482852655203,1.2161481801048717,1012.232418695386,0.05,1.0
40.0,FW6_HEADYAW,True,-3.5560962900613106e-09,13.382266820827242,10.0,ellipse,0.2,0.2,0.4,0.4,point_sigma,0.14148362692859034,2.0,0.7934205760147138,26.1672565230214,0.7074181346429517,2.554852810910428,1274.499445699197,0.05,0.75
40.0,FW6_HEADYAW,True,-8.387604549053536e-09,23.756322278607403,10.0,ellipse,0.2,0.2,0.4,0.4,point_sigma,0.12184221139177631,2.0,0.8544286592057272,9.706548692008148,0.6092110569588816,0.4541521969523938,3120.0058127633897,0.05,1.0
30.0,FW6_HEADYAW,True,-7.543530659497328e-09,18.72039895087176,20.0,ellipse,0.2,0.2,0.4,0.4,point_sigma,0.1646553048848562,2.0,0.8736775390164604,14.448334587335406,0.8232765244242809,3.7393122149710996,672.9091503835471,0.05,0.75
30.0,FW6_HEADYAW,True,-3.4456034228579327e-09,35.32450030728568,20.0,ellipse,0.2,0.2,0.4,0.4,point_sigma,0.13531447163403607,2.0,0.9120469811194784,5.04222022449112,0.6765723581701802,1.1082244097709417,1068.4784440952617,0.05,1.0
40.0,FW6_HEADYAW,True,1.0143743840730265e-08,13.65362179842534,10.0,ellipse,0.2,0.2,0.4,0.4,point_sigma,0.1419360848086989,2.0,0.7952040094039473,25.509983834403506,0.7096804240434945,2.293148401477338,1393.4326008184341,0.05,0.75
40.0,FW6_HEADYAW,True,-6.310470956704783e-10,24.263148303238466,10.0,ellipse,0.2,0.2,0.4,0.4,point_sigma,0.12101001291542834,2.0,0.8548720200297759,9.415036694643776,0.6050500645771417,0.3858443726935124,3544.264516857401,0.05,1.0
30.0,FW6_HEADYAW,True,-1.0219650958758074e-09,18.262649508788513,20.0,ellipse,0.2,0.2,0.4,0.4,point_sigma,0.16468408208404428,2.0,0.8710213411239521,14.928791960294072,0.8234204104202214,3.7156601077837297,678.340775079479,0.05,0.75
30.0,FW6_HEADYAW,True,9.732032169156197e-10,34.738190414354904,20.0,ellipse,0.2,0.2,0.4,0.4,point_sigma,0.13642717222524553,2.0,0.9112414297723578,5.199953261849596,0.6821358611262276,1.2083684618548962,1005.5128868638641,0.05,1.0
40.0,FW6_HEADYAW,True,-5.702806106344419e-10,13.299319163468432,10.0,ellipse,0.2,0.2,0.4,0.4,point_sigma,0.14279649166669892,2.0,0.7911845284788255,26.34778489069797,0.7139824583334945,2.6085296565027094,1248.5668792206093,0.05,0.75
40.0,FW6_HEADYAW,True,1.2855489135408745e-08,23.795285720901205,10.0,ellipse,0.2,0.2,0.4,0.4,point_sigma,0.12238663929111665,2.0,0.8534521541633672,9.723537594019122,0.6119331964555832,0.46076292475424074,3052.7454773807412,0.05,1.0
30.0,FW6_HEADYAW,True,-3.379855394052054e-09,19.040334956201942,20.0,ellipse,0.2,0.2,0.4,0.4,point_sigma,0.16766278953985037,2.0,0.8737140616919409,14.528764159282664,0.8383139476992518,3.7289328785079072,666.4168702431421,0.05,0.75
30.0,FW6_HEADYAW,True,-8.220249327685618e-09,35.39709879864625,20.0,ellipse,0.2,0.2,0.4,0.4,point_sigma,0.13806370138300023,2.0,0.9120505757888789,5.175104399395062,0.6903185069150011,1.152760037831154,1035.6885231317433,0.05,1.0
40.0,FW6_HEADYAW,True,1.661341269118368e-08,13.933221199940679,10.0,ellipse,0.2,0.2,0.4,0.4,point_sigma,0.14557851419947648,2.0,0.7955221868518118,25.557922966485823,0.7278925709973824,2.426954637057882,1316.0441835567399,0.05,0.75
40.0,FW6_HEADYAW,True,9.016952035816107e-09,24.484336773073878,10.0,ellipse,0.2,0.2,0.4,0.4,point_sigma,0.12367886996795939,2.0,0.8551919449943886,9.597203249137932,0.6183943498397969,0.5850614593703422,2327.2702642690665,0.05,1.0
30.0,FW6_HEADYAW,True,2.221162228113482e-09,18.46517153000697,20.0,ellipse,0.2,0.2,0.4,0.4,point_sigma,0.16263928846631298,2.0,0.8742762186271609,14.522979702072934,0.8131964423315649,3.6336179953513965,702.4742903275135,0.05,0.75
30.0,FW6_HEADYAW,True,3.3566023587758744e-09,34.48385593320786,20.0,ellipse,0.2,0.2,0.4,0.4,point_sigma,0.13376142374758856,2.0,0.9126131239708065,5.1178134806674755,0.6688071187379427,1.127312545837697,1065.7495286454869,0.05,1.0
40.0,FW6_HEADYAW,True,-2.3848649799990742e-09,13.468903510839766,10.0,ellipse,0.2,0.2,0.4,0.4,point_sigma,0.13927312010522902,2.0,0.7959557426919163,25.634193634019717,0.696365600526145,2.2719991560402457,1414.1517020490428,0.05,0.75
40.0,FW6_HEADYAW,True,-5.2961419750498336e-09,23.748349759122252,10.0,ellipse,0.2,0.2,0.4,0.4,point_sigma,0.11939790759753349,2.0,0.8555512115886601,9.538195029850721,0.5969895379876674,0.396821477780596,3485.863673098582,0.05,1.0
30.0,FW6_HEADYAW,True,2.7491402687764535e-09,22.216982518315984,20.0,ellipse,0.2,0.2,0.4,0.4,point_sigma,0.1623306737694017,2.0,0.8858476554522652,12.305116970054698,0.8116533688470084,2.8014421591145418,894.9649044397769,0.15,0.75
30.0,FW6_HEADYAW,True,1.2208738846137211e-08,38.740963603903,20.0,ellipse,0.2,0.2,0.4,0.4,point_sigma,0.13397637699842319,2.0,0.9154630799754792,4.538898652282677,0.6698818849921159,1.027635490437329,1085.40102356795,0.15,1.0
40.0,FW6_HEADYAW,True,1.733957308189532e-09,15.692564625863088,10.0,ellipse,0.2,0.2,0.4,0.4,point_sigma,0.14242916732319008,2.0,0.8110770874797175,22.485816352348113,0.7121458366159503,1.1713163214304942,2545.4736776673844,0.15,0.75
40.0,FW6_HEADYAW,True,-2.8182155553484783e-09,26.265763921565092,10.0,ellipse,0.2,0.2,0.4,0.4,point_sigma,0.11763749876727077,2.0,0.8595294868593729,8.637844941368748,0.5881874938363538,0.2420702654380566,5291.775700474635,0.15,1.0
30.0,FW6_HEADYAW,True,-8.987742616760216e-10,20.14996495885761,20.0,ellipse,0.2,0.2,0.4,0.4,point_sigma,0.16829383861542074,2.0,0.8777891951227157,13.83089802521206,0.8414691930771037,4.741746547087746,486.513536504995,0.15,0.75
30.0,FW6_HEADYAW,True,-5.744938914209766e-08,35.36333545410852,20.0,ellipse,0.2,0.2,0.4,0.4,point_sigma,0.14401739313564857,2.0,0.9126150238701878,5.2669796043280135,0.7200869656782428,1.2975334102207878,888.6600921677018,0.15,1.0
40.0,FW6_HEADYAW,True,4.1093213352441384e-08,14.51361764156687,10.0,ellipse,0.2,0.2,0.4,0.4,point_sigma,0.15098258528852557,2.0,0.7987384695133667,24.723869973977568,0.7549129264426278,3.2679337449498274,925.4744903315906,0.15,0.75
40.0,FW6_HEADYAW,True,3.113878328259986e-09,24.92201157530949,10.0,ellipse,0.2,0.2,0.4,0.4,point_sigma,0.1244947263679578,2.0,0.8566791332669852,9.595455381908282,0.622473631839789,0.6356156735117964,2123.3202616304884,0.15,1.0
30.0,FW6_HEADYAW,True,-8.082799669279496e-09,19.08646371534645,20.0,ellipse,0.2,0.2,0.4,0.4,point_sigma,0.16277728426916846,2.0,0.8724195117827946,14.374037464573714,0.8138864213458422,4.790172697854372,480.8683889432161,0.15,0.75
30.0,FW6_HEADYAW,True,-4.821486331190934e-10,35.61669144757992,20.0,ellipse,0.2,0.2,0.4,0.4,point_sigma,0.14169970308512134,2.0,0.910331258952744,5.1798385128354525,0.7084985154256066,1.610456268850199,711.2889377422064,0.15,1.0
40.0,FW6_HEADYAW,True,-5.082963707247401e-10,13.924450013584893,10.0,ellipse,0.2,0.2,0.4,0.4,point_sigma,0.14667933892134077,2.0,0.7927058048614943,25.384679588269584,0.7333966946067039,3.6663586323692,843.6175944753105,0.15,0.75
40.0,FW6_HEADYAW,True,4.455650582772961e-09,24.371398397494815,10.0,ellipse,0.2,0.2,0.4,0.4,point_sigma,0.12410229284858898,2.0,0.8521963993942713,9.710748764533822,0.6205114642429449,0.7141439397694499,1913.120137742958,0.15,1.0
30.0,FW6_HEADYAW,True,3.086769148731066e-08,17.728456879564725,20.0,ellipse,0.2,0.2,0.4,0.4,point_sigma,0.16543433858538553,2.0,0.8675363543113004,15.529791368629894,0.8271716929269276,4.67191879629386,512.6016958850025,0.15,0.75
30.0,FW6_HEADYAW,True,2.7178771258058085e-08,34.279986614274186,20.0,ellipse,0.2,0.2,0.4,0.4,point_sigma,0.1412988462356761,2.0,0.9115793088440699,5.335856251968206,0.7064942311783804,1.199496952879784,983.7206955537401,0.15,1.0
40.0,FW6_HEADYAW,True,5.465003984198095e-09,13.084055095188559,10.0,ellipse,0.2,0.2,0.4,0.4,point_sigma,0.14811279291536109,2.0,0.7879725817137387,26.949455065711113,0.7405639645768054,3.0490262121616434,1078.2192651882888,0.15,0.75
40.0,FW6_HEADYAW,True,-2.26290621316902e-09,23.686425727682202,10.0,ellipse,0.2,0.2,0.4,0.4,point_sigma,0.12299404889718304,2.0,0.8546456106136686,9.879701082689293,0.6149702444859152,0.49035425544558137,2816.1886132162917,0.15,1.0
30.0,FW6_HEADYAW,True,-2.929096052653659e-10,18.6242363956646,20.0,ellipse,0.2,0.2,0.4,0.4,point_sigma,0.16236595282521063,2.0,0.8744423543010753,14.425012973186218,0.8118297641260531,3.9454632514403665,608.0022013537698,0.15,0.75
30.0,FW6_HEADYAW,True,-3.337470924797536e-09,33.54375224095586,20.0,ellipse,0.2,0.2,0.4,0.4,point_sigma,0.1373850873676001,2.0,0.9109764114671646,5.382213817431961,0.6869254368380004,1.3571323127797246,894.9662144927933,0.15,1.0
40.0,FW6_HEADYAW,True,2.9052484126797798e-08,13.416824334021745,10.0,ellipse,0.2,0.2,0.4,0.4,point_sigma,0.1448416722228061,2.0,0.7948182096306633,25.77117063404652,0.7242083611140305,2.8487632230752045,1115.453804957686,0.15,0.75
40.0,FW6_HEADYAW,True,-6.602625379017969e-08,23.25369888754362,10.0,ellipse,0.2,0.2,0.4,0.4,point_sigma,0.1199924068473212,2.0,0.853770476566581,9.937007455984018,0.599962034236606,0.7448048321754532,1879.6986036866713,0.15,1.0
30.0,FW6_HEADYAW,True,-6.786411544654995e-09,17.848656936926282,20.0,ellipse,0.2,0.2,0.4,0.4,point_sigma,0.15504620604057917,2.0,0.8775063164447109,14.953916408691025,0.7752310302028959,3.8891670687731583,647.1096741998032,0.15,0.75
30.0,FW6_HEADYAW,True,-2.9446720240674566e-09,32.55503393902765,20.0,ellipse,0.2,0.2,0.4,0.4,point_sigma,0.13279472172845214,2.0,0.9148633468126657,5.443768426761886,0.6639736086422606,1.3599944186157988,925.9084358797655,0.15,1.0
40.0,FW6_HEADYAW,True,-2.2937404980978036e-09,13.038279538759662,10.0,ellipse,0.2,0.2,0.4,0.4,point_sigma,0.13793319022730327,2.0,0.8011805470146205,26.306640538639126,0.6896659511365163,2.504537061551252,1303.9408382116192,0.15,0.75
40.0,FW6_HEADYAW,True,9.888992542686421e-10,23.05551922546297,10.0,ellipse,0.2,0.2,0.4,0.4,point_sigma,0.11925789017304161,2.0,0.8604213145434577,9.836050607514112,0.596289450865208,0.43771395159059284,3368.0641181364813,0.15,1.0
30.0,FW6_HEADYAW,True,-2.3080009523384138e-08,18.879470446421305,20.0,ellipse,0.2,0.2,0.4,0.4,point_sigma,0.16329846205594373,2.0,0.8740517747909846,14.449797971662393,0.8164923102797186,3.9097806040745438,627.8916093267703,0.15,0.75
30.0,FW6_HEADYAW,True,4.095764857025336e-08,35.490427285529336,20.0,ellipse,0.2,0.2,0.4,0.4,point_sigma,0.13531091394072794,2.0,0.9132610676636748,5.041730801110298,0.6765545697036397,1.1672010982577519,1007.0498421555869,0.15,1.0
40.0,FW6_HEADYAW,True,-5.773761100733188e-09,13.793589144337869,10.0,ellipse,0.2,0.2,0.4,0.4,point_sigma,0.14087432877445583,2.0,0.7961998054597034,25.41808015667449,0.7043716438722791,2.3571295134107606,1346.5863636896743,0.15,0.75
40.0,FW6_HEADYAW,True,8.054834244673393e-11,24.471932562068286,10.0,ellipse,0.2,0.2,0.4,0.4,point_sigma,0.1214772425983092,2.0,0.8569506573825313,9.376350667953455,0.607386212991546,0.3807401350122471,3581.204742375892,0.15,1.0
30.0,FW6_HEADYAW,True,8.464211389111266e-11,19.91661906499838,20.0,ellipse,0.2,0.2,0.4,0.4,point_sigma,0.17331726742155915,2.0,0.8714408159700748,14.556346861344517,0.8665863371077956,3.5182223731825277,733.4073333923634,0.15,0.75
30.0,FW6_HEADYAW,True,4.496062710555636e-09,34.72532815617632,20.0,ellipse,0.2,0.2,0.4,0.4,point_sigma,0.143867520707557,2.0,0.9076113325094123,5.536668033481109,0.719337603537785,1.1739146599580477,1081.0143269377909,0.15,1.0
40.0,FW6_HEADYAW,True,1.0580879435178344e-07,14.50629595609881,10.0,ellipse,0.2,0.2,0.4,0.4,point_sigma,0.1487929389442691,2.0,0.791275307213557,25.734720150946778,0.7439646947213454,2.1451259190155407,1519.6557733489249,0.15,0.75
40.0,FW6_HEADYAW,True,1.0921727394283e-08,24.189611965333874,10.0,ellipse,0.2,0.2,0.4,0.4,point_sigma,0.1296872159406691,2.0,0.8483546576315067,10.232987411403137,0.6484360797033454,0.6297296306863807,2304.316265401048,0.15,1.0
30.0,FW6_HEADYAW,True,-1.3525106022562661e-09,17.958786960366993,20.0,ellipse,0.2,0.2,0.4,0.4,point_sigma,0.1701870472546902,2.0,0.8632140919019716,15.980012872484044,0.8509352362734509,3.6836414040630583,714.6361482909164,0.15,0.75
30.0,FW6_HEADYAW,True,4.498174598864128e-09,34.0908519434392,20.0,ellipse,0.2,0.2,0.4,0.4,point_sigma,0.14320794475032805,2.0,0.9080279472816665,5.577090017067857,0.7160397237516403,1.163629115245838,1077.9579532727162,0.15,1.0
40.0,FW6_HEADYAW,True,-5.88333995603498e-09,13.16594218606566,10.0,ellipse,0.2,0.2,0.4,0.4,point_sigma,0.1480530164855816,2.0,0.7805115473079275,27.95254905911026,0.740265082427908,2.476945683028469,1393.5332322542067,0.15,0.75
40.0,FW6_HEADYAW,True,-5.149318029289434e-10,23.51841820298732,10.0,ellipse,0.2,0.2,0.4,0.4,point_sigma,0.1287812066784766,2.0,0.848958678092807,10.330789190206055,0.643906033392383,0.4401163062309363,3388.95026186966,0.15,1.0
30.0,FW6_HEADYAW,True,2.87654931362253e-10,17.09460175117735,20.0,ellipse,0.2,0.2,0.4,0.4,point_sigma,0.15589184885989607,2.0,0.8761813065502063,15.211347833950613,0.7794592442994803,3.7697112145132716,672.3898575523148,0.15,0.75
30.0,FW6_HEADYAW,True,5.09962981377827e-09,32.890761933918895,20.0,ellipse,0.2,0.2,0.4,0.4,point_sigma,0.12881988436609174,2.0,0.9147677399623239,5.281990146268043,0.6440994218304587,1.4666290583466288,847.3396343782077,0.15,1.0
40.0,FW6_HEADYAW,True,-6.285135453250915e-09,12.516810858092128,10.0,ellipse,0.2,0.2,0.4,0.4,point_sigma,0.1341590267384262,2.0,0.7985737108380189,26.728089069601072,0.670795133692131,2.271465740645107,1463.624481558853,0.15,0.75
40.0,FW6_HEADYAW,True,-1.7036855441130993e-08,22.870133331431457,10.0,ellipse,0.2,0.2,0.4,0.4,point_sigma,0.11543014773944547,2.0,0.8596072651410807,9.732376663693175,0.5771507386972273,0.6459898102941443,2256.4231558784204,0.15,1.0
30.0,FW6_HEADYAW,True,1.2715491852702771e-09,19.69730281143276,20.0,ellipse,0.2,0.2,0.4,0.4,point_sigma,0.16748462637225064,2.0,0.8768350769306054,13.88484231183505,0.8374231318612532,4.037248929259179,607.4889663393906,0.15,0.75
30.0,FW6_HEADYAW,True,-5.329706368603319e-09,36.02020485904574,20.0,ellipse,0.2,0.2,0.4,0.4,point_sigma,0.13716113714906486,2.0,0.9114724901087999,4.994332366543373,0.6858056857453243,1.2277070828558239,950.8372363819567,0.15,1.0
40.0,FW6_HEADYAW,True,1.626380453031987e-08,14.343298511130463,10.0,ellipse,0.2,0.2,0.4,0.4,point_sigma,0.14536836223270272,2.0,0.7990559187472989,24.56923381339123,0.7268418111635135,2.3805548564955035,1315.5200717590706,0.15,0.75
40.0,FW6_HEADYAW,True,-8.986448131004861e-09,24.893148438833325,10.0,ellipse,0.2,0.2,0.4,0.4,point_sigma,0.12246041114056447,2.0,0.8547109730771741,9.267376094562856,0.6123020557028223,0.4853908416529025,2777.074183960009,0.15,1.0
30.0,FW6_HEADYAW,True,-1.0030658821461493e-08,20.308304063860863,20.0,ellipse,0.2,0.2,0.4,0.4,point_sigma,0.16142138069663078,2.0,0.8798966698484756,13.687604088643223,0.8071069034831538,2.209159744946558,1241.0912294271113,0.15,0.75
30.0,FW6_HEADYAW,True,2.487852135723533e-09,36.66838193502856,20.0,ellipse,0.2,0.2,0.4,0.4,point_sigma,0.13247657019662187,2.0,0.9145859778139578,4.829021085574287,0.6623828509831093,1.0968034510059255,1107.5460037199941,0.15,1.0
40.0,FW6_HEADYAW,True,-3.2126138775139985e-09,14.587727381269984,10.0,ellipse,0.2,0.2,0.4,0.4,point_sigma,0.1375534048612097,2.0,0.8029973302983837,24.488160401236698,0.6877670243060485,1.1036268918149537,2929.662159076582,0.15,0.75
40.0,FW6_HEADYAW,True,2.1074450736017706e-09,25.28527248467195,10.0,ellipse,0.2,0.2,0.4,0.4,point_sigma,0.11848748337646021,2.0,0.8591730451256514,8.990860682250535,0.592437416882301,0.4899107225516035,2739.83516213096,0.15,1.0
30.0,FW6_HEADYAW,True,-1.904216375981626e-09,18.522008684555132,20.0,ellipse,0.2,0.2,0.4,0.4,point_sigma,0.16417464388963682,2.0,0.871305020556483,14.86657095626777,0.820873219448184,4.11860876830684,614.0212353814975,0.25,0.75
30.0,FW6_HEADYAW,True,1.3172346727148192e-10,32.923198995379025,20.0,ellipse,0.2,0.2,0.4,0.4,point_sigma,0.13754853510253334,2.0,0.9088557766286672,5.468049604479136,0.6877426755126667,1.4416358009069432,872.4568255210221,0.25,1.0
40.0,FW6_HEADYAW,True,7.556751430169503e-10,13.553477861512603,10.0,ellipse,0.2,0.2,0.4,0.4,point_sigma,0.14382683291095358,2.0,0.7909328201390612,26.04936475561103,0.7191341645547679,2.825696233880902,1155.983259379198,0.25,0.75
40.0,FW6_HEADYAW,True,-1.1604762644068676e-09,22.605606789995214,10.0,ellipse,0.2,0.2,0.4,0.4,point_sigma,0.12323679244412276,2.0,0.8496735114740408,10.201634195594231,0.6161839622206138,0.5589883361574268,2652.474934375177,0.25,1.0
30.0,FW6_HEADYAW,True,1.7664236152392412e-09,22.090669046713163,20.0,ellipse,0.2,0.2,0.4,0.4,point_sigma,0.1572815431376811,2.0,0.8896088970728419,12.273991751394897,0.7864077156884055,3.3574731761720105,708.7991526488659,0.25,0.75
30.0,FW6_HEADYAW,True,-8.781957548314846e-09,36.30339368088981,20.0,ellipse,0.2,0.2,0.4,0.4,point_sigma,0.13161569837949338,2.0,0.914845695945953,4.8465254200548324,0.6580784918974669,1.2192505269662397,906.446643802122,0.25,1.0
40.0,FW6_HEADYAW,True,8.650051199149179e-10,15.647572971519548,10.0,ellipse,0.2,0.2,0.4,0.4,point_sigma,0.13945762184248267,2.0,0.8150220299034393,22.402125867758812,0.6972881092124134,1.7738143258574282,1676.528618388355,0.25,0.75
40.0,FW6_HEADYAW,True,2.507965565959773e-09,25.216729804263085,10.0,ellipse,0.2,0.2,0.4,0.4,point_sigma,0.11592033643872793,2.0,0.8597774420315193,9.001226165501,0.5796016821936396,0.4785133526519581,2714.9027810439648,0.25,1.0
30.0,FW6_HEADYAW,True,1.915343148965391e-09,17.620614253493343,20.0,ellipse,0.2,0.2,0.4,0.4,point_sigma,0.15674148437377525,2.0,0.8728572384558341,15.370578333299742,0.7837074218688762,3.507745834677824,753.7352711931982,0.25,0.75
30.0,FW6_HEADYAW,True,3.247590437346053e-09,32.55068827932043,20.0,ellipse,0.2,0.2,0.4,0.4,point_sigma,0.13419884560222947,2.0,0.9129151065430986,5.4417961792658565,0.6709942280111473,1.171762499116258,1115.8481722911488,0.25,1.0
40.0,FW6_HEADYAW,True,1.4199789930893484e-08,12.882829765382644,10.0,ellipse,0.2,0.2,0.4,0.4,point_sigma,0.1392654536895686,2.0,0.7950668870343593,26.98860539674104,0.696327268447843,1.784249948489988,1918.710096689152,0.25,0.75
40.0,FW6_HEADYAW,True,1.4639176801458971e-08,22.47976699703149,10.0,ellipse,0.2,0.2,0.4,0.4,point_sigma,0.11759869483701475,2.0,0.856402556031643,10.07962438958346,0.5879934741850738,0.2663995854326285,5583.694632758041,0.25,1.0
30.0,FW6_HEADYAW,True,-1.5465570385110256e-09,21.00677815193852,20.0,ellipse,0.2,0.2,0.4,0.4,point_sigma,0.19098411634647378,2.0,0.8691989351934261,14.915742929097306,0.9549205817323688,3.7082114243879327,715.7969562085887,0.25,0.75
30.0,FW6_HEADYAW,True,7.678945558045985e-09,40.368535908228665,20.0,ellipse,0.2,0.2,0.4,0.4,point_sigma,0.15682176043183707,2.0,0.9086906355158597,5.055039013995763,0.7841088021591853,1.1034500383230745,1135.778176244467,0.25,1.0
40.0,FW6_HEADYAW,True,3.842984707745331e-09,15.43554237441602,10.0,ellipse,0.2,0.2,0.4,0.4,point_sigma,0.16391708743811267,2.0,0.7886509243691502,26.067893329324654,0.8195854371905633,2.2247992744960525,1502.7141229331987,0.25,0.75
40.0,FW6_HEADYAW,True,-1.73462681494998e-09,26.851159293472293,10.0,ellipse,0.2,0.2,0.4,0.4,point_sigma,0.13780397970175032,2.0,0.848031609000789,9.72709343960746,0.6890198985087516,0.10377565811678002,14000.566894982721,0.25,1.0
30.0,FW6_HEADYAW,True,1.8921755910962755e-10,19.335864713144012,20.0,ellipse,0.2,0.2,0.4,0.4,point_sigma,0.15130254329546292,2.0,0.8837388598133563,13.138772630995584,0.7565127164773146,2.2458828814335408,1183.3890662755434,0.25,0.75
30.0,FW6_HEADYAW,True,9.884469793929381e-09,34.09729326410684,20.0,ellipse,0.2,0.2,0.4,0.4,point_sigma,0.12457283111424,2.0,0.9161742786082125,4.827712754092485,0.6228641555712,0.9803219423271948,1222.4155323650502,0.25,1.0
40.0,FW6_HEADYAW,True,2.659241572649419e-08,13.842558378233203,10.0,ellipse,0.2,0.2,0.4,0.4,point_sigma,0.12885933328827187,2.0,0.8084378303508521,23.635536417046062,0.6442966664413593,0.2937016486426441,10777.551145640293,0.25,0.75
40.0,FW6_HEADYAW,True,-2.8882219493035015e-10,23.7959634539594,10.0,ellipse,0.2,0.2,0.4,0.4,point_sigma,0.11052916946408724,2.0,0.8619019586907954,8.905266699199482,0.5526458473204362,0.2803243935756107,4889.289283465176,0.25,1.0
30.0,FW6_HEADYAW,True,-1.392735594152871e-08,18.93092722865518,20.0,ellipse,0.2,0.2,0.4,0.4,point_sigma,0.16572692018862412,2.0,0.8757569270361488,14.16348539673966,0.8286346009431206,4.627259193870178,498.32271962744477,0.25,0.75
30.0,FW6_HEADYAW,True,-7.431493235426766e-10,35.68268453955571,20.0,ellipse,0.2,0.2,0.4,0.4,point_sigma,0.13913388034913465,2.0,0.9113309412774717,5.217402193605468,0.6956694017456733,1.7080954410552955,689.177710436876,0.25,1.0
40.0,FW6_HEADYAW,True,-4.979179027436565e-09,13.693700651304107,10.0,ellipse,0.2,0.2,0.4,0.4,point_sigma,0.14657452478488353,2.0,0.7956186169838124,25.117017370454715,0.7328726239244177,3.931180439518631,774.2494446892302,0.25,0.75
40.0,FW6_HEADYAW,True,2.2512645878961934e-09,24.96165044785395,10.0,ellipse,0.2,0.2,0.4,0.4,point_sigma,0.12635800177397058,2.0,0.8551374707537449,9.552203803911242,0.6317900088698528,0.9809711830830069,1398.7483725606962,0.25,1.0
30.0,FW6_HEADYAW,True,3.6067410573929246e-10,18.690923428818977,20.0,ellipse,0.2,0.2,0.4,0.4,point_sigma,0.16153589374273947,2.0,0.8750576117156017,14.39813449710538,0.8076794687136973,3.880010739283882,624.7942599628434,0.25,0.75
30.0,FW6_HEADYAW,True,-4.03612905917856e-09,35.58894591202688,20.0,ellipse,0.2,0.2,0.4,0.4,point_sigma,0.13921891234850187,2.0,0.9122182147282601,5.159978726198964,0.6960945617425093,1.3490019694104096,906.1138656914703,0.25,1.0
40.0,FW6_HEADYAW,True,-5.76044252800456e-09,13.61445951351901,10.0,ellipse,0.2,0.2,0.4,0.4,point_sigma,0.1455531639850607,2.0,0.7966949557644268,25.472422196361702,0.7277658199253035,2.6859347047854074,1177.4363231143623,0.25,0.75
40.0,FW6_HEADYAW,True,1.811827186268205e-08,24.545059772133854,10.0,ellipse,0.2,0.2,0.4,0.4,point_sigma,0.12108989966891034,2.0,0.8556006166261562,9.638457752311679,0.6054494983445516,0.6767785220465548,2079.156442636866,0.25,1.0
30.0,FW6_HEADYAW,True,4.5159503214094925e-11,21.54500567903597,20.0,ellipse,0.2,0.2,0.4,0.4,point_sigma,0.1765508584845965,2.0,0.8798450026166161,14.158623398810207,0.8827542924229825,2.9377885965156456,868.1200068277099,0.25,0.75
30.0,FW6_HEADYAW,True,7.192076981779599e-10,41.62247172329964,20.0,ellipse,0.2,0.2,0.4,0.4,point_sigma,0.14925744738662397,2.0,0.9159075758344325,4.816189401137066,0.7462872369331198,1.214553165185918,953.1741204979506,0.25,1.0
40.0,FW6_HEADYAW,True,-3.2623291277399547e-09,15.501289714929332,10.0,ellipse,0.2,0.2,0.4,0.4,point_sigma,0.15643551306862538,2.0,0.802021493111469,25.43298855821173,0.7821775653431269,1.5734511728429608,2064.6525339599084,0.25,0.75
40.0,FW6_HEADYAW,True,-5.076293686511037e-09,28.684967898274547,10.0,ellipse,0.2,0.2,0.4,0.4,point_sigma,0.13293578160061728,2.0,0.8608337481193146,9.015010910401179,0.6646789080030864,0.32824555800049343,4157.280607250342,0.25,1.0
30.0,FW6_HEADYAW,True,6.257654268095064e-09,19.629343136823014,20.0,ellipse,0.2,0.2,0.4,0.4,point_sigma,0.16408489287259942,2.0,0.8808430241803946,13.70927524994326,0.8204244643629971,3.7383504623715496,608.2504180634745,0.25,0.75
30.0,FW6_HEADYAW,True,-4.406449389697396e-09,35.79699653669572,20.0,ellipse,0.2,0.2,0.4,0.4,point_sigma,0.1393268452608769,2.0,0.9139558954264804,5.161459775531827,0.6966342263043845,1.4473859472396102,783.0112439609762,0.25,1.0
40.0,FW6_HEADYAW,True,-1.6393477334960478e-09,14.222772310881911,10.0,ellipse,0.2,0.2,0.4,0.4,point_sigma,0.14736964031121927,2.0,0.8040776472889698,24.48158629766433,0.7368482015560963,2.7736845360033677,1079.3806212492302,0.25,0.75
40.0,FW6_HEADYAW,True,-1.868550033353029e-09,25.050164006793235,10.0,ellipse,0.2,0.2,0.4,0.4,point_sigma,0.12088964308500806,2.0,0.8586304511896944,9.510529970094908,0.6044482154250402,0.7593921187028911,1769.3490191561114,0.25,1.0
30.0,FW6_HEADYAW,True,5.4453127725958195e-09,19.014087661181655,20.0,ellipse,0.2,0.2,0.4,0.4,point_sigma,0.1645973700835102,2.0,0.8713926348282786,14.463660759902202,0.8229868504175509,4.638302260806915,503.5953691590316,0.25,0.75
30.0,FW6_HEADYAW,True,-1.6314988401669992e-08,37.08473440282181,20.0,ellipse,0.2,0.2,0.4,0.4,point_sigma,0.14281776158732648,2.0,0.9116711832129376,5.020299633258105,0.7140888079366323,1.3347492861565775,848.0928857369547,0.25,1.0
40.0,FW6_HEADYAW,True,1.287880538420922e-09,14.006056762718794,10.0,ellipse,0.2,0.2,0.4,0.4,point_sigma,0.14863889554060694,2.0,0.792403747214297,25.279796545670937,0.7431944777030347,3.2440902339403013,961.6403665584804,0.25,0.75
40.0,FW6_HEADYAW,True,-4.8272432146782494e-08,26.09947632880114,10.0,ellipse,0.2,0.2,0.4,0.4,point_sigma,0.12413311230891967,2.0,0.8558828576557219,9.187419923961,0.6206655615445983,0.38862768919372437,3485.730659010501,0.25,1.0
30.0,FW6_HEADYAW,True,6.542256264532447e-09,18.865152388927456,20.0,ellipse,0.2,0.2,0.4,0.4,point_sigma,0.16603049178377616,2.0,0.8756184442416383,14.579802759537625,0.8301524589188808,3.850826173041228,658.45773620117,0.25,0.75
30.0,FW6_HEADYAW,True,-3.998307095614602e-10,37.43564584198694,20.0,ellipse,0.2,0.2,0.4,0.4,point_sigma,0.14259197030007342,2.0,0.9141888000191545,5.013382751440264,0.7129598515003671,1.4027370275501736,886.4919967085369,0.25,1.0
40.0,FW6_HEADYAW,True,-2.7453975510550413e-09,13.61038824756746,10.0,ellipse,0.2,0.2,0.4,0.4,point_sigma,0.15052364240297136,2.0,0.7977259771435352,25.920737658974634,0.7526182120148568,2.352920757032226,1385.2501451745004,0.25,0.75
40.0,FW6_HEADYAW,True,1.0498069559325355e-08,26.10375132122797,10.0,ellipse,0.2,0.2,0.4,0.4,point_sigma,0.12309738835969514,2.0,0.8601735562273104,9.223913653850378,0.6154869417984756,0.08221621773795815,17039.177922311228,0.25,1.0
30.0,FW6_HEADYAW,True,-6.175046914061418e-12,19.528316743346547,20.0,ellipse,0.2,0.2,0.4,0.4,point_sigma,0.16011137650434792,2.0,0.8793140063622238,14.07168784337957,0.8005568825217396,2.712226569688342,952.5529320903422,0.25,0.75
30.0,FW6_HEADYAW,True,8.767350453370888e-09,36.01174158097208,20.0,ellipse,0.2,0.2,0.4,0.4,point_sigma,0.13652677883000858,2.0,0.9169058464162879,4.9928137108875195,0.6826338941500428,0.8900330731629533,1340.8009720959815,0.25,1.0
40.0,FW6_HEADYAW,True,8.405001388022471e-09,13.820211916408699,10.0,ellipse,0.2,0.2,0.4,0.4,point_sigma,0.1420225994629799,2.0,0.8008633103586833,25.539075522118253,0.7101129973148995,1.4865050618538267,2188.638419826537,0.25,0.75
40.0,FW6_HEADYAW,True,2.215092537073244e-09,25.49227923850365,10.0,ellipse,0.2,0.2,0.4,0.4,point_sigma,0.12080449592979312,2.0,0.8636569549552395,9.065524953426419,0.6040224796489655,0.1810770157595682,7591.492257849642,0.25,1.0
30.0,FW6_HEADYAW,True,3.4598395856121633e-09,6.070287274319556,20.0,ellipse,0.2,0.2,0.8,0.8,lr_asym,0.28236807063256253,4.0,0.44131311562068903,82.06780791100961,1.4118403531628125,15.878868906847739,554.6753615696363,0.0,0.75
30.0,FW6_HEADYAW,True,8.310185474844026e-09,9.413511862447777,20.0,ellipse,0.2,0.2,0.8,0.8,lr_asym,0.24915378493938647,4.0,0.5816063420357084,36.00065991858498,1.2457689246969323,5.870626777649113,743.1224725510453,0.0,1.0
40.0,FW6_HEADYAW,True,-7.740221726969726e-10,5.269291448614559,10.0,ellipse,0.2,0.2,0.8,0.8,lr_asym,0.23203362930527055,4.0,0.36599735102031317,115.55761393554289,1.1601681465263527,11.4632978448768,1139.4981933618917,0.0,0.75
40.0,FW6_HEADYAW,True,5.285016394774075e-10,7.187046050845546,10.0,ellipse,0.2,0.2,0.8,0.8,lr_asym,0.19861935785568677,4.0,0.4774402608640145,57.546674056928964,0.9930967892784338,4.512546526852055,1473.681354525747,0.0,1.0
30.0,FW6_HEADYAW,True,0.6224595812908782,6.089446402132282,20.0,ellipse,0.2,0.2,0.8400000000000001,0.76,lr_asym,0.28307819534142775,4.0,0.44507816831457286,81.63508950526693,1.4153909767071386,15.586990668247301,561.8035359454273,0.05,0.75
30.0,FW6_HEADYAW,True,0.17229187614114927,9.404890775007296,20.0,ellipse,0.2,0.2,0.8400000000000001,0.76,lr_asym,0.24982682284637484,4.0,0.5842174993115188,36.06083375895337,1.2491341142318741,5.919004974000945,738.4138186173955,0.05,1.0
40.0,FW6_HEADYAW,True,0.6420421743863521,5.270374114968894,10.0,ellipse,0.2,0.2,0.8400000000000001,0.76,lr_asym,0.2317987578940524,4.0,0.36765392314479134,115.42138549200348,1.158993789470262,11.405584612280837,1135.3638135411322,0.05,0.75
40.0,FW6_HEADYAW,True,0.1047352938332797,7.179514576996046,10.0,ellipse,0.2,0.2,0.8400000000000001,0.76,lr_asym,0.20331825200104664,4.0,0.479006293184073,57.829176742585965,1.0165912600052331,4.4741407035554905,1478.9389805085577,0.05,1.0
30.0,FW6_HEADYAW,True,1.2545145930051285,6.134163212839814,20.0,ellipse,0.2,0.2,0.8800000000000001,0.7200000000000001,lr_asym,0.28024701729858126,4.0,0.455162920276636,80.15572901364409,1.4012350864929062,15.363530447455002,559.9781739236395,0.1,0.75
30.0,FW6_HEADYAW,True,0.3027841369511558,9.34279097387117,20.0,ellipse,0.2,0.2,0.8800000000000001,0.7200000000000001,lr_asym,0.2511205876210307,4.0,0.5910136512342006,35.82226369729194,1.2556029381051532,5.9446087642972465,731.5860954219174,0.1,1.0
40.0,FW6_HEADYAW,True,1.2522546167190052,5.274504363330305,10.0,ellipse,0.2,0.2,0.8800000000000001,0.7200000000000001,lr_asym,0.23060290086760785,4.0,0.37343164917376404,114.5296021046363,1.153014504338039,11.295886834585005,1139.9439867679723,0.1,0.75
40.0,FW6_HEADYAW,True,0.19091101900886756,7.156262182724163,10.0,ellipse,0.2,0.2,0.8800000000000001,0.7200000000000001,lr_asym,0.2064294867569509,4.0,0.48497386512061813,57.67063310202499,1.0321474337847543,4.442186515663565,1490.51677799031,0.1,1.0
30.0,FW6_HEADYAW,True,2.5872416562479774,6.180847012310309,20.0,ellipse,0.2,0.2,0.96,0.6400000000000001,lr_asym,0.27044244781257243,4.0,0.4908135312991622,75.33753402937924,1.3522122390628621,14.91870923364034,542.519090617717,0.2,0.75
30.0,FW6_HEADYAW,True,0.597695627270272,8.964411585864925,20.0,ellipse,0.2,0.2,0.96,0.6400000000000001,lr_asym,0.24810780295980112,4.0,0.6126442601783366,34.90989446306518,1.2405390147990054,5.984100046237182,723.4698303770515,0.2,1.0
40.0,FW6_HEADYAW,True,2.730899665810708,5.282803105336895,10.0,ellipse,0.2,0.2,0.96,0.6400000000000001,lr_asym,0.22387305756597248,4.0,0.40066169123519535,109.88655609509948,1.1193652878298623,10.7153845050148,1159.0890228846977,0.2,0.75
40.0,FW6_HEADYAW,True,0.45753352586690915,7.015054594063095,10.0,ellipse,0.2,0.2,0.96,0.6400000000000001,lr_asym,0.2075101462985894,4.0,0.5087658310127382,56.23481217519918,1.037550731492947,4.268905357215774,1527.444209536034,0.2,1.0
30.0,FW6_HEADYAW,True,4.756668735568806,6.065032058000778,20.0,ellipse,0.2,0.2,1.04,0.5599999999999999,lr_asym,0.2607318306581849,4.0,0.5478470201370305,68.67716321187211,1.3036591532909243,13.58529231323492,555.4888668327434,0.3,0.75
30.0,FW6_HEADYAW,True,1.2407011669857473,8.22838381965553,20.0,ellipse,0.2,0.2,1.04,0.5599999999999999,lr_asym,0.23948385388313018,4.0,0.6487469622137918,33.439069247533084,1.197419269415651,5.81265129144178,690.1258974361871,0.3,1.0
40.0,FW6_HEADYAW,True,4.387926928047837,5.269674464269777,10.0,ellipse,0.2,0.2,1.04,0.5599999999999999,lr_asym,0.21559540825938034,4.0,0.4495560023659417,101.47516568770232,1.0779770412969016,9.886960208303044,1165.0779035916546,0.3,0.75
40.0,FW6_HEADYAW,True,0.9539090572392745,6.758306245193712,10.0,ellipse,0.2,0.2,1.04,0.5599999999999999,lr_asym,0.20349563950422614,4.0,0.5488069486599014,53.377520793899826,1.0174781975211307,4.164646515575734,1494.738679040553,0.3,1.0
30.0,FW6_HEADYAW,True,3.550749380072435e-09,6.070287274282424,20.0,ellipse,0.1,0.2,0.8,0.8,fb_ratio,0.2823680706325628,4.0,0.44131311562033526,82.06780791105642,1.4118403531628139,15.878868914417133,554.6753735329597,0.5,0.75
30.0,FW6_HEADYAW,True,6.332098728538735e-10,9.413511862404611,20.0,ellipse,0.1,0.2,0.8,0.8,fb_ratio,0.24915378492593965,4.0,0.581606341984084,36.00065992358225,1.2457689246296981,5.786305554755915,745.515451951422,0.5,1.0
40.0,FW6_HEADYAW,True,-8.43281931440522e-10,5.269291448624378,10.0,ellipse,0.1,0.2,0.8,0.8,fb_ratio,0.2320336293052702,4.0,0.3659973510207712,115.55761393540612,1.160168146526351,11.463297844804513,1139.4981933691174,0.5,0.75
40.0,FW6_HEADYAW,True,6.298790369637108e-10,7.187046050775733,10.0,ellipse,0.1,0.2,0.8,0.8,fb_ratio,0.19861935785568688,4.0,0.4774402608645193,57.546674056831876,0.9930967892784344,4.5125465297780885,1473.6813532015387,0.5,1.0
30.0,FW6_HEADYAW,True,3.4596793651700846e-09,6.070287274319635,20.0,ellipse,0.16000000000000003,0.2,0.8,0.8,fb_ratio,0.2823680706325623,4.0,0.44131311562068665,82.06780791101035,1.4118403531628114,15.87886891024696,554.6753666378552,0.8,0.75
30.0,FW6_HEADYAW,True,5.331921624938958e-10,9.413511862352697,20.0,ellipse,0.16000000000000003,0.2,0.8,0.8,fb_ratio,0.24915378493400825,4.0,0.5816063419893505,36.00065992299772,1.2457689246700412,5.845681411694621,743.8444696163621,0.8,1.0
40.0,FW6_HEADYAW,True,-8.132320508100548e-10,5.269291448620326,10.0,ellipse,0.16000000000000003,0.2,0.8,0.8,fb_ratio,0.23203362930526883,4.0,0.36599735102057224,115.55761393546574,1.160168146526344,11.463297844834564,1139.4981933661404,0.8,0.75
40.0,FW6_HEADYAW,True,6.669535701775254e-10,7.187046050751302,10.0,ellipse,0.16000000000000003,0.2,0.8,0.8,fb_ratio,0.1986193578556865,4.0,0.4774402608646283,57.54667405680287,0.9930967892784324,4.512546526013807,1473.6813546098028,0.8,1.0
30.0,FW6_HEADYAW,True,3.4598395856121633e-09,6.070287274319556,20.0,ellipse,0.2,0.2,0.8,0.8,fb_ratio,0.28236807063256253,4.0,0.44131311562068903,82.06780791100961,1.4118403531628125,15.878868906847739,554.6753615696363,1.0,0.75
30.0,FW6_HEADYAW,True,8.310185474844026e-09,9.413511862447777,20.0,ellipse,0.2,0.2,0.8,0.8,fb_ratio,0.24915378493938647,4.0,0.5816063420357084,36.00065991858498,1.2457689246969323,5.870626777649113,743.1224725510453,1.0,1.0
40.0,FW6_HEADYAW,True,-7.740221726969726e-10,5.269291448614559,10.0,ellipse,0.2,0.2,0.8,0.8,fb_ratio,0.23203362930527055,4.0,0.36599735102031317,115.55761393554289,1.1601681465263527,11.4632978448768,1139.4981933618917,1.0,0.75
40.0,FW6_HEADYAW,True,5.285016394774075e-10,7.187046050845546,10.0,ellipse,0.2,0.2,0.8,0.8,fb_ratio,0.19861935785568677,4.0,0.4774402608640145,57.546674056928964,0.9930967892784338,4.512546526852055,1473.681354525747,1.0,1.0
30.0,FW6_HEADYAW,True,3.470267829274012e-09,6.070287274315425,20.0,ellipse,0.30000000000000004,0.2,0.8,0.8,fb_ratio,0.28236807063256286,4.0,0.44131311562054926,82.06780791104049,1.4118403531628143,15.878868879761027,554.6753511471916,1.5,0.75
30.0,FW6_HEADYAW,True,1.2754338352443496e-09,9.413511861803924,20.0,ellipse,0.30000000000000004,0.2,0.8,0.8,fb_ratio,0.2491537849528337,4.0,0.5816063419841339,36.000659923525696,1.2457689247641683,5.902378177023391,742.1690163110896,1.5,1.0
40.0,FW6_HEADYAW,True,-7.379928492653538e-10,5.269291448608172,10.0,ellipse,0.30000000000000004,0.2,0.8,0.8,fb_ratio,0.23203362930527055,4.0,0.36599735102008124,115.55761393561049,1.1601681465263527,11.46329784081844,1139.4981938123706,1.5,0.75
40.0,FW6_HEADYAW,True,5.117174548539893e-10,7.187046050859576,10.0,ellipse,0.30000000000000004,0.2,0.8,0.8,fb_ratio,0.1986193578556866,4.0,0.47744026086505686,57.546674056776006,0.9930967892784329,4.512546522553481,1473.6813552181613,1.5,1.0
30.0,FW6_HEADYAW,True,3.571333929970867e-09,6.07028727427594,20.0,ellipse,0.6000000000000001,0.2,0.8,0.8,fb_ratio,0.28236807063256303,4.0,0.44131311561927805,82.0678079113185,1.411840353162815,15.878868862457782,554.6753165638196,3.0,0.75
30.0,FW6_HEADYAW,True,5.68583625684147e-09,9.413511862285974,20.0,ellipse,0.6000000000000001,0.2,0.8,0.8,fb_ratio,0.24915378499317498,4.0,0.5816063420072356,36.00065992162104,1.2457689249658748,5.92041267537727,741.543690116066,3.0,1.0
40.0,FW6_HEADYAW,True,-7.331075172746259e-10,5.269291448607166,10.0,ellipse,0.6000000000000001,0.2,0.8,0.8,fb_ratio,0.23203362930526883,4.0,0.36599735102005143,115.55761393561893,1.160168146526344,11.463297845670485,1139.498192499186,3.0,0.75
40.0,FW6_HEADYAW,True,6.014576003301528e-10,7.187046050781901,10.0,ellipse,0.6000000000000001,0.2,0.8,0.8,fb_ratio,0.19861935785568643,4.0,0.4774402608645474,57.546674056833496,0.9930967892784321,4.512546514325703,1473.681357864079,3.0,1.0
30.0,FW6_HEADYAW,True,3.4598395856121633e-09,6.070287274319556,20.0,ellipse,0.2,0.2,0.8,0.8,point_sigma,0.28236807063256253,4.0,0.44131311562068903,82.06780791100961,1.4118403531628125,15.878868906847739,554.6753615696363,0.0,0.75
30.0,FW6_HEADYAW,True,8.310185474844026e-09,9.413511862447777,20.0,ellipse,0.2,0.2,0.8,0.8,point_sigma,0.24915378493938647,4.0,0.5816063420357084,36.00065991858498,1.2457689246969323,5.870626777649113,743.1224725510453,0.0,1.0
40.0,FW6_HEADYAW,True,-7.740221726969726e-10,5.269291448614559,10.0,ellipse,0.2,0.2,0.8,0.8,point_sigma,0.23203362930527055,4.0,0.36599735102031317,115.55761393554289,1.1601681465263527,11.4632978448768,1139.4981933618917,0.0,0.75
40.0,FW6_HEADYAW,True,5.285016394774075e-10,7.187046050845546,10.0,ellipse,0.2,0.2,0.8,0.8,point_sigma,0.19861935785568677,4.0,0.4774402608640145,57.546674056928964,0.9930967892784338,4.512546526852055,1473.681354525747,0.0,1.0
30.0,FW6_HEADYAW,True,3.4598395856121633e-09,6.070287274319556,20.0,ellipse,0.2,0.2,0.8,0.8,point_sigma,0.28236807063256253,4.0,0.44131311562068903,82.06780791100961,1.4118403531628125,15.878868906847739,554.6753615696363,0.0,0.75
30.0,FW6_HEADYAW,True,8.310185474844026e-09,9.413511862447777,20.0,ellipse,0.2,0.2,0.8,0.8,point_sigma,0.24915378493938647,4.0,0.5816063420357084,36.00065991858498,1.2457689246969323,5.870626777649113,743.1224725510453,0.0,1.0
40.0,FW6_HEADYAW,True,-7.740221726969726e-10,5.269291448614559,10.0,ellipse,0.2,0.2,0.8,0.8,point_sigma,0.23203362930527055,4.0,0.36599735102031317,115.55761393554289,1.1601681465263527,11.4632978448768,1139.4981933618917,0.0,0.75
40.0,FW6_HEADYAW,True,5.285016394774075e-10,7.187046050845546,10.0,ellipse,0.2,0.2,0.8,0.8,point_sigma,0.19861935785568677,4.0,0.4774402608640145,57.546674056928964,0.9930967892784338,4.512546526852055,1473.681354525747,0.0,1.0
30.0,FW6_HEADYAW,True,3.4598395856121633e-09,6.070287274319556,20.0,ellipse,0.2,0.2,0.8,0.8,point_sigma,0.28236807063256253,4.0,0.44131311562068903,82.06780791100961,1.4118403531628125,15.878868906847739,554.6753615696363,0.0,0.75
30.0,FW6_HEADYAW,True,8.310185474844026e-09,9.413511862447777,20.0,ellipse,0.2,0.2,0.8,0.8,point_sigma,0.24915378493938647,4.0,0.5816063420357084,36.00065991858498,1.2457689246969323,5.870626777649113,743.1224725510453,0.0,1.0
40.0,FW6_HEADYAW,True,-7.740221726969726e-10,5.269291448614559,10.0,ellipse,0.2,0.2,0.8,0.8,point_sigma,0.23203362930527055,4.0,0.36599735102031317,115.55761393554289,1.1601681465263527,11.4632978448768,1139.4981933618917,0.0,0.75
40.0,FW6_HEADYAW,True,5.285016394774075e-10,7.187046050845546,10.0,ellipse,0.2,0.2,0.8,0.8,point_sigma,0.19861935785568677,4.0,0.4774402608640145,57.546674056928964,0.9930967892784338,4.512546526852055,1473.681354525747,0.0,1.0
30.0,FW6_HEADYAW,True,3.4598395856121633e-09,6.070287274319556,20.0,ellipse,0.2,0.2,0.8,0.8,point_sigma,0.28236807063256253,4.0,0.44131311562068903,82.06780791100961,1.4118403531628125,15.878868906847739,554.6753615696363,0.0,0.75
30.0,FW6_HEADYAW,True,8.310185474844026e-09,9.413511862447777,20.0,ellipse,0.2,0.2,0.8,0.8,point_sigma,0.24915378493938647,4.0,0.5816063420357084,36.00065991858498,1.2457689246969323,5.870626777649113,743.1224725510453,0.0,1.0
40.0,FW6_HEADYAW,True,-7.740221726969726e-10,5.269291448614559,10.0,ellipse,0.2,0.2,0.8,0.8,point_sigma,0.23203362930527055,4.0,0.36599735102031317,115.55761393554289,1.1601681465263527,11.4632978448768,1139.4981933618917,0.0,0.75
40.0,FW6_HEADYAW,True,5.285016394774075e-10,7.187046050845546,10.0,ellipse,0.2,0.2,0.8,0.8,point_sigma,0.19861935785568677,4.0,0.4774402608640145,57.546674056928964,0.9930967892784338,4.512546526852055,1473.681354525747,0.0,1.0
30.0,FW6_HEADYAW,True,3.4598395856121633e-09,6.070287274319556,20.0,ellipse,0.2,0.2,0.8,0.8,point_sigma,0.28236807063256253,4.0,0.44131311562068903,82.06780791100961,1.4118403531628125,15.878868906847739,554.6753615696363,0.0,0.75
30.0,FW6_HEADYAW,True,8.310185474844026e-09,9.413511862447777,20.0,ellipse,0.2,0.2,0.8,0.8,point_sigma,0.24915378493938647,4.0,0.5816063420357084,36.00065991858498,1.2457689246969323,5.870626777649113,743.1224725510453,0.0,1.0
40.0,FW6_HEADYAW,True,-7.740221726969726e-10,5.269291448614559,10.0,ellipse,0.2,0.2,0.8,0.8,point_sigma,0.23203362930527055,4.0,0.36599735102031317,115.55761393554289,1.1601681465263527,11.4632978448768,1139.4981933618917,0.0,0.75
40.0,FW6_HEADYAW,True,5.285016394774075e-10,7.187046050845546,10.0,ellipse,0.2,0.2,0.8,0.8,point_sigma,0.19861935785568677,4.0,0.4774402608640145,57.546674056928964,0.9930967892784338,4.512546526852055,1473.681354525747,0.0,1.0
30.0,FW6_HEADYAW,True,3.4598395856121633e-09,6.070287274319556,20.0,ellipse,0.2,0.2,0.8,0.8,point_sigma,0.28236807063256253,4.0,0.44131311562068903,82.06780791100961,1.4118403531628125,15.878868906847739,554.6753615696363,0.0,0.75
30.0,FW6_HEADYAW,True,8.310185474844026e-09,9.413511862447777,20.0,ellipse,0.2,0.2,0.8,0.8,point_sigma,0.24915378493938647,4.0,0.5816063420357084,36.00065991858498,1.2457689246969323,5.870626777649113,743.1224725510453,0.0,1.0
40.0,FW6_HEADYAW,True,-7.740221726969726e-10,5.269291448614559,10.0,ellipse,0.2,0.2,0.8,0.8,point_sigma,0.23203362930527055,4.0,0.36599735102031317,115.55761393554289,1.1601681465263527,11.4632978448768,1139.4981933618917,0.0,0.75
40.0,FW6_HEADYAW,True,5.285016394774075e-10,7.187046050845546,10.0,ellipse,0.2,0.2,0.8,0.8,point_sigma,0.19861935785568677,4.0,0.4774402608640145,57.546674056928964,0.9930967892784338,4.512546526852055,1473.681354525747,0.0,1.0
30.0,FW6_HEADYAW,True,3.4598395856121633e-09,6.070287274319556,20.0,ellipse,0.2,0.2,0.8,0.8,point_sigma,0.28236807063256253,4.0,0.44131311562068903,82.06780791100961,1.4118403531628125,15.878868906847739,554.6753615696363,0.0,0.75
30.0,FW6_HEADYAW,True,8.310185474844026e-09,9.413511862447777,20.0,ellipse,0.2,0.2,0.8,0.8,point_sigma,0.24915378493938647,4.0,0.5816063420357084,36.00065991858498,1.2457689246969323,5.870626777649113,743.1224725510453,0.0,1.0
40.0,FW6_HEADYAW,True,-7.740221726969726e-10,5.269291448614559,10.0,ellipse,0.2,0.2,0.8,0.8,point_sigma,0.23203362930527055,4.0,0.36599735102031317,115.55761393554289,1.1601681465263527,11.4632978448768,1139.4981933618917,0.0,0.75
40.0,FW6_HEADYAW,True,5.285016394774075e-10,7.187046050845546,10.0,ellipse,0.2,0.2,0.8,0.8,point_sigma,0.19861935785568677,4.0,0.4774402608640145,57.546674056928964,0.9930967892784338,4.512546526852055,1473.681354525747,0.0,1.0
30.0,FW6_HEADYAW,True,3.4598395856121633e-09,6.070287274319556,20.0,ellipse,0.2,0.2,0.8,0.8,point_sigma,0.28236807063256253,4.0,0.44131311562068903,82.06780791100961,1.4118403531628125,15.878868906847739,554.6753615696363,0.0,0.75
30.0,FW6_HEADYAW,True,8.310185474844026e-09,9.413511862447777,20.0,ellipse,0.2,0.2,0.8,0.8,point_sigma,0.24915378493938647,4.0,0.5816063420357084,36.00065991858498,1.2457689246969323,5.870626777649113,743.1224725510453,0.0,1.0
40.0,FW6_HEADYAW,True,-7.740221726969726e-10,5.269291448614559,10.0,ellipse,0.2,0.2,0.8,0.8,point_sigma,0.23203362930527055,4.0,0.36599735102031317,115.55761393554289,1.1601681465263527,11.4632978448768,1139.4981933618917,0.0,0.75
40.0,FW6_HEADYAW,True,5.285016394774075e-10,7.187046050845546,10.0,ellipse,0.2,0.2,0.8,0.8,point_sigma,0.19861935785568677,4.0,0.4774402608640145,57.546674056928964,0.9930967892784338,4.512546526852055,1473.681354525747,0.0,1.0
30.0,FW6_HEADYAW,True,3.4598395856121633e-09,6.070287274319556,20.0,ellipse,0.2,0.2,0.8,0.8,point_sigma,0.28236807063256253,4.0,0.44131311562068903,82.06780791100961,1.4118403531628125,15.878868906847739,554.6753615696363,0.0,0.75
30.0,FW6_HEADYAW,True,8.310185474844026e-09,9.413511862447777,20.0,ellipse,0.2,0.2,0.8,0.8,point_sigma,0.24915378493938647,4.0,0.5816063420357084,36.00065991858498,1.2457689246969323,5.870626777649113,743.1224725510453,0.0,1.0
40.0,FW6_HEADYAW,True,-7.740221726969726e-10,5.269291448614559,10.0,ellipse,0.2,0.2,0.8,0.8,point_sigma,0.23203362930527055,4.0,0.36599735102031317,115.55761393554289,1.1601681465263527,11.4632978448768,1139.4981933618917,0.0,0.75
40.0,FW6_HEADYAW,True,5.285016394774075e-10,7.187046050845546,10.0,ellipse,0.2,0.2,0.8,0.8,point_sigma,0.19861935785568677,4.0,0.4774402608640145,57.546674056928964,0.9930967892784338,4.512546526852055,1473.681354525747,0.0,1.0
30.0,FW6_HEADYAW,True,3.4598395856121633e-09,6.070287274319556,20.0,ellipse,0.2,0.2,0.8,0.8,point_sigma,0.28236807063256253,4.0,0.44131311562068903,82.06780791100961,1.4118403531628125,15.878868906847739,554.6753615696363,0.0,0.75
30.0,FW6_HEADYAW,True,8.310185474844026e-09,9.413511862447777,20.0,ellipse,0.2,0.2,0.8,0.8,point_sigma,0.24915378493938647,4.0,0.5816063420357084,36.00065991858498,1.2457689246969323,5.870626777649113,743.1224725510453,0.0,1.0
40.0,FW6_HEADYAW,True,-7.740221726969726e-10,5.269291448614559,10.0,ellipse,0.2,0.2,0.8,0.8,point_sigma,0.23203362930527055,4.0,0.36599735102031317,115.55761393554289,1.1601681465263527,11.4632978448768,1139.4981933618917,0.0,0.75
40.0,FW6_HEADYAW,True,5.285016394774075e-10,7.187046050845546,10.0,ellipse,0.2,0.2,0.8,0.8,point_sigma,0.19861935785568677,4.0,0.4774402608640145,57.546674056928964,0.9930967892784338,4.512546526852055,1473.681354525747,0.0,1.0
30.0,FW6_HEADYAW,True,3.4598395856121633e-09,6.070287274319556,20.0,ellipse,0.2,0.2,0.8,0.8,point_sigma,0.28236807063256253,4.0,0.44131311562068903,82.06780791100961,1.4118403531628125,15.878868906847739,554.6753615696363,0.0,0.75
30.0,FW6_HEADYAW,True,8.310185474844026e-09,9.413511862447777,20.0,ellipse,0.2,0.2,0.8,0.8,point_sigma,0.24915378493938647,4.0,0.5816063420357084,36.00065991858498,1.2457689246969323,5.870626777649113,743.1224725510453,0.0,1.0
40.0,FW6_HEADYAW,True,-7.740221726969726e-10,5.269291448614559,10.0,ellipse,0.2,0.2,0.8,0.8,point_sigma,0.23203362930527055,4.0,0.36599735102031317,115.55761393554289,1.1601681465263527,11.4632978448768,1139.4981933618917,0.0,0.75
40.0,FW6_HEADYAW,True,5.285016394774075e-10,7.187046050845546,10.0,ellipse,0.2,0.2,0.8,0.8,point_sigma,0.19861935785568677,4.0,0.4774402608640145,57.546674056928964,0.9930967892784338,4.512546526852055,1473.681354525747,0.0,1.0
30.0,FW6_HEADYAW,True,3.4598395856121633e-09,6.070287274319556,20.0,ellipse,0.2,0.2,0.8,0.8,point_sigma,0.28236807063256253,4.0,0.44131311562068903,82.06780791100961,1.4118403531628125,15.878868906847739,554.6753615696363,0.0,0.75
30.0,FW6_HEADYAW,True,8.310185474844026e-09,9.413511862447777,20.0,ellipse,0.2,0.2,0.8,0.8,point_sigma,0.24915378493938647,4.0,0.5816063420357084,36.00065991858498,1.2457689246969323,5.870626777649113,743.1224725510453,0.0,1.0
40.0,FW6_HEADYAW,True,-7.740221726969726e-10,5.269291448614559,10.0,ellipse,0.2,0.2,0.8,0.8,point_sigma,0.23203362930527055,4.0,0.36599735102031317,115.55761393554289,1.1601681465263527,11.4632978448768,1139.4981933618917,0.0,0.75
40.0,FW6_HEADYAW,True,5.285016394774075e-10,7.187046050845546,10.0,ellipse,0.2,0.2,0.8,0.8,point_sigma,0.19861935785568677,4.0,0.4774402608640145,57.546674056928964,0.9930967892784338,4.512546526852055,1473.681354525747,0.0,1.0
30.0,FW6_HEADYAW,True,-1.0969295770098968e-10,6.301225648276677,20.0,ellipse,0.2,0.2,0.8,0.8,point_sigma,0.28332982494224274,4.0,0.4523811207508825,79.65015351641618,1.4166491247112136,15.235648149406055,565.3081211975585,0.05,0.75
30.0,FW6_HEADYAW,True,6.218127527221841e-10,10.041413966554956,20.0,ellipse,0.2,0.2,0.8,0.8,point_sigma,0.24970629618760215,4.0,0.6011421982297096,33.88995489748729,1.2485314809380106,5.565278415578946,754.099017157308,0.05,1.0
40.0,FW6_HEADYAW,True,-2.8714318011400555e-09,5.422963975570322,10.0,ellipse,0.2,0.2,0.8,0.8,point_sigma,0.23409025806287542,4.0,0.3730039291192859,113.29829924519507,1.1704512903143771,11.158907369287476,1148.0186789892803,0.05,0.75
40.0,FW6_HEADYAW,True,3.118187979853369e-10,7.568281952923255,10.0,ellipse,0.2,0.2,0.8,0.8,point_sigma,0.19878090270421173,4.0,0.4925623934250299,55.02467140424286,0.9939045135210586,4.264693659322418,1496.2506575367697,0.05,1.0
30.0,FW6_HEADYAW,True,-1.8798588930923078e-10,6.182889814824143,20.0,ellipse,0.2,0.2,0.8,0.8,point_sigma,0.2800485272063248,4.0,0.4515189607642434,80.08477521839457,1.4002426360316238,15.422766752440147,563.4033875305397,0.05,0.75
30.0,FW6_HEADYAW,True,-2.3115038959937772e-10,9.58008115970379,20.0,ellipse,0.2,0.2,0.8,0.8,point_sigma,0.24664440069160898,4.0,0.5899920694722177,35.219254748783904,1.2332220034580448,5.876004406611743,736.4891124659504,0.05,1.0
40.0,FW6_HEADYAW,True,-4.6788177801218654e-09,5.335221452385627,10.0,ellipse,0.2,0.2,0.8,0.8,point_sigma,0.2304393751447073,4.0,0.3734182296839826,113.46558788261525,1.1521968757235364,11.24057144476036,1143.6738049297232,0.05,0.75
40.0,FW6_HEADYAW,True,-7.071824184966816e-10,7.298335968545309,10.0,ellipse,0.2,0.2,0.8,0.8,point_sigma,0.1957699040376783,4.0,0.48474120892452055,56.50287174654101,0.9788495201883914,4.493223286316106,1457.8085433907113,0.05,1.0
30.0,FW6_HEADYAW,True,2.1564399281923754e-09,6.009298516568524,20.0,ellipse,0.2,0.2,0.8,0.8,point_sigma,0.2811707621552637,4.0,0.44033443187287213,82.22436722514796,1.4058538107763185,15.792003562564995,561.1099004773648,0.05,0.75
30.0,FW6_HEADYAW,True,-1.5778115542270973e-09,9.40623230210574,20.0,ellipse,0.2,0.2,0.8,0.8,point_sigma,0.24673069831508054,4.0,0.583564852080539,35.72897312690938,1.2336534915754027,5.8226648931061415,746.7693708394079,0.05,1.0
40.0,FW6_HEADYAW,True,-4.4746110619371704e-09,5.216643481624556,10.0,ellipse,0.2,0.2,0.8,0.8,point_sigma,0.2307641612937998,4.0,0.3657231611660567,115.6613053553352,1.153820806468999,11.418437591495872,1145.4560099162613,0.05,0.75
40.0,FW6_HEADYAW,True,2.729134579830048e-10,7.168051897398643,10.0,ellipse,0.2,0.2,0.8,0.8,point_sigma,0.19690026548154882,4.0,0.4793283681843988,57.17301580444711,0.9845013274077441,4.473838843858471,1478.375361446574,0.05,1.0
30.0,FW6_HEADYAW,True,4.284291043061081e-09,6.141675277148445,20.0,ellipse,0.2,0.2,0.8,0.8,point_sigma,0.2826637815591216,4.0,0.4445793536059511,81.37482408045229,1.4133189077956079,15.651645110652524,559.6969340066619,0.05,0.75
30.0,FW6_HEADYAW,True,-1.075203168223886e-08,9.622579855812598,20.0,ellipse,0.2,0.2,0.8,0.8,point_sigma,0.24939179862424107,4.0,0.5879574082790912,35.30672664002697,1.2469589931212053,5.771201905113818,747.9209773535266,0.05,1.0
40.0,FW6_HEADYAW,True,-3.705124360215965e-09,5.32861930176708,10.0,ellipse,0.2,0.2,0.8,0.8,point_sigma,0.2327574848160661,4.0,0.3686884512850882,114.70433910310088,1.1637874240803303,11.358330965169284,1141.8821776156594,0.05,0.75
40.0,FW6_HEADYAW,True,9.031006111814824e-10,7.31642617547022,10.0,ellipse,0.2,0.2,0.8,0.8,point_sigma,0.19875116499722573,4.0,0.4823224871229359,56.72478610291082,0.9937558249861286,4.435286150127308,1479.2666457556404,0.05,1.0
30.0,FW6_HEADYAW,True,-1.4128811479913939e-08,6.242442591232078,20.0,ellipse,0.2,0.2,0.8,0.8,point_sigma,0.28735745842424076,4.0,0.4430659145617892,81.6077516202669,1.4367872921212037,15.654722762979738,560.6786381856717,0.05,0.75
30.0,FW6_HEADYAW,True,5.113155122561193e-10,9.754696076205398,20.0,ellipse,0.2,0.2,0.8,0.8,point_sigma,0.25465531962568,4.0,0.5873249318852146,35.36915116682589,1.2732765981284,5.737888200248899,751.8436290400172,0.05,1.0
40.0,FW6_HEADYAW,True,-2.2232307813644387e-09,5.399047118324709,10.0,ellipse,0.2,0.2,0.8,0.8,point_sigma,0.23677890054233433,4.0,0.3664121084474618,115.37769362444556,1.1838945027116716,11.38327820426351,1145.2851519112644,0.05,0.75
40.0,FW6_HEADYAW,True,2.80239865691756e-10,7.4091627743994195,10.0,ellipse,0.2,0.2,0.8,0.8,point_sigma,0.201736085395163,4.0,0.48145572803606873,56.86935044546521,1.008680426975815,4.392937818368449,1497.9042519720408,0.05,1.0
30.0,FW6_HEADYAW,True,8.17765931508481e-10,6.232602679629223,20.0,ellipse,0.2,0.2,0.8,0.8,point_sigma,0.2818619329489911,4.0,0.4493594771078405,80.40297002712788,1.4093096647449554,15.3772899401176,565.0569657489871,0.05,0.75
30.0,FW6_HEADYAW,True,5.280197854431657e-11,9.753362568289171,20.0,ellipse,0.2,0.2,0.8,0.8,point_sigma,0.2478969321310791,4.0,0.5933260509505217,34.83153120914337,1.2394846606553955,5.740411736550735,745.4363203327113,0.05,1.0
40.0,FW6_HEADYAW,True,-1.7743630748628446e-09,5.373709243025622,10.0,ellipse,0.2,0.2,0.8,0.8,point_sigma,0.2322923245783517,4.0,0.37159375129449346,114.05182905834324,1.1614616228917585,11.282856416746204,1143.0946159850575,0.05,0.75
40.0,FW6_HEADYAW,True,-4.6276235719690285e-10,7.396318107016221,10.0,ellipse,0.2,0.2,0.8,0.8,point_sigma,0.1972158537156031,4.0,0.4866791301793658,56.1201078802121,0.9860792685780154,4.418944667710857,1470.3826731531358,0.05,1.0
30.0,FW6_HEADYAW,True,4.189956188778208e-09,6.007844933545261,20.0,ellipse,0.2,0.2,0.8,0.8,point_sigma,0.28110432361964416,4.0,0.4380708752112531,82.82397542021961,1.4055216180982206,16.127208399051895,548.5506275828423,0.05,0.75
30.0,FW6_HEADYAW,True,-5.868715765609611e-10,9.136692067934995,20.0,ellipse,0.2,0.2,0.8,0.8,point_sigma,0.2490295258662076,4.0,0.5728355649762777,37.007830847655356,1.245147629331038,6.036956728049577,735.2808371983879,0.05,1.0
40.0,FW6_HEADYAW,True,-1.166577363424585e-09,5.229622258747958,10.0,ellipse,0.2,0.2,0.8,0.8,point_sigma,0.23046370312411146,4.0,0.3639115648567707,116.2532623860767,1.1523185156205573,11.596630188062493,1132.58726784461,0.05,0.75
40.0,FW6_HEADYAW,True,5.183926439917109e-10,7.0224235670069195,10.0,ellipse,0.2,0.2,0.8,0.8,point_sigma,0.19814894431756322,4.0,0.47089922818496477,58.699248151840436,0.990744721587816,4.613155811611235,1467.9807774319188,0.05,1.0
30.0,FW6_HEADYAW,True,3.4583272318611273e-09,6.140706183259414,20.0,ellipse,0.2,0.2,0.8,0.8,point_sigma,0.2815684964389745,4.0,0.4422445814880435,81.83012715762449,1.4078424821948725,15.69668681721153,560.3987392228665,0.05,0.75
30.0,FW6_HEADYAW,True,6.048941896634741e-10,9.444202369108508,20.0,ellipse,0.2,0.2,0.8,0.8,point_sigma,0.25089973131519117,4.0,0.582121464025986,35.99552845758139,1.2544986565759557,5.837355626981654,748.630861112037,0.05,1.0
40.0,FW6_HEADYAW,True,-3.2904714707002144e-09,5.3014729701854115,10.0,ellipse,0.2,0.2,0.8,0.8,point_sigma,0.23163430599299928,4.0,0.3652617080308466,115.85252453927296,1.1581715299649964,11.43598881301941,1144.445114975123,0.05,0.75
40.0,FW6_HEADYAW,True,1.7679212589248754e-09,7.188544316038275,10.0,ellipse,0.2,0.2,0.8,0.8,point_sigma,0.1981886341839741,4.0,0.47705618666781735,57.67841070218809,0.9909431709198704,4.475240231007818,1490.337154958482,0.05,1.0
30.0,FW6_HEADYAW,True,-1.6966406154936575e-08,5.989773664255269,20.0,ellipse,0.2,0.2,0.8,0.8,point_sigma,0.27750620210200583,4.0,0.43772864084192464,82.86024687570206,1.3875310105100291,15.904060346301518,559.9608545763305,0.05,0.75
30.0,FW6_HEADYAW,True,5.431214566400897e-10,9.237326016031338,20.0,ellipse,0.2,0.2,0.8,0.8,point_sigma,0.24512064081526896,4.0,0.5788944781368782,36.32256947497442,1.2256032040763447,5.926019459262682,742.373276869804,0.05,1.0
40.0,FW6_HEADYAW,True,-1.3719950778042468e-09,5.2109677530835254,10.0,ellipse,0.2,0.2,0.8,0.8,point_sigma,0.2272812931456677,4.0,0.3638390637235933,116.36174229348457,1.1364064657283384,11.557459661806325,1137.2027082779905,0.05,0.75
40.0,FW6_HEADYAW,True,7.368446690253455e-10,7.056404001975109,10.0,ellipse,0.2,0.2,0.8,0.8,point_sigma,0.1946339072057714,4.0,0.47522758934278864,57.945759244183925,0.9731695360288569,4.563897288718057,1466.449105308076,0.05,1.0
30.0,FW6_HEADYAW,True,2.1518806030564973e-09,6.0863590429672225,20.0,ellipse,0.2,0.2,0.8,0.8,point_sigma,0.2802356579610327,4.0,0.44312678948763007,81.80876181946469,1.4011782898051635,15.666644553925332,565.4618829140431,0.05,0.75
30.0,FW6_HEADYAW,True,1.6812809615551333e-11,9.419199122000494,20.0,ellipse,0.2,0.2,0.8,0.8,point_sigma,0.24656402502366853,4.0,0.5823270789497201,35.921177594325954,1.2328201251183426,5.950836144825972,739.9003261012413,0.05,1.0
40.0,FW6_HEADYAW,True,-3.8751440912682785e-09,5.280720794511403,10.0,ellipse,0.2,0.2,0.8,0.8,point_sigma,0.23044368258331516,4.0,0.36744684419856904,115.28974088176913,1.1522184129165758,11.377643704488381,1146.8247702559172,0.05,0.75
40.0,FW6_HEADYAW,True,1.640549983165641e-10,7.194104744644589,10.0,ellipse,0.2,0.2,0.8,0.8,point_sigma,0.19583048674743087,4.0,0.4783606924630311,57.404679687909535,0.9791524337371543,4.517945501445413,1470.5889542433674,0.05,1.0
30.0,FW6_HEADYAW,True,3.1384043805474214e-09,6.097910217651708,20.0,ellipse,0.2,0.2,0.8,0.8,point_sigma,0.2799182961951537,4.0,0.4409744778674593,81.95906028508985,1.3995914809757684,15.387757669546597,576.1383306457857,0.05,0.75
30.0,FW6_HEADYAW,True,-3.618759578395505e-10,9.689532291719287,20.0,ellipse,0.2,0.2,0.8,0.8,point_sigma,0.24640818435317793,4.0,0.5919316247653741,34.82441259740147,1.2320409217658896,5.631776877686037,759.826647840672,0.05,1.0
40.0,FW6_HEADYAW,True,-2.5862417996559364e-09,5.278394500554269,10.0,ellipse,0.2,0.2,0.8,0.8,point_sigma,0.2300966559406955,4.0,0.3651955872148324,115.75743730507317,1.1504832797034774,11.289212112156296,1158.5033537043216,0.05,0.75
40.0,FW6_HEADYAW,True,3.0634653438507837e-09,7.328896837224645,10.0,ellipse,0.2,0.2,0.8,0.8,point_sigma,0.19600938788838546,4.0,0.4849383715636212,56.22668592622183,0.9800469394419272,4.302143465472241,1514.146501766831,0.05,1.0
30.0,FW6_HEADYAW,True,1.6558222116073584e-09,6.197737000371071,20.0,ellipse,0.2,0.2,0.8,0.8,point_sigma,0.28238431996300656,4.0,0.4460483130207741,80.92286600646433,1.4119215998150327,15.359528565642796,567.7089116552323,0.05,0.75
30.0,FW6_HEADYAW,True,1.1397887440506232e-09,9.8107006340173,20.0,ellipse,0.2,0.2,0.8,0.8,point_sigma,0.24903017248739018,4.0,0.5949368616597663,34.567706512996416,1.2451508624369507,5.62139562198554,757.1320617383426,0.05,1.0
40.0,FW6_HEADYAW,True,2.7435464682304295e-10,5.336351054931013,10.0,ellipse,0.2,0.2,0.8,0.8,point_sigma,0.23319293723509868,4.0,0.36779269732156195,115.00207419365772,1.1659646861754933,11.273210158808922,1152.1888416564213,0.05,0.75
40.0,FW6_HEADYAW,True,-4.778783408898934e-12,7.415894027448327,10.0,ellipse,0.2,0.2,0.8,0.8,point_sigma,0.19876334075585778,4.0,0.48730094155241876,55.90666716451451,0.9938167037792889,4.310153255792543,1502.9962770804282,0.05,1.0
30.0,FW6_HEADYAW,True,-1.1732040491034141e-08,6.235929432098237,20.0,ellipse,0.2,0.2,0.8,0.8,point_sigma,0.2860588628880156,4.0,0.44805081869735797,80.90883285372695,1.4302943144400777,15.665993472215073,562.7658747978489,0.15,0.75
30.0,FW6_HEADYAW,True,-1.0905243374507646e-09,9.760726275468935,20.0,ellipse,0.2,0.2,0.8,0.8,point_sigma,0.25064213431049176,4.0,0.5870260027951465,35.33563747013376,1.2532106715524587,5.951977167724791,740.0524169298087,0.15,1.0
40.0,FW6_HEADYAW,True,-1.243922887307085e-10,5.430229018505923,10.0,ellipse,0.2,0.2,0.8,0.8,point_sigma,0.23577068290180014,4.0,0.3726996561961826,113.55616269202076,1.1788534145090006,11.16627085512347,1152.813985587194,0.15,0.75
40.0,FW6_HEADYAW,True,-1.0481879740858036e-09,7.436312612153605,10.0,ellipse,0.2,0.2,0.8,0.8,point_sigma,0.20321405447800686,4.0,0.48213398619698916,56.70372994767734,1.0160702723900343,4.434518588533097,1481.8572898346204,0.15,1.0
30.0,FW6_HEADYAW,True,1.1804779776599213e-09,6.298605199321059,20.0,ellipse,0.2,0.2,0.8,0.8,point_sigma,0.28211852727345643,4.0,0.4487401461351877,80.63425011019297,1.410592636367282,15.322543286683944,568.1259066283151,0.15,0.75
30.0,FW6_HEADYAW,True,-1.4690970146599929e-09,9.823036356478152,20.0,ellipse,0.2,0.2,0.8,0.8,point_sigma,0.2521018125920451,4.0,0.5904355843229961,35.188672610331714,1.2605090629602256,5.710883521688392,760.5205380180919,0.15,1.0
40.0,FW6_HEADYAW,True,-1.0581546397495048e-09,5.418659188314554,10.0,ellipse,0.2,0.2,0.8,0.8,point_sigma,0.23432828075873882,4.0,0.36778663528874067,114.99348660027523,1.171641403793694,11.217325427058478,1159.6493691282074,0.15,0.75
40.0,FW6_HEADYAW,True,-3.6622417365844626e-10,7.476009083822446,10.0,ellipse,0.2,0.2,0.8,0.8,point_sigma,0.2032853258590464,4.0,0.4826327406137838,56.79995822925078,1.016426629295232,4.322615386328413,1521.5221597632647,0.15,1.0
30.0,FW6_HEADYAW,True,-1.4123551240040133e-09,6.354104686956362,20.0,ellipse,0.2,0.2,0.8,0.8,point_sigma,0.2783194249421744,4.0,0.4573376284311462,78.92584153094325,1.3915971247108718,14.139540646095181,614.8261487252878,0.15,0.75
30.0,FW6_HEADYAW,True,-1.950384115029745e-09,10.38317705447387,20.0,ellipse,0.2,0.2,0.8,0.8,point_sigma,0.2395193591394495,4.0,0.6216425887720932,31.881528758169548,1.1975967956972473,5.1129686280249755,803.3322445670025,0.15,1.0
40.0,FW6_HEADYAW,True,3.3414358837773156e-09,5.339350298176246,10.0,ellipse,0.2,0.2,0.8,0.8,point_sigma,0.22802874415703836,4.0,0.3699467949154645,114.7427073650358,1.1401437207851917,10.638925029274553,1216.8418769760551,0.15,0.75
40.0,FW6_HEADYAW,True,2.2675494254346217e-09,7.642556624915837,10.0,ellipse,0.2,0.2,0.8,0.8,point_sigma,0.1962557021949017,4.0,0.5053881809576818,53.10903654185012,0.9812785109745085,3.818587470580942,1617.368038925598,0.15,1.0
30.0,FW6_HEADYAW,True,4.611430572947027e-10,6.189167925013312,20.0,ellipse,0.2,0.2,0.8,0.8,point_sigma,0.2848221951336238,4.0,0.4477379379562572,80.56621405356617,1.4241109756681187,15.522313905767032,562.6637354148231,0.15,0.75
30.0,FW6_HEADYAW,True,-7.576049445699283e-10,9.7626894682516,20.0,ellipse,0.2,0.2,0.8,0.8,point_sigma,0.2512773171544308,4.0,0.5938667454406916,34.64640536437441,1.256386585772154,5.654716967665625,767.5036324525391,0.15,1.0
40.0,FW6_HEADYAW,True,-8.32863229442718e-10,5.324196685586175,10.0,ellipse,0.2,0.2,0.8,0.8,point_sigma,0.234707796763985,4.0,0.36891840211116084,114.4068910178866,1.173538983819925,11.155934422396449,1160.6545212747803,0.15,0.75
40.0,FW6_HEADYAW,True,-9.075784743605813e-09,7.362056915143831,10.0,ellipse,0.2,0.2,0.8,0.8,point_sigma,0.19953413111488025,4.0,0.48597644300480086,56.09932733343036,0.9976706555744012,4.264950905805611,1528.1570715727992,0.15,1.0
30.0,FW6_HEADYAW,True,-6.144521540506071e-10,6.248229620801269,20.0,ellipse,0.2,0.2,0.8,0.8,point_sigma,0.2932897415338842,4.0,0.4433213788351196,81.4805259788277,1.466448707669421,16.064565096012807,543.0271780471057,0.15,0.75
30.0,FW6_HEADYAW,True,-1.200165809922848e-08,9.93053371062482,20.0,ellipse,0.2,0.2,0.8,0.8,point_sigma,0.2567002986607105,4.0,0.5887503912641219,35.07216882385411,1.2835014933035522,5.748439148272555,748.3188547049501,0.15,1.0
40.0,FW6_HEADYAW,True,-1.1701097669676854e-08,5.404038977361297,10.0,ellipse,0.2,0.2,0.8,0.8,point_sigma,0.24190570475289067,4.0,0.36683025049295637,115.02262022681438,1.2095285237644533,11.424468441209987,1137.9582562437274,0.15,0.75
40.0,FW6_HEADYAW,True,-1.0744040936171017e-09,7.484278499934034,10.0,ellipse,0.2,0.2,0.8,0.8,point_sigma,0.20958378971700953,4.0,0.48083759497214584,56.78916599007025,1.0479189485850475,4.3483860000556644,1510.2022264873226,0.15,1.0
30.0,FW6_HEADYAW,True,3.85912999844711e-10,6.163274566363237,20.0,ellipse,0.2,0.2,0.8,0.8,point_sigma,0.2758600869634289,4.0,0.4620935193343671,78.70484769791726,1.3793004348171445,16.363932876758287,515.9160611588852,0.15,0.75
30.0,FW6_HEADYAW,True,-1.9017029426445994e-09,9.2671050593199,20.0,ellipse,0.2,0.2,0.8,0.8,point_sigma,0.24417435970662735,4.0,0.5752153035133363,36.8734651357803,1.2208717985331368,6.764712066094136,653.5718923736852,0.15,1.0
40.0,FW6_HEADYAW,True,-1.2942670922213007e-09,5.380330930804049,10.0,ellipse,0.2,0.2,0.8,0.8,point_sigma,0.2308811692596003,4.0,0.3861452387542423,110.52688522725137,1.1544058462980016,11.309278631869937,1111.4044446959774,0.15,0.75
40.0,FW6_HEADYAW,True,-5.010554404230532e-10,7.214076181851625,10.0,ellipse,0.2,0.2,0.8,0.8,point_sigma,0.20241875765047457,4.0,0.4750498409041594,58.1955432736139,1.0120937882523728,4.907436758167338,1366.74251617223,0.15,1.0
30.0,FW6_HEADYAW,True,-1.5560788240886572e-09,6.453555051503489,20.0,ellipse,0.2,0.2,0.8,0.8,point_sigma,0.3013916411954067,4.0,0.44576232944695304,81.04835457640752,1.5069582059770332,16.464090784330043,518.5052606768814,0.15,0.75
30.0,FW6_HEADYAW,True,-1.705061968908436e-09,10.169612926170293,20.0,ellipse,0.2,0.2,0.8,0.8,point_sigma,0.26332856607606536,4.0,0.5856306349340468,35.46803259152426,1.3166428303803268,5.952286647617579,709.2662133124511,0.15,1.0
40.0,FW6_HEADYAW,True,-5.045876849384196e-09,5.5921410195527415,10.0,ellipse,0.2,0.2,0.8,0.8,point_sigma,0.25083115197265005,4.0,0.3685226187997784,114.42572259028627,1.2541557598632502,11.563112549011873,1117.3576258012383,0.15,0.75
40.0,FW6_HEADYAW,True,-3.313796068456727e-10,7.777801339071674,10.0,ellipse,0.2,0.2,0.8,0.8,point_sigma,0.2181939044735007,4.0,0.48115623567396093,56.82031666956071,1.0909695223675036,4.4781019690958,1463.7300460502559,0.15,1.0
30.0,FW6_HEADYAW,True,-1.5232543070679482e-09,6.293611166199669,20.0,ellipse,0.2,0.2,0.8,0.8,point_sigma,0.27833664276082787,4.0,0.467244788044657,77.2796729808761,1.3916832138041393,15.565543826352533,536.3358572474955,0.15,0.75
30.0,FW6_HEADYAW,True,1.8495283285112015e-10,9.656624934261165,20.0,ellipse,0.2,0.2,0.8,0.8,point_sigma,0.2451654781885389,4.0,0.5968234482669873,34.65782432179265,1.2258273909426944,6.240825360411242,684.3605289064039,0.15,1.0
40.0,FW6_HEADYAW,True,-3.792286666122802e-10,5.411918326826459,10.0,ellipse,0.2,0.2,0.8,0.8,point_sigma,0.231026624750804,4.0,0.38605538544333395,110.04271330996437,1.1551331237540199,11.226206052462318,1112.0809296196555,0.15,0.75
40.0,FW6_HEADYAW,True,-1.958271493070439e-10,7.349055910147847,10.0,ellipse,0.2,0.2,0.8,0.8,point_sigma,0.19790610802738448,4.0,0.4902329075623275,55.82773640748993,0.9895305401369223,4.623763881834741,1398.573562578498,0.15,1.0
30.0,FW6_HEADYAW,True,-9.998252547381398e-10,6.543240250790909,20.0,ellipse,0.2,0.2,0.8,0.8,point_sigma,0.29312514164155945,4.0,0.4567652339214095,78.40699018604224,1.4656257082077973,15.396888184584917,545.7363970904364,0.15,0.75
30.0,FW6_HEADYAW,True,2.1339283597263116e-09,10.349653443115091,20.0,ellipse,0.2,0.2,0.8,0.8,point_sigma,0.2609433216700696,4.0,0.6059647134271228,33.38427944133137,1.304716608350348,5.448049163000856,759.3707843342972,0.15,1.0
40.0,FW6_HEADYAW,True,-1.0210285020359833e-08,5.569090590791607,10.0,ellipse,0.2,0.2,0.8,0.8,point_sigma,0.24297501032645688,4.0,0.37397227864899396,112.56164937062617,1.2148750516322844,11.171249646733575,1137.4468573910242,0.15,0.75
40.0,FW6_HEADYAW,True,-1.1461415044575115e-09,7.713893594009249,10.0,ellipse,0.2,0.2,0.8,0.8,point_sigma,0.20718425558302875,4.0,0.4946354701949683,54.716431652728346,1.0359212779151437,4.084654643205519,1555.7036078315634,0.15,1.0
30.0,FW6_HEADYAW,True,2.3490185384616396e-09,5.979771846663112,20.0,ellipse,0.2,0.2,0.8,0.8,point_sigma,0.2782137610872019,4.0,0.44618179062920893,80.83853089344422,1.3910688054360094,16.259358343082642,529.0631657409741,0.15,0.75
30.0,FW6_HEADYAW,True,3.2974241632338935e-10,9.41004098001727,20.0,ellipse,0.2,0.2,0.8,0.8,point_sigma,0.24289793517101183,4.0,0.5886520343917795,35.06771699534846,1.214489675855059,5.936065190883044,716.0371729161584,0.15,1.0
40.0,FW6_HEADYAW,True,-6.086392132870304e-09,5.193449092343179,10.0,ellipse,0.2,0.2,0.8,0.8,point_sigma,0.23027341081963645,4.0,0.3700679763533692,113.66987556649148,1.1513670540981822,11.338053473988289,1133.4773185896856,0.15,0.75
40.0,FW6_HEADYAW,True,-1.161383517629755e-10,7.183988920800528,10.0,ellipse,0.2,0.2,0.8,0.8,point_sigma,0.19871482496915643,4.0,0.4855269723621661,56.06219171884789,0.9935741248457821,4.330612363513773,1500.3508687012222,0.15,1.0
30.0,FW6_HEADYAW,True,1.840008530780246e-09,6.259669941802331,20.0,ellipse,0.2,0.2,0.8,0.8,point_sigma,0.2853685167664455,4.0,0.4432624231500767,81.69802770800108,1.4268425838322274,15.714266536159137,568.285308198635,0.15,0.75
30.0,FW6_HEADYAW,True,-3.900683945360431e-10,9.672640647901439,20.0,ellipse,0.2,0.2,0.8,0.8,point_sigma,0.2500590563172216,4.0,0.5840435222605252,35.73123131051088,1.250295281586108,5.958819480429822,741.888344954878,0.15,1.0
40.0,FW6_HEADYAW,True,-5.1221346235656355e-09,5.437621172038102,10.0,ellipse,0.2,0.2,0.8,0.8,point_sigma,0.23165923682697578,4.0,0.36925114054805774,114.70951284238555,1.158296184134879,11.388375234954072,1140.8653617617717,0.15,0.75
40.0,FW6_HEADYAW,True,-5.171069047617292e-10,7.349209426632845,10.0,ellipse,0.2,0.2,0.8,0.8,point_sigma,0.19820082471352762,4.0,0.47950211391928,57.2192595062245,0.9910041235676381,4.5019059524430745,1474.2464478592412,0.15,1.0
30.0,FW6_HEADYAW,True,8.505220666035386e-10,6.086622123429912,20.0,ellipse,0.2,0.2,0.8,0.8,point_sigma,0.2865983437359132,4.0,0.4339800928983622,83.43089624506348,1.432991718679566,15.78004607768044,568.3549529994885,0.15,0.75
30.0,FW6_HEADYAW,True,-1.6538884343610287e-11,9.649896774734925,20.0,ellipse,0.2,0.2,0.8,0.8,point_sigma,0.2527885309790111,4.0,0.5849837875711248,35.57995450352613,1.2639426548950554,5.689486754821417,765.1407714733516,0.15,1.0
40.0,FW6_HEADYAW,True,-1.8766163175945557e-09,5.283929664708491,10.0,ellipse,0.2,0.2,0.8,0.8,point_sigma,0.2352264479895707,4.0,0.3598605269230825,117.40906906010929,1.1761322399478535,11.506033719940701,1151.4793712123933,0.15,0.75
40.0,FW6_HEADYAW,True,1.3005447120238394e-10,7.307697064033019,10.0,ellipse,0.2,0.2,0.8,0.8,point_sigma,0.2037853451662056,4.0,0.477966190342445,57.361572622664575,1.018926725831028,4.341075606919417,1527.6746751590051,0.15,1.0
30.0,FW6_HEADYAW,True,-1.584315390981355e-09,6.3499245733619825,20.0,ellipse,0.2,0.2,0.8,0.8,point_sigma,0.2794695784728685,4.0,0.4531017205439809,80.05797562470694,1.3973478923643425,14.818658920737212,594.4225409935933,0.25,0.75
30.0,FW6_HEADYAW,True,-1.6442235238227314e-10,9.712292673324061,20.0,ellipse,0.2,0.2,0.8,0.8,point_sigma,0.2402559966157694,4.0,0.5856492163423225,35.660803570591746,1.201279983078847,5.985959773668503,736.1508216036799,0.25,1.0
40.0,FW6_HEADYAW,True,3.877035726165079e-09,5.476215961296661,10.0,ellipse,0.2,0.2,0.8,0.8,point_sigma,0.2320468637441061,4.0,0.37293057768926174,113.9383387167204,1.1602343187205304,11.024549130815783,1172.9306629466373,0.25,0.75
40.0,FW6_HEADYAW,True,9.607171543748643e-10,7.509015818147412,10.0,ellipse,0.2,0.2,0.8,0.8,point_sigma,0.19566347305690857,4.0,0.4839813201392339,56.61911493862055,0.9783173652845428,4.449436468883562,1477.2973578446963,0.25,1.0
30.0,FW6_HEADYAW,True,2.5902580450799544e-09,6.50070231043788,20.0,ellipse,0.2,0.2,0.8,0.8,point_sigma,0.3027142975399512,4.0,0.4438443706240094,81.79012316209254,1.513571487699756,17.49325331273255,490.4826461238879,0.25,0.75
30.0,FW6_HEADYAW,True,-8.345020102423421e-11,10.282421628000558,20.0,ellipse,0.2,0.2,0.8,0.8,point_sigma,0.27673174966154584,4.0,0.5750920655693756,36.84767577955746,1.3836587483077292,6.729478562504271,645.8143344777154,0.25,1.0
40.0,FW6_HEADYAW,True,-9.58860108010225e-10,5.639327162738105,10.0,ellipse,0.2,0.2,0.8,0.8,point_sigma,0.25338005219039206,4.0,0.3674307260882542,115.18549916665178,1.2669002609519602,11.84856231570256,1101.0240363992884,0.25,0.75
40.0,FW6_HEADYAW,True,3.6134138611146346e-09,7.907912199142401,10.0,ellipse,0.2,0.2,0.8,0.8,point_sigma,0.2318689763388704,4.0,0.46991822332793165,59.00403911680903,1.159344881694352,4.866860469006503,1397.7786598410482,0.25,1.0
30.0,FW6_HEADYAW,True,6.630361604902339e-09,7.476717180521086,20.0,ellipse,0.2,0.2,0.8,0.8,point_sigma,0.28219704203989276,4.0,0.51272230824312,68.35459075331043,1.4109852101994638,12.125476815051101,650.7505143060107,0.25,0.75
30.0,FW6_HEADYAW,True,-1.5165123262819156e-10,12.830356090989799,20.0,ellipse,0.2,0.2,0.8,0.8,point_sigma,0.23236862366422376,4.0,0.6795631730479778,26.35895308202316,1.1618431183211186,4.455721324826169,827.6447958165692,0.25,1.0
40.0,FW6_HEADYAW,True,-2.481680269364153e-09,6.121947207684403,10.0,ellipse,0.2,0.2,0.8,0.8,point_sigma,0.23436680728187906,4.0,0.41286316492762826,102.85301216132324,1.1718340364093953,9.610387076892955,1217.251048807944,0.25,0.75
40.0,FW6_HEADYAW,True,2.2640424663289733e-09,9.284786575060075,10.0,ellipse,0.2,0.2,0.8,0.8,point_sigma,0.19521198179087104,4.0,0.5621718036520471,45.09376385573851,0.9760599089543551,3.194226564806836,1672.2339982902583,0.25,1.0
30.0,FW6_HEADYAW,True,1.8578057220697103e-09,6.1429934330969145,20.0,ellipse,0.2,0.2,0.8,0.8,point_sigma,0.29247194298148604,4.0,0.4353667045531888,83.64700486606911,1.46235971490743,16.1823396413564,558.3684399487231,0.25,0.75
30.0,FW6_HEADYAW,True,3.4972150788127113e-09,9.278837199646905,20.0,ellipse,0.2,0.2,0.8,0.8,point_sigma,0.25892203578613504,4.0,0.5654256977859216,37.72385460849798,1.2946101789306752,6.321379834310536,721.1607184634684,0.25,1.0
40.0,FW6_HEADYAW,True,-5.44399880594304e-09,5.351595591067154,10.0,ellipse,0.2,0.2,0.8,0.8,point_sigma,0.241594755914315,4.0,0.3614197512075108,117.1238214863591,1.207973779571575,11.642011847288385,1139.6006589316096,0.25,0.75
40.0,FW6_HEADYAW,True,2.8491806405885367e-11,7.064997366160365,10.0,ellipse,0.2,0.2,0.8,0.8,point_sigma,0.20571756056061188,4.0,0.46067557451849594,60.35199436926674,1.0285878028030593,4.7435969888677345,1463.6379195435068,0.25,1.0
30.0,FW6_HEADYAW,True,-4.0717858601431124e-10,7.240248031078466,20.0,ellipse,0.2,0.2,0.8,0.8,point_sigma,0.2794715053436601,4.0,0.5036721800219891,70.07337638933714,1.3973575267183005,12.337622800501602,657.6142461207077,0.25,0.75
30.0,FW6_HEADYAW,True,1.8736886170102686e-10,11.88321466894011,20.0,ellipse,0.2,0.2,0.8,0.8,point_sigma,0.2294541915882901,4.0,0.6567078832986748,28.44598988185178,1.1472709579414504,4.96393196876929,780.0943905023348,0.25,1.0
40.0,FW6_HEADYAW,True,-2.4588709214660377e-10,5.994372708808779,10.0,ellipse,0.2,0.2,0.8,0.8,point_sigma,0.23273524911754914,4.0,0.4076340498365293,104.1954710608501,1.1636762455877456,9.788457036396462,1214.8597440685062,0.25,0.75
40.0,FW6_HEADYAW,True,4.3922426470739695e-09,8.73082417906481,10.0,ellipse,0.2,0.2,0.8,0.8,point_sigma,0.18903124046513625,4.0,0.5417376744506324,47.74056064125097,0.9451562023256812,3.665802493839453,1535.8779277705275,0.25,1.0
30.0,FW6_HEADYAW,True,1.3709623914561091e-08,6.809696998834704,20.0,ellipse,0.2,0.2,0.8,0.8,point_sigma,0.2954411568364039,4.0,0.48842367473215864,72.4981016384278,1.4772057841820192,16.852085790610822,452.3869679222751,0.25,0.75
30.0,FW6_HEADYAW,True,-1.8797710302692327e-09,10.681400615362715,20.0,ellipse,0.2,0.2,0.8,0.8,point_sigma,0.25865477327834924,4.0,0.6108625664889709,32.666857980999474,1.293273866391746,6.437022682127341,620.1611154420763,0.25,1.0
40.0,FW6_HEADYAW,True,-1.1874608854630744e-09,5.719446446229717,10.0,ellipse,0.2,0.2,0.8,0.8,point_sigma,0.24579639069007153,4.0,0.39912958016457795,105.6446593640551,1.2289819534503577,11.522795101889612,1037.8820573560095,0.25,0.75
40.0,FW6_HEADYAW,True,-3.165796907741526e-10,7.905406984119362,10.0,ellipse,0.2,0.2,0.8,0.8,point_sigma,0.21444275447026603,4.0,0.49760711210491926,54.04276824444554,1.07221377235133,4.624741099652264,1350.1876131479614,0.25,1.0
30.0,FW6_HEADYAW,True,-3.0858417387428853e-10,6.928171841965912,20.0,ellipse,0.2,0.2,0.8,0.8,point_sigma,0.28692555473728093,4.0,0.47197351904007373,75.45037435050247,1.4346277736864046,13.84194466567694,599.7441651384025,0.25,0.75
30.0,FW6_HEADYAW,True,8.707983412394697e-09,11.289655760062635,20.0,ellipse,0.2,0.2,0.8,0.8,point_sigma,0.24896321576564157,4.0,0.6411336531681825,30.008697691743198,1.2448160788282077,4.761524223586873,825.776127973745,0.25,1.0
40.0,FW6_HEADYAW,True,8.691633771054633e-09,5.7742283494576405,10.0,ellipse,0.2,0.2,0.8,0.8,point_sigma,0.23725038235988585,4.0,0.3787956876160314,111.30472837308014,1.1862519117994292,10.890215020803165,1149.483027039373,0.25,0.75
40.0,FW6_HEADYAW,True,-3.6837784650406575e-09,8.149726113973884,10.0,ellipse,0.2,0.2,0.8,0.8,point_sigma,0.20240470891127174,4.0,0.5204219187204014,51.061725645938644,1.0120235445563586,3.5609607955742164,1667.1802668501887,0.25,1.0
30.0,FW6_HEADYAW,True,-5.61720545278618e-10,6.189522190778449,20.0,ellipse,0.2,0.2,0.8,0.8,point_sigma,0.28717662558348545,4.0,0.43073594779010804,84.69502485498414,1.4358831279174271,16.311452825527528,547.5628603658655,0.25,0.75
30.0,FW6_HEADYAW,True,2.7753905792705776e-09,9.448262552358486,20.0,ellipse,0.2,0.2,0.8,0.8,point_sigma,0.2565086313811536,4.0,0.5692953995759492,37.46891699215262,1.282543156905768,6.031805836893623,732.5182125331817,0.25,1.0
40.0,FW6_HEADYAW,True,2.3079814316840563e-09,5.412943388974753,10.0,ellipse,0.2,0.2,0.8,0.8,point_sigma,0.23560875417813656,4.0,0.3574605675510386,118.60779854359807,1.1780437708906828,11.853837523749014,1126.0853570919176,0.25,0.75
40.0,FW6_HEADYAW,True,-1.6891448830050517e-10,7.2816177903176795,10.0,ellipse,0.2,0.2,0.8,0.8,point_sigma,0.20540655687788567,4.0,0.46756817660933253,59.30877260339854,1.0270327843894282,4.655738143350653,1464.378113152705,0.25,1.0
30.0,FW6_HEADYAW,True,-1.017153314212088e-09,6.43640409750737,20.0,ellipse,0.2,0.2,0.8,0.8,point_sigma,0.3092241189953619,4.0,0.42881114187125946,84.88392181871083,1.5461205949768093,15.7433277191297,569.0707820520607,0.25,0.75
30.0,FW6_HEADYAW,True,1.0751467531352235e-11,10.72809745841462,20.0,ellipse,0.2,0.2,0.8,0.8,point_sigma,0.27660873323972524,4.0,0.601104284825614,34.043981656742965,1.383043666198626,5.06942170159286,815.8768317336633,0.25,1.0
40.0,FW6_HEADYAW,True,5.292815909991693e-09,5.500370673893897,10.0,ellipse,0.2,0.2,0.8,0.8,point_sigma,0.2569116223080239,4.0,0.34932601087909987,121.31374704854322,1.2845581115401195,11.733318411044573,1156.293544521795,0.25,0.75
40.0,FW6_HEADYAW,True,5.025689868820947e-10,7.964135477527449,10.0,ellipse,0.2,0.2,0.8,0.8,point_sigma,0.22441140468401102,4.0,0.48737491385031606,56.19338292300356,1.122057023420055,4.020363156141352,1609.146977427552,0.25,1.0
30.0,FW6_HEADYAW,True,-1.7513898488847666e-08,5.839904403179401,20.0,ellipse,0.2,0.2,0.8,0.8,point_sigma,0.27370947997864425,4.0,0.4366921549672226,83.33146300844506,1.3685473998932212,15.972390663652126,562.5131076876266,0.25,0.75
30.0,FW6_HEADYAW,True,3.3155628665822802e-09,8.901944131469582,20.0,ellipse,0.2,0.2,0.8,0.8,point_sigma,0.24055750179258817,4.0,0.5747337436597296,36.932154263091654,1.2027875089629407,6.108110342654352,730.2782247319002,0.25,1.0
40.0,FW6_HEADYAW,True,-2.7373698310390273e-09,5.054548425746406,10.0,ellipse,0.2,0.2,0.8,0.8,point_sigma,0.22079181410695886,4.0,0.3627421874119563,117.15274378956329,1.1039590705347941,11.59091470488757,1142.0968805868104,0.25,0.75
40.0,FW6_HEADYAW,True,2.484168258263728e-09,6.792724494693771,10.0,ellipse,0.2,0.2,0.8,0.8,point_sigma,0.1903656688281452,4.0,0.4713966699016298,58.79152819075608,0.951828344140726,4.720253133878171,1440.1160736269703,0.25,1.0
30.0,FW6_HEADYAW,True,6.357085961254983e-10,5.849923007807726,20.0,ellipse,0.2,0.2,0.8,0.8,point_sigma,0.27394475776638466,4.0,0.4433737232148694,81.76135938338373,1.3697237888319231,15.994894049039468,553.8521549302154,0.25,0.75
30.0,FW6_HEADYAW,True,1.6940429372145056e-11,8.985556104335377,20.0,ellipse,0.2,0.2,0.8,0.8,point_sigma,0.24123393782463728,4.0,0.5781418833967713,36.47214578037167,1.2061696891231863,6.145184964410673,721.3097765074167,0.25,1.0
40.0,FW6_HEADYAW,True,-6.245781655038496e-09,5.061430619091107,10.0,ellipse,0.2,0.2,0.8,0.8,point_sigma,0.2223989512712548,4.0,0.3692791594377636,114.91920534707462,1.111994756356274,11.456320975363937,1136.8431793428024,0.25,0.75
40.0,FW6_HEADYAW,True,-9.502412023927938e-10,6.870273544590663,10.0,ellipse,0.2,0.2,0.8,0.8,point_sigma,0.18910181224999753,4.0,0.4755263851117007,58.0556281344453,0.9455090612499876,4.7302735105208065,1421.1445120046126,0.25,1.0
30.0,FW6_HEADYAW,True,-1.1909356414525732e-09,5.982330406781984,20.0,ellipse,0.2,0.2,0.8,0.8,point_sigma,0.28507459906689353,4.0,0.44092791235660345,82.2179429323213,1.4253729953344676,17.06125287518498,510.62551338015203,0.25,0.75
30.0,FW6_HEADYAW,True,-7.474442650706578e-10,9.043101504613427,20.0,ellipse,0.2,0.2,0.8,0.8,point_sigma,0.24783744868501517,4.0,0.5645452367038822,37.819214372161014,1.2391872434250757,6.44661998594707,685.0831151832283,0.25,1.0
40.0,FW6_HEADYAW,True,1.3439163459376167e-09,5.218688219454027,10.0,ellipse,0.2,0.2,0.8,0.8,point_sigma,0.23286035894373208,4.0,0.3679743420852099,114.8451706667275,1.1643017947186602,11.873922308898758,1094.0845770807302,0.25,0.75
40.0,FW6_HEADYAW,True,1.757113336547927e-10,6.990652463771829,10.0,ellipse,0.2,0.2,0.8,0.8,point_sigma,0.20130619202848699,4.0,0.46573517443582896,59.46844792581571,1.0065309601424348,4.942393724325204,1382.9869475970083,0.25,1.0
30.0,FW6_YAW5,True,-7.540692809582794e-09,11.379186686594482,20.0,ellipse,0.2,0.2,0.4,0.4,lr_asym,0.1864366467617022,2.0,0.7733200562658912,32.906341681895825,0.932183233808511,8.484422508342254,531.9180417136087,0.0,0.75
30.0,FW6_YAW5,True,3.714041045265448e-10,20.93491365987915,20.0,ellipse,0.2,0.2,0.4,0.4,lr_asym,0.16845294880372627,2.0,0.8549735819660934,12.444848373860541,0.8422647440186313,3.6675954353377316,688.0179701707577,0.0,1.0
40.0,FW6_YAW5,True,-5.967388498908664e-10,8.769725597803623,10.0,ellipse,0.2,0.2,0.4,0.4,lr_asym,0.1577087996533642,2.0,0.6636121334236057,53.54876996446529,0.788543998266821,5.7489454452421125,1108.9608235794417,0.0,0.75
40.0,FW6_YAW5,True,-4.2667220565700116e-10,14.12068463179748,10.0,ellipse,0.2,0.2,0.4,0.4,lr_asym,0.13924996764609457,2.0,0.7602553580335704,22.962228218167787,0.6962498382304728,1.5505416152641742,2022.0080106678706,0.0,1.0
30.0,FW6_YAW5,True,1.0482695172108445,10.84305155280589,20.0,ellipse,0.2,0.2,0.42000000000000004,0.38,lr_asym,0.18855528372938973,2.0,0.7756348723511831,33.62604663385389,0.9427764186469486,8.48496681360827,534.8665745228197,0.05,0.75
30.0,FW6_YAW5,True,0.6522084134299833,19.077454687796774,20.0,ellipse,0.2,0.2,0.42000000000000004,0.38,lr_asym,0.16656925903581737,2.0,0.8551370221925448,13.125475300875936,0.8328462951790868,3.4247183259172758,746.5655280851071,0.05,1.0
40.0,FW6_YAW5,True,0.9672540116248002,8.556149716337009,10.0,ellipse,0.2,0.2,0.42000000000000004,0.38,lr_asym,0.16017217161431976,2.0,0.6655844905444035,54.532864130137206,0.8008608580715988,5.68081732032437,1134.0816504478946,0.05,0.75
40.0,FW6_YAW5,True,0.8169979000492051,13.484204502044934,10.0,ellipse,0.2,0.2,0.42000000000000004,0.38,lr_asym,0.13939825812213255,2.0,0.7609275716309154,24.075817358119423,0.6969912906106627,1.433897535661603,2269.6423526120348,0.05,1.0
30.0,FW6_YAW5,True,1.94803849482674,9.754137450160565,20.0,ellipse,0.2,0.2,0.44000000000000006,0.36000000000000004,lr_asym,0.19112886894389627,2.0,0.7809008771414019,33.79020259562227,0.9556443447194813,7.95829359037084,577.705412455252,0.1,0.75
30.0,FW6_YAW5,True,1.380547188763821,15.60279514930667,20.0,ellipse,0.2,0.2,0.44000000000000006,0.36000000000000004,lr_asym,0.16454576326368714,2.0,0.8573300182911725,13.716402880404496,0.8227288163184356,2.924571995570646,895.2122817964911,0.1,1.0
40.0,FW6_YAW5,True,2.1101606856115085,8.069628404979479,10.0,ellipse,0.2,0.2,0.44000000000000006,0.36000000000000004,lr_asym,0.16251316347558672,2.0,0.6725861457861093,54.79006580772257,0.8125658173779335,5.388890729395572,1193.4826625239677,0.1,0.75
40.0,FW6_YAW5,True,1.5902297728982915,12.064439549707332,10.0,ellipse,0.2,0.2,0.44000000000000006,0.36000000000000004,lr_asym,0.13974831669899548,2.0,0.7647327741584345,25.047867469402153,0.6987415834949774,1.417775644717477,2373.4547174401982,0.1,1.0
30.0,FW6_YAW5,True,3.8648125643168707,7.344650065364158,20.0,ellipse,0.2,0.2,0.48,0.32000000000000006,lr_asym,0.19792122028231687,2.0,0.8006733830500947,33.397916753527085,0.9896061014115843,6.793011951100858,683.1748425352022,0.2,0.75
30.0,FW6_YAW5,True,2.615110995047422,10.097089985016792,20.0,ellipse,0.2,0.2,0.48,0.32000000000000006,lr_asym,0.1581760735424668,2.0,0.86597695043993,15.026268313145339,0.7908803677123339,2.7648128579961977,963.125974968565,0.2,1.0
40.0,FW6_YAW5,True,4.2143857979584824,6.694171039883263,10.0,ellipse,0.2,0.2,0.48,0.32000000000000006,lr_asym,0.16525078406322596,2.0,0.6955451663420003,54.53631131620083,0.8262539203161298,5.215725734438576,1237.7930353207448,0.2,0.75
40.0,FW6_YAW5,True,3.167889026279452,8.873172370438901,10.0,ellipse,0.2,0.2,0.48,0.32000000000000006,lr_asym,0.13750691400613402,2.0,0.7783264169483269,26.904344568740544,0.6875345700306701,1.4909672411213144,2407.4752557974157,0.2,1.0
30.0,FW6_YAW5,True,6.296907939893819,5.458189244786324,20.0,ellipse,0.2,0.2,0.52,0.27999999999999997,lr_asym,0.19637912303784869,2.0,0.8279263569865635,32.732875936662325,0.9818956151892434,5.456770128928806,832.2271847926224,0.3,0.75
30.0,FW6_YAW5,True,3.975183795349713,6.728228405572199,20.0,ellipse,0.2,0.2,0.52,0.27999999999999997,lr_asym,0.1489736658687254,2.0,0.8795661111604024,16.623602494207837,0.744868329343627,2.1372869231103704,1256.5142418622756,0.3,1.0
40.0,FW6_YAW5,True,7.197809208957867,5.282826066280355,10.0,ellipse,0.2,0.2,0.52,0.27999999999999997,lr_asym,0.16799590254012875,2.0,0.7285586757877718,54.0415874481428,0.8399795127006437,4.668800130296436,1379.4191118723497,0.3,0.75
40.0,FW6_YAW5,True,4.70041866753052,6.3972270149265045,10.0,ellipse,0.2,0.2,0.52,0.27999999999999997,lr_asym,0.13172110656705996,2.0,0.8003166115687377,28.887344026073478,0.6586055328352998,1.52873497240975,2432.6138685235037,0.3,1.0
30.0,FW6_YAW5,True,-8.708756287182293e-09,11.376411016440168,20.0,ellipse,0.1,0.2,0.4,0.4,fb_ratio,0.1864817904652848,2.0,0.7732863869155555,32.914365564416286,0.932408952326424,8.304792849234811,529.1880912015108,0.5,0.75
30.0,FW6_YAW5,True,-1.5506730738381747e-09,20.93426001195286,20.0,ellipse,0.1,0.2,0.4,0.4,fb_ratio,0.1686135695446284,2.0,0.8549707958293661,12.445230683856309,0.8430678477231419,3.1775745725970017,722.1654552451371,0.5,1.0
40.0,FW6_YAW5,True,3.182828778060763e-10,8.769716816949698,10.0,ellipse,0.1,0.2,0.4,0.4,fb_ratio,0.1577087996533642,2.0,0.663611951377266,53.548823641695044,0.788543998266821,5.7491314720805615,1108.9349844664105,0.5,0.75
40.0,FW6_YAW5,True,5.856554119646365e-10,14.12068424253578,10.0,ellipse,0.1,0.2,0.4,0.4,fb_ratio,0.13924994697142823,2.0,0.7602553548864545,22.962228782515915,0.6962497348571411,1.5451655639272384,2026.0054104604817,0.5,1.0
30.0,FW6_YAW5,True,-2.059339979183305e-09,11.378049583405652,20.0,ellipse,0.16000000000000003,0.2,0.4,0.4,fb_ratio,0.18645587290502502,2.0,0.773306281584858,32.90962834520181,0.932279364525125,8.424299624437419,530.7865210986868,0.8,0.75
30.0,FW6_YAW5,True,3.833908199823104e-10,20.93465188880547,20.0,ellipse,0.16000000000000003,0.2,0.4,0.4,fb_ratio,0.16851960133137134,2.0,0.8549724662474011,12.445001479439513,0.8425980066568567,3.4996576343309624,698.3258413682827,0.8,1.0
40.0,FW6_YAW5,True,-1.2868937713309978e-09,8.769722083421307,10.0,ellipse,0.16000000000000003,0.2,0.4,0.4,fb_ratio,0.15770879965336426,2.0,0.6636120605763772,53.54879144786557,0.7885439982668213,5.749020713719687,1108.9503628269524,0.8,0.75
40.0,FW6_YAW5,True,-1.4932147632401955e-10,14.120684462543844,10.0,ellipse,0.16000000000000003,0.2,0.4,0.4,fb_ratio,0.13924995937586965,2.0,0.760255356735313,22.962228453148192,0.6962497968793482,1.549333588906931,2022.913827485942,0.8,1.0
30.0,FW6_YAW5,True,-7.540692809582794e-09,11.379186686594482,20.0,ellipse,0.2,0.2,0.4,0.4,fb_ratio,0.1864366467617022,2.0,0.7733200562658912,32.906341681895825,0.932183233808511,8.484422508342254,531.9180417136087,1.0,0.75
30.0,FW6_YAW5,True,3.714041045265448e-10,20.93491365987915,20.0,ellipse,0.2,0.2,0.4,0.4,fb_ratio,0.16845294880372627,2.0,0.8549735819660934,12.444848373860541,0.8422647440186313,3.6675954353377316,688.0179701707577,1.0,1.0
40.0,FW6_YAW5,True,-5.967388498908664e-10,8.769725597803623,10.0,ellipse,0.2,0.2,0.4,0.4,fb_ratio,0.1577087996533642,2.0,0.6636121334236057,53.54876996446529,0.788543998266821,5.7489454452421125,1108.9608235794417,1.0,0.75
40.0,FW6_YAW5,True,-4.2667220565700116e-10,14.12068463179748,10.0,ellipse,0.2,0.2,0.4,0.4,fb_ratio,0.13924996764609457,2.0,0.7602553580335704,22.962228218167787,0.6962498382304728,1.5505416152641742,2022.0080106678706,1.0,1.0
30.0,FW6_YAW5,True,-2.1436437615701775e-09,11.382207370546697,20.0,ellipse,0.30000000000000004,0.2,0.4,0.4,fb_ratio,0.1863812682156397,2.0,0.7733565282041829,32.89761288571802,0.9319063410781984,8.57798749621796,534.1205198341511,1.5,0.75
30.0,FW6_YAW5,True,2.6790774199758346e-09,20.935569852342898,20.0,ellipse,0.30000000000000004,0.2,0.4,0.4,fb_ratio,0.168325649644447,2.0,0.8549763784199652,12.444464579827217,0.8416282482222349,3.941670765315258,674.8915805287922,1.5,1.0
40.0,FW6_YAW5,True,-4.1950880137567494e-10,8.769734393130863,10.0,ellipse,0.30000000000000004,0.2,0.4,0.4,fb_ratio,0.15770879965336426,2.0,0.6636123157888763,53.54871620038063,0.7885439982668213,5.748751990059139,1108.9876972781228,1.5,0.75
40.0,FW6_YAW5,True,2.12096084072065e-10,14.120684894569399,10.0,ellipse,0.30000000000000004,0.2,0.4,0.4,fb_ratio,0.13924998832371566,2.0,0.7602553608123692,22.962227738441566,0.6962499416185782,1.5515621709015464,2021.3051891204002,1.5,1.0
30.0,FW6_YAW5,True,-8.261296771265915e-09,11.393361470157096,20.0,ellipse,0.6000000000000001,0.2,0.4,0.4,fb_ratio,0.1861682103956906,2.0,0.7734896955622712,32.865410891055454,0.9308410519784529,8.65980140188289,535.9997872340102,3.0,0.75
30.0,FW6_YAW5,True,3.9812701364078744e-08,20.937554090850455,20.0,ellipse,0.6000000000000001,0.2,0.4,0.4,fb_ratio,0.16818236953728521,2.0,0.8549848307335894,12.443304150755118,0.840911847686426,4.181194191059749,669.4562473713278,3.0,1.0
40.0,FW6_YAW5,True,1.0654858182902781e-11,8.769760864317341,10.0,ellipse,0.6000000000000001,0.2,0.4,0.4,fb_ratio,0.15770879965336423,2.0,0.6636128647841957,53.54855433388662,0.7885439982668211,5.748119352310952,1109.0755544766116,3.0,0.75
40.0,FW6_YAW5,True,-1.1210230738606533e-09,14.120685895929878,10.0,ellipse,0.6000000000000001,0.2,0.4,0.4,fb_ratio,0.13925005037372545,2.0,0.7602553697702469,22.962226153639943,0.6962502518686272,1.5495532356396455,2023.5434034586542,3.0,1.0
30.0,FW6_YAW5,True,-7.540692809582794e-09,11.379186686594482,20.0,ellipse,0.2,0.2,0.4,0.4,point_sigma,0.1864366467617022,2.0,0.7733200562658912,32.906341681895825,0.932183233808511,8.484422508342254,531.9180417136087,0.0,0.75
30.0,FW6_YAW5,True,3.714041045265448e-10,20.93491365987915,20.0,ellipse,0.2,0.2,0.4,0.4,point_sigma,0.16845294880372627,2.0,0.8549735819660934,12.444848373860541,0.8422647440186313,3.6675954353377316,688.0179701707577,0.0,1.0
40.0,FW6_YAW5,True,-5.967388498908664e-10,8.769725597803623,10.0,ellipse,0.2,0.2,0.4,0.4,point_sigma,0.1577087996533642,2.0,0.6636121334236057,53.54876996446529,0.788543998266821,5.7489454452421125,1108.9608235794417,0.0,0.75
40.0,FW6_YAW5,True,-4.2667220565700116e-10,14.12068463179748,10.0,ellipse,0.2,0.2,0.4,0.4,point_sigma,0.13924996764609457,2.0,0.7602553580335704,22.962228218167787,0.6962498382304728,1.5505416152641742,2022.0080106678706,0.0,1.0
30.0,FW6_YAW5,True,-7.540692809582794e-09,11.379186686594482,20.0,ellipse,0.2,0.2,0.4,0.4,point_sigma,0.1864366467617022,2.0,0.7733200562658912,32.906341681895825,0.932183233808511,8.484422508342254,531.9180417136087,0.0,0.75
30.0,FW6_YAW5,True,3.714041045265448e-10,20.93491365987915,20.0,ellipse,0.2,0.2,0.4,0.4,point_sigma,0.16845294880372627,2.0,0.8549735819660934,12.444848373860541,0.8422647440186313,3.6675954353377316,688.0179701707577,0.0,1.0
40.0,FW6_YAW5,True,-5.967388498908664e-10,8.769725597803623,10.0,ellipse,0.2,0.2,0.4,0.4,point_sigma,0.1577087996533642,2.0,0.6636121334236057,53.54876996446529,0.788543998266821,5.7489454452421125,1108.9608235794417,0.0,0.75
40.0,FW6_YAW5,True,-4.2667220565700116e-10,14.12068463179748,10.0,ellipse,0.2,0.2,0.4,0.4,point_sigma,0.13924996764609457,2.0,0.7602553580335704,22.962228218167787,0.6962498382304728,1.5505416152641742,2022.0080106678706,0.0,1.0
30.0,FW6_YAW5,True,-7.540692809582794e-09,11.379186686594482,20.0,ellipse,0.2,0.2,0.4,0.4,point_sigma,0.1864366467617022,2.0,0.7733200562658912,32.906341681895825,0.932183233808511,8.484422508342254,531.9180417136087,0.0,0.75
30.0,FW6_YAW5,True,3.714041045265448e-10,20.93491365987915,20.0,ellipse,0.2,0.2,0.4,0.4,point_sigma,0.16845294880372627,2.0,0.8549735819660934,12.444848373860541,0.8422647440186313,3.6675954353377316,688.0179701707577,0.0,1.0
40.0,FW6_YAW5,True,-5.967388498908664e-10,8.769725597803623,10.0,ellipse,0.2,0.2,0.4,0.4,point_sigma,0.1577087996533642,2.0,0.6636121334236057,53.54876996446529,0.788543998266821,5.7489454452421125,1108.9608235794417,0.0,0.75
40.0,FW6_YAW5,True,-4.2667220565700116e-10,14.12068463179748,10.0,ellipse,0.2,0.2,0.4,0.4,point_sigma,0.13924996764609457,2.0,0.7602553580335704,22.962228218167787,0.6962498382304728,1.5505416152641742,2022.0080106678706,0.0,1.0
30.0,FW6_YAW5,True,-7.540692809582794e-09,11.379186686594482,20.0,ellipse,0.2,0.2,0.4,0.4,point_sigma,0.1864366467617022,2.0,0.7733200562658912,32.906341681895825,0.932183233808511,8.484422508342254,531.9180417136087,0.0,0.75
30.0,FW6_YAW5,True,3.714041045265448e-10,20.93491365987915,20.0,ellipse,0.2,0.2,0.4,0.4,point_sigma,0.16845294880372627,2.0,0.8549735819660934,12.444848373860541,0.8422647440186313,3.6675954353377316,688.0179701707577,0.0,1.0
40.0,FW6_YAW5,True,-5.967388498908664e-10,8.769725597803623,10.0,ellipse,0.2,0.2,0.4,0.4,point_sigma,0.1577087996533642,2.0,0.6636121334236057,53.54876996446529,0.788543998266821,5.7489454452421125,1108.9608235794417,0.0,0.75
40.0,FW6_YAW5,True,-4.2667220565700116e-10,14.12068463179748,10.0,ellipse,0.2,0.2,0.4,0.4,point_sigma,0.13924996764609457,2.0,0.7602553580335704,22.962228218167787,0.6962498382304728,1.5505416152641742,2022.0080106678706,0.0,1.0
30.0,FW6_YAW5,True,-7.540692809582794e-09,11.379186686594482,20.0,ellipse,0.2,0.2,0.4,0.4,point_sigma,0.1864366467617022,2.0,0.7733200562658912,32.906341681895825,0.932183233808511,8.484422508342254,531.9180417136087,0.0,0.75
30.0,FW6_YAW5,True,3.714041045265448e-10,20.93491365987915,20.0,ellipse,0.2,0.2,0.4,0.4,point_sigma,0.16845294880372627,2.0,0.8549735819660934,12.444848373860541,0.8422647440186313,3.6675954353377316,688.0179701707577,0.0,1.0
40.0,FW6_YAW5,True,-5.967388498908664e-10,8.769725597803623,10.0,ellipse,0.2,0.2,0.4,0.4,point_sigma,0.1577087996533642,2.0,0.6636121334236057,53.54876996446529,0.788543998266821,5.7489454452421125,1108.9608235794417,0.0,0.75
40.0,FW6_YAW5,True,-4.2667220565700116e-10,14.12068463179748,10.0,ellipse,0.2,0.2,0.4,0.4,point_sigma,0.13924996764609457,2.0,0.7602553580335704,22.962228218167787,0.6962498382304728,1.5505416152641742,2022.0080106678706,0.0,1.0
30.0,FW6_YAW5,True,-7.540692809582794e-09,11.379186686594482,20.0,ellipse,0.2,0.2,0.4,0.4,point_sigma,0.1864366467617022,2.0,0.7733200562658912,32.906341681895825,0.932183233808511,8.484422508342254,531.9180417136087,0.0,0.75
30.0,FW6_YAW5,True,3.714041045265448e-10,20.93491365987915,20.0,ellipse,0.2,0.2,0.4,0.4,point_sigma,0.16845294880372627,2.0,0.8549735819660934,12.444848373860541,0.8422647440186313,3.6675954353377316,688.0179701707577,0.0,1.0
40.0,FW6_YAW5,True,-5.967388498908664e-10,8.769725597803623,10.0,ellipse,0.2,0.2,0.4,0.4,point_sigma,0.1577087996533642,2.0,0.6636121334236057,53.54876996446529,0.788543998266821,5.7489454452421125,1108.9608235794417,0.0,0.75
40.0,FW6_YAW5,True,-4.2667220565700116e-10,14.12068463179748,10.0,ellipse,0.2,0.2,0.4,0.4,point_sigma,0.13924996764609457,2.0,0.7602553580335704,22.962228218167787,0.6962498382304728,1.5505416152641742,2022.0080106678706,0.0,1.0
30.0,FW6_YAW5,True,-7.540692809582794e-09,11.379186686594482,20.0,ellipse,0.2,0.2,0.4,0.4,point_sigma,0.1864366467617022,2.0,0.7733200562658912,32.906341681895825,0.932183233808511,8.484422508342254,531.9180417136087,0.0,0.75
30.0,FW6_YAW5,True,3.714041045265448e-10,20.93491365987915,20.0,ellipse,0.2,0.2,0.4,0.4,point_sigma,0.16845294880372627,2.0,0.8549735819660934,12.444848373860541,0.8422647440186313,3.6675954353377316,688.0179701707577,0.0,1.0
40.0,FW6_YAW5,True,-5.967388498908664e-10,8.769725597803623,10.0,ellipse,0.2,0.2,0.4,0.4,point_sigma,0.1577087996533642,2.0,0.6636121334236057,53.54876996446529,0.788543998266821,5.7489454452421125,1108.9608235794417,0.0,0.75
40.0,FW6_YAW5,True,-4.2667220565700116e-10,14.12068463179748,10.0,ellipse,0.2,0.2,0.4,0.4,point_sigma,0.13924996764609457,2.0,0.7602553580335704,22.962228218167787,0.6962498382304728,1.5505416152641742,2022.0080106678706,0.0,1.0
30.0,FW6_YAW5,True,-7.540692809582794e-09,11.379186686594482,20.0,ellipse,0.2,0.2,0.4,0.4,point_sigma,0.1864366467617022,2.0,0.7733200562658912,32.906341681895825,0.932183233808511,8.484422508342254,531.9180417136087,0.0,0.75
30.0,FW6_YAW5,True,3.714041045265448e-10,20.93491365987915,20.0,ellipse,0.2,0.2,0.4,0.4,point_sigma,0.16845294880372627,2.0,0.8549735819660934,12.444848373860541,0.8422647440186313,3.6675954353377316,688.0179701707577,0.0,1.0
40.0,FW6_YAW5,True,-5.967388498908664e-10,8.769725597803623,10.0,ellipse,0.2,0.2,0.4,0.4,point_sigma,0.1577087996533642,2.0,0.6636121334236057,53.54876996446529,0.788543998266821,5.7489454452421125,1108.9608235794417,0.0,0.75
40.0,FW6_YAW5,True,-4.2667220565700116e-10,14.12068463179748,10.0,ellipse,0.2,0.2,0.4,0.4,point_sigma,0.13924996764609457,2.0,0.7602553580335704,22.962228218167787,0.6962498382304728,1.5505416152641742,2022.0080106678706,0.0,1.0
30.0,FW6_YAW5,True,-7.540692809582794e-09,11.379186686594482,20.0,ellipse,0.2,0.2,0.4,0.4,point_sigma,0.1864366467617022,2.0,0.7733200562658912,32.906341681895825,0.932183233808511,8.484422508342254,531.9180417136087,0.0,0.75
30.0,FW6_YAW5,True,3.714041045265448e-10,20.93491365987915,20.0,ellipse,0.2,0.2,0.4,0.4,point_sigma,0.16845294880372627,2.0,0.8549735819660934,12.444848373860541,0.8422647440186313,3.6675954353377316,688.0179701707577,0.0,1.0
40.0,FW6_YAW5,True,-5.967388498908664e-10,8.769725597803623,10.0,ellipse,0.2,0.2,0.4,0.4,point_sigma,0.1577087996533642,2.0,0.6636121334236057,53.54876996446529,0.788543998266821,5.7489454452421125,1108.9608235794417,0.0,0.75
40.0,FW6_YAW5,True,-4.2667220565700116e-10,14.12068463179748,10.0,ellipse,0.2,0.2,0.4,0.4,point_sigma,0.13924996764609457,2.0,0.7602553580335704,22.962228218167787,0.6962498382304728,1.5505416152641742,2022.0080106678706,0.0,1.0
30.0,FW6_YAW5,True,-7.540692809582794e-09,11.379186686594482,20.0,ellipse,0.2,0.2,0.4,0.4,point_sigma,0.1864366467617022,2.0,0.7733200562658912,32.906341681895825,0.932183233808511,8.484422508342254,531.9180417136087,0.0,0.75
30.0,FW6_YAW5,True,3.714041045265448e-10,20.93491365987915,20.0,ellipse,0.2,0.2,0.4,0.4,point_sigma,0.16845294880372627,2.0,0.8549735819660934,12.444848373860541,0.8422647440186313,3.6675954353377316,688.0179701707577,0.0,1.0
40.0,FW6_YAW5,True,-5.967388498908664e-10,8.769725597803623,10.0,ellipse,0.2,0.2,0.4,0.4,point_sigma,0.1577087996533642,2.0,0.6636121334236057,53.54876996446529,0.788543998266821,5.7489454452421125,1108.9608235794417,0.0,0.75
40.0,FW6_YAW5,True,-4.2667220565700116e-10,14.12068463179748,10.0,ellipse,0.2,0.2,0.4,0.4,point_sigma,0.13924996764609457,2.0,0.7602553580335704,22.962228218167787,0.6962498382304728,1.5505416152641742,2022.0080106678706,0.0,1.0
30.0,FW6_YAW5,True,-7.540692809582794e-09,11.379186686594482,20.0,ellipse,0.2,0.2,0.4,0.4,point_sigma,0.1864366467617022,2.0,0.7733200562658912,32.906341681895825,0.932183233808511,8.484422508342254,531.9180417136087,0.0,0.75
30.0,FW6_YAW5,True,3.714041045265448e-10,20.93491365987915,20.0,ellipse,0.2,0.2,0.4,0.4,point_sigma,0.16845294880372627,2.0,0.8549735819660934,12.444848373860541,0.8422647440186313,3.6675954353377316,688.0179701707577,0.0,1.0
40.0,FW6_YAW5,True,-5.967388498908664e-10,8.769725597803623,10.0,ellipse,0.2,0.2,0.4,0.4,point_sigma,0.1577087996533642,2.0,0.6636121334236057,53.54876996446529,0.788543998266821,5.7489454452421125,1108.9608235794417,0.0,0.75
40.0,FW6_YAW5,True,-4.2667220565700116e-10,14.12068463179748,10.0,ellipse,0.2,0.2,0.4,0.4,point_sigma,0.13924996764609457,2.0,0.7602553580335704,22.962228218167787,0.6962498382304728,1.5505416152641742,2022.0080106678706,0.0,1.0
30.0,FW6_YAW5,True,-7.540692809582794e-09,11.379186686594482,20.0,ellipse,0.2,0.2,0.4,0.4,point_sigma,0.1864366467617022,2.0,0.7733200562658912,32.906341681895825,0.932183233808511,8.484422508342254,531.9180417136087,0.0,0.75
30.0,FW6_YAW5,True,3.714041045265448e-10,20.93491365987915,20.0,ellipse,0.2,0.2,0.4,0.4,point_sigma,0.16845294880372627,2.0,0.8549735819660934,12.444848373860541,0.8422647440186313,3.6675954353377316,688.0179701707577,0.0,1.0
40.0,FW6_YAW5,True,-5.967388498908664e-10,8.769725597803623,10.0,ellipse,0.2,0.2,0.4,0.4,point_sigma,0.1577087996533642,2.0,0.6636121334236057,53.54876996446529,0.788543998266821,5.7489454452421125,1108.9608235794417,0.0,0.75
40.0,FW6_YAW5,True,-4.2667220565700116e-10,14.12068463179748,10.0,ellipse,0.2,0.2,0.4,0.4,point_sigma,0.13924996764609457,2.0,0.7602553580335704,22.962228218167787,0.6962498382304728,1.5505416152641742,2022.0080106678706,0.0,1.0
30.0,FW6_YAW5,True,-6.304194132040914e-09,11.637284356360594,20.0,ellipse,0.2,0.2,0.4,0.4,point_sigma,0.19189175942319525,2.0,0.772780665853783,32.68318242839835,0.9594587971159763,8.83476422971184,508.679838393826,0.05,0.75
30.0,FW6_YAW5,True,-5.9209508102819565e-09,21.567060534645627,20.0,ellipse,0.2,0.2,0.4,0.4,point_sigma,0.1708641318959117,2.0,0.8553349274129634,12.27512904557234,0.8543206594795585,3.649104248957225,685.6917049404966,0.05,1.0
40.0,FW6_YAW5,True,-2.4610400597587957e-09,8.96584114897774,10.0,ellipse,0.2,0.2,0.4,0.4,point_sigma,0.16045741693442103,2.0,0.6626875767821497,53.15888592072754,0.8022870846721051,5.880975816997639,1077.8972447171159,0.05,0.75
40.0,FW6_YAW5,True,9.140993668393183e-10,14.481657104216733,10.0,ellipse,0.2,0.2,0.4,0.4,point_sigma,0.14139786584915384,2.0,0.7604021201167411,22.722476754553735,0.7069893292457692,1.561084408116128,1988.1971555167625,0.05,1.0
30.0,FW6_YAW5,True,1.1530592108896945e-09,11.53190848511133,20.0,ellipse,0.2,0.2,0.4,0.4,point_sigma,0.18705974195592046,2.0,0.7783687937940619,32.306271116694134,0.9352987097796023,8.212291773698215,543.3374016642626,0.05,0.75
30.0,FW6_YAW5,True,4.6424171269311857e-10,21.24740516229648,20.0,ellipse,0.2,0.2,0.4,0.4,point_sigma,0.16784195697673734,2.0,0.857925649216603,12.197242067047764,0.8392097848836867,3.507096724792075,709.7448573468326,0.05,1.0
40.0,FW6_YAW5,True,-7.049460909862775e-11,8.86205608306316,10.0,ellipse,0.2,0.2,0.4,0.4,point_sigma,0.15745182330034654,2.0,0.6689541913386008,52.771572458095655,0.7872591165017326,5.617641565501784,1119.754416640659,0.05,0.75
40.0,FW6_YAW5,True,1.5927152358951002e-09,14.389644591647112,10.0,ellipse,0.2,0.2,0.4,0.4,point_sigma,0.1385905177069887,2.0,0.7650729717762366,22.43488075223998,0.6929525885349433,1.4622429624118618,2098.7883796717497,0.05,1.0
30.0,FW6_YAW5,True,-1.0893320270145508e-09,11.48279654902314,20.0,ellipse,0.2,0.2,0.4,0.4,point_sigma,0.18566500491272675,2.0,0.7773545771785317,32.28303716718119,0.9283250245636337,8.152269737006705,557.209678090098,0.05,0.75
30.0,FW6_YAW5,True,1.8014478833915175e-09,21.376892686024473,20.0,ellipse,0.2,0.2,0.4,0.4,point_sigma,0.16723534160644937,2.0,0.8586748444999196,11.989611743198115,0.8361767080322469,3.312839079281278,771.0822882112109,0.05,1.0
40.0,FW6_YAW5,True,3.33601224290675e-10,8.795392258974946,10.0,ellipse,0.2,0.2,0.4,0.4,point_sigma,0.1572524768229566,2.0,0.6667564287199514,52.831205677790024,0.7862623841147829,5.441798392463752,1166.054961748118,0.05,0.75
40.0,FW6_YAW5,True,4.1173473059550776e-10,14.372588712723674,10.0,ellipse,0.2,0.2,0.4,0.4,point_sigma,0.13836481112046814,2.0,0.7653534312242743,22.20620350292546,0.6918240556023406,1.402419181357423,2199.914724130565,0.05,1.0
30.0,FW6_YAW5,True,-1.6649345007697515e-09,11.317756538317862,20.0,ellipse,0.2,0.2,0.4,0.4,point_sigma,0.1864754123457679,2.0,0.7721264373113215,33.22493709178286,0.9323770617288394,8.666671684607357,516.7912803266013,0.05,0.75
30.0,FW6_YAW5,True,6.000740590437162e-10,20.550694799508474,20.0,ellipse,0.2,0.2,0.4,0.4,point_sigma,0.16924026064730202,2.0,0.8529163051328027,12.747742175037262,0.8462013032365101,3.647818040373345,695.399177190011,0.05,1.0
40.0,FW6_YAW5,True,1.084481681125319e-09,8.741260549357648,10.0,ellipse,0.2,0.2,0.4,0.4,point_sigma,0.1578600600415563,2.0,0.6625528499767298,53.96337529951618,0.7893003002077815,5.93558668959948,1076.1060234183328,0.05,0.75
40.0,FW6_YAW5,True,-1.4228211367527042e-10,13.899538645262744,10.0,ellipse,0.2,0.2,0.4,0.4,point_sigma,0.13983101180139826,2.0,0.7574376785261598,23.46400420357391,0.6991550590069913,1.5641311268570106,2028.4748057014808,0.05,1.0
30.0,FW6_YAW5,True,5.439340883612036e-09,11.288434700874205,20.0,ellipse,0.2,0.2,0.4,0.4,point_sigma,0.18439388267974344,2.0,0.7731116134856545,33.13332214111268,0.9219694133987172,8.839258385987423,501.6286574990221,0.05,0.75
30.0,FW6_YAW5,True,1.7374455815364272e-09,20.572020881386532,20.0,ellipse,0.2,0.2,0.4,0.4,point_sigma,0.16714622354699116,2.0,0.8534757609209787,12.686892577715701,0.8357311177349558,3.7957689089930873,665.1504346229557,0.05,1.0
40.0,FW6_YAW5,True,9.313697787596653e-11,8.72303408991493,10.0,ellipse,0.2,0.2,0.4,0.4,point_sigma,0.15667651825026752,2.0,0.6638195874164725,53.81621840684891,0.7833825912513376,6.096269031164656,1042.5830014267133,0.05,0.75
40.0,FW6_YAW5,True,-2.0859429336777364e-10,13.82514132185634,10.0,ellipse,0.2,0.2,0.4,0.4,point_sigma,0.1387734190511632,2.0,0.7573338556654015,23.515074242912192,0.6938670952558159,1.6000104706938683,1977.4521155837724,0.05,1.0
30.0,FW6_YAW5,True,1.1509559895927099e-08,11.732383173184024,20.0,ellipse,0.2,0.2,0.4,0.4,point_sigma,0.19000513880488837,2.0,0.7764698548010472,32.529113657094356,0.9500256940244418,8.27992644338703,543.9528194262815,0.05,0.75
30.0,FW6_YAW5,True,1.9795394646560504e-09,21.622818051420314,20.0,ellipse,0.2,0.2,0.4,0.4,point_sigma,0.17178081078751392,2.0,0.8568879170253271,12.243951763537,0.8589040539375695,3.411194724408012,747.919408031685,0.05,1.0
40.0,FW6_YAW5,True,8.540576507013205e-10,8.998251363809182,10.0,ellipse,0.2,0.2,0.4,0.4,point_sigma,0.16106137060323206,2.0,0.6657864757492237,53.238281867766894,0.8053068530161602,5.581050216927653,1138.547244626198,0.05,0.75
40.0,FW6_YAW5,True,4.347675124599962e-09,14.597405650409288,10.0,ellipse,0.2,0.2,0.4,0.4,point_sigma,0.14207530355404033,2.0,0.76305926084111,22.603943230688262,0.7103765177702016,1.4719239854103485,2114.732246509899,0.05,1.0
30.0,FW6_YAW5,True,-2.5691359814403555e-09,11.389751147197066,20.0,ellipse,0.2,0.2,0.4,0.4,point_sigma,0.1853277942357157,2.0,0.7756900099456067,32.65919314369625,0.9266389711785784,8.101650595324973,554.9504951910152,0.05,0.75
30.0,FW6_YAW5,True,2.7155404915521376e-09,21.56171898349722,20.0,ellipse,0.2,0.2,0.4,0.4,point_sigma,0.16788768627109452,2.0,0.8594073716382221,11.997289079851926,0.8394384313554726,3.425844578896179,731.0516512203311,0.05,1.0
40.0,FW6_YAW5,True,-1.5766303757322688e-09,8.78317457064813,10.0,ellipse,0.2,0.2,0.4,0.4,point_sigma,0.15705179172288602,2.0,0.6670594349921525,53.121529542513436,0.7852589586144301,5.397278390143844,1173.9353108030868,0.05,0.75
40.0,FW6_YAW5,True,8.872825200425588e-10,14.542471845533703,10.0,ellipse,0.2,0.2,0.4,0.4,point_sigma,0.13834177615794244,2.0,0.7668268598677528,22.145667185319336,0.6917088807897122,1.3292883323026747,2310.17893883219,0.05,1.0
30.0,FW6_YAW5,True,-3.0380419775738403e-10,11.529465293113477,20.0,ellipse,0.2,0.2,0.4,0.4,point_sigma,0.18731778745985908,2.0,0.7741581540500464,32.68159805582966,0.9365889372992954,8.37652326989689,538.5607367829813,0.05,0.75
30.0,FW6_YAW5,True,-1.2681253181556816e-08,21.868874907506694,20.0,ellipse,0.2,0.2,0.4,0.4,point_sigma,0.16985287161623577,2.0,0.8590303833555373,11.944041817037803,0.8492643580811788,3.549962942235633,709.8084323764265,0.05,1.0
40.0,FW6_YAW5,True,3.7538258086372045e-10,8.885093625157634,10.0,ellipse,0.2,0.2,0.4,0.4,point_sigma,0.1588980186245409,2.0,0.6649163901880198,53.146654499082274,0.7944900931227045,5.540799948915881,1146.0575076433706,0.05,0.75
40.0,FW6_YAW5,True,7.324473136366211e-09,14.669930721223878,10.0,ellipse,0.2,0.2,0.4,0.4,point_sigma,0.14026535685379554,2.0,0.7656398224457678,22.17081130865541,0.7013267842689777,1.3543535631996149,2289.4498809161028,0.05,1.0
30.0,FW6_YAW5,True,-1.3568182660029733e-09,11.476025706602979,20.0,ellipse,0.2,0.2,0.4,0.4,point_sigma,0.18883765568786123,2.0,0.7750391613595503,32.754023422103515,0.9441882784393061,8.752559986662526,510.4190154258501,0.05,0.75
30.0,FW6_YAW5,True,1.0895824956957161e-10,21.158312859686085,20.0,ellipse,0.2,0.2,0.4,0.4,point_sigma,0.1682550350522382,2.0,0.8554795443741463,12.390059000222708,0.841275175261191,3.755040762590102,666.6412846230572,0.05,1.0
40.0,FW6_YAW5,True,-6.262248340790836e-08,8.864335511015973,10.0,ellipse,0.2,0.2,0.4,0.4,point_sigma,0.15815240491733845,2.0,0.6655679359402821,53.18809483022312,0.7907620245866922,5.958324149069775,1061.583916319777,0.05,0.75
40.0,FW6_YAW5,True,-2.2965568792682396e-09,14.185696855635657,10.0,ellipse,0.2,0.2,0.4,0.4,point_sigma,0.13951440487674843,2.0,0.7602379048510743,22.991724443043836,0.6975720243837421,1.6206999136510176,1920.0352094082452,0.05,1.0
30.0,FW6_YAW5,True,-5.08726461231541e-09,11.390926633760946,20.0,ellipse,0.2,0.2,0.4,0.4,point_sigma,0.18915673429402247,2.0,0.7708929705588206,33.29071337602643,0.9457836714701123,8.672354901917574,521.0608930653125,0.05,0.75
30.0,FW6_YAW5,True,-1.663227338044476e-10,21.03708547033204,20.0,ellipse,0.2,0.2,0.4,0.4,point_sigma,0.17012029054679834,2.0,0.8536065706932152,12.567375318192134,0.8506014527339917,3.793515780077629,669.0959161425584,0.05,1.0
40.0,FW6_YAW5,True,-4.029676906437876e-09,8.807437242102026,10.0,ellipse,0.2,0.2,0.4,0.4,point_sigma,0.15937712180372068,2.0,0.6613294611549256,53.983369759127534,0.7968856090186034,5.867039736844837,1092.9111216723677,0.05,0.75
40.0,FW6_YAW5,True,-4.427731276209739e-09,14.137681094299948,10.0,ellipse,0.2,0.2,0.4,0.4,point_sigma,0.14078125479084652,2.0,0.7578547761005335,23.25480151699581,0.7039062739542326,1.5157033218176925,2098.1097597288463,0.05,1.0
30.0,FW6_YAW5,True,-3.908648054282815e-09,11.378119218599737,20.0,ellipse,0.2,0.2,0.4,0.4,point_sigma,0.18581334172994018,2.0,0.7740993317447292,33.018527524752,0.9290667086497009,8.613523616268484,520.7354147223735,0.05,0.75
30.0,FW6_YAW5,True,-9.63550233457378e-10,20.682723092867445,20.0,ellipse,0.2,0.2,0.4,0.4,point_sigma,0.16842810927388305,2.0,0.8541877571796105,12.661042543833286,0.8421405463694152,3.78769939835901,672.6024458668771,0.05,1.0
40.0,FW6_YAW5,True,4.987755393135132e-09,8.779184691527144,10.0,ellipse,0.2,0.2,0.4,0.4,point_sigma,0.15780875552885337,2.0,0.6651332011375913,53.69013077773421,0.7890437776442668,5.898680055489942,1079.3234317027625,0.05,0.75
40.0,FW6_YAW5,True,-4.7531974367639006e-09,13.962378535792688,10.0,ellipse,0.2,0.2,0.4,0.4,point_sigma,0.13931701710516872,2.0,0.758996326500499,23.342683344245184,0.6965850855258435,1.5653672201011615,2022.7975398187027,0.05,1.0
30.0,FW6_YAW5,True,9.90780949932063e-10,12.027415080416851,20.0,ellipse,0.2,0.2,0.4,0.4,point_sigma,0.19298145617043555,2.0,0.7807843142238972,31.716623023008353,0.9649072808521777,8.124176421194361,551.2355899824654,0.05,0.75
30.0,FW6_YAW5,True,7.621284884656398e-10,22.740249248282197,20.0,ellipse,0.2,0.2,0.4,0.4,point_sigma,0.17228332969939286,2.0,0.8618098961164762,11.607799232328418,0.8614166484969643,3.3707450342742717,739.2697099360564,0.05,1.0
40.0,FW6_YAW5,True,-2.304868463789574e-10,9.198824821419995,10.0,ellipse,0.2,0.2,0.4,0.4,point_sigma,0.16190872175603924,2.0,0.6706177578302687,52.04533589573993,0.8095436087801962,5.348283796728993,1169.2912637418397,0.05,0.75
40.0,FW6_YAW5,True,-5.320264892031394e-10,15.300283324985699,10.0,ellipse,0.2,0.2,0.4,0.4,point_sigma,0.14193433378857534,2.0,0.7703628633635705,21.49745643487119,0.7096716689428767,1.3279696042683085,2282.327738011211,0.05,1.0
30.0,FW6_YAW5,True,-4.327624112749346e-09,11.628272282958015,20.0,ellipse,0.2,0.2,0.4,0.4,point_sigma,0.18768265617518928,2.0,0.7841066332980705,31.96327166573336,0.9384132808759463,7.626714584592115,593.9878626115836,0.15,0.75
30.0,FW6_YAW5,True,2.723018770746929e-09,21.551321490936513,20.0,ellipse,0.2,0.2,0.4,0.4,point_sigma,0.16528357814303846,2.0,0.8607926571630108,11.951351059979174,0.8264178907151922,3.2381143058170103,786.3431960158739,0.15,1.0
40.0,FW6_YAW5,True,4.339110685981451e-09,8.909074542624694,10.0,ellipse,0.2,0.2,0.4,0.4,point_sigma,0.15704876711311333,2.0,0.6742756411147793,52.41759535081798,0.7852438355655667,5.222092684449464,1205.7750024838515,0.15,0.75
40.0,FW6_YAW5,True,-1.6284201427492096e-10,14.571497592563599,10.0,ellipse,0.2,0.2,0.4,0.4,point_sigma,0.13749887976991754,2.0,0.7694249485017618,22.016171502548893,0.6874943988495876,1.2590661549338122,2420.138630364417,0.15,1.0
30.0,FW6_YAW5,True,-2.1179870220934814e-10,12.578131106535402,20.0,ellipse,0.2,0.2,0.4,0.4,point_sigma,0.20066180552660695,2.0,0.7807383140335299,31.487903713503712,1.0033090276330348,6.758956881543644,725.9261097857822,0.15,0.75
30.0,FW6_YAW5,True,-8.636211810591461e-10,26.1860957167402,20.0,ellipse,0.2,0.2,0.4,0.4,point_sigma,0.17201868986709837,2.0,0.8700333564096664,10.329393815374699,0.8600934493354918,2.733903855910871,936.5468879177374,0.15,1.0
40.0,FW6_YAW5,True,1.1777593985459403e-11,9.560828162337266,10.0,ellipse,0.2,0.2,0.4,0.4,point_sigma,0.16594962779279943,2.0,0.6699867200902816,51.90271839586717,0.8297481389639971,3.7431144156600427,1714.9699337603458,0.15,0.75
40.0,FW6_YAW5,True,2.3434199670835934e-09,17.368026882097535,10.0,ellipse,0.2,0.2,0.4,0.4,point_sigma,0.1433742057850773,2.0,0.7820578598506309,19.407880355304112,0.7168710289253866,0.6099305817815585,4771.950190963318,0.15,1.0
30.0,FW6_YAW5,True,4.214250060573897e-09,12.270820861737286,20.0,ellipse,0.2,0.2,0.4,0.4,point_sigma,0.19625777828595514,2.0,0.7786225325505465,31.231666953909123,0.9812888914297757,8.495454185146336,517.1532246994191,0.15,0.75
30.0,FW6_YAW5,True,1.755626427234343e-11,24.283247823664524,20.0,ellipse,0.2,0.2,0.4,0.4,point_sigma,0.17242102509489707,2.0,0.8643647565317821,10.943686719196565,0.8621051254744853,3.3573573378286072,713.5047793090328,0.15,1.0
40.0,FW6_YAW5,True,2.041055765458242e-09,9.378891164874998,10.0,ellipse,0.2,0.2,0.4,0.4,point_sigma,0.16256914513362128,2.0,0.6689293207376054,51.215896045991144,0.8128457256681063,5.490154272258672,1122.7252011262572,0.15,0.75
40.0,FW6_YAW5,True,4.555734289642579e-09,16.08370998143998,10.0,ellipse,0.2,0.2,0.4,0.4,point_sigma,0.1425844464333734,2.0,0.7731799076502736,20.572073384615784,0.7129222321668669,1.3357510087341222,2185.7753386009795,0.15,1.0
30.0,FW6_YAW5,True,-3.235742076018931e-09,10.913370230402935,20.0,ellipse,0.2,0.2,0.4,0.4,point_sigma,0.1883905469948638,2.0,0.7603579903074481,34.79891153070159,0.941952734974319,9.290200006602422,488.15882836361516,0.15,0.75
30.0,FW6_YAW5,True,-3.94366914188041e-10,19.56707397268205,20.0,ellipse,0.2,0.2,0.4,0.4,point_sigma,0.16891457867240495,2.0,0.8443949454487095,13.49069562653612,0.8445728933620247,3.6691834657838496,714.959600312774,0.15,1.0
40.0,FW6_YAW5,True,1.375320347723717e-09,8.437583679798774,10.0,ellipse,0.2,0.2,0.4,0.4,point_sigma,0.15787169289800482,2.0,0.646437689782992,56.374888697020296,0.789358464490024,6.282063422906823,1055.7932144155748,0.15,0.75
40.0,FW6_YAW5,True,3.5836375081867735e-09,13.238031397495954,10.0,ellipse,0.2,0.2,0.4,0.4,point_sigma,0.14135874319583372,2.0,0.7452605370195424,24.76874624131693,0.7067937159791685,1.6102894917298791,2074.806899404599,0.15,1.0
30.0,FW6_YAW5,True,-1.180877137272445e-09,12.452659300882004,20.0,ellipse,0.2,0.2,0.4,0.4,point_sigma,0.19245673950204673,2.0,0.7913960338939605,30.237810859206963,0.9622836975102336,8.378919758455677,512.3064735241803,0.15,0.75
30.0,FW6_YAW5,True,6.520685742682762e-10,23.308861351387804,20.0,ellipse,0.2,0.2,0.4,0.4,point_sigma,0.1671962638073432,2.0,0.8673336519114376,11.207115885766711,0.835981319036716,3.461502885911722,693.9074684037511,0.15,1.0
40.0,FW6_YAW5,True,2.1832170180556166e-09,9.501649508951399,10.0,ellipse,0.2,0.2,0.4,0.4,point_sigma,0.15882169758479533,2.0,0.6834174988713193,49.83273991847919,0.7941084879239766,5.521125853835321,1085.58223010625,0.15,0.75
40.0,FW6_YAW5,True,-8.475613677644312e-10,15.724453215543836,10.0,ellipse,0.2,0.2,0.4,0.4,point_sigma,0.1389807062587021,2.0,0.7786677596219734,20.732240518160346,0.6949035312935105,1.3138313955074976,2194.1260720083637,0.15,1.0
30.0,FW6_YAW5,True,-5.016267475577111e-10,11.333360064524332,20.0,ellipse,0.2,0.2,0.4,0.4,point_sigma,0.18345728788023022,2.0,0.7800816187139346,31.785872133175303,0.9172864394011511,9.328443719235747,465.33620738673324,0.15,0.75
30.0,FW6_YAW5,True,5.436864424223182e-09,20.787383436910883,20.0,ellipse,0.2,0.2,0.4,0.4,point_sigma,0.1606292733837768,2.0,0.858062756179174,12.062011015844998,0.803146366918884,3.749712284126968,660.704723176946,0.15,1.0
40.0,FW6_YAW5,True,-3.877600274621039e-09,8.728483721518211,10.0,ellipse,0.2,0.2,0.4,0.4,point_sigma,0.1518526790944854,2.0,0.6713999745516059,51.742274023275414,0.759263395472427,6.176051153346874,997.2273751242193,0.15,0.75
40.0,FW6_YAW5,True,-4.829375697078303e-09,13.967603687492028,10.0,ellipse,0.2,0.2,0.4,0.4,point_sigma,0.13513338885448803,2.0,0.7648682330137132,22.3231719580497,0.6756669442724401,1.5868567142909131,1925.7710135996904,0.15,1.0
30.0,FW6_YAW5,True,-1.0632164925250539e-09,12.106820695753278,20.0,ellipse,0.2,0.2,0.4,0.4,point_sigma,0.19561881984182328,2.0,0.7824880123541239,31.476588437023043,0.9780940992091164,8.066697165866834,555.2654484849577,0.15,0.75
30.0,FW6_YAW5,True,-6.6811327992825405e-09,22.666530290468465,20.0,ellipse,0.2,0.2,0.4,0.4,point_sigma,0.17218155204944652,2.0,0.8616839654130772,11.644070828997162,0.8609077602472326,3.494765036181584,705.7885890214517,0.15,1.0
40.0,FW6_YAW5,True,9.355863991286154e-10,9.251787111097133,10.0,ellipse,0.2,0.2,0.4,0.4,point_sigma,0.1625407646701449,2.0,0.6716210032532465,51.71115818241316,0.8127038233507244,5.470049743371081,1137.9546393250566,0.15,0.75
40.0,FW6_YAW5,True,-2.3464454697243356e-09,15.161104827108,10.0,ellipse,0.2,0.2,0.4,0.4,point_sigma,0.14215286589399614,2.0,0.7692529267666406,21.681432539606305,0.7107643294699807,1.508781863442275,1980.318105522092,0.15,1.0
30.0,FW6_YAW5,True,-1.5685652841987477e-09,12.338462898192203,20.0,ellipse,0.2,0.2,0.4,0.4,point_sigma,0.1944628588335361,2.0,0.778261726311988,31.693098154115688,0.9723142941676804,8.272030588071472,554.9120067616308,0.15,0.75
30.0,FW6_YAW5,True,-3.5445651890636646e-10,22.66034721854365,20.0,ellipse,0.2,0.2,0.4,0.4,point_sigma,0.17530795947610772,2.0,0.8579673329198256,11.899161678004154,0.8765397973805386,3.4269643264249847,761.1895683034983,0.15,1.0
40.0,FW6_YAW5,True,-2.9433489133199676e-10,9.327533340286033,10.0,ellipse,0.2,0.2,0.4,0.4,point_sigma,0.1648745622800067,2.0,0.6645561297650593,52.59609960269043,0.8243728114000334,5.4959176383057775,1157.0165379914924,0.15,0.75
40.0,FW6_YAW5,True,5.674135791307036e-09,15.050677229773678,10.0,ellipse,0.2,0.2,0.4,0.4,point_sigma,0.14593651953581105,2.0,0.7629683206386637,22.3188328592153,0.7296825976790552,1.5582272206554992,1992.7236984448662,0.15,1.0
30.0,FW6_YAW5,True,2.86653056637592e-10,10.673903114577419,20.0,ellipse,0.2,0.2,0.4,0.4,point_sigma,0.17851956842257038,2.0,0.7617080266457771,34.3767310528737,0.8925978421128519,10.00442563390918,438.4078477815475,0.15,0.75
30.0,FW6_YAW5,True,4.828169869284694e-09,19.02963623084234,20.0,ellipse,0.2,0.2,0.4,0.4,point_sigma,0.16348118028425596,2.0,0.8446523832519066,13.538748728160966,0.8174059014212798,3.8983993169640074,645.1670342573655,0.15,1.0
40.0,FW6_YAW5,True,-5.130778576051183e-09,8.318440452238688,10.0,ellipse,0.2,0.2,0.4,0.4,point_sigma,0.15170428332190394,2.0,0.6519094629474712,55.16075242875583,0.7585214166095197,6.654240123306118,968.1923507054865,0.15,0.75
40.0,FW6_YAW5,True,-7.56376455324213e-10,12.927781988136987,10.0,ellipse,0.2,0.2,0.4,0.4,point_sigma,0.13582041518855015,2.0,0.7465128011228709,24.74600448959489,0.6791020759427507,1.726261320218044,1884.620616841633,0.15,1.0
30.0,FW6_YAW5,True,1.6270749271466847e-08,13.068158586652538,20.0,ellipse,0.2,0.2,0.4,0.4,point_sigma,0.20585383150177528,2.0,0.7824251449942824,30.65530986560086,1.0292691575088764,8.923335997830542,477.769589698144,0.15,0.75
30.0,FW6_YAW5,True,1.4572286158383777e-08,26.03690666545847,20.0,ellipse,0.2,0.2,0.4,0.4,point_sigma,0.18042120658316754,2.0,0.8672368369762408,10.656821126361848,0.9021060329158377,3.4765243460983597,686.9018364800197,0.15,1.0
40.0,FW6_YAW5,True,-1.814703640165187e-09,9.98038658793572,10.0,ellipse,0.2,0.2,0.4,0.4,point_sigma,0.1711367549527452,2.0,0.6741343044495873,50.348961674174745,0.8556837747637259,5.67255873668671,1065.2477465834882,0.15,0.75
40.0,FW6_YAW5,True,3.3438395879778316e-09,17.272356903524003,10.0,ellipse,0.2,0.2,0.4,0.4,point_sigma,0.1502026692379111,2.0,0.7777481803884249,20.0021767307789,0.7510133461895554,1.469502642353839,1965.7055695671577,0.15,1.0
30.0,FW6_YAW5,True,3.298282912997889e-10,11.344263996367513,20.0,ellipse,0.2,0.2,0.4,0.4,point_sigma,0.18405236282301088,2.0,0.7721025128187854,32.924674625272445,0.9202618141150544,9.165417515714292,486.79360631979876,0.15,0.75
30.0,FW6_YAW5,True,2.1905295108376366e-09,20.22414129808034,20.0,ellipse,0.2,0.2,0.4,0.4,point_sigma,0.16621202057456513,2.0,0.8517288974393594,12.858831828020511,0.8310601028728256,3.8008500629986264,665.7082639434768,0.15,1.0
40.0,FW6_YAW5,True,5.169204447435284e-10,8.75099619063048,10.0,ellipse,0.2,0.2,0.4,0.4,point_sigma,0.1559317947161625,2.0,0.6625511386519505,53.46275917623291,0.7796589735808125,6.39824150814479,989.1631111458756,0.15,0.75
40.0,FW6_YAW5,True,9.269456271977495e-10,13.629696893237268,10.0,ellipse,0.2,0.2,0.4,0.4,point_sigma,0.13824688859846654,2.0,0.7555162967246752,23.725147190627148,0.6912344429923326,1.6150387025638147,1960.405799088775,0.15,1.0
30.0,FW6_YAW5,True,3.0436492954772603e-09,11.67183903075978,20.0,ellipse,0.2,0.2,0.4,0.4,point_sigma,0.1880991888979997,2.0,0.7765786263699841,32.77750568044437,0.9404959444899985,8.326197318223654,531.4736209471748,0.15,0.75
30.0,FW6_YAW5,True,5.684160104524339e-10,21.4458397256491,20.0,ellipse,0.2,0.2,0.4,0.4,point_sigma,0.17047723644024879,2.0,0.8568870228319567,12.450072522125682,0.8523861822012438,3.5271346671833155,702.1699254115057,0.15,1.0
40.0,FW6_YAW5,True,-4.006029482381195e-08,9.021984029129614,10.0,ellipse,0.2,0.2,0.4,0.4,point_sigma,0.15935716255739488,2.0,0.6683641339370449,53.27794681775917,0.7967858127869744,5.686835490916888,1109.0706499635485,0.15,0.75
40.0,FW6_YAW5,True,-2.947615627425151e-09,14.61971191912356,10.0,ellipse,0.2,0.2,0.4,0.4,point_sigma,0.14120013366132103,2.0,0.7641807614114037,22.77865862542576,0.7060006683066051,1.3778070331018557,2240.3098097902075,0.15,1.0
30.0,FW6_YAW5,True,-1.5561881556558324e-09,11.598339902817923,20.0,ellipse,0.2,0.2,0.4,0.4,point_sigma,0.17543644620786697,2.0,0.7962372566364391,29.760301230529787,0.8771822310393348,7.888469338662131,546.9343589780595,0.25,0.75
30.0,FW6_YAW5,True,9.857842985274839e-10,23.141850134987997,20.0,ellipse,0.2,0.2,0.4,0.4,point_sigma,0.1529648538201124,2.0,0.8745100995954722,10.342614486265898,0.764824269100562,3.3937473884892007,711.7754392908612,0.25,1.0
40.0,FW6_YAW5,True,2.3367201286470904e-09,8.825620527496238,10.0,ellipse,0.2,0.2,0.4,0.4,point_sigma,0.14560049925151508,2.0,0.6892791250981253,49.263025694334,0.7280024962575754,4.970971313566549,1197.607852690565,0.25,0.75
40.0,FW6_YAW5,True,4.916501426606304e-10,15.373172691223168,10.0,ellipse,0.2,0.2,0.4,0.4,point_sigma,0.1267638380920466,2.0,0.7878467742563968,19.483606531610093,0.633819190460233,1.1452054495050388,2490.29825007306,0.25,1.0
30.0,FW6_YAW5,True,1.580894704421441e-10,10.661920245020102,20.0,ellipse,0.2,0.2,0.4,0.4,point_sigma,0.17509643144933115,2.0,0.7721220757879695,33.74719307047185,0.8754821572466557,9.322631638470538,464.958792566654,0.25,0.75
30.0,FW6_YAW5,True,-3.6629211825782904e-09,18.799265158471012,20.0,ellipse,0.2,0.2,0.4,0.4,point_sigma,0.15921888313808436,2.0,0.8487773984624747,13.450253354400228,0.7960944156904217,3.781283223884492,660.6407513932631,0.25,1.0
40.0,FW6_YAW5,True,-1.3003586495749737e-09,8.298827663659882,10.0,ellipse,0.2,0.2,0.4,0.4,point_sigma,0.14888877825896726,2.0,0.6635870089572612,54.39295338950817,0.7444438912948362,6.519447114213858,970.0247697894036,0.25,0.75
40.0,FW6_YAW5,True,1.7100987748158687e-08,12.812830059529597,10.0,ellipse,0.2,0.2,0.4,0.4,point_sigma,0.13217916591374174,2.0,0.7520977540774172,24.57084139136432,0.6608958295687086,1.6591941222468265,1923.1452168171047,0.25,1.0
30.0,FW6_YAW5,True,-2.4211256887837693e-10,10.896372156164547,20.0,ellipse,0.2,0.2,0.4,0.4,point_sigma,0.17409757847595492,2.0,0.7912202870333092,31.14461311896534,0.8704878923797745,7.358819459566014,600.8860602806043,0.25,0.75
30.0,FW6_YAW5,True,1.4941124747990386e-09,20.36295486457547,20.0,ellipse,0.2,0.2,0.4,0.4,point_sigma,0.1533179844293568,2.0,0.8645543279951782,11.612425264148836,0.7665899221467839,3.1310948662797524,783.3836036026116,0.25,1.0
40.0,FW6_YAW5,True,-9.082558927507995e-10,8.320209078052676,10.0,ellipse,0.2,0.2,0.4,0.4,point_sigma,0.14542205266389485,2.0,0.6830204361176248,51.34995025105053,0.7271102633194743,5.098162610846235,1205.5504093803459,0.25,0.75
40.0,FW6_YAW5,True,5.874686461885388e-09,13.924311461313852,10.0,ellipse,0.2,0.2,0.4,0.4,point_sigma,0.1261461295606149,2.0,0.7765423412943415,21.155900101500528,0.6307306478030745,1.2757717629809997,2304.9464583680883,0.25,1.0
30.0,FW6_YAW5,True,-6.926651742224765e-10,13.12049538950434,20.0,ellipse,0.2,0.2,0.4,0.4,point_sigma,0.20535777495760726,2.0,0.7884588892392668,31.351243335341373,1.0267888747880363,8.674910565766755,492.4280213794046,0.25,0.75
30.0,FW6_YAW5,True,-1.736960546947504e-10,23.64013606287573,20.0,ellipse,0.2,0.2,0.4,0.4,point_sigma,0.18015333373584164,2.0,0.8593673185524389,12.225850849435442,0.9007666686792082,3.752984726054397,651.0354210803347,0.25,1.0
40.0,FW6_YAW5,True,3.857787009232862e-09,10.075731458958,10.0,ellipse,0.2,0.2,0.4,0.4,point_sigma,0.1706282801595864,2.0,0.6784955634301606,51.35579270990873,0.8531414007979319,6.163529119027888,985.9725520129163,0.25,0.75
40.0,FW6_YAW5,True,1.252276614177949e-09,16.106793857269846,10.0,ellipse,0.2,0.2,0.4,0.4,point_sigma,0.1544689596795915,2.0,0.7678182852123316,22.41543852108064,0.7723447983979576,1.5956000543598834,1896.3038104160864,0.25,1.0
30.0,FW6_YAW5,True,-5.995984866049703e-09,11.762381649276833,20.0,ellipse,0.2,0.2,0.4,0.4,point_sigma,0.18683777300802695,2.0,0.7833759421962979,31.703450829611644,0.9341888650401348,9.234212244532328,471.2671990139884,0.25,0.75
30.0,FW6_YAW5,True,-1.1905054714319053e-10,21.6189987343912,20.0,ellipse,0.2,0.2,0.4,0.4,point_sigma,0.16493824442704488,2.0,0.8594898973500258,12.008819571093722,0.8246912221352244,4.04986233305018,639.4165842356983,0.25,1.0
40.0,FW6_YAW5,True,8.149810378293915e-09,8.939691088879755,10.0,ellipse,0.2,0.2,0.4,0.4,point_sigma,0.15640549732855002,2.0,0.672237069403322,52.369183120621656,0.7820274866427501,6.419147841466145,966.3528052832169,0.25,0.75
40.0,FW6_YAW5,True,7.681946808957281e-09,14.292858642029978,10.0,ellipse,0.2,0.2,0.4,0.4,point_sigma,0.1415149639577476,2.0,0.7640409865478581,22.650742095789177,0.7075748197887379,1.8666634187604452,1693.1265930320205,0.25,1.0
30.0,FW6_YAW5,True,-1.9087788816721854e-09,12.782164384621904,20.0,ellipse,0.2,0.2,0.4,0.4,point_sigma,0.20746450318620754,2.0,0.7838044891798552,31.955466650246713,1.0373225159310377,6.9970637513037435,696.5744857391289,0.25,0.75
30.0,FW6_YAW5,True,-2.9515587200914954e-10,24.25705407531221,20.0,ellipse,0.2,0.2,0.4,0.4,point_sigma,0.17812686876879785,2.0,0.8646070211962685,11.508611800131845,0.8906343438439892,3.139484955683277,844.1275718687938,0.25,1.0
40.0,FW6_YAW5,True,2.190122002269074e-09,9.765308226631923,10.0,ellipse,0.2,0.2,0.4,0.4,point_sigma,0.16968003585214625,2.0,0.6758614142203717,52.46995552534258,0.8484001792607312,4.400468885807815,1457.524605500565,0.25,0.75
40.0,FW6_YAW5,True,-1.5864924806608169e-09,16.292542187576558,10.0,ellipse,0.2,0.2,0.4,0.4,point_sigma,0.14637476514950712,2.0,0.7740246577138381,21.342594994781006,0.7318738257475356,0.8691344710698233,3529.0323708448086,0.25,1.0
30.0,FW6_YAW5,True,-2.5636940523803715e-10,10.845645710651086,20.0,ellipse,0.2,0.2,0.4,0.4,point_sigma,0.17669749851591254,2.0,0.7758506913901326,33.14848746300522,0.8834874925795627,10.610379243162733,399.4422169305349,0.25,0.75
30.0,FW6_YAW5,True,-3.396744934549296e-10,17.30617626664499,20.0,ellipse,0.2,0.2,0.4,0.4,point_sigma,0.16050731195041065,2.0,0.8358819190590354,15.00996715302365,0.8025365597520532,4.935451564888128,515.1742585571599,0.25,1.0
40.0,FW6_YAW5,True,3.0032753343507625e-09,8.421104967680822,10.0,ellipse,0.2,0.2,0.4,0.4,point_sigma,0.15134873411413674,2.0,0.6657330105082423,53.55776391512192,0.7567436705706837,7.858868027691427,788.293305281365,0.25,0.75
40.0,FW6_YAW5,True,-7.559772957116893e-10,11.943960400324908,10.0,ellipse,0.2,0.2,0.4,0.4,point_sigma,0.13686938667937595,2.0,0.7345883098919508,26.96208234807747,0.6843469333968797,2.9325527364458854,1154.3751981360008,0.25,1.0
30.0,FW6_YAW5,True,-7.604373875415056e-09,11.87503093988809,20.0,ellipse,0.2,0.2,0.4,0.4,point_sigma,0.19564848570819116,2.0,0.7780450168734,31.7416950836815,0.9782424285409558,9.067836613400596,498.7367004444059,0.25,0.75
30.0,FW6_YAW5,True,-2.551082357929698e-09,23.048328099634826,20.0,ellipse,0.2,0.2,0.4,0.4,point_sigma,0.1705799546286038,2.0,0.8611075125066682,11.290411774065767,0.852899773143019,3.6094591652883046,698.5573110839314,0.25,1.0
40.0,FW6_YAW5,True,1.2573829947190387e-08,9.099627351213813,10.0,ellipse,0.2,0.2,0.4,0.4,point_sigma,0.16311806904052983,2.0,0.6684182966742779,51.857197526699174,0.8155903452026492,5.972496291741989,1044.6153734777533,0.25,0.75
40.0,FW6_YAW5,True,9.512246299003024e-09,14.96331358760661,10.0,ellipse,0.2,0.2,0.4,0.4,point_sigma,0.14109335382715954,2.0,0.7660712414531533,21.63192326923007,0.7054667691357976,1.707027740282538,1764.6746476276796,0.25,1.0
30.0,FW6_YAW5,True,4.5767068672121493e-10,13.219949071228566,20.0,ellipse,0.2,0.2,0.4,0.4,point_sigma,0.22151555564135075,2.0,0.7760880497312767,32.08909800019519,1.1075777782067537,6.938662330726589,710.1073999798346,0.25,0.75
30.0,FW6_YAW5,True,-2.734344328398285e-09,27.578707851361028,20.0,ellipse,0.2,0.2,0.4,0.4,point_sigma,0.1867087055158051,2.0,0.8675188510233767,10.476027526324874,0.9335435275790255,2.6655483148530936,967.9770324024404,0.25,1.0
40.0,FW6_YAW5,True,-7.68527128373808e-09,9.98353020097043,10.0,ellipse,0.2,0.2,0.4,0.4,point_sigma,0.17778484294692115,2.0,0.6654627624891027,53.15059581150791,0.8889242147346057,4.474721780650928,1449.6946304001083,0.25,0.75
40.0,FW6_YAW5,True,-1.7182787638872575e-10,17.874785875800114,10.0,ellipse,0.2,0.2,0.4,0.4,point_sigma,0.15096086622315877,2.0,0.7763230616628953,20.06262767945154,0.7548043311157938,0.821635604916472,3584.7162870783063,0.25,1.0
30.0,FW6_YAW5,True,-2.0504829295340998e-09,14.106536962538856,20.0,ellipse,0.2,0.2,0.4,0.4,point_sigma,0.2055741526270581,2.0,0.8092547571716053,27.914141845783075,1.0278707631352906,4.4379807536390405,1159.4468996772923,0.25,0.75
30.0,FW6_YAW5,True,2.6583133675225674e-08,32.733718329006834,20.0,ellipse,0.2,0.2,0.4,0.4,point_sigma,0.16624595512077409,2.0,0.8918799192519965,8.075052604591576,0.8312297756038703,2.2069521957592584,1229.0774344302743,0.25,1.0
40.0,FW6_YAW5,True,-2.109858319466331e-09,10.493881266677123,10.0,ellipse,0.2,0.2,0.4,0.4,point_sigma,0.16358484141409324,2.0,0.7055161300204118,47.300563702964304,0.8179242070704662,1.8616874764667395,3261.586867008071,0.25,0.75
40.0,FW6_YAW5,True,-2.2435934875738385e-09,21.37690331037259,10.0,ellipse,0.2,0.2,0.4,0.4,point_sigma,0.13707838930672336,2.0,0.8151922188600935,15.477554202603292,0.6853919465336168,0.04757563868379133,57290.82998091784,0.25,1.0
30.0,FW6_YAW5,True,3.588102211820878e-09,12.339140130303297,20.0,ellipse,0.2,0.2,0.4,0.4,point_sigma,0.19848860639778992,2.0,0.7847691976984308,32.07618621358966,0.9924430319889496,8.27761752400164,541.2116945806958,0.25,0.75
30.0,FW6_YAW5,True,1.2822358489999945e-09,24.284622492906742,20.0,ellipse,0.2,0.2,0.4,0.4,point_sigma,0.17148050543938237,2.0,0.866475568011792,11.267708768543233,0.8574025271969118,3.3711072045058135,781.7177583369561,0.25,1.0
40.0,FW6_YAW5,True,-2.555320288015014e-08,9.402570256015684,10.0,ellipse,0.2,0.2,0.4,0.4,point_sigma,0.16444723291782581,2.0,0.675657207826803,52.92860570575999,0.8222361645891291,5.4820428315362335,1149.215375375997,0.25,0.75
40.0,FW6_YAW5,True,2.3130909927798277e-09,15.987752043404766,10.0,ellipse,0.2,0.2,0.4,0.4,point_sigma,0.14144988788355528,2.0,0.7749685256281156,21.347519620736424,0.7072494394177764,1.1978873512776036,2585.0218024640276,0.25,1.0
30.0,FW6_YAW5,True,-2.7372616921798575e-09,12.207236825621376,20.0,ellipse,0.2,0.2,0.4,0.4,point_sigma,0.19628007301786202,2.0,0.7809529435168332,31.455828342059963,0.9814003650893101,9.185884847529557,476.2199108067487,0.25,0.75
30.0,FW6_YAW5,True,-1.4188541501693153e-08,23.263882163656202,20.0,ellipse,0.2,0.2,0.4,0.4,point_sigma,0.17054431731347877,2.0,0.861803400029622,11.493294285910764,0.8527215865673938,3.6091845965176472,682.8128235843251,0.25,1.0
40.0,FW6_YAW5,True,-1.1086379939310344e-09,9.397006452241957,10.0,ellipse,0.2,0.2,0.4,0.4,point_sigma,0.16130543143333498,2.0,0.6719901990267118,51.25137274275403,0.8065271571666749,5.852383424718371,1051.2726303680704,0.25,0.75
40.0,FW6_YAW5,True,-2.2546427345372428e-09,15.786815185530585,10.0,ellipse,0.2,0.2,0.4,0.4,point_sigma,0.14336771182642752,2.0,0.7718858479220018,21.05595524018767,0.7168385591321376,1.335842452070302,2256.4229745903476,0.25,1.0
30.0,FW6_YAW5,True,-1.276541065842834e-09,4.5324450205108215,20.0,ellipse,0.2,0.2,0.8,0.8,lr_asym,0.31968910235846104,4.0,0.31283203098684265,138.68488239130835,1.598445511792305,29.52953215995684,479.95037818481666,0.0,0.75
30.0,FW6_YAW5,True,4.284127642064321e-11,5.316221408059276,20.0,ellipse,0.2,0.2,0.8,0.8,lr_asym,0.27770250500182647,4.0,0.36669757354770977,83.91670946392142,1.3885125250091324,15.72127221547971,579.3584004331751,0.0,1.0
40.0,FW6_YAW5,True,1.3965847411853117e-09,4.348296647587542,10.0,ellipse,0.2,0.2,0.8,0.8,lr_asym,0.22464521946094376,4.0,0.2691167814277412,170.05151565749566,1.1232260973047188,19.259106640706733,992.0757708849352,0.0,0.75
40.0,FW6_YAW5,True,-3.4294434220907516e-09,4.651977665240785,10.0,ellipse,0.2,0.2,0.8,0.8,lr_asym,0.19921007547257932,4.0,0.3072352793435153,111.01639748720308,0.9960503773628966,10.707114323057967,1192.6864263843304,0.0,1.0
30.0,FW6_YAW5,True,0.24933262788264704,4.53921321287364,20.0,ellipse,0.2,0.2,0.8400000000000001,0.76,lr_asym,0.32352681800794525,4.0,0.3149047734479521,138.3520427978215,1.6176340900397261,29.4391644048617,472.7916060812654,0.05,0.75
30.0,FW6_YAW5,True,0.22729740737499818,5.326145562344193,20.0,ellipse,0.2,0.2,0.8400000000000001,0.76,lr_asym,0.2792101563552416,4.0,0.3693780184696495,84.00826569480819,1.396050781776208,15.58017091993933,579.7336671539515,0.05,1.0
40.0,FW6_YAW5,True,0.5328561347566586,4.350119559214874,10.0,ellipse,0.2,0.2,0.8400000000000001,0.76,lr_asym,0.22588899796858383,4.0,0.27088448898457723,169.7896924024277,1.129444989842919,19.044086143453786,987.5432647181832,0.05,0.75
40.0,FW6_YAW5,True,0.24195520393904182,4.654205719406238,10.0,ellipse,0.2,0.2,0.8400000000000001,0.76,lr_asym,0.2006631945899321,4.0,0.3090588091731645,111.43117865708511,1.0033159729496604,10.660572429935373,1194.2854801971425,0.05,1.0
30.0,FW6_YAW5,True,0.5743272475113786,4.556305316223956,20.0,ellipse,0.2,0.2,0.8800000000000001,0.7200000000000001,lr_asym,0.32401431394613567,4.0,0.3215061571438632,136.92903270003163,1.6200715697306782,29.129197349387788,478.2270179600817,0.1,0.75
30.0,FW6_YAW5,True,0.45859847166353246,5.351800296973952,20.0,ellipse,0.2,0.2,0.8800000000000001,0.7200000000000001,lr_asym,0.2778374112450132,4.0,0.37716478969460854,83.2861027873658,1.3891870562250659,15.324320525584241,579.3440502343132,0.1,1.0
40.0,FW6_YAW5,True,0.9613399277282809,4.354430886641605,10.0,ellipse,0.2,0.2,0.8800000000000001,0.7200000000000001,lr_asym,0.22662011858066133,4.0,0.2755641689010048,168.59187418730102,1.1331005929033067,18.7669115788457,999.771281666345,0.1,0.75
40.0,FW6_YAW5,True,0.48566360210193454,4.661829116424203,10.0,ellipse,0.2,0.2,0.8800000000000001,0.7200000000000001,lr_asym,0.2015474853541345,4.0,0.3145880577728314,111.13958535709389,1.0077374267706725,10.530850447694203,1196.3801294293576,0.1,1.0
30.0,FW6_YAW5,True,1.4251593374452898,4.6115014233861675,20.0,ellipse,0.2,0.2,0.96,0.6400000000000001,lr_asym,0.31650298282668254,4.0,0.34940260782227145,130.87444201220848,1.5825149141334127,27.754179279002035,489.6333822532063,0.2,0.75
30.0,FW6_YAW5,True,0.9846494960316112,5.420678268981583,20.0,ellipse,0.2,0.2,0.96,0.6400000000000001,lr_asym,0.26986413699762196,4.0,0.40829721961631815,79.7012890474957,1.3493206849881096,14.728941634061698,585.7641206482903,0.2,1.0
40.0,FW6_YAW5,True,1.607610898580877,4.371314094648019,10.0,ellipse,0.2,0.2,0.96,0.6400000000000001,lr_asym,0.22854190160233248,4.0,0.29394775581763355,163.37825205314394,1.1427095080116623,18.118728100537627,1013.4667297786874,0.2,0.75
40.0,FW6_YAW5,True,0.9560626985098055,4.703317135856946,10.0,ellipse,0.2,0.2,0.96,0.6400000000000001,lr_asym,0.20113174962746067,4.0,0.3388139270976189,108.13462443491639,1.0056587481373032,9.960948236944834,1227.3736700122843,0.2,1.0
30.0,FW6_YAW5,True,2.732612800632349,4.698923097108695,20.0,ellipse,0.2,0.2,1.04,0.5599999999999999,lr_asym,0.3076977276838193,4.0,0.4009452938818245,119.68778080878698,1.5384886384190966,25.640879234557183,500.18501638074844,0.3,0.75
30.0,FW6_YAW5,True,1.606407893040726,5.453166310273583,20.0,ellipse,0.2,0.2,1.04,0.5599999999999999,lr_asym,0.2577260621480092,4.0,0.4608938072511727,73.74704918548464,1.2886303107400459,13.420136818657424,615.6537724277292,0.3,1.0
40.0,FW6_YAW5,True,2.1834987724566552,4.3952596886397215,10.0,ellipse,0.2,0.2,1.04,0.5599999999999999,lr_asym,0.22672921771363896,4.0,0.3309109389881448,153.79367365880205,1.1336460885681947,17.484887408634652,1004.5242837059856,0.3,0.75
40.0,FW6_YAW5,True,1.5086426312510883,4.752710797527102,10.0,ellipse,0.2,0.2,1.04,0.5599999999999999,lr_asym,0.19746156691851058,4.0,0.3821031503720517,102.07895845330272,0.9873078345925529,9.086322877795082,1282.504660278273,0.3,1.0
30.0,FW6_YAW5,True,1.427964888811301e-09,4.532445020593526,20.0,ellipse,0.1,0.2,0.8,0.8,fb_ratio,0.31968910235846104,4.0,0.3128320309767657,138.68488239372186,1.598445511792305,29.52953215965385,479.9503781375677,0.5,0.75
30.0,FW6_YAW5,True,1.5053052442924438e-09,5.316221406566244,20.0,ellipse,0.1,0.2,0.8,0.8,fb_ratio,0.2777025050018264,4.0,0.36669757353794935,83.91670946575034,1.388512525009132,15.721272204819414,579.3584006471514,0.5,1.0
40.0,FW6_YAW5,True,7.207995657960325e-10,4.348296647582144,10.0,ellipse,0.1,0.2,0.8,0.8,fb_ratio,0.2246452194609435,4.0,0.2691167814295065,170.05151565685398,1.1232260973047175,19.259106638219585,992.0757709217773,0.5,0.75
40.0,FW6_YAW5,True,-9.410694368578576e-09,4.6519776672113755,10.0,ellipse,0.1,0.2,0.8,0.8,fb_ratio,0.1992100754725791,4.0,0.307235279345913,111.01639748879934,0.9960503773628955,10.707114317091973,1192.6864270467768,0.5,1.0
30.0,FW6_YAW5,True,-8.138172728714441e-10,4.532445020511628,20.0,ellipse,0.16000000000000003,0.2,0.8,0.8,fb_ratio,0.31968910235846104,4.0,0.31283203098471885,138.68488239191012,1.598445511792305,29.52953216045074,479.95037817730923,0.8,0.75
30.0,FW6_YAW5,True,1.1704043658450558e-11,5.316221408060131,20.0,ellipse,0.16000000000000003,0.2,0.8,0.8,fb_ratio,0.2777025050018263,4.0,0.366697573546948,83.91670946410024,1.3885125250091315,15.721272208738448,579.3584005468638,0.8,1.0
40.0,FW6_YAW5,True,7.227142597142734e-10,4.3482966475820515,10.0,ellipse,0.16000000000000003,0.2,0.8,0.8,fb_ratio,0.2246452194609409,4.0,0.2691167814294992,170.05151565685702,1.1232260973047044,19.259106639343393,992.0757709174617,0.8,0.75
40.0,FW6_YAW5,True,-9.445731358949577e-09,4.651977661305222,10.0,ellipse,0.16000000000000003,0.2,0.8,0.8,fb_ratio,0.19921007547257932,4.0,0.30723527933139316,111.01639749921976,0.9960503773628966,10.707114317057938,1192.686427050542,0.8,1.0
30.0,FW6_YAW5,True,-1.276541065842834e-09,4.5324450205108215,20.0,ellipse,0.2,0.2,0.8,0.8,fb_ratio,0.31968910235846104,4.0,0.31283203098684265,138.68488239130835,1.598445511792305,29.52953215995684,479.95037818481666,1.0,0.75
30.0,FW6_YAW5,True,4.284127642064321e-11,5.316221408059276,20.0,ellipse,0.2,0.2,0.8,0.8,fb_ratio,0.27770250500182647,4.0,0.36669757354770977,83.91670946392142,1.3885125250091324,15.72127221547971,579.3584004331751,1.0,1.0
40.0,FW6_YAW5,True,1.3965847411853117e-09,4.348296647587542,10.0,ellipse,0.2,0.2,0.8,0.8,fb_ratio,0.22464521946094376,4.0,0.2691167814277412,170.05151565749566,1.1232260973047188,19.259106640706733,992.0757708849352,1.0,0.75
40.0,FW6_YAW5,True,-3.4294434220907516e-09,4.651977665240785,10.0,ellipse,0.2,0.2,0.8,0.8,fb_ratio,0.19921007547257932,4.0,0.3072352793435153,111.01639748720308,0.9960503773628966,10.707114323057967,1192.6864263843304,1.0,1.0
30.0,FW6_YAW5,True,-1.2491501289260703e-09,4.532445020509288,20.0,ellipse,0.30000000000000004,0.2,0.8,0.8,fb_ratio,0.31968910235846104,4.0,0.3128320309867754,138.68488239132714,1.598445511792305,29.529532156125182,479.950378184115,1.5,0.75
30.0,FW6_YAW5,True,2.567940092880125e-11,5.316221408817911,20.0,ellipse,0.30000000000000004,0.2,0.8,0.8,fb_ratio,0.27770250500182636,4.0,0.3666975735458573,83.91670946407847,1.3885125250091317,15.72127221250834,579.3584004224907,1.5,1.0
40.0,FW6_YAW5,True,7.630691375126825e-10,4.348296647580597,10.0,ellipse,0.30000000000000004,0.2,0.8,0.8,fb_ratio,0.22464521946094146,4.0,0.2691167814293564,170.05151565691628,1.1232260973047072,19.2591066381682,992.0757709127372,1.5,0.75
40.0,FW6_YAW5,True,-3.519395869591903e-09,4.651977665326051,10.0,ellipse,0.30000000000000004,0.2,0.8,0.8,fb_ratio,0.19921007547257932,4.0,0.30723527934203754,111.0163974876004,0.9960503773628966,10.707114322979923,1192.6864263927823,1.5,1.0
30.0,FW6_YAW5,True,-1.260876038897956e-09,4.532445020514657,20.0,ellipse,0.6000000000000001,0.2,0.8,0.8,fb_ratio,0.3196891023584608,4.0,0.3128320309869843,138.68488239123803,1.598445511792304,29.529532160374764,479.95037817767053,3.0,0.75
30.0,FW6_YAW5,True,3.3467000993444727e-09,5.316221407207409,20.0,ellipse,0.6000000000000001,0.2,0.8,0.8,fb_ratio,0.2777025050018263,4.0,0.3666975735419404,83.9167094644565,1.3885125250091315,15.721272183710502,579.3584004408863,3.0,1.0
40.0,FW6_YAW5,True,2.0552912921015363e-08,4.348296646534597,10.0,ellipse,0.6000000000000001,0.2,0.8,0.8,fb_ratio,0.22464521946094135,4.0,0.26911678134996964,170.05151569111842,1.1232260973047066,19.259106618352973,992.0757699958875,3.0,0.75
40.0,FW6_YAW5,True,-3.854658138564972e-09,4.651977665320206,10.0,ellipse,0.6000000000000001,0.2,0.8,0.8,fb_ratio,0.19921007547257932,4.0,0.3072352793208617,111.01639749514824,0.9960503773628966,10.707114320161027,1192.6864267289895,3.0,1.0
30.0,FW6_YAW5,True,-1.276541065842834e-09,4.5324450205108215,20.0,ellipse,0.2,0.2,0.8,0.8,point_sigma,0.31968910235846104,4.0,0.31283203098684265,138.68488239130835,1.598445511792305,29.52953215995684,479.95037818481666,0.0,0.75
30.0,FW6_YAW5,True,4.284127642064321e-11,5.316221408059276,20.0,ellipse,0.2,0.2,0.8,0.8,point_sigma,0.27770250500182647,4.0,0.36669757354770977,83.91670946392142,1.3885125250091324,15.72127221547971,579.3584004331751,0.0,1.0
40.0,FW6_YAW5,True,1.3965847411853117e-09,4.348296647587542,10.0,ellipse,0.2,0.2,0.8,0.8,point_sigma,0.22464521946094376,4.0,0.2691167814277412,170.05151565749566,1.1232260973047188,19.259106640706733,992.0757708849352,0.0,0.75
40.0,FW6_YAW5,True,-3.4294434220907516e-09,4.651977665240785,10.0,ellipse,0.2,0.2,0.8,0.8,point_sigma,0.19921007547257932,4.0,0.3072352793435153,111.01639748720308,0.9960503773628966,10.707114323057967,1192.6864263843304,0.0,1.0
30.0,FW6_YAW5,True,-1.276541065842834e-09,4.5324450205108215,20.0,ellipse,0.2,0.2,0.8,0.8,point_sigma,0.31968910235846104,4.0,0.31283203098684265,138.68488239130835,1.598445511792305,29.52953215995684,479.95037818481666,0.0,0.75
30.0,FW6_YAW5,True,4.284127642064321e-11,5.316221408059276,20.0,ellipse,0.2,0.2,0.8,0.8,point_sigma,0.27770250500182647,4.0,0.36669757354770977,83.91670946392142,1.3885125250091324,15.72127221547971,579.3584004331751,0.0,1.0
40.0,FW6_YAW5,True,1.3965847411853117e-09,4.348296647587542,10.0,ellipse,0.2,0.2,0.8,0.8,point_sigma,0.22464521946094376,4.0,0.2691167814277412,170.05151565749566,1.1232260973047188,19.259106640706733,992.0757708849352,0.0,0.75
40.0,FW6_YAW5,True,-3.4294434220907516e-09,4.651977665240785,10.0,ellipse,0.2,0.2,0.8,0.8,point_sigma,0.19921007547257932,4.0,0.3072352793435153,111.01639748720308,0.9960503773628966,10.707114323057967,1192.6864263843304,0.0,1.0
30.0,FW6_YAW5,True,-1.276541065842834e-09,4.5324450205108215,20.0,ellipse,0.2,0.2,0.8,0.8,point_sigma,0.31968910235846104,4.0,0.31283203098684265,138.68488239130835,1.598445511792305,29.52953215995684,479.95037818481666,0.0,0.75
30.0,FW6_YAW5,True,4.284127642064321e-11,5.316221408059276,20.0,ellipse,0.2,0.2,0.8,0.8,point_sigma,0.27770250500182647,4.0,0.36669757354770977,83.91670946392142,1.3885125250091324,15.72127221547971,579.3584004331751,0.0,1.0
40.0,FW6_YAW5,True,1.3965847411853117e-09,4.348296647587542,10.0,ellipse,0.2,0.2,0.8,0.8,point_sigma,0.22464521946094376,4.0,0.2691167814277412,170.05151565749566,1.1232260973047188,19.259106640706733,992.0757708849352,0.0,0.75
40.0,FW6_YAW5,True,-3.4294434220907516e-09,4.651977665240785,10.0,ellipse,0.2,0.2,0.8,0.8,point_sigma,0.19921007547257932,4.0,0.3072352793435153,111.01639748720308,0.9960503773628966,10.707114323057967,1192.6864263843304,0.0,1.0
30.0,FW6_YAW5,True,-1.276541065842834e-09,4.5324450205108215,20.0,ellipse,0.2,0.2,0.8,0.8,point_sigma,0.31968910235846104,4.0,0.31283203098684265,138.68488239130835,1.598445511792305,29.52953215995684,479.95037818481666,0.0,0.75
30.0,FW6_YAW5,True,4.284127642064321e-11,5.316221408059276,20.0,ellipse,0.2,0.2,0.8,0.8,point_sigma,0.27770250500182647,4.0,0.36669757354770977,83.91670946392142,1.3885125250091324,15.72127221547971,579.3584004331751,0.0,1.0
40.0,FW6_YAW5,True,1.3965847411853117e-09,4.348296647587542,10.0,ellipse,0.2,0.2,0.8,0.8,point_sigma,0.22464521946094376,4.0,0.2691167814277412,170.05151565749566,1.1232260973047188,19.259106640706733,992.0757708849352,0.0,0.75
40.0,FW6_YAW5,True,-3.4294434220907516e-09,4.651977665240785,10.0,ellipse,0.2,0.2,0.8,0.8,point_sigma,0.19921007547257932,4.0,0.3072352793435153,111.01639748720308,0.9960503773628966,10.707114323057967,1192.6864263843304,0.0,1.0
30.0,FW6_YAW5,True,-1.276541065842834e-09,4.5324450205108215,20.0,ellipse,0.2,0.2,0.8,0.8,point_sigma,0.31968910235846104,4.0,0.31283203098684265,138.68488239130835,1.598445511792305,29.52953215995684,479.95037818481666,0.0,0.75
30.0,FW6_YAW5,True,4.284127642064321e-11,5.316221408059276,20.0,ellipse,0.2,0.2,0.8,0.8,point_sigma,0.27770250500182647,4.0,0.36669757354770977,83.91670946392142,1.3885125250091324,15.72127221547971,579.3584004331751,0.0,1.0
40.0,FW6_YAW5,True,1.3965847411853117e-09,4.348296647587542,10.0,ellipse,0.2,0.2,0.8,0.8,point_sigma,0.22464521946094376,4.0,0.2691167814277412,170.05151565749566,1.1232260973047188,19.259106640706733,992.0757708849352,0.0,0.75
40.0,FW6_YAW5,True,-3.4294434220907516e-09,4.651977665240785,10.0,ellipse,0.2,0.2,0.8,0.8,point_sigma,0.19921007547257932,4.0,0.3072352793435153,111.01639748720308,0.9960503773628966,10.707114323057967,1192.6864263843304,0.0,1.0
30.0,FW6_YAW5,True,-1.276541065842834e-09,4.5324450205108215,20.0,ellipse,0.2,0.2,0.8,0.8,point_sigma,0.31968910235846104,4.0,0.31283203098684265,138.68488239130835,1.598445511792305,29.52953215995684,479.95037818481666,0.0,0.75
30.0,FW6_YAW5,True,4.284127642064321e-11,5.316221408059276,20.0,ellipse,0.2,0.2,0.8,0.8,point_sigma,0.27770250500182647,4.0,0.36669757354770977,83.91670946392142,1.3885125250091324,15.72127221547971,579.3584004331751,0.0,1.0
40.0,FW6_YAW5,True,1.3965847411853117e-09,4.348296647587542,10.0,ellipse,0.2,0.2,0.8,0.8,point_sigma,0.22464521946094376,4.0,0.2691167814277412,170.05151565749566,1.1232260973047188,19.259106640706733,992.0757708849352,0.0,0.75
40.0,FW6_YAW5,True,-3.4294434220907516e-09,4.651977665240785,10.0,ellipse,0.2,0.2,0.8,0.8,point_sigma,0.19921007547257932,4.0,0.3072352793435153,111.01639748720308,0.9960503773628966,10.707114323057967,1192.6864263843304,0.0,1.0
30.0,FW6_YAW5,True,-1.276541065842834e-09,4.5324450205108215,20.0,ellipse,0.2,0.2,0.8,0.8,point_sigma,0.31968910235846104,4.0,0.31283203098684265,138.68488239130835,1.598445511792305,29.52953215995684,479.95037818481666,0.0,0.75
30.0,FW6_YAW5,True,4.284127642064321e-11,5.316221408059276,20.0,ellipse,0.2,0.2,0.8,0.8,point_sigma,0.27770250500182647,4.0,0.36669757354770977,83.91670946392142,1.3885125250091324,15.72127221547971,579.3584004331751,0.0,1.0
40.0,FW6_YAW5,True,1.3965847411853117e-09,4.348296647587542,10.0,ellipse,0.2,0.2,0.8,0.8,point_sigma,0.22464521946094376,4.0,0.2691167814277412,170.05151565749566,1.1232260973047188,19.259106640706733,992.0757708849352,0.0,0.75
40.0,FW6_YAW5,True,-3.4294434220907516e-09,4.651977665240785,10.0,ellipse,0.2,0.2,0.8,0.8,point_sigma,0.19921007547257932,4.0,0.3072352793435153,111.01639748720308,0.9960503773628966,10.707114323057967,1192.6864263843304,0.0,1.0
30.0,FW6_YAW5,True,-1.276541065842834e-09,4.5324450205108215,20.0,ellipse,0.2,0.2,0.8,0.8,point_sigma,0.31968910235846104,4.0,0.31283203098684265,138.68488239130835,1.598445511792305,29.52953215995684,479.95037818481666,0.0,0.75
30.0,FW6_YAW5,True,4.284127642064321e-11,5.316221408059276,20.0,ellipse,0.2,0.2,0.8,0.8,point_sigma,0.27770250500182647,4.0,0.36669757354770977,83.91670946392142,1.3885125250091324,15.72127221547971,579.3584004331751,0.0,1.0
40.0,FW6_YAW5,True,1.3965847411853117e-09,4.348296647587542,10.0,ellipse,0.2,0.2,0.8,0.8,point_sigma,0.22464521946094376,4.0,0.2691167814277412,170.05151565749566,1.1232260973047188,19.259106640706733,992.0757708849352,0.0,0.75
40.0,FW6_YAW5,True,-3.4294434220907516e-09,4.651977665240785,10.0,ellipse,0.2,0.2,0.8,0.8,point_sigma,0.19921007547257932,4.0,0.3072352793435153,111.01639748720308,0.9960503773628966,10.707114323057967,1192.6864263843304,0.0,1.0
30.0,FW6_YAW5,True,-1.276541065842834e-09,4.5324450205108215,20.0,ellipse,0.2,0.2,0.8,0.8,point_sigma,0.31968910235846104,4.0,0.31283203098684265,138.68488239130835,1.598445511792305,29.52953215995684,479.95037818481666,0.0,0.75
30.0,FW6_YAW5,True,4.284127642064321e-11,5.316221408059276,20.0,ellipse,0.2,0.2,0.8,0.8,point_sigma,0.27770250500182647,4.0,0.36669757354770977,83.91670946392142,1.3885125250091324,15.72127221547971,579.3584004331751,0.0,1.0
40.0,FW6_YAW5,True,1.3965847411853117e-09,4.348296647587542,10.0,ellipse,0.2,0.2,0.8,0.8,point_sigma,0.22464521946094376,4.0,0.2691167814277412,170.05151565749566,1.1232260973047188,19.259106640706733,992.0757708849352,0.0,0.75
40.0,FW6_YAW5,True,-3.4294434220907516e-09,4.651977665240785,10.0,ellipse,0.2,0.2,0.8,0.8,point_sigma,0.19921007547257932,4.0,0.3072352793435153,111.01639748720308,0.9960503773628966,10.707114323057967,1192.6864263843304,0.0,1.0
30.0,FW6_YAW5,True,-1.276541065842834e-09,4.5324450205108215,20.0,ellipse,0.2,0.2,0.8,0.8,point_sigma,0.31968910235846104,4.0,0.31283203098684265,138.68488239130835,1.598445511792305,29.52953215995684,479.95037818481666,0.0,0.75
30.0,FW6_YAW5,True,4.284127642064321e-11,5.316221408059276,20.0,ellipse,0.2,0.2,0.8,0.8,point_sigma,0.27770250500182647,4.0,0.36669757354770977,83.91670946392142,1.3885125250091324,15.72127221547971,579.3584004331751,0.0,1.0
40.0,FW6_YAW5,True,1.3965847411853117e-09,4.348296647587542,10.0,ellipse,0.2,0.2,0.8,0.8,point_sigma,0.22464521946094376,4.0,0.2691167814277412,170.05151565749566,1.1232260973047188,19.259106640706733,992.0757708849352,0.0,0.75
40.0,FW6_YAW5,True,-3.4294434220907516e-09,4.651977665240785,10.0,ellipse,0.2,0.2,0.8,0.8,point_sigma,0.19921007547257932,4.0,0.3072352793435153,111.01639748720308,0.9960503773628966,10.707114323057967,1192.6864263843304,0.0,1.0
30.0,FW6_YAW5,True,-1.276541065842834e-09,4.5324450205108215,20.0,ellipse,0.2,0.2,0.8,0.8,point_sigma,0.31968910235846104,4.0,0.31283203098684265,138.68488239130835,1.598445511792305,29.52953215995684,479.95037818481666,0.0,0.75
30.0,FW6_YAW5,True,4.284127642064321e-11,5.316221408059276,20.0,ellipse,0.2,0.2,0.8,0.8,point_sigma,0.27770250500182647,4.0,0.36669757354770977,83.91670946392142,1.3885125250091324,15.72127221547971,579.3584004331751,0.0,1.0
40.0,FW6_YAW5,True,1.3965847411853117e-09,4.348296647587542,10.0,ellipse,0.2,0.2,0.8,0.8,point_sigma,0.22464521946094376,4.0,0.2691167814277412,170.05151565749566,1.1232260973047188,19.259106640706733,992.0757708849352,0.0,0.75
40.0,FW6_YAW5,True,-3.4294434220907516e-09,4.651977665240785,10.0,ellipse,0.2,0.2,0.8,0.8,point_sigma,0.19921007547257932,4.0,0.3072352793435153,111.01639748720308,0.9960503773628966,10.707114323057967,1192.6864263843304,0.0,1.0
30.0,FW6_YAW5,True,-1.276541065842834e-09,4.5324450205108215,20.0,ellipse,0.2,0.2,0.8,0.8,point_sigma,0.31968910235846104,4.0,0.31283203098684265,138.68488239130835,1.598445511792305,29.52953215995684,479.95037818481666,0.0,0.75
30.0,FW6_YAW5,True,4.284127642064321e-11,5.316221408059276,20.0,ellipse,0.2,0.2,0.8,0.8,point_sigma,0.27770250500182647,4.0,0.36669757354770977,83.91670946392142,1.3885125250091324,15.72127221547971,579.3584004331751,0.0,1.0
40.0,FW6_YAW5,True,1.3965847411853117e-09,4.348296647587542,10.0,ellipse,0.2,0.2,0.8,0.8,point_sigma,0.22464521946094376,4.0,0.2691167814277412,170.05151565749566,1.1232260973047188,19.259106640706733,992.0757708849352,0.0,0.75
40.0,FW6_YAW5,True,-3.4294434220907516e-09,4.651977665240785,10.0,ellipse,0.2,0.2,0.8,0.8,point_sigma,0.19921007547257932,4.0,0.3072352793435153,111.01639748720308,0.9960503773628966,10.707114323057967,1192.6864263843304,0.0,1.0
30.0,FW6_YAW5,True,-3.415828262638077e-09,4.615299555875526,20.0,ellipse,0.2,0.2,0.8,0.8,point_sigma,0.324525332663843,4.0,0.3129340447366662,138.8739015313633,1.6226266633192148,29.248113825424046,485.0378417485726,0.05,0.75
30.0,FW6_YAW5,True,-8.676044282283439e-10,5.415832634179271,20.0,ellipse,0.2,0.2,0.8,0.8,point_sigma,0.2813812643561968,4.0,0.3670869933833026,83.88348757344012,1.406906321780984,15.548774412067711,587.3141518145868,0.05,1.0
40.0,FW6_YAW5,True,4.6746560243211705e-09,4.427008244879465,10.0,ellipse,0.2,0.2,0.8,0.8,point_sigma,0.22626370319829783,4.0,0.2692717995496817,170.2269083386898,1.1313185159914891,19.055218646711623,1003.3217618435212,0.05,0.75
40.0,FW6_YAW5,True,9.69539615491909e-10,4.740715362424723,10.0,ellipse,0.2,0.2,0.8,0.8,point_sigma,0.20210930882627853,4.0,0.30813919365929715,110.81230948395645,1.0105465441313926,10.58431226232189,1205.3703891236692,0.05,1.0
30.0,FW6_YAW5,True,-1.691194750497255e-09,4.541185123063403,20.0,ellipse,0.2,0.2,0.8,0.8,point_sigma,0.3168822370742279,4.0,0.31624701507158004,137.42522359971298,1.5844111853711396,29.412886289444145,480.1415495519409,0.05,0.75
30.0,FW6_YAW5,True,3.025808769130261e-10,5.32659408904564,20.0,ellipse,0.2,0.2,0.8,0.8,point_sigma,0.2756575557370197,4.0,0.36919769570968985,83.36427205966123,1.3782877786850984,15.739520110304902,576.9581493688524,0.05,1.0
40.0,FW6_YAW5,True,-2.502228242883748e-09,4.351733933446992,10.0,ellipse,0.2,0.2,0.8,0.8,point_sigma,0.22367493356791326,4.0,0.27212339528443785,168.73948947737853,1.1183746678395663,19.210783008478376,988.8590301003978,0.05,0.75
40.0,FW6_YAW5,True,5.724608808685851e-10,4.657736627733035,10.0,ellipse,0.2,0.2,0.8,0.8,point_sigma,0.19734678535086625,4.0,0.30907087641667597,110.44066137798407,0.9867339267543312,10.688399788883487,1189.378814424649,0.05,1.0
30.0,FW6_YAW5,True,2.9610646028957197e-10,4.587581808156484,20.0,ellipse,0.2,0.2,0.8,0.8,point_sigma,0.32174750915661715,4.0,0.3162236683380245,137.22360622297603,1.6087375457830857,29.368717445559636,479.1009094647325,0.05,0.75
30.0,FW6_YAW5,True,1.1254392740358654e-10,5.4322319005194375,20.0,ellipse,0.2,0.2,0.8,0.8,point_sigma,0.27993296592325323,4.0,0.37355419315507843,82.29878623383448,1.3996648296162661,15.480467458752871,579.162135621118,0.05,1.0
40.0,FW6_YAW5,True,-2.0479313295408956e-09,4.384526638969142,10.0,ellipse,0.2,0.2,0.8,0.8,point_sigma,0.22900334493410515,4.0,0.27113976535949863,169.0007117085526,1.1450167246705256,19.188571757306434,990.7648956288407,0.05,0.75
40.0,FW6_YAW5,True,-6.091259176671613e-09,4.721190496028616,10.0,ellipse,0.2,0.2,0.8,0.8,point_sigma,0.2006605550847572,4.0,0.31080287642671917,109.78614992296866,1.003302775423786,10.583528047083277,1193.6960480416315,0.05,1.0
30.0,FW6_YAW5,True,1.0580425251969831e-09,4.524554377481041,20.0,ellipse,0.2,0.2,0.8,0.8,point_sigma,0.32063849353066554,4.0,0.3125043012083539,138.62231652052924,1.6031924676533276,29.77195272212981,476.4077136219105,0.05,0.75
30.0,FW6_YAW5,True,2.1321365147326423e-10,5.296714590612404,20.0,ellipse,0.2,0.2,0.8,0.8,point_sigma,0.2796857660266832,4.0,0.36597740709647325,84.01723301430752,1.398428830133416,15.912391369289862,573.2937899767079,0.05,1.0
40.0,FW6_YAW5,True,4.547636597423573e-10,4.335812693503699,10.0,ellipse,0.2,0.2,0.8,0.8,point_sigma,0.22686175767175998,4.0,0.26901470344564676,169.99257711119205,1.1343087883588,19.35996743003436,987.1112190994381,0.05,0.75
40.0,FW6_YAW5,True,-5.822363156820632e-09,4.630799408998532,10.0,ellipse,0.2,0.2,0.8,0.8,point_sigma,0.19962374763240287,4.0,0.3067061688976851,111.11973853598816,0.9981187381620144,10.783159224435398,1185.63079630814,0.05,1.0
30.0,FW6_YAW5,True,1.480015461312122e-10,4.507285544541713,20.0,ellipse,0.2,0.2,0.8,0.8,point_sigma,0.3178946108894063,4.0,0.31424780004617187,138.2306086634715,1.5894730544470315,29.558072315714494,477.28245612174527,0.05,0.75
30.0,FW6_YAW5,True,-3.177980420018207e-09,5.272398699225792,20.0,ellipse,0.2,0.2,0.8,0.8,point_sigma,0.2756308232831641,4.0,0.366789195689984,83.92080805182351,1.3781541164158202,15.790017212845088,574.3583704086944,0.05,1.0
40.0,FW6_YAW5,True,-1.030946584726925e-09,4.327426133011933,10.0,ellipse,0.2,0.2,0.8,0.8,point_sigma,0.22393634690888503,4.0,0.2706911839878764,169.41196097389795,1.119681734544425,19.34967256803564,983.7693919852962,0.05,0.75
40.0,FW6_YAW5,True,8.488486972717536e-10,4.6193597537754965,10.0,ellipse,0.2,0.2,0.8,0.8,point_sigma,0.19748156929314592,4.0,0.30782178528210175,110.88008144588547,0.9874078464657295,10.768738170745655,1183.4063796297917,0.05,1.0
30.0,FW6_YAW5,True,-1.6768957717880655e-09,4.559852197943392,20.0,ellipse,0.2,0.2,0.8,0.8,point_sigma,0.3217458189928136,4.0,0.31350852782339794,138.3664210729433,1.608729094964068,29.39712457062972,483.1150150145835,0.05,0.75
30.0,FW6_YAW5,True,-4.0955803848538115e-10,5.35748065523917,20.0,ellipse,0.2,0.2,0.8,0.8,point_sigma,0.2782796509087849,4.0,0.36815993101660605,83.5344213453651,1.3913982545439245,15.686055199413397,580.8710041580202,0.05,1.0
40.0,FW6_YAW5,True,3.6936624362826408e-09,4.370611302326516,10.0,ellipse,0.2,0.2,0.8,0.8,point_sigma,0.22558395886408206,4.0,0.2697999696931001,169.73666540519312,1.1279197943204102,19.1750337853183,995.3933749071256,0.05,0.75
40.0,FW6_YAW5,True,9.755588152265787e-10,4.681217665017116,10.0,ellipse,0.2,0.2,0.8,0.8,point_sigma,0.199984796337714,4.0,0.3083171520274459,110.62310582462642,0.9999239816885699,10.66180752218398,1194.5510686543748,0.05,1.0
30.0,FW6_YAW5,True,4.557513014848188e-09,4.453017559053309,20.0,ellipse,0.2,0.2,0.8,0.8,point_sigma,0.3168614412675245,4.0,0.3106088822226714,139.4709567413359,1.5843072063376225,29.910797691434198,475.69307885221457,0.05,0.75
30.0,FW6_YAW5,True,3.789054427427765e-10,5.1925692620924675,20.0,ellipse,0.2,0.2,0.8,0.8,point_sigma,0.2770499794469826,4.0,0.3616276147647385,85.10314827049116,1.385249897234913,16.08955481979932,571.2025789404175,0.05,1.0
40.0,FW6_YAW5,True,7.945780976032712e-10,4.279518681119186,10.0,ellipse,0.2,0.2,0.8,0.8,point_sigma,0.2244521742970779,4.0,0.2678413185072229,170.58313045139943,1.1222608714853894,19.42960853881586,986.8814013551604,0.05,0.75
40.0,FW6_YAW5,True,-4.040249865337731e-09,4.56381782094923,10.0,ellipse,0.2,0.2,0.8,0.8,point_sigma,0.19841962023482818,4.0,0.3040892777959385,112.0337549256218,0.9920981011741409,10.89966347034369,1181.798013117816,0.05,1.0
30.0,FW6_YAW5,True,2.679283360891459e-10,4.537381019255233,20.0,ellipse,0.2,0.2,0.8,0.8,point_sigma,0.3207721241625501,4.0,0.31242241845296337,138.7747086353133,1.6038606208127504,29.837416372616193,475.1849718382193,0.05,0.75
30.0,FW6_YAW5,True,9.783346443248259e-11,5.2927953769044525,20.0,ellipse,0.2,0.2,0.8,0.8,point_sigma,0.2812592428647111,4.0,0.3628193028688279,84.81251509116477,1.4062962143235553,16.095884397080336,569.2729389248118,0.05,1.0
40.0,FW6_YAW5,True,4.955733568602157e-10,4.36278845816771,10.0,ellipse,0.2,0.2,0.8,0.8,point_sigma,0.22768798969220044,4.0,0.2699547560799101,169.61413819179646,1.1384399484610022,19.32462211156259,987.5703559444581,0.05,0.75
40.0,FW6_YAW5,True,-7.745004486071977e-09,4.659004004864078,10.0,ellipse,0.2,0.2,0.8,0.8,point_sigma,0.20099840886833056,4.0,0.30573453733923517,111.5015311816456,1.0049920443416527,10.855291872346505,1181.2256372724935,0.05,1.0
30.0,FW6_YAW5,True,-9.947327891237814e-10,4.577676341538668,20.0,ellipse,0.2,0.2,0.8,0.8,point_sigma,0.3232480450917596,4.0,0.3143251664929508,138.13202687410222,1.6162402254587978,29.634131495643693,477.10349391530553,0.05,0.75
30.0,FW6_YAW5,True,-1.5573904053254256e-10,5.361832640898228,20.0,ellipse,0.2,0.2,0.8,0.8,point_sigma,0.2793217310217268,4.0,0.36785196800401165,83.5926826493859,1.3966086551086339,15.771186727175799,576.065234513061,0.05,1.0
40.0,FW6_YAW5,True,2.2823374144260863e-09,4.390995946902029,10.0,ellipse,0.2,0.2,0.8,0.8,point_sigma,0.22731318892634583,4.0,0.2703075410503033,169.52541917575223,1.136565944631729,19.390858814593297,982.6811958548845,0.05,0.75
40.0,FW6_YAW5,True,1.24517205015823e-09,4.6884355049538815,10.0,ellipse,0.2,0.2,0.8,0.8,point_sigma,0.20004676901492308,4.0,0.30822097267977444,110.6099645556057,1.0002338450746153,10.733498851938528,1185.7903518004039,0.05,1.0
30.0,FW6_YAW5,True,2.8868145538569534e-10,4.525856967538808,20.0,ellipse,0.2,0.2,0.8,0.8,point_sigma,0.31445940724785526,4.0,0.317068461688624,137.182475239934,1.5722970362392763,29.56879485025758,474.397057193334,0.05,0.75
30.0,FW6_YAW5,True,1.7295776843931567e-10,5.30988396856499,20.0,ellipse,0.2,0.2,0.8,0.8,point_sigma,0.2737345514105019,4.0,0.370389945017458,83.14373254030912,1.3686727570525095,15.723186398533231,574.15028992763,0.05,1.0
40.0,FW6_YAW5,True,4.2172246743397356e-10,4.335097349706252,10.0,ellipse,0.2,0.2,0.8,0.8,point_sigma,0.22134307892817917,4.0,0.27223724795645127,168.70197081596717,1.1067153946408959,19.35343532336935,980.0134927133929,0.05,0.75
40.0,FW6_YAW5,True,7.765690018581545e-10,4.637025139027331,10.0,ellipse,0.2,0.2,0.8,0.8,point_sigma,0.19707206770721902,4.0,0.3094267770381658,110.39379915092307,0.9853603385360951,10.722103808181624,1184.3196506927295,0.05,1.0
30.0,FW6_YAW5,True,9.487324267657746e-10,4.5636276336152966,20.0,ellipse,0.2,0.2,0.8,0.8,point_sigma,0.3228962176486674,4.0,0.3118211732069073,139.00071104096696,1.614481088243337,29.507675985399832,482.2006532546434,0.05,0.75
30.0,FW6_YAW5,True,1.1232180541601984e-09,5.358915743912974,20.0,ellipse,0.2,0.2,0.8,0.8,point_sigma,0.2812206897991484,4.0,0.36570148208289627,84.1151131581213,1.4061034489957418,15.730021622027655,580.6897247883772,0.05,1.0
40.0,FW6_YAW5,True,-6.654388310104784e-10,4.382583924105447,10.0,ellipse,0.2,0.2,0.8,0.8,point_sigma,0.22764402316939714,4.0,0.2686160828130797,170.21811103204254,1.1382201158469856,19.223436767369577,995.5261915883395,0.05,0.75
40.0,FW6_YAW5,True,-5.3850098534046065e-09,4.694359070639886,10.0,ellipse,0.2,0.2,0.8,0.8,point_sigma,0.20139604198471497,4.0,0.30661033193288184,111.17602756330173,1.0069802099235747,10.703755203174508,1194.7723003822582,0.05,1.0
30.0,FW6_YAW5,True,-2.0404848558929193e-11,4.555706981233961,20.0,ellipse,0.2,0.2,0.8,0.8,point_sigma,0.319531123621861,4.0,0.31379675793565814,138.2017169254341,1.597655618109305,29.348127119581235,481.75715724389175,0.05,0.75
30.0,FW6_YAW5,True,-5.859070733538073e-10,5.380676301597763,20.0,ellipse,0.2,0.2,0.8,0.8,point_sigma,0.2781071248577735,4.0,0.370351490569131,83.0532063759716,1.3905356242888673,15.48553211676717,583.8158849718852,0.05,1.0
40.0,FW6_YAW5,True,-1.360646858700785e-09,4.364306495294145,10.0,ellipse,0.2,0.2,0.8,0.8,point_sigma,0.22469654093858318,4.0,0.2695317764236004,169.74599793641053,1.123482704692916,19.131817536436387,996.9397061648508,0.05,0.75
40.0,FW6_YAW5,True,-5.303810292386843e-09,4.691599227101681,10.0,ellipse,0.2,0.2,0.8,0.8,point_sigma,0.19931352910682798,4.0,0.309143760626544,110.40224878724379,0.9965676455341399,10.577830835695927,1200.8339830625027,0.05,1.0
30.0,FW6_YAW5,True,5.6864660066684e-10,4.39991097821793,20.0,ellipse,0.2,0.2,0.8,0.8,point_sigma,0.3251096123641604,4.0,0.30081781806510466,143.2578464634408,1.625548061820802,30.46614167122071,475.76708615028497,0.15,0.75
30.0,FW6_YAW5,True,-4.240855798053674e-09,5.065522941512526,20.0,ellipse,0.2,0.2,0.8,0.8,point_sigma,0.2842391341723443,4.0,0.34756075378126094,88.39657110612667,1.4211956708617215,16.652140999094385,569.8742394662404,0.15,1.0
40.0,FW6_YAW5,True,-1.190637384937319e-08,4.255043545594645,10.0,ellipse,0.2,0.2,0.8,0.8,point_sigma,0.2313173874764982,4.0,0.2615162567452399,173.6133046457514,1.1565869373824909,19.436582617240088,1003.0227437081822,0.15,0.75
40.0,FW6_YAW5,True,1.2755026147393363e-09,4.509691124131725,10.0,ellipse,0.2,0.2,0.8,0.8,point_sigma,0.2018440214240975,4.0,0.2963130337698021,114.51720275803889,1.0092201071204874,11.075882364339002,1188.9527003994765,0.15,1.0
30.0,FW6_YAW5,True,-9.938414386743014e-10,4.5755701870411265,20.0,ellipse,0.2,0.2,0.8,0.8,point_sigma,0.33103007885462526,4.0,0.3076349404167799,140.56263453824735,1.6551503942731263,29.14514054197232,491.2808295721211,0.15,0.75
30.0,FW6_YAW5,True,-7.453502673822493e-10,5.4375375221633355,20.0,ellipse,0.2,0.2,0.8,0.8,point_sigma,0.2861363431921974,4.0,0.3669085235940665,83.66250560124288,1.4306817159609868,15.351557246325543,594.0069512001185,0.15,1.0
40.0,FW6_YAW5,True,-6.207211863555059e-09,4.4073188961862755,10.0,ellipse,0.2,0.2,0.8,0.8,point_sigma,0.2301540439226707,4.0,0.26574294005843035,171.44609024775602,1.1507702196133534,18.917444528651934,1017.0959201531505,0.15,0.75
40.0,FW6_YAW5,True,-2.9970796138312718e-09,4.743071933274469,10.0,ellipse,0.2,0.2,0.8,0.8,point_sigma,0.20450396851030828,4.0,0.3074040471113697,110.76189682552062,1.0225198425515414,10.525789371751737,1211.4127041436013,0.15,1.0
30.0,FW6_YAW5,True,7.546732682922893e-10,4.678453613950013,20.0,ellipse,0.2,0.2,0.8,0.8,point_sigma,0.3225363485595678,4.0,0.3214824620765761,135.39849333477443,1.612681742797839,28.855809628279395,482.0460075249944,0.15,0.75
30.0,FW6_YAW5,True,5.3725532109946544e-11,5.563528788162358,20.0,ellipse,0.2,0.2,0.8,0.8,point_sigma,0.27565370207427603,4.0,0.3818828498021856,80.4892366102879,1.37826851037138,14.968393563277028,590.6556763640865,0.15,1.0
40.0,FW6_YAW5,True,-1.6597820021857806e-09,4.446798113896617,10.0,ellipse,0.2,0.2,0.8,0.8,point_sigma,0.22357391977836583,4.0,0.27459345745642877,167.60166410895746,1.117869598891829,18.91670722294852,995.3573894394244,0.15,0.75
40.0,FW6_YAW5,True,4.69343322402186e-10,4.798682006245112,10.0,ellipse,0.2,0.2,0.8,0.8,point_sigma,0.19770007630757136,4.0,0.3165420201796701,108.14774458076512,0.9885003815378568,10.277314745463084,1212.1615209715708,0.15,1.0
30.0,FW6_YAW5,True,7.53242813824301e-11,4.782540899243336,20.0,ellipse,0.2,0.2,0.8,0.8,point_sigma,0.34165684764633436,4.0,0.3089520669643799,139.93472444820674,1.7082842382316716,30.005330125854314,481.6549527989671,0.15,0.75
30.0,FW6_YAW5,True,-1.5921419409137664e-10,5.552517851899399,20.0,ellipse,0.2,0.2,0.8,0.8,point_sigma,0.296834216325447,4.0,0.3593984509294714,85.4810845599608,1.4841710816272349,16.341645628049744,572.466605469239,0.15,1.0
40.0,FW6_YAW5,True,-7.260514567137991e-10,4.604407471081181,10.0,ellipse,0.2,0.2,0.8,0.8,point_sigma,0.2415517928073062,4.0,0.2675875536286167,170.85724481869403,1.207758964036531,19.489991252730597,987.7862021824432,0.15,0.75
40.0,FW6_YAW5,True,3.0264568071466096e-10,4.88899956843895,10.0,ellipse,0.2,0.2,0.8,0.8,point_sigma,0.21243112507875697,4.0,0.3030719966674129,112.13215550567733,1.0621556253937847,10.941081403950108,1181.369229939936,0.15,1.0
30.0,FW6_YAW5,True,-2.100656974772857e-09,4.664150099039324,20.0,ellipse,0.2,0.2,0.8,0.8,point_sigma,0.33131829097045706,4.0,0.306510804142024,140.73982613752023,1.6565914548522853,30.825027808924354,461.50827861633087,0.15,0.75
30.0,FW6_YAW5,True,4.4897783320743996e-10,5.385339387087251,20.0,ellipse,0.2,0.2,0.8,0.8,point_sigma,0.29354769344733395,4.0,0.3554514787156002,86.48910977053166,1.4677384672366696,16.506539308484605,563.9186173427208,0.15,1.0
40.0,FW6_YAW5,True,1.8224236415157695e-09,4.486153115607487,10.0,ellipse,0.2,0.2,0.8,0.8,point_sigma,0.2347941015303748,4.0,0.2639925460905186,172.16859871231378,1.173970507651874,19.79057722658882,975.4590762052111,0.15,0.75
40.0,FW6_YAW5,True,6.608707593492265e-10,4.750335360654765,10.0,ellipse,0.2,0.2,0.8,0.8,point_sigma,0.20938003121406673,4.0,0.2998075243062666,113.37749718093178,1.0469001560703335,10.995770401280549,1185.13236112372,0.15,1.0
30.0,FW6_YAW5,True,2.017743889920455e-11,4.360610174199716,20.0,ellipse,0.2,0.2,0.8,0.8,point_sigma,0.30493487018173926,4.0,0.30528399293087366,142.24803403319535,1.5246743509086962,30.620760629886213,467.33039835457953,0.15,0.75
30.0,FW6_YAW5,True,5.603266671894666e-10,4.933166260523754,20.0,ellipse,0.2,0.2,0.8,0.8,point_sigma,0.2740049978205782,4.0,0.34473962182092244,89.56932524415438,1.3700249891028908,16.843250437041846,565.4256304768884,0.15,1.0
40.0,FW6_YAW5,True,7.899842634490994e-09,4.219308615359657,10.0,ellipse,0.2,0.2,0.8,0.8,point_sigma,0.2195943496150253,4.0,0.2640427348895279,173.33617534025407,1.0979717480751265,20.046132378134743,968.1844447970342,0.15,0.75
40.0,FW6_YAW5,True,2.8043507223533083e-10,4.4046847472792745,10.0,ellipse,0.2,0.2,0.8,0.8,point_sigma,0.197883482654567,4.0,0.2928216471841595,116.18673118284885,0.9894174132728351,11.379146843192885,1170.9222299446471,0.15,1.0
30.0,FW6_YAW5,True,4.402404519281245e-10,4.810540127453725,20.0,ellipse,0.2,0.2,0.8,0.8,point_sigma,0.34286711726692154,4.0,0.3138316487352794,138.22474271662634,1.7143355863346077,28.971847584201882,493.39349160296257,0.15,0.75
30.0,FW6_YAW5,True,-2.5214721889839434e-10,5.66526208720487,20.0,ellipse,0.2,0.2,0.8,0.8,point_sigma,0.29477091891978635,4.0,0.3685187392023154,83.37740965164676,1.4738545945989316,15.60349185039442,587.0892041468369,0.15,1.0
40.0,FW6_YAW5,True,-1.5666219652883735e-10,4.619724483749991,10.0,ellipse,0.2,0.2,0.8,0.8,point_sigma,0.23831846027858788,4.0,0.2718167229989622,168.8690310964956,1.1915923013929393,18.835254518853034,1010.4244564735325,0.15,0.75
40.0,FW6_YAW5,True,-5.704171359441436e-09,4.956467790170085,10.0,ellipse,0.2,0.2,0.8,0.8,point_sigma,0.2112947284536602,4.0,0.30988384804785996,110.09641529237012,1.056473642268301,10.564345084197369,1202.1762092851718,0.15,1.0
30.0,FW6_YAW5,True,-4.422068298599393e-10,4.956495446843635,20.0,ellipse,0.2,0.2,0.8,0.8,point_sigma,0.3364288936817526,4.0,0.33231459067984626,131.54330573407552,1.682144468408763,28.694816868612193,470.52827863875405,0.15,0.75
30.0,FW6_YAW5,True,1.5262476065925404e-09,5.982890213933328,20.0,ellipse,0.2,0.2,0.8,0.8,point_sigma,0.2911859478106416,4.0,0.3976204457608471,77.22658195835655,1.455929739053208,14.664081493329508,577.9504835061164,0.15,1.0
40.0,FW6_YAW5,True,-1.3117204655496988e-08,4.677817798696067,10.0,ellipse,0.2,0.2,0.8,0.8,point_sigma,0.24163104318167117,4.0,0.2811150344356669,164.6587613671265,1.2081552159083557,18.953198373215297,977.827350553924,0.15,0.75
40.0,FW6_YAW5,True,-8.204404599401237e-09,5.0935584865186,10.0,ellipse,0.2,0.2,0.8,0.8,point_sigma,0.2095391259479382,4.0,0.32498597226769405,105.61594199337641,1.0476956297396909,10.215015972116909,1190.8659627225938,0.15,1.0
30.0,FW6_YAW5,True,-2.4284886728713573e-10,4.946161514571785,20.0,ellipse,0.2,0.2,0.8,0.8,point_sigma,0.3526696344780088,4.0,0.3163067134209146,137.28128919648648,1.763348172390044,29.64847697836333,472.4464153421071,0.15,0.75
30.0,FW6_YAW5,True,2.4372431496320856e-10,5.819240933810934,20.0,ellipse,0.2,0.2,0.8,0.8,point_sigma,0.30294861261649975,4.0,0.370795386110133,82.83553292318388,1.5147430630824987,15.653993560334172,570.6691740936182,0.15,1.0
40.0,FW6_YAW5,True,-1.830894253771177e-09,4.733675695899693,10.0,ellipse,0.2,0.2,0.8,0.8,point_sigma,0.25350781233010744,4.0,0.27118636389669826,168.94143208688962,1.267539061650537,19.460124550950397,976.3171576497326,0.15,0.75
40.0,FW6_YAW5,True,9.085246496213832e-10,5.06950617189961,10.0,ellipse,0.2,0.2,0.8,0.8,point_sigma,0.21519678328433373,4.0,0.3093546421645713,110.16151476018739,1.0759839164216685,10.744178045471749,1177.7908256054186,0.15,1.0
30.0,FW6_YAW5,True,6.891935987876591e-10,4.493084908860016,20.0,ellipse,0.2,0.2,0.8,0.8,point_sigma,0.3085120551177194,4.0,0.32267720401941197,134.85727165845805,1.542560275588597,28.820782765420702,484.8623163135416,0.15,0.75
30.0,FW6_YAW5,True,-5.506005309735512e-10,5.328873786583937,20.0,ellipse,0.2,0.2,0.8,0.8,point_sigma,0.26634314725698705,4.0,0.38100773230430945,80.64738000532807,1.3317157362849352,15.16475852576175,585.0550264607027,0.15,1.0
40.0,FW6_YAW5,True,-5.136897963258319e-10,4.276695024742986,10.0,ellipse,0.2,0.2,0.8,0.8,point_sigma,0.21641806560981647,4.0,0.27711171540379853,166.4776878591516,1.0820903280490823,18.897771648807336,992.4149344141746,0.15,0.75
40.0,FW6_YAW5,True,5.394777336831381e-10,4.606990418287311,10.0,ellipse,0.2,0.2,0.8,0.8,point_sigma,0.19028669212179108,4.0,0.3171274260529246,107.86260836590222,0.9514334606089554,10.331180470527196,1202.773811002696,0.15,1.0
30.0,FW6_YAW5,True,-4.943798537159965e-10,4.560286670306374,20.0,ellipse,0.2,0.2,0.8,0.8,point_sigma,0.3213606312470567,4.0,0.3092553628240824,140.77371842250898,1.6068031562352836,30.196936534881658,473.2710453212497,0.15,0.75
30.0,FW6_YAW5,True,-3.7561078566211547e-10,5.180540235392475,20.0,ellipse,0.2,0.2,0.8,0.8,point_sigma,0.2821544640074689,4.0,0.3486537351501031,88.53057593855783,1.4107723200373445,16.78827322242729,564.2931600744205,0.15,1.0
40.0,FW6_YAW5,True,-8.106001418111437e-10,4.428633396138135,10.0,ellipse,0.2,0.2,0.8,0.8,point_sigma,0.22379936326381317,4.0,0.270652839232691,170.5386982284036,1.1189968163190658,19.685989257984325,972.8258268808086,0.15,0.75
40.0,FW6_YAW5,True,2.0431962787588668e-10,4.64235619136132,10.0,ellipse,0.2,0.2,0.8,0.8,point_sigma,0.20174244956965098,4.0,0.2988762706732173,114.14490521619497,1.0087122478482549,11.248794205059541,1165.0332239143122,0.15,1.0
30.0,FW6_YAW5,True,-1.710462550757561e-10,4.63589232517705,20.0,ellipse,0.2,0.2,0.8,0.8,point_sigma,0.32537787403023133,4.0,0.31323020116511996,138.98916643260463,1.6268893701511566,30.560869670103138,460.50415616314234,0.15,0.75
30.0,FW6_YAW5,True,7.139550121215229e-12,5.344465041062303,20.0,ellipse,0.2,0.2,0.8,0.8,point_sigma,0.2881208388863094,4.0,0.3557470431768,86.72678169048092,1.4406041944315469,16.797228113451546,549.8832978663695,0.15,1.0
40.0,FW6_YAW5,True,9.844514870882166e-09,4.486641223350864,10.0,ellipse,0.2,0.2,0.8,0.8,point_sigma,0.2333550137388463,4.0,0.2717938347393516,169.23232945475885,1.1667750686942313,19.66500325044095,969.1461287621886,0.15,0.75
40.0,FW6_YAW5,True,-1.0451859280358373e-10,4.764783957272576,10.0,ellipse,0.2,0.2,0.8,0.8,point_sigma,0.20758509987042087,4.0,0.301653222303985,113.09929479134632,1.0379254993521043,11.245957599392622,1154.78803173084,0.15,1.0
30.0,FW6_YAW5,True,-7.248643146789428e-11,4.870969790673654,20.0,ellipse,0.2,0.2,0.8,0.8,point_sigma,0.3361365238977272,4.0,0.3148471889127665,138.85837710111667,1.680682619488636,28.016565217236913,508.2833828570782,0.25,0.75
30.0,FW6_YAW5,True,-4.931409083967659e-09,5.717402959720986,20.0,ellipse,0.2,0.2,0.8,0.8,point_sigma,0.29732897733599817,4.0,0.36725406318069076,84.21447725533366,1.4866448866799908,15.251380936063791,600.8996818459824,0.25,1.0
40.0,FW6_YAW5,True,1.930490143066526e-09,4.689795411797472,10.0,ellipse,0.2,0.2,0.8,0.8,point_sigma,0.2356581036691528,4.0,0.27294335746175263,169.41019019371808,1.178290518345764,18.49909516036193,1029.5704538875657,0.25,0.75
40.0,FW6_YAW5,True,1.8754196338956554e-09,5.024343765805297,10.0,ellipse,0.2,0.2,0.8,0.8,point_sigma,0.21199997050855163,4.0,0.3096275817527426,110.78620210613803,1.059999852542758,10.508813628539931,1214.2164900769853,0.25,1.0
30.0,FW6_YAW5,True,-1.5780163024347165e-10,4.2416103897886925,20.0,ellipse,0.2,0.2,0.8,0.8,point_sigma,0.29849552932811957,4.0,0.31973379165551563,136.18213621400363,1.4924776466405978,30.44045166904392,451.82736513790036,0.25,0.75
30.0,FW6_YAW5,True,-4.275102818155668e-09,4.907996432874439,20.0,ellipse,0.2,0.2,0.8,0.8,point_sigma,0.2634556948417253,4.0,0.3674117178306084,83.96499028462273,1.3172784742086265,16.49337475609535,543.2702104090532,0.25,1.0
40.0,FW6_YAW5,True,3.773973827405606e-09,4.0620654472025794,10.0,ellipse,0.2,0.2,0.8,0.8,point_sigma,0.2131412467120969,4.0,0.2759647701328163,166.94264195077565,1.0657062335604843,19.649900249258412,955.46659370538,0.25,0.75
40.0,FW6_YAW5,True,7.481936832674777e-10,4.310550751860107,10.0,ellipse,0.2,0.2,0.8,0.8,point_sigma,0.18889644103223477,4.0,0.3093217368469244,110.63800114906027,0.9444822051611738,11.048389720241847,1150.180672437982,0.25,1.0
30.0,FW6_YAW5,True,3.2441896292528983e-10,4.41016573422501,20.0,ellipse,0.2,0.2,0.8,0.8,point_sigma,0.3229708999676618,4.0,0.2998313063474417,143.91818435796534,1.614854499838309,30.718332235776053,476.6975202665192,0.25,0.75
30.0,FW6_YAW5,True,-2.6756074348183576e-09,5.029450227592315,20.0,ellipse,0.2,0.2,0.8,0.8,point_sigma,0.28251620135248673,4.0,0.3441565522981087,89.39658072213204,1.4125810067624336,16.899862117493868,571.4361387927883,0.25,1.0
40.0,FW6_YAW5,True,2.087239009710433e-09,4.258035194248971,10.0,ellipse,0.2,0.2,0.8,0.8,point_sigma,0.22482819749889646,4.0,0.2603505927437514,174.56268584244327,1.1241409874944823,19.878224000763566,984.565185595992,0.25,0.75
40.0,FW6_YAW5,True,-3.9534970558461324e-09,4.4718678678797845,10.0,ellipse,0.2,0.2,0.8,0.8,point_sigma,0.20194232960770223,4.0,0.29354838286693613,115.59928927069635,1.009711648038511,11.286508734320167,1178.3881317968692,0.25,1.0
30.0,FW6_YAW5,True,5.849032107824704e-10,4.294176462081385,20.0,ellipse,0.2,0.2,0.8,0.8,point_sigma,0.30165486011455245,4.0,0.31372358586209387,139.02605800011304,1.5082743005727621,29.953960647223415,464.47303786722017,0.25,0.75
30.0,FW6_YAW5,True,-4.472994545020317e-09,4.943975224399961,20.0,ellipse,0.2,0.2,0.8,0.8,point_sigma,0.26564559792256215,4.0,0.36092172826591495,85.790696976861,1.3282279896128106,16.0011977976147,568.3587395420901,0.25,1.0
40.0,FW6_YAW5,True,-2.3654182735379357e-10,4.126203213581776,10.0,ellipse,0.2,0.2,0.8,0.8,point_sigma,0.21467538437299666,4.0,0.2702204093248824,170.5586048236558,1.0733769218649831,19.865946858126858,959.8996513351235,0.25,0.75
40.0,FW6_YAW5,True,3.784883925101696e-10,4.346810881113704,10.0,ellipse,0.2,0.2,0.8,0.8,point_sigma,0.19055757152234376,4.0,0.30339834201274263,113.04640779517737,0.9527878576117188,11.098462913288543,1166.5302091085723,0.25,1.0
30.0,FW6_YAW5,True,1.2200448730359977e-10,4.2900621211990515,20.0,ellipse,0.2,0.2,0.8,0.8,point_sigma,0.3121771198988173,4.0,0.30806405863263514,140.56544061550076,1.5608855994940865,29.679605623328705,478.6299364728372,0.25,0.75
30.0,FW6_YAW5,True,8.040521748606807e-11,5.055959740850439,20.0,ellipse,0.2,0.2,0.8,0.8,point_sigma,0.26534244742268887,4.0,0.3682453756067991,83.42202446762616,1.3267122371134443,15.257165024217679,591.623383243014,0.25,1.0
40.0,FW6_YAW5,True,7.5297318230118e-09,4.090312104461988,10.0,ellipse,0.2,0.2,0.8,0.8,point_sigma,0.21501390590948682,4.0,0.2624460342462335,172.9414994412837,1.075069529547434,19.555931341060575,987.2536777539322,0.25,0.75
40.0,FW6_YAW5,True,-2.1197021362054608e-09,4.362571606361264,10.0,ellipse,0.2,0.2,0.8,0.8,point_sigma,0.18709730221314314,4.0,0.30652707350161096,111.25072097321865,0.9354865110657157,10.579648880490867,1207.2417047307422,0.25,1.0
30.0,FW6_YAW5,True,4.764418433680104e-09,4.650577298904874,20.0,ellipse,0.2,0.2,0.8,0.8,point_sigma,0.30549503229710256,4.0,0.32295482989192714,135.89510376284227,1.5274751614855127,30.062936885471963,463.12627143584353,0.25,0.75
30.0,FW6_YAW5,True,-2.752502910213431e-09,5.437939237921256,20.0,ellipse,0.2,0.2,0.8,0.8,point_sigma,0.2767208823626441,4.0,0.3695102924022359,83.62752532201046,1.3836044118132202,16.388048297610602,552.086432338833,0.25,1.0
40.0,FW6_YAW5,True,-5.207296360577832e-09,4.460808247821934,10.0,ellipse,0.2,0.2,0.8,0.8,point_sigma,0.22768829032964927,4.0,0.2740568148970928,167.872139598138,1.1384414516482462,19.465339112292682,975.3811951320137,0.25,0.75
40.0,FW6_YAW5,True,-1.9858747320121907e-10,4.750028693619395,10.0,ellipse,0.2,0.2,0.8,0.8,point_sigma,0.2033082539397853,4.0,0.305459222778426,111.89335327946684,1.0165412696989264,11.147928996430114,1154.0812676390478,0.25,1.0
30.0,FW6_YAW5,True,3.793296492234167e-10,4.646261838460056,20.0,ellipse,0.2,0.2,0.8,0.8,point_sigma,0.31894021475734075,4.0,0.3140022077487947,138.19382279583684,1.5947010737867036,29.86221638066535,478.6550080435641,0.25,0.75
30.0,FW6_YAW5,True,-1.5238991645296147e-10,5.42242799228845,20.0,ellipse,0.2,0.2,0.8,0.8,point_sigma,0.27987859907945195,4.0,0.36487513575936714,84.23585111081552,1.3993929953972597,16.091422870835878,574.7860282194147,0.25,1.0
40.0,FW6_YAW5,True,-2.9929997573136243e-09,4.467945366367215,10.0,ellipse,0.2,0.2,0.8,0.8,point_sigma,0.22601878734944503,4.0,0.2708422169082174,169.39448960951796,1.1300939367472251,19.375796885918476,986.1296459294264,0.25,0.75
40.0,FW6_YAW5,True,2.703550993111026e-10,4.762465995908373,10.0,ellipse,0.2,0.2,0.8,0.8,point_sigma,0.1998419056751155,4.0,0.30618693802322,111.17521131241276,0.9992095283755775,10.78610113302995,1187.9306737321806,0.25,1.0
30.0,FW6_YAW5,True,-3.580461724337332e-10,5.036938064577161,20.0,ellipse,0.2,0.2,0.8,0.8,point_sigma,0.35511199383137315,4.0,0.32903272347669044,132.4322580702152,1.7755599691568658,28.51949396787865,492.807080904994,0.25,0.75
30.0,FW6_YAW5,True,3.4046963212529543e-10,6.061101697808826,20.0,ellipse,0.2,0.2,0.8,0.8,point_sigma,0.3003103830720733,4.0,0.3916539810724341,78.05045210460865,1.5015519153603665,15.14996569016614,584.3759090882264,0.25,1.0
40.0,FW6_YAW5,True,-9.37280044496495e-10,4.794852662021302,10.0,ellipse,0.2,0.2,0.8,0.8,point_sigma,0.25235910189241484,4.0,0.28454549775997223,163.38917389397807,1.261795509462074,18.710587612034743,991.6018046616431,0.25,0.75
40.0,FW6_YAW5,True,-6.6530540674159105e-09,5.179248194220663,10.0,ellipse,0.2,0.2,0.8,0.8,point_sigma,0.2137007931712237,4.0,0.3244274909110699,105.53328173545958,1.0685039658561184,10.302387471236544,1186.680126763082,0.25,1.0
30.0,FW6_YAW5,True,5.068235353656214e-09,4.853395144439541,20.0,ellipse,0.2,0.2,0.8,0.8,point_sigma,0.3387454570821786,4.0,0.3115870507966146,139.4596393757357,1.6937272854108931,29.72261046799507,483.6012383212222,0.25,0.75
30.0,FW6_YAW5,True,-3.3855326841584664e-09,5.590247014262013,20.0,ellipse,0.2,0.2,0.8,0.8,point_sigma,0.2943381925164405,4.0,0.3570972837171596,86.16027682818671,1.4716909625822023,16.15573776470252,584.100145451039,0.25,1.0
40.0,FW6_YAW5,True,-4.6236120973770326e-10,4.6670934573099485,10.0,ellipse,0.2,0.2,0.8,0.8,point_sigma,0.23324288261324627,4.0,0.2691482013518431,170.62545148787152,1.1662144130662313,19.34902319891626,992.4122417615961,0.25,0.75
40.0,FW6_YAW5,True,5.654899001454875e-10,4.93881678102225,10.0,ellipse,0.2,0.2,0.8,0.8,point_sigma,0.21125881570769567,4.0,0.3017686846688224,112.72256911158713,1.0562940785384782,10.785790761196562,1204.9950278776705,0.25,1.0
30.0,FW6_YAW5,True,1.8079067948108996e-10,4.533880098857445,20.0,ellipse,0.2,0.2,0.8,0.8,point_sigma,0.3184806363865148,4.0,0.31587749662335834,137.75294493045908,1.592403181932574,30.186047012553683,471.07159971771557,0.25,0.75
30.0,FW6_YAW5,True,-2.5748864243044413e-09,5.227505183746958,20.0,ellipse,0.2,0.2,0.8,0.8,point_sigma,0.2775784309135438,4.0,0.3604035929578707,85.24169867458136,1.3878921545677187,16.618767413431822,557.1597702478931,0.25,1.0
40.0,FW6_YAW5,True,-4.0966418949787496e-10,4.389063782761088,10.0,ellipse,0.2,0.2,0.8,0.8,point_sigma,0.22482967696586842,4.0,0.2754231576970526,167.36909264266728,1.124148384829342,19.674912676781364,961.0579147920783,0.25,0.75
40.0,FW6_YAW5,True,-8.417245728407434e-09,4.629643741019696,10.0,ellipse,0.2,0.2,0.8,0.8,point_sigma,0.1965354374862318,4.0,0.3057822438147724,111.3955414291621,0.9826771874311591,11.154270092827442,1149.151510168543,0.25,1.0
30.0,FW6_YAW5,True,8.950486394360222e-10,5.049244456159891,20.0,ellipse,0.2,0.2,0.8,0.8,point_sigma,0.3492621050916374,4.0,0.3149615043122428,139.18471110619615,1.746310525458187,27.675413232691717,506.9703744037349,0.25,0.75
30.0,FW6_YAW5,True,4.177800108785654e-09,6.277491316018388,20.0,ellipse,0.2,0.2,0.8,0.8,point_sigma,0.30645663695617564,4.0,0.3978359487719376,77.53665956879263,1.5322831847808782,13.269901762433845,635.6206113655687,0.25,1.0
40.0,FW6_YAW5,True,-1.6289854863438397e-09,4.7890635346638515,10.0,ellipse,0.2,0.2,0.8,0.8,point_sigma,0.2456082437286218,4.0,0.26646893528131704,171.99013225405574,1.228041218643109,18.090980900662856,1065.4795362613208,0.25,0.75
40.0,FW6_YAW5,True,-1.3062776618371773e-09,5.260794010510288,10.0,ellipse,0.2,0.2,0.8,0.8,point_sigma,0.21588681580019692,4.0,0.3235289823293817,106.97159057052758,1.0794340790009844,9.595515830823231,1278.6432456366117,0.25,1.0
30.0,FW6_YAW5,True,-2.9872564706975716e-10,4.955511887297627,20.0,ellipse,0.2,0.2,0.8,0.8,point_sigma,0.330239426354269,4.0,0.3341485678124754,130.80255855253307,1.651197131771345,26.13900953542787,524.2903292967165,0.25,0.75
30.0,FW6_YAW5,True,-1.641694982850968e-10,6.31294396488868,20.0,ellipse,0.2,0.2,0.8,0.8,point_sigma,0.28086447453132407,4.0,0.41959610789367807,72.52813985131026,1.4043223726566203,12.971086866696144,633.847445987219,0.25,1.0
40.0,FW6_YAW5,True,-9.721277918639499e-10,4.686413823192048,10.0,ellipse,0.2,0.2,0.8,0.8,point_sigma,0.23397790087690284,4.0,0.283090524629848,163.61541060973923,1.1698895043845141,17.389957017394902,1062.9782524243187,0.25,0.75
40.0,FW6_YAW5,True,2.8896508134941486e-09,5.300531738616904,10.0,ellipse,0.2,0.2,0.8,0.8,point_sigma,0.20114038152674762,4.0,0.33988088557223245,101.0042578251675,1.0057019076337381,9.227563883550358,1266.136178506026,0.25,1.0
