tag,obj,floor,offset,n,success,knocked_in,escaped,pushed_ahead,not_entered,pinched,entered,wall_contact,entered_nowall,entered_wall,fire_x_mean_mm,fire_absy_mean_mm
"hood|backstop=None,bump_mm=0.5,clearance_mm=0.0,funnel=True,gate=True,retreat=30|v10|stop",battery_cr2032,flooring,0.0,1,1,0,0,0,0,0,1,0,1,0,11.01,0.04
"hood|backstop=None,bump_mm=0.5,clearance_mm=0.0,funnel=True,gate=True,retreat=30|v10|stop",battery_cr2032,flooring,5.0,1,1,0,0,0,0,0,1,1,0,1,11.00,4.90
"hood|backstop=None,bump_mm=0.5,clearance_mm=0.0,funnel=True,gate=True,retreat=30|v10|stop",battery_cr2032,flooring,10.0,1,1,0,0,0,0,0,1,1,0,1,11.00,2.08
"hood|backstop=None,bump_mm=0.5,clearance_mm=0.0,funnel=True,gate=True,retreat=30|v10|stop",battery_cr2032,mat,0.0,1,1,0,0,0,0,0,1,0,1,0,11.00,0.04
"hood|backstop=None,bump_mm=0.5,clearance_mm=0.0,funnel=True,gate=True,retreat=30|v10|stop",battery_cr2032,mat,5.0,1,1,0,0,0,0,0,1,1,0,1,11.01,4.37
"hood|backstop=None,bump_mm=0.5,clearance_mm=0.0,funnel=True,gate=True,retreat=30|v10|stop",battery_cr2032,mat,10.0,1,1,0,0,0,0,0,1,1,0,1,11.01,4.83
"hood|backstop=None,bump_mm=0.5,clearance_mm=0.0,funnel=True,gate=True,retreat=30|v10|stop",bead,flooring,0.0,1,1,0,0,0,0,0,1,0,1,0,5.01,8.76
"hood|backstop=None,bump_mm=0.5,clearance_mm=0.0,funnel=True,gate=True,retreat=30|v10|stop",bead,flooring,5.0,1,1,0,0,0,0,0,1,0,1,0,5.01,1.25
"hood|backstop=None,bump_mm=0.5,clearance_mm=0.0,funnel=True,gate=True,retreat=30|v10|stop",bead,flooring,10.0,1,1,0,0,0,0,0,1,1,0,1,5.00,11.00
"hood|backstop=None,bump_mm=0.5,clearance_mm=0.0,funnel=True,gate=True,retreat=30|v10|stop",bead,mat,0.0,1,1,0,0,0,0,0,1,0,1,0,5.01,8.76
"hood|backstop=None,bump_mm=0.5,clearance_mm=0.0,funnel=True,gate=True,retreat=30|v10|stop",bead,mat,5.0,1,1,0,0,0,0,0,1,0,1,0,5.01,1.25
"hood|backstop=None,bump_mm=0.5,clearance_mm=0.0,funnel=True,gate=True,retreat=30|v10|stop",bead,mat,10.0,1,1,0,0,0,0,0,1,0,1,0,5.01,6.22
"hood|backstop=None,bump_mm=0.5,clearance_mm=0.0,funnel=True,gate=True,retreat=30|v10|stop",coin_1yen,flooring,0.0,1,1,0,0,0,0,0,1,0,1,0,11.01,0.01
"hood|backstop=None,bump_mm=0.5,clearance_mm=0.0,funnel=True,gate=True,retreat=30|v10|stop",coin_1yen,flooring,5.0,1,1,0,0,0,0,0,1,1,0,1,11.01,4.83
"hood|backstop=None,bump_mm=0.5,clearance_mm=0.0,funnel=True,gate=True,retreat=30|v10|stop",coin_1yen,flooring,10.0,1,0,0,0,1,0,0,0,1,0,0,,
"hood|backstop=None,bump_mm=0.5,clearance_mm=0.0,funnel=True,gate=True,retreat=30|v10|stop",coin_1yen,mat,0.0,1,1,0,0,0,0,0,1,0,1,0,11.01,0.01
"hood|backstop=None,bump_mm=0.5,clearance_mm=0.0,funnel=True,gate=True,retreat=30|v10|stop",coin_1yen,mat,5.0,1,1,0,0,0,0,0,1,1,0,1,11.01,4.61
"hood|backstop=None,bump_mm=0.5,clearance_mm=0.0,funnel=True,gate=True,retreat=30|v10|stop",coin_1yen,mat,10.0,1,0,1,0,0,0,0,1,1,0,1,11.00,4.79
"hood|backstop=None,bump_mm=0.5,clearance_mm=0.0,funnel=True,gate=True,retreat=30|v10|stop",crumb_cube,flooring,0.0,1,1,0,0,0,0,0,1,0,1,0,8.07,0.20
"hood|backstop=None,bump_mm=0.5,clearance_mm=0.0,funnel=True,gate=True,retreat=30|v10|stop",crumb_cube,flooring,5.0,1,1,0,0,0,0,0,1,0,1,0,8.07,5.12
"hood|backstop=None,bump_mm=0.5,clearance_mm=0.0,funnel=True,gate=True,retreat=30|v10|stop",crumb_cube,flooring,10.0,1,1,0,0,0,0,0,1,1,0,1,8.08,9.02
"hood|backstop=None,bump_mm=0.5,clearance_mm=0.0,funnel=True,gate=True,retreat=30|v10|stop",crumb_cube,mat,0.0,1,1,0,0,0,0,0,1,0,1,0,8.07,0.20
"hood|backstop=None,bump_mm=0.5,clearance_mm=0.0,funnel=True,gate=True,retreat=30|v10|stop",crumb_cube,mat,5.0,1,1,0,0,0,0,0,1,0,1,0,8.07,5.12
"hood|backstop=None,bump_mm=0.5,clearance_mm=0.0,funnel=True,gate=True,retreat=30|v10|stop",crumb_cube,mat,10.0,1,1,0,0,0,0,0,1,1,0,1,8.08,9.02
"hood|backstop=None,bump_mm=0.5,clearance_mm=0.1,funnel=True,gate=True,retreat=30|v10|stop",battery_cr2032,flooring,0.0,1,1,0,0,0,0,0,1,0,1,0,11.01,0.04
"hood|backstop=None,bump_mm=0.5,clearance_mm=0.1,funnel=True,gate=True,retreat=30|v10|stop",battery_cr2032,flooring,5.0,1,1,0,0,0,0,0,1,1,0,1,11.01,4.88
"hood|backstop=None,bump_mm=0.5,clearance_mm=0.1,funnel=True,gate=True,retreat=30|v10|stop",battery_cr2032,flooring,10.0,1,1,0,0,0,0,0,1,1,0,1,11.00,2.62
"hood|backstop=None,bump_mm=0.5,clearance_mm=0.1,funnel=True,gate=True,retreat=30|v10|stop",battery_cr2032,mat,0.0,1,1,0,0,0,0,0,1,0,1,0,11.00,0.04
"hood|backstop=None,bump_mm=0.5,clearance_mm=0.1,funnel=True,gate=True,retreat=30|v10|stop",battery_cr2032,mat,5.0,1,1,0,0,0,0,0,1,1,0,1,11.00,4.89
"hood|backstop=None,bump_mm=0.5,clearance_mm=0.1,funnel=True,gate=True,retreat=30|v10|stop",battery_cr2032,mat,10.0,1,1,0,0,0,0,0,1,1,0,1,11.00,4.94
"hood|backstop=None,bump_mm=0.5,clearance_mm=0.1,funnel=True,gate=True,retreat=30|v10|stop",bead,flooring,0.0,1,1,0,0,0,0,0,1,0,1,0,5.01,8.76
"hood|backstop=None,bump_mm=0.5,clearance_mm=0.1,funnel=True,gate=True,retreat=30|v10|stop",bead,flooring,5.0,1,1,0,0,0,0,0,1,0,1,0,5.01,1.25
"hood|backstop=None,bump_mm=0.5,clearance_mm=0.1,funnel=True,gate=True,retreat=30|v10|stop",bead,flooring,10.0,1,1,0,0,0,0,0,1,1,0,1,5.00,11.00
"hood|backstop=None,bump_mm=0.5,clearance_mm=0.1,funnel=True,gate=True,retreat=30|v10|stop",bead,mat,0.0,1,1,0,0,0,0,0,1,0,1,0,5.01,8.76
"hood|backstop=None,bump_mm=0.5,clearance_mm=0.1,funnel=True,gate=True,retreat=30|v10|stop",bead,mat,5.0,1,1,0,0,0,0,0,1,0,1,0,5.01,1.25
"hood|backstop=None,bump_mm=0.5,clearance_mm=0.1,funnel=True,gate=True,retreat=30|v10|stop",bead,mat,10.0,1,1,0,0,0,0,0,1,0,1,0,5.01,6.22
"hood|backstop=None,bump_mm=0.5,clearance_mm=0.1,funnel=True,gate=True,retreat=30|v10|stop",coin_1yen,flooring,0.0,1,1,0,0,0,0,0,1,0,1,0,11.01,0.01
"hood|backstop=None,bump_mm=0.5,clearance_mm=0.1,funnel=True,gate=True,retreat=30|v10|stop",coin_1yen,flooring,5.0,1,1,0,0,0,0,0,1,1,0,1,11.00,4.38
"hood|backstop=None,bump_mm=0.5,clearance_mm=0.1,funnel=True,gate=True,retreat=30|v10|stop",coin_1yen,flooring,10.0,1,0,1,0,0,0,0,1,1,0,1,11.01,4.03
"hood|backstop=None,bump_mm=0.5,clearance_mm=0.1,funnel=True,gate=True,retreat=30|v10|stop",coin_1yen,mat,0.0,1,1,0,0,0,0,0,1,0,1,0,11.01,0.01
"hood|backstop=None,bump_mm=0.5,clearance_mm=0.1,funnel=True,gate=True,retreat=30|v10|stop",coin_1yen,mat,5.0,1,1,0,0,0,0,0,1,1,0,1,11.00,3.25
"hood|backstop=None,bump_mm=0.5,clearance_mm=0.1,funnel=True,gate=True,retreat=30|v10|stop",coin_1yen,mat,10.0,1,1,0,0,0,0,0,1,1,0,1,11.01,0.25
"hood|backstop=None,bump_mm=0.5,clearance_mm=0.1,funnel=True,gate=True,retreat=30|v10|stop",crumb_cube,flooring,0.0,1,1,0,0,0,0,0,1,0,1,0,8.07,0.20
"hood|backstop=None,bump_mm=0.5,clearance_mm=0.1,funnel=True,gate=True,retreat=30|v10|stop",crumb_cube,flooring,5.0,1,1,0,0,0,0,0,1,0,1,0,8.07,5.12
"hood|backstop=None,bump_mm=0.5,clearance_mm=0.1,funnel=True,gate=True,retreat=30|v10|stop",crumb_cube,flooring,10.0,1,1,0,0,0,0,0,1,1,0,1,8.08,9.03
"hood|backstop=None,bump_mm=0.5,clearance_mm=0.1,funnel=True,gate=True,retreat=30|v10|stop",crumb_cube,mat,0.0,1,1,0,0,0,0,0,1,0,1,0,8.07,0.20
"hood|backstop=None,bump_mm=0.5,clearance_mm=0.1,funnel=True,gate=True,retreat=30|v10|stop",crumb_cube,mat,5.0,1,1,0,0,0,0,0,1,0,1,0,8.07,5.12
"hood|backstop=None,bump_mm=0.5,clearance_mm=0.1,funnel=True,gate=True,retreat=30|v10|stop",crumb_cube,mat,10.0,1,1,0,0,0,0,0,1,1,0,1,8.08,9.03
"hood|backstop=None,bump_mm=0.5,clearance_mm=0.3,funnel=True,gate=True,retreat=30|v10|stop",battery_cr2032,flooring,0.0,1,1,0,0,0,0,0,1,0,1,0,11.01,0.04
"hood|backstop=None,bump_mm=0.5,clearance_mm=0.3,funnel=True,gate=True,retreat=30|v10|stop",battery_cr2032,flooring,5.0,1,1,0,0,0,0,0,1,1,0,1,11.01,4.85
"hood|backstop=None,bump_mm=0.5,clearance_mm=0.3,funnel=True,gate=True,retreat=30|v10|stop",battery_cr2032,flooring,10.0,1,1,0,0,0,0,0,1,1,0,1,11.00,5.00
"hood|backstop=None,bump_mm=0.5,clearance_mm=0.3,funnel=True,gate=True,retreat=30|v10|stop",battery_cr2032,mat,0.0,1,1,0,0,0,0,0,1,0,1,0,11.00,0.04
"hood|backstop=None,bump_mm=0.5,clearance_mm=0.3,funnel=True,gate=True,retreat=30|v10|stop",battery_cr2032,mat,5.0,1,1,0,0,0,0,0,1,1,0,1,11.00,4.31
"hood|backstop=None,bump_mm=0.5,clearance_mm=0.3,funnel=True,gate=True,retreat=30|v10|stop",battery_cr2032,mat,10.0,1,1,0,0,0,0,0,1,1,0,1,11.01,5.00
"hood|backstop=None,bump_mm=0.5,clearance_mm=0.3,funnel=True,gate=True,retreat=30|v10|stop",bead,flooring,0.0,1,1,0,0,0,0,0,1,0,1,0,5.01,8.76
"hood|backstop=None,bump_mm=0.5,clearance_mm=0.3,funnel=True,gate=True,retreat=30|v10|stop",bead,flooring,5.0,1,1,0,0,0,0,0,1,0,1,0,5.01,1.25
"hood|backstop=None,bump_mm=0.5,clearance_mm=0.3,funnel=True,gate=True,retreat=30|v10|stop",bead,flooring,10.0,1,1,0,0,0,0,0,1,1,0,1,5.00,11.00
"hood|backstop=None,bump_mm=0.5,clearance_mm=0.3,funnel=True,gate=True,retreat=30|v10|stop",bead,mat,0.0,1,1,0,0,0,0,0,1,0,1,0,5.01,8.76
"hood|backstop=None,bump_mm=0.5,clearance_mm=0.3,funnel=True,gate=True,retreat=30|v10|stop",bead,mat,5.0,1,1,0,0,0,0,0,1,0,1,0,5.01,1.25
"hood|backstop=None,bump_mm=0.5,clearance_mm=0.3,funnel=True,gate=True,retreat=30|v10|stop",bead,mat,10.0,1,1,0,0,0,0,0,1,0,1,0,5.01,6.22
"hood|backstop=None,bump_mm=0.5,clearance_mm=0.3,funnel=True,gate=True,retreat=30|v10|stop",coin_1yen,flooring,0.0,1,1,0,0,0,0,0,1,0,1,0,11.01,0.01
"hood|backstop=None,bump_mm=0.5,clearance_mm=0.3,funnel=True,gate=True,retreat=30|v10|stop",coin_1yen,flooring,5.0,1,1,0,0,0,0,0,1,1,0,1,11.00,4.83
"hood|backstop=None,bump_mm=0.5,clearance_mm=0.3,funnel=True,gate=True,retreat=30|v10|stop",coin_1yen,flooring,10.0,1,0,1,0,0,0,0,1,1,0,1,11.00,4.29
"hood|backstop=None,bump_mm=0.5,clearance_mm=0.3,funnel=True,gate=True,retreat=30|v10|stop",coin_1yen,mat,0.0,1,1,0,0,0,0,0,1,0,1,0,11.01,0.01
"hood|backstop=None,bump_mm=0.5,clearance_mm=0.3,funnel=True,gate=True,retreat=30|v10|stop",coin_1yen,mat,5.0,1,1,0,0,0,0,0,1,1,0,1,11.00,4.64
"hood|backstop=None,bump_mm=0.5,clearance_mm=0.3,funnel=True,gate=True,retreat=30|v10|stop",coin_1yen,mat,10.0,1,1,0,0,0,0,0,1,1,0,1,11.00,4.78
"hood|backstop=None,bump_mm=0.5,clearance_mm=0.3,funnel=True,gate=True,retreat=30|v10|stop",crumb_cube,flooring,0.0,1,1,0,0,0,0,0,1,0,1,0,8.07,0.20
"hood|backstop=None,bump_mm=0.5,clearance_mm=0.3,funnel=True,gate=True,retreat=30|v10|stop",crumb_cube,flooring,5.0,1,1,0,0,0,0,0,1,0,1,0,8.07,5.12
"hood|backstop=None,bump_mm=0.5,clearance_mm=0.3,funnel=True,gate=True,retreat=30|v10|stop",crumb_cube,flooring,10.0,1,1,0,0,0,0,0,1,1,0,1,8.08,9.02
"hood|backstop=None,bump_mm=0.5,clearance_mm=0.3,funnel=True,gate=True,retreat=30|v10|stop",crumb_cube,mat,0.0,1,1,0,0,0,0,0,1,0,1,0,8.07,0.20
"hood|backstop=None,bump_mm=0.5,clearance_mm=0.3,funnel=True,gate=True,retreat=30|v10|stop",crumb_cube,mat,5.0,1,1,0,0,0,0,0,1,0,1,0,8.07,5.12
"hood|backstop=None,bump_mm=0.5,clearance_mm=0.3,funnel=True,gate=True,retreat=30|v10|stop",crumb_cube,mat,10.0,1,1,0,0,0,0,0,1,1,0,1,8.08,9.02
"hood|backstop=None,bump_mm=0.5,clearance_mm=0.6,funnel=True,gate=True,retreat=30|v10|stop",battery_cr2032,flooring,0.0,1,1,0,0,0,0,0,1,0,1,0,11.01,0.04
"hood|backstop=None,bump_mm=0.5,clearance_mm=0.6,funnel=True,gate=True,retreat=30|v10|stop",battery_cr2032,flooring,5.0,1,1,0,0,0,0,0,1,1,0,1,11.00,4.41
"hood|backstop=None,bump_mm=0.5,clearance_mm=0.6,funnel=True,gate=True,retreat=30|v10|stop",battery_cr2032,flooring,10.0,1,1,0,0,0,0,0,1,1,0,1,11.01,5.00
"hood|backstop=None,bump_mm=0.5,clearance_mm=0.6,funnel=True,gate=True,retreat=30|v10|stop",battery_cr2032,mat,0.0,1,1,0,0,0,0,0,1,0,1,0,11.00,0.04
"hood|backstop=None,bump_mm=0.5,clearance_mm=0.6,funnel=True,gate=True,retreat=30|v10|stop",battery_cr2032,mat,5.0,1,1,0,0,0,0,0,1,1,0,1,11.00,4.87
"hood|backstop=None,bump_mm=0.5,clearance_mm=0.6,funnel=True,gate=True,retreat=30|v10|stop",battery_cr2032,mat,10.0,1,1,0,0,0,0,0,1,1,0,1,11.00,5.00
"hood|backstop=None,bump_mm=0.5,clearance_mm=0.6,funnel=True,gate=True,retreat=30|v10|stop",bead,flooring,0.0,1,1,0,0,0,0,0,1,0,1,0,5.01,8.76
"hood|backstop=None,bump_mm=0.5,clearance_mm=0.6,funnel=True,gate=True,retreat=30|v10|stop",bead,flooring,5.0,1,1,0,0,0,0,0,1,0,1,0,5.01,1.25
"hood|backstop=None,bump_mm=0.5,clearance_mm=0.6,funnel=True,gate=True,retreat=30|v10|stop",bead,flooring,10.0,1,1,0,0,0,0,0,1,1,0,1,5.00,11.00
"hood|backstop=None,bump_mm=0.5,clearance_mm=0.6,funnel=True,gate=True,retreat=30|v10|stop",bead,mat,0.0,1,1,0,0,0,0,0,1,0,1,0,5.01,8.76
"hood|backstop=None,bump_mm=0.5,clearance_mm=0.6,funnel=True,gate=True,retreat=30|v10|stop",bead,mat,5.0,1,1,0,0,0,0,0,1,0,1,0,5.01,1.25
"hood|backstop=None,bump_mm=0.5,clearance_mm=0.6,funnel=True,gate=True,retreat=30|v10|stop",bead,mat,10.0,1,1,0,0,0,0,0,1,0,1,0,5.01,6.22
"hood|backstop=None,bump_mm=0.5,clearance_mm=0.6,funnel=True,gate=True,retreat=30|v10|stop",coin_1yen,flooring,0.0,1,1,0,0,0,0,0,1,0,1,0,11.01,0.01
"hood|backstop=None,bump_mm=0.5,clearance_mm=0.6,funnel=True,gate=True,retreat=30|v10|stop",coin_1yen,flooring,5.0,1,1,0,0,0,0,0,1,1,0,1,11.01,4.99
"hood|backstop=None,bump_mm=0.5,clearance_mm=0.6,funnel=True,gate=True,retreat=30|v10|stop",coin_1yen,flooring,10.0,1,1,0,0,0,0,0,1,1,0,1,11.00,4.80
"hood|backstop=None,bump_mm=0.5,clearance_mm=0.6,funnel=True,gate=True,retreat=30|v10|stop",coin_1yen,mat,0.0,1,1,0,0,0,0,0,1,0,1,0,11.01,0.01
"hood|backstop=None,bump_mm=0.5,clearance_mm=0.6,funnel=True,gate=True,retreat=30|v10|stop",coin_1yen,mat,5.0,1,1,0,0,0,0,0,1,1,0,1,11.00,4.11
"hood|backstop=None,bump_mm=0.5,clearance_mm=0.6,funnel=True,gate=True,retreat=30|v10|stop",coin_1yen,mat,10.0,1,0,1,0,0,0,0,1,1,0,1,11.01,2.75
"hood|backstop=None,bump_mm=0.5,clearance_mm=0.6,funnel=True,gate=True,retreat=30|v10|stop",crumb_cube,flooring,0.0,1,1,0,0,0,0,0,1,0,1,0,8.07,0.20
"hood|backstop=None,bump_mm=0.5,clearance_mm=0.6,funnel=True,gate=True,retreat=30|v10|stop",crumb_cube,flooring,5.0,1,1,0,0,0,0,0,1,0,1,0,8.07,5.12
"hood|backstop=None,bump_mm=0.5,clearance_mm=0.6,funnel=True,gate=True,retreat=30|v10|stop",crumb_cube,flooring,10.0,1,1,0,0,0,0,0,1,1,0,1,8.07,9.04
"hood|backstop=None,bump_mm=0.5,clearance_mm=0.6,funnel=True,gate=True,retreat=30|v10|stop",crumb_cube,mat,0.0,1,1,0,0,0,0,0,1,0,1,0,8.07,0.20
"hood|backstop=None,bump_mm=0.5,clearance_mm=0.6,funnel=True,gate=True,retreat=30|v10|stop",crumb_cube,mat,5.0,1,1,0,0,0,0,0,1,0,1,0,8.07,5.12
"hood|backstop=None,bump_mm=0.5,clearance_mm=0.6,funnel=True,gate=True,retreat=30|v10|stop",crumb_cube,mat,10.0,1,1,0,0,0,0,0,1,1,0,1,8.07,9.04
"hood|backstop=None,bump_mm=0.5,clearance_mm=1.0,funnel=True,gate=True,retreat=30|v10|stop",battery_cr2032,flooring,0.0,1,1,0,0,0,0,0,1,0,1,0,11.01,0.04
"hood|backstop=None,bump_mm=0.5,clearance_mm=1.0,funnel=True,gate=True,retreat=30|v10|stop",battery_cr2032,flooring,5.0,1,1,0,0,0,0,0,1,1,0,1,11.01,5.00
"hood|backstop=None,bump_mm=0.5,clearance_mm=1.0,funnel=True,gate=True,retreat=30|v10|stop",battery_cr2032,flooring,10.0,1,1,0,0,0,0,0,1,1,0,1,11.01,5.00
"hood|backstop=None,bump_mm=0.5,clearance_mm=1.0,funnel=True,gate=True,retreat=30|v10|stop",battery_cr2032,mat,0.0,1,1,0,0,0,0,0,1,0,1,0,11.00,0.04
"hood|backstop=None,bump_mm=0.5,clearance_mm=1.0,funnel=True,gate=True,retreat=30|v10|stop",battery_cr2032,mat,5.0,1,1,0,0,0,0,0,1,1,0,1,11.01,5.00
"hood|backstop=None,bump_mm=0.5,clearance_mm=1.0,funnel=True,gate=True,retreat=30|v10|stop",battery_cr2032,mat,10.0,1,1,0,0,0,0,0,1,1,0,1,11.01,5.00
"hood|backstop=None,bump_mm=0.5,clearance_mm=1.0,funnel=True,gate=True,retreat=30|v10|stop",bead,flooring,0.0,1,1,0,0,0,0,0,1,0,1,0,5.01,8.76
"hood|backstop=None,bump_mm=0.5,clearance_mm=1.0,funnel=True,gate=True,retreat=30|v10|stop",bead,flooring,5.0,1,1,0,0,0,0,0,1,0,1,0,5.01,1.25
"hood|backstop=None,bump_mm=0.5,clearance_mm=1.0,funnel=True,gate=True,retreat=30|v10|stop",bead,flooring,10.0,1,1,0,0,0,0,0,1,1,0,1,5.00,11.00
"hood|backstop=None,bump_mm=0.5,clearance_mm=1.0,funnel=True,gate=True,retreat=30|v10|stop",bead,mat,0.0,1,1,0,0,0,0,0,1,0,1,0,5.01,8.76
"hood|backstop=None,bump_mm=0.5,clearance_mm=1.0,funnel=True,gate=True,retreat=30|v10|stop",bead,mat,5.0,1,1,0,0,0,0,0,1,0,1,0,5.01,1.25
"hood|backstop=None,bump_mm=0.5,clearance_mm=1.0,funnel=True,gate=True,retreat=30|v10|stop",bead,mat,10.0,1,1,0,0,0,0,0,1,0,1,0,5.01,6.22
"hood|backstop=None,bump_mm=0.5,clearance_mm=1.0,funnel=True,gate=True,retreat=30|v10|stop",coin_1yen,flooring,0.0,1,1,0,0,0,0,0,1,0,1,0,11.01,0.01
"hood|backstop=None,bump_mm=0.5,clearance_mm=1.0,funnel=True,gate=True,retreat=30|v10|stop",coin_1yen,flooring,5.0,1,1,0,0,0,0,0,1,1,0,1,11.00,4.94
"hood|backstop=None,bump_mm=0.5,clearance_mm=1.0,funnel=True,gate=True,retreat=30|v10|stop",coin_1yen,flooring,10.0,1,0,1,0,0,0,0,1,1,0,1,11.00,11.17
"hood|backstop=None,bump_mm=0.5,clearance_mm=1.0,funnel=True,gate=True,retreat=30|v10|stop",coin_1yen,mat,0.0,1,1,0,0,0,0,0,1,0,1,0,11.01,0.01
"hood|backstop=None,bump_mm=0.5,clearance_mm=1.0,funnel=True,gate=True,retreat=30|v10|stop",coin_1yen,mat,5.0,1,1,0,0,0,0,0,1,1,0,1,11.01,4.62
"hood|backstop=None,bump_mm=0.5,clearance_mm=1.0,funnel=True,gate=True,retreat=30|v10|stop",coin_1yen,mat,10.0,1,1,0,0,0,0,0,1,1,0,1,11.01,4.97
"hood|backstop=None,bump_mm=0.5,clearance_mm=1.0,funnel=True,gate=True,retreat=30|v10|stop",crumb_cube,flooring,0.0,1,1,0,0,0,0,0,1,0,1,0,8.07,0.20
"hood|backstop=None,bump_mm=0.5,clearance_mm=1.0,funnel=True,gate=True,retreat=30|v10|stop",crumb_cube,flooring,5.0,1,1,0,0,0,0,0,1,0,1,0,8.07,5.12
"hood|backstop=None,bump_mm=0.5,clearance_mm=1.0,funnel=True,gate=True,retreat=30|v10|stop",crumb_cube,flooring,10.0,1,1,0,0,0,0,0,1,1,0,1,8.08,9.04
"hood|backstop=None,bump_mm=0.5,clearance_mm=1.0,funnel=True,gate=True,retreat=30|v10|stop",crumb_cube,mat,0.0,1,1,0,0,0,0,0,1,0,1,0,8.07,0.20
"hood|backstop=None,bump_mm=0.5,clearance_mm=1.0,funnel=True,gate=True,retreat=30|v10|stop",crumb_cube,mat,5.0,1,1,0,0,0,0,0,1,0,1,0,8.07,5.12
"hood|backstop=None,bump_mm=0.5,clearance_mm=1.0,funnel=True,gate=True,retreat=30|v10|stop",crumb_cube,mat,10.0,1,1,0,0,0,0,0,1,1,0,1,8.08,9.04
"hood|backstop=None,bump_mm=0.5,clearance_mm=1.5,funnel=True,gate=True,retreat=30|v10|stop",battery_cr2032,flooring,0.0,1,1,0,0,0,0,0,1,0,1,0,11.01,0.04
"hood|backstop=None,bump_mm=0.5,clearance_mm=1.5,funnel=True,gate=True,retreat=30|v10|stop",battery_cr2032,flooring,5.0,1,1,0,0,0,0,0,1,1,0,1,11.01,4.70
"hood|backstop=None,bump_mm=0.5,clearance_mm=1.5,funnel=True,gate=True,retreat=30|v10|stop",battery_cr2032,flooring,10.0,1,1,0,0,0,0,0,1,1,0,1,11.01,5.00
"hood|backstop=None,bump_mm=0.5,clearance_mm=1.5,funnel=True,gate=True,retreat=30|v10|stop",battery_cr2032,mat,0.0,1,1,0,0,0,0,0,1,0,1,0,11.00,0.04
"hood|backstop=None,bump_mm=0.5,clearance_mm=1.5,funnel=True,gate=True,retreat=30|v10|stop",battery_cr2032,mat,5.0,1,1,0,0,0,0,0,1,1,0,1,11.01,4.89
"hood|backstop=None,bump_mm=0.5,clearance_mm=1.5,funnel=True,gate=True,retreat=30|v10|stop",battery_cr2032,mat,10.0,1,1,0,0,0,0,0,1,1,0,1,11.00,5.00
"hood|backstop=None,bump_mm=0.5,clearance_mm=1.5,funnel=True,gate=True,retreat=30|v10|stop",bead,flooring,0.0,1,1,0,0,0,0,0,1,0,1,0,5.01,8.76
"hood|backstop=None,bump_mm=0.5,clearance_mm=1.5,funnel=True,gate=True,retreat=30|v10|stop",bead,flooring,5.0,1,1,0,0,0,0,0,1,0,1,0,5.01,1.25
"hood|backstop=None,bump_mm=0.5,clearance_mm=1.5,funnel=True,gate=True,retreat=30|v10|stop",bead,flooring,10.0,1,1,0,0,0,0,0,1,1,0,1,5.00,11.00
"hood|backstop=None,bump_mm=0.5,clearance_mm=1.5,funnel=True,gate=True,retreat=30|v10|stop",bead,mat,0.0,1,1,0,0,0,0,0,1,0,1,0,5.01,8.76
"hood|backstop=None,bump_mm=0.5,clearance_mm=1.5,funnel=True,gate=True,retreat=30|v10|stop",bead,mat,5.0,1,1,0,0,0,0,0,1,0,1,0,5.01,1.25
"hood|backstop=None,bump_mm=0.5,clearance_mm=1.5,funnel=True,gate=True,retreat=30|v10|stop",bead,mat,10.0,1,1,0,0,0,0,0,1,0,1,0,5.01,6.22
"hood|backstop=None,bump_mm=0.5,clearance_mm=1.5,funnel=True,gate=True,retreat=30|v10|stop",coin_1yen,flooring,0.0,1,0,0,1,0,0,0,1,0,1,0,11.01,0.01
"hood|backstop=None,bump_mm=0.5,clearance_mm=1.5,funnel=True,gate=True,retreat=30|v10|stop",coin_1yen,flooring,5.0,1,1,0,0,0,0,0,1,0,1,0,11.00,5.03
"hood|backstop=None,bump_mm=0.5,clearance_mm=1.5,funnel=True,gate=True,retreat=30|v10|stop",coin_1yen,flooring,10.0,1,0,0,1,0,0,0,1,1,0,1,11.00,5.94
"hood|backstop=None,bump_mm=0.5,clearance_mm=1.5,funnel=True,gate=True,retreat=30|v10|stop",coin_1yen,mat,0.0,1,0,0,1,0,0,0,1,0,1,0,11.01,0.01
"hood|backstop=None,bump_mm=0.5,clearance_mm=1.5,funnel=True,gate=True,retreat=30|v10|stop",coin_1yen,mat,5.0,1,0,0,1,0,0,0,1,0,1,0,11.01,5.02
"hood|backstop=None,bump_mm=0.5,clearance_mm=1.5,funnel=True,gate=True,retreat=30|v10|stop",coin_1yen,mat,10.0,1,0,0,1,0,0,0,1,1,0,1,11.01,5.82
"hood|backstop=None,bump_mm=0.5,clearance_mm=1.5,funnel=True,gate=True,retreat=30|v10|stop",crumb_cube,flooring,0.0,1,1,0,0,0,0,0,1,0,1,0,8.07,0.20
"hood|backstop=None,bump_mm=0.5,clearance_mm=1.5,funnel=True,gate=True,retreat=30|v10|stop",crumb_cube,flooring,5.0,1,1,0,0,0,0,0,1,0,1,0,8.07,5.12
"hood|backstop=None,bump_mm=0.5,clearance_mm=1.5,funnel=True,gate=True,retreat=30|v10|stop",crumb_cube,flooring,10.0,1,1,0,0,0,0,0,1,1,0,1,8.08,9.05
"hood|backstop=None,bump_mm=0.5,clearance_mm=1.5,funnel=True,gate=True,retreat=30|v10|stop",crumb_cube,mat,0.0,1,1,0,0,0,0,0,1,0,1,0,8.07,0.20
"hood|backstop=None,bump_mm=0.5,clearance_mm=1.5,funnel=True,gate=True,retreat=30|v10|stop",crumb_cube,mat,5.0,1,1,0,0,0,0,0,1,0,1,0,8.07,5.12
"hood|backstop=None,bump_mm=0.5,clearance_mm=1.5,funnel=True,gate=True,retreat=30|v10|stop",crumb_cube,mat,10.0,1,1,0,0,0,0,0,1,1,0,1,8.08,9.05
"hood|backstop=None,bump_mm=0.5,clearance_mm=2.0,funnel=True,gate=True,retreat=30|v10|stop",battery_cr2032,flooring,0.0,1,1,0,0,0,0,0,1,0,1,0,11.01,0.04
"hood|backstop=None,bump_mm=0.5,clearance_mm=2.0,funnel=True,gate=True,retreat=30|v10|stop",battery_cr2032,flooring,5.0,1,1,0,0,0,0,0,1,1,0,1,11.01,4.18
"hood|backstop=None,bump_mm=0.5,clearance_mm=2.0,funnel=True,gate=True,retreat=30|v10|stop",battery_cr2032,flooring,10.0,1,1,0,0,0,0,0,1,1,0,1,11.00,5.00
"hood|backstop=None,bump_mm=0.5,clearance_mm=2.0,funnel=True,gate=True,retreat=30|v10|stop",battery_cr2032,mat,0.0,1,1,0,0,0,0,0,1,0,1,0,11.00,0.04
"hood|backstop=None,bump_mm=0.5,clearance_mm=2.0,funnel=True,gate=True,retreat=30|v10|stop",battery_cr2032,mat,5.0,1,1,0,0,0,0,0,1,1,0,1,11.00,5.00
"hood|backstop=None,bump_mm=0.5,clearance_mm=2.0,funnel=True,gate=True,retreat=30|v10|stop",battery_cr2032,mat,10.0,1,1,0,0,0,0,0,1,1,0,1,11.00,5.00
"hood|backstop=None,bump_mm=0.5,clearance_mm=2.0,funnel=True,gate=True,retreat=30|v10|stop",bead,flooring,0.0,1,1,0,0,0,0,0,1,0,1,0,5.01,8.76
"hood|backstop=None,bump_mm=0.5,clearance_mm=2.0,funnel=True,gate=True,retreat=30|v10|stop",bead,flooring,5.0,1,1,0,0,0,0,0,1,0,1,0,5.01,1.25
"hood|backstop=None,bump_mm=0.5,clearance_mm=2.0,funnel=True,gate=True,retreat=30|v10|stop",bead,flooring,10.0,1,1,0,0,0,0,0,1,1,0,1,5.00,11.00
"hood|backstop=None,bump_mm=0.5,clearance_mm=2.0,funnel=True,gate=True,retreat=30|v10|stop",bead,mat,0.0,1,1,0,0,0,0,0,1,0,1,0,5.01,8.76
"hood|backstop=None,bump_mm=0.5,clearance_mm=2.0,funnel=True,gate=True,retreat=30|v10|stop",bead,mat,5.0,1,1,0,0,0,0,0,1,0,1,0,5.01,1.25
"hood|backstop=None,bump_mm=0.5,clearance_mm=2.0,funnel=True,gate=True,retreat=30|v10|stop",bead,mat,10.0,1,1,0,0,0,0,0,1,0,1,0,5.01,6.22
"hood|backstop=None,bump_mm=0.5,clearance_mm=2.0,funnel=True,gate=True,retreat=30|v10|stop",coin_1yen,flooring,0.0,1,0,0,1,0,0,0,1,0,1,0,11.01,0.01
"hood|backstop=None,bump_mm=0.5,clearance_mm=2.0,funnel=True,gate=True,retreat=30|v10|stop",coin_1yen,flooring,5.0,1,0,0,1,0,0,0,1,0,1,0,11.00,5.01
"hood|backstop=None,bump_mm=0.5,clearance_mm=2.0,funnel=True,gate=True,retreat=30|v10|stop",coin_1yen,flooring,10.0,1,0,0,1,0,0,0,1,0,1,0,11.00,10.01
"hood|backstop=None,bump_mm=0.5,clearance_mm=2.0,funnel=True,gate=True,retreat=30|v10|stop",coin_1yen,mat,0.0,1,0,0,1,0,0,0,1,0,1,0,11.01,0.01
"hood|backstop=None,bump_mm=0.5,clearance_mm=2.0,funnel=True,gate=True,retreat=30|v10|stop",coin_1yen,mat,5.0,1,0,0,1,0,0,0,1,0,1,0,11.00,5.01
"hood|backstop=None,bump_mm=0.5,clearance_mm=2.0,funnel=True,gate=True,retreat=30|v10|stop",coin_1yen,mat,10.0,1,0,0,1,0,0,0,1,0,1,0,11.00,10.01
"hood|backstop=None,bump_mm=0.5,clearance_mm=2.0,funnel=True,gate=True,retreat=30|v10|stop",crumb_cube,flooring,0.0,1,1,0,0,0,0,0,1,0,1,0,8.07,0.20
"hood|backstop=None,bump_mm=0.5,clearance_mm=2.0,funnel=True,gate=True,retreat=30|v10|stop",crumb_cube,flooring,5.0,1,1,0,0,0,0,0,1,0,1,0,8.07,5.12
"hood|backstop=None,bump_mm=0.5,clearance_mm=2.0,funnel=True,gate=True,retreat=30|v10|stop",crumb_cube,flooring,10.0,1,1,0,0,0,0,0,1,1,0,1,8.08,9.07
"hood|backstop=None,bump_mm=0.5,clearance_mm=2.0,funnel=True,gate=True,retreat=30|v10|stop",crumb_cube,mat,0.0,1,1,0,0,0,0,0,1,0,1,0,8.07,0.20
"hood|backstop=None,bump_mm=0.5,clearance_mm=2.0,funnel=True,gate=True,retreat=30|v10|stop",crumb_cube,mat,5.0,1,1,0,0,0,0,0,1,0,1,0,8.07,5.12
"hood|backstop=None,bump_mm=0.5,clearance_mm=2.0,funnel=True,gate=True,retreat=30|v10|stop",crumb_cube,mat,10.0,1,1,0,0,0,0,0,1,1,0,1,8.08,9.07
"hood|backstop=None,bump_mm=0.5,clearance_mm=2.5,funnel=True,gate=True,retreat=30|v10|stop",battery_cr2032,flooring,0.0,1,1,0,0,0,0,0,1,0,1,0,11.01,0.04
"hood|backstop=None,bump_mm=0.5,clearance_mm=2.5,funnel=True,gate=True,retreat=30|v10|stop",battery_cr2032,flooring,5.0,1,1,0,0,0,0,0,1,1,0,1,11.00,4.87
"hood|backstop=None,bump_mm=0.5,clearance_mm=2.5,funnel=True,gate=True,retreat=30|v10|stop",battery_cr2032,flooring,10.0,1,1,0,0,0,0,0,1,1,0,1,11.00,5.00
"hood|backstop=None,bump_mm=0.5,clearance_mm=2.5,funnel=True,gate=True,retreat=30|v10|stop",battery_cr2032,mat,0.0,1,1,0,0,0,0,0,1,0,1,0,11.00,0.04
"hood|backstop=None,bump_mm=0.5,clearance_mm=2.5,funnel=True,gate=True,retreat=30|v10|stop",battery_cr2032,mat,5.0,1,1,0,0,0,0,0,1,1,0,1,11.01,4.85
"hood|backstop=None,bump_mm=0.5,clearance_mm=2.5,funnel=True,gate=True,retreat=30|v10|stop",battery_cr2032,mat,10.0,1,1,0,0,0,0,0,1,1,0,1,11.01,5.00
"hood|backstop=None,bump_mm=0.5,clearance_mm=2.5,funnel=True,gate=True,retreat=30|v10|stop",bead,flooring,0.0,1,1,0,0,0,0,0,1,0,1,0,5.01,8.76
"hood|backstop=None,bump_mm=0.5,clearance_mm=2.5,funnel=True,gate=True,retreat=30|v10|stop",bead,flooring,5.0,1,1,0,0,0,0,0,1,0,1,0,5.01,1.25
"hood|backstop=None,bump_mm=0.5,clearance_mm=2.5,funnel=True,gate=True,retreat=30|v10|stop",bead,flooring,10.0,1,1,0,0,0,0,0,1,1,0,1,5.00,11.00
"hood|backstop=None,bump_mm=0.5,clearance_mm=2.5,funnel=True,gate=True,retreat=30|v10|stop",bead,mat,0.0,1,1,0,0,0,0,0,1,0,1,0,5.01,8.76
"hood|backstop=None,bump_mm=0.5,clearance_mm=2.5,funnel=True,gate=True,retreat=30|v10|stop",bead,mat,5.0,1,1,0,0,0,0,0,1,0,1,0,5.01,1.25
"hood|backstop=None,bump_mm=0.5,clearance_mm=2.5,funnel=True,gate=True,retreat=30|v10|stop",bead,mat,10.0,1,1,0,0,0,0,0,1,0,1,0,5.01,6.22
"hood|backstop=None,bump_mm=0.5,clearance_mm=2.5,funnel=True,gate=True,retreat=30|v10|stop",coin_1yen,flooring,0.0,1,0,0,1,0,0,0,1,0,1,0,11.01,0.01
"hood|backstop=None,bump_mm=0.5,clearance_mm=2.5,funnel=True,gate=True,retreat=30|v10|stop",coin_1yen,flooring,5.0,1,0,0,1,0,0,0,1,0,1,0,11.00,5.01
"hood|backstop=None,bump_mm=0.5,clearance_mm=2.5,funnel=True,gate=True,retreat=30|v10|stop",coin_1yen,flooring,10.0,1,0,0,1,0,0,0,1,0,1,0,11.00,10.01
"hood|backstop=None,bump_mm=0.5,clearance_mm=2.5,funnel=True,gate=True,retreat=30|v10|stop",coin_1yen,mat,0.0,1,0,0,1,0,0,0,1,0,1,0,11.01,0.01
"hood|backstop=None,bump_mm=0.5,clearance_mm=2.5,funnel=True,gate=True,retreat=30|v10|stop",coin_1yen,mat,5.0,1,0,0,1,0,0,0,1,0,1,0,11.00,5.01
"hood|backstop=None,bump_mm=0.5,clearance_mm=2.5,funnel=True,gate=True,retreat=30|v10|stop",coin_1yen,mat,10.0,1,0,0,1,0,0,0,1,0,1,0,11.00,10.01
"hood|backstop=None,bump_mm=0.5,clearance_mm=2.5,funnel=True,gate=True,retreat=30|v10|stop",crumb_cube,flooring,0.0,1,1,0,0,0,0,0,1,0,1,0,8.07,0.20
"hood|backstop=None,bump_mm=0.5,clearance_mm=2.5,funnel=True,gate=True,retreat=30|v10|stop",crumb_cube,flooring,5.0,1,1,0,0,0,0,0,1,0,1,0,8.07,5.12
"hood|backstop=None,bump_mm=0.5,clearance_mm=2.5,funnel=True,gate=True,retreat=30|v10|stop",crumb_cube,flooring,10.0,1,1,0,0,0,0,0,1,1,0,1,8.07,9.09
"hood|backstop=None,bump_mm=0.5,clearance_mm=2.5,funnel=True,gate=True,retreat=30|v10|stop",crumb_cube,mat,0.0,1,1,0,0,0,0,0,1,0,1,0,8.07,0.20
"hood|backstop=None,bump_mm=0.5,clearance_mm=2.5,funnel=True,gate=True,retreat=30|v10|stop",crumb_cube,mat,5.0,1,1,0,0,0,0,0,1,0,1,0,8.07,5.12
"hood|backstop=None,bump_mm=0.5,clearance_mm=2.5,funnel=True,gate=True,retreat=30|v10|stop",crumb_cube,mat,10.0,1,1,0,0,0,0,0,1,1,0,1,8.07,9.09
"hood|backstop=None,bump_mm=0.5,clearance_mm=3.0,funnel=True,gate=True,retreat=30|v10|stop",battery_cr2032,flooring,0.0,1,1,0,0,0,0,0,1,0,1,0,11.01,0.04
"hood|backstop=None,bump_mm=0.5,clearance_mm=3.0,funnel=True,gate=True,retreat=30|v10|stop",battery_cr2032,flooring,5.0,1,1,0,0,0,0,0,1,1,0,1,11.00,5.00
"hood|backstop=None,bump_mm=0.5,clearance_mm=3.0,funnel=True,gate=True,retreat=30|v10|stop",battery_cr2032,flooring,10.0,1,1,0,0,0,0,0,1,1,0,1,11.00,5.00
"hood|backstop=None,bump_mm=0.5,clearance_mm=3.0,funnel=True,gate=True,retreat=30|v10|stop",battery_cr2032,mat,0.0,1,1,0,0,0,0,0,1,0,1,0,11.00,0.04
"hood|backstop=None,bump_mm=0.5,clearance_mm=3.0,funnel=True,gate=True,retreat=30|v10|stop",battery_cr2032,mat,5.0,1,1,0,0,0,0,0,1,1,0,1,11.00,4.60
"hood|backstop=None,bump_mm=0.5,clearance_mm=3.0,funnel=True,gate=True,retreat=30|v10|stop",battery_cr2032,mat,10.0,1,1,0,0,0,0,0,1,1,0,1,11.00,5.00
"hood|backstop=None,bump_mm=0.5,clearance_mm=3.0,funnel=True,gate=True,retreat=30|v10|stop",bead,flooring,0.0,1,1,0,0,0,0,0,1,0,1,0,5.01,8.76
"hood|backstop=None,bump_mm=0.5,clearance_mm=3.0,funnel=True,gate=True,retreat=30|v10|stop",bead,flooring,5.0,1,1,0,0,0,0,0,1,0,1,0,5.01,1.25
"hood|backstop=None,bump_mm=0.5,clearance_mm=3.0,funnel=True,gate=True,retreat=30|v10|stop",bead,flooring,10.0,1,1,0,0,0,0,0,1,1,0,1,5.00,11.00
"hood|backstop=None,bump_mm=0.5,clearance_mm=3.0,funnel=True,gate=True,retreat=30|v10|stop",bead,mat,0.0,1,1,0,0,0,0,0,1,0,1,0,5.01,8.76
"hood|backstop=None,bump_mm=0.5,clearance_mm=3.0,funnel=True,gate=True,retreat=30|v10|stop",bead,mat,5.0,1,1,0,0,0,0,0,1,0,1,0,5.01,1.25
"hood|backstop=None,bump_mm=0.5,clearance_mm=3.0,funnel=True,gate=True,retreat=30|v10|stop",bead,mat,10.0,1,1,0,0,0,0,0,1,0,1,0,5.01,6.22
"hood|backstop=None,bump_mm=0.5,clearance_mm=3.0,funnel=True,gate=True,retreat=30|v10|stop",coin_1yen,flooring,0.0,1,0,0,1,0,0,0,1,0,1,0,11.01,0.01
"hood|backstop=None,bump_mm=0.5,clearance_mm=3.0,funnel=True,gate=True,retreat=30|v10|stop",coin_1yen,flooring,5.0,1,0,0,1,0,0,0,1,0,1,0,11.00,5.01
"hood|backstop=None,bump_mm=0.5,clearance_mm=3.0,funnel=True,gate=True,retreat=30|v10|stop",coin_1yen,flooring,10.0,1,0,0,1,0,0,0,1,0,1,0,11.00,10.01
"hood|backstop=None,bump_mm=0.5,clearance_mm=3.0,funnel=True,gate=True,retreat=30|v10|stop",coin_1yen,mat,0.0,1,0,0,1,0,0,0,1,0,1,0,11.01,0.01
"hood|backstop=None,bump_mm=0.5,clearance_mm=3.0,funnel=True,gate=True,retreat=30|v10|stop",coin_1yen,mat,5.0,1,0,0,1,0,0,0,1,0,1,0,11.00,5.01
"hood|backstop=None,bump_mm=0.5,clearance_mm=3.0,funnel=True,gate=True,retreat=30|v10|stop",coin_1yen,mat,10.0,1,0,0,1,0,0,0,1,0,1,0,11.00,10.01
"hood|backstop=None,bump_mm=0.5,clearance_mm=3.0,funnel=True,gate=True,retreat=30|v10|stop",crumb_cube,flooring,0.0,1,1,0,0,0,0,0,1,0,1,0,8.07,0.20
"hood|backstop=None,bump_mm=0.5,clearance_mm=3.0,funnel=True,gate=True,retreat=30|v10|stop",crumb_cube,flooring,5.0,1,1,0,0,0,0,0,1,0,1,0,8.07,5.12
"hood|backstop=None,bump_mm=0.5,clearance_mm=3.0,funnel=True,gate=True,retreat=30|v10|stop",crumb_cube,flooring,10.0,1,1,0,0,0,0,0,1,1,0,1,8.07,9.10
"hood|backstop=None,bump_mm=0.5,clearance_mm=3.0,funnel=True,gate=True,retreat=30|v10|stop",crumb_cube,mat,0.0,1,1,0,0,0,0,0,1,0,1,0,8.07,0.20
"hood|backstop=None,bump_mm=0.5,clearance_mm=3.0,funnel=True,gate=True,retreat=30|v10|stop",crumb_cube,mat,5.0,1,1,0,0,0,0,0,1,0,1,0,8.07,5.12
"hood|backstop=None,bump_mm=0.5,clearance_mm=3.0,funnel=True,gate=True,retreat=30|v10|stop",crumb_cube,mat,10.0,1,1,0,0,0,0,0,1,1,0,1,8.07,9.10
"hood|backstop=None,bump_mm=0.5,clearance_mm=4.0,funnel=True,gate=True,retreat=30|v10|stop",battery_cr2032,flooring,0.0,1,0,0,1,0,0,0,1,0,1,0,11.01,0.04
"hood|backstop=None,bump_mm=0.5,clearance_mm=4.0,funnel=True,gate=True,retreat=30|v10|stop",battery_cr2032,flooring,5.0,1,0,0,1,0,0,0,1,0,1,0,11.00,5.45
"hood|backstop=None,bump_mm=0.5,clearance_mm=4.0,funnel=True,gate=True,retreat=30|v10|stop",battery_cr2032,flooring,10.0,1,0,0,1,0,0,0,1,0,1,0,11.01,10.02
"hood|backstop=None,bump_mm=0.5,clearance_mm=4.0,funnel=True,gate=True,retreat=30|v10|stop",battery_cr2032,mat,0.0,1,0,0,1,0,0,0,1,0,1,0,11.00,0.04
"hood|backstop=None,bump_mm=0.5,clearance_mm=4.0,funnel=True,gate=True,retreat=30|v10|stop",battery_cr2032,mat,5.0,1,0,0,1,0,0,0,1,0,1,0,11.01,5.98
"hood|backstop=None,bump_mm=0.5,clearance_mm=4.0,funnel=True,gate=True,retreat=30|v10|stop",battery_cr2032,mat,10.0,1,0,0,1,0,0,0,1,0,1,0,11.01,10.02
"hood|backstop=None,bump_mm=0.5,clearance_mm=4.0,funnel=True,gate=True,retreat=30|v10|stop",bead,flooring,0.0,1,1,0,0,0,0,0,1,0,1,0,5.01,8.76
"hood|backstop=None,bump_mm=0.5,clearance_mm=4.0,funnel=True,gate=True,retreat=30|v10|stop",bead,flooring,5.0,1,1,0,0,0,0,0,1,0,1,0,5.01,1.25
"hood|backstop=None,bump_mm=0.5,clearance_mm=4.0,funnel=True,gate=True,retreat=30|v10|stop",bead,flooring,10.0,1,1,0,0,0,0,0,1,1,0,1,5.00,11.00
"hood|backstop=None,bump_mm=0.5,clearance_mm=4.0,funnel=True,gate=True,retreat=30|v10|stop",bead,mat,0.0,1,1,0,0,0,0,0,1,0,1,0,5.01,8.76
"hood|backstop=None,bump_mm=0.5,clearance_mm=4.0,funnel=True,gate=True,retreat=30|v10|stop",bead,mat,5.0,1,1,0,0,0,0,0,1,0,1,0,5.01,1.25
"hood|backstop=None,bump_mm=0.5,clearance_mm=4.0,funnel=True,gate=True,retreat=30|v10|stop",bead,mat,10.0,1,1,0,0,0,0,0,1,0,1,0,5.01,6.22
"hood|backstop=None,bump_mm=0.5,clearance_mm=4.0,funnel=True,gate=True,retreat=30|v10|stop",coin_1yen,flooring,0.0,1,0,0,1,0,0,0,1,0,1,0,11.01,0.01
"hood|backstop=None,bump_mm=0.5,clearance_mm=4.0,funnel=True,gate=True,retreat=30|v10|stop",coin_1yen,flooring,5.0,1,0,0,1,0,0,0,1,0,1,0,11.00,5.01
"hood|backstop=None,bump_mm=0.5,clearance_mm=4.0,funnel=True,gate=True,retreat=30|v10|stop",coin_1yen,flooring,10.0,1,0,0,1,0,0,0,1,0,1,0,11.00,10.01
"hood|backstop=None,bump_mm=0.5,clearance_mm=4.0,funnel=True,gate=True,retreat=30|v10|stop",coin_1yen,mat,0.0,1,0,0,1,0,0,0,1,0,1,0,11.01,0.01
"hood|backstop=None,bump_mm=0.5,clearance_mm=4.0,funnel=True,gate=True,retreat=30|v10|stop",coin_1yen,mat,5.0,1,0,0,1,0,0,0,1,0,1,0,11.00,5.01
"hood|backstop=None,bump_mm=0.5,clearance_mm=4.0,funnel=True,gate=True,retreat=30|v10|stop",coin_1yen,mat,10.0,1,0,0,1,0,0,0,1,0,1,0,11.00,10.01
"hood|backstop=None,bump_mm=0.5,clearance_mm=4.0,funnel=True,gate=True,retreat=30|v10|stop",crumb_cube,flooring,0.0,1,1,0,0,0,0,0,1,0,1,0,8.07,0.20
"hood|backstop=None,bump_mm=0.5,clearance_mm=4.0,funnel=True,gate=True,retreat=30|v10|stop",crumb_cube,flooring,5.0,1,1,0,0,0,0,0,1,0,1,0,8.07,5.12
"hood|backstop=None,bump_mm=0.5,clearance_mm=4.0,funnel=True,gate=True,retreat=30|v10|stop",crumb_cube,flooring,10.0,1,1,0,0,0,0,0,1,1,0,1,8.08,9.10
"hood|backstop=None,bump_mm=0.5,clearance_mm=4.0,funnel=True,gate=True,retreat=30|v10|stop",crumb_cube,mat,0.0,1,1,0,0,0,0,0,1,0,1,0,8.07,0.20
"hood|backstop=None,bump_mm=0.5,clearance_mm=4.0,funnel=True,gate=True,retreat=30|v10|stop",crumb_cube,mat,5.0,1,1,0,0,0,0,0,1,0,1,0,8.07,5.12
"hood|backstop=None,bump_mm=0.5,clearance_mm=4.0,funnel=True,gate=True,retreat=30|v10|stop",crumb_cube,mat,10.0,1,1,0,0,0,0,0,1,1,0,1,8.08,9.10
"hood|backstop=None,clearance_mm=0.0,funnel=True,gate=True,mu_floor_scale=0.7,mu_wall_scale=0.7,retreat=30|v10|stop",battery_cr2032,flooring,0.0,1,1,0,0,0,0,0,1,0,1,0,11.00,0.01
"hood|backstop=None,clearance_mm=0.0,funnel=True,gate=True,mu_floor_scale=0.7,mu_wall_scale=0.7,retreat=30|v10|stop",battery_cr2032,flooring,5.0,1,1,0,0,0,0,0,1,0,1,0,11.01,5.00
"hood|backstop=None,clearance_mm=0.0,funnel=True,gate=True,mu_floor_scale=0.7,mu_wall_scale=0.7,retreat=30|v10|stop",battery_cr2032,flooring,10.0,1,1,0,0,0,0,0,1,1,0,1,11.01,4.75
"hood|backstop=None,clearance_mm=0.0,funnel=True,gate=True,mu_floor_scale=0.7,mu_wall_scale=0.7,retreat=30|v10|stop",battery_cr2032,mat,0.0,1,1,0,0,0,0,0,1,0,1,0,11.01,0.01
"hood|backstop=None,clearance_mm=0.0,funnel=True,gate=True,mu_floor_scale=0.7,mu_wall_scale=0.7,retreat=30|v10|stop",battery_cr2032,mat,5.0,1,1,0,0,0,0,0,1,0,1,0,11.01,5.00
"hood|backstop=None,clearance_mm=0.0,funnel=True,gate=True,mu_floor_scale=0.7,mu_wall_scale=0.7,retreat=30|v10|stop",battery_cr2032,mat,10.0,1,1,0,0,0,0,0,1,1,0,1,11.00,4.57
"hood|backstop=None,clearance_mm=0.0,funnel=True,gate=True,mu_floor_scale=0.7,mu_wall_scale=0.7,retreat=30|v10|stop",bead,flooring,0.0,1,1,0,0,0,0,0,1,0,1,0,5.01,0.00
"hood|backstop=None,clearance_mm=0.0,funnel=True,gate=True,mu_floor_scale=0.7,mu_wall_scale=0.7,retreat=30|v10|stop",bead,flooring,5.0,1,1,0,0,0,0,0,1,0,1,0,5.01,5.00
"hood|backstop=None,clearance_mm=0.0,funnel=True,gate=True,mu_floor_scale=0.7,mu_wall_scale=0.7,retreat=30|v10|stop",bead,flooring,10.0,1,1,0,0,0,0,0,1,0,1,0,5.00,10.00
"hood|backstop=None,clearance_mm=0.0,funnel=True,gate=True,mu_floor_scale=0.7,mu_wall_scale=0.7,retreat=30|v10|stop",bead,mat,0.0,1,1,0,0,0,0,0,1,0,1,0,5.01,0.00
"hood|backstop=None,clearance_mm=0.0,funnel=True,gate=True,mu_floor_scale=0.7,mu_wall_scale=0.7,retreat=30|v10|stop",bead,mat,5.0,1,1,0,0,0,0,0,1,0,1,0,5.01,5.00
"hood|backstop=None,clearance_mm=0.0,funnel=True,gate=True,mu_floor_scale=0.7,mu_wall_scale=0.7,retreat=30|v10|stop",bead,mat,10.0,1,1,0,0,0,0,0,1,0,1,0,5.00,10.00
"hood|backstop=None,clearance_mm=0.0,funnel=True,gate=True,mu_floor_scale=0.7,mu_wall_scale=0.7,retreat=30|v10|stop",coin_1yen,flooring,0.0,1,1,0,0,0,0,0,1,0,1,0,11.00,0.00
"hood|backstop=None,clearance_mm=0.0,funnel=True,gate=True,mu_floor_scale=0.7,mu_wall_scale=0.7,retreat=30|v10|stop",coin_1yen,flooring,5.0,1,1,0,0,0,0,0,1,0,1,0,11.01,5.00
"hood|backstop=None,clearance_mm=0.0,funnel=True,gate=True,mu_floor_scale=0.7,mu_wall_scale=0.7,retreat=30|v10|stop",coin_1yen,flooring,10.0,1,0,0,0,1,0,0,0,1,0,0,,
"hood|backstop=None,clearance_mm=0.0,funnel=True,gate=True,mu_floor_scale=0.7,mu_wall_scale=0.7,retreat=30|v10|stop",coin_1yen,mat,0.0,1,1,0,0,0,0,0,1,0,1,0,11.00,0.00
"hood|backstop=None,clearance_mm=0.0,funnel=True,gate=True,mu_floor_scale=0.7,mu_wall_scale=0.7,retreat=30|v10|stop",coin_1yen,mat,5.0,1,1,0,0,0,0,0,1,0,1,0,11.00,5.00
"hood|backstop=None,clearance_mm=0.0,funnel=True,gate=True,mu_floor_scale=0.7,mu_wall_scale=0.7,retreat=30|v10|stop",coin_1yen,mat,10.0,1,0,0,0,1,0,0,0,1,0,0,,
"hood|backstop=None,clearance_mm=0.0,funnel=True,gate=True,mu_floor_scale=0.7,mu_wall_scale=0.7,retreat=30|v10|stop",crumb_cube,flooring,0.0,1,1,0,0,0,0,0,1,0,1,0,8.07,0.00
"hood|backstop=None,clearance_mm=0.0,funnel=True,gate=True,mu_floor_scale=0.7,mu_wall_scale=0.7,retreat=30|v10|stop",crumb_cube,flooring,5.0,1,1,0,0,0,0,0,1,0,1,0,8.07,5.00
"hood|backstop=None,clearance_mm=0.0,funnel=True,gate=True,mu_floor_scale=0.7,mu_wall_scale=0.7,retreat=30|v10|stop",crumb_cube,flooring,10.0,1,1,0,0,0,0,0,1,1,0,1,8.08,8.75
"hood|backstop=None,clearance_mm=0.0,funnel=True,gate=True,mu_floor_scale=0.7,mu_wall_scale=0.7,retreat=30|v10|stop",crumb_cube,mat,0.0,1,1,0,0,0,0,0,1,0,1,0,8.07,0.00
"hood|backstop=None,clearance_mm=0.0,funnel=True,gate=True,mu_floor_scale=0.7,mu_wall_scale=0.7,retreat=30|v10|stop",crumb_cube,mat,5.0,1,1,0,0,0,0,0,1,0,1,0,8.07,5.00
"hood|backstop=None,clearance_mm=0.0,funnel=True,gate=True,mu_floor_scale=0.7,mu_wall_scale=0.7,retreat=30|v10|stop",crumb_cube,mat,10.0,1,1,0,0,0,0,0,1,1,0,1,8.08,8.75
"hood|backstop=None,clearance_mm=0.0,funnel=True,gate=True,mu_floor_scale=0.7,mu_wall_scale=1.0,retreat=30|v10|stop",battery_cr2032,flooring,0.0,1,1,0,0,0,0,0,1,0,1,0,11.00,0.01
"hood|backstop=None,clearance_mm=0.0,funnel=True,gate=True,mu_floor_scale=0.7,mu_wall_scale=1.0,retreat=30|v10|stop",battery_cr2032,flooring,5.0,1,1,0,0,0,0,0,1,0,1,0,11.01,5.00
"hood|backstop=None,clearance_mm=0.0,funnel=True,gate=True,mu_floor_scale=0.7,mu_wall_scale=1.0,retreat=30|v10|stop",battery_cr2032,flooring,10.0,1,0,0,0,1,0,0,0,1,0,0,,
"hood|backstop=None,clearance_mm=0.0,funnel=True,gate=True,mu_floor_scale=0.7,mu_wall_scale=1.0,retreat=30|v10|stop",battery_cr2032,mat,0.0,1,1,0,0,0,0,0,1,0,1,0,11.01,0.01
"hood|backstop=None,clearance_mm=0.0,funnel=True,gate=True,mu_floor_scale=0.7,mu_wall_scale=1.0,retreat=30|v10|stop",battery_cr2032,mat,5.0,1,1,0,0,0,0,0,1,0,1,0,11.01,5.00
"hood|backstop=None,clearance_mm=0.0,funnel=True,gate=True,mu_floor_scale=0.7,mu_wall_scale=1.0,retreat=30|v10|stop",battery_cr2032,mat,10.0,1,1,0,0,0,0,0,1,1,0,1,11.00,4.45
"hood|backstop=None,clearance_mm=0.0,funnel=True,gate=True,mu_floor_scale=0.7,mu_wall_scale=1.0,retreat=30|v10|stop",bead,flooring,0.0,1,1,0,0,0,0,0,1,0,1,0,5.01,0.00
"hood|backstop=None,clearance_mm=0.0,funnel=True,gate=True,mu_floor_scale=0.7,mu_wall_scale=1.0,retreat=30|v10|stop",bead,flooring,5.0,1,1,0,0,0,0,0,1,0,1,0,5.01,5.00
"hood|backstop=None,clearance_mm=0.0,funnel=True,gate=True,mu_floor_scale=0.7,mu_wall_scale=1.0,retreat=30|v10|stop",bead,flooring,10.0,1,1,0,0,0,0,0,1,0,1,0,5.00,10.00
"hood|backstop=None,clearance_mm=0.0,funnel=True,gate=True,mu_floor_scale=0.7,mu_wall_scale=1.0,retreat=30|v10|stop",bead,mat,0.0,1,1,0,0,0,0,0,1,0,1,0,5.01,0.00
"hood|backstop=None,clearance_mm=0.0,funnel=True,gate=True,mu_floor_scale=0.7,mu_wall_scale=1.0,retreat=30|v10|stop",bead,mat,5.0,1,1,0,0,0,0,0,1,0,1,0,5.01,5.00
"hood|backstop=None,clearance_mm=0.0,funnel=True,gate=True,mu_floor_scale=0.7,mu_wall_scale=1.0,retreat=30|v10|stop",bead,mat,10.0,1,1,0,0,0,0,0,1,0,1,0,5.00,10.00
"hood|backstop=None,clearance_mm=0.0,funnel=True,gate=True,mu_floor_scale=0.7,mu_wall_scale=1.0,retreat=30|v10|stop",coin_1yen,flooring,0.0,1,1,0,0,0,0,0,1,0,1,0,11.00,0.00
"hood|backstop=None,clearance_mm=0.0,funnel=True,gate=True,mu_floor_scale=0.7,mu_wall_scale=1.0,retreat=30|v10|stop",coin_1yen,flooring,5.0,1,1,0,0,0,0,0,1,0,1,0,11.00,5.00
"hood|backstop=None,clearance_mm=0.0,funnel=True,gate=True,mu_floor_scale=0.7,mu_wall_scale=1.0,retreat=30|v10|stop",coin_1yen,flooring,10.0,1,0,0,0,1,0,0,0,1,0,0,,
"hood|backstop=None,clearance_mm=0.0,funnel=True,gate=True,mu_floor_scale=0.7,mu_wall_scale=1.0,retreat=30|v10|stop",coin_1yen,mat,0.0,1,1,0,0,0,0,0,1,0,1,0,11.00,0.00
"hood|backstop=None,clearance_mm=0.0,funnel=True,gate=True,mu_floor_scale=0.7,mu_wall_scale=1.0,retreat=30|v10|stop",coin_1yen,mat,5.0,1,1,0,0,0,0,0,1,0,1,0,11.00,5.00
"hood|backstop=None,clearance_mm=0.0,funnel=True,gate=True,mu_floor_scale=0.7,mu_wall_scale=1.0,retreat=30|v10|stop",coin_1yen,mat,10.0,1,0,0,0,1,0,0,0,1,0,0,,
"hood|backstop=None,clearance_mm=0.0,funnel=True,gate=True,mu_floor_scale=0.7,mu_wall_scale=1.0,retreat=30|v10|stop",crumb_cube,flooring,0.0,1,1,0,0,0,0,0,1,0,1,0,8.07,0.00
"hood|backstop=None,clearance_mm=0.0,funnel=True,gate=True,mu_floor_scale=0.7,mu_wall_scale=1.0,retreat=30|v10|stop",crumb_cube,flooring,5.0,1,1,0,0,0,0,0,1,0,1,0,8.07,5.00
"hood|backstop=None,clearance_mm=0.0,funnel=True,gate=True,mu_floor_scale=0.7,mu_wall_scale=1.0,retreat=30|v10|stop",crumb_cube,flooring,10.0,1,1,0,0,0,0,0,1,1,0,1,8.08,8.79
"hood|backstop=None,clearance_mm=0.0,funnel=True,gate=True,mu_floor_scale=0.7,mu_wall_scale=1.0,retreat=30|v10|stop",crumb_cube,mat,0.0,1,1,0,0,0,0,0,1,0,1,0,8.07,0.00
"hood|backstop=None,clearance_mm=0.0,funnel=True,gate=True,mu_floor_scale=0.7,mu_wall_scale=1.0,retreat=30|v10|stop",crumb_cube,mat,5.0,1,1,0,0,0,0,0,1,0,1,0,8.07,5.00
"hood|backstop=None,clearance_mm=0.0,funnel=True,gate=True,mu_floor_scale=0.7,mu_wall_scale=1.0,retreat=30|v10|stop",crumb_cube,mat,10.0,1,1,0,0,0,0,0,1,1,0,1,8.08,8.79
"hood|backstop=None,clearance_mm=0.0,funnel=True,gate=True,mu_floor_scale=0.7,mu_wall_scale=1.4,retreat=30|v10|stop",battery_cr2032,flooring,0.0,1,1,0,0,0,0,0,1,0,1,0,11.00,0.01
"hood|backstop=None,clearance_mm=0.0,funnel=True,gate=True,mu_floor_scale=0.7,mu_wall_scale=1.4,retreat=30|v10|stop",battery_cr2032,flooring,5.0,1,1,0,0,0,0,0,1,0,1,0,11.01,5.00
"hood|backstop=None,clearance_mm=0.0,funnel=True,gate=True,mu_floor_scale=0.7,mu_wall_scale=1.4,retreat=30|v10|stop",battery_cr2032,flooring,10.0,1,0,0,0,1,0,0,0,1,0,0,,
"hood|backstop=None,clearance_mm=0.0,funnel=True,gate=True,mu_floor_scale=0.7,mu_wall_scale=1.4,retreat=30|v10|stop",battery_cr2032,mat,0.0,1,1,0,0,0,0,0,1,0,1,0,11.01,0.01
"hood|backstop=None,clearance_mm=0.0,funnel=True,gate=True,mu_floor_scale=0.7,mu_wall_scale=1.4,retreat=30|v10|stop",battery_cr2032,mat,5.0,1,1,0,0,0,0,0,1,0,1,0,11.01,5.00
"hood|backstop=None,clearance_mm=0.0,funnel=True,gate=True,mu_floor_scale=0.7,mu_wall_scale=1.4,retreat=30|v10|stop",battery_cr2032,mat,10.0,1,1,0,0,0,0,0,1,1,0,1,11.00,4.86
"hood|backstop=None,clearance_mm=0.0,funnel=True,gate=True,mu_floor_scale=0.7,mu_wall_scale=1.4,retreat=30|v10|stop",bead,flooring,0.0,1,1,0,0,0,0,0,1,0,1,0,5.01,0.00
"hood|backstop=None,clearance_mm=0.0,funnel=True,gate=True,mu_floor_scale=0.7,mu_wall_scale=1.4,retreat=30|v10|stop",bead,flooring,5.0,1,1,0,0,0,0,0,1,0,1,0,5.01,5.00
"hood|backstop=None,clearance_mm=0.0,funnel=True,gate=True,mu_floor_scale=0.7,mu_wall_scale=1.4,retreat=30|v10|stop",bead,flooring,10.0,1,1,0,0,0,0,0,1,0,1,0,5.00,10.00
"hood|backstop=None,clearance_mm=0.0,funnel=True,gate=True,mu_floor_scale=0.7,mu_wall_scale=1.4,retreat=30|v10|stop",bead,mat,0.0,1,1,0,0,0,0,0,1,0,1,0,5.01,0.00
"hood|backstop=None,clearance_mm=0.0,funnel=True,gate=True,mu_floor_scale=0.7,mu_wall_scale=1.4,retreat=30|v10|stop",bead,mat,5.0,1,1,0,0,0,0,0,1,0,1,0,5.01,5.00
"hood|backstop=None,clearance_mm=0.0,funnel=True,gate=True,mu_floor_scale=0.7,mu_wall_scale=1.4,retreat=30|v10|stop",bead,mat,10.0,1,1,0,0,0,0,0,1,0,1,0,5.00,10.00
"hood|backstop=None,clearance_mm=0.0,funnel=True,gate=True,mu_floor_scale=0.7,mu_wall_scale=1.4,retreat=30|v10|stop",coin_1yen,flooring,0.0,1,1,0,0,0,0,0,1,0,1,0,11.00,0.00
"hood|backstop=None,clearance_mm=0.0,funnel=True,gate=True,mu_floor_scale=0.7,mu_wall_scale=1.4,retreat=30|v10|stop",coin_1yen,flooring,5.0,1,1,0,0,0,0,0,1,0,1,0,11.00,5.00
"hood|backstop=None,clearance_mm=0.0,funnel=True,gate=True,mu_floor_scale=0.7,mu_wall_scale=1.4,retreat=30|v10|stop",coin_1yen,flooring,10.0,1,0,1,0,0,0,0,1,1,0,1,11.02,3.82
"hood|backstop=None,clearance_mm=0.0,funnel=True,gate=True,mu_floor_scale=0.7,mu_wall_scale=1.4,retreat=30|v10|stop",coin_1yen,mat,0.0,1,1,0,0,0,0,0,1,0,1,0,11.00,0.00
"hood|backstop=None,clearance_mm=0.0,funnel=True,gate=True,mu_floor_scale=0.7,mu_wall_scale=1.4,retreat=30|v10|stop",coin_1yen,mat,5.0,1,1,0,0,0,0,0,1,0,1,0,11.01,5.00
"hood|backstop=None,clearance_mm=0.0,funnel=True,gate=True,mu_floor_scale=0.7,mu_wall_scale=1.4,retreat=30|v10|stop",coin_1yen,mat,10.0,1,0,0,0,1,0,0,0,1,0,0,,
"hood|backstop=None,clearance_mm=0.0,funnel=True,gate=True,mu_floor_scale=0.7,mu_wall_scale=1.4,retreat=30|v10|stop",crumb_cube,flooring,0.0,1,1,0,0,0,0,0,1,0,1,0,8.07,0.00
"hood|backstop=None,clearance_mm=0.0,funnel=True,gate=True,mu_floor_scale=0.7,mu_wall_scale=1.4,retreat=30|v10|stop",crumb_cube,flooring,5.0,1,1,0,0,0,0,0,1,0,1,0,8.07,5.00
"hood|backstop=None,clearance_mm=0.0,funnel=True,gate=True,mu_floor_scale=0.7,mu_wall_scale=1.4,retreat=30|v10|stop",crumb_cube,flooring,10.0,1,1,0,0,0,0,0,1,1,0,1,8.08,8.85
"hood|backstop=None,clearance_mm=0.0,funnel=True,gate=True,mu_floor_scale=0.7,mu_wall_scale=1.4,retreat=30|v10|stop",crumb_cube,mat,0.0,1,1,0,0,0,0,0,1,0,1,0,8.07,0.00
"hood|backstop=None,clearance_mm=0.0,funnel=True,gate=True,mu_floor_scale=0.7,mu_wall_scale=1.4,retreat=30|v10|stop",crumb_cube,mat,5.0,1,1,0,0,0,0,0,1,0,1,0,8.07,5.00
"hood|backstop=None,clearance_mm=0.0,funnel=True,gate=True,mu_floor_scale=0.7,mu_wall_scale=1.4,retreat=30|v10|stop",crumb_cube,mat,10.0,1,1,0,0,0,0,0,1,1,0,1,8.08,8.85
"hood|backstop=None,clearance_mm=0.0,funnel=True,gate=True,mu_floor_scale=1.0,mu_wall_scale=0.7,retreat=30|v10|stop",battery_cr2032,flooring,0.0,1,1,0,0,0,0,0,1,0,1,0,11.00,0.01
"hood|backstop=None,clearance_mm=0.0,funnel=True,gate=True,mu_floor_scale=1.0,mu_wall_scale=0.7,retreat=30|v10|stop",battery_cr2032,flooring,5.0,1,1,0,0,0,0,0,1,0,1,0,11.01,5.00
"hood|backstop=None,clearance_mm=0.0,funnel=True,gate=True,mu_floor_scale=1.0,mu_wall_scale=0.7,retreat=30|v10|stop",battery_cr2032,flooring,10.0,1,0,0,0,1,0,0,0,1,0,0,,
"hood|backstop=None,clearance_mm=0.0,funnel=True,gate=True,mu_floor_scale=1.0,mu_wall_scale=0.7,retreat=30|v10|stop",battery_cr2032,mat,0.0,1,1,0,0,0,0,0,1,0,1,0,11.00,0.01
"hood|backstop=None,clearance_mm=0.0,funnel=True,gate=True,mu_floor_scale=1.0,mu_wall_scale=0.7,retreat=30|v10|stop",battery_cr2032,mat,5.0,1,1,0,0,0,0,0,1,0,1,0,11.01,5.00
"hood|backstop=None,clearance_mm=0.0,funnel=True,gate=True,mu_floor_scale=1.0,mu_wall_scale=0.7,retreat=30|v10|stop",battery_cr2032,mat,10.0,1,0,0,0,1,0,0,0,1,0,0,,
"hood|backstop=None,clearance_mm=0.0,funnel=True,gate=True,mu_floor_scale=1.0,mu_wall_scale=0.7,retreat=30|v10|stop",bead,flooring,0.0,1,1,0,0,0,0,0,1,0,1,0,5.01,0.00
"hood|backstop=None,clearance_mm=0.0,funnel=True,gate=True,mu_floor_scale=1.0,mu_wall_scale=0.7,retreat=30|v10|stop",bead,flooring,5.0,1,1,0,0,0,0,0,1,0,1,0,5.01,5.00
"hood|backstop=None,clearance_mm=0.0,funnel=True,gate=True,mu_floor_scale=1.0,mu_wall_scale=0.7,retreat=30|v10|stop",bead,flooring,10.0,1,1,0,0,0,0,0,1,0,1,0,5.00,10.00
"hood|backstop=None,clearance_mm=0.0,funnel=True,gate=True,mu_floor_scale=1.0,mu_wall_scale=0.7,retreat=30|v10|stop",bead,mat,0.0,1,1,0,0,0,0,0,1,0,1,0,5.01,0.00
"hood|backstop=None,clearance_mm=0.0,funnel=True,gate=True,mu_floor_scale=1.0,mu_wall_scale=0.7,retreat=30|v10|stop",bead,mat,5.0,1,1,0,0,0,0,0,1,0,1,0,5.01,5.00
"hood|backstop=None,clearance_mm=0.0,funnel=True,gate=True,mu_floor_scale=1.0,mu_wall_scale=0.7,retreat=30|v10|stop",bead,mat,10.0,1,1,0,0,0,0,0,1,0,1,0,5.00,10.00
"hood|backstop=None,clearance_mm=0.0,funnel=True,gate=True,mu_floor_scale=1.0,mu_wall_scale=0.7,retreat=30|v10|stop",coin_1yen,flooring,0.0,1,1,0,0,0,0,0,1,0,1,0,11.00,0.00
"hood|backstop=None,clearance_mm=0.0,funnel=True,gate=True,mu_floor_scale=1.0,mu_wall_scale=0.7,retreat=30|v10|stop",coin_1yen,flooring,5.0,1,1,0,0,0,0,0,1,0,1,0,11.00,5.00
"hood|backstop=None,clearance_mm=0.0,funnel=True,gate=True,mu_floor_scale=1.0,mu_wall_scale=0.7,retreat=30|v10|stop",coin_1yen,flooring,10.0,1,0,0,0,1,0,0,0,1,0,0,,
"hood|backstop=None,clearance_mm=0.0,funnel=True,gate=True,mu_floor_scale=1.0,mu_wall_scale=0.7,retreat=30|v10|stop",coin_1yen,mat,0.0,1,1,0,0,0,0,0,1,0,1,0,11.00,0.00
"hood|backstop=None,clearance_mm=0.0,funnel=True,gate=True,mu_floor_scale=1.0,mu_wall_scale=0.7,retreat=30|v10|stop",coin_1yen,mat,5.0,1,1,0,0,0,0,0,1,0,1,0,11.00,5.00
"hood|backstop=None,clearance_mm=0.0,funnel=True,gate=True,mu_floor_scale=1.0,mu_wall_scale=0.7,retreat=30|v10|stop",coin_1yen,mat,10.0,1,0,0,0,1,0,0,0,1,0,0,,
"hood|backstop=None,clearance_mm=0.0,funnel=True,gate=True,mu_floor_scale=1.0,mu_wall_scale=0.7,retreat=30|v10|stop",crumb_cube,flooring,0.0,1,1,0,0,0,0,0,1,0,1,0,8.07,0.00
"hood|backstop=None,clearance_mm=0.0,funnel=True,gate=True,mu_floor_scale=1.0,mu_wall_scale=0.7,retreat=30|v10|stop",crumb_cube,flooring,5.0,1,1,0,0,0,0,0,1,0,1,0,8.07,5.00
"hood|backstop=None,clearance_mm=0.0,funnel=True,gate=True,mu_floor_scale=1.0,mu_wall_scale=0.7,retreat=30|v10|stop",crumb_cube,flooring,10.0,1,1,0,0,0,0,0,1,1,0,1,8.08,8.79
"hood|backstop=None,clearance_mm=0.0,funnel=True,gate=True,mu_floor_scale=1.0,mu_wall_scale=0.7,retreat=30|v10|stop",crumb_cube,mat,0.0,1,1,0,0,0,0,0,1,0,1,0,8.07,0.00
"hood|backstop=None,clearance_mm=0.0,funnel=True,gate=True,mu_floor_scale=1.0,mu_wall_scale=0.7,retreat=30|v10|stop",crumb_cube,mat,5.0,1,1,0,0,0,0,0,1,0,1,0,8.07,5.00
"hood|backstop=None,clearance_mm=0.0,funnel=True,gate=True,mu_floor_scale=1.0,mu_wall_scale=0.7,retreat=30|v10|stop",crumb_cube,mat,10.0,1,1,0,0,0,0,0,1,1,0,1,8.08,8.79
"hood|backstop=None,clearance_mm=0.0,funnel=True,gate=True,mu_floor_scale=1.0,mu_wall_scale=1.0,retreat=30|v10|stop",battery_cr2032,flooring,0.0,1,1,0,0,0,0,0,1,0,1,0,11.00,0.01
"hood|backstop=None,clearance_mm=0.0,funnel=True,gate=True,mu_floor_scale=1.0,mu_wall_scale=1.0,retreat=30|v10|stop",battery_cr2032,flooring,5.0,1,1,0,0,0,0,0,1,0,1,0,11.01,5.00
"hood|backstop=None,clearance_mm=0.0,funnel=True,gate=True,mu_floor_scale=1.0,mu_wall_scale=1.0,retreat=30|v10|stop",battery_cr2032,flooring,10.0,1,0,0,0,1,0,0,0,1,0,0,,
"hood|backstop=None,clearance_mm=0.0,funnel=True,gate=True,mu_floor_scale=1.0,mu_wall_scale=1.0,retreat=30|v10|stop",battery_cr2032,mat,0.0,1,1,0,0,0,0,0,1,0,1,0,11.00,0.01
"hood|backstop=None,clearance_mm=0.0,funnel=True,gate=True,mu_floor_scale=1.0,mu_wall_scale=1.0,retreat=30|v10|stop",battery_cr2032,mat,5.0,1,1,0,0,0,0,0,1,0,1,0,11.01,5.00
"hood|backstop=None,clearance_mm=0.0,funnel=True,gate=True,mu_floor_scale=1.0,mu_wall_scale=1.0,retreat=30|v10|stop",battery_cr2032,mat,10.0,1,1,0,0,0,0,0,1,1,0,1,11.01,4.06
"hood|backstop=None,clearance_mm=0.0,funnel=True,gate=True,mu_floor_scale=1.0,mu_wall_scale=1.0,retreat=30|v10|stop",bead,flooring,0.0,1,1,0,0,0,0,0,1,0,1,0,5.01,0.00
"hood|backstop=None,clearance_mm=0.0,funnel=True,gate=True,mu_floor_scale=1.0,mu_wall_scale=1.0,retreat=30|v10|stop",bead,flooring,5.0,1,1,0,0,0,0,0,1,0,1,0,5.01,5.00
"hood|backstop=None,clearance_mm=0.0,funnel=True,gate=True,mu_floor_scale=1.0,mu_wall_scale=1.0,retreat=30|v10|stop",bead,flooring,10.0,1,1,0,0,0,0,0,1,0,1,0,5.00,10.00
"hood|backstop=None,clearance_mm=0.0,funnel=True,gate=True,mu_floor_scale=1.0,mu_wall_scale=1.0,retreat=30|v10|stop",bead,mat,0.0,1,1,0,0,0,0,0,1,0,1,0,5.01,0.00
"hood|backstop=None,clearance_mm=0.0,funnel=True,gate=True,mu_floor_scale=1.0,mu_wall_scale=1.0,retreat=30|v10|stop",bead,mat,5.0,1,1,0,0,0,0,0,1,0,1,0,5.01,5.00
"hood|backstop=None,clearance_mm=0.0,funnel=True,gate=True,mu_floor_scale=1.0,mu_wall_scale=1.0,retreat=30|v10|stop",bead,mat,10.0,1,1,0,0,0,0,0,1,0,1,0,5.00,10.00
"hood|backstop=None,clearance_mm=0.0,funnel=True,gate=True,mu_floor_scale=1.0,mu_wall_scale=1.0,retreat=30|v10|stop",coin_1yen,flooring,0.0,1,1,0,0,0,0,0,1,0,1,0,11.00,0.00
"hood|backstop=None,clearance_mm=0.0,funnel=True,gate=True,mu_floor_scale=1.0,mu_wall_scale=1.0,retreat=30|v10|stop",coin_1yen,flooring,5.0,1,1,0,0,0,0,0,1,0,1,0,11.01,5.00
"hood|backstop=None,clearance_mm=0.0,funnel=True,gate=True,mu_floor_scale=1.0,mu_wall_scale=1.0,retreat=30|v10|stop",coin_1yen,flooring,10.0,1,0,0,0,1,0,0,0,1,0,0,,
"hood|backstop=None,clearance_mm=0.0,funnel=True,gate=True,mu_floor_scale=1.0,mu_wall_scale=1.0,retreat=30|v10|stop",coin_1yen,mat,0.0,1,1,0,0,0,0,0,1,0,1,0,11.00,0.00
"hood|backstop=None,clearance_mm=0.0,funnel=True,gate=True,mu_floor_scale=1.0,mu_wall_scale=1.0,retreat=30|v10|stop",coin_1yen,mat,5.0,1,1,0,0,0,0,0,1,0,1,0,11.00,5.00
"hood|backstop=None,clearance_mm=0.0,funnel=True,gate=True,mu_floor_scale=1.0,mu_wall_scale=1.0,retreat=30|v10|stop",coin_1yen,mat,10.0,1,0,0,0,1,0,0,0,1,0,0,,
"hood|backstop=None,clearance_mm=0.0,funnel=True,gate=True,mu_floor_scale=1.0,mu_wall_scale=1.0,retreat=30|v10|stop",crumb_cube,flooring,0.0,1,1,0,0,0,0,0,1,0,1,0,8.07,0.00
"hood|backstop=None,clearance_mm=0.0,funnel=True,gate=True,mu_floor_scale=1.0,mu_wall_scale=1.0,retreat=30|v10|stop",crumb_cube,flooring,5.0,1,1,0,0,0,0,0,1,0,1,0,8.07,5.00
"hood|backstop=None,clearance_mm=0.0,funnel=True,gate=True,mu_floor_scale=1.0,mu_wall_scale=1.0,retreat=30|v10|stop",crumb_cube,flooring,10.0,1,1,0,0,0,0,0,1,1,0,1,8.08,8.83
"hood|backstop=None,clearance_mm=0.0,funnel=True,gate=True,mu_floor_scale=1.0,mu_wall_scale=1.0,retreat=30|v10|stop",crumb_cube,mat,0.0,1,1,0,0,0,0,0,1,0,1,0,8.07,0.00
"hood|backstop=None,clearance_mm=0.0,funnel=True,gate=True,mu_floor_scale=1.0,mu_wall_scale=1.0,retreat=30|v10|stop",crumb_cube,mat,5.0,1,1,0,0,0,0,0,1,0,1,0,8.07,5.00
"hood|backstop=None,clearance_mm=0.0,funnel=True,gate=True,mu_floor_scale=1.0,mu_wall_scale=1.0,retreat=30|v10|stop",crumb_cube,mat,10.0,1,1,0,0,0,0,0,1,1,0,1,8.08,8.83
"hood|backstop=None,clearance_mm=0.0,funnel=True,gate=True,mu_floor_scale=1.0,mu_wall_scale=1.4,retreat=30|v10|stop",battery_cr2032,flooring,0.0,1,1,0,0,0,0,0,1,0,1,0,11.00,0.01
"hood|backstop=None,clearance_mm=0.0,funnel=True,gate=True,mu_floor_scale=1.0,mu_wall_scale=1.4,retreat=30|v10|stop",battery_cr2032,flooring,5.0,1,1,0,0,0,0,0,1,0,1,0,11.01,5.00
"hood|backstop=None,clearance_mm=0.0,funnel=True,gate=True,mu_floor_scale=1.0,mu_wall_scale=1.4,retreat=30|v10|stop",battery_cr2032,flooring,10.0,1,1,0,0,0,0,0,1,1,0,1,11.00,4.78
"hood|backstop=None,clearance_mm=0.0,funnel=True,gate=True,mu_floor_scale=1.0,mu_wall_scale=1.4,retreat=30|v10|stop",battery_cr2032,mat,0.0,1,1,0,0,0,0,0,1,0,1,0,11.00,0.01
"hood|backstop=None,clearance_mm=0.0,funnel=True,gate=True,mu_floor_scale=1.0,mu_wall_scale=1.4,retreat=30|v10|stop",battery_cr2032,mat,5.0,1,1,0,0,0,0,0,1,0,1,0,11.01,5.00
"hood|backstop=None,clearance_mm=0.0,funnel=True,gate=True,mu_floor_scale=1.0,mu_wall_scale=1.4,retreat=30|v10|stop",battery_cr2032,mat,10.0,1,1,0,0,0,0,0,1,1,0,1,11.00,4.96
"hood|backstop=None,clearance_mm=0.0,funnel=True,gate=True,mu_floor_scale=1.0,mu_wall_scale=1.4,retreat=30|v10|stop",bead,flooring,0.0,1,1,0,0,0,0,0,1,0,1,0,5.01,0.00
"hood|backstop=None,clearance_mm=0.0,funnel=True,gate=True,mu_floor_scale=1.0,mu_wall_scale=1.4,retreat=30|v10|stop",bead,flooring,5.0,1,1,0,0,0,0,0,1,0,1,0,5.01,5.00
"hood|backstop=None,clearance_mm=0.0,funnel=True,gate=True,mu_floor_scale=1.0,mu_wall_scale=1.4,retreat=30|v10|stop",bead,flooring,10.0,1,1,0,0,0,0,0,1,0,1,0,5.00,10.00
"hood|backstop=None,clearance_mm=0.0,funnel=True,gate=True,mu_floor_scale=1.0,mu_wall_scale=1.4,retreat=30|v10|stop",bead,mat,0.0,1,1,0,0,0,0,0,1,0,1,0,5.01,0.00
"hood|backstop=None,clearance_mm=0.0,funnel=True,gate=True,mu_floor_scale=1.0,mu_wall_scale=1.4,retreat=30|v10|stop",bead,mat,5.0,1,1,0,0,0,0,0,1,0,1,0,5.01,5.00
"hood|backstop=None,clearance_mm=0.0,funnel=True,gate=True,mu_floor_scale=1.0,mu_wall_scale=1.4,retreat=30|v10|stop",bead,mat,10.0,1,1,0,0,0,0,0,1,0,1,0,5.00,10.00
"hood|backstop=None,clearance_mm=0.0,funnel=True,gate=True,mu_floor_scale=1.0,mu_wall_scale=1.4,retreat=30|v10|stop",coin_1yen,flooring,0.0,1,1,0,0,0,0,0,1,0,1,0,11.00,0.00
"hood|backstop=None,clearance_mm=0.0,funnel=True,gate=True,mu_floor_scale=1.0,mu_wall_scale=1.4,retreat=30|v10|stop",coin_1yen,flooring,5.0,1,1,0,0,0,0,0,1,0,1,0,11.00,5.00
"hood|backstop=None,clearance_mm=0.0,funnel=True,gate=True,mu_floor_scale=1.0,mu_wall_scale=1.4,retreat=30|v10|stop",coin_1yen,flooring,10.0,1,1,0,0,0,0,0,1,1,0,1,11.01,4.66
"hood|backstop=None,clearance_mm=0.0,funnel=True,gate=True,mu_floor_scale=1.0,mu_wall_scale=1.4,retreat=30|v10|stop",coin_1yen,mat,0.0,1,1,0,0,0,0,0,1,0,1,0,11.00,0.00
"hood|backstop=None,clearance_mm=0.0,funnel=True,gate=True,mu_floor_scale=1.0,mu_wall_scale=1.4,retreat=30|v10|stop",coin_1yen,mat,5.0,1,1,0,0,0,0,0,1,0,1,0,11.01,5.00
"hood|backstop=None,clearance_mm=0.0,funnel=True,gate=True,mu_floor_scale=1.0,mu_wall_scale=1.4,retreat=30|v10|stop",coin_1yen,mat,10.0,1,0,0,0,1,0,0,0,1,0,0,,
"hood|backstop=None,clearance_mm=0.0,funnel=True,gate=True,mu_floor_scale=1.0,mu_wall_scale=1.4,retreat=30|v10|stop",crumb_cube,flooring,0.0,1,1,0,0,0,0,0,1,0,1,0,8.07,0.00
"hood|backstop=None,clearance_mm=0.0,funnel=True,gate=True,mu_floor_scale=1.0,mu_wall_scale=1.4,retreat=30|v10|stop",crumb_cube,flooring,5.0,1,1,0,0,0,0,0,1,0,1,0,8.07,5.00
"hood|backstop=None,clearance_mm=0.0,funnel=True,gate=True,mu_floor_scale=1.0,mu_wall_scale=1.4,retreat=30|v10|stop",crumb_cube,flooring,10.0,1,1,0,0,0,0,0,1,1,0,1,8.07,8.87
"hood|backstop=None,clearance_mm=0.0,funnel=True,gate=True,mu_floor_scale=1.0,mu_wall_scale=1.4,retreat=30|v10|stop",crumb_cube,mat,0.0,1,1,0,0,0,0,0,1,0,1,0,8.07,0.00
"hood|backstop=None,clearance_mm=0.0,funnel=True,gate=True,mu_floor_scale=1.0,mu_wall_scale=1.4,retreat=30|v10|stop",crumb_cube,mat,5.0,1,1,0,0,0,0,0,1,0,1,0,8.07,5.00
"hood|backstop=None,clearance_mm=0.0,funnel=True,gate=True,mu_floor_scale=1.0,mu_wall_scale=1.4,retreat=30|v10|stop",crumb_cube,mat,10.0,1,1,0,0,0,0,0,1,1,0,1,8.07,8.87
"hood|backstop=None,clearance_mm=0.0,funnel=True,gate=True,mu_floor_scale=1.4,mu_wall_scale=0.7,retreat=30|v10|stop",battery_cr2032,flooring,0.0,1,1,0,0,0,0,0,1,0,1,0,11.01,0.01
"hood|backstop=None,clearance_mm=0.0,funnel=True,gate=True,mu_floor_scale=1.4,mu_wall_scale=0.7,retreat=30|v10|stop",battery_cr2032,flooring,5.0,1,1,0,0,0,0,0,1,0,1,0,11.01,5.00
"hood|backstop=None,clearance_mm=0.0,funnel=True,gate=True,mu_floor_scale=1.4,mu_wall_scale=0.7,retreat=30|v10|stop",battery_cr2032,flooring,10.0,1,1,0,0,0,0,0,1,1,0,1,11.00,4.57
"hood|backstop=None,clearance_mm=0.0,funnel=True,gate=True,mu_floor_scale=1.4,mu_wall_scale=0.7,retreat=30|v10|stop",battery_cr2032,mat,0.0,1,1,0,0,0,0,0,1,0,1,0,11.00,0.01
"hood|backstop=None,clearance_mm=0.0,funnel=True,gate=True,mu_floor_scale=1.4,mu_wall_scale=0.7,retreat=30|v10|stop",battery_cr2032,mat,5.0,1,1,0,0,0,0,0,1,0,1,0,11.01,5.00
"hood|backstop=None,clearance_mm=0.0,funnel=True,gate=True,mu_floor_scale=1.4,mu_wall_scale=0.7,retreat=30|v10|stop",battery_cr2032,mat,10.0,1,0,0,0,1,0,0,0,1,0,0,,
"hood|backstop=None,clearance_mm=0.0,funnel=True,gate=True,mu_floor_scale=1.4,mu_wall_scale=0.7,retreat=30|v10|stop",bead,flooring,0.0,1,1,0,0,0,0,0,1,0,1,0,5.01,0.00
"hood|backstop=None,clearance_mm=0.0,funnel=True,gate=True,mu_floor_scale=1.4,mu_wall_scale=0.7,retreat=30|v10|stop",bead,flooring,5.0,1,1,0,0,0,0,0,1,0,1,0,5.01,5.00
"hood|backstop=None,clearance_mm=0.0,funnel=True,gate=True,mu_floor_scale=1.4,mu_wall_scale=0.7,retreat=30|v10|stop",bead,flooring,10.0,1,1,0,0,0,0,0,1,0,1,0,5.00,10.00
"hood|backstop=None,clearance_mm=0.0,funnel=True,gate=True,mu_floor_scale=1.4,mu_wall_scale=0.7,retreat=30|v10|stop",bead,mat,0.0,1,1,0,0,0,0,0,1,0,1,0,5.01,0.00
"hood|backstop=None,clearance_mm=0.0,funnel=True,gate=True,mu_floor_scale=1.4,mu_wall_scale=0.7,retreat=30|v10|stop",bead,mat,5.0,1,1,0,0,0,0,0,1,0,1,0,5.01,5.00
"hood|backstop=None,clearance_mm=0.0,funnel=True,gate=True,mu_floor_scale=1.4,mu_wall_scale=0.7,retreat=30|v10|stop",bead,mat,10.0,1,1,0,0,0,0,0,1,0,1,0,5.00,10.00
"hood|backstop=None,clearance_mm=0.0,funnel=True,gate=True,mu_floor_scale=1.4,mu_wall_scale=0.7,retreat=30|v10|stop",coin_1yen,flooring,0.0,1,1,0,0,0,0,0,1,0,1,0,11.00,0.00
"hood|backstop=None,clearance_mm=0.0,funnel=True,gate=True,mu_floor_scale=1.4,mu_wall_scale=0.7,retreat=30|v10|stop",coin_1yen,flooring,5.0,1,1,0,0,0,0,0,1,0,1,0,11.00,5.00
"hood|backstop=None,clearance_mm=0.0,funnel=True,gate=True,mu_floor_scale=1.4,mu_wall_scale=0.7,retreat=30|v10|stop",coin_1yen,flooring,10.0,1,0,0,0,1,0,0,0,1,0,0,,
"hood|backstop=None,clearance_mm=0.0,funnel=True,gate=True,mu_floor_scale=1.4,mu_wall_scale=0.7,retreat=30|v10|stop",coin_1yen,mat,0.0,1,1,0,0,0,0,0,1,0,1,0,11.00,0.00
"hood|backstop=None,clearance_mm=0.0,funnel=True,gate=True,mu_floor_scale=1.4,mu_wall_scale=0.7,retreat=30|v10|stop",coin_1yen,mat,5.0,1,1,0,0,0,0,0,1,0,1,0,11.00,5.00
"hood|backstop=None,clearance_mm=0.0,funnel=True,gate=True,mu_floor_scale=1.4,mu_wall_scale=0.7,retreat=30|v10|stop",coin_1yen,mat,10.0,1,0,0,0,1,0,0,0,1,0,0,,
"hood|backstop=None,clearance_mm=0.0,funnel=True,gate=True,mu_floor_scale=1.4,mu_wall_scale=0.7,retreat=30|v10|stop",crumb_cube,flooring,0.0,1,1,0,0,0,0,0,1,0,1,0,8.07,0.00
"hood|backstop=None,clearance_mm=0.0,funnel=True,gate=True,mu_floor_scale=1.4,mu_wall_scale=0.7,retreat=30|v10|stop",crumb_cube,flooring,5.0,1,1,0,0,0,0,0,1,0,1,0,8.07,5.00
"hood|backstop=None,clearance_mm=0.0,funnel=True,gate=True,mu_floor_scale=1.4,mu_wall_scale=0.7,retreat=30|v10|stop",crumb_cube,flooring,10.0,1,1,0,0,0,0,0,1,1,0,1,8.07,8.80
"hood|backstop=None,clearance_mm=0.0,funnel=True,gate=True,mu_floor_scale=1.4,mu_wall_scale=0.7,retreat=30|v10|stop",crumb_cube,mat,0.0,1,1,0,0,0,0,0,1,0,1,0,8.07,0.00
"hood|backstop=None,clearance_mm=0.0,funnel=True,gate=True,mu_floor_scale=1.4,mu_wall_scale=0.7,retreat=30|v10|stop",crumb_cube,mat,5.0,1,1,0,0,0,0,0,1,0,1,0,8.07,5.00
"hood|backstop=None,clearance_mm=0.0,funnel=True,gate=True,mu_floor_scale=1.4,mu_wall_scale=0.7,retreat=30|v10|stop",crumb_cube,mat,10.0,1,1,0,0,0,0,0,1,1,0,1,8.07,8.80
"hood|backstop=None,clearance_mm=0.0,funnel=True,gate=True,mu_floor_scale=1.4,mu_wall_scale=1.0,retreat=30|v10|stop",battery_cr2032,flooring,0.0,1,1,0,0,0,0,0,1,0,1,0,11.01,0.01
"hood|backstop=None,clearance_mm=0.0,funnel=True,gate=True,mu_floor_scale=1.4,mu_wall_scale=1.0,retreat=30|v10|stop",battery_cr2032,flooring,5.0,1,1,0,0,0,0,0,1,0,1,0,11.01,5.00
"hood|backstop=None,clearance_mm=0.0,funnel=True,gate=True,mu_floor_scale=1.4,mu_wall_scale=1.0,retreat=30|v10|stop",battery_cr2032,flooring,10.0,1,1,0,0,0,0,0,1,1,0,1,11.00,4.45
"hood|backstop=None,clearance_mm=0.0,funnel=True,gate=True,mu_floor_scale=1.4,mu_wall_scale=1.0,retreat=30|v10|stop",battery_cr2032,mat,0.0,1,1,0,0,0,0,0,1,0,1,0,11.00,0.01
"hood|backstop=None,clearance_mm=0.0,funnel=True,gate=True,mu_floor_scale=1.4,mu_wall_scale=1.0,retreat=30|v10|stop",battery_cr2032,mat,5.0,1,1,0,0,0,0,0,1,0,1,0,11.01,5.00
"hood|backstop=None,clearance_mm=0.0,funnel=True,gate=True,mu_floor_scale=1.4,mu_wall_scale=1.0,retreat=30|v10|stop",battery_cr2032,mat,10.0,1,0,0,0,1,0,0,0,1,0,0,,
"hood|backstop=None,clearance_mm=0.0,funnel=True,gate=True,mu_floor_scale=1.4,mu_wall_scale=1.0,retreat=30|v10|stop",bead,flooring,0.0,1,1,0,0,0,0,0,1,0,1,0,5.01,0.00
"hood|backstop=None,clearance_mm=0.0,funnel=True,gate=True,mu_floor_scale=1.4,mu_wall_scale=1.0,retreat=30|v10|stop",bead,flooring,5.0,1,1,0,0,0,0,0,1,0,1,0,5.01,5.00
"hood|backstop=None,clearance_mm=0.0,funnel=True,gate=True,mu_floor_scale=1.4,mu_wall_scale=1.0,retreat=30|v10|stop",bead,flooring,10.0,1,1,0,0,0,0,0,1,0,1,0,5.00,10.00
"hood|backstop=None,clearance_mm=0.0,funnel=True,gate=True,mu_floor_scale=1.4,mu_wall_scale=1.0,retreat=30|v10|stop",bead,mat,0.0,1,1,0,0,0,0,0,1,0,1,0,5.01,0.00
"hood|backstop=None,clearance_mm=0.0,funnel=True,gate=True,mu_floor_scale=1.4,mu_wall_scale=1.0,retreat=30|v10|stop",bead,mat,5.0,1,1,0,0,0,0,0,1,0,1,0,5.01,5.00
"hood|backstop=None,clearance_mm=0.0,funnel=True,gate=True,mu_floor_scale=1.4,mu_wall_scale=1.0,retreat=30|v10|stop",bead,mat,10.0,1,1,0,0,0,0,0,1,0,1,0,5.00,10.00
"hood|backstop=None,clearance_mm=0.0,funnel=True,gate=True,mu_floor_scale=1.4,mu_wall_scale=1.0,retreat=30|v10|stop",coin_1yen,flooring,0.0,1,1,0,0,0,0,0,1,0,1,0,11.00,0.00
"hood|backstop=None,clearance_mm=0.0,funnel=True,gate=True,mu_floor_scale=1.4,mu_wall_scale=1.0,retreat=30|v10|stop",coin_1yen,flooring,5.0,1,1,0,0,0,0,0,1,0,1,0,11.00,5.00
"hood|backstop=None,clearance_mm=0.0,funnel=True,gate=True,mu_floor_scale=1.4,mu_wall_scale=1.0,retreat=30|v10|stop",coin_1yen,flooring,10.0,1,0,0,0,1,0,0,0,1,0,0,,
"hood|backstop=None,clearance_mm=0.0,funnel=True,gate=True,mu_floor_scale=1.4,mu_wall_scale=1.0,retreat=30|v10|stop",coin_1yen,mat,0.0,1,1,0,0,0,0,0,1,0,1,0,11.00,0.00
"hood|backstop=None,clearance_mm=0.0,funnel=True,gate=True,mu_floor_scale=1.4,mu_wall_scale=1.0,retreat=30|v10|stop",coin_1yen,mat,5.0,1,1,0,0,0,0,0,1,0,1,0,11.00,5.00
"hood|backstop=None,clearance_mm=0.0,funnel=True,gate=True,mu_floor_scale=1.4,mu_wall_scale=1.0,retreat=30|v10|stop",coin_1yen,mat,10.0,1,0,0,0,1,0,0,0,1,0,0,,
"hood|backstop=None,clearance_mm=0.0,funnel=True,gate=True,mu_floor_scale=1.4,mu_wall_scale=1.0,retreat=30|v10|stop",crumb_cube,flooring,0.0,1,1,0,0,0,0,0,1,0,1,0,8.07,0.00
"hood|backstop=None,clearance_mm=0.0,funnel=True,gate=True,mu_floor_scale=1.4,mu_wall_scale=1.0,retreat=30|v10|stop",crumb_cube,flooring,5.0,1,1,0,0,0,0,0,1,0,1,0,8.07,5.00
"hood|backstop=None,clearance_mm=0.0,funnel=True,gate=True,mu_floor_scale=1.4,mu_wall_scale=1.0,retreat=30|v10|stop",crumb_cube,flooring,10.0,1,1,0,0,0,0,0,1,1,0,1,8.07,8.79
"hood|backstop=None,clearance_mm=0.0,funnel=True,gate=True,mu_floor_scale=1.4,mu_wall_scale=1.0,retreat=30|v10|stop",crumb_cube,mat,0.0,1,1,0,0,0,0,0,1,0,1,0,8.07,0.00
"hood|backstop=None,clearance_mm=0.0,funnel=True,gate=True,mu_floor_scale=1.4,mu_wall_scale=1.0,retreat=30|v10|stop",crumb_cube,mat,5.0,1,1,0,0,0,0,0,1,0,1,0,8.07,5.00
"hood|backstop=None,clearance_mm=0.0,funnel=True,gate=True,mu_floor_scale=1.4,mu_wall_scale=1.0,retreat=30|v10|stop",crumb_cube,mat,10.0,1,1,0,0,0,0,0,1,1,0,1,8.07,8.79
"hood|backstop=None,clearance_mm=0.0,funnel=True,gate=True,mu_floor_scale=1.4,mu_wall_scale=1.4,retreat=30|v10|stop",battery_cr2032,flooring,0.0,1,1,0,0,0,0,0,1,0,1,0,11.01,0.01
"hood|backstop=None,clearance_mm=0.0,funnel=True,gate=True,mu_floor_scale=1.4,mu_wall_scale=1.4,retreat=30|v10|stop",battery_cr2032,flooring,5.0,1,1,0,0,0,0,0,1,0,1,0,11.01,5.00
"hood|backstop=None,clearance_mm=0.0,funnel=True,gate=True,mu_floor_scale=1.4,mu_wall_scale=1.4,retreat=30|v10|stop",battery_cr2032,flooring,10.0,1,1,0,0,0,0,0,1,1,0,1,11.00,4.86
"hood|backstop=None,clearance_mm=0.0,funnel=True,gate=True,mu_floor_scale=1.4,mu_wall_scale=1.4,retreat=30|v10|stop",battery_cr2032,mat,0.0,1,1,0,0,0,0,0,1,0,1,0,11.00,0.01
"hood|backstop=None,clearance_mm=0.0,funnel=True,gate=True,mu_floor_scale=1.4,mu_wall_scale=1.4,retreat=30|v10|stop",battery_cr2032,mat,5.0,1,1,0,0,0,0,0,1,0,1,0,11.01,5.00
"hood|backstop=None,clearance_mm=0.0,funnel=True,gate=True,mu_floor_scale=1.4,mu_wall_scale=1.4,retreat=30|v10|stop",battery_cr2032,mat,10.0,1,1,0,0,0,0,0,1,1,0,1,11.00,4.59
"hood|backstop=None,clearance_mm=0.0,funnel=True,gate=True,mu_floor_scale=1.4,mu_wall_scale=1.4,retreat=30|v10|stop",bead,flooring,0.0,1,1,0,0,0,0,0,1,0,1,0,5.01,0.00
"hood|backstop=None,clearance_mm=0.0,funnel=True,gate=True,mu_floor_scale=1.4,mu_wall_scale=1.4,retreat=30|v10|stop",bead,flooring,5.0,1,1,0,0,0,0,0,1,0,1,0,5.01,5.00
"hood|backstop=None,clearance_mm=0.0,funnel=True,gate=True,mu_floor_scale=1.4,mu_wall_scale=1.4,retreat=30|v10|stop",bead,flooring,10.0,1,1,0,0,0,0,0,1,0,1,0,5.00,10.00
"hood|backstop=None,clearance_mm=0.0,funnel=True,gate=True,mu_floor_scale=1.4,mu_wall_scale=1.4,retreat=30|v10|stop",bead,mat,0.0,1,1,0,0,0,0,0,1,0,1,0,5.01,0.00
"hood|backstop=None,clearance_mm=0.0,funnel=True,gate=True,mu_floor_scale=1.4,mu_wall_scale=1.4,retreat=30|v10|stop",bead,mat,5.0,1,1,0,0,0,0,0,1,0,1,0,5.01,5.00
"hood|backstop=None,clearance_mm=0.0,funnel=True,gate=True,mu_floor_scale=1.4,mu_wall_scale=1.4,retreat=30|v10|stop",bead,mat,10.0,1,1,0,0,0,0,0,1,0,1,0,5.00,10.00
"hood|backstop=None,clearance_mm=0.0,funnel=True,gate=True,mu_floor_scale=1.4,mu_wall_scale=1.4,retreat=30|v10|stop",coin_1yen,flooring,0.0,1,1,0,0,0,0,0,1,0,1,0,11.00,0.00
"hood|backstop=None,clearance_mm=0.0,funnel=True,gate=True,mu_floor_scale=1.4,mu_wall_scale=1.4,retreat=30|v10|stop",coin_1yen,flooring,5.0,1,1,0,0,0,0,0,1,0,1,0,11.01,5.00
"hood|backstop=None,clearance_mm=0.0,funnel=True,gate=True,mu_floor_scale=1.4,mu_wall_scale=1.4,retreat=30|v10|stop",coin_1yen,flooring,10.0,1,0,0,0,1,0,0,0,1,0,0,,
"hood|backstop=None,clearance_mm=0.0,funnel=True,gate=True,mu_floor_scale=1.4,mu_wall_scale=1.4,retreat=30|v10|stop",coin_1yen,mat,0.0,1,1,0,0,0,0,0,1,0,1,0,11.00,0.00
"hood|backstop=None,clearance_mm=0.0,funnel=True,gate=True,mu_floor_scale=1.4,mu_wall_scale=1.4,retreat=30|v10|stop",coin_1yen,mat,5.0,1,1,0,0,0,0,0,1,0,1,0,11.00,5.00
"hood|backstop=None,clearance_mm=0.0,funnel=True,gate=True,mu_floor_scale=1.4,mu_wall_scale=1.4,retreat=30|v10|stop",coin_1yen,mat,10.0,1,0,0,0,1,0,0,0,1,0,0,,
"hood|backstop=None,clearance_mm=0.0,funnel=True,gate=True,mu_floor_scale=1.4,mu_wall_scale=1.4,retreat=30|v10|stop",crumb_cube,flooring,0.0,1,1,0,0,0,0,0,1,0,1,0,8.07,0.00
"hood|backstop=None,clearance_mm=0.0,funnel=True,gate=True,mu_floor_scale=1.4,mu_wall_scale=1.4,retreat=30|v10|stop",crumb_cube,flooring,5.0,1,1,0,0,0,0,0,1,0,1,0,8.07,5.00
"hood|backstop=None,clearance_mm=0.0,funnel=True,gate=True,mu_floor_scale=1.4,mu_wall_scale=1.4,retreat=30|v10|stop",crumb_cube,flooring,10.0,1,1,0,0,0,0,0,1,1,0,1,8.08,8.81
"hood|backstop=None,clearance_mm=0.0,funnel=True,gate=True,mu_floor_scale=1.4,mu_wall_scale=1.4,retreat=30|v10|stop",crumb_cube,mat,0.0,1,1,0,0,0,0,0,1,0,1,0,8.07,0.00
"hood|backstop=None,clearance_mm=0.0,funnel=True,gate=True,mu_floor_scale=1.4,mu_wall_scale=1.4,retreat=30|v10|stop",crumb_cube,mat,5.0,1,1,0,0,0,0,0,1,0,1,0,8.07,5.00
"hood|backstop=None,clearance_mm=0.0,funnel=True,gate=True,mu_floor_scale=1.4,mu_wall_scale=1.4,retreat=30|v10|stop",crumb_cube,mat,10.0,1,1,0,0,0,0,0,1,1,0,1,8.08,8.81
"hood|backstop=None,clearance_mm=0.1,funnel=True,gate=True,mu_floor_scale=0.7,mu_wall_scale=0.7,retreat=30|v10|stop",battery_cr2032,flooring,0.0,1,1,0,0,0,0,0,1,0,1,0,11.00,0.01
"hood|backstop=None,clearance_mm=0.1,funnel=True,gate=True,mu_floor_scale=0.7,mu_wall_scale=0.7,retreat=30|v10|stop",battery_cr2032,flooring,5.0,1,1,0,0,0,0,0,1,0,1,0,11.01,5.00
"hood|backstop=None,clearance_mm=0.1,funnel=True,gate=True,mu_floor_scale=0.7,mu_wall_scale=0.7,retreat=30|v10|stop",battery_cr2032,flooring,10.0,1,1,0,0,0,0,0,1,1,0,1,11.01,1.47
"hood|backstop=None,clearance_mm=0.1,funnel=True,gate=True,mu_floor_scale=0.7,mu_wall_scale=0.7,retreat=30|v10|stop",battery_cr2032,mat,0.0,1,1,0,0,0,0,0,1,0,1,0,11.01,0.01
"hood|backstop=None,clearance_mm=0.1,funnel=True,gate=True,mu_floor_scale=0.7,mu_wall_scale=0.7,retreat=30|v10|stop",battery_cr2032,mat,5.0,1,1,0,0,0,0,0,1,0,1,0,11.01,5.00
"hood|backstop=None,clearance_mm=0.1,funnel=True,gate=True,mu_floor_scale=0.7,mu_wall_scale=0.7,retreat=30|v10|stop",battery_cr2032,mat,10.0,1,0,0,0,1,0,0,0,1,0,0,,
"hood|backstop=None,clearance_mm=0.1,funnel=True,gate=True,mu_floor_scale=0.7,mu_wall_scale=0.7,retreat=30|v10|stop",bead,flooring,0.0,1,1,0,0,0,0,0,1,0,1,0,5.01,0.00
"hood|backstop=None,clearance_mm=0.1,funnel=True,gate=True,mu_floor_scale=0.7,mu_wall_scale=0.7,retreat=30|v10|stop",bead,flooring,5.0,1,1,0,0,0,0,0,1,0,1,0,5.01,5.00
"hood|backstop=None,clearance_mm=0.1,funnel=True,gate=True,mu_floor_scale=0.7,mu_wall_scale=0.7,retreat=30|v10|stop",bead,flooring,10.0,1,1,0,0,0,0,0,1,0,1,0,5.00,10.00
"hood|backstop=None,clearance_mm=0.1,funnel=True,gate=True,mu_floor_scale=0.7,mu_wall_scale=0.7,retreat=30|v10|stop",bead,mat,0.0,1,1,0,0,0,0,0,1,0,1,0,5.01,0.00
"hood|backstop=None,clearance_mm=0.1,funnel=True,gate=True,mu_floor_scale=0.7,mu_wall_scale=0.7,retreat=30|v10|stop",bead,mat,5.0,1,1,0,0,0,0,0,1,0,1,0,5.01,5.00
"hood|backstop=None,clearance_mm=0.1,funnel=True,gate=True,mu_floor_scale=0.7,mu_wall_scale=0.7,retreat=30|v10|stop",bead,mat,10.0,1,1,0,0,0,0,0,1,0,1,0,5.00,10.00
"hood|backstop=None,clearance_mm=0.1,funnel=True,gate=True,mu_floor_scale=0.7,mu_wall_scale=0.7,retreat=30|v10|stop",coin_1yen,flooring,0.0,1,1,0,0,0,0,0,1,0,1,0,11.00,0.00
"hood|backstop=None,clearance_mm=0.1,funnel=True,gate=True,mu_floor_scale=0.7,mu_wall_scale=0.7,retreat=30|v10|stop",coin_1yen,flooring,5.0,1,1,0,0,0,0,0,1,0,1,0,11.01,5.00
"hood|backstop=None,clearance_mm=0.1,funnel=True,gate=True,mu_floor_scale=0.7,mu_wall_scale=0.7,retreat=30|v10|stop",coin_1yen,flooring,10.0,1,1,0,0,0,0,0,1,1,0,1,11.01,4.94
"hood|backstop=None,clearance_mm=0.1,funnel=True,gate=True,mu_floor_scale=0.7,mu_wall_scale=0.7,retreat=30|v10|stop",coin_1yen,mat,0.0,1,1,0,0,0,0,0,1,0,1,0,11.00,0.00
"hood|backstop=None,clearance_mm=0.1,funnel=True,gate=True,mu_floor_scale=0.7,mu_wall_scale=0.7,retreat=30|v10|stop",coin_1yen,mat,5.0,1,1,0,0,0,0,0,1,0,1,0,11.01,5.00
"hood|backstop=None,clearance_mm=0.1,funnel=True,gate=True,mu_floor_scale=0.7,mu_wall_scale=0.7,retreat=30|v10|stop",coin_1yen,mat,10.0,1,0,0,0,1,0,0,0,1,0,0,,
"hood|backstop=None,clearance_mm=0.1,funnel=True,gate=True,mu_floor_scale=0.7,mu_wall_scale=0.7,retreat=30|v10|stop",crumb_cube,flooring,0.0,1,1,0,0,0,0,0,1,0,1,0,8.07,0.00
"hood|backstop=None,clearance_mm=0.1,funnel=True,gate=True,mu_floor_scale=0.7,mu_wall_scale=0.7,retreat=30|v10|stop",crumb_cube,flooring,5.0,1,1,0,0,0,0,0,1,0,1,0,8.07,5.00
"hood|backstop=None,clearance_mm=0.1,funnel=True,gate=True,mu_floor_scale=0.7,mu_wall_scale=0.7,retreat=30|v10|stop",crumb_cube,flooring,10.0,1,1,0,0,0,0,0,1,1,0,1,8.07,8.76
"hood|backstop=None,clearance_mm=0.1,funnel=True,gate=True,mu_floor_scale=0.7,mu_wall_scale=0.7,retreat=30|v10|stop",crumb_cube,mat,0.0,1,1,0,0,0,0,0,1,0,1,0,8.07,0.00
"hood|backstop=None,clearance_mm=0.1,funnel=True,gate=True,mu_floor_scale=0.7,mu_wall_scale=0.7,retreat=30|v10|stop",crumb_cube,mat,5.0,1,1,0,0,0,0,0,1,0,1,0,8.07,5.00
"hood|backstop=None,clearance_mm=0.1,funnel=True,gate=True,mu_floor_scale=0.7,mu_wall_scale=0.7,retreat=30|v10|stop",crumb_cube,mat,10.0,1,1,0,0,0,0,0,1,1,0,1,8.07,8.76
"hood|backstop=None,clearance_mm=0.1,funnel=True,gate=True,mu_floor_scale=0.7,mu_wall_scale=1.0,retreat=30|v10|stop",battery_cr2032,flooring,0.0,1,1,0,0,0,0,0,1,0,1,0,11.00,0.01
"hood|backstop=None,clearance_mm=0.1,funnel=True,gate=True,mu_floor_scale=0.7,mu_wall_scale=1.0,retreat=30|v10|stop",battery_cr2032,flooring,5.0,1,1,0,0,0,0,0,1,0,1,0,11.01,5.00
"hood|backstop=None,clearance_mm=0.1,funnel=True,gate=True,mu_floor_scale=0.7,mu_wall_scale=1.0,retreat=30|v10|stop",battery_cr2032,flooring,10.0,1,0,0,0,1,0,0,0,1,0,0,,
"hood|backstop=None,clearance_mm=0.1,funnel=True,gate=True,mu_floor_scale=0.7,mu_wall_scale=1.0,retreat=30|v10|stop",battery_cr2032,mat,0.0,1,1,0,0,0,0,0,1,0,1,0,11.01,0.01
"hood|backstop=None,clearance_mm=0.1,funnel=True,gate=True,mu_floor_scale=0.7,mu_wall_scale=1.0,retreat=30|v10|stop",battery_cr2032,mat,5.0,1,1,0,0,0,0,0,1,0,1,0,11.01,5.00
"hood|backstop=None,clearance_mm=0.1,funnel=True,gate=True,mu_floor_scale=0.7,mu_wall_scale=1.0,retreat=30|v10|stop",battery_cr2032,mat,10.0,1,1,0,0,0,0,0,1,1,0,1,11.00,5.00
"hood|backstop=None,clearance_mm=0.1,funnel=True,gate=True,mu_floor_scale=0.7,mu_wall_scale=1.0,retreat=30|v10|stop",bead,flooring,0.0,1,1,0,0,0,0,0,1,0,1,0,5.01,0.00
"hood|backstop=None,clearance_mm=0.1,funnel=True,gate=True,mu_floor_scale=0.7,mu_wall_scale=1.0,retreat=30|v10|stop",bead,flooring,5.0,1,1,0,0,0,0,0,1,0,1,0,5.01,5.00
"hood|backstop=None,clearance_mm=0.1,funnel=True,gate=True,mu_floor_scale=0.7,mu_wall_scale=1.0,retreat=30|v10|stop",bead,flooring,10.0,1,1,0,0,0,0,0,1,0,1,0,5.00,10.00
"hood|backstop=None,clearance_mm=0.1,funnel=True,gate=True,mu_floor_scale=0.7,mu_wall_scale=1.0,retreat=30|v10|stop",bead,mat,0.0,1,1,0,0,0,0,0,1,0,1,0,5.01,0.00
"hood|backstop=None,clearance_mm=0.1,funnel=True,gate=True,mu_floor_scale=0.7,mu_wall_scale=1.0,retreat=30|v10|stop",bead,mat,5.0,1,1,0,0,0,0,0,1,0,1,0,5.01,5.00
"hood|backstop=None,clearance_mm=0.1,funnel=True,gate=True,mu_floor_scale=0.7,mu_wall_scale=1.0,retreat=30|v10|stop",bead,mat,10.0,1,1,0,0,0,0,0,1,0,1,0,5.00,10.00
"hood|backstop=None,clearance_mm=0.1,funnel=True,gate=True,mu_floor_scale=0.7,mu_wall_scale=1.0,retreat=30|v10|stop",coin_1yen,flooring,0.0,1,1,0,0,0,0,0,1,0,1,0,11.00,0.00
"hood|backstop=None,clearance_mm=0.1,funnel=True,gate=True,mu_floor_scale=0.7,mu_wall_scale=1.0,retreat=30|v10|stop",coin_1yen,flooring,5.0,1,1,0,0,0,0,0,1,0,1,0,11.01,5.00
"hood|backstop=None,clearance_mm=0.1,funnel=True,gate=True,mu_floor_scale=0.7,mu_wall_scale=1.0,retreat=30|v10|stop",coin_1yen,flooring,10.0,1,0,0,0,1,0,0,0,1,0,0,,
"hood|backstop=None,clearance_mm=0.1,funnel=True,gate=True,mu_floor_scale=0.7,mu_wall_scale=1.0,retreat=30|v10|stop",coin_1yen,mat,0.0,1,1,0,0,0,0,0,1,0,1,0,11.00,0.00
"hood|backstop=None,clearance_mm=0.1,funnel=True,gate=True,mu_floor_scale=0.7,mu_wall_scale=1.0,retreat=30|v10|stop",coin_1yen,mat,5.0,1,1,0,0,0,0,0,1,0,1,0,11.01,5.00
"hood|backstop=None,clearance_mm=0.1,funnel=True,gate=True,mu_floor_scale=0.7,mu_wall_scale=1.0,retreat=30|v10|stop",coin_1yen,mat,10.0,1,1,0,0,0,0,0,1,1,0,1,11.01,3.63
"hood|backstop=None,clearance_mm=0.1,funnel=True,gate=True,mu_floor_scale=0.7,mu_wall_scale=1.0,retreat=30|v10|stop",crumb_cube,flooring,0.0,1,1,0,0,0,0,0,1,0,1,0,8.07,0.00
"hood|backstop=None,clearance_mm=0.1,funnel=True,gate=True,mu_floor_scale=0.7,mu_wall_scale=1.0,retreat=30|v10|stop",crumb_cube,flooring,5.0,1,1,0,0,0,0,0,1,0,1,0,8.07,5.00
"hood|backstop=None,clearance_mm=0.1,funnel=True,gate=True,mu_floor_scale=0.7,mu_wall_scale=1.0,retreat=30|v10|stop",crumb_cube,flooring,10.0,1,1,0,0,0,0,0,1,1,0,1,8.08,8.80
"hood|backstop=None,clearance_mm=0.1,funnel=True,gate=True,mu_floor_scale=0.7,mu_wall_scale=1.0,retreat=30|v10|stop",crumb_cube,mat,0.0,1,1,0,0,0,0,0,1,0,1,0,8.07,0.00
"hood|backstop=None,clearance_mm=0.1,funnel=True,gate=True,mu_floor_scale=0.7,mu_wall_scale=1.0,retreat=30|v10|stop",crumb_cube,mat,5.0,1,1,0,0,0,0,0,1,0,1,0,8.07,5.00
"hood|backstop=None,clearance_mm=0.1,funnel=True,gate=True,mu_floor_scale=0.7,mu_wall_scale=1.0,retreat=30|v10|stop",crumb_cube,mat,10.0,1,1,0,0,0,0,0,1,1,0,1,8.08,8.80
"hood|backstop=None,clearance_mm=0.1,funnel=True,gate=True,mu_floor_scale=0.7,mu_wall_scale=1.4,retreat=30|v10|stop",battery_cr2032,flooring,0.0,1,1,0,0,0,0,0,1,0,1,0,11.00,0.01
"hood|backstop=None,clearance_mm=0.1,funnel=True,gate=True,mu_floor_scale=0.7,mu_wall_scale=1.4,retreat=30|v10|stop",battery_cr2032,flooring,5.0,1,1,0,0,0,0,0,1,0,1,0,11.01,5.00
"hood|backstop=None,clearance_mm=0.1,funnel=True,gate=True,mu_floor_scale=0.7,mu_wall_scale=1.4,retreat=30|v10|stop",battery_cr2032,flooring,10.0,1,1,0,0,0,0,0,1,1,0,1,11.05,3.28
"hood|backstop=None,clearance_mm=0.1,funnel=True,gate=True,mu_floor_scale=0.7,mu_wall_scale=1.4,retreat=30|v10|stop",battery_cr2032,mat,0.0,1,1,0,0,0,0,0,1,0,1,0,11.01,0.01
"hood|backstop=None,clearance_mm=0.1,funnel=True,gate=True,mu_floor_scale=0.7,mu_wall_scale=1.4,retreat=30|v10|stop",battery_cr2032,mat,5.0,1,1,0,0,0,0,0,1,0,1,0,11.01,5.00
"hood|backstop=None,clearance_mm=0.1,funnel=True,gate=True,mu_floor_scale=0.7,mu_wall_scale=1.4,retreat=30|v10|stop",battery_cr2032,mat,10.0,1,1,0,0,0,0,0,1,1,0,1,11.00,4.81
"hood|backstop=None,clearance_mm=0.1,funnel=True,gate=True,mu_floor_scale=0.7,mu_wall_scale=1.4,retreat=30|v10|stop",bead,flooring,0.0,1,1,0,0,0,0,0,1,0,1,0,5.01,0.00
"hood|backstop=None,clearance_mm=0.1,funnel=True,gate=True,mu_floor_scale=0.7,mu_wall_scale=1.4,retreat=30|v10|stop",bead,flooring,5.0,1,1,0,0,0,0,0,1,0,1,0,5.01,5.00
"hood|backstop=None,clearance_mm=0.1,funnel=True,gate=True,mu_floor_scale=0.7,mu_wall_scale=1.4,retreat=30|v10|stop",bead,flooring,10.0,1,1,0,0,0,0,0,1,0,1,0,5.00,10.00
"hood|backstop=None,clearance_mm=0.1,funnel=True,gate=True,mu_floor_scale=0.7,mu_wall_scale=1.4,retreat=30|v10|stop",bead,mat,0.0,1,1,0,0,0,0,0,1,0,1,0,5.01,0.00
"hood|backstop=None,clearance_mm=0.1,funnel=True,gate=True,mu_floor_scale=0.7,mu_wall_scale=1.4,retreat=30|v10|stop",bead,mat,5.0,1,1,0,0,0,0,0,1,0,1,0,5.01,5.00
"hood|backstop=None,clearance_mm=0.1,funnel=True,gate=True,mu_floor_scale=0.7,mu_wall_scale=1.4,retreat=30|v10|stop",bead,mat,10.0,1,1,0,0,0,0,0,1,0,1,0,5.00,10.00
"hood|backstop=None,clearance_mm=0.1,funnel=True,gate=True,mu_floor_scale=0.7,mu_wall_scale=1.4,retreat=30|v10|stop",coin_1yen,flooring,0.0,1,1,0,0,0,0,0,1,0,1,0,11.00,0.00
"hood|backstop=None,clearance_mm=0.1,funnel=True,gate=True,mu_floor_scale=0.7,mu_wall_scale=1.4,retreat=30|v10|stop",coin_1yen,flooring,5.0,1,1,0,0,0,0,0,1,0,1,0,11.01,5.00
"hood|backstop=None,clearance_mm=0.1,funnel=True,gate=True,mu_floor_scale=0.7,mu_wall_scale=1.4,retreat=30|v10|stop",coin_1yen,flooring,10.0,1,1,0,0,0,0,0,1,1,0,1,11.01,4.02
"hood|backstop=None,clearance_mm=0.1,funnel=True,gate=True,mu_floor_scale=0.7,mu_wall_scale=1.4,retreat=30|v10|stop",coin_1yen,mat,0.0,1,1,0,0,0,0,0,1,0,1,0,11.00,0.00
"hood|backstop=None,clearance_mm=0.1,funnel=True,gate=True,mu_floor_scale=0.7,mu_wall_scale=1.4,retreat=30|v10|stop",coin_1yen,mat,5.0,1,1,0,0,0,0,0,1,0,1,0,11.01,5.00
"hood|backstop=None,clearance_mm=0.1,funnel=True,gate=True,mu_floor_scale=0.7,mu_wall_scale=1.4,retreat=30|v10|stop",coin_1yen,mat,10.0,1,1,0,0,0,0,0,1,1,0,1,11.01,4.86
"hood|backstop=None,clearance_mm=0.1,funnel=True,gate=True,mu_floor_scale=0.7,mu_wall_scale=1.4,retreat=30|v10|stop",crumb_cube,flooring,0.0,1,1,0,0,0,0,0,1,0,1,0,8.07,0.00
"hood|backstop=None,clearance_mm=0.1,funnel=True,gate=True,mu_floor_scale=0.7,mu_wall_scale=1.4,retreat=30|v10|stop",crumb_cube,flooring,5.0,1,1,0,0,0,0,0,1,0,1,0,8.07,5.00
"hood|backstop=None,clearance_mm=0.1,funnel=True,gate=True,mu_floor_scale=0.7,mu_wall_scale=1.4,retreat=30|v10|stop",crumb_cube,flooring,10.0,1,1,0,0,0,0,0,1,1,0,1,8.07,8.85
"hood|backstop=None,clearance_mm=0.1,funnel=True,gate=True,mu_floor_scale=0.7,mu_wall_scale=1.4,retreat=30|v10|stop",crumb_cube,mat,0.0,1,1,0,0,0,0,0,1,0,1,0,8.07,0.00
"hood|backstop=None,clearance_mm=0.1,funnel=True,gate=True,mu_floor_scale=0.7,mu_wall_scale=1.4,retreat=30|v10|stop",crumb_cube,mat,5.0,1,1,0,0,0,0,0,1,0,1,0,8.07,5.00
"hood|backstop=None,clearance_mm=0.1,funnel=True,gate=True,mu_floor_scale=0.7,mu_wall_scale=1.4,retreat=30|v10|stop",crumb_cube,mat,10.0,1,1,0,0,0,0,0,1,1,0,1,8.07,8.85
"hood|backstop=None,clearance_mm=0.1,funnel=True,gate=True,mu_floor_scale=1.0,mu_wall_scale=0.7,retreat=30|v10|stop",battery_cr2032,flooring,0.0,1,1,0,0,0,0,0,1,0,1,0,11.00,0.01
"hood|backstop=None,clearance_mm=0.1,funnel=True,gate=True,mu_floor_scale=1.0,mu_wall_scale=0.7,retreat=30|v10|stop",battery_cr2032,flooring,5.0,1,1,0,0,0,0,0,1,0,1,0,11.01,5.00
"hood|backstop=None,clearance_mm=0.1,funnel=True,gate=True,mu_floor_scale=1.0,mu_wall_scale=0.7,retreat=30|v10|stop",battery_cr2032,flooring,10.0,1,0,0,0,1,0,0,0,1,0,0,,
"hood|backstop=None,clearance_mm=0.1,funnel=True,gate=True,mu_floor_scale=1.0,mu_wall_scale=0.7,retreat=30|v10|stop",battery_cr2032,mat,0.0,1,1,0,0,0,0,0,1,0,1,0,11.00,0.01
"hood|backstop=None,clearance_mm=0.1,funnel=True,gate=True,mu_floor_scale=1.0,mu_wall_scale=0.7,retreat=30|v10|stop",battery_cr2032,mat,5.0,1,1,0,0,0,0,0,1,0,1,0,11.01,5.00
"hood|backstop=None,clearance_mm=0.1,funnel=True,gate=True,mu_floor_scale=1.0,mu_wall_scale=0.7,retreat=30|v10|stop",battery_cr2032,mat,10.0,1,1,0,0,0,0,0,1,1,0,1,11.01,4.82
"hood|backstop=None,clearance_mm=0.1,funnel=True,gate=True,mu_floor_scale=1.0,mu_wall_scale=0.7,retreat=30|v10|stop",bead,flooring,0.0,1,1,0,0,0,0,0,1,0,1,0,5.01,0.00
"hood|backstop=None,clearance_mm=0.1,funnel=True,gate=True,mu_floor_scale=1.0,mu_wall_scale=0.7,retreat=30|v10|stop",bead,flooring,5.0,1,1,0,0,0,0,0,1,0,1,0,5.01,5.00
"hood|backstop=None,clearance_mm=0.1,funnel=True,gate=True,mu_floor_scale=1.0,mu_wall_scale=0.7,retreat=30|v10|stop",bead,flooring,10.0,1,1,0,0,0,0,0,1,0,1,0,5.00,10.00
"hood|backstop=None,clearance_mm=0.1,funnel=True,gate=True,mu_floor_scale=1.0,mu_wall_scale=0.7,retreat=30|v10|stop",bead,mat,0.0,1,1,0,0,0,0,0,1,0,1,0,5.01,0.00
"hood|backstop=None,clearance_mm=0.1,funnel=True,gate=True,mu_floor_scale=1.0,mu_wall_scale=0.7,retreat=30|v10|stop",bead,mat,5.0,1,1,0,0,0,0,0,1,0,1,0,5.01,5.00
"hood|backstop=None,clearance_mm=0.1,funnel=True,gate=True,mu_floor_scale=1.0,mu_wall_scale=0.7,retreat=30|v10|stop",bead,mat,10.0,1,1,0,0,0,0,0,1,0,1,0,5.00,10.00
"hood|backstop=None,clearance_mm=0.1,funnel=True,gate=True,mu_floor_scale=1.0,mu_wall_scale=0.7,retreat=30|v10|stop",coin_1yen,flooring,0.0,1,1,0,0,0,0,0,1,0,1,0,11.00,0.00
"hood|backstop=None,clearance_mm=0.1,funnel=True,gate=True,mu_floor_scale=1.0,mu_wall_scale=0.7,retreat=30|v10|stop",coin_1yen,flooring,5.0,1,1,0,0,0,0,0,1,0,1,0,11.01,5.00
"hood|backstop=None,clearance_mm=0.1,funnel=True,gate=True,mu_floor_scale=1.0,mu_wall_scale=0.7,retreat=30|v10|stop",coin_1yen,flooring,10.0,1,0,0,0,1,0,0,0,1,0,0,,
"hood|backstop=None,clearance_mm=0.1,funnel=True,gate=True,mu_floor_scale=1.0,mu_wall_scale=0.7,retreat=30|v10|stop",coin_1yen,mat,0.0,1,1,0,0,0,0,0,1,0,1,0,11.00,0.00
"hood|backstop=None,clearance_mm=0.1,funnel=True,gate=True,mu_floor_scale=1.0,mu_wall_scale=0.7,retreat=30|v10|stop",coin_1yen,mat,5.0,1,1,0,0,0,0,0,1,0,1,0,11.01,5.00
"hood|backstop=None,clearance_mm=0.1,funnel=True,gate=True,mu_floor_scale=1.0,mu_wall_scale=0.7,retreat=30|v10|stop",coin_1yen,mat,10.0,1,1,0,0,0,0,0,1,1,0,1,11.01,4.89
"hood|backstop=None,clearance_mm=0.1,funnel=True,gate=True,mu_floor_scale=1.0,mu_wall_scale=0.7,retreat=30|v10|stop",crumb_cube,flooring,0.0,1,1,0,0,0,0,0,1,0,1,0,8.07,0.00
"hood|backstop=None,clearance_mm=0.1,funnel=True,gate=True,mu_floor_scale=1.0,mu_wall_scale=0.7,retreat=30|v10|stop",crumb_cube,flooring,5.0,1,1,0,0,0,0,0,1,0,1,0,8.07,5.00
"hood|backstop=None,clearance_mm=0.1,funnel=True,gate=True,mu_floor_scale=1.0,mu_wall_scale=0.7,retreat=30|v10|stop",crumb_cube,flooring,10.0,1,1,0,0,0,0,0,1,1,0,1,8.08,8.79
"hood|backstop=None,clearance_mm=0.1,funnel=True,gate=True,mu_floor_scale=1.0,mu_wall_scale=0.7,retreat=30|v10|stop",crumb_cube,mat,0.0,1,1,0,0,0,0,0,1,0,1,0,8.07,0.00
"hood|backstop=None,clearance_mm=0.1,funnel=True,gate=True,mu_floor_scale=1.0,mu_wall_scale=0.7,retreat=30|v10|stop",crumb_cube,mat,5.0,1,1,0,0,0,0,0,1,0,1,0,8.07,5.00
"hood|backstop=None,clearance_mm=0.1,funnel=True,gate=True,mu_floor_scale=1.0,mu_wall_scale=0.7,retreat=30|v10|stop",crumb_cube,mat,10.0,1,1,0,0,0,0,0,1,1,0,1,8.08,8.79
"hood|backstop=None,clearance_mm=0.1,funnel=True,gate=True,mu_floor_scale=1.0,mu_wall_scale=1.0,retreat=30|v10|stop",battery_cr2032,flooring,0.0,1,1,0,0,0,0,0,1,0,1,0,11.00,0.01
"hood|backstop=None,clearance_mm=0.1,funnel=True,gate=True,mu_floor_scale=1.0,mu_wall_scale=1.0,retreat=30|v10|stop",battery_cr2032,flooring,5.0,1,1,0,0,0,0,0,1,0,1,0,11.01,5.00
"hood|backstop=None,clearance_mm=0.1,funnel=True,gate=True,mu_floor_scale=1.0,mu_wall_scale=1.0,retreat=30|v10|stop",battery_cr2032,flooring,10.0,1,1,0,0,0,0,0,1,1,0,1,11.01,4.67
"hood|backstop=None,clearance_mm=0.1,funnel=True,gate=True,mu_floor_scale=1.0,mu_wall_scale=1.0,retreat=30|v10|stop",battery_cr2032,mat,0.0,1,1,0,0,0,0,0,1,0,1,0,11.00,0.01
"hood|backstop=None,clearance_mm=0.1,funnel=True,gate=True,mu_floor_scale=1.0,mu_wall_scale=1.0,retreat=30|v10|stop",battery_cr2032,mat,5.0,1,1,0,0,0,0,0,1,0,1,0,11.01,5.00
"hood|backstop=None,clearance_mm=0.1,funnel=True,gate=True,mu_floor_scale=1.0,mu_wall_scale=1.0,retreat=30|v10|stop",battery_cr2032,mat,10.0,1,1,0,0,0,0,0,1,1,0,1,11.01,4.87
"hood|backstop=None,clearance_mm=0.1,funnel=True,gate=True,mu_floor_scale=1.0,mu_wall_scale=1.0,retreat=30|v10|stop",bead,flooring,0.0,1,1,0,0,0,0,0,1,0,1,0,5.01,0.00
"hood|backstop=None,clearance_mm=0.1,funnel=True,gate=True,mu_floor_scale=1.0,mu_wall_scale=1.0,retreat=30|v10|stop",bead,flooring,5.0,1,1,0,0,0,0,0,1,0,1,0,5.01,5.00
"hood|backstop=None,clearance_mm=0.1,funnel=True,gate=True,mu_floor_scale=1.0,mu_wall_scale=1.0,retreat=30|v10|stop",bead,flooring,10.0,1,1,0,0,0,0,0,1,0,1,0,5.00,10.00
"hood|backstop=None,clearance_mm=0.1,funnel=True,gate=True,mu_floor_scale=1.0,mu_wall_scale=1.0,retreat=30|v10|stop",bead,mat,0.0,1,1,0,0,0,0,0,1,0,1,0,5.01,0.00
"hood|backstop=None,clearance_mm=0.1,funnel=True,gate=True,mu_floor_scale=1.0,mu_wall_scale=1.0,retreat=30|v10|stop",bead,mat,5.0,1,1,0,0,0,0,0,1,0,1,0,5.01,5.00
"hood|backstop=None,clearance_mm=0.1,funnel=True,gate=True,mu_floor_scale=1.0,mu_wall_scale=1.0,retreat=30|v10|stop",bead,mat,10.0,1,1,0,0,0,0,0,1,0,1,0,5.00,10.00
"hood|backstop=None,clearance_mm=0.1,funnel=True,gate=True,mu_floor_scale=1.0,mu_wall_scale=1.0,retreat=30|v10|stop",coin_1yen,flooring,0.0,1,1,0,0,0,0,0,1,0,1,0,11.00,0.00
"hood|backstop=None,clearance_mm=0.1,funnel=True,gate=True,mu_floor_scale=1.0,mu_wall_scale=1.0,retreat=30|v10|stop",coin_1yen,flooring,5.0,1,1,0,0,0,0,0,1,0,1,0,11.01,5.00
"hood|backstop=None,clearance_mm=0.1,funnel=True,gate=True,mu_floor_scale=1.0,mu_wall_scale=1.0,retreat=30|v10|stop",coin_1yen,flooring,10.0,1,1,0,0,0,0,0,1,1,0,1,11.00,7.72
"hood|backstop=None,clearance_mm=0.1,funnel=True,gate=True,mu_floor_scale=1.0,mu_wall_scale=1.0,retreat=30|v10|stop",coin_1yen,mat,0.0,1,1,0,0,0,0,0,1,0,1,0,11.00,0.00
"hood|backstop=None,clearance_mm=0.1,funnel=True,gate=True,mu_floor_scale=1.0,mu_wall_scale=1.0,retreat=30|v10|stop",coin_1yen,mat,5.0,1,1,0,0,0,0,0,1,0,1,0,11.01,5.00
"hood|backstop=None,clearance_mm=0.1,funnel=True,gate=True,mu_floor_scale=1.0,mu_wall_scale=1.0,retreat=30|v10|stop",coin_1yen,mat,10.0,1,0,0,0,1,0,0,0,1,0,0,,
"hood|backstop=None,clearance_mm=0.1,funnel=True,gate=True,mu_floor_scale=1.0,mu_wall_scale=1.0,retreat=30|v10|stop",crumb_cube,flooring,0.0,1,1,0,0,0,0,0,1,0,1,0,8.07,0.00
"hood|backstop=None,clearance_mm=0.1,funnel=True,gate=True,mu_floor_scale=1.0,mu_wall_scale=1.0,retreat=30|v10|stop",crumb_cube,flooring,5.0,1,1,0,0,0,0,0,1,0,1,0,8.07,5.00
"hood|backstop=None,clearance_mm=0.1,funnel=True,gate=True,mu_floor_scale=1.0,mu_wall_scale=1.0,retreat=30|v10|stop",crumb_cube,flooring,10.0,1,1,0,0,0,0,0,1,1,0,1,8.08,8.83
"hood|backstop=None,clearance_mm=0.1,funnel=True,gate=True,mu_floor_scale=1.0,mu_wall_scale=1.0,retreat=30|v10|stop",crumb_cube,mat,0.0,1,1,0,0,0,0,0,1,0,1,0,8.07,0.00
"hood|backstop=None,clearance_mm=0.1,funnel=True,gate=True,mu_floor_scale=1.0,mu_wall_scale=1.0,retreat=30|v10|stop",crumb_cube,mat,5.0,1,1,0,0,0,0,0,1,0,1,0,8.07,5.00
"hood|backstop=None,clearance_mm=0.1,funnel=True,gate=True,mu_floor_scale=1.0,mu_wall_scale=1.0,retreat=30|v10|stop",crumb_cube,mat,10.0,1,1,0,0,0,0,0,1,1,0,1,8.08,8.83
"hood|backstop=None,clearance_mm=0.1,funnel=True,gate=True,mu_floor_scale=1.0,mu_wall_scale=1.4,retreat=30|v10|stop",battery_cr2032,flooring,0.0,1,1,0,0,0,0,0,1,0,1,0,11.00,0.01
"hood|backstop=None,clearance_mm=0.1,funnel=True,gate=True,mu_floor_scale=1.0,mu_wall_scale=1.4,retreat=30|v10|stop",battery_cr2032,flooring,5.0,1,1,0,0,0,0,0,1,0,1,0,11.01,5.00
"hood|backstop=None,clearance_mm=0.1,funnel=True,gate=True,mu_floor_scale=1.0,mu_wall_scale=1.4,retreat=30|v10|stop",battery_cr2032,flooring,10.0,1,1,0,0,0,0,0,1,1,0,1,11.00,4.83
"hood|backstop=None,clearance_mm=0.1,funnel=True,gate=True,mu_floor_scale=1.0,mu_wall_scale=1.4,retreat=30|v10|stop",battery_cr2032,mat,0.0,1,1,0,0,0,0,0,1,0,1,0,11.00,0.01
"hood|backstop=None,clearance_mm=0.1,funnel=True,gate=True,mu_floor_scale=1.0,mu_wall_scale=1.4,retreat=30|v10|stop",battery_cr2032,mat,5.0,1,1,0,0,0,0,0,1,0,1,0,11.01,5.00
"hood|backstop=None,clearance_mm=0.1,funnel=True,gate=True,mu_floor_scale=1.0,mu_wall_scale=1.4,retreat=30|v10|stop",battery_cr2032,mat,10.0,1,1,0,0,0,0,0,1,1,0,1,11.01,3.33
"hood|backstop=None,clearance_mm=0.1,funnel=True,gate=True,mu_floor_scale=1.0,mu_wall_scale=1.4,retreat=30|v10|stop",bead,flooring,0.0,1,1,0,0,0,0,0,1,0,1,0,5.01,0.00
"hood|backstop=None,clearance_mm=0.1,funnel=True,gate=True,mu_floor_scale=1.0,mu_wall_scale=1.4,retreat=30|v10|stop",bead,flooring,5.0,1,1,0,0,0,0,0,1,0,1,0,5.01,5.00
"hood|backstop=None,clearance_mm=0.1,funnel=True,gate=True,mu_floor_scale=1.0,mu_wall_scale=1.4,retreat=30|v10|stop",bead,flooring,10.0,1,1,0,0,0,0,0,1,0,1,0,5.00,10.00
"hood|backstop=None,clearance_mm=0.1,funnel=True,gate=True,mu_floor_scale=1.0,mu_wall_scale=1.4,retreat=30|v10|stop",bead,mat,0.0,1,1,0,0,0,0,0,1,0,1,0,5.01,0.00
"hood|backstop=None,clearance_mm=0.1,funnel=True,gate=True,mu_floor_scale=1.0,mu_wall_scale=1.4,retreat=30|v10|stop",bead,mat,5.0,1,1,0,0,0,0,0,1,0,1,0,5.01,5.00
"hood|backstop=None,clearance_mm=0.1,funnel=True,gate=True,mu_floor_scale=1.0,mu_wall_scale=1.4,retreat=30|v10|stop",bead,mat,10.0,1,1,0,0,0,0,0,1,0,1,0,5.00,10.00
"hood|backstop=None,clearance_mm=0.1,funnel=True,gate=True,mu_floor_scale=1.0,mu_wall_scale=1.4,retreat=30|v10|stop",coin_1yen,flooring,0.0,1,1,0,0,0,0,0,1,0,1,0,11.00,0.00
"hood|backstop=None,clearance_mm=0.1,funnel=True,gate=True,mu_floor_scale=1.0,mu_wall_scale=1.4,retreat=30|v10|stop",coin_1yen,flooring,5.0,1,1,0,0,0,0,0,1,0,1,0,11.01,5.00
"hood|backstop=None,clearance_mm=0.1,funnel=True,gate=True,mu_floor_scale=1.0,mu_wall_scale=1.4,retreat=30|v10|stop",coin_1yen,flooring,10.0,1,0,0,0,1,0,0,0,1,0,0,,
"hood|backstop=None,clearance_mm=0.1,funnel=True,gate=True,mu_floor_scale=1.0,mu_wall_scale=1.4,retreat=30|v10|stop",coin_1yen,mat,0.0,1,1,0,0,0,0,0,1,0,1,0,11.00,0.00
"hood|backstop=None,clearance_mm=0.1,funnel=True,gate=True,mu_floor_scale=1.0,mu_wall_scale=1.4,retreat=30|v10|stop",coin_1yen,mat,5.0,1,1,0,0,0,0,0,1,0,1,0,11.01,5.00
"hood|backstop=None,clearance_mm=0.1,funnel=True,gate=True,mu_floor_scale=1.0,mu_wall_scale=1.4,retreat=30|v10|stop",coin_1yen,mat,10.0,1,0,0,0,1,0,0,0,1,0,0,,
"hood|backstop=None,clearance_mm=0.1,funnel=True,gate=True,mu_floor_scale=1.0,mu_wall_scale=1.4,retreat=30|v10|stop",crumb_cube,flooring,0.0,1,1,0,0,0,0,0,1,0,1,0,8.07,0.00
"hood|backstop=None,clearance_mm=0.1,funnel=True,gate=True,mu_floor_scale=1.0,mu_wall_scale=1.4,retreat=30|v10|stop",crumb_cube,flooring,5.0,1,1,0,0,0,0,0,1,0,1,0,8.07,5.00
"hood|backstop=None,clearance_mm=0.1,funnel=True,gate=True,mu_floor_scale=1.0,mu_wall_scale=1.4,retreat=30|v10|stop",crumb_cube,flooring,10.0,1,1,0,0,0,0,0,1,1,0,1,8.08,8.89
"hood|backstop=None,clearance_mm=0.1,funnel=True,gate=True,mu_floor_scale=1.0,mu_wall_scale=1.4,retreat=30|v10|stop",crumb_cube,mat,0.0,1,1,0,0,0,0,0,1,0,1,0,8.07,0.00
"hood|backstop=None,clearance_mm=0.1,funnel=True,gate=True,mu_floor_scale=1.0,mu_wall_scale=1.4,retreat=30|v10|stop",crumb_cube,mat,5.0,1,1,0,0,0,0,0,1,0,1,0,8.07,5.00
"hood|backstop=None,clearance_mm=0.1,funnel=True,gate=True,mu_floor_scale=1.0,mu_wall_scale=1.4,retreat=30|v10|stop",crumb_cube,mat,10.0,1,1,0,0,0,0,0,1,1,0,1,8.08,8.89
"hood|backstop=None,clearance_mm=0.1,funnel=True,gate=True,mu_floor_scale=1.4,mu_wall_scale=0.7,retreat=30|v10|stop",battery_cr2032,flooring,0.0,1,1,0,0,0,0,0,1,0,1,0,11.01,0.01
"hood|backstop=None,clearance_mm=0.1,funnel=True,gate=True,mu_floor_scale=1.4,mu_wall_scale=0.7,retreat=30|v10|stop",battery_cr2032,flooring,5.0,1,1,0,0,0,0,0,1,0,1,0,11.01,5.00
"hood|backstop=None,clearance_mm=0.1,funnel=True,gate=True,mu_floor_scale=1.4,mu_wall_scale=0.7,retreat=30|v10|stop",battery_cr2032,flooring,10.0,1,0,0,0,1,0,0,0,1,0,0,,
"hood|backstop=None,clearance_mm=0.1,funnel=True,gate=True,mu_floor_scale=1.4,mu_wall_scale=0.7,retreat=30|v10|stop",battery_cr2032,mat,0.0,1,1,0,0,0,0,0,1,0,1,0,11.00,0.01
"hood|backstop=None,clearance_mm=0.1,funnel=True,gate=True,mu_floor_scale=1.4,mu_wall_scale=0.7,retreat=30|v10|stop",battery_cr2032,mat,5.0,1,1,0,0,0,0,0,1,0,1,0,11.01,5.00
"hood|backstop=None,clearance_mm=0.1,funnel=True,gate=True,mu_floor_scale=1.4,mu_wall_scale=0.7,retreat=30|v10|stop",battery_cr2032,mat,10.0,1,1,0,0,0,0,0,1,1,0,1,11.00,4.28
"hood|backstop=None,clearance_mm=0.1,funnel=True,gate=True,mu_floor_scale=1.4,mu_wall_scale=0.7,retreat=30|v10|stop",bead,flooring,0.0,1,1,0,0,0,0,0,1,0,1,0,5.01,0.00
"hood|backstop=None,clearance_mm=0.1,funnel=True,gate=True,mu_floor_scale=1.4,mu_wall_scale=0.7,retreat=30|v10|stop",bead,flooring,5.0,1,1,0,0,0,0,0,1,0,1,0,5.01,5.00
"hood|backstop=None,clearance_mm=0.1,funnel=True,gate=True,mu_floor_scale=1.4,mu_wall_scale=0.7,retreat=30|v10|stop",bead,flooring,10.0,1,1,0,0,0,0,0,1,0,1,0,5.00,10.00
"hood|backstop=None,clearance_mm=0.1,funnel=True,gate=True,mu_floor_scale=1.4,mu_wall_scale=0.7,retreat=30|v10|stop",bead,mat,0.0,1,1,0,0,0,0,0,1,0,1,0,5.01,0.00
"hood|backstop=None,clearance_mm=0.1,funnel=True,gate=True,mu_floor_scale=1.4,mu_wall_scale=0.7,retreat=30|v10|stop",bead,mat,5.0,1,1,0,0,0,0,0,1,0,1,0,5.01,5.00
"hood|backstop=None,clearance_mm=0.1,funnel=True,gate=True,mu_floor_scale=1.4,mu_wall_scale=0.7,retreat=30|v10|stop",bead,mat,10.0,1,1,0,0,0,0,0,1,0,1,0,5.00,10.00
"hood|backstop=None,clearance_mm=0.1,funnel=True,gate=True,mu_floor_scale=1.4,mu_wall_scale=0.7,retreat=30|v10|stop",coin_1yen,flooring,0.0,1,1,0,0,0,0,0,1,0,1,0,11.00,0.00
"hood|backstop=None,clearance_mm=0.1,funnel=True,gate=True,mu_floor_scale=1.4,mu_wall_scale=0.7,retreat=30|v10|stop",coin_1yen,flooring,5.0,1,1,0,0,0,0,0,1,0,1,0,11.01,5.00
"hood|backstop=None,clearance_mm=0.1,funnel=True,gate=True,mu_floor_scale=1.4,mu_wall_scale=0.7,retreat=30|v10|stop",coin_1yen,flooring,10.0,1,0,0,0,1,0,0,0,1,0,0,,
"hood|backstop=None,clearance_mm=0.1,funnel=True,gate=True,mu_floor_scale=1.4,mu_wall_scale=0.7,retreat=30|v10|stop",coin_1yen,mat,0.0,1,1,0,0,0,0,0,1,0,1,0,11.00,0.00
"hood|backstop=None,clearance_mm=0.1,funnel=True,gate=True,mu_floor_scale=1.4,mu_wall_scale=0.7,retreat=30|v10|stop",coin_1yen,mat,5.0,1,1,0,0,0,0,0,1,0,1,0,11.00,5.00
"hood|backstop=None,clearance_mm=0.1,funnel=True,gate=True,mu_floor_scale=1.4,mu_wall_scale=0.7,retreat=30|v10|stop",coin_1yen,mat,10.0,1,0,0,0,1,0,0,0,1,0,0,,
"hood|backstop=None,clearance_mm=0.1,funnel=True,gate=True,mu_floor_scale=1.4,mu_wall_scale=0.7,retreat=30|v10|stop",crumb_cube,flooring,0.0,1,1,0,0,0,0,0,1,0,1,0,8.07,0.00
"hood|backstop=None,clearance_mm=0.1,funnel=True,gate=True,mu_floor_scale=1.4,mu_wall_scale=0.7,retreat=30|v10|stop",crumb_cube,flooring,5.0,1,1,0,0,0,0,0,1,0,1,0,8.07,5.00
"hood|backstop=None,clearance_mm=0.1,funnel=True,gate=True,mu_floor_scale=1.4,mu_wall_scale=0.7,retreat=30|v10|stop",crumb_cube,flooring,10.0,1,1,0,0,0,0,0,1,1,0,1,8.08,8.80
"hood|backstop=None,clearance_mm=0.1,funnel=True,gate=True,mu_floor_scale=1.4,mu_wall_scale=0.7,retreat=30|v10|stop",crumb_cube,mat,0.0,1,1,0,0,0,0,0,1,0,1,0,8.07,0.00
"hood|backstop=None,clearance_mm=0.1,funnel=True,gate=True,mu_floor_scale=1.4,mu_wall_scale=0.7,retreat=30|v10|stop",crumb_cube,mat,5.0,1,1,0,0,0,0,0,1,0,1,0,8.07,5.00
"hood|backstop=None,clearance_mm=0.1,funnel=True,gate=True,mu_floor_scale=1.4,mu_wall_scale=0.7,retreat=30|v10|stop",crumb_cube,mat,10.0,1,1,0,0,0,0,0,1,1,0,1,8.08,8.80
"hood|backstop=None,clearance_mm=0.1,funnel=True,gate=True,mu_floor_scale=1.4,mu_wall_scale=1.0,retreat=30|v10|stop",battery_cr2032,flooring,0.0,1,1,0,0,0,0,0,1,0,1,0,11.01,0.01
"hood|backstop=None,clearance_mm=0.1,funnel=True,gate=True,mu_floor_scale=1.4,mu_wall_scale=1.0,retreat=30|v10|stop",battery_cr2032,flooring,5.0,1,1,0,0,0,0,0,1,0,1,0,11.01,5.00
"hood|backstop=None,clearance_mm=0.1,funnel=True,gate=True,mu_floor_scale=1.4,mu_wall_scale=1.0,retreat=30|v10|stop",battery_cr2032,flooring,10.0,1,1,0,0,0,0,0,1,1,0,1,11.00,5.00
"hood|backstop=None,clearance_mm=0.1,funnel=True,gate=True,mu_floor_scale=1.4,mu_wall_scale=1.0,retreat=30|v10|stop",battery_cr2032,mat,0.0,1,1,0,0,0,0,0,1,0,1,0,11.00,0.01
"hood|backstop=None,clearance_mm=0.1,funnel=True,gate=True,mu_floor_scale=1.4,mu_wall_scale=1.0,retreat=30|v10|stop",battery_cr2032,mat,5.0,1,1,0,0,0,0,0,1,0,1,0,11.01,5.00
"hood|backstop=None,clearance_mm=0.1,funnel=True,gate=True,mu_floor_scale=1.4,mu_wall_scale=1.0,retreat=30|v10|stop",battery_cr2032,mat,10.0,1,1,0,0,0,0,0,1,1,0,1,11.00,4.53
"hood|backstop=None,clearance_mm=0.1,funnel=True,gate=True,mu_floor_scale=1.4,mu_wall_scale=1.0,retreat=30|v10|stop",bead,flooring,0.0,1,1,0,0,0,0,0,1,0,1,0,5.01,0.00
"hood|backstop=None,clearance_mm=0.1,funnel=True,gate=True,mu_floor_scale=1.4,mu_wall_scale=1.0,retreat=30|v10|stop",bead,flooring,5.0,1,1,0,0,0,0,0,1,0,1,0,5.01,5.00
"hood|backstop=None,clearance_mm=0.1,funnel=True,gate=True,mu_floor_scale=1.4,mu_wall_scale=1.0,retreat=30|v10|stop",bead,flooring,10.0,1,1,0,0,0,0,0,1,0,1,0,5.00,10.00
"hood|backstop=None,clearance_mm=0.1,funnel=True,gate=True,mu_floor_scale=1.4,mu_wall_scale=1.0,retreat=30|v10|stop",bead,mat,0.0,1,1,0,0,0,0,0,1,0,1,0,5.01,0.00
"hood|backstop=None,clearance_mm=0.1,funnel=True,gate=True,mu_floor_scale=1.4,mu_wall_scale=1.0,retreat=30|v10|stop",bead,mat,5.0,1,1,0,0,0,0,0,1,0,1,0,5.01,5.00
"hood|backstop=None,clearance_mm=0.1,funnel=True,gate=True,mu_floor_scale=1.4,mu_wall_scale=1.0,retreat=30|v10|stop",bead,mat,10.0,1,1,0,0,0,0,0,1,0,1,0,5.00,10.00
"hood|backstop=None,clearance_mm=0.1,funnel=True,gate=True,mu_floor_scale=1.4,mu_wall_scale=1.0,retreat=30|v10|stop",coin_1yen,flooring,0.0,1,1,0,0,0,0,0,1,0,1,0,11.00,0.00
"hood|backstop=None,clearance_mm=0.1,funnel=True,gate=True,mu_floor_scale=1.4,mu_wall_scale=1.0,retreat=30|v10|stop",coin_1yen,flooring,5.0,1,1,0,0,0,0,0,1,0,1,0,11.01,5.00
"hood|backstop=None,clearance_mm=0.1,funnel=True,gate=True,mu_floor_scale=1.4,mu_wall_scale=1.0,retreat=30|v10|stop",coin_1yen,flooring,10.0,1,1,0,0,0,0,0,1,1,0,1,11.01,3.63
"hood|backstop=None,clearance_mm=0.1,funnel=True,gate=True,mu_floor_scale=1.4,mu_wall_scale=1.0,retreat=30|v10|stop",coin_1yen,mat,0.0,1,1,0,0,0,0,0,1,0,1,0,11.00,0.00
"hood|backstop=None,clearance_mm=0.1,funnel=True,gate=True,mu_floor_scale=1.4,mu_wall_scale=1.0,retreat=30|v10|stop",coin_1yen,mat,5.0,1,1,0,0,0,0,0,1,0,1,0,11.01,5.00
"hood|backstop=None,clearance_mm=0.1,funnel=True,gate=True,mu_floor_scale=1.4,mu_wall_scale=1.0,retreat=30|v10|stop",coin_1yen,mat,10.0,1,0,0,0,1,0,0,0,1,0,0,,
"hood|backstop=None,clearance_mm=0.1,funnel=True,gate=True,mu_floor_scale=1.4,mu_wall_scale=1.0,retreat=30|v10|stop",crumb_cube,flooring,0.0,1,1,0,0,0,0,0,1,0,1,0,8.07,0.00
"hood|backstop=None,clearance_mm=0.1,funnel=True,gate=True,mu_floor_scale=1.4,mu_wall_scale=1.0,retreat=30|v10|stop",crumb_cube,flooring,5.0,1,1,0,0,0,0,0,1,0,1,0,8.07,5.00
"hood|backstop=None,clearance_mm=0.1,funnel=True,gate=True,mu_floor_scale=1.4,mu_wall_scale=1.0,retreat=30|v10|stop",crumb_cube,flooring,10.0,1,1,0,0,0,0,0,1,1,0,1,8.08,8.79
"hood|backstop=None,clearance_mm=0.1,funnel=True,gate=True,mu_floor_scale=1.4,mu_wall_scale=1.0,retreat=30|v10|stop",crumb_cube,mat,0.0,1,1,0,0,0,0,0,1,0,1,0,8.07,0.00
"hood|backstop=None,clearance_mm=0.1,funnel=True,gate=True,mu_floor_scale=1.4,mu_wall_scale=1.0,retreat=30|v10|stop",crumb_cube,mat,5.0,1,1,0,0,0,0,0,1,0,1,0,8.07,5.00
"hood|backstop=None,clearance_mm=0.1,funnel=True,gate=True,mu_floor_scale=1.4,mu_wall_scale=1.0,retreat=30|v10|stop",crumb_cube,mat,10.0,1,1,0,0,0,0,0,1,1,0,1,8.08,8.79
"hood|backstop=None,clearance_mm=0.1,funnel=True,gate=True,mu_floor_scale=1.4,mu_wall_scale=1.4,retreat=30|v10|stop",battery_cr2032,flooring,0.0,1,1,0,0,0,0,0,1,0,1,0,11.01,0.01
"hood|backstop=None,clearance_mm=0.1,funnel=True,gate=True,mu_floor_scale=1.4,mu_wall_scale=1.4,retreat=30|v10|stop",battery_cr2032,flooring,5.0,1,1,0,0,0,0,0,1,0,1,0,11.01,5.00
"hood|backstop=None,clearance_mm=0.1,funnel=True,gate=True,mu_floor_scale=1.4,mu_wall_scale=1.4,retreat=30|v10|stop",battery_cr2032,flooring,10.0,1,1,0,0,0,0,0,1,1,0,1,11.00,4.81
"hood|backstop=None,clearance_mm=0.1,funnel=True,gate=True,mu_floor_scale=1.4,mu_wall_scale=1.4,retreat=30|v10|stop",battery_cr2032,mat,0.0,1,1,0,0,0,0,0,1,0,1,0,11.00,0.01
"hood|backstop=None,clearance_mm=0.1,funnel=True,gate=True,mu_floor_scale=1.4,mu_wall_scale=1.4,retreat=30|v10|stop",battery_cr2032,mat,5.0,1,1,0,0,0,0,0,1,0,1,0,11.01,5.00
"hood|backstop=None,clearance_mm=0.1,funnel=True,gate=True,mu_floor_scale=1.4,mu_wall_scale=1.4,retreat=30|v10|stop",battery_cr2032,mat,10.0,1,1,0,0,0,0,0,1,1,0,1,11.00,4.46
"hood|backstop=None,clearance_mm=0.1,funnel=True,gate=True,mu_floor_scale=1.4,mu_wall_scale=1.4,retreat=30|v10|stop",bead,flooring,0.0,1,1,0,0,0,0,0,1,0,1,0,5.01,0.00
"hood|backstop=None,clearance_mm=0.1,funnel=True,gate=True,mu_floor_scale=1.4,mu_wall_scale=1.4,retreat=30|v10|stop",bead,flooring,5.0,1,1,0,0,0,0,0,1,0,1,0,5.01,5.00
"hood|backstop=None,clearance_mm=0.1,funnel=True,gate=True,mu_floor_scale=1.4,mu_wall_scale=1.4,retreat=30|v10|stop",bead,flooring,10.0,1,1,0,0,0,0,0,1,0,1,0,5.00,10.00
"hood|backstop=None,clearance_mm=0.1,funnel=True,gate=True,mu_floor_scale=1.4,mu_wall_scale=1.4,retreat=30|v10|stop",bead,mat,0.0,1,1,0,0,0,0,0,1,0,1,0,5.01,0.00
"hood|backstop=None,clearance_mm=0.1,funnel=True,gate=True,mu_floor_scale=1.4,mu_wall_scale=1.4,retreat=30|v10|stop",bead,mat,5.0,1,1,0,0,0,0,0,1,0,1,0,5.01,5.00
"hood|backstop=None,clearance_mm=0.1,funnel=True,gate=True,mu_floor_scale=1.4,mu_wall_scale=1.4,retreat=30|v10|stop",bead,mat,10.0,1,1,0,0,0,0,0,1,0,1,0,5.00,10.00
"hood|backstop=None,clearance_mm=0.1,funnel=True,gate=True,mu_floor_scale=1.4,mu_wall_scale=1.4,retreat=30|v10|stop",coin_1yen,flooring,0.0,1,1,0,0,0,0,0,1,0,1,0,11.00,0.00
"hood|backstop=None,clearance_mm=0.1,funnel=True,gate=True,mu_floor_scale=1.4,mu_wall_scale=1.4,retreat=30|v10|stop",coin_1yen,flooring,5.0,1,1,0,0,0,0,0,1,0,1,0,11.01,5.00
"hood|backstop=None,clearance_mm=0.1,funnel=True,gate=True,mu_floor_scale=1.4,mu_wall_scale=1.4,retreat=30|v10|stop",coin_1yen,flooring,10.0,1,1,0,0,0,0,0,1,1,0,1,11.01,4.86
"hood|backstop=None,clearance_mm=0.1,funnel=True,gate=True,mu_floor_scale=1.4,mu_wall_scale=1.4,retreat=30|v10|stop",coin_1yen,mat,0.0,1,1,0,0,0,0,0,1,0,1,0,11.00,0.00
"hood|backstop=None,clearance_mm=0.1,funnel=True,gate=True,mu_floor_scale=1.4,mu_wall_scale=1.4,retreat=30|v10|stop",coin_1yen,mat,5.0,1,1,0,0,0,0,0,1,0,1,0,11.00,5.00
"hood|backstop=None,clearance_mm=0.1,funnel=True,gate=True,mu_floor_scale=1.4,mu_wall_scale=1.4,retreat=30|v10|stop",coin_1yen,mat,10.0,1,1,0,0,0,0,0,1,1,0,1,11.00,4.90
"hood|backstop=None,clearance_mm=0.1,funnel=True,gate=True,mu_floor_scale=1.4,mu_wall_scale=1.4,retreat=30|v10|stop",crumb_cube,flooring,0.0,1,1,0,0,0,0,0,1,0,1,0,8.07,0.00
"hood|backstop=None,clearance_mm=0.1,funnel=True,gate=True,mu_floor_scale=1.4,mu_wall_scale=1.4,retreat=30|v10|stop",crumb_cube,flooring,5.0,1,1,0,0,0,0,0,1,0,1,0,8.07,5.00
"hood|backstop=None,clearance_mm=0.1,funnel=True,gate=True,mu_floor_scale=1.4,mu_wall_scale=1.4,retreat=30|v10|stop",crumb_cube,flooring,10.0,1,1,0,0,0,0,0,1,1,0,1,8.07,8.80
"hood|backstop=None,clearance_mm=0.1,funnel=True,gate=True,mu_floor_scale=1.4,mu_wall_scale=1.4,retreat=30|v10|stop",crumb_cube,mat,0.0,1,1,0,0,0,0,0,1,0,1,0,8.07,0.00
"hood|backstop=None,clearance_mm=0.1,funnel=True,gate=True,mu_floor_scale=1.4,mu_wall_scale=1.4,retreat=30|v10|stop",crumb_cube,mat,5.0,1,1,0,0,0,0,0,1,0,1,0,8.07,5.00
"hood|backstop=None,clearance_mm=0.1,funnel=True,gate=True,mu_floor_scale=1.4,mu_wall_scale=1.4,retreat=30|v10|stop",crumb_cube,mat,10.0,1,1,0,0,0,0,0,1,1,0,1,8.07,8.80
"hood|backstop=None,clearance_mm=0.3,funnel=True,gate=True,mu_floor_scale=0.7,mu_wall_scale=0.7,retreat=30|v10|stop",battery_cr2032,flooring,0.0,1,1,0,0,0,0,0,1,0,1,0,11.00,0.01
"hood|backstop=None,clearance_mm=0.3,funnel=True,gate=True,mu_floor_scale=0.7,mu_wall_scale=0.7,retreat=30|v10|stop",battery_cr2032,flooring,5.0,1,1,0,0,0,0,0,1,0,1,0,11.01,5.00
"hood|backstop=None,clearance_mm=0.3,funnel=True,gate=True,mu_floor_scale=0.7,mu_wall_scale=0.7,retreat=30|v10|stop",battery_cr2032,flooring,10.0,1,1,0,0,0,0,0,1,1,0,1,11.00,2.92
"hood|backstop=None,clearance_mm=0.3,funnel=True,gate=True,mu_floor_scale=0.7,mu_wall_scale=0.7,retreat=30|v10|stop",battery_cr2032,mat,0.0,1,1,0,0,0,0,0,1,0,1,0,11.01,0.01
"hood|backstop=None,clearance_mm=0.3,funnel=True,gate=True,mu_floor_scale=0.7,mu_wall_scale=0.7,retreat=30|v10|stop",battery_cr2032,mat,5.0,1,1,0,0,0,0,0,1,0,1,0,11.01,5.00
"hood|backstop=None,clearance_mm=0.3,funnel=True,gate=True,mu_floor_scale=0.7,mu_wall_scale=0.7,retreat=30|v10|stop",battery_cr2032,mat,10.0,1,1,0,0,0,0,0,1,1,0,1,11.00,4.41
"hood|backstop=None,clearance_mm=0.3,funnel=True,gate=True,mu_floor_scale=0.7,mu_wall_scale=0.7,retreat=30|v10|stop",bead,flooring,0.0,1,1,0,0,0,0,0,1,0,1,0,5.01,0.00
"hood|backstop=None,clearance_mm=0.3,funnel=True,gate=True,mu_floor_scale=0.7,mu_wall_scale=0.7,retreat=30|v10|stop",bead,flooring,5.0,1,1,0,0,0,0,0,1,0,1,0,5.01,5.00
"hood|backstop=None,clearance_mm=0.3,funnel=True,gate=True,mu_floor_scale=0.7,mu_wall_scale=0.7,retreat=30|v10|stop",bead,flooring,10.0,1,1,0,0,0,0,0,1,0,1,0,5.00,10.00
"hood|backstop=None,clearance_mm=0.3,funnel=True,gate=True,mu_floor_scale=0.7,mu_wall_scale=0.7,retreat=30|v10|stop",bead,mat,0.0,1,1,0,0,0,0,0,1,0,1,0,5.01,0.00
"hood|backstop=None,clearance_mm=0.3,funnel=True,gate=True,mu_floor_scale=0.7,mu_wall_scale=0.7,retreat=30|v10|stop",bead,mat,5.0,1,1,0,0,0,0,0,1,0,1,0,5.01,5.00
"hood|backstop=None,clearance_mm=0.3,funnel=True,gate=True,mu_floor_scale=0.7,mu_wall_scale=0.7,retreat=30|v10|stop",bead,mat,10.0,1,1,0,0,0,0,0,1,0,1,0,5.00,10.00
"hood|backstop=None,clearance_mm=0.3,funnel=True,gate=True,mu_floor_scale=0.7,mu_wall_scale=0.7,retreat=30|v10|stop",coin_1yen,flooring,0.0,1,1,0,0,0,0,0,1,0,1,0,11.00,0.00
"hood|backstop=None,clearance_mm=0.3,funnel=True,gate=True,mu_floor_scale=0.7,mu_wall_scale=0.7,retreat=30|v10|stop",coin_1yen,flooring,5.0,1,1,0,0,0,0,0,1,0,1,0,11.00,5.00
"hood|backstop=None,clearance_mm=0.3,funnel=True,gate=True,mu_floor_scale=0.7,mu_wall_scale=0.7,retreat=30|v10|stop",coin_1yen,flooring,10.0,1,0,0,0,1,0,0,0,1,0,0,,
"hood|backstop=None,clearance_mm=0.3,funnel=True,gate=True,mu_floor_scale=0.7,mu_wall_scale=0.7,retreat=30|v10|stop",coin_1yen,mat,0.0,1,1,0,0,0,0,0,1,0,1,0,11.00,0.00
"hood|backstop=None,clearance_mm=0.3,funnel=True,gate=True,mu_floor_scale=0.7,mu_wall_scale=0.7,retreat=30|v10|stop",coin_1yen,mat,5.0,1,1,0,0,0,0,0,1,0,1,0,11.01,5.00
"hood|backstop=None,clearance_mm=0.3,funnel=True,gate=True,mu_floor_scale=0.7,mu_wall_scale=0.7,retreat=30|v10|stop",coin_1yen,mat,10.0,1,0,0,0,1,0,0,0,1,0,0,,
"hood|backstop=None,clearance_mm=0.3,funnel=True,gate=True,mu_floor_scale=0.7,mu_wall_scale=0.7,retreat=30|v10|stop",crumb_cube,flooring,0.0,1,1,0,0,0,0,0,1,0,1,0,8.07,0.00
"hood|backstop=None,clearance_mm=0.3,funnel=True,gate=True,mu_floor_scale=0.7,mu_wall_scale=0.7,retreat=30|v10|stop",crumb_cube,flooring,5.0,1,1,0,0,0,0,0,1,0,1,0,8.07,5.00
"hood|backstop=None,clearance_mm=0.3,funnel=True,gate=True,mu_floor_scale=0.7,mu_wall_scale=0.7,retreat=30|v10|stop",crumb_cube,flooring,10.0,1,1,0,0,0,0,0,1,1,0,1,8.08,8.76
"hood|backstop=None,clearance_mm=0.3,funnel=True,gate=True,mu_floor_scale=0.7,mu_wall_scale=0.7,retreat=30|v10|stop",crumb_cube,mat,0.0,1,1,0,0,0,0,0,1,0,1,0,8.07,0.00
"hood|backstop=None,clearance_mm=0.3,funnel=True,gate=True,mu_floor_scale=0.7,mu_wall_scale=0.7,retreat=30|v10|stop",crumb_cube,mat,5.0,1,1,0,0,0,0,0,1,0,1,0,8.07,5.00
"hood|backstop=None,clearance_mm=0.3,funnel=True,gate=True,mu_floor_scale=0.7,mu_wall_scale=0.7,retreat=30|v10|stop",crumb_cube,mat,10.0,1,1,0,0,0,0,0,1,1,0,1,8.08,8.76
"hood|backstop=None,clearance_mm=0.3,funnel=True,gate=True,mu_floor_scale=0.7,mu_wall_scale=1.0,retreat=30|v10|stop",battery_cr2032,flooring,0.0,1,1,0,0,0,0,0,1,0,1,0,11.00,0.01
"hood|backstop=None,clearance_mm=0.3,funnel=True,gate=True,mu_floor_scale=0.7,mu_wall_scale=1.0,retreat=30|v10|stop",battery_cr2032,flooring,5.0,1,1,0,0,0,0,0,1,0,1,0,11.01,5.00
"hood|backstop=None,clearance_mm=0.3,funnel=True,gate=True,mu_floor_scale=0.7,mu_wall_scale=1.0,retreat=30|v10|stop",battery_cr2032,flooring,10.0,1,0,0,0,1,0,0,0,1,0,0,,
"hood|backstop=None,clearance_mm=0.3,funnel=True,gate=True,mu_floor_scale=0.7,mu_wall_scale=1.0,retreat=30|v10|stop",battery_cr2032,mat,0.0,1,1,0,0,0,0,0,1,0,1,0,11.01,0.01
"hood|backstop=None,clearance_mm=0.3,funnel=True,gate=True,mu_floor_scale=0.7,mu_wall_scale=1.0,retreat=30|v10|stop",battery_cr2032,mat,5.0,1,1,0,0,0,0,0,1,0,1,0,11.01,5.00
"hood|backstop=None,clearance_mm=0.3,funnel=True,gate=True,mu_floor_scale=0.7,mu_wall_scale=1.0,retreat=30|v10|stop",battery_cr2032,mat,10.0,1,1,0,0,0,0,0,1,1,0,1,11.00,0.84
"hood|backstop=None,clearance_mm=0.3,funnel=True,gate=True,mu_floor_scale=0.7,mu_wall_scale=1.0,retreat=30|v10|stop",bead,flooring,0.0,1,1,0,0,0,0,0,1,0,1,0,5.01,0.00
"hood|backstop=None,clearance_mm=0.3,funnel=True,gate=True,mu_floor_scale=0.7,mu_wall_scale=1.0,retreat=30|v10|stop",bead,flooring,5.0,1,1,0,0,0,0,0,1,0,1,0,5.01,5.00
"hood|backstop=None,clearance_mm=0.3,funnel=True,gate=True,mu_floor_scale=0.7,mu_wall_scale=1.0,retreat=30|v10|stop",bead,flooring,10.0,1,1,0,0,0,0,0,1,0,1,0,5.00,10.00
"hood|backstop=None,clearance_mm=0.3,funnel=True,gate=True,mu_floor_scale=0.7,mu_wall_scale=1.0,retreat=30|v10|stop",bead,mat,0.0,1,1,0,0,0,0,0,1,0,1,0,5.01,0.00
"hood|backstop=None,clearance_mm=0.3,funnel=True,gate=True,mu_floor_scale=0.7,mu_wall_scale=1.0,retreat=30|v10|stop",bead,mat,5.0,1,1,0,0,0,0,0,1,0,1,0,5.01,5.00
"hood|backstop=None,clearance_mm=0.3,funnel=True,gate=True,mu_floor_scale=0.7,mu_wall_scale=1.0,retreat=30|v10|stop",bead,mat,10.0,1,1,0,0,0,0,0,1,0,1,0,5.00,10.00
"hood|backstop=None,clearance_mm=0.3,funnel=True,gate=True,mu_floor_scale=0.7,mu_wall_scale=1.0,retreat=30|v10|stop",coin_1yen,flooring,0.0,1,1,0,0,0,0,0,1,0,1,0,11.00,0.00
"hood|backstop=None,clearance_mm=0.3,funnel=True,gate=True,mu_floor_scale=0.7,mu_wall_scale=1.0,retreat=30|v10|stop",coin_1yen,flooring,5.0,1,1,0,0,0,0,0,1,0,1,0,11.00,5.00
"hood|backstop=None,clearance_mm=0.3,funnel=True,gate=True,mu_floor_scale=0.7,mu_wall_scale=1.0,retreat=30|v10|stop",coin_1yen,flooring,10.0,1,0,0,0,1,0,0,0,1,0,0,,
"hood|backstop=None,clearance_mm=0.3,funnel=True,gate=True,mu_floor_scale=0.7,mu_wall_scale=1.0,retreat=30|v10|stop",coin_1yen,mat,0.0,1,1,0,0,0,0,0,1,0,1,0,11.00,0.00
"hood|backstop=None,clearance_mm=0.3,funnel=True,gate=True,mu_floor_scale=0.7,mu_wall_scale=1.0,retreat=30|v10|stop",coin_1yen,mat,5.0,1,1,0,0,0,0,0,1,0,1,0,11.00,5.00
"hood|backstop=None,clearance_mm=0.3,funnel=True,gate=True,mu_floor_scale=0.7,mu_wall_scale=1.0,retreat=30|v10|stop",coin_1yen,mat,10.0,1,0,0,0,1,0,0,0,1,0,0,,
"hood|backstop=None,clearance_mm=0.3,funnel=True,gate=True,mu_floor_scale=0.7,mu_wall_scale=1.0,retreat=30|v10|stop",crumb_cube,flooring,0.0,1,1,0,0,0,0,0,1,0,1,0,8.07,0.00
"hood|backstop=None,clearance_mm=0.3,funnel=True,gate=True,mu_floor_scale=0.7,mu_wall_scale=1.0,retreat=30|v10|stop",crumb_cube,flooring,5.0,1,1,0,0,0,0,0,1,0,1,0,8.07,5.00
"hood|backstop=None,clearance_mm=0.3,funnel=True,gate=True,mu_floor_scale=0.7,mu_wall_scale=1.0,retreat=30|v10|stop",crumb_cube,flooring,10.0,1,1,0,0,0,0,0,1,1,0,1,8.08,8.80
"hood|backstop=None,clearance_mm=0.3,funnel=True,gate=True,mu_floor_scale=0.7,mu_wall_scale=1.0,retreat=30|v10|stop",crumb_cube,mat,0.0,1,1,0,0,0,0,0,1,0,1,0,8.07,0.00
"hood|backstop=None,clearance_mm=0.3,funnel=True,gate=True,mu_floor_scale=0.7,mu_wall_scale=1.0,retreat=30|v10|stop",crumb_cube,mat,5.0,1,1,0,0,0,0,0,1,0,1,0,8.07,5.00
"hood|backstop=None,clearance_mm=0.3,funnel=True,gate=True,mu_floor_scale=0.7,mu_wall_scale=1.0,retreat=30|v10|stop",crumb_cube,mat,10.0,1,1,0,0,0,0,0,1,1,0,1,8.08,8.80
"hood|backstop=None,clearance_mm=0.3,funnel=True,gate=True,mu_floor_scale=0.7,mu_wall_scale=1.4,retreat=30|v10|stop",battery_cr2032,flooring,0.0,1,1,0,0,0,0,0,1,0,1,0,11.00,0.01
"hood|backstop=None,clearance_mm=0.3,funnel=True,gate=True,mu_floor_scale=0.7,mu_wall_scale=1.4,retreat=30|v10|stop",battery_cr2032,flooring,5.0,1,1,0,0,0,0,0,1,0,1,0,11.01,5.00
"hood|backstop=None,clearance_mm=0.3,funnel=True,gate=True,mu_floor_scale=0.7,mu_wall_scale=1.4,retreat=30|v10|stop",battery_cr2032,flooring,10.0,1,0,1,0,0,0,0,1,1,0,1,11.00,4.99
"hood|backstop=None,clearance_mm=0.3,funnel=True,gate=True,mu_floor_scale=0.7,mu_wall_scale=1.4,retreat=30|v10|stop",battery_cr2032,mat,0.0,1,1,0,0,0,0,0,1,0,1,0,11.01,0.01
"hood|backstop=None,clearance_mm=0.3,funnel=True,gate=True,mu_floor_scale=0.7,mu_wall_scale=1.4,retreat=30|v10|stop",battery_cr2032,mat,5.0,1,1,0,0,0,0,0,1,0,1,0,11.01,5.00
"hood|backstop=None,clearance_mm=0.3,funnel=True,gate=True,mu_floor_scale=0.7,mu_wall_scale=1.4,retreat=30|v10|stop",battery_cr2032,mat,10.0,1,1,0,0,0,0,0,1,1,0,1,11.00,4.99
"hood|backstop=None,clearance_mm=0.3,funnel=True,gate=True,mu_floor_scale=0.7,mu_wall_scale=1.4,retreat=30|v10|stop",bead,flooring,0.0,1,1,0,0,0,0,0,1,0,1,0,5.01,0.00
"hood|backstop=None,clearance_mm=0.3,funnel=True,gate=True,mu_floor_scale=0.7,mu_wall_scale=1.4,retreat=30|v10|stop",bead,flooring,5.0,1,1,0,0,0,0,0,1,0,1,0,5.01,5.00
"hood|backstop=None,clearance_mm=0.3,funnel=True,gate=True,mu_floor_scale=0.7,mu_wall_scale=1.4,retreat=30|v10|stop",bead,flooring,10.0,1,1,0,0,0,0,0,1,0,1,0,5.00,10.00
"hood|backstop=None,clearance_mm=0.3,funnel=True,gate=True,mu_floor_scale=0.7,mu_wall_scale=1.4,retreat=30|v10|stop",bead,mat,0.0,1,1,0,0,0,0,0,1,0,1,0,5.01,0.00
"hood|backstop=None,clearance_mm=0.3,funnel=True,gate=True,mu_floor_scale=0.7,mu_wall_scale=1.4,retreat=30|v10|stop",bead,mat,5.0,1,1,0,0,0,0,0,1,0,1,0,5.01,5.00
"hood|backstop=None,clearance_mm=0.3,funnel=True,gate=True,mu_floor_scale=0.7,mu_wall_scale=1.4,retreat=30|v10|stop",bead,mat,10.0,1,1,0,0,0,0,0,1,0,1,0,5.00,10.00
"hood|backstop=None,clearance_mm=0.3,funnel=True,gate=True,mu_floor_scale=0.7,mu_wall_scale=1.4,retreat=30|v10|stop",coin_1yen,flooring,0.0,1,1,0,0,0,0,0,1,0,1,0,11.00,0.00
"hood|backstop=None,clearance_mm=0.3,funnel=True,gate=True,mu_floor_scale=0.7,mu_wall_scale=1.4,retreat=30|v10|stop",coin_1yen,flooring,5.0,1,1,0,0,0,0,0,1,0,1,0,11.01,5.00
"hood|backstop=None,clearance_mm=0.3,funnel=True,gate=True,mu_floor_scale=0.7,mu_wall_scale=1.4,retreat=30|v10|stop",coin_1yen,flooring,10.0,1,0,0,0,1,0,0,0,1,0,0,,
"hood|backstop=None,clearance_mm=0.3,funnel=True,gate=True,mu_floor_scale=0.7,mu_wall_scale=1.4,retreat=30|v10|stop",coin_1yen,mat,0.0,1,1,0,0,0,0,0,1,0,1,0,11.00,0.00
"hood|backstop=None,clearance_mm=0.3,funnel=True,gate=True,mu_floor_scale=0.7,mu_wall_scale=1.4,retreat=30|v10|stop",coin_1yen,mat,5.0,1,1,0,0,0,0,0,1,0,1,0,11.01,5.00
"hood|backstop=None,clearance_mm=0.3,funnel=True,gate=True,mu_floor_scale=0.7,mu_wall_scale=1.4,retreat=30|v10|stop",coin_1yen,mat,10.0,1,0,0,0,1,0,0,0,1,0,0,,
"hood|backstop=None,clearance_mm=0.3,funnel=True,gate=True,mu_floor_scale=0.7,mu_wall_scale=1.4,retreat=30|v10|stop",crumb_cube,flooring,0.0,1,1,0,0,0,0,0,1,0,1,0,8.07,0.00
"hood|backstop=None,clearance_mm=0.3,funnel=True,gate=True,mu_floor_scale=0.7,mu_wall_scale=1.4,retreat=30|v10|stop",crumb_cube,flooring,5.0,1,1,0,0,0,0,0,1,0,1,0,8.07,5.00
"hood|backstop=None,clearance_mm=0.3,funnel=True,gate=True,mu_floor_scale=0.7,mu_wall_scale=1.4,retreat=30|v10|stop",crumb_cube,flooring,10.0,1,1,0,0,0,0,0,1,1,0,1,8.08,8.85
"hood|backstop=None,clearance_mm=0.3,funnel=True,gate=True,mu_floor_scale=0.7,mu_wall_scale=1.4,retreat=30|v10|stop",crumb_cube,mat,0.0,1,1,0,0,0,0,0,1,0,1,0,8.07,0.00
"hood|backstop=None,clearance_mm=0.3,funnel=True,gate=True,mu_floor_scale=0.7,mu_wall_scale=1.4,retreat=30|v10|stop",crumb_cube,mat,5.0,1,1,0,0,0,0,0,1,0,1,0,8.07,5.00
"hood|backstop=None,clearance_mm=0.3,funnel=True,gate=True,mu_floor_scale=0.7,mu_wall_scale=1.4,retreat=30|v10|stop",crumb_cube,mat,10.0,1,1,0,0,0,0,0,1,1,0,1,8.08,8.85
"hood|backstop=None,clearance_mm=0.3,funnel=True,gate=True,mu_floor_scale=1.0,mu_wall_scale=0.7,retreat=30|v10|stop",battery_cr2032,flooring,0.0,1,1,0,0,0,0,0,1,0,1,0,11.00,0.01
"hood|backstop=None,clearance_mm=0.3,funnel=True,gate=True,mu_floor_scale=1.0,mu_wall_scale=0.7,retreat=30|v10|stop",battery_cr2032,flooring,5.0,1,1,0,0,0,0,0,1,0,1,0,11.01,5.00
"hood|backstop=None,clearance_mm=0.3,funnel=True,gate=True,mu_floor_scale=1.0,mu_wall_scale=0.7,retreat=30|v10|stop",battery_cr2032,flooring,10.0,1,1,0,0,0,0,0,1,1,0,1,11.00,4.86
"hood|backstop=None,clearance_mm=0.3,funnel=True,gate=True,mu_floor_scale=1.0,mu_wall_scale=0.7,retreat=30|v10|stop",battery_cr2032,mat,0.0,1,1,0,0,0,0,0,1,0,1,0,11.00,0.01
"hood|backstop=None,clearance_mm=0.3,funnel=True,gate=True,mu_floor_scale=1.0,mu_wall_scale=0.7,retreat=30|v10|stop",battery_cr2032,mat,5.0,1,1,0,0,0,0,0,1,0,1,0,11.01,5.00
"hood|backstop=None,clearance_mm=0.3,funnel=True,gate=True,mu_floor_scale=1.0,mu_wall_scale=0.7,retreat=30|v10|stop",battery_cr2032,mat,10.0,1,1,0,0,0,0,0,1,1,0,1,11.01,3.90
"hood|backstop=None,clearance_mm=0.3,funnel=True,gate=True,mu_floor_scale=1.0,mu_wall_scale=0.7,retreat=30|v10|stop",bead,flooring,0.0,1,1,0,0,0,0,0,1,0,1,0,5.01,0.00
"hood|backstop=None,clearance_mm=0.3,funnel=True,gate=True,mu_floor_scale=1.0,mu_wall_scale=0.7,retreat=30|v10|stop",bead,flooring,5.0,1,1,0,0,0,0,0,1,0,1,0,5.01,5.00
"hood|backstop=None,clearance_mm=0.3,funnel=True,gate=True,mu_floor_scale=1.0,mu_wall_scale=0.7,retreat=30|v10|stop",bead,flooring,10.0,1,1,0,0,0,0,0,1,0,1,0,5.00,10.00
"hood|backstop=None,clearance_mm=0.3,funnel=True,gate=True,mu_floor_scale=1.0,mu_wall_scale=0.7,retreat=30|v10|stop",bead,mat,0.0,1,1,0,0,0,0,0,1,0,1,0,5.01,0.00
"hood|backstop=None,clearance_mm=0.3,funnel=True,gate=True,mu_floor_scale=1.0,mu_wall_scale=0.7,retreat=30|v10|stop",bead,mat,5.0,1,1,0,0,0,0,0,1,0,1,0,5.01,5.00
"hood|backstop=None,clearance_mm=0.3,funnel=True,gate=True,mu_floor_scale=1.0,mu_wall_scale=0.7,retreat=30|v10|stop",bead,mat,10.0,1,1,0,0,0,0,0,1,0,1,0,5.00,10.00
"hood|backstop=None,clearance_mm=0.3,funnel=True,gate=True,mu_floor_scale=1.0,mu_wall_scale=0.7,retreat=30|v10|stop",coin_1yen,flooring,0.0,1,1,0,0,0,0,0,1,0,1,0,11.00,0.00
"hood|backstop=None,clearance_mm=0.3,funnel=True,gate=True,mu_floor_scale=1.0,mu_wall_scale=0.7,retreat=30|v10|stop",coin_1yen,flooring,5.0,1,1,0,0,0,0,0,1,0,1,0,11.01,5.00
"hood|backstop=None,clearance_mm=0.3,funnel=True,gate=True,mu_floor_scale=1.0,mu_wall_scale=0.7,retreat=30|v10|stop",coin_1yen,flooring,10.0,1,0,0,0,1,0,0,0,1,0,0,,
"hood|backstop=None,clearance_mm=0.3,funnel=True,gate=True,mu_floor_scale=1.0,mu_wall_scale=0.7,retreat=30|v10|stop",coin_1yen,mat,0.0,1,1,0,0,0,0,0,1,0,1,0,11.00,0.00
"hood|backstop=None,clearance_mm=0.3,funnel=True,gate=True,mu_floor_scale=1.0,mu_wall_scale=0.7,retreat=30|v10|stop",coin_1yen,mat,5.0,1,1,0,0,0,0,0,1,0,1,0,11.00,5.00
"hood|backstop=None,clearance_mm=0.3,funnel=True,gate=True,mu_floor_scale=1.0,mu_wall_scale=0.7,retreat=30|v10|stop",coin_1yen,mat,10.0,1,0,0,0,1,0,0,0,1,0,0,,
"hood|backstop=None,clearance_mm=0.3,funnel=True,gate=True,mu_floor_scale=1.0,mu_wall_scale=0.7,retreat=30|v10|stop",crumb_cube,flooring,0.0,1,1,0,0,0,0,0,1,0,1,0,8.07,0.00
"hood|backstop=None,clearance_mm=0.3,funnel=True,gate=True,mu_floor_scale=1.0,mu_wall_scale=0.7,retreat=30|v10|stop",crumb_cube,flooring,5.0,1,1,0,0,0,0,0,1,0,1,0,8.07,5.00
"hood|backstop=None,clearance_mm=0.3,funnel=True,gate=True,mu_floor_scale=1.0,mu_wall_scale=0.7,retreat=30|v10|stop",crumb_cube,flooring,10.0,1,1,0,0,0,0,0,1,1,0,1,8.07,8.79
"hood|backstop=None,clearance_mm=0.3,funnel=True,gate=True,mu_floor_scale=1.0,mu_wall_scale=0.7,retreat=30|v10|stop",crumb_cube,mat,0.0,1,1,0,0,0,0,0,1,0,1,0,8.07,0.00
"hood|backstop=None,clearance_mm=0.3,funnel=True,gate=True,mu_floor_scale=1.0,mu_wall_scale=0.7,retreat=30|v10|stop",crumb_cube,mat,5.0,1,1,0,0,0,0,0,1,0,1,0,8.07,5.00
"hood|backstop=None,clearance_mm=0.3,funnel=True,gate=True,mu_floor_scale=1.0,mu_wall_scale=0.7,retreat=30|v10|stop",crumb_cube,mat,10.0,1,1,0,0,0,0,0,1,1,0,1,8.07,8.79
"hood|backstop=None,clearance_mm=0.3,funnel=True,gate=True,mu_floor_scale=1.0,mu_wall_scale=1.0,retreat=30|v10|stop",battery_cr2032,flooring,0.0,1,1,0,0,0,0,0,1,0,1,0,11.00,0.01
"hood|backstop=None,clearance_mm=0.3,funnel=True,gate=True,mu_floor_scale=1.0,mu_wall_scale=1.0,retreat=30|v10|stop",battery_cr2032,flooring,5.0,1,1,0,0,0,0,0,1,0,1,0,11.01,5.00
"hood|backstop=None,clearance_mm=0.3,funnel=True,gate=True,mu_floor_scale=1.0,mu_wall_scale=1.0,retreat=30|v10|stop",battery_cr2032,flooring,10.0,1,0,1,0,0,0,0,1,1,0,1,11.00,4.98
"hood|backstop=None,clearance_mm=0.3,funnel=True,gate=True,mu_floor_scale=1.0,mu_wall_scale=1.0,retreat=30|v10|stop",battery_cr2032,mat,0.0,1,1,0,0,0,0,0,1,0,1,0,11.00,0.01
"hood|backstop=None,clearance_mm=0.3,funnel=True,gate=True,mu_floor_scale=1.0,mu_wall_scale=1.0,retreat=30|v10|stop",battery_cr2032,mat,5.0,1,1,0,0,0,0,0,1,0,1,0,11.01,5.00
"hood|backstop=None,clearance_mm=0.3,funnel=True,gate=True,mu_floor_scale=1.0,mu_wall_scale=1.0,retreat=30|v10|stop",battery_cr2032,mat,10.0,1,1,0,0,0,0,0,1,1,0,1,11.03,3.58
"hood|backstop=None,clearance_mm=0.3,funnel=True,gate=True,mu_floor_scale=1.0,mu_wall_scale=1.0,retreat=30|v10|stop",bead,flooring,0.0,1,1,0,0,0,0,0,1,0,1,0,5.01,0.00
"hood|backstop=None,clearance_mm=0.3,funnel=True,gate=True,mu_floor_scale=1.0,mu_wall_scale=1.0,retreat=30|v10|stop",bead,flooring,5.0,1,1,0,0,0,0,0,1,0,1,0,5.01,5.00
"hood|backstop=None,clearance_mm=0.3,funnel=True,gate=True,mu_floor_scale=1.0,mu_wall_scale=1.0,retreat=30|v10|stop",bead,flooring,10.0,1,1,0,0,0,0,0,1,0,1,0,5.00,10.00
"hood|backstop=None,clearance_mm=0.3,funnel=True,gate=True,mu_floor_scale=1.0,mu_wall_scale=1.0,retreat=30|v10|stop",bead,mat,0.0,1,1,0,0,0,0,0,1,0,1,0,5.01,0.00
"hood|backstop=None,clearance_mm=0.3,funnel=True,gate=True,mu_floor_scale=1.0,mu_wall_scale=1.0,retreat=30|v10|stop",bead,mat,5.0,1,1,0,0,0,0,0,1,0,1,0,5.01,5.00
"hood|backstop=None,clearance_mm=0.3,funnel=True,gate=True,mu_floor_scale=1.0,mu_wall_scale=1.0,retreat=30|v10|stop",bead,mat,10.0,1,1,0,0,0,0,0,1,0,1,0,5.00,10.00
"hood|backstop=None,clearance_mm=0.3,funnel=True,gate=True,mu_floor_scale=1.0,mu_wall_scale=1.0,retreat=30|v10|stop",coin_1yen,flooring,0.0,1,1,0,0,0,0,0,1,0,1,0,11.00,0.00
"hood|backstop=None,clearance_mm=0.3,funnel=True,gate=True,mu_floor_scale=1.0,mu_wall_scale=1.0,retreat=30|v10|stop",coin_1yen,flooring,5.0,1,1,0,0,0,0,0,1,0,1,0,11.00,5.00
"hood|backstop=None,clearance_mm=0.3,funnel=True,gate=True,mu_floor_scale=1.0,mu_wall_scale=1.0,retreat=30|v10|stop",coin_1yen,flooring,10.0,1,0,0,0,1,0,0,0,1,0,0,,
"hood|backstop=None,clearance_mm=0.3,funnel=True,gate=True,mu_floor_scale=1.0,mu_wall_scale=1.0,retreat=30|v10|stop",coin_1yen,mat,0.0,1,1,0,0,0,0,0,1,0,1,0,11.00,0.00
"hood|backstop=None,clearance_mm=0.3,funnel=True,gate=True,mu_floor_scale=1.0,mu_wall_scale=1.0,retreat=30|v10|stop",coin_1yen,mat,5.0,1,1,0,0,0,0,0,1,0,1,0,11.01,5.00
"hood|backstop=None,clearance_mm=0.3,funnel=True,gate=True,mu_floor_scale=1.0,mu_wall_scale=1.0,retreat=30|v10|stop",coin_1yen,mat,10.0,1,0,0,0,1,0,0,0,1,0,0,,
"hood|backstop=None,clearance_mm=0.3,funnel=True,gate=True,mu_floor_scale=1.0,mu_wall_scale=1.0,retreat=30|v10|stop",crumb_cube,flooring,0.0,1,1,0,0,0,0,0,1,0,1,0,8.07,0.00
"hood|backstop=None,clearance_mm=0.3,funnel=True,gate=True,mu_floor_scale=1.0,mu_wall_scale=1.0,retreat=30|v10|stop",crumb_cube,flooring,5.0,1,1,0,0,0,0,0,1,0,1,0,8.07,5.00
"hood|backstop=None,clearance_mm=0.3,funnel=True,gate=True,mu_floor_scale=1.0,mu_wall_scale=1.0,retreat=30|v10|stop",crumb_cube,flooring,10.0,1,1,0,0,0,0,0,1,1,0,1,8.08,8.82
"hood|backstop=None,clearance_mm=0.3,funnel=True,gate=True,mu_floor_scale=1.0,mu_wall_scale=1.0,retreat=30|v10|stop",crumb_cube,mat,0.0,1,1,0,0,0,0,0,1,0,1,0,8.07,0.00
"hood|backstop=None,clearance_mm=0.3,funnel=True,gate=True,mu_floor_scale=1.0,mu_wall_scale=1.0,retreat=30|v10|stop",crumb_cube,mat,5.0,1,1,0,0,0,0,0,1,0,1,0,8.07,5.00
"hood|backstop=None,clearance_mm=0.3,funnel=True,gate=True,mu_floor_scale=1.0,mu_wall_scale=1.0,retreat=30|v10|stop",crumb_cube,mat,10.0,1,1,0,0,0,0,0,1,1,0,1,8.08,8.82
"hood|backstop=None,clearance_mm=0.3,funnel=True,gate=True,mu_floor_scale=1.0,mu_wall_scale=1.4,retreat=30|v10|stop",battery_cr2032,flooring,0.0,1,1,0,0,0,0,0,1,0,1,0,11.00,0.01
"hood|backstop=None,clearance_mm=0.3,funnel=True,gate=True,mu_floor_scale=1.0,mu_wall_scale=1.4,retreat=30|v10|stop",battery_cr2032,flooring,5.0,1,1,0,0,0,0,0,1,0,1,0,11.01,5.00
"hood|backstop=None,clearance_mm=0.3,funnel=True,gate=True,mu_floor_scale=1.0,mu_wall_scale=1.4,retreat=30|v10|stop",battery_cr2032,flooring,10.0,1,1,0,0,0,0,0,1,1,0,1,11.00,4.37
"hood|backstop=None,clearance_mm=0.3,funnel=True,gate=True,mu_floor_scale=1.0,mu_wall_scale=1.4,retreat=30|v10|stop",battery_cr2032,mat,0.0,1,1,0,0,0,0,0,1,0,1,0,11.00,0.01
"hood|backstop=None,clearance_mm=0.3,funnel=True,gate=True,mu_floor_scale=1.0,mu_wall_scale=1.4,retreat=30|v10|stop",battery_cr2032,mat,5.0,1,1,0,0,0,0,0,1,0,1,0,11.01,5.00
"hood|backstop=None,clearance_mm=0.3,funnel=True,gate=True,mu_floor_scale=1.0,mu_wall_scale=1.4,retreat=30|v10|stop",battery_cr2032,mat,10.0,1,1,0,0,0,0,0,1,1,0,1,11.01,3.65
"hood|backstop=None,clearance_mm=0.3,funnel=True,gate=True,mu_floor_scale=1.0,mu_wall_scale=1.4,retreat=30|v10|stop",bead,flooring,0.0,1,1,0,0,0,0,0,1,0,1,0,5.01,0.00
"hood|backstop=None,clearance_mm=0.3,funnel=True,gate=True,mu_floor_scale=1.0,mu_wall_scale=1.4,retreat=30|v10|stop",bead,flooring,5.0,1,1,0,0,0,0,0,1,0,1,0,5.01,5.00
"hood|backstop=None,clearance_mm=0.3,funnel=True,gate=True,mu_floor_scale=1.0,mu_wall_scale=1.4,retreat=30|v10|stop",bead,flooring,10.0,1,1,0,0,0,0,0,1,0,1,0,5.00,10.00
"hood|backstop=None,clearance_mm=0.3,funnel=True,gate=True,mu_floor_scale=1.0,mu_wall_scale=1.4,retreat=30|v10|stop",bead,mat,0.0,1,1,0,0,0,0,0,1,0,1,0,5.01,0.00
"hood|backstop=None,clearance_mm=0.3,funnel=True,gate=True,mu_floor_scale=1.0,mu_wall_scale=1.4,retreat=30|v10|stop",bead,mat,5.0,1,1,0,0,0,0,0,1,0,1,0,5.01,5.00
"hood|backstop=None,clearance_mm=0.3,funnel=True,gate=True,mu_floor_scale=1.0,mu_wall_scale=1.4,retreat=30|v10|stop",bead,mat,10.0,1,1,0,0,0,0,0,1,0,1,0,5.00,10.00
"hood|backstop=None,clearance_mm=0.3,funnel=True,gate=True,mu_floor_scale=1.0,mu_wall_scale=1.4,retreat=30|v10|stop",coin_1yen,flooring,0.0,1,1,0,0,0,0,0,1,0,1,0,11.00,0.00
"hood|backstop=None,clearance_mm=0.3,funnel=True,gate=True,mu_floor_scale=1.0,mu_wall_scale=1.4,retreat=30|v10|stop",coin_1yen,flooring,5.0,1,1,0,0,0,0,0,1,0,1,0,11.01,5.00
"hood|backstop=None,clearance_mm=0.3,funnel=True,gate=True,mu_floor_scale=1.0,mu_wall_scale=1.4,retreat=30|v10|stop",coin_1yen,flooring,10.0,1,1,0,0,0,0,0,1,1,0,1,11.01,5.00
"hood|backstop=None,clearance_mm=0.3,funnel=True,gate=True,mu_floor_scale=1.0,mu_wall_scale=1.4,retreat=30|v10|stop",coin_1yen,mat,0.0,1,1,0,0,0,0,0,1,0,1,0,11.00,0.00
"hood|backstop=None,clearance_mm=0.3,funnel=True,gate=True,mu_floor_scale=1.0,mu_wall_scale=1.4,retreat=30|v10|stop",coin_1yen,mat,5.0,1,1,0,0,0,0,0,1,0,1,0,11.00,5.00
"hood|backstop=None,clearance_mm=0.3,funnel=True,gate=True,mu_floor_scale=1.0,mu_wall_scale=1.4,retreat=30|v10|stop",coin_1yen,mat,10.0,1,0,0,0,1,0,0,0,1,0,0,,
"hood|backstop=None,clearance_mm=0.3,funnel=True,gate=True,mu_floor_scale=1.0,mu_wall_scale=1.4,retreat=30|v10|stop",crumb_cube,flooring,0.0,1,1,0,0,0,0,0,1,0,1,0,8.07,0.00
"hood|backstop=None,clearance_mm=0.3,funnel=True,gate=True,mu_floor_scale=1.0,mu_wall_scale=1.4,retreat=30|v10|stop",crumb_cube,flooring,5.0,1,1,0,0,0,0,0,1,0,1,0,8.07,5.00
"hood|backstop=None,clearance_mm=0.3,funnel=True,gate=True,mu_floor_scale=1.0,mu_wall_scale=1.4,retreat=30|v10|stop",crumb_cube,flooring,10.0,1,1,0,0,0,0,0,1,1,0,1,8.08,8.88
"hood|backstop=None,clearance_mm=0.3,funnel=True,gate=True,mu_floor_scale=1.0,mu_wall_scale=1.4,retreat=30|v10|stop",crumb_cube,mat,0.0,1,1,0,0,0,0,0,1,0,1,0,8.07,0.00
"hood|backstop=None,clearance_mm=0.3,funnel=True,gate=True,mu_floor_scale=1.0,mu_wall_scale=1.4,retreat=30|v10|stop",crumb_cube,mat,5.0,1,1,0,0,0,0,0,1,0,1,0,8.07,5.00
"hood|backstop=None,clearance_mm=0.3,funnel=True,gate=True,mu_floor_scale=1.0,mu_wall_scale=1.4,retreat=30|v10|stop",crumb_cube,mat,10.0,1,1,0,0,0,0,0,1,1,0,1,8.08,8.88
"hood|backstop=None,clearance_mm=0.3,funnel=True,gate=True,mu_floor_scale=1.4,mu_wall_scale=0.7,retreat=30|v10|stop",battery_cr2032,flooring,0.0,1,1,0,0,0,0,0,1,0,1,0,11.01,0.01
"hood|backstop=None,clearance_mm=0.3,funnel=True,gate=True,mu_floor_scale=1.4,mu_wall_scale=0.7,retreat=30|v10|stop",battery_cr2032,flooring,5.0,1,1,0,0,0,0,0,1,0,1,0,11.01,5.00
"hood|backstop=None,clearance_mm=0.3,funnel=True,gate=True,mu_floor_scale=1.4,mu_wall_scale=0.7,retreat=30|v10|stop",battery_cr2032,flooring,10.0,1,1,0,0,0,0,0,1,1,0,1,11.00,4.41
"hood|backstop=None,clearance_mm=0.3,funnel=True,gate=True,mu_floor_scale=1.4,mu_wall_scale=0.7,retreat=30|v10|stop",battery_cr2032,mat,0.0,1,1,0,0,0,0,0,1,0,1,0,11.00,0.01
"hood|backstop=None,clearance_mm=0.3,funnel=True,gate=True,mu_floor_scale=1.4,mu_wall_scale=0.7,retreat=30|v10|stop",battery_cr2032,mat,5.0,1,1,0,0,0,0,0,1,0,1,0,11.01,5.00
"hood|backstop=None,clearance_mm=0.3,funnel=True,gate=True,mu_floor_scale=1.4,mu_wall_scale=0.7,retreat=30|v10|stop",battery_cr2032,mat,10.0,1,1,0,0,0,0,0,1,1,0,1,11.00,1.60
"hood|backstop=None,clearance_mm=0.3,funnel=True,gate=True,mu_floor_scale=1.4,mu_wall_scale=0.7,retreat=30|v10|stop",bead,flooring,0.0,1,1,0,0,0,0,0,1,0,1,0,5.01,0.00
"hood|backstop=None,clearance_mm=0.3,funnel=True,gate=True,mu_floor_scale=1.4,mu_wall_scale=0.7,retreat=30|v10|stop",bead,flooring,5.0,1,1,0,0,0,0,0,1,0,1,0,5.01,5.00
"hood|backstop=None,clearance_mm=0.3,funnel=True,gate=True,mu_floor_scale=1.4,mu_wall_scale=0.7,retreat=30|v10|stop",bead,flooring,10.0,1,1,0,0,0,0,0,1,0,1,0,5.00,10.00
"hood|backstop=None,clearance_mm=0.3,funnel=True,gate=True,mu_floor_scale=1.4,mu_wall_scale=0.7,retreat=30|v10|stop",bead,mat,0.0,1,1,0,0,0,0,0,1,0,1,0,5.01,0.00
"hood|backstop=None,clearance_mm=0.3,funnel=True,gate=True,mu_floor_scale=1.4,mu_wall_scale=0.7,retreat=30|v10|stop",bead,mat,5.0,1,1,0,0,0,0,0,1,0,1,0,5.01,5.00
"hood|backstop=None,clearance_mm=0.3,funnel=True,gate=True,mu_floor_scale=1.4,mu_wall_scale=0.7,retreat=30|v10|stop",bead,mat,10.0,1,1,0,0,0,0,0,1,0,1,0,5.00,10.00
"hood|backstop=None,clearance_mm=0.3,funnel=True,gate=True,mu_floor_scale=1.4,mu_wall_scale=0.7,retreat=30|v10|stop",coin_1yen,flooring,0.0,1,1,0,0,0,0,0,1,0,1,0,11.00,0.00
"hood|backstop=None,clearance_mm=0.3,funnel=True,gate=True,mu_floor_scale=1.4,mu_wall_scale=0.7,retreat=30|v10|stop",coin_1yen,flooring,5.0,1,1,0,0,0,0,0,1,0,1,0,11.01,5.00
"hood|backstop=None,clearance_mm=0.3,funnel=True,gate=True,mu_floor_scale=1.4,mu_wall_scale=0.7,retreat=30|v10|stop",coin_1yen,flooring,10.0,1,0,0,0,1,0,0,0,1,0,0,,
"hood|backstop=None,clearance_mm=0.3,funnel=True,gate=True,mu_floor_scale=1.4,mu_wall_scale=0.7,retreat=30|v10|stop",coin_1yen,mat,0.0,1,1,0,0,0,0,0,1,0,1,0,11.00,0.00
"hood|backstop=None,clearance_mm=0.3,funnel=True,gate=True,mu_floor_scale=1.4,mu_wall_scale=0.7,retreat=30|v10|stop",coin_1yen,mat,5.0,1,1,0,0,0,0,0,1,0,1,0,11.00,5.00
"hood|backstop=None,clearance_mm=0.3,funnel=True,gate=True,mu_floor_scale=1.4,mu_wall_scale=0.7,retreat=30|v10|stop",coin_1yen,mat,10.0,1,0,0,0,1,0,0,0,1,0,0,,
"hood|backstop=None,clearance_mm=0.3,funnel=True,gate=True,mu_floor_scale=1.4,mu_wall_scale=0.7,retreat=30|v10|stop",crumb_cube,flooring,0.0,1,1,0,0,0,0,0,1,0,1,0,8.07,0.00
"hood|backstop=None,clearance_mm=0.3,funnel=True,gate=True,mu_floor_scale=1.4,mu_wall_scale=0.7,retreat=30|v10|stop",crumb_cube,flooring,5.0,1,1,0,0,0,0,0,1,0,1,0,8.07,5.00
"hood|backstop=None,clearance_mm=0.3,funnel=True,gate=True,mu_floor_scale=1.4,mu_wall_scale=0.7,retreat=30|v10|stop",crumb_cube,flooring,10.0,1,1,0,0,0,0,0,1,1,0,1,8.08,8.81
"hood|backstop=None,clearance_mm=0.3,funnel=True,gate=True,mu_floor_scale=1.4,mu_wall_scale=0.7,retreat=30|v10|stop",crumb_cube,mat,0.0,1,1,0,0,0,0,0,1,0,1,0,8.07,0.00
"hood|backstop=None,clearance_mm=0.3,funnel=True,gate=True,mu_floor_scale=1.4,mu_wall_scale=0.7,retreat=30|v10|stop",crumb_cube,mat,5.0,1,1,0,0,0,0,0,1,0,1,0,8.07,5.00
"hood|backstop=None,clearance_mm=0.3,funnel=True,gate=True,mu_floor_scale=1.4,mu_wall_scale=0.7,retreat=30|v10|stop",crumb_cube,mat,10.0,1,1,0,0,0,0,0,1,1,0,1,8.08,8.81
"hood|backstop=None,clearance_mm=0.3,funnel=True,gate=True,mu_floor_scale=1.4,mu_wall_scale=1.0,retreat=30|v10|stop",battery_cr2032,flooring,0.0,1,1,0,0,0,0,0,1,0,1,0,11.01,0.01
"hood|backstop=None,clearance_mm=0.3,funnel=True,gate=True,mu_floor_scale=1.4,mu_wall_scale=1.0,retreat=30|v10|stop",battery_cr2032,flooring,5.0,1,1,0,0,0,0,0,1,0,1,0,11.01,5.00
"hood|backstop=None,clearance_mm=0.3,funnel=True,gate=True,mu_floor_scale=1.4,mu_wall_scale=1.0,retreat=30|v10|stop",battery_cr2032,flooring,10.0,1,1,0,0,0,0,0,1,1,0,1,11.00,0.84
"hood|backstop=None,clearance_mm=0.3,funnel=True,gate=True,mu_floor_scale=1.4,mu_wall_scale=1.0,retreat=30|v10|stop",battery_cr2032,mat,0.0,1,1,0,0,0,0,0,1,0,1,0,11.00,0.01
"hood|backstop=None,clearance_mm=0.3,funnel=True,gate=True,mu_floor_scale=1.4,mu_wall_scale=1.0,retreat=30|v10|stop",battery_cr2032,mat,5.0,1,1,0,0,0,0,0,1,0,1,0,11.01,5.00
"hood|backstop=None,clearance_mm=0.3,funnel=True,gate=True,mu_floor_scale=1.4,mu_wall_scale=1.0,retreat=30|v10|stop",battery_cr2032,mat,10.0,1,1,0,0,0,0,0,1,1,0,1,11.01,4.92
"hood|backstop=None,clearance_mm=0.3,funnel=True,gate=True,mu_floor_scale=1.4,mu_wall_scale=1.0,retreat=30|v10|stop",bead,flooring,0.0,1,1,0,0,0,0,0,1,0,1,0,5.01,0.00
"hood|backstop=None,clearance_mm=0.3,funnel=True,gate=True,mu_floor_scale=1.4,mu_wall_scale=1.0,retreat=30|v10|stop",bead,flooring,5.0,1,1,0,0,0,0,0,1,0,1,0,5.01,5.00
"hood|backstop=None,clearance_mm=0.3,funnel=True,gate=True,mu_floor_scale=1.4,mu_wall_scale=1.0,retreat=30|v10|stop",bead,flooring,10.0,1,1,0,0,0,0,0,1,0,1,0,5.00,10.00
"hood|backstop=None,clearance_mm=0.3,funnel=True,gate=True,mu_floor_scale=1.4,mu_wall_scale=1.0,retreat=30|v10|stop",bead,mat,0.0,1,1,0,0,0,0,0,1,0,1,0,5.01,0.00
"hood|backstop=None,clearance_mm=0.3,funnel=True,gate=True,mu_floor_scale=1.4,mu_wall_scale=1.0,retreat=30|v10|stop",bead,mat,5.0,1,1,0,0,0,0,0,1,0,1,0,5.01,5.00
"hood|backstop=None,clearance_mm=0.3,funnel=True,gate=True,mu_floor_scale=1.4,mu_wall_scale=1.0,retreat=30|v10|stop",bead,mat,10.0,1,1,0,0,0,0,0,1,0,1,0,5.00,10.00
"hood|backstop=None,clearance_mm=0.3,funnel=True,gate=True,mu_floor_scale=1.4,mu_wall_scale=1.0,retreat=30|v10|stop",coin_1yen,flooring,0.0,1,1,0,0,0,0,0,1,0,1,0,11.00,0.00
"hood|backstop=None,clearance_mm=0.3,funnel=True,gate=True,mu_floor_scale=1.4,mu_wall_scale=1.0,retreat=30|v10|stop",coin_1yen,flooring,5.0,1,1,0,0,0,0,0,1,0,1,0,11.00,5.00
"hood|backstop=None,clearance_mm=0.3,funnel=True,gate=True,mu_floor_scale=1.4,mu_wall_scale=1.0,retreat=30|v10|stop",coin_1yen,flooring,10.0,1,0,0,0,1,0,0,0,1,0,0,,
"hood|backstop=None,clearance_mm=0.3,funnel=True,gate=True,mu_floor_scale=1.4,mu_wall_scale=1.0,retreat=30|v10|stop",coin_1yen,mat,0.0,1,1,0,0,0,0,0,1,0,1,0,11.00,0.00
"hood|backstop=None,clearance_mm=0.3,funnel=True,gate=True,mu_floor_scale=1.4,mu_wall_scale=1.0,retreat=30|v10|stop",coin_1yen,mat,5.0,1,1,0,0,0,0,0,1,0,1,0,11.01,5.00
"hood|backstop=None,clearance_mm=0.3,funnel=True,gate=True,mu_floor_scale=1.4,mu_wall_scale=1.0,retreat=30|v10|stop",coin_1yen,mat,10.0,1,1,0,0,0,0,0,1,1,0,1,11.01,4.90
"hood|backstop=None,clearance_mm=0.3,funnel=True,gate=True,mu_floor_scale=1.4,mu_wall_scale=1.0,retreat=30|v10|stop",crumb_cube,flooring,0.0,1,1,0,0,0,0,0,1,0,1,0,8.07,0.00
"hood|backstop=None,clearance_mm=0.3,funnel=True,gate=True,mu_floor_scale=1.4,mu_wall_scale=1.0,retreat=30|v10|stop",crumb_cube,flooring,5.0,1,1,0,0,0,0,0,1,0,1,0,8.07,5.00
"hood|backstop=None,clearance_mm=0.3,funnel=True,gate=True,mu_floor_scale=1.4,mu_wall_scale=1.0,retreat=30|v10|stop",crumb_cube,flooring,10.0,1,1,0,0,0,0,0,1,1,0,1,8.08,8.81
"hood|backstop=None,clearance_mm=0.3,funnel=True,gate=True,mu_floor_scale=1.4,mu_wall_scale=1.0,retreat=30|v10|stop",crumb_cube,mat,0.0,1,1,0,0,0,0,0,1,0,1,0,8.07,0.00
"hood|backstop=None,clearance_mm=0.3,funnel=True,gate=True,mu_floor_scale=1.4,mu_wall_scale=1.0,retreat=30|v10|stop",crumb_cube,mat,5.0,1,1,0,0,0,0,0,1,0,1,0,8.07,5.00
"hood|backstop=None,clearance_mm=0.3,funnel=True,gate=True,mu_floor_scale=1.4,mu_wall_scale=1.0,retreat=30|v10|stop",crumb_cube,mat,10.0,1,1,0,0,0,0,0,1,1,0,1,8.08,8.81
"hood|backstop=None,clearance_mm=0.3,funnel=True,gate=True,mu_floor_scale=1.4,mu_wall_scale=1.4,retreat=30|v10|stop",battery_cr2032,flooring,0.0,1,1,0,0,0,0,0,1,0,1,0,11.01,0.01
"hood|backstop=None,clearance_mm=0.3,funnel=True,gate=True,mu_floor_scale=1.4,mu_wall_scale=1.4,retreat=30|v10|stop",battery_cr2032,flooring,5.0,1,1,0,0,0,0,0,1,0,1,0,11.01,5.00
"hood|backstop=None,clearance_mm=0.3,funnel=True,gate=True,mu_floor_scale=1.4,mu_wall_scale=1.4,retreat=30|v10|stop",battery_cr2032,flooring,10.0,1,1,0,0,0,0,0,1,1,0,1,11.00,4.99
"hood|backstop=None,clearance_mm=0.3,funnel=True,gate=True,mu_floor_scale=1.4,mu_wall_scale=1.4,retreat=30|v10|stop",battery_cr2032,mat,0.0,1,1,0,0,0,0,0,1,0,1,0,11.00,0.01
"hood|backstop=None,clearance_mm=0.3,funnel=True,gate=True,mu_floor_scale=1.4,mu_wall_scale=1.4,retreat=30|v10|stop",battery_cr2032,mat,5.0,1,1,0,0,0,0,0,1,0,1,0,11.01,5.00
"hood|backstop=None,clearance_mm=0.3,funnel=True,gate=True,mu_floor_scale=1.4,mu_wall_scale=1.4,retreat=30|v10|stop",battery_cr2032,mat,10.0,1,1,0,0,0,0,0,1,1,0,1,11.01,3.53
"hood|backstop=None,clearance_mm=0.3,funnel=True,gate=True,mu_floor_scale=1.4,mu_wall_scale=1.4,retreat=30|v10|stop",bead,flooring,0.0,1,1,0,0,0,0,0,1,0,1,0,5.01,0.00
"hood|backstop=None,clearance_mm=0.3,funnel=True,gate=True,mu_floor_scale=1.4,mu_wall_scale=1.4,retreat=30|v10|stop",bead,flooring,5.0,1,1,0,0,0,0,0,1,0,1,0,5.01,5.00
"hood|backstop=None,clearance_mm=0.3,funnel=True,gate=True,mu_floor_scale=1.4,mu_wall_scale=1.4,retreat=30|v10|stop",bead,flooring,10.0,1,1,0,0,0,0,0,1,0,1,0,5.00,10.00
"hood|backstop=None,clearance_mm=0.3,funnel=True,gate=True,mu_floor_scale=1.4,mu_wall_scale=1.4,retreat=30|v10|stop",bead,mat,0.0,1,1,0,0,0,0,0,1,0,1,0,5.01,0.00
"hood|backstop=None,clearance_mm=0.3,funnel=True,gate=True,mu_floor_scale=1.4,mu_wall_scale=1.4,retreat=30|v10|stop",bead,mat,5.0,1,1,0,0,0,0,0,1,0,1,0,5.01,5.00
"hood|backstop=None,clearance_mm=0.3,funnel=True,gate=True,mu_floor_scale=1.4,mu_wall_scale=1.4,retreat=30|v10|stop",bead,mat,10.0,1,1,0,0,0,0,0,1,0,1,0,5.00,10.00
"hood|backstop=None,clearance_mm=0.3,funnel=True,gate=True,mu_floor_scale=1.4,mu_wall_scale=1.4,retreat=30|v10|stop",coin_1yen,flooring,0.0,1,1,0,0,0,0,0,1,0,1,0,11.00,0.00
"hood|backstop=None,clearance_mm=0.3,funnel=True,gate=True,mu_floor_scale=1.4,mu_wall_scale=1.4,retreat=30|v10|stop",coin_1yen,flooring,5.0,1,1,0,0,0,0,0,1,0,1,0,11.01,5.00
"hood|backstop=None,clearance_mm=0.3,funnel=True,gate=True,mu_floor_scale=1.4,mu_wall_scale=1.4,retreat=30|v10|stop",coin_1yen,flooring,10.0,1,0,0,0,1,0,0,0,1,0,0,,
"hood|backstop=None,clearance_mm=0.3,funnel=True,gate=True,mu_floor_scale=1.4,mu_wall_scale=1.4,retreat=30|v10|stop",coin_1yen,mat,0.0,1,1,0,0,0,0,0,1,0,1,0,11.00,0.00
"hood|backstop=None,clearance_mm=0.3,funnel=True,gate=True,mu_floor_scale=1.4,mu_wall_scale=1.4,retreat=30|v10|stop",coin_1yen,mat,5.0,1,1,0,0,0,0,0,1,0,1,0,11.01,5.00
"hood|backstop=None,clearance_mm=0.3,funnel=True,gate=True,mu_floor_scale=1.4,mu_wall_scale=1.4,retreat=30|v10|stop",coin_1yen,mat,10.0,1,1,0,0,0,0,0,1,1,0,1,11.00,4.76
"hood|backstop=None,clearance_mm=0.3,funnel=True,gate=True,mu_floor_scale=1.4,mu_wall_scale=1.4,retreat=30|v10|stop",crumb_cube,flooring,0.0,1,1,0,0,0,0,0,1,0,1,0,8.07,0.00
"hood|backstop=None,clearance_mm=0.3,funnel=True,gate=True,mu_floor_scale=1.4,mu_wall_scale=1.4,retreat=30|v10|stop",crumb_cube,flooring,5.0,1,1,0,0,0,0,0,1,0,1,0,8.07,5.00
"hood|backstop=None,clearance_mm=0.3,funnel=True,gate=True,mu_floor_scale=1.4,mu_wall_scale=1.4,retreat=30|v10|stop",crumb_cube,flooring,10.0,1,1,0,0,0,0,0,1,1,0,1,8.08,8.81
"hood|backstop=None,clearance_mm=0.3,funnel=True,gate=True,mu_floor_scale=1.4,mu_wall_scale=1.4,retreat=30|v10|stop",crumb_cube,mat,0.0,1,1,0,0,0,0,0,1,0,1,0,8.07,0.00
"hood|backstop=None,clearance_mm=0.3,funnel=True,gate=True,mu_floor_scale=1.4,mu_wall_scale=1.4,retreat=30|v10|stop",crumb_cube,mat,5.0,1,1,0,0,0,0,0,1,0,1,0,8.07,5.00
"hood|backstop=None,clearance_mm=0.3,funnel=True,gate=True,mu_floor_scale=1.4,mu_wall_scale=1.4,retreat=30|v10|stop",crumb_cube,mat,10.0,1,1,0,0,0,0,0,1,1,0,1,8.08,8.81
"hood|backstop=None,clearance_mm=0.6,funnel=True,gate=True,mu_floor_scale=0.7,mu_wall_scale=0.7,retreat=30|v10|stop",battery_cr2032,flooring,0.0,1,1,0,0,0,0,0,1,0,1,0,11.00,0.01
"hood|backstop=None,clearance_mm=0.6,funnel=True,gate=True,mu_floor_scale=0.7,mu_wall_scale=0.7,retreat=30|v10|stop",battery_cr2032,flooring,5.0,1,1,0,0,0,0,0,1,0,1,0,11.01,5.00
"hood|backstop=None,clearance_mm=0.6,funnel=True,gate=True,mu_floor_scale=0.7,mu_wall_scale=0.7,retreat=30|v10|stop",battery_cr2032,flooring,10.0,1,1,0,0,0,0,0,1,1,0,1,11.00,0.12
"hood|backstop=None,clearance_mm=0.6,funnel=True,gate=True,mu_floor_scale=0.7,mu_wall_scale=0.7,retreat=30|v10|stop",battery_cr2032,mat,0.0,1,1,0,0,0,0,0,1,0,1,0,11.01,0.01
"hood|backstop=None,clearance_mm=0.6,funnel=True,gate=True,mu_floor_scale=0.7,mu_wall_scale=0.7,retreat=30|v10|stop",battery_cr2032,mat,5.0,1,1,0,0,0,0,0,1,0,1,0,11.01,5.00
"hood|backstop=None,clearance_mm=0.6,funnel=True,gate=True,mu_floor_scale=0.7,mu_wall_scale=0.7,retreat=30|v10|stop",battery_cr2032,mat,10.0,1,1,0,0,0,0,0,1,1,0,1,11.00,4.72
"hood|backstop=None,clearance_mm=0.6,funnel=True,gate=True,mu_floor_scale=0.7,mu_wall_scale=0.7,retreat=30|v10|stop",bead,flooring,0.0,1,1,0,0,0,0,0,1,0,1,0,5.01,0.00
"hood|backstop=None,clearance_mm=0.6,funnel=True,gate=True,mu_floor_scale=0.7,mu_wall_scale=0.7,retreat=30|v10|stop",bead,flooring,5.0,1,1,0,0,0,0,0,1,0,1,0,5.01,5.00
"hood|backstop=None,clearance_mm=0.6,funnel=True,gate=True,mu_floor_scale=0.7,mu_wall_scale=0.7,retreat=30|v10|stop",bead,flooring,10.0,1,1,0,0,0,0,0,1,0,1,0,5.00,10.00
"hood|backstop=None,clearance_mm=0.6,funnel=True,gate=True,mu_floor_scale=0.7,mu_wall_scale=0.7,retreat=30|v10|stop",bead,mat,0.0,1,1,0,0,0,0,0,1,0,1,0,5.01,0.00
"hood|backstop=None,clearance_mm=0.6,funnel=True,gate=True,mu_floor_scale=0.7,mu_wall_scale=0.7,retreat=30|v10|stop",bead,mat,5.0,1,1,0,0,0,0,0,1,0,1,0,5.01,5.00
"hood|backstop=None,clearance_mm=0.6,funnel=True,gate=True,mu_floor_scale=0.7,mu_wall_scale=0.7,retreat=30|v10|stop",bead,mat,10.0,1,1,0,0,0,0,0,1,0,1,0,5.00,10.00
"hood|backstop=None,clearance_mm=0.6,funnel=True,gate=True,mu_floor_scale=0.7,mu_wall_scale=0.7,retreat=30|v10|stop",coin_1yen,flooring,0.0,1,1,0,0,0,0,0,1,0,1,0,11.00,0.00
"hood|backstop=None,clearance_mm=0.6,funnel=True,gate=True,mu_floor_scale=0.7,mu_wall_scale=0.7,retreat=30|v10|stop",coin_1yen,flooring,5.0,1,1,0,0,0,0,0,1,0,1,0,11.01,5.00
"hood|backstop=None,clearance_mm=0.6,funnel=True,gate=True,mu_floor_scale=0.7,mu_wall_scale=0.7,retreat=30|v10|stop",coin_1yen,flooring,10.0,1,0,0,0,1,0,0,0,1,0,0,,
"hood|backstop=None,clearance_mm=0.6,funnel=True,gate=True,mu_floor_scale=0.7,mu_wall_scale=0.7,retreat=30|v10|stop",coin_1yen,mat,0.0,1,1,0,0,0,0,0,1,0,1,0,11.00,0.00
"hood|backstop=None,clearance_mm=0.6,funnel=True,gate=True,mu_floor_scale=0.7,mu_wall_scale=0.7,retreat=30|v10|stop",coin_1yen,mat,5.0,1,1,0,0,0,0,0,1,0,1,0,11.00,5.00
"hood|backstop=None,clearance_mm=0.6,funnel=True,gate=True,mu_floor_scale=0.7,mu_wall_scale=0.7,retreat=30|v10|stop",coin_1yen,mat,10.0,1,0,0,0,1,0,0,0,1,0,0,,
"hood|backstop=None,clearance_mm=0.6,funnel=True,gate=True,mu_floor_scale=0.7,mu_wall_scale=0.7,retreat=30|v10|stop",crumb_cube,flooring,0.0,1,1,0,0,0,0,0,1,0,1,0,8.07,0.00
"hood|backstop=None,clearance_mm=0.6,funnel=True,gate=True,mu_floor_scale=0.7,mu_wall_scale=0.7,retreat=30|v10|stop",crumb_cube,flooring,5.0,1,1,0,0,0,0,0,1,0,1,0,8.07,5.00
"hood|backstop=None,clearance_mm=0.6,funnel=True,gate=True,mu_floor_scale=0.7,mu_wall_scale=0.7,retreat=30|v10|stop",crumb_cube,flooring,10.0,1,1,0,0,0,0,0,1,1,0,1,8.07,8.76
"hood|backstop=None,clearance_mm=0.6,funnel=True,gate=True,mu_floor_scale=0.7,mu_wall_scale=0.7,retreat=30|v10|stop",crumb_cube,mat,0.0,1,1,0,0,0,0,0,1,0,1,0,8.07,0.00
"hood|backstop=None,clearance_mm=0.6,funnel=True,gate=True,mu_floor_scale=0.7,mu_wall_scale=0.7,retreat=30|v10|stop",crumb_cube,mat,5.0,1,1,0,0,0,0,0,1,0,1,0,8.07,5.00
"hood|backstop=None,clearance_mm=0.6,funnel=True,gate=True,mu_floor_scale=0.7,mu_wall_scale=0.7,retreat=30|v10|stop",crumb_cube,mat,10.0,1,1,0,0,0,0,0,1,1,0,1,8.07,8.76
"hood|backstop=None,clearance_mm=0.6,funnel=True,gate=True,mu_floor_scale=0.7,mu_wall_scale=1.0,retreat=30|v10|stop",battery_cr2032,flooring,0.0,1,1,0,0,0,0,0,1,0,1,0,11.00,0.01
"hood|backstop=None,clearance_mm=0.6,funnel=True,gate=True,mu_floor_scale=0.7,mu_wall_scale=1.0,retreat=30|v10|stop",battery_cr2032,flooring,5.0,1,1,0,0,0,0,0,1,0,1,0,11.01,5.00
"hood|backstop=None,clearance_mm=0.6,funnel=True,gate=True,mu_floor_scale=0.7,mu_wall_scale=1.0,retreat=30|v10|stop",battery_cr2032,flooring,10.0,1,0,1,0,0,0,0,1,1,0,1,11.00,3.51
"hood|backstop=None,clearance_mm=0.6,funnel=True,gate=True,mu_floor_scale=0.7,mu_wall_scale=1.0,retreat=30|v10|stop",battery_cr2032,mat,0.0,1,1,0,0,0,0,0,1,0,1,0,11.01,0.01
"hood|backstop=None,clearance_mm=0.6,funnel=True,gate=True,mu_floor_scale=0.7,mu_wall_scale=1.0,retreat=30|v10|stop",battery_cr2032,mat,5.0,1,1,0,0,0,0,0,1,0,1,0,11.01,5.00
"hood|backstop=None,clearance_mm=0.6,funnel=True,gate=True,mu_floor_scale=0.7,mu_wall_scale=1.0,retreat=30|v10|stop",battery_cr2032,mat,10.0,1,0,1,0,0,0,0,1,1,0,1,11.00,4.08
"hood|backstop=None,clearance_mm=0.6,funnel=True,gate=True,mu_floor_scale=0.7,mu_wall_scale=1.0,retreat=30|v10|stop",bead,flooring,0.0,1,1,0,0,0,0,0,1,0,1,0,5.01,0.00
"hood|backstop=None,clearance_mm=0.6,funnel=True,gate=True,mu_floor_scale=0.7,mu_wall_scale=1.0,retreat=30|v10|stop",bead,flooring,5.0,1,1,0,0,0,0,0,1,0,1,0,5.01,5.00
"hood|backstop=None,clearance_mm=0.6,funnel=True,gate=True,mu_floor_scale=0.7,mu_wall_scale=1.0,retreat=30|v10|stop",bead,flooring,10.0,1,1,0,0,0,0,0,1,0,1,0,5.00,10.00
"hood|backstop=None,clearance_mm=0.6,funnel=True,gate=True,mu_floor_scale=0.7,mu_wall_scale=1.0,retreat=30|v10|stop",bead,mat,0.0,1,1,0,0,0,0,0,1,0,1,0,5.01,0.00
"hood|backstop=None,clearance_mm=0.6,funnel=True,gate=True,mu_floor_scale=0.7,mu_wall_scale=1.0,retreat=30|v10|stop",bead,mat,5.0,1,1,0,0,0,0,0,1,0,1,0,5.01,5.00
"hood|backstop=None,clearance_mm=0.6,funnel=True,gate=True,mu_floor_scale=0.7,mu_wall_scale=1.0,retreat=30|v10|stop",bead,mat,10.0,1,1,0,0,0,0,0,1,0,1,0,5.00,10.00
"hood|backstop=None,clearance_mm=0.6,funnel=True,gate=True,mu_floor_scale=0.7,mu_wall_scale=1.0,retreat=30|v10|stop",coin_1yen,flooring,0.0,1,1,0,0,0,0,0,1,0,1,0,11.00,0.00
"hood|backstop=None,clearance_mm=0.6,funnel=True,gate=True,mu_floor_scale=0.7,mu_wall_scale=1.0,retreat=30|v10|stop",coin_1yen,flooring,5.0,1,1,0,0,0,0,0,1,0,1,0,11.00,5.00
"hood|backstop=None,clearance_mm=0.6,funnel=True,gate=True,mu_floor_scale=0.7,mu_wall_scale=1.0,retreat=30|v10|stop",coin_1yen,flooring,10.0,1,1,0,0,0,0,0,1,1,0,1,11.01,4.86
"hood|backstop=None,clearance_mm=0.6,funnel=True,gate=True,mu_floor_scale=0.7,mu_wall_scale=1.0,retreat=30|v10|stop",coin_1yen,mat,0.0,1,1,0,0,0,0,0,1,0,1,0,11.00,0.00
"hood|backstop=None,clearance_mm=0.6,funnel=True,gate=True,mu_floor_scale=0.7,mu_wall_scale=1.0,retreat=30|v10|stop",coin_1yen,mat,5.0,1,1,0,0,0,0,0,1,0,1,0,11.01,5.00
"hood|backstop=None,clearance_mm=0.6,funnel=True,gate=True,mu_floor_scale=0.7,mu_wall_scale=1.0,retreat=30|v10|stop",coin_1yen,mat,10.0,1,0,0,0,1,0,0,0,1,0,0,,
"hood|backstop=None,clearance_mm=0.6,funnel=True,gate=True,mu_floor_scale=0.7,mu_wall_scale=1.0,retreat=30|v10|stop",crumb_cube,flooring,0.0,1,1,0,0,0,0,0,1,0,1,0,8.07,0.00
"hood|backstop=None,clearance_mm=0.6,funnel=True,gate=True,mu_floor_scale=0.7,mu_wall_scale=1.0,retreat=30|v10|stop",crumb_cube,flooring,5.0,1,1,0,0,0,0,0,1,0,1,0,8.07,5.00
"hood|backstop=None,clearance_mm=0.6,funnel=True,gate=True,mu_floor_scale=0.7,mu_wall_scale=1.0,retreat=30|v10|stop",crumb_cube,flooring,10.0,1,1,0,0,0,0,0,1,1,0,1,8.07,8.79
"hood|backstop=None,clearance_mm=0.6,funnel=True,gate=True,mu_floor_scale=0.7,mu_wall_scale=1.0,retreat=30|v10|stop",crumb_cube,mat,0.0,1,1,0,0,0,0,0,1,0,1,0,8.07,0.00
"hood|backstop=None,clearance_mm=0.6,funnel=True,gate=True,mu_floor_scale=0.7,mu_wall_scale=1.0,retreat=30|v10|stop",crumb_cube,mat,5.0,1,1,0,0,0,0,0,1,0,1,0,8.07,5.00
"hood|backstop=None,clearance_mm=0.6,funnel=True,gate=True,mu_floor_scale=0.7,mu_wall_scale=1.0,retreat=30|v10|stop",crumb_cube,mat,10.0,1,1,0,0,0,0,0,1,1,0,1,8.07,8.79
"hood|backstop=None,clearance_mm=0.6,funnel=True,gate=True,mu_floor_scale=0.7,mu_wall_scale=1.4,retreat=30|v10|stop",battery_cr2032,flooring,0.0,1,1,0,0,0,0,0,1,0,1,0,11.00,0.01
"hood|backstop=None,clearance_mm=0.6,funnel=True,gate=True,mu_floor_scale=0.7,mu_wall_scale=1.4,retreat=30|v10|stop",battery_cr2032,flooring,5.0,1,1,0,0,0,0,0,1,0,1,0,11.01,5.00
"hood|backstop=None,clearance_mm=0.6,funnel=True,gate=True,mu_floor_scale=0.7,mu_wall_scale=1.4,retreat=30|v10|stop",battery_cr2032,flooring,10.0,1,1,0,0,0,0,0,1,1,0,1,11.01,4.66
"hood|backstop=None,clearance_mm=0.6,funnel=True,gate=True,mu_floor_scale=0.7,mu_wall_scale=1.4,retreat=30|v10|stop",battery_cr2032,mat,0.0,1,1,0,0,0,0,0,1,0,1,0,11.01,0.01
"hood|backstop=None,clearance_mm=0.6,funnel=True,gate=True,mu_floor_scale=0.7,mu_wall_scale=1.4,retreat=30|v10|stop",battery_cr2032,mat,5.0,1,1,0,0,0,0,0,1,0,1,0,11.01,5.00
"hood|backstop=None,clearance_mm=0.6,funnel=True,gate=True,mu_floor_scale=0.7,mu_wall_scale=1.4,retreat=30|v10|stop",battery_cr2032,mat,10.0,1,0,1,0,0,0,0,1,1,0,1,11.22,3.26
"hood|backstop=None,clearance_mm=0.6,funnel=True,gate=True,mu_floor_scale=0.7,mu_wall_scale=1.4,retreat=30|v10|stop",bead,flooring,0.0,1,1,0,0,0,0,0,1,0,1,0,5.01,0.00
"hood|backstop=None,clearance_mm=0.6,funnel=True,gate=True,mu_floor_scale=0.7,mu_wall_scale=1.4,retreat=30|v10|stop",bead,flooring,5.0,1,1,0,0,0,0,0,1,0,1,0,5.01,5.00
"hood|backstop=None,clearance_mm=0.6,funnel=True,gate=True,mu_floor_scale=0.7,mu_wall_scale=1.4,retreat=30|v10|stop",bead,flooring,10.0,1,1,0,0,0,0,0,1,0,1,0,5.00,10.00
"hood|backstop=None,clearance_mm=0.6,funnel=True,gate=True,mu_floor_scale=0.7,mu_wall_scale=1.4,retreat=30|v10|stop",bead,mat,0.0,1,1,0,0,0,0,0,1,0,1,0,5.01,0.00
"hood|backstop=None,clearance_mm=0.6,funnel=True,gate=True,mu_floor_scale=0.7,mu_wall_scale=1.4,retreat=30|v10|stop",bead,mat,5.0,1,1,0,0,0,0,0,1,0,1,0,5.01,5.00
"hood|backstop=None,clearance_mm=0.6,funnel=True,gate=True,mu_floor_scale=0.7,mu_wall_scale=1.4,retreat=30|v10|stop",bead,mat,10.0,1,1,0,0,0,0,0,1,0,1,0,5.00,10.00
"hood|backstop=None,clearance_mm=0.6,funnel=True,gate=True,mu_floor_scale=0.7,mu_wall_scale=1.4,retreat=30|v10|stop",coin_1yen,flooring,0.0,1,1,0,0,0,0,0,1,0,1,0,11.00,0.00
"hood|backstop=None,clearance_mm=0.6,funnel=True,gate=True,mu_floor_scale=0.7,mu_wall_scale=1.4,retreat=30|v10|stop",coin_1yen,flooring,5.0,1,1,0,0,0,0,0,1,0,1,0,11.01,5.00
"hood|backstop=None,clearance_mm=0.6,funnel=True,gate=True,mu_floor_scale=0.7,mu_wall_scale=1.4,retreat=30|v10|stop",coin_1yen,flooring,10.0,1,1,0,0,0,0,0,1,1,0,1,11.01,5.00
"hood|backstop=None,clearance_mm=0.6,funnel=True,gate=True,mu_floor_scale=0.7,mu_wall_scale=1.4,retreat=30|v10|stop",coin_1yen,mat,0.0,1,1,0,0,0,0,0,1,0,1,0,11.00,0.00
"hood|backstop=None,clearance_mm=0.6,funnel=True,gate=True,mu_floor_scale=0.7,mu_wall_scale=1.4,retreat=30|v10|stop",coin_1yen,mat,5.0,1,1,0,0,0,0,0,1,0,1,0,11.01,5.00
"hood|backstop=None,clearance_mm=0.6,funnel=True,gate=True,mu_floor_scale=0.7,mu_wall_scale=1.4,retreat=30|v10|stop",coin_1yen,mat,10.0,1,1,0,0,0,0,0,1,1,0,1,11.01,4.85
"hood|backstop=None,clearance_mm=0.6,funnel=True,gate=True,mu_floor_scale=0.7,mu_wall_scale=1.4,retreat=30|v10|stop",crumb_cube,flooring,0.0,1,1,0,0,0,0,0,1,0,1,0,8.07,0.00
"hood|backstop=None,clearance_mm=0.6,funnel=True,gate=True,mu_floor_scale=0.7,mu_wall_scale=1.4,retreat=30|v10|stop",crumb_cube,flooring,5.0,1,1,0,0,0,0,0,1,0,1,0,8.07,5.00
"hood|backstop=None,clearance_mm=0.6,funnel=True,gate=True,mu_floor_scale=0.7,mu_wall_scale=1.4,retreat=30|v10|stop",crumb_cube,flooring,10.0,1,1,0,0,0,0,0,1,1,0,1,8.08,8.86
"hood|backstop=None,clearance_mm=0.6,funnel=True,gate=True,mu_floor_scale=0.7,mu_wall_scale=1.4,retreat=30|v10|stop",crumb_cube,mat,0.0,1,1,0,0,0,0,0,1,0,1,0,8.07,0.00
"hood|backstop=None,clearance_mm=0.6,funnel=True,gate=True,mu_floor_scale=0.7,mu_wall_scale=1.4,retreat=30|v10|stop",crumb_cube,mat,5.0,1,1,0,0,0,0,0,1,0,1,0,8.07,5.00
"hood|backstop=None,clearance_mm=0.6,funnel=True,gate=True,mu_floor_scale=0.7,mu_wall_scale=1.4,retreat=30|v10|stop",crumb_cube,mat,10.0,1,1,0,0,0,0,0,1,1,0,1,8.08,8.86
"hood|backstop=None,clearance_mm=0.6,funnel=True,gate=True,mu_floor_scale=1.0,mu_wall_scale=0.7,retreat=30|v10|stop",battery_cr2032,flooring,0.0,1,1,0,0,0,0,0,1,0,1,0,11.00,0.01
"hood|backstop=None,clearance_mm=0.6,funnel=True,gate=True,mu_floor_scale=1.0,mu_wall_scale=0.7,retreat=30|v10|stop",battery_cr2032,flooring,5.0,1,1,0,0,0,0,0,1,0,1,0,11.01,5.00
"hood|backstop=None,clearance_mm=0.6,funnel=True,gate=True,mu_floor_scale=1.0,mu_wall_scale=0.7,retreat=30|v10|stop",battery_cr2032,flooring,10.0,1,1,0,0,0,0,0,1,1,0,1,11.00,4.33
"hood|backstop=None,clearance_mm=0.6,funnel=True,gate=True,mu_floor_scale=1.0,mu_wall_scale=0.7,retreat=30|v10|stop",battery_cr2032,mat,0.0,1,1,0,0,0,0,0,1,0,1,0,11.00,0.01
"hood|backstop=None,clearance_mm=0.6,funnel=True,gate=True,mu_floor_scale=1.0,mu_wall_scale=0.7,retreat=30|v10|stop",battery_cr2032,mat,5.0,1,1,0,0,0,0,0,1,0,1,0,11.01,5.00
"hood|backstop=None,clearance_mm=0.6,funnel=True,gate=True,mu_floor_scale=1.0,mu_wall_scale=0.7,retreat=30|v10|stop",battery_cr2032,mat,10.0,1,1,0,0,0,0,0,1,1,0,1,11.01,2.83
"hood|backstop=None,clearance_mm=0.6,funnel=True,gate=True,mu_floor_scale=1.0,mu_wall_scale=0.7,retreat=30|v10|stop",bead,flooring,0.0,1,1,0,0,0,0,0,1,0,1,0,5.01,0.00
"hood|backstop=None,clearance_mm=0.6,funnel=True,gate=True,mu_floor_scale=1.0,mu_wall_scale=0.7,retreat=30|v10|stop",bead,flooring,5.0,1,1,0,0,0,0,0,1,0,1,0,5.01,5.00
"hood|backstop=None,clearance_mm=0.6,funnel=True,gate=True,mu_floor_scale=1.0,mu_wall_scale=0.7,retreat=30|v10|stop",bead,flooring,10.0,1,1,0,0,0,0,0,1,0,1,0,5.00,10.00
"hood|backstop=None,clearance_mm=0.6,funnel=True,gate=True,mu_floor_scale=1.0,mu_wall_scale=0.7,retreat=30|v10|stop",bead,mat,0.0,1,1,0,0,0,0,0,1,0,1,0,5.01,0.00
"hood|backstop=None,clearance_mm=0.6,funnel=True,gate=True,mu_floor_scale=1.0,mu_wall_scale=0.7,retreat=30|v10|stop",bead,mat,5.0,1,1,0,0,0,0,0,1,0,1,0,5.01,5.00
"hood|backstop=None,clearance_mm=0.6,funnel=True,gate=True,mu_floor_scale=1.0,mu_wall_scale=0.7,retreat=30|v10|stop",bead,mat,10.0,1,1,0,0,0,0,0,1,0,1,0,5.00,10.00
"hood|backstop=None,clearance_mm=0.6,funnel=True,gate=True,mu_floor_scale=1.0,mu_wall_scale=0.7,retreat=30|v10|stop",coin_1yen,flooring,0.0,1,1,0,0,0,0,0,1,0,1,0,11.00,0.00
"hood|backstop=None,clearance_mm=0.6,funnel=True,gate=True,mu_floor_scale=1.0,mu_wall_scale=0.7,retreat=30|v10|stop",coin_1yen,flooring,5.0,1,1,0,0,0,0,0,1,0,1,0,11.01,5.00
"hood|backstop=None,clearance_mm=0.6,funnel=True,gate=True,mu_floor_scale=1.0,mu_wall_scale=0.7,retreat=30|v10|stop",coin_1yen,flooring,10.0,1,0,0,0,1,0,0,0,1,0,0,,
"hood|backstop=None,clearance_mm=0.6,funnel=True,gate=True,mu_floor_scale=1.0,mu_wall_scale=0.7,retreat=30|v10|stop",coin_1yen,mat,0.0,1,1,0,0,0,0,0,1,0,1,0,11.00,0.00
"hood|backstop=None,clearance_mm=0.6,funnel=True,gate=True,mu_floor_scale=1.0,mu_wall_scale=0.7,retreat=30|v10|stop",coin_1yen,mat,5.0,1,1,0,0,0,0,0,1,0,1,0,11.00,5.00
"hood|backstop=None,clearance_mm=0.6,funnel=True,gate=True,mu_floor_scale=1.0,mu_wall_scale=0.7,retreat=30|v10|stop",coin_1yen,mat,10.0,1,0,0,0,1,0,0,0,1,0,0,,
"hood|backstop=None,clearance_mm=0.6,funnel=True,gate=True,mu_floor_scale=1.0,mu_wall_scale=0.7,retreat=30|v10|stop",crumb_cube,flooring,0.0,1,1,0,0,0,0,0,1,0,1,0,8.07,0.00
"hood|backstop=None,clearance_mm=0.6,funnel=True,gate=True,mu_floor_scale=1.0,mu_wall_scale=0.7,retreat=30|v10|stop",crumb_cube,flooring,5.0,1,1,0,0,0,0,0,1,0,1,0,8.07,5.00
"hood|backstop=None,clearance_mm=0.6,funnel=True,gate=True,mu_floor_scale=1.0,mu_wall_scale=0.7,retreat=30|v10|stop",crumb_cube,flooring,10.0,1,1,0,0,0,0,0,1,1,0,1,8.07,8.79
"hood|backstop=None,clearance_mm=0.6,funnel=True,gate=True,mu_floor_scale=1.0,mu_wall_scale=0.7,retreat=30|v10|stop",crumb_cube,mat,0.0,1,1,0,0,0,0,0,1,0,1,0,8.07,0.00
"hood|backstop=None,clearance_mm=0.6,funnel=True,gate=True,mu_floor_scale=1.0,mu_wall_scale=0.7,retreat=30|v10|stop",crumb_cube,mat,5.0,1,1,0,0,0,0,0,1,0,1,0,8.07,5.00
"hood|backstop=None,clearance_mm=0.6,funnel=True,gate=True,mu_floor_scale=1.0,mu_wall_scale=0.7,retreat=30|v10|stop",crumb_cube,mat,10.0,1,1,0,0,0,0,0,1,1,0,1,8.07,8.79
"hood|backstop=None,clearance_mm=0.6,funnel=True,gate=True,mu_floor_scale=1.0,mu_wall_scale=1.0,retreat=30|v10|stop",battery_cr2032,flooring,0.0,1,1,0,0,0,0,0,1,0,1,0,11.00,0.01
"hood|backstop=None,clearance_mm=0.6,funnel=True,gate=True,mu_floor_scale=1.0,mu_wall_scale=1.0,retreat=30|v10|stop",battery_cr2032,flooring,5.0,1,1,0,0,0,0,0,1,0,1,0,11.01,5.00
"hood|backstop=None,clearance_mm=0.6,funnel=True,gate=True,mu_floor_scale=1.0,mu_wall_scale=1.0,retreat=30|v10|stop",battery_cr2032,flooring,10.0,1,1,0,0,0,0,0,1,1,0,1,11.00,4.94
"hood|backstop=None,clearance_mm=0.6,funnel=True,gate=True,mu_floor_scale=1.0,mu_wall_scale=1.0,retreat=30|v10|stop",battery_cr2032,mat,0.0,1,1,0,0,0,0,0,1,0,1,0,11.00,0.01
"hood|backstop=None,clearance_mm=0.6,funnel=True,gate=True,mu_floor_scale=1.0,mu_wall_scale=1.0,retreat=30|v10|stop",battery_cr2032,mat,5.0,1,1,0,0,0,0,0,1,0,1,0,11.01,5.00
"hood|backstop=None,clearance_mm=0.6,funnel=True,gate=True,mu_floor_scale=1.0,mu_wall_scale=1.0,retreat=30|v10|stop",battery_cr2032,mat,10.0,1,1,0,0,0,0,0,1,1,0,1,11.01,3.42
"hood|backstop=None,clearance_mm=0.6,funnel=True,gate=True,mu_floor_scale=1.0,mu_wall_scale=1.0,retreat=30|v10|stop",bead,flooring,0.0,1,1,0,0,0,0,0,1,0,1,0,5.01,0.00
"hood|backstop=None,clearance_mm=0.6,funnel=True,gate=True,mu_floor_scale=1.0,mu_wall_scale=1.0,retreat=30|v10|stop",bead,flooring,5.0,1,1,0,0,0,0,0,1,0,1,0,5.01,5.00
"hood|backstop=None,clearance_mm=0.6,funnel=True,gate=True,mu_floor_scale=1.0,mu_wall_scale=1.0,retreat=30|v10|stop",bead,flooring,10.0,1,1,0,0,0,0,0,1,0,1,0,5.00,10.00
"hood|backstop=None,clearance_mm=0.6,funnel=True,gate=True,mu_floor_scale=1.0,mu_wall_scale=1.0,retreat=30|v10|stop",bead,mat,0.0,1,1,0,0,0,0,0,1,0,1,0,5.01,0.00
"hood|backstop=None,clearance_mm=0.6,funnel=True,gate=True,mu_floor_scale=1.0,mu_wall_scale=1.0,retreat=30|v10|stop",bead,mat,5.0,1,1,0,0,0,0,0,1,0,1,0,5.01,5.00
"hood|backstop=None,clearance_mm=0.6,funnel=True,gate=True,mu_floor_scale=1.0,mu_wall_scale=1.0,retreat=30|v10|stop",bead,mat,10.0,1,1,0,0,0,0,0,1,0,1,0,5.00,10.00
"hood|backstop=None,clearance_mm=0.6,funnel=True,gate=True,mu_floor_scale=1.0,mu_wall_scale=1.0,retreat=30|v10|stop",coin_1yen,flooring,0.0,1,1,0,0,0,0,0,1,0,1,0,11.00,0.00
"hood|backstop=None,clearance_mm=0.6,funnel=True,gate=True,mu_floor_scale=1.0,mu_wall_scale=1.0,retreat=30|v10|stop",coin_1yen,flooring,5.0,1,1,0,0,0,0,0,1,0,1,0,11.00,5.00
"hood|backstop=None,clearance_mm=0.6,funnel=True,gate=True,mu_floor_scale=1.0,mu_wall_scale=1.0,retreat=30|v10|stop",coin_1yen,flooring,10.0,1,0,0,0,1,0,0,0,1,0,0,,
"hood|backstop=None,clearance_mm=0.6,funnel=True,gate=True,mu_floor_scale=1.0,mu_wall_scale=1.0,retreat=30|v10|stop",coin_1yen,mat,0.0,1,1,0,0,0,0,0,1,0,1,0,11.00,0.00
"hood|backstop=None,clearance_mm=0.6,funnel=True,gate=True,mu_floor_scale=1.0,mu_wall_scale=1.0,retreat=30|v10|stop",coin_1yen,mat,5.0,1,1,0,0,0,0,0,1,0,1,0,11.01,5.00
"hood|backstop=None,clearance_mm=0.6,funnel=True,gate=True,mu_floor_scale=1.0,mu_wall_scale=1.0,retreat=30|v10|stop",coin_1yen,mat,10.0,1,0,0,0,1,0,0,0,1,0,0,,
"hood|backstop=None,clearance_mm=0.6,funnel=True,gate=True,mu_floor_scale=1.0,mu_wall_scale=1.0,retreat=30|v10|stop",crumb_cube,flooring,0.0,1,1,0,0,0,0,0,1,0,1,0,8.07,0.00
"hood|backstop=None,clearance_mm=0.6,funnel=True,gate=True,mu_floor_scale=1.0,mu_wall_scale=1.0,retreat=30|v10|stop",crumb_cube,flooring,5.0,1,1,0,0,0,0,0,1,0,1,0,8.07,5.00
"hood|backstop=None,clearance_mm=0.6,funnel=True,gate=True,mu_floor_scale=1.0,mu_wall_scale=1.0,retreat=30|v10|stop",crumb_cube,flooring,10.0,1,1,0,0,0,0,0,1,1,0,1,8.08,8.83
"hood|backstop=None,clearance_mm=0.6,funnel=True,gate=True,mu_floor_scale=1.0,mu_wall_scale=1.0,retreat=30|v10|stop",crumb_cube,mat,0.0,1,1,0,0,0,0,0,1,0,1,0,8.07,0.00
"hood|backstop=None,clearance_mm=0.6,funnel=True,gate=True,mu_floor_scale=1.0,mu_wall_scale=1.0,retreat=30|v10|stop",crumb_cube,mat,5.0,1,1,0,0,0,0,0,1,0,1,0,8.07,5.00
"hood|backstop=None,clearance_mm=0.6,funnel=True,gate=True,mu_floor_scale=1.0,mu_wall_scale=1.0,retreat=30|v10|stop",crumb_cube,mat,10.0,1,1,0,0,0,0,0,1,1,0,1,8.08,8.83
"hood|backstop=None,clearance_mm=0.6,funnel=True,gate=True,mu_floor_scale=1.0,mu_wall_scale=1.4,retreat=30|v10|stop",battery_cr2032,flooring,0.0,1,1,0,0,0,0,0,1,0,1,0,11.00,0.01
"hood|backstop=None,clearance_mm=0.6,funnel=True,gate=True,mu_floor_scale=1.0,mu_wall_scale=1.4,retreat=30|v10|stop",battery_cr2032,flooring,5.0,1,1,0,0,0,0,0,1,0,1,0,11.01,5.00
"hood|backstop=None,clearance_mm=0.6,funnel=True,gate=True,mu_floor_scale=1.0,mu_wall_scale=1.4,retreat=30|v10|stop",battery_cr2032,flooring,10.0,1,1,0,0,0,0,0,1,1,0,1,11.00,4.14
"hood|backstop=None,clearance_mm=0.6,funnel=True,gate=True,mu_floor_scale=1.0,mu_wall_scale=1.4,retreat=30|v10|stop",battery_cr2032,mat,0.0,1,1,0,0,0,0,0,1,0,1,0,11.00,0.01
"hood|backstop=None,clearance_mm=0.6,funnel=True,gate=True,mu_floor_scale=1.0,mu_wall_scale=1.4,retreat=30|v10|stop",battery_cr2032,mat,5.0,1,1,0,0,0,0,0,1,0,1,0,11.01,5.00
"hood|backstop=None,clearance_mm=0.6,funnel=True,gate=True,mu_floor_scale=1.0,mu_wall_scale=1.4,retreat=30|v10|stop",battery_cr2032,mat,10.0,1,1,0,0,0,0,0,1,1,0,1,11.00,4.08
"hood|backstop=None,clearance_mm=0.6,funnel=True,gate=True,mu_floor_scale=1.0,mu_wall_scale=1.4,retreat=30|v10|stop",bead,flooring,0.0,1,1,0,0,0,0,0,1,0,1,0,5.01,0.00
"hood|backstop=None,clearance_mm=0.6,funnel=True,gate=True,mu_floor_scale=1.0,mu_wall_scale=1.4,retreat=30|v10|stop",bead,flooring,5.0,1,1,0,0,0,0,0,1,0,1,0,5.01,5.00
"hood|backstop=None,clearance_mm=0.6,funnel=True,gate=True,mu_floor_scale=1.0,mu_wall_scale=1.4,retreat=30|v10|stop",bead,flooring,10.0,1,1,0,0,0,0,0,1,0,1,0,5.00,10.00
"hood|backstop=None,clearance_mm=0.6,funnel=True,gate=True,mu_floor_scale=1.0,mu_wall_scale=1.4,retreat=30|v10|stop",bead,mat,0.0,1,1,0,0,0,0,0,1,0,1,0,5.01,0.00
"hood|backstop=None,clearance_mm=0.6,funnel=True,gate=True,mu_floor_scale=1.0,mu_wall_scale=1.4,retreat=30|v10|stop",bead,mat,5.0,1,1,0,0,0,0,0,1,0,1,0,5.01,5.00
"hood|backstop=None,clearance_mm=0.6,funnel=True,gate=True,mu_floor_scale=1.0,mu_wall_scale=1.4,retreat=30|v10|stop",bead,mat,10.0,1,1,0,0,0,0,0,1,0,1,0,5.00,10.00
"hood|backstop=None,clearance_mm=0.6,funnel=True,gate=True,mu_floor_scale=1.0,mu_wall_scale=1.4,retreat=30|v10|stop",coin_1yen,flooring,0.0,1,1,0,0,0,0,0,1,0,1,0,11.00,0.00
"hood|backstop=None,clearance_mm=0.6,funnel=True,gate=True,mu_floor_scale=1.0,mu_wall_scale=1.4,retreat=30|v10|stop",coin_1yen,flooring,5.0,1,1,0,0,0,0,0,1,0,1,0,11.01,5.00
"hood|backstop=None,clearance_mm=0.6,funnel=True,gate=True,mu_floor_scale=1.0,mu_wall_scale=1.4,retreat=30|v10|stop",coin_1yen,flooring,10.0,1,1,0,0,0,0,0,1,1,0,1,11.00,4.99
"hood|backstop=None,clearance_mm=0.6,funnel=True,gate=True,mu_floor_scale=1.0,mu_wall_scale=1.4,retreat=30|v10|stop",coin_1yen,mat,0.0,1,1,0,0,0,0,0,1,0,1,0,11.00,0.00
"hood|backstop=None,clearance_mm=0.6,funnel=True,gate=True,mu_floor_scale=1.0,mu_wall_scale=1.4,retreat=30|v10|stop",coin_1yen,mat,5.0,1,1,0,0,0,0,0,1,0,1,0,11.01,5.00
"hood|backstop=None,clearance_mm=0.6,funnel=True,gate=True,mu_floor_scale=1.0,mu_wall_scale=1.4,retreat=30|v10|stop",coin_1yen,mat,10.0,1,0,0,0,1,0,0,0,1,0,0,,
"hood|backstop=None,clearance_mm=0.6,funnel=True,gate=True,mu_floor_scale=1.0,mu_wall_scale=1.4,retreat=30|v10|stop",crumb_cube,flooring,0.0,1,1,0,0,0,0,0,1,0,1,0,8.07,0.00
"hood|backstop=None,clearance_mm=0.6,funnel=True,gate=True,mu_floor_scale=1.0,mu_wall_scale=1.4,retreat=30|v10|stop",crumb_cube,flooring,5.0,1,1,0,0,0,0,0,1,0,1,0,8.07,5.00
"hood|backstop=None,clearance_mm=0.6,funnel=True,gate=True,mu_floor_scale=1.0,mu_wall_scale=1.4,retreat=30|v10|stop",crumb_cube,flooring,10.0,1,1,0,0,0,0,0,1,1,0,1,8.07,8.90
"hood|backstop=None,clearance_mm=0.6,funnel=True,gate=True,mu_floor_scale=1.0,mu_wall_scale=1.4,retreat=30|v10|stop",crumb_cube,mat,0.0,1,1,0,0,0,0,0,1,0,1,0,8.07,0.00
"hood|backstop=None,clearance_mm=0.6,funnel=True,gate=True,mu_floor_scale=1.0,mu_wall_scale=1.4,retreat=30|v10|stop",crumb_cube,mat,5.0,1,1,0,0,0,0,0,1,0,1,0,8.07,5.00
"hood|backstop=None,clearance_mm=0.6,funnel=True,gate=True,mu_floor_scale=1.0,mu_wall_scale=1.4,retreat=30|v10|stop",crumb_cube,mat,10.0,1,1,0,0,0,0,0,1,1,0,1,8.07,8.90
"hood|backstop=None,clearance_mm=0.6,funnel=True,gate=True,mu_floor_scale=1.4,mu_wall_scale=0.7,retreat=30|v10|stop",battery_cr2032,flooring,0.0,1,1,0,0,0,0,0,1,0,1,0,11.01,0.01
"hood|backstop=None,clearance_mm=0.6,funnel=True,gate=True,mu_floor_scale=1.4,mu_wall_scale=0.7,retreat=30|v10|stop",battery_cr2032,flooring,5.0,1,1,0,0,0,0,0,1,0,1,0,11.01,5.00
"hood|backstop=None,clearance_mm=0.6,funnel=True,gate=True,mu_floor_scale=1.4,mu_wall_scale=0.7,retreat=30|v10|stop",battery_cr2032,flooring,10.0,1,1,0,0,0,0,0,1,1,0,1,11.00,4.72
"hood|backstop=None,clearance_mm=0.6,funnel=True,gate=True,mu_floor_scale=1.4,mu_wall_scale=0.7,retreat=30|v10|stop",battery_cr2032,mat,0.0,1,1,0,0,0,0,0,1,0,1,0,11.00,0.01
"hood|backstop=None,clearance_mm=0.6,funnel=True,gate=True,mu_floor_scale=1.4,mu_wall_scale=0.7,retreat=30|v10|stop",battery_cr2032,mat,5.0,1,1,0,0,0,0,0,1,0,1,0,11.01,5.00
"hood|backstop=None,clearance_mm=0.6,funnel=True,gate=True,mu_floor_scale=1.4,mu_wall_scale=0.7,retreat=30|v10|stop",battery_cr2032,mat,10.0,1,0,0,0,1,0,0,0,1,0,0,,
"hood|backstop=None,clearance_mm=0.6,funnel=True,gate=True,mu_floor_scale=1.4,mu_wall_scale=0.7,retreat=30|v10|stop",bead,flooring,0.0,1,1,0,0,0,0,0,1,0,1,0,5.01,0.00
"hood|backstop=None,clearance_mm=0.6,funnel=True,gate=True,mu_floor_scale=1.4,mu_wall_scale=0.7,retreat=30|v10|stop",bead,flooring,5.0,1,1,0,0,0,0,0,1,0,1,0,5.01,5.00
"hood|backstop=None,clearance_mm=0.6,funnel=True,gate=True,mu_floor_scale=1.4,mu_wall_scale=0.7,retreat=30|v10|stop",bead,flooring,10.0,1,1,0,0,0,0,0,1,0,1,0,5.00,10.00
"hood|backstop=None,clearance_mm=0.6,funnel=True,gate=True,mu_floor_scale=1.4,mu_wall_scale=0.7,retreat=30|v10|stop",bead,mat,0.0,1,1,0,0,0,0,0,1,0,1,0,5.01,0.00
"hood|backstop=None,clearance_mm=0.6,funnel=True,gate=True,mu_floor_scale=1.4,mu_wall_scale=0.7,retreat=30|v10|stop",bead,mat,5.0,1,1,0,0,0,0,0,1,0,1,0,5.01,5.00
"hood|backstop=None,clearance_mm=0.6,funnel=True,gate=True,mu_floor_scale=1.4,mu_wall_scale=0.7,retreat=30|v10|stop",bead,mat,10.0,1,1,0,0,0,0,0,1,0,1,0,5.00,10.00
"hood|backstop=None,clearance_mm=0.6,funnel=True,gate=True,mu_floor_scale=1.4,mu_wall_scale=0.7,retreat=30|v10|stop",coin_1yen,flooring,0.0,1,1,0,0,0,0,0,1,0,1,0,11.00,0.00
"hood|backstop=None,clearance_mm=0.6,funnel=True,gate=True,mu_floor_scale=1.4,mu_wall_scale=0.7,retreat=30|v10|stop",coin_1yen,flooring,5.0,1,1,0,0,0,0,0,1,0,1,0,11.00,5.00
"hood|backstop=None,clearance_mm=0.6,funnel=True,gate=True,mu_floor_scale=1.4,mu_wall_scale=0.7,retreat=30|v10|stop",coin_1yen,flooring,10.0,1,0,0,0,1,0,0,0,1,0,0,,
"hood|backstop=None,clearance_mm=0.6,funnel=True,gate=True,mu_floor_scale=1.4,mu_wall_scale=0.7,retreat=30|v10|stop",coin_1yen,mat,0.0,1,1,0,0,0,0,0,1,0,1,0,11.00,0.00
"hood|backstop=None,clearance_mm=0.6,funnel=True,gate=True,mu_floor_scale=1.4,mu_wall_scale=0.7,retreat=30|v10|stop",coin_1yen,mat,5.0,1,1,0,0,0,0,0,1,0,1,0,11.01,5.00
"hood|backstop=None,clearance_mm=0.6,funnel=True,gate=True,mu_floor_scale=1.4,mu_wall_scale=0.7,retreat=30|v10|stop",coin_1yen,mat,10.0,1,1,0,0,0,0,0,1,1,0,1,11.00,4.16
"hood|backstop=None,clearance_mm=0.6,funnel=True,gate=True,mu_floor_scale=1.4,mu_wall_scale=0.7,retreat=30|v10|stop",crumb_cube,flooring,0.0,1,1,0,0,0,0,0,1,0,1,0,8.07,0.00
"hood|backstop=None,clearance_mm=0.6,funnel=True,gate=True,mu_floor_scale=1.4,mu_wall_scale=0.7,retreat=30|v10|stop",crumb_cube,flooring,5.0,1,1,0,0,0,0,0,1,0,1,0,8.07,5.00
"hood|backstop=None,clearance_mm=0.6,funnel=True,gate=True,mu_floor_scale=1.4,mu_wall_scale=0.7,retreat=30|v10|stop",crumb_cube,flooring,10.0,1,1,0,0,0,0,0,1,1,0,1,8.08,8.82
"hood|backstop=None,clearance_mm=0.6,funnel=True,gate=True,mu_floor_scale=1.4,mu_wall_scale=0.7,retreat=30|v10|stop",crumb_cube,mat,0.0,1,1,0,0,0,0,0,1,0,1,0,8.07,0.00
"hood|backstop=None,clearance_mm=0.6,funnel=True,gate=True,mu_floor_scale=1.4,mu_wall_scale=0.7,retreat=30|v10|stop",crumb_cube,mat,5.0,1,1,0,0,0,0,0,1,0,1,0,8.07,5.00
"hood|backstop=None,clearance_mm=0.6,funnel=True,gate=True,mu_floor_scale=1.4,mu_wall_scale=0.7,retreat=30|v10|stop",crumb_cube,mat,10.0,1,1,0,0,0,0,0,1,1,0,1,8.08,8.82
"hood|backstop=None,clearance_mm=0.6,funnel=True,gate=True,mu_floor_scale=1.4,mu_wall_scale=1.0,retreat=30|v10|stop",battery_cr2032,flooring,0.0,1,1,0,0,0,0,0,1,0,1,0,11.01,0.01
"hood|backstop=None,clearance_mm=0.6,funnel=True,gate=True,mu_floor_scale=1.4,mu_wall_scale=1.0,retreat=30|v10|stop",battery_cr2032,flooring,5.0,1,1,0,0,0,0,0,1,0,1,0,11.01,5.00
"hood|backstop=None,clearance_mm=0.6,funnel=True,gate=True,mu_floor_scale=1.4,mu_wall_scale=1.0,retreat=30|v10|stop",battery_cr2032,flooring,10.0,1,0,1,0,0,0,0,1,1,0,1,11.00,4.08
"hood|backstop=None,clearance_mm=0.6,funnel=True,gate=True,mu_floor_scale=1.4,mu_wall_scale=1.0,retreat=30|v10|stop",battery_cr2032,mat,0.0,1,1,0,0,0,0,0,1,0,1,0,11.00,0.01
"hood|backstop=None,clearance_mm=0.6,funnel=True,gate=True,mu_floor_scale=1.4,mu_wall_scale=1.0,retreat=30|v10|stop",battery_cr2032,mat,5.0,1,1,0,0,0,0,0,1,0,1,0,11.01,5.00
"hood|backstop=None,clearance_mm=0.6,funnel=True,gate=True,mu_floor_scale=1.4,mu_wall_scale=1.0,retreat=30|v10|stop",battery_cr2032,mat,10.0,1,1,0,0,0,0,0,1,1,0,1,11.01,4.54
"hood|backstop=None,clearance_mm=0.6,funnel=True,gate=True,mu_floor_scale=1.4,mu_wall_scale=1.0,retreat=30|v10|stop",bead,flooring,0.0,1,1,0,0,0,0,0,1,0,1,0,5.01,0.00
"hood|backstop=None,clearance_mm=0.6,funnel=True,gate=True,mu_floor_scale=1.4,mu_wall_scale=1.0,retreat=30|v10|stop",bead,flooring,5.0,1,1,0,0,0,0,0,1,0,1,0,5.01,5.00
"hood|backstop=None,clearance_mm=0.6,funnel=True,gate=True,mu_floor_scale=1.4,mu_wall_scale=1.0,retreat=30|v10|stop",bead,flooring,10.0,1,1,0,0,0,0,0,1,0,1,0,5.00,10.00
"hood|backstop=None,clearance_mm=0.6,funnel=True,gate=True,mu_floor_scale=1.4,mu_wall_scale=1.0,retreat=30|v10|stop",bead,mat,0.0,1,1,0,0,0,0,0,1,0,1,0,5.01,0.00
"hood|backstop=None,clearance_mm=0.6,funnel=True,gate=True,mu_floor_scale=1.4,mu_wall_scale=1.0,retreat=30|v10|stop",bead,mat,5.0,1,1,0,0,0,0,0,1,0,1,0,5.01,5.00
"hood|backstop=None,clearance_mm=0.6,funnel=True,gate=True,mu_floor_scale=1.4,mu_wall_scale=1.0,retreat=30|v10|stop",bead,mat,10.0,1,1,0,0,0,0,0,1,0,1,0,5.00,10.00
"hood|backstop=None,clearance_mm=0.6,funnel=True,gate=True,mu_floor_scale=1.4,mu_wall_scale=1.0,retreat=30|v10|stop",coin_1yen,flooring,0.0,1,1,0,0,0,0,0,1,0,1,0,11.00,0.00
"hood|backstop=None,clearance_mm=0.6,funnel=True,gate=True,mu_floor_scale=1.4,mu_wall_scale=1.0,retreat=30|v10|stop",coin_1yen,flooring,5.0,1,1,0,0,0,0,0,1,0,1,0,11.01,5.00
"hood|backstop=None,clearance_mm=0.6,funnel=True,gate=True,mu_floor_scale=1.4,mu_wall_scale=1.0,retreat=30|v10|stop",coin_1yen,flooring,10.0,1,0,0,0,1,0,0,0,1,0,0,,
"hood|backstop=None,clearance_mm=0.6,funnel=True,gate=True,mu_floor_scale=1.4,mu_wall_scale=1.0,retreat=30|v10|stop",coin_1yen,mat,0.0,1,1,0,0,0,0,0,1,0,1,0,11.00,0.00
"hood|backstop=None,clearance_mm=0.6,funnel=True,gate=True,mu_floor_scale=1.4,mu_wall_scale=1.0,retreat=30|v10|stop",coin_1yen,mat,5.0,1,1,0,0,0,0,0,1,0,1,0,11.00,5.00
"hood|backstop=None,clearance_mm=0.6,funnel=True,gate=True,mu_floor_scale=1.4,mu_wall_scale=1.0,retreat=30|v10|stop",coin_1yen,mat,10.0,1,0,0,0,1,0,0,0,1,0,0,,
"hood|backstop=None,clearance_mm=0.6,funnel=True,gate=True,mu_floor_scale=1.4,mu_wall_scale=1.0,retreat=30|v10|stop",crumb_cube,flooring,0.0,1,1,0,0,0,0,0,1,0,1,0,8.07,0.00
"hood|backstop=None,clearance_mm=0.6,funnel=True,gate=True,mu_floor_scale=1.4,mu_wall_scale=1.0,retreat=30|v10|stop",crumb_cube,flooring,5.0,1,1,0,0,0,0,0,1,0,1,0,8.07,5.00
"hood|backstop=None,clearance_mm=0.6,funnel=True,gate=True,mu_floor_scale=1.4,mu_wall_scale=1.0,retreat=30|v10|stop",crumb_cube,flooring,10.0,1,1,0,0,0,0,0,1,1,0,1,8.08,8.82
"hood|backstop=None,clearance_mm=0.6,funnel=True,gate=True,mu_floor_scale=1.4,mu_wall_scale=1.0,retreat=30|v10|stop",crumb_cube,mat,0.0,1,1,0,0,0,0,0,1,0,1,0,8.07,0.00
"hood|backstop=None,clearance_mm=0.6,funnel=True,gate=True,mu_floor_scale=1.4,mu_wall_scale=1.0,retreat=30|v10|stop",crumb_cube,mat,5.0,1,1,0,0,0,0,0,1,0,1,0,8.07,5.00
"hood|backstop=None,clearance_mm=0.6,funnel=True,gate=True,mu_floor_scale=1.4,mu_wall_scale=1.0,retreat=30|v10|stop",crumb_cube,mat,10.0,1,1,0,0,0,0,0,1,1,0,1,8.08,8.82
"hood|backstop=None,clearance_mm=0.6,funnel=True,gate=True,mu_floor_scale=1.4,mu_wall_scale=1.4,retreat=30|v10|stop",battery_cr2032,flooring,0.0,1,1,0,0,0,0,0,1,0,1,0,11.01,0.01
"hood|backstop=None,clearance_mm=0.6,funnel=True,gate=True,mu_floor_scale=1.4,mu_wall_scale=1.4,retreat=30|v10|stop",battery_cr2032,flooring,5.0,1,1,0,0,0,0,0,1,0,1,0,11.01,5.00
"hood|backstop=None,clearance_mm=0.6,funnel=True,gate=True,mu_floor_scale=1.4,mu_wall_scale=1.4,retreat=30|v10|stop",battery_cr2032,flooring,10.0,1,0,1,0,0,0,0,1,1,0,1,11.22,3.26
"hood|backstop=None,clearance_mm=0.6,funnel=True,gate=True,mu_floor_scale=1.4,mu_wall_scale=1.4,retreat=30|v10|stop",battery_cr2032,mat,0.0,1,1,0,0,0,0,0,1,0,1,0,11.00,0.01
"hood|backstop=None,clearance_mm=0.6,funnel=True,gate=True,mu_floor_scale=1.4,mu_wall_scale=1.4,retreat=30|v10|stop",battery_cr2032,mat,5.0,1,1,0,0,0,0,0,1,0,1,0,11.01,5.00
"hood|backstop=None,clearance_mm=0.6,funnel=True,gate=True,mu_floor_scale=1.4,mu_wall_scale=1.4,retreat=30|v10|stop",battery_cr2032,mat,10.0,1,1,0,0,0,0,0,1,1,0,1,11.00,4.94
"hood|backstop=None,clearance_mm=0.6,funnel=True,gate=True,mu_floor_scale=1.4,mu_wall_scale=1.4,retreat=30|v10|stop",bead,flooring,0.0,1,1,0,0,0,0,0,1,0,1,0,5.01,0.00
"hood|backstop=None,clearance_mm=0.6,funnel=True,gate=True,mu_floor_scale=1.4,mu_wall_scale=1.4,retreat=30|v10|stop",bead,flooring,5.0,1,1,0,0,0,0,0,1,0,1,0,5.01,5.00
"hood|backstop=None,clearance_mm=0.6,funnel=True,gate=True,mu_floor_scale=1.4,mu_wall_scale=1.4,retreat=30|v10|stop",bead,flooring,10.0,1,1,0,0,0,0,0,1,0,1,0,5.00,10.00
"hood|backstop=None,clearance_mm=0.6,funnel=True,gate=True,mu_floor_scale=1.4,mu_wall_scale=1.4,retreat=30|v10|stop",bead,mat,0.0,1,1,0,0,0,0,0,1,0,1,0,5.01,0.00
"hood|backstop=None,clearance_mm=0.6,funnel=True,gate=True,mu_floor_scale=1.4,mu_wall_scale=1.4,retreat=30|v10|stop",bead,mat,5.0,1,1,0,0,0,0,0,1,0,1,0,5.01,5.00
"hood|backstop=None,clearance_mm=0.6,funnel=True,gate=True,mu_floor_scale=1.4,mu_wall_scale=1.4,retreat=30|v10|stop",bead,mat,10.0,1,1,0,0,0,0,0,1,0,1,0,5.00,10.00
"hood|backstop=None,clearance_mm=0.6,funnel=True,gate=True,mu_floor_scale=1.4,mu_wall_scale=1.4,retreat=30|v10|stop",coin_1yen,flooring,0.0,1,1,0,0,0,0,0,1,0,1,0,11.00,0.00
"hood|backstop=None,clearance_mm=0.6,funnel=True,gate=True,mu_floor_scale=1.4,mu_wall_scale=1.4,retreat=30|v10|stop",coin_1yen,flooring,5.0,1,1,0,0,0,0,0,1,0,1,0,11.01,5.00
"hood|backstop=None,clearance_mm=0.6,funnel=True,gate=True,mu_floor_scale=1.4,mu_wall_scale=1.4,retreat=30|v10|stop",coin_1yen,flooring,10.0,1,1,0,0,0,0,0,1,1,0,1,11.01,4.85
"hood|backstop=None,clearance_mm=0.6,funnel=True,gate=True,mu_floor_scale=1.4,mu_wall_scale=1.4,retreat=30|v10|stop",coin_1yen,mat,0.0,1,1,0,0,0,0,0,1,0,1,0,11.00,0.00
"hood|backstop=None,clearance_mm=0.6,funnel=True,gate=True,mu_floor_scale=1.4,mu_wall_scale=1.4,retreat=30|v10|stop",coin_1yen,mat,5.0,1,1,0,0,0,0,0,1,0,1,0,11.01,5.00
"hood|backstop=None,clearance_mm=0.6,funnel=True,gate=True,mu_floor_scale=1.4,mu_wall_scale=1.4,retreat=30|v10|stop",coin_1yen,mat,10.0,1,0,0,0,1,0,0,0,1,0,0,,
"hood|backstop=None,clearance_mm=0.6,funnel=True,gate=True,mu_floor_scale=1.4,mu_wall_scale=1.4,retreat=30|v10|stop",crumb_cube,flooring,0.0,1,1,0,0,0,0,0,1,0,1,0,8.07,0.00
"hood|backstop=None,clearance_mm=0.6,funnel=True,gate=True,mu_floor_scale=1.4,mu_wall_scale=1.4,retreat=30|v10|stop",crumb_cube,flooring,5.0,1,1,0,0,0,0,0,1,0,1,0,8.07,5.00
"hood|backstop=None,clearance_mm=0.6,funnel=True,gate=True,mu_floor_scale=1.4,mu_wall_scale=1.4,retreat=30|v10|stop",crumb_cube,flooring,10.0,1,1,0,0,0,0,0,1,1,0,1,8.07,8.82
"hood|backstop=None,clearance_mm=0.6,funnel=True,gate=True,mu_floor_scale=1.4,mu_wall_scale=1.4,retreat=30|v10|stop",crumb_cube,mat,0.0,1,1,0,0,0,0,0,1,0,1,0,8.07,0.00
"hood|backstop=None,clearance_mm=0.6,funnel=True,gate=True,mu_floor_scale=1.4,mu_wall_scale=1.4,retreat=30|v10|stop",crumb_cube,mat,5.0,1,1,0,0,0,0,0,1,0,1,0,8.07,5.00
"hood|backstop=None,clearance_mm=0.6,funnel=True,gate=True,mu_floor_scale=1.4,mu_wall_scale=1.4,retreat=30|v10|stop",crumb_cube,mat,10.0,1,1,0,0,0,0,0,1,1,0,1,8.07,8.82
"hood|backstop=None,clearance_mm=1.0,funnel=True,gate=True,mu_floor_scale=0.7,mu_wall_scale=0.7,retreat=30|v10|stop",battery_cr2032,flooring,0.0,1,1,0,0,0,0,0,1,0,1,0,11.00,0.01
"hood|backstop=None,clearance_mm=1.0,funnel=True,gate=True,mu_floor_scale=0.7,mu_wall_scale=0.7,retreat=30|v10|stop",battery_cr2032,flooring,5.0,1,1,0,0,0,0,0,1,0,1,0,11.01,5.00
"hood|backstop=None,clearance_mm=1.0,funnel=True,gate=True,mu_floor_scale=0.7,mu_wall_scale=0.7,retreat=30|v10|stop",battery_cr2032,flooring,10.0,1,1,0,0,0,0,0,1,1,0,1,11.00,4.98
"hood|backstop=None,clearance_mm=1.0,funnel=True,gate=True,mu_floor_scale=0.7,mu_wall_scale=0.7,retreat=30|v10|stop",battery_cr2032,mat,0.0,1,1,0,0,0,0,0,1,0,1,0,11.01,0.01
"hood|backstop=None,clearance_mm=1.0,funnel=True,gate=True,mu_floor_scale=0.7,mu_wall_scale=0.7,retreat=30|v10|stop",battery_cr2032,mat,5.0,1,1,0,0,0,0,0,1,0,1,0,11.01,5.00
"hood|backstop=None,clearance_mm=1.0,funnel=True,gate=True,mu_floor_scale=0.7,mu_wall_scale=0.7,retreat=30|v10|stop",battery_cr2032,mat,10.0,1,1,0,0,0,0,0,1,1,0,1,11.01,4.99
"hood|backstop=None,clearance_mm=1.0,funnel=True,gate=True,mu_floor_scale=0.7,mu_wall_scale=0.7,retreat=30|v10|stop",bead,flooring,0.0,1,1,0,0,0,0,0,1,0,1,0,5.01,0.00
"hood|backstop=None,clearance_mm=1.0,funnel=True,gate=True,mu_floor_scale=0.7,mu_wall_scale=0.7,retreat=30|v10|stop",bead,flooring,5.0,1,1,0,0,0,0,0,1,0,1,0,5.01,5.00
"hood|backstop=None,clearance_mm=1.0,funnel=True,gate=True,mu_floor_scale=0.7,mu_wall_scale=0.7,retreat=30|v10|stop",bead,flooring,10.0,1,1,0,0,0,0,0,1,0,1,0,5.00,10.00
"hood|backstop=None,clearance_mm=1.0,funnel=True,gate=True,mu_floor_scale=0.7,mu_wall_scale=0.7,retreat=30|v10|stop",bead,mat,0.0,1,1,0,0,0,0,0,1,0,1,0,5.01,0.00
"hood|backstop=None,clearance_mm=1.0,funnel=True,gate=True,mu_floor_scale=0.7,mu_wall_scale=0.7,retreat=30|v10|stop",bead,mat,5.0,1,1,0,0,0,0,0,1,0,1,0,5.01,5.00
"hood|backstop=None,clearance_mm=1.0,funnel=True,gate=True,mu_floor_scale=0.7,mu_wall_scale=0.7,retreat=30|v10|stop",bead,mat,10.0,1,1,0,0,0,0,0,1,0,1,0,5.00,10.00
"hood|backstop=None,clearance_mm=1.0,funnel=True,gate=True,mu_floor_scale=0.7,mu_wall_scale=0.7,retreat=30|v10|stop",coin_1yen,flooring,0.0,1,1,0,0,0,0,0,1,0,1,0,11.00,0.00
"hood|backstop=None,clearance_mm=1.0,funnel=True,gate=True,mu_floor_scale=0.7,mu_wall_scale=0.7,retreat=30|v10|stop",coin_1yen,flooring,5.0,1,1,0,0,0,0,0,1,0,1,0,11.01,5.00
"hood|backstop=None,clearance_mm=1.0,funnel=True,gate=True,mu_floor_scale=0.7,mu_wall_scale=0.7,retreat=30|v10|stop",coin_1yen,flooring,10.0,1,1,0,0,0,0,0,1,1,0,1,11.01,4.50
"hood|backstop=None,clearance_mm=1.0,funnel=True,gate=True,mu_floor_scale=0.7,mu_wall_scale=0.7,retreat=30|v10|stop",coin_1yen,mat,0.0,1,1,0,0,0,0,0,1,0,1,0,11.00,0.00
"hood|backstop=None,clearance_mm=1.0,funnel=True,gate=True,mu_floor_scale=0.7,mu_wall_scale=0.7,retreat=30|v10|stop",coin_1yen,mat,5.0,1,1,0,0,0,0,0,1,0,1,0,11.00,5.00
"hood|backstop=None,clearance_mm=1.0,funnel=True,gate=True,mu_floor_scale=0.7,mu_wall_scale=0.7,retreat=30|v10|stop",coin_1yen,mat,10.0,1,0,0,0,1,0,0,0,1,0,0,,
"hood|backstop=None,clearance_mm=1.0,funnel=True,gate=True,mu_floor_scale=0.7,mu_wall_scale=0.7,retreat=30|v10|stop",crumb_cube,flooring,0.0,1,1,0,0,0,0,0,1,0,1,0,8.07,0.00
"hood|backstop=None,clearance_mm=1.0,funnel=True,gate=True,mu_floor_scale=0.7,mu_wall_scale=0.7,retreat=30|v10|stop",crumb_cube,flooring,5.0,1,1,0,0,0,0,0,1,0,1,0,8.07,5.00
"hood|backstop=None,clearance_mm=1.0,funnel=True,gate=True,mu_floor_scale=0.7,mu_wall_scale=0.7,retreat=30|v10|stop",crumb_cube,flooring,10.0,1,1,0,0,0,0,0,1,1,0,1,8.08,8.76
"hood|backstop=None,clearance_mm=1.0,funnel=True,gate=True,mu_floor_scale=0.7,mu_wall_scale=0.7,retreat=30|v10|stop",crumb_cube,mat,0.0,1,1,0,0,0,0,0,1,0,1,0,8.07,0.00
"hood|backstop=None,clearance_mm=1.0,funnel=True,gate=True,mu_floor_scale=0.7,mu_wall_scale=0.7,retreat=30|v10|stop",crumb_cube,mat,5.0,1,1,0,0,0,0,0,1,0,1,0,8.07,5.00
"hood|backstop=None,clearance_mm=1.0,funnel=True,gate=True,mu_floor_scale=0.7,mu_wall_scale=0.7,retreat=30|v10|stop",crumb_cube,mat,10.0,1,1,0,0,0,0,0,1,1,0,1,8.08,8.76
"hood|backstop=None,clearance_mm=1.0,funnel=True,gate=True,mu_floor_scale=0.7,mu_wall_scale=1.0,retreat=30|v10|stop",battery_cr2032,flooring,0.0,1,1,0,0,0,0,0,1,0,1,0,11.00,0.01
"hood|backstop=None,clearance_mm=1.0,funnel=True,gate=True,mu_floor_scale=0.7,mu_wall_scale=1.0,retreat=30|v10|stop",battery_cr2032,flooring,5.0,1,1,0,0,0,0,0,1,0,1,0,11.01,5.00
"hood|backstop=None,clearance_mm=1.0,funnel=True,gate=True,mu_floor_scale=0.7,mu_wall_scale=1.0,retreat=30|v10|stop",battery_cr2032,flooring,10.0,1,1,0,0,0,0,0,1,1,0,1,11.00,4.98
"hood|backstop=None,clearance_mm=1.0,funnel=True,gate=True,mu_floor_scale=0.7,mu_wall_scale=1.0,retreat=30|v10|stop",battery_cr2032,mat,0.0,1,1,0,0,0,0,0,1,0,1,0,11.01,0.01
"hood|backstop=None,clearance_mm=1.0,funnel=True,gate=True,mu_floor_scale=0.7,mu_wall_scale=1.0,retreat=30|v10|stop",battery_cr2032,mat,5.0,1,1,0,0,0,0,0,1,0,1,0,11.01,5.00
"hood|backstop=None,clearance_mm=1.0,funnel=True,gate=True,mu_floor_scale=0.7,mu_wall_scale=1.0,retreat=30|v10|stop",battery_cr2032,mat,10.0,1,0,0,0,1,0,0,0,1,0,0,,
"hood|backstop=None,clearance_mm=1.0,funnel=True,gate=True,mu_floor_scale=0.7,mu_wall_scale=1.0,retreat=30|v10|stop",bead,flooring,0.0,1,1,0,0,0,0,0,1,0,1,0,5.01,0.00
"hood|backstop=None,clearance_mm=1.0,funnel=True,gate=True,mu_floor_scale=0.7,mu_wall_scale=1.0,retreat=30|v10|stop",bead,flooring,5.0,1,1,0,0,0,0,0,1,0,1,0,5.01,5.00
"hood|backstop=None,clearance_mm=1.0,funnel=True,gate=True,mu_floor_scale=0.7,mu_wall_scale=1.0,retreat=30|v10|stop",bead,flooring,10.0,1,1,0,0,0,0,0,1,0,1,0,5.00,10.00
"hood|backstop=None,clearance_mm=1.0,funnel=True,gate=True,mu_floor_scale=0.7,mu_wall_scale=1.0,retreat=30|v10|stop",bead,mat,0.0,1,1,0,0,0,0,0,1,0,1,0,5.01,0.00
"hood|backstop=None,clearance_mm=1.0,funnel=True,gate=True,mu_floor_scale=0.7,mu_wall_scale=1.0,retreat=30|v10|stop",bead,mat,5.0,1,1,0,0,0,0,0,1,0,1,0,5.01,5.00
"hood|backstop=None,clearance_mm=1.0,funnel=True,gate=True,mu_floor_scale=0.7,mu_wall_scale=1.0,retreat=30|v10|stop",bead,mat,10.0,1,1,0,0,0,0,0,1,0,1,0,5.00,10.00
"hood|backstop=None,clearance_mm=1.0,funnel=True,gate=True,mu_floor_scale=0.7,mu_wall_scale=1.0,retreat=30|v10|stop",coin_1yen,flooring,0.0,1,1,0,0,0,0,0,1,0,1,0,11.00,0.00
"hood|backstop=None,clearance_mm=1.0,funnel=True,gate=True,mu_floor_scale=0.7,mu_wall_scale=1.0,retreat=30|v10|stop",coin_1yen,flooring,5.0,1,1,0,0,0,0,0,1,0,1,0,11.01,5.00
"hood|backstop=None,clearance_mm=1.0,funnel=True,gate=True,mu_floor_scale=0.7,mu_wall_scale=1.0,retreat=30|v10|stop",coin_1yen,flooring,10.0,1,1,0,0,0,0,0,1,1,0,1,11.00,4.59
"hood|backstop=None,clearance_mm=1.0,funnel=True,gate=True,mu_floor_scale=0.7,mu_wall_scale=1.0,retreat=30|v10|stop",coin_1yen,mat,0.0,1,1,0,0,0,0,0,1,0,1,0,11.00,0.00
"hood|backstop=None,clearance_mm=1.0,funnel=True,gate=True,mu_floor_scale=0.7,mu_wall_scale=1.0,retreat=30|v10|stop",coin_1yen,mat,5.0,1,1,0,0,0,0,0,1,0,1,0,11.00,5.00
"hood|backstop=None,clearance_mm=1.0,funnel=True,gate=True,mu_floor_scale=0.7,mu_wall_scale=1.0,retreat=30|v10|stop",coin_1yen,mat,10.0,1,0,0,0,1,0,0,0,1,0,0,,
"hood|backstop=None,clearance_mm=1.0,funnel=True,gate=True,mu_floor_scale=0.7,mu_wall_scale=1.0,retreat=30|v10|stop",crumb_cube,flooring,0.0,1,1,0,0,0,0,0,1,0,1,0,8.07,0.00
"hood|backstop=None,clearance_mm=1.0,funnel=True,gate=True,mu_floor_scale=0.7,mu_wall_scale=1.0,retreat=30|v10|stop",crumb_cube,flooring,5.0,1,1,0,0,0,0,0,1,0,1,0,8.07,5.00
"hood|backstop=None,clearance_mm=1.0,funnel=True,gate=True,mu_floor_scale=0.7,mu_wall_scale=1.0,retreat=30|v10|stop",crumb_cube,flooring,10.0,1,1,0,0,0,0,0,1,1,0,1,8.07,8.80
"hood|backstop=None,clearance_mm=1.0,funnel=True,gate=True,mu_floor_scale=0.7,mu_wall_scale=1.0,retreat=30|v10|stop",crumb_cube,mat,0.0,1,1,0,0,0,0,0,1,0,1,0,8.07,0.00
"hood|backstop=None,clearance_mm=1.0,funnel=True,gate=True,mu_floor_scale=0.7,mu_wall_scale=1.0,retreat=30|v10|stop",crumb_cube,mat,5.0,1,1,0,0,0,0,0,1,0,1,0,8.07,5.00
"hood|backstop=None,clearance_mm=1.0,funnel=True,gate=True,mu_floor_scale=0.7,mu_wall_scale=1.0,retreat=30|v10|stop",crumb_cube,mat,10.0,1,1,0,0,0,0,0,1,1,0,1,8.07,8.80
"hood|backstop=None,clearance_mm=1.0,funnel=True,gate=True,mu_floor_scale=0.7,mu_wall_scale=1.4,retreat=30|v10|stop",battery_cr2032,flooring,0.0,1,1,0,0,0,0,0,1,0,1,0,11.00,0.01
"hood|backstop=None,clearance_mm=1.0,funnel=True,gate=True,mu_floor_scale=0.7,mu_wall_scale=1.4,retreat=30|v10|stop",battery_cr2032,flooring,5.0,1,1,0,0,0,0,0,1,0,1,0,11.01,5.00
"hood|backstop=None,clearance_mm=1.0,funnel=True,gate=True,mu_floor_scale=0.7,mu_wall_scale=1.4,retreat=30|v10|stop",battery_cr2032,flooring,10.0,1,1,0,0,0,0,0,1,1,0,1,11.01,4.97
"hood|backstop=None,clearance_mm=1.0,funnel=True,gate=True,mu_floor_scale=0.7,mu_wall_scale=1.4,retreat=30|v10|stop",battery_cr2032,mat,0.0,1,1,0,0,0,0,0,1,0,1,0,11.01,0.01
"hood|backstop=None,clearance_mm=1.0,funnel=True,gate=True,mu_floor_scale=0.7,mu_wall_scale=1.4,retreat=30|v10|stop",battery_cr2032,mat,5.0,1,1,0,0,0,0,0,1,0,1,0,11.01,5.00
"hood|backstop=None,clearance_mm=1.0,funnel=True,gate=True,mu_floor_scale=0.7,mu_wall_scale=1.4,retreat=30|v10|stop",battery_cr2032,mat,10.0,1,1,0,0,0,0,0,1,1,0,1,11.01,4.14
"hood|backstop=None,clearance_mm=1.0,funnel=True,gate=True,mu_floor_scale=0.7,mu_wall_scale=1.4,retreat=30|v10|stop",bead,flooring,0.0,1,1,0,0,0,0,0,1,0,1,0,5.01,0.00
"hood|backstop=None,clearance_mm=1.0,funnel=True,gate=True,mu_floor_scale=0.7,mu_wall_scale=1.4,retreat=30|v10|stop",bead,flooring,5.0,1,1,0,0,0,0,0,1,0,1,0,5.01,5.00
"hood|backstop=None,clearance_mm=1.0,funnel=True,gate=True,mu_floor_scale=0.7,mu_wall_scale=1.4,retreat=30|v10|stop",bead,flooring,10.0,1,1,0,0,0,0,0,1,0,1,0,5.00,10.00
"hood|backstop=None,clearance_mm=1.0,funnel=True,gate=True,mu_floor_scale=0.7,mu_wall_scale=1.4,retreat=30|v10|stop",bead,mat,0.0,1,1,0,0,0,0,0,1,0,1,0,5.01,0.00
"hood|backstop=None,clearance_mm=1.0,funnel=True,gate=True,mu_floor_scale=0.7,mu_wall_scale=1.4,retreat=30|v10|stop",bead,mat,5.0,1,1,0,0,0,0,0,1,0,1,0,5.01,5.00
"hood|backstop=None,clearance_mm=1.0,funnel=True,gate=True,mu_floor_scale=0.7,mu_wall_scale=1.4,retreat=30|v10|stop",bead,mat,10.0,1,1,0,0,0,0,0,1,0,1,0,5.00,10.00
"hood|backstop=None,clearance_mm=1.0,funnel=True,gate=True,mu_floor_scale=0.7,mu_wall_scale=1.4,retreat=30|v10|stop",coin_1yen,flooring,0.0,1,1,0,0,0,0,0,1,0,1,0,11.00,0.00
"hood|backstop=None,clearance_mm=1.0,funnel=True,gate=True,mu_floor_scale=0.7,mu_wall_scale=1.4,retreat=30|v10|stop",coin_1yen,flooring,5.0,1,1,0,0,0,0,0,1,0,1,0,11.00,5.00
"hood|backstop=None,clearance_mm=1.0,funnel=True,gate=True,mu_floor_scale=0.7,mu_wall_scale=1.4,retreat=30|v10|stop",coin_1yen,flooring,10.0,1,1,0,0,0,0,0,1,1,0,1,11.00,4.80
"hood|backstop=None,clearance_mm=1.0,funnel=True,gate=True,mu_floor_scale=0.7,mu_wall_scale=1.4,retreat=30|v10|stop",coin_1yen,mat,0.0,1,1,0,0,0,0,0,1,0,1,0,11.00,0.00
"hood|backstop=None,clearance_mm=1.0,funnel=True,gate=True,mu_floor_scale=0.7,mu_wall_scale=1.4,retreat=30|v10|stop",coin_1yen,mat,5.0,1,1,0,0,0,0,0,1,0,1,0,11.01,5.00
"hood|backstop=None,clearance_mm=1.0,funnel=True,gate=True,mu_floor_scale=0.7,mu_wall_scale=1.4,retreat=30|v10|stop",coin_1yen,mat,10.0,1,1,0,0,0,0,0,1,1,0,1,11.00,5.95
"hood|backstop=None,clearance_mm=1.0,funnel=True,gate=True,mu_floor_scale=0.7,mu_wall_scale=1.4,retreat=30|v10|stop",crumb_cube,flooring,0.0,1,1,0,0,0,0,0,1,0,1,0,8.07,0.00
"hood|backstop=None,clearance_mm=1.0,funnel=True,gate=True,mu_floor_scale=0.7,mu_wall_scale=1.4,retreat=30|v10|stop",crumb_cube,flooring,5.0,1,1,0,0,0,0,0,1,0,1,0,8.07,5.00
"hood|backstop=None,clearance_mm=1.0,funnel=True,gate=True,mu_floor_scale=0.7,mu_wall_scale=1.4,retreat=30|v10|stop",crumb_cube,flooring,10.0,1,1,0,0,0,0,0,1,1,0,1,8.07,8.85
"hood|backstop=None,clearance_mm=1.0,funnel=True,gate=True,mu_floor_scale=0.7,mu_wall_scale=1.4,retreat=30|v10|stop",crumb_cube,mat,0.0,1,1,0,0,0,0,0,1,0,1,0,8.07,0.00
"hood|backstop=None,clearance_mm=1.0,funnel=True,gate=True,mu_floor_scale=0.7,mu_wall_scale=1.4,retreat=30|v10|stop",crumb_cube,mat,5.0,1,1,0,0,0,0,0,1,0,1,0,8.07,5.00
"hood|backstop=None,clearance_mm=1.0,funnel=True,gate=True,mu_floor_scale=0.7,mu_wall_scale=1.4,retreat=30|v10|stop",crumb_cube,mat,10.0,1,1,0,0,0,0,0,1,1,0,1,8.07,8.85
"hood|backstop=None,clearance_mm=1.0,funnel=True,gate=True,mu_floor_scale=1.0,mu_wall_scale=0.7,retreat=30|v10|stop",battery_cr2032,flooring,0.0,1,1,0,0,0,0,0,1,0,1,0,11.00,0.01
"hood|backstop=None,clearance_mm=1.0,funnel=True,gate=True,mu_floor_scale=1.0,mu_wall_scale=0.7,retreat=30|v10|stop",battery_cr2032,flooring,5.0,1,1,0,0,0,0,0,1,0,1,0,11.01,5.00
"hood|backstop=None,clearance_mm=1.0,funnel=True,gate=True,mu_floor_scale=1.0,mu_wall_scale=0.7,retreat=30|v10|stop",battery_cr2032,flooring,10.0,1,0,1,0,0,0,0,1,1,0,1,11.00,3.62
"hood|backstop=None,clearance_mm=1.0,funnel=True,gate=True,mu_floor_scale=1.0,mu_wall_scale=0.7,retreat=30|v10|stop",battery_cr2032,mat,0.0,1,1,0,0,0,0,0,1,0,1,0,11.00,0.01
"hood|backstop=None,clearance_mm=1.0,funnel=True,gate=True,mu_floor_scale=1.0,mu_wall_scale=0.7,retreat=30|v10|stop",battery_cr2032,mat,5.0,1,1,0,0,0,0,0,1,0,1,0,11.01,5.00
"hood|backstop=None,clearance_mm=1.0,funnel=True,gate=True,mu_floor_scale=1.0,mu_wall_scale=0.7,retreat=30|v10|stop",battery_cr2032,mat,10.0,1,1,0,0,0,0,0,1,1,0,1,11.01,4.93
"hood|backstop=None,clearance_mm=1.0,funnel=True,gate=True,mu_floor_scale=1.0,mu_wall_scale=0.7,retreat=30|v10|stop",bead,flooring,0.0,1,1,0,0,0,0,0,1,0,1,0,5.01,0.00
"hood|backstop=None,clearance_mm=1.0,funnel=True,gate=True,mu_floor_scale=1.0,mu_wall_scale=0.7,retreat=30|v10|stop",bead,flooring,5.0,1,1,0,0,0,0,0,1,0,1,0,5.01,5.00
"hood|backstop=None,clearance_mm=1.0,funnel=True,gate=True,mu_floor_scale=1.0,mu_wall_scale=0.7,retreat=30|v10|stop",bead,flooring,10.0,1,1,0,0,0,0,0,1,0,1,0,5.00,10.00
"hood|backstop=None,clearance_mm=1.0,funnel=True,gate=True,mu_floor_scale=1.0,mu_wall_scale=0.7,retreat=30|v10|stop",bead,mat,0.0,1,1,0,0,0,0,0,1,0,1,0,5.01,0.00
"hood|backstop=None,clearance_mm=1.0,funnel=True,gate=True,mu_floor_scale=1.0,mu_wall_scale=0.7,retreat=30|v10|stop",bead,mat,5.0,1,1,0,0,0,0,0,1,0,1,0,5.01,5.00
"hood|backstop=None,clearance_mm=1.0,funnel=True,gate=True,mu_floor_scale=1.0,mu_wall_scale=0.7,retreat=30|v10|stop",bead,mat,10.0,1,1,0,0,0,0,0,1,0,1,0,5.00,10.00
"hood|backstop=None,clearance_mm=1.0,funnel=True,gate=True,mu_floor_scale=1.0,mu_wall_scale=0.7,retreat=30|v10|stop",coin_1yen,flooring,0.0,1,1,0,0,0,0,0,1,0,1,0,11.00,0.00
"hood|backstop=None,clearance_mm=1.0,funnel=True,gate=True,mu_floor_scale=1.0,mu_wall_scale=0.7,retreat=30|v10|stop",coin_1yen,flooring,5.0,1,1,0,0,0,0,0,1,0,1,0,11.01,5.00
"hood|backstop=None,clearance_mm=1.0,funnel=True,gate=True,mu_floor_scale=1.0,mu_wall_scale=0.7,retreat=30|v10|stop",coin_1yen,flooring,10.0,1,0,0,0,1,0,0,0,1,0,0,,
"hood|backstop=None,clearance_mm=1.0,funnel=True,gate=True,mu_floor_scale=1.0,mu_wall_scale=0.7,retreat=30|v10|stop",coin_1yen,mat,0.0,1,1,0,0,0,0,0,1,0,1,0,11.00,0.00
"hood|backstop=None,clearance_mm=1.0,funnel=True,gate=True,mu_floor_scale=1.0,mu_wall_scale=0.7,retreat=30|v10|stop",coin_1yen,mat,5.0,1,1,0,0,0,0,0,1,0,1,0,11.01,5.00
"hood|backstop=None,clearance_mm=1.0,funnel=True,gate=True,mu_floor_scale=1.0,mu_wall_scale=0.7,retreat=30|v10|stop",coin_1yen,mat,10.0,1,0,0,0,1,0,0,0,1,0,0,,
"hood|backstop=None,clearance_mm=1.0,funnel=True,gate=True,mu_floor_scale=1.0,mu_wall_scale=0.7,retreat=30|v10|stop",crumb_cube,flooring,0.0,1,1,0,0,0,0,0,1,0,1,0,8.07,0.00
"hood|backstop=None,clearance_mm=1.0,funnel=True,gate=True,mu_floor_scale=1.0,mu_wall_scale=0.7,retreat=30|v10|stop",crumb_cube,flooring,5.0,1,1,0,0,0,0,0,1,0,1,0,8.07,5.00
"hood|backstop=None,clearance_mm=1.0,funnel=True,gate=True,mu_floor_scale=1.0,mu_wall_scale=0.7,retreat=30|v10|stop",crumb_cube,flooring,10.0,1,1,0,0,0,0,0,1,1,0,1,8.08,8.81
"hood|backstop=None,clearance_mm=1.0,funnel=True,gate=True,mu_floor_scale=1.0,mu_wall_scale=0.7,retreat=30|v10|stop",crumb_cube,mat,0.0,1,1,0,0,0,0,0,1,0,1,0,8.07,0.00
"hood|backstop=None,clearance_mm=1.0,funnel=True,gate=True,mu_floor_scale=1.0,mu_wall_scale=0.7,retreat=30|v10|stop",crumb_cube,mat,5.0,1,1,0,0,0,0,0,1,0,1,0,8.07,5.00
"hood|backstop=None,clearance_mm=1.0,funnel=True,gate=True,mu_floor_scale=1.0,mu_wall_scale=0.7,retreat=30|v10|stop",crumb_cube,mat,10.0,1,1,0,0,0,0,0,1,1,0,1,8.08,8.81
"hood|backstop=None,clearance_mm=1.0,funnel=True,gate=True,mu_floor_scale=1.0,mu_wall_scale=1.0,retreat=30|v10|stop",battery_cr2032,flooring,0.0,1,1,0,0,0,0,0,1,0,1,0,11.00,0.01
"hood|backstop=None,clearance_mm=1.0,funnel=True,gate=True,mu_floor_scale=1.0,mu_wall_scale=1.0,retreat=30|v10|stop",battery_cr2032,flooring,5.0,1,1,0,0,0,0,0,1,0,1,0,11.01,5.00
"hood|backstop=None,clearance_mm=1.0,funnel=True,gate=True,mu_floor_scale=1.0,mu_wall_scale=1.0,retreat=30|v10|stop",battery_cr2032,flooring,10.0,1,1,0,0,0,0,0,1,1,0,1,11.01,5.00
"hood|backstop=None,clearance_mm=1.0,funnel=True,gate=True,mu_floor_scale=1.0,mu_wall_scale=1.0,retreat=30|v10|stop",battery_cr2032,mat,0.0,1,1,0,0,0,0,0,1,0,1,0,11.00,0.01
"hood|backstop=None,clearance_mm=1.0,funnel=True,gate=True,mu_floor_scale=1.0,mu_wall_scale=1.0,retreat=30|v10|stop",battery_cr2032,mat,5.0,1,1,0,0,0,0,0,1,0,1,0,11.01,5.00
"hood|backstop=None,clearance_mm=1.0,funnel=True,gate=True,mu_floor_scale=1.0,mu_wall_scale=1.0,retreat=30|v10|stop",battery_cr2032,mat,10.0,1,1,0,0,0,0,0,1,1,0,1,11.01,4.91
"hood|backstop=None,clearance_mm=1.0,funnel=True,gate=True,mu_floor_scale=1.0,mu_wall_scale=1.0,retreat=30|v10|stop",bead,flooring,0.0,1,1,0,0,0,0,0,1,0,1,0,5.01,0.00
"hood|backstop=None,clearance_mm=1.0,funnel=True,gate=True,mu_floor_scale=1.0,mu_wall_scale=1.0,retreat=30|v10|stop",bead,flooring,5.0,1,1,0,0,0,0,0,1,0,1,0,5.01,5.00
"hood|backstop=None,clearance_mm=1.0,funnel=True,gate=True,mu_floor_scale=1.0,mu_wall_scale=1.0,retreat=30|v10|stop",bead,flooring,10.0,1,1,0,0,0,0,0,1,0,1,0,5.00,10.00
"hood|backstop=None,clearance_mm=1.0,funnel=True,gate=True,mu_floor_scale=1.0,mu_wall_scale=1.0,retreat=30|v10|stop",bead,mat,0.0,1,1,0,0,0,0,0,1,0,1,0,5.01,0.00
"hood|backstop=None,clearance_mm=1.0,funnel=True,gate=True,mu_floor_scale=1.0,mu_wall_scale=1.0,retreat=30|v10|stop",bead,mat,5.0,1,1,0,0,0,0,0,1,0,1,0,5.01,5.00
"hood|backstop=None,clearance_mm=1.0,funnel=True,gate=True,mu_floor_scale=1.0,mu_wall_scale=1.0,retreat=30|v10|stop",bead,mat,10.0,1,1,0,0,0,0,0,1,0,1,0,5.00,10.00
"hood|backstop=None,clearance_mm=1.0,funnel=True,gate=True,mu_floor_scale=1.0,mu_wall_scale=1.0,retreat=30|v10|stop",coin_1yen,flooring,0.0,1,1,0,0,0,0,0,1,0,1,0,11.00,0.00
"hood|backstop=None,clearance_mm=1.0,funnel=True,gate=True,mu_floor_scale=1.0,mu_wall_scale=1.0,retreat=30|v10|stop",coin_1yen,flooring,5.0,1,1,0,0,0,0,0,1,0,1,0,11.01,5.00
"hood|backstop=None,clearance_mm=1.0,funnel=True,gate=True,mu_floor_scale=1.0,mu_wall_scale=1.0,retreat=30|v10|stop",coin_1yen,flooring,10.0,1,1,0,0,0,0,0,1,1,0,1,11.00,5.00
"hood|backstop=None,clearance_mm=1.0,funnel=True,gate=True,mu_floor_scale=1.0,mu_wall_scale=1.0,retreat=30|v10|stop",coin_1yen,mat,0.0,1,1,0,0,0,0,0,1,0,1,0,11.00,0.00
"hood|backstop=None,clearance_mm=1.0,funnel=True,gate=True,mu_floor_scale=1.0,mu_wall_scale=1.0,retreat=30|v10|stop",coin_1yen,mat,5.0,1,1,0,0,0,0,0,1,0,1,0,11.00,5.00
"hood|backstop=None,clearance_mm=1.0,funnel=True,gate=True,mu_floor_scale=1.0,mu_wall_scale=1.0,retreat=30|v10|stop",coin_1yen,mat,10.0,1,1,0,0,0,0,0,1,1,0,1,11.00,5.99
"hood|backstop=None,clearance_mm=1.0,funnel=True,gate=True,mu_floor_scale=1.0,mu_wall_scale=1.0,retreat=30|v10|stop",crumb_cube,flooring,0.0,1,1,0,0,0,0,0,1,0,1,0,8.07,0.00
"hood|backstop=None,clearance_mm=1.0,funnel=True,gate=True,mu_floor_scale=1.0,mu_wall_scale=1.0,retreat=30|v10|stop",crumb_cube,flooring,5.0,1,1,0,0,0,0,0,1,0,1,0,8.07,5.00
"hood|backstop=None,clearance_mm=1.0,funnel=True,gate=True,mu_floor_scale=1.0,mu_wall_scale=1.0,retreat=30|v10|stop",crumb_cube,flooring,10.0,1,1,0,0,0,0,0,1,1,0,1,8.08,8.83
"hood|backstop=None,clearance_mm=1.0,funnel=True,gate=True,mu_floor_scale=1.0,mu_wall_scale=1.0,retreat=30|v10|stop",crumb_cube,mat,0.0,1,1,0,0,0,0,0,1,0,1,0,8.07,0.00
"hood|backstop=None,clearance_mm=1.0,funnel=True,gate=True,mu_floor_scale=1.0,mu_wall_scale=1.0,retreat=30|v10|stop",crumb_cube,mat,5.0,1,1,0,0,0,0,0,1,0,1,0,8.07,5.00
"hood|backstop=None,clearance_mm=1.0,funnel=True,gate=True,mu_floor_scale=1.0,mu_wall_scale=1.0,retreat=30|v10|stop",crumb_cube,mat,10.0,1,1,0,0,0,0,0,1,1,0,1,8.08,8.83
"hood|backstop=None,clearance_mm=1.0,funnel=True,gate=True,mu_floor_scale=1.0,mu_wall_scale=1.4,retreat=30|v10|stop",battery_cr2032,flooring,0.0,1,1,0,0,0,0,0,1,0,1,0,11.00,0.01
"hood|backstop=None,clearance_mm=1.0,funnel=True,gate=True,mu_floor_scale=1.0,mu_wall_scale=1.4,retreat=30|v10|stop",battery_cr2032,flooring,5.0,1,1,0,0,0,0,0,1,0,1,0,11.01,5.00
"hood|backstop=None,clearance_mm=1.0,funnel=True,gate=True,mu_floor_scale=1.0,mu_wall_scale=1.4,retreat=30|v10|stop",battery_cr2032,flooring,10.0,1,1,0,0,0,0,0,1,1,0,1,11.01,4.95
"hood|backstop=None,clearance_mm=1.0,funnel=True,gate=True,mu_floor_scale=1.0,mu_wall_scale=1.4,retreat=30|v10|stop",battery_cr2032,mat,0.0,1,1,0,0,0,0,0,1,0,1,0,11.00,0.01
"hood|backstop=None,clearance_mm=1.0,funnel=True,gate=True,mu_floor_scale=1.0,mu_wall_scale=1.4,retreat=30|v10|stop",battery_cr2032,mat,5.0,1,1,0,0,0,0,0,1,0,1,0,11.01,5.00
"hood|backstop=None,clearance_mm=1.0,funnel=True,gate=True,mu_floor_scale=1.0,mu_wall_scale=1.4,retreat=30|v10|stop",battery_cr2032,mat,10.0,1,1,0,0,0,0,0,1,1,0,1,11.01,4.92
"hood|backstop=None,clearance_mm=1.0,funnel=True,gate=True,mu_floor_scale=1.0,mu_wall_scale=1.4,retreat=30|v10|stop",bead,flooring,0.0,1,1,0,0,0,0,0,1,0,1,0,5.01,0.00
"hood|backstop=None,clearance_mm=1.0,funnel=True,gate=True,mu_floor_scale=1.0,mu_wall_scale=1.4,retreat=30|v10|stop",bead,flooring,5.0,1,1,0,0,0,0,0,1,0,1,0,5.01,5.00
"hood|backstop=None,clearance_mm=1.0,funnel=True,gate=True,mu_floor_scale=1.0,mu_wall_scale=1.4,retreat=30|v10|stop",bead,flooring,10.0,1,1,0,0,0,0,0,1,0,1,0,5.00,10.00
"hood|backstop=None,clearance_mm=1.0,funnel=True,gate=True,mu_floor_scale=1.0,mu_wall_scale=1.4,retreat=30|v10|stop",bead,mat,0.0,1,1,0,0,0,0,0,1,0,1,0,5.01,0.00
"hood|backstop=None,clearance_mm=1.0,funnel=True,gate=True,mu_floor_scale=1.0,mu_wall_scale=1.4,retreat=30|v10|stop",bead,mat,5.0,1,1,0,0,0,0,0,1,0,1,0,5.01,5.00
"hood|backstop=None,clearance_mm=1.0,funnel=True,gate=True,mu_floor_scale=1.0,mu_wall_scale=1.4,retreat=30|v10|stop",bead,mat,10.0,1,1,0,0,0,0,0,1,0,1,0,5.00,10.00
"hood|backstop=None,clearance_mm=1.0,funnel=True,gate=True,mu_floor_scale=1.0,mu_wall_scale=1.4,retreat=30|v10|stop",coin_1yen,flooring,0.0,1,1,0,0,0,0,0,1,0,1,0,11.00,0.00
"hood|backstop=None,clearance_mm=1.0,funnel=True,gate=True,mu_floor_scale=1.0,mu_wall_scale=1.4,retreat=30|v10|stop",coin_1yen,flooring,5.0,1,1,0,0,0,0,0,1,0,1,0,11.01,5.00
"hood|backstop=None,clearance_mm=1.0,funnel=True,gate=True,mu_floor_scale=1.0,mu_wall_scale=1.4,retreat=30|v10|stop",coin_1yen,flooring,10.0,1,1,0,0,0,0,0,1,1,0,1,11.00,4.78
"hood|backstop=None,clearance_mm=1.0,funnel=True,gate=True,mu_floor_scale=1.0,mu_wall_scale=1.4,retreat=30|v10|stop",coin_1yen,mat,0.0,1,1,0,0,0,0,0,1,0,1,0,11.00,0.00
"hood|backstop=None,clearance_mm=1.0,funnel=True,gate=True,mu_floor_scale=1.0,mu_wall_scale=1.4,retreat=30|v10|stop",coin_1yen,mat,5.0,1,1,0,0,0,0,0,1,0,1,0,11.01,5.00
"hood|backstop=None,clearance_mm=1.0,funnel=True,gate=True,mu_floor_scale=1.0,mu_wall_scale=1.4,retreat=30|v10|stop",coin_1yen,mat,10.0,1,1,0,0,0,0,0,1,1,0,1,11.00,5.00
"hood|backstop=None,clearance_mm=1.0,funnel=True,gate=True,mu_floor_scale=1.0,mu_wall_scale=1.4,retreat=30|v10|stop",crumb_cube,flooring,0.0,1,1,0,0,0,0,0,1,0,1,0,8.07,0.00
"hood|backstop=None,clearance_mm=1.0,funnel=True,gate=True,mu_floor_scale=1.0,mu_wall_scale=1.4,retreat=30|v10|stop",crumb_cube,flooring,5.0,1,1,0,0,0,0,0,1,0,1,0,8.07,5.00
"hood|backstop=None,clearance_mm=1.0,funnel=True,gate=True,mu_floor_scale=1.0,mu_wall_scale=1.4,retreat=30|v10|stop",crumb_cube,flooring,10.0,1,1,0,0,0,0,0,1,1,0,1,8.08,8.92
"hood|backstop=None,clearance_mm=1.0,funnel=True,gate=True,mu_floor_scale=1.0,mu_wall_scale=1.4,retreat=30|v10|stop",crumb_cube,mat,0.0,1,1,0,0,0,0,0,1,0,1,0,8.07,0.00
"hood|backstop=None,clearance_mm=1.0,funnel=True,gate=True,mu_floor_scale=1.0,mu_wall_scale=1.4,retreat=30|v10|stop",crumb_cube,mat,5.0,1,1,0,0,0,0,0,1,0,1,0,8.07,5.00
"hood|backstop=None,clearance_mm=1.0,funnel=True,gate=True,mu_floor_scale=1.0,mu_wall_scale=1.4,retreat=30|v10|stop",crumb_cube,mat,10.0,1,1,0,0,0,0,0,1,1,0,1,8.08,8.92
"hood|backstop=None,clearance_mm=1.0,funnel=True,gate=True,mu_floor_scale=1.4,mu_wall_scale=0.7,retreat=30|v10|stop",battery_cr2032,flooring,0.0,1,1,0,0,0,0,0,1,0,1,0,11.01,0.01
"hood|backstop=None,clearance_mm=1.0,funnel=True,gate=True,mu_floor_scale=1.4,mu_wall_scale=0.7,retreat=30|v10|stop",battery_cr2032,flooring,5.0,1,1,0,0,0,0,0,1,0,1,0,11.01,5.00
"hood|backstop=None,clearance_mm=1.0,funnel=True,gate=True,mu_floor_scale=1.4,mu_wall_scale=0.7,retreat=30|v10|stop",battery_cr2032,flooring,10.0,1,1,0,0,0,0,0,1,1,0,1,11.01,4.99
"hood|backstop=None,clearance_mm=1.0,funnel=True,gate=True,mu_floor_scale=1.4,mu_wall_scale=0.7,retreat=30|v10|stop",battery_cr2032,mat,0.0,1,1,0,0,0,0,0,1,0,1,0,11.00,0.01
"hood|backstop=None,clearance_mm=1.0,funnel=True,gate=True,mu_floor_scale=1.4,mu_wall_scale=0.7,retreat=30|v10|stop",battery_cr2032,mat,5.0,1,1,0,0,0,0,0,1,0,1,0,11.01,5.00
"hood|backstop=None,clearance_mm=1.0,funnel=True,gate=True,mu_floor_scale=1.4,mu_wall_scale=0.7,retreat=30|v10|stop",battery_cr2032,mat,10.0,1,1,0,0,0,0,0,1,1,0,1,11.00,4.89
"hood|backstop=None,clearance_mm=1.0,funnel=True,gate=True,mu_floor_scale=1.4,mu_wall_scale=0.7,retreat=30|v10|stop",bead,flooring,0.0,1,1,0,0,0,0,0,1,0,1,0,5.01,0.00
"hood|backstop=None,clearance_mm=1.0,funnel=True,gate=True,mu_floor_scale=1.4,mu_wall_scale=0.7,retreat=30|v10|stop",bead,flooring,5.0,1,1,0,0,0,0,0,1,0,1,0,5.01,5.00
"hood|backstop=None,clearance_mm=1.0,funnel=True,gate=True,mu_floor_scale=1.4,mu_wall_scale=0.7,retreat=30|v10|stop",bead,flooring,10.0,1,1,0,0,0,0,0,1,0,1,0,5.00,10.00
"hood|backstop=None,clearance_mm=1.0,funnel=True,gate=True,mu_floor_scale=1.4,mu_wall_scale=0.7,retreat=30|v10|stop",bead,mat,0.0,1,1,0,0,0,0,0,1,0,1,0,5.01,0.00
"hood|backstop=None,clearance_mm=1.0,funnel=True,gate=True,mu_floor_scale=1.4,mu_wall_scale=0.7,retreat=30|v10|stop",bead,mat,5.0,1,1,0,0,0,0,0,1,0,1,0,5.01,5.00
"hood|backstop=None,clearance_mm=1.0,funnel=True,gate=True,mu_floor_scale=1.4,mu_wall_scale=0.7,retreat=30|v10|stop",bead,mat,10.0,1,1,0,0,0,0,0,1,0,1,0,5.00,10.00
"hood|backstop=None,clearance_mm=1.0,funnel=True,gate=True,mu_floor_scale=1.4,mu_wall_scale=0.7,retreat=30|v10|stop",coin_1yen,flooring,0.0,1,1,0,0,0,0,0,1,0,1,0,11.00,0.00
"hood|backstop=None,clearance_mm=1.0,funnel=True,gate=True,mu_floor_scale=1.4,mu_wall_scale=0.7,retreat=30|v10|stop",coin_1yen,flooring,5.0,1,1,0,0,0,0,0,1,0,1,0,11.00,5.00
"hood|backstop=None,clearance_mm=1.0,funnel=True,gate=True,mu_floor_scale=1.4,mu_wall_scale=0.7,retreat=30|v10|stop",coin_1yen,flooring,10.0,1,0,0,0,1,0,0,0,1,0,0,,
"hood|backstop=None,clearance_mm=1.0,funnel=True,gate=True,mu_floor_scale=1.4,mu_wall_scale=0.7,retreat=30|v10|stop",coin_1yen,mat,0.0,1,1,0,0,0,0,0,1,0,1,0,11.00,0.00
"hood|backstop=None,clearance_mm=1.0,funnel=True,gate=True,mu_floor_scale=1.4,mu_wall_scale=0.7,retreat=30|v10|stop",coin_1yen,mat,5.0,1,1,0,0,0,0,0,1,0,1,0,11.01,5.00
"hood|backstop=None,clearance_mm=1.0,funnel=True,gate=True,mu_floor_scale=1.4,mu_wall_scale=0.7,retreat=30|v10|stop",coin_1yen,mat,10.0,1,0,0,0,1,0,0,0,1,0,0,,
"hood|backstop=None,clearance_mm=1.0,funnel=True,gate=True,mu_floor_scale=1.4,mu_wall_scale=0.7,retreat=30|v10|stop",crumb_cube,flooring,0.0,1,1,0,0,0,0,0,1,0,1,0,8.07,0.00
"hood|backstop=None,clearance_mm=1.0,funnel=True,gate=True,mu_floor_scale=1.4,mu_wall_scale=0.7,retreat=30|v10|stop",crumb_cube,flooring,5.0,1,1,0,0,0,0,0,1,0,1,0,8.07,5.00
"hood|backstop=None,clearance_mm=1.0,funnel=True,gate=True,mu_floor_scale=1.4,mu_wall_scale=0.7,retreat=30|v10|stop",crumb_cube,flooring,10.0,1,1,0,0,0,0,0,1,1,0,1,8.07,8.83
"hood|backstop=None,clearance_mm=1.0,funnel=True,gate=True,mu_floor_scale=1.4,mu_wall_scale=0.7,retreat=30|v10|stop",crumb_cube,mat,0.0,1,1,0,0,0,0,0,1,0,1,0,8.07,0.00
"hood|backstop=None,clearance_mm=1.0,funnel=True,gate=True,mu_floor_scale=1.4,mu_wall_scale=0.7,retreat=30|v10|stop",crumb_cube,mat,5.0,1,1,0,0,0,0,0,1,0,1,0,8.07,5.00
"hood|backstop=None,clearance_mm=1.0,funnel=True,gate=True,mu_floor_scale=1.4,mu_wall_scale=0.7,retreat=30|v10|stop",crumb_cube,mat,10.0,1,1,0,0,0,0,0,1,1,0,1,8.07,8.83
"hood|backstop=None,clearance_mm=1.0,funnel=True,gate=True,mu_floor_scale=1.4,mu_wall_scale=1.0,retreat=30|v10|stop",battery_cr2032,flooring,0.0,1,1,0,0,0,0,0,1,0,1,0,11.01,0.01
"hood|backstop=None,clearance_mm=1.0,funnel=True,gate=True,mu_floor_scale=1.4,mu_wall_scale=1.0,retreat=30|v10|stop",battery_cr2032,flooring,5.0,1,1,0,0,0,0,0,1,0,1,0,11.01,5.00
"hood|backstop=None,clearance_mm=1.0,funnel=True,gate=True,mu_floor_scale=1.4,mu_wall_scale=1.0,retreat=30|v10|stop",battery_cr2032,flooring,10.0,1,0,0,0,1,0,0,0,1,0,0,,
"hood|backstop=None,clearance_mm=1.0,funnel=True,gate=True,mu_floor_scale=1.4,mu_wall_scale=1.0,retreat=30|v10|stop",battery_cr2032,mat,0.0,1,1,0,0,0,0,0,1,0,1,0,11.00,0.01
"hood|backstop=None,clearance_mm=1.0,funnel=True,gate=True,mu_floor_scale=1.4,mu_wall_scale=1.0,retreat=30|v10|stop",battery_cr2032,mat,5.0,1,1,0,0,0,0,0,1,0,1,0,11.01,5.00
"hood|backstop=None,clearance_mm=1.0,funnel=True,gate=True,mu_floor_scale=1.4,mu_wall_scale=1.0,retreat=30|v10|stop",battery_cr2032,mat,10.0,1,1,0,0,0,0,0,1,1,0,1,11.01,4.79
"hood|backstop=None,clearance_mm=1.0,funnel=True,gate=True,mu_floor_scale=1.4,mu_wall_scale=1.0,retreat=30|v10|stop",bead,flooring,0.0,1,1,0,0,0,0,0,1,0,1,0,5.01,0.00
"hood|backstop=None,clearance_mm=1.0,funnel=True,gate=True,mu_floor_scale=1.4,mu_wall_scale=1.0,retreat=30|v10|stop",bead,flooring,5.0,1,1,0,0,0,0,0,1,0,1,0,5.01,5.00
"hood|backstop=None,clearance_mm=1.0,funnel=True,gate=True,mu_floor_scale=1.4,mu_wall_scale=1.0,retreat=30|v10|stop",bead,flooring,10.0,1,1,0,0,0,0,0,1,0,1,0,5.00,10.00
"hood|backstop=None,clearance_mm=1.0,funnel=True,gate=True,mu_floor_scale=1.4,mu_wall_scale=1.0,retreat=30|v10|stop",bead,mat,0.0,1,1,0,0,0,0,0,1,0,1,0,5.01,0.00
"hood|backstop=None,clearance_mm=1.0,funnel=True,gate=True,mu_floor_scale=1.4,mu_wall_scale=1.0,retreat=30|v10|stop",bead,mat,5.0,1,1,0,0,0,0,0,1,0,1,0,5.01,5.00
"hood|backstop=None,clearance_mm=1.0,funnel=True,gate=True,mu_floor_scale=1.4,mu_wall_scale=1.0,retreat=30|v10|stop",bead,mat,10.0,1,1,0,0,0,0,0,1,0,1,0,5.00,10.00
"hood|backstop=None,clearance_mm=1.0,funnel=True,gate=True,mu_floor_scale=1.4,mu_wall_scale=1.0,retreat=30|v10|stop",coin_1yen,flooring,0.0,1,1,0,0,0,0,0,1,0,1,0,11.00,0.00
"hood|backstop=None,clearance_mm=1.0,funnel=True,gate=True,mu_floor_scale=1.4,mu_wall_scale=1.0,retreat=30|v10|stop",coin_1yen,flooring,5.0,1,1,0,0,0,0,0,1,0,1,0,11.00,5.00
"hood|backstop=None,clearance_mm=1.0,funnel=True,gate=True,mu_floor_scale=1.4,mu_wall_scale=1.0,retreat=30|v10|stop",coin_1yen,flooring,10.0,1,0,0,0,1,0,0,0,1,0,0,,
"hood|backstop=None,clearance_mm=1.0,funnel=True,gate=True,mu_floor_scale=1.4,mu_wall_scale=1.0,retreat=30|v10|stop",coin_1yen,mat,0.0,1,1,0,0,0,0,0,1,0,1,0,11.00,0.00
"hood|backstop=None,clearance_mm=1.0,funnel=True,gate=True,mu_floor_scale=1.4,mu_wall_scale=1.0,retreat=30|v10|stop",coin_1yen,mat,5.0,1,1,0,0,0,0,0,1,0,1,0,11.00,5.00
"hood|backstop=None,clearance_mm=1.0,funnel=True,gate=True,mu_floor_scale=1.4,mu_wall_scale=1.0,retreat=30|v10|stop",coin_1yen,mat,10.0,1,1,0,0,0,0,0,1,1,0,1,11.00,6.01
"hood|backstop=None,clearance_mm=1.0,funnel=True,gate=True,mu_floor_scale=1.4,mu_wall_scale=1.0,retreat=30|v10|stop",crumb_cube,flooring,0.0,1,1,0,0,0,0,0,1,0,1,0,8.07,0.00
"hood|backstop=None,clearance_mm=1.0,funnel=True,gate=True,mu_floor_scale=1.4,mu_wall_scale=1.0,retreat=30|v10|stop",crumb_cube,flooring,5.0,1,1,0,0,0,0,0,1,0,1,0,8.07,5.00
"hood|backstop=None,clearance_mm=1.0,funnel=True,gate=True,mu_floor_scale=1.4,mu_wall_scale=1.0,retreat=30|v10|stop",crumb_cube,flooring,10.0,1,1,0,0,0,0,0,1,1,0,1,8.08,8.85
"hood|backstop=None,clearance_mm=1.0,funnel=True,gate=True,mu_floor_scale=1.4,mu_wall_scale=1.0,retreat=30|v10|stop",crumb_cube,mat,0.0,1,1,0,0,0,0,0,1,0,1,0,8.07,0.00
"hood|backstop=None,clearance_mm=1.0,funnel=True,gate=True,mu_floor_scale=1.4,mu_wall_scale=1.0,retreat=30|v10|stop",crumb_cube,mat,5.0,1,1,0,0,0,0,0,1,0,1,0,8.07,5.00
"hood|backstop=None,clearance_mm=1.0,funnel=True,gate=True,mu_floor_scale=1.4,mu_wall_scale=1.0,retreat=30|v10|stop",crumb_cube,mat,10.0,1,1,0,0,0,0,0,1,1,0,1,8.08,8.85
"hood|backstop=None,clearance_mm=1.0,funnel=True,gate=True,mu_floor_scale=1.4,mu_wall_scale=1.4,retreat=30|v10|stop",battery_cr2032,flooring,0.0,1,1,0,0,0,0,0,1,0,1,0,11.01,0.01
"hood|backstop=None,clearance_mm=1.0,funnel=True,gate=True,mu_floor_scale=1.4,mu_wall_scale=1.4,retreat=30|v10|stop",battery_cr2032,flooring,5.0,1,1,0,0,0,0,0,1,0,1,0,11.01,5.00
"hood|backstop=None,clearance_mm=1.0,funnel=True,gate=True,mu_floor_scale=1.4,mu_wall_scale=1.4,retreat=30|v10|stop",battery_cr2032,flooring,10.0,1,1,0,0,0,0,0,1,1,0,1,11.01,4.14
"hood|backstop=None,clearance_mm=1.0,funnel=True,gate=True,mu_floor_scale=1.4,mu_wall_scale=1.4,retreat=30|v10|stop",battery_cr2032,mat,0.0,1,1,0,0,0,0,0,1,0,1,0,11.00,0.01
"hood|backstop=None,clearance_mm=1.0,funnel=True,gate=True,mu_floor_scale=1.4,mu_wall_scale=1.4,retreat=30|v10|stop",battery_cr2032,mat,5.0,1,1,0,0,0,0,0,1,0,1,0,11.01,5.00
"hood|backstop=None,clearance_mm=1.0,funnel=True,gate=True,mu_floor_scale=1.4,mu_wall_scale=1.4,retreat=30|v10|stop",battery_cr2032,mat,10.0,1,0,1,0,0,0,0,1,1,0,1,11.03,2.24
"hood|backstop=None,clearance_mm=1.0,funnel=True,gate=True,mu_floor_scale=1.4,mu_wall_scale=1.4,retreat=30|v10|stop",bead,flooring,0.0,1,1,0,0,0,0,0,1,0,1,0,5.01,0.00
"hood|backstop=None,clearance_mm=1.0,funnel=True,gate=True,mu_floor_scale=1.4,mu_wall_scale=1.4,retreat=30|v10|stop",bead,flooring,5.0,1,1,0,0,0,0,0,1,0,1,0,5.01,5.00
"hood|backstop=None,clearance_mm=1.0,funnel=True,gate=True,mu_floor_scale=1.4,mu_wall_scale=1.4,retreat=30|v10|stop",bead,flooring,10.0,1,1,0,0,0,0,0,1,0,1,0,5.00,10.00
"hood|backstop=None,clearance_mm=1.0,funnel=True,gate=True,mu_floor_scale=1.4,mu_wall_scale=1.4,retreat=30|v10|stop",bead,mat,0.0,1,1,0,0,0,0,0,1,0,1,0,5.01,0.00
"hood|backstop=None,clearance_mm=1.0,funnel=True,gate=True,mu_floor_scale=1.4,mu_wall_scale=1.4,retreat=30|v10|stop",bead,mat,5.0,1,1,0,0,0,0,0,1,0,1,0,5.01,5.00
"hood|backstop=None,clearance_mm=1.0,funnel=True,gate=True,mu_floor_scale=1.4,mu_wall_scale=1.4,retreat=30|v10|stop",bead,mat,10.0,1,1,0,0,0,0,0,1,0,1,0,5.00,10.00
"hood|backstop=None,clearance_mm=1.0,funnel=True,gate=True,mu_floor_scale=1.4,mu_wall_scale=1.4,retreat=30|v10|stop",coin_1yen,flooring,0.0,1,1,0,0,0,0,0,1,0,1,0,11.00,0.00
"hood|backstop=None,clearance_mm=1.0,funnel=True,gate=True,mu_floor_scale=1.4,mu_wall_scale=1.4,retreat=30|v10|stop",coin_1yen,flooring,5.0,1,1,0,0,0,0,0,1,0,1,0,11.01,5.00
"hood|backstop=None,clearance_mm=1.0,funnel=True,gate=True,mu_floor_scale=1.4,mu_wall_scale=1.4,retreat=30|v10|stop",coin_1yen,flooring,10.0,1,1,0,0,0,0,0,1,1,0,1,11.00,5.95
"hood|backstop=None,clearance_mm=1.0,funnel=True,gate=True,mu_floor_scale=1.4,mu_wall_scale=1.4,retreat=30|v10|stop",coin_1yen,mat,0.0,1,1,0,0,0,0,0,1,0,1,0,11.00,0.00
"hood|backstop=None,clearance_mm=1.0,funnel=True,gate=True,mu_floor_scale=1.4,mu_wall_scale=1.4,retreat=30|v10|stop",coin_1yen,mat,5.0,1,1,0,0,0,0,0,1,0,1,0,11.01,5.00
"hood|backstop=None,clearance_mm=1.0,funnel=True,gate=True,mu_floor_scale=1.4,mu_wall_scale=1.4,retreat=30|v10|stop",coin_1yen,mat,10.0,1,1,0,0,0,0,0,1,1,0,1,11.00,4.99
"hood|backstop=None,clearance_mm=1.0,funnel=True,gate=True,mu_floor_scale=1.4,mu_wall_scale=1.4,retreat=30|v10|stop",crumb_cube,flooring,0.0,1,1,0,0,0,0,0,1,0,1,0,8.07,0.00
"hood|backstop=None,clearance_mm=1.0,funnel=True,gate=True,mu_floor_scale=1.4,mu_wall_scale=1.4,retreat=30|v10|stop",crumb_cube,flooring,5.0,1,1,0,0,0,0,0,1,0,1,0,8.07,5.00
"hood|backstop=None,clearance_mm=1.0,funnel=True,gate=True,mu_floor_scale=1.4,mu_wall_scale=1.4,retreat=30|v10|stop",crumb_cube,flooring,10.0,1,1,0,0,0,0,0,1,1,0,1,8.08,8.87
"hood|backstop=None,clearance_mm=1.0,funnel=True,gate=True,mu_floor_scale=1.4,mu_wall_scale=1.4,retreat=30|v10|stop",crumb_cube,mat,0.0,1,1,0,0,0,0,0,1,0,1,0,8.07,0.00
"hood|backstop=None,clearance_mm=1.0,funnel=True,gate=True,mu_floor_scale=1.4,mu_wall_scale=1.4,retreat=30|v10|stop",crumb_cube,mat,5.0,1,1,0,0,0,0,0,1,0,1,0,8.07,5.00
"hood|backstop=None,clearance_mm=1.0,funnel=True,gate=True,mu_floor_scale=1.4,mu_wall_scale=1.4,retreat=30|v10|stop",crumb_cube,mat,10.0,1,1,0,0,0,0,0,1,1,0,1,8.08,8.87
"hood|backstop=None,clearance_mm=1.5,funnel=True,gate=True,mu_floor_scale=0.7,mu_wall_scale=0.7,retreat=30|v10|stop",battery_cr2032,flooring,0.0,1,1,0,0,0,0,0,1,0,1,0,11.00,0.01
"hood|backstop=None,clearance_mm=1.5,funnel=True,gate=True,mu_floor_scale=0.7,mu_wall_scale=0.7,retreat=30|v10|stop",battery_cr2032,flooring,5.0,1,1,0,0,0,0,0,1,0,1,0,11.01,5.00
"hood|backstop=None,clearance_mm=1.5,funnel=True,gate=True,mu_floor_scale=0.7,mu_wall_scale=0.7,retreat=30|v10|stop",battery_cr2032,flooring,10.0,1,0,0,0,1,0,0,0,1,0,0,,
"hood|backstop=None,clearance_mm=1.5,funnel=True,gate=True,mu_floor_scale=0.7,mu_wall_scale=0.7,retreat=30|v10|stop",battery_cr2032,mat,0.0,1,1,0,0,0,0,0,1,0,1,0,11.01,0.01
"hood|backstop=None,clearance_mm=1.5,funnel=True,gate=True,mu_floor_scale=0.7,mu_wall_scale=0.7,retreat=30|v10|stop",battery_cr2032,mat,5.0,1,1,0,0,0,0,0,1,0,1,0,11.01,5.00
"hood|backstop=None,clearance_mm=1.5,funnel=True,gate=True,mu_floor_scale=0.7,mu_wall_scale=0.7,retreat=30|v10|stop",battery_cr2032,mat,10.0,1,0,0,0,1,0,0,0,1,0,0,,
"hood|backstop=None,clearance_mm=1.5,funnel=True,gate=True,mu_floor_scale=0.7,mu_wall_scale=0.7,retreat=30|v10|stop",bead,flooring,0.0,1,1,0,0,0,0,0,1,0,1,0,5.01,0.00
"hood|backstop=None,clearance_mm=1.5,funnel=True,gate=True,mu_floor_scale=0.7,mu_wall_scale=0.7,retreat=30|v10|stop",bead,flooring,5.0,1,1,0,0,0,0,0,1,0,1,0,5.01,5.00
"hood|backstop=None,clearance_mm=1.5,funnel=True,gate=True,mu_floor_scale=0.7,mu_wall_scale=0.7,retreat=30|v10|stop",bead,flooring,10.0,1,1,0,0,0,0,0,1,0,1,0,5.00,10.00
"hood|backstop=None,clearance_mm=1.5,funnel=True,gate=True,mu_floor_scale=0.7,mu_wall_scale=0.7,retreat=30|v10|stop",bead,mat,0.0,1,1,0,0,0,0,0,1,0,1,0,5.01,0.00
"hood|backstop=None,clearance_mm=1.5,funnel=True,gate=True,mu_floor_scale=0.7,mu_wall_scale=0.7,retreat=30|v10|stop",bead,mat,5.0,1,1,0,0,0,0,0,1,0,1,0,5.01,5.00
"hood|backstop=None,clearance_mm=1.5,funnel=True,gate=True,mu_floor_scale=0.7,mu_wall_scale=0.7,retreat=30|v10|stop",bead,mat,10.0,1,1,0,0,0,0,0,1,0,1,0,5.00,10.00
"hood|backstop=None,clearance_mm=1.5,funnel=True,gate=True,mu_floor_scale=0.7,mu_wall_scale=0.7,retreat=30|v10|stop",coin_1yen,flooring,0.0,1,0,0,1,0,0,0,1,0,1,0,11.00,0.00
"hood|backstop=None,clearance_mm=1.5,funnel=True,gate=True,mu_floor_scale=0.7,mu_wall_scale=0.7,retreat=30|v10|stop",coin_1yen,flooring,5.0,1,0,0,1,0,0,0,1,0,1,0,11.01,5.00
"hood|backstop=None,clearance_mm=1.5,funnel=True,gate=True,mu_floor_scale=0.7,mu_wall_scale=0.7,retreat=30|v10|stop",coin_1yen,flooring,10.0,1,0,0,1,0,0,0,1,0,1,0,11.00,10.00
"hood|backstop=None,clearance_mm=1.5,funnel=True,gate=True,mu_floor_scale=0.7,mu_wall_scale=0.7,retreat=30|v10|stop",coin_1yen,mat,0.0,1,0,0,1,0,0,0,1,0,1,0,11.00,0.00
"hood|backstop=None,clearance_mm=1.5,funnel=True,gate=True,mu_floor_scale=0.7,mu_wall_scale=0.7,retreat=30|v10|stop",coin_1yen,mat,5.0,1,0,0,1,0,0,0,1,0,1,0,11.01,5.00
"hood|backstop=None,clearance_mm=1.5,funnel=True,gate=True,mu_floor_scale=0.7,mu_wall_scale=0.7,retreat=30|v10|stop",coin_1yen,mat,10.0,1,0,0,1,0,0,0,1,0,1,0,11.00,10.00
"hood|backstop=None,clearance_mm=1.5,funnel=True,gate=True,mu_floor_scale=0.7,mu_wall_scale=0.7,retreat=30|v10|stop",crumb_cube,flooring,0.0,1,1,0,0,0,0,0,1,0,1,0,8.07,0.00
"hood|backstop=None,clearance_mm=1.5,funnel=True,gate=True,mu_floor_scale=0.7,mu_wall_scale=0.7,retreat=30|v10|stop",crumb_cube,flooring,5.0,1,1,0,0,0,0,0,1,0,1,0,8.07,5.00
"hood|backstop=None,clearance_mm=1.5,funnel=True,gate=True,mu_floor_scale=0.7,mu_wall_scale=0.7,retreat=30|v10|stop",crumb_cube,flooring,10.0,1,1,0,0,0,0,0,1,1,0,1,8.08,8.77
"hood|backstop=None,clearance_mm=1.5,funnel=True,gate=True,mu_floor_scale=0.7,mu_wall_scale=0.7,retreat=30|v10|stop",crumb_cube,mat,0.0,1,1,0,0,0,0,0,1,0,1,0,8.07,0.00
"hood|backstop=None,clearance_mm=1.5,funnel=True,gate=True,mu_floor_scale=0.7,mu_wall_scale=0.7,retreat=30|v10|stop",crumb_cube,mat,5.0,1,1,0,0,0,0,0,1,0,1,0,8.07,5.00
"hood|backstop=None,clearance_mm=1.5,funnel=True,gate=True,mu_floor_scale=0.7,mu_wall_scale=0.7,retreat=30|v10|stop",crumb_cube,mat,10.0,1,1,0,0,0,0,0,1,1,0,1,8.08,8.77
"hood|backstop=None,clearance_mm=1.5,funnel=True,gate=True,mu_floor_scale=0.7,mu_wall_scale=1.0,retreat=30|v10|stop",battery_cr2032,flooring,0.0,1,1,0,0,0,0,0,1,0,1,0,11.00,0.01
"hood|backstop=None,clearance_mm=1.5,funnel=True,gate=True,mu_floor_scale=0.7,mu_wall_scale=1.0,retreat=30|v10|stop",battery_cr2032,flooring,5.0,1,1,0,0,0,0,0,1,0,1,0,11.01,5.00
"hood|backstop=None,clearance_mm=1.5,funnel=True,gate=True,mu_floor_scale=0.7,mu_wall_scale=1.0,retreat=30|v10|stop",battery_cr2032,flooring,10.0,1,1,0,0,0,0,0,1,1,0,1,11.00,4.92
"hood|backstop=None,clearance_mm=1.5,funnel=True,gate=True,mu_floor_scale=0.7,mu_wall_scale=1.0,retreat=30|v10|stop",battery_cr2032,mat,0.0,1,1,0,0,0,0,0,1,0,1,0,11.01,0.01
"hood|backstop=None,clearance_mm=1.5,funnel=True,gate=True,mu_floor_scale=0.7,mu_wall_scale=1.0,retreat=30|v10|stop",battery_cr2032,mat,5.0,1,1,0,0,0,0,0,1,0,1,0,11.01,5.00
"hood|backstop=None,clearance_mm=1.5,funnel=True,gate=True,mu_floor_scale=0.7,mu_wall_scale=1.0,retreat=30|v10|stop",battery_cr2032,mat,10.0,1,0,0,0,1,0,0,0,1,0,0,,
"hood|backstop=None,clearance_mm=1.5,funnel=True,gate=True,mu_floor_scale=0.7,mu_wall_scale=1.0,retreat=30|v10|stop",bead,flooring,0.0,1,1,0,0,0,0,0,1,0,1,0,5.01,0.00
"hood|backstop=None,clearance_mm=1.5,funnel=True,gate=True,mu_floor_scale=0.7,mu_wall_scale=1.0,retreat=30|v10|stop",bead,flooring,5.0,1,1,0,0,0,0,0,1,0,1,0,5.01,5.00
"hood|backstop=None,clearance_mm=1.5,funnel=True,gate=True,mu_floor_scale=0.7,mu_wall_scale=1.0,retreat=30|v10|stop",bead,flooring,10.0,1,1,0,0,0,0,0,1,0,1,0,5.00,10.00
"hood|backstop=None,clearance_mm=1.5,funnel=True,gate=True,mu_floor_scale=0.7,mu_wall_scale=1.0,retreat=30|v10|stop",bead,mat,0.0,1,1,0,0,0,0,0,1,0,1,0,5.01,0.00
"hood|backstop=None,clearance_mm=1.5,funnel=True,gate=True,mu_floor_scale=0.7,mu_wall_scale=1.0,retreat=30|v10|stop",bead,mat,5.0,1,1,0,0,0,0,0,1,0,1,0,5.01,5.00
"hood|backstop=None,clearance_mm=1.5,funnel=True,gate=True,mu_floor_scale=0.7,mu_wall_scale=1.0,retreat=30|v10|stop",bead,mat,10.0,1,1,0,0,0,0,0,1,0,1,0,5.00,10.00
"hood|backstop=None,clearance_mm=1.5,funnel=True,gate=True,mu_floor_scale=0.7,mu_wall_scale=1.0,retreat=30|v10|stop",coin_1yen,flooring,0.0,1,1,0,0,0,0,0,1,0,1,0,11.00,0.00
"hood|backstop=None,clearance_mm=1.5,funnel=True,gate=True,mu_floor_scale=0.7,mu_wall_scale=1.0,retreat=30|v10|stop",coin_1yen,flooring,5.0,1,0,0,1,0,0,0,1,0,1,0,11.01,5.00
"hood|backstop=None,clearance_mm=1.5,funnel=True,gate=True,mu_floor_scale=0.7,mu_wall_scale=1.0,retreat=30|v10|stop",coin_1yen,flooring,10.0,1,1,0,0,0,0,0,1,0,1,0,11.00,10.00
"hood|backstop=None,clearance_mm=1.5,funnel=True,gate=True,mu_floor_scale=0.7,mu_wall_scale=1.0,retreat=30|v10|stop",coin_1yen,mat,0.0,1,0,0,1,0,0,0,1,0,1,0,11.00,0.00
"hood|backstop=None,clearance_mm=1.5,funnel=True,gate=True,mu_floor_scale=0.7,mu_wall_scale=1.0,retreat=30|v10|stop",coin_1yen,mat,5.0,1,0,0,1,0,0,0,1,0,1,0,11.01,5.00
"hood|backstop=None,clearance_mm=1.5,funnel=True,gate=True,mu_floor_scale=0.7,mu_wall_scale=1.0,retreat=30|v10|stop",coin_1yen,mat,10.0,1,0,0,1,0,0,0,1,1,0,1,11.00,10.00
"hood|backstop=None,clearance_mm=1.5,funnel=True,gate=True,mu_floor_scale=0.7,mu_wall_scale=1.0,retreat=30|v10|stop",crumb_cube,flooring,0.0,1,1,0,0,0,0,0,1,0,1,0,8.07,0.00
"hood|backstop=None,clearance_mm=1.5,funnel=True,gate=True,mu_floor_scale=0.7,mu_wall_scale=1.0,retreat=30|v10|stop",crumb_cube,flooring,5.0,1,1,0,0,0,0,0,1,0,1,0,8.07,5.00
"hood|backstop=None,clearance_mm=1.5,funnel=True,gate=True,mu_floor_scale=0.7,mu_wall_scale=1.0,retreat=30|v10|stop",crumb_cube,flooring,10.0,1,1,0,0,0,0,0,1,1,0,1,8.07,8.81
"hood|backstop=None,clearance_mm=1.5,funnel=True,gate=True,mu_floor_scale=0.7,mu_wall_scale=1.0,retreat=30|v10|stop",crumb_cube,mat,0.0,1,1,0,0,0,0,0,1,0,1,0,8.07,0.00
"hood|backstop=None,clearance_mm=1.5,funnel=True,gate=True,mu_floor_scale=0.7,mu_wall_scale=1.0,retreat=30|v10|stop",crumb_cube,mat,5.0,1,1,0,0,0,0,0,1,0,1,0,8.07,5.00
"hood|backstop=None,clearance_mm=1.5,funnel=True,gate=True,mu_floor_scale=0.7,mu_wall_scale=1.0,retreat=30|v10|stop",crumb_cube,mat,10.0,1,1,0,0,0,0,0,1,1,0,1,8.07,8.81
"hood|backstop=None,clearance_mm=1.5,funnel=True,gate=True,mu_floor_scale=0.7,mu_wall_scale=1.4,retreat=30|v10|stop",battery_cr2032,flooring,0.0,1,1,0,0,0,0,0,1,0,1,0,11.00,0.01
"hood|backstop=None,clearance_mm=1.5,funnel=True,gate=True,mu_floor_scale=0.7,mu_wall_scale=1.4,retreat=30|v10|stop",battery_cr2032,flooring,5.0,1,1,0,0,0,0,0,1,0,1,0,11.01,5.00
"hood|backstop=None,clearance_mm=1.5,funnel=True,gate=True,mu_floor_scale=0.7,mu_wall_scale=1.4,retreat=30|v10|stop",battery_cr2032,flooring,10.0,1,0,0,0,1,0,0,0,1,0,0,,
"hood|backstop=None,clearance_mm=1.5,funnel=True,gate=True,mu_floor_scale=0.7,mu_wall_scale=1.4,retreat=30|v10|stop",battery_cr2032,mat,0.0,1,1,0,0,0,0,0,1,0,1,0,11.01,0.01
"hood|backstop=None,clearance_mm=1.5,funnel=True,gate=True,mu_floor_scale=0.7,mu_wall_scale=1.4,retreat=30|v10|stop",battery_cr2032,mat,5.0,1,1,0,0,0,0,0,1,0,1,0,11.01,5.00
"hood|backstop=None,clearance_mm=1.5,funnel=True,gate=True,mu_floor_scale=0.7,mu_wall_scale=1.4,retreat=30|v10|stop",battery_cr2032,mat,10.0,1,0,0,0,1,0,0,0,1,0,0,,
"hood|backstop=None,clearance_mm=1.5,funnel=True,gate=True,mu_floor_scale=0.7,mu_wall_scale=1.4,retreat=30|v10|stop",bead,flooring,0.0,1,1,0,0,0,0,0,1,0,1,0,5.01,0.00
"hood|backstop=None,clearance_mm=1.5,funnel=True,gate=True,mu_floor_scale=0.7,mu_wall_scale=1.4,retreat=30|v10|stop",bead,flooring,5.0,1,1,0,0,0,0,0,1,0,1,0,5.01,5.00
"hood|backstop=None,clearance_mm=1.5,funnel=True,gate=True,mu_floor_scale=0.7,mu_wall_scale=1.4,retreat=30|v10|stop",bead,flooring,10.0,1,1,0,0,0,0,0,1,0,1,0,5.00,10.00
"hood|backstop=None,clearance_mm=1.5,funnel=True,gate=True,mu_floor_scale=0.7,mu_wall_scale=1.4,retreat=30|v10|stop",bead,mat,0.0,1,1,0,0,0,0,0,1,0,1,0,5.01,0.00
"hood|backstop=None,clearance_mm=1.5,funnel=True,gate=True,mu_floor_scale=0.7,mu_wall_scale=1.4,retreat=30|v10|stop",bead,mat,5.0,1,1,0,0,0,0,0,1,0,1,0,5.01,5.00
"hood|backstop=None,clearance_mm=1.5,funnel=True,gate=True,mu_floor_scale=0.7,mu_wall_scale=1.4,retreat=30|v10|stop",bead,mat,10.0,1,1,0,0,0,0,0,1,0,1,0,5.00,10.00
"hood|backstop=None,clearance_mm=1.5,funnel=True,gate=True,mu_floor_scale=0.7,mu_wall_scale=1.4,retreat=30|v10|stop",coin_1yen,flooring,0.0,1,1,0,0,0,0,0,1,0,1,0,11.00,0.00
"hood|backstop=None,clearance_mm=1.5,funnel=True,gate=True,mu_floor_scale=0.7,mu_wall_scale=1.4,retreat=30|v10|stop",coin_1yen,flooring,5.0,1,1,0,0,0,0,0,1,0,1,0,11.01,5.00
"hood|backstop=None,clearance_mm=1.5,funnel=True,gate=True,mu_floor_scale=0.7,mu_wall_scale=1.4,retreat=30|v10|stop",coin_1yen,flooring,10.0,1,1,0,0,0,0,0,1,0,1,0,11.00,10.00
"hood|backstop=None,clearance_mm=1.5,funnel=True,gate=True,mu_floor_scale=0.7,mu_wall_scale=1.4,retreat=30|v10|stop",coin_1yen,mat,0.0,1,0,0,1,0,0,0,1,0,1,0,11.00,0.00
"hood|backstop=None,clearance_mm=1.5,funnel=True,gate=True,mu_floor_scale=0.7,mu_wall_scale=1.4,retreat=30|v10|stop",coin_1yen,mat,5.0,1,0,0,1,0,0,0,1,0,1,0,11.01,5.00
"hood|backstop=None,clearance_mm=1.5,funnel=True,gate=True,mu_floor_scale=0.7,mu_wall_scale=1.4,retreat=30|v10|stop",coin_1yen,mat,10.0,1,0,0,1,0,0,0,1,1,0,1,11.00,10.00
"hood|backstop=None,clearance_mm=1.5,funnel=True,gate=True,mu_floor_scale=0.7,mu_wall_scale=1.4,retreat=30|v10|stop",crumb_cube,flooring,0.0,1,1,0,0,0,0,0,1,0,1,0,8.07,0.00
"hood|backstop=None,clearance_mm=1.5,funnel=True,gate=True,mu_floor_scale=0.7,mu_wall_scale=1.4,retreat=30|v10|stop",crumb_cube,flooring,5.0,1,1,0,0,0,0,0,1,0,1,0,8.07,5.00
"hood|backstop=None,clearance_mm=1.5,funnel=True,gate=True,mu_floor_scale=0.7,mu_wall_scale=1.4,retreat=30|v10|stop",crumb_cube,flooring,10.0,1,1,0,0,0,0,0,1,1,0,1,8.08,8.85
"hood|backstop=None,clearance_mm=1.5,funnel=True,gate=True,mu_floor_scale=0.7,mu_wall_scale=1.4,retreat=30|v10|stop",crumb_cube,mat,0.0,1,1,0,0,0,0,0,1,0,1,0,8.07,0.00
"hood|backstop=None,clearance_mm=1.5,funnel=True,gate=True,mu_floor_scale=0.7,mu_wall_scale=1.4,retreat=30|v10|stop",crumb_cube,mat,5.0,1,1,0,0,0,0,0,1,0,1,0,8.07,5.00
"hood|backstop=None,clearance_mm=1.5,funnel=True,gate=True,mu_floor_scale=0.7,mu_wall_scale=1.4,retreat=30|v10|stop",crumb_cube,mat,10.0,1,1,0,0,0,0,0,1,1,0,1,8.08,8.85
"hood|backstop=None,clearance_mm=1.5,funnel=True,gate=True,mu_floor_scale=1.0,mu_wall_scale=0.7,retreat=30|v10|stop",battery_cr2032,flooring,0.0,1,1,0,0,0,0,0,1,0,1,0,11.00,0.01
"hood|backstop=None,clearance_mm=1.5,funnel=True,gate=True,mu_floor_scale=1.0,mu_wall_scale=0.7,retreat=30|v10|stop",battery_cr2032,flooring,5.0,1,1,0,0,0,0,0,1,0,1,0,11.01,5.00
"hood|backstop=None,clearance_mm=1.5,funnel=True,gate=True,mu_floor_scale=1.0,mu_wall_scale=0.7,retreat=30|v10|stop",battery_cr2032,flooring,10.0,1,0,0,0,1,0,0,0,1,0,0,,
"hood|backstop=None,clearance_mm=1.5,funnel=True,gate=True,mu_floor_scale=1.0,mu_wall_scale=0.7,retreat=30|v10|stop",battery_cr2032,mat,0.0,1,1,0,0,0,0,0,1,0,1,0,11.00,0.01
"hood|backstop=None,clearance_mm=1.5,funnel=True,gate=True,mu_floor_scale=1.0,mu_wall_scale=0.7,retreat=30|v10|stop",battery_cr2032,mat,5.0,1,1,0,0,0,0,0,1,0,1,0,11.01,5.00
"hood|backstop=None,clearance_mm=1.5,funnel=True,gate=True,mu_floor_scale=1.0,mu_wall_scale=0.7,retreat=30|v10|stop",battery_cr2032,mat,10.0,1,0,0,0,1,0,0,0,1,0,0,,
"hood|backstop=None,clearance_mm=1.5,funnel=True,gate=True,mu_floor_scale=1.0,mu_wall_scale=0.7,retreat=30|v10|stop",bead,flooring,0.0,1,1,0,0,0,0,0,1,0,1,0,5.01,0.00
"hood|backstop=None,clearance_mm=1.5,funnel=True,gate=True,mu_floor_scale=1.0,mu_wall_scale=0.7,retreat=30|v10|stop",bead,flooring,5.0,1,1,0,0,0,0,0,1,0,1,0,5.01,5.00
"hood|backstop=None,clearance_mm=1.5,funnel=True,gate=True,mu_floor_scale=1.0,mu_wall_scale=0.7,retreat=30|v10|stop",bead,flooring,10.0,1,1,0,0,0,0,0,1,0,1,0,5.00,10.00
"hood|backstop=None,clearance_mm=1.5,funnel=True,gate=True,mu_floor_scale=1.0,mu_wall_scale=0.7,retreat=30|v10|stop",bead,mat,0.0,1,1,0,0,0,0,0,1,0,1,0,5.01,0.00
"hood|backstop=None,clearance_mm=1.5,funnel=True,gate=True,mu_floor_scale=1.0,mu_wall_scale=0.7,retreat=30|v10|stop",bead,mat,5.0,1,1,0,0,0,0,0,1,0,1,0,5.01,5.00
"hood|backstop=None,clearance_mm=1.5,funnel=True,gate=True,mu_floor_scale=1.0,mu_wall_scale=0.7,retreat=30|v10|stop",bead,mat,10.0,1,1,0,0,0,0,0,1,0,1,0,5.00,10.00
"hood|backstop=None,clearance_mm=1.5,funnel=True,gate=True,mu_floor_scale=1.0,mu_wall_scale=0.7,retreat=30|v10|stop",coin_1yen,flooring,0.0,1,0,0,1,0,0,0,1,0,1,0,11.00,0.00
"hood|backstop=None,clearance_mm=1.5,funnel=True,gate=True,mu_floor_scale=1.0,mu_wall_scale=0.7,retreat=30|v10|stop",coin_1yen,flooring,5.0,1,0,0,1,0,0,0,1,0,1,0,11.01,5.00
"hood|backstop=None,clearance_mm=1.5,funnel=True,gate=True,mu_floor_scale=1.0,mu_wall_scale=0.7,retreat=30|v10|stop",coin_1yen,flooring,10.0,1,0,0,1,0,0,0,1,1,0,1,11.00,10.00
"hood|backstop=None,clearance_mm=1.5,funnel=True,gate=True,mu_floor_scale=1.0,mu_wall_scale=0.7,retreat=30|v10|stop",coin_1yen,mat,0.0,1,0,0,1,0,0,0,1,0,1,0,11.00,0.00
"hood|backstop=None,clearance_mm=1.5,funnel=True,gate=True,mu_floor_scale=1.0,mu_wall_scale=0.7,retreat=30|v10|stop",coin_1yen,mat,5.0,1,0,0,1,0,0,0,1,0,1,0,11.01,5.00
"hood|backstop=None,clearance_mm=1.5,funnel=True,gate=True,mu_floor_scale=1.0,mu_wall_scale=0.7,retreat=30|v10|stop",coin_1yen,mat,10.0,1,0,0,1,0,0,0,1,0,1,0,11.00,10.00
"hood|backstop=None,clearance_mm=1.5,funnel=True,gate=True,mu_floor_scale=1.0,mu_wall_scale=0.7,retreat=30|v10|stop",crumb_cube,flooring,0.0,1,1,0,0,0,0,0,1,0,1,0,8.07,0.00
"hood|backstop=None,clearance_mm=1.5,funnel=True,gate=True,mu_floor_scale=1.0,mu_wall_scale=0.7,retreat=30|v10|stop",crumb_cube,flooring,5.0,1,1,0,0,0,0,0,1,0,1,0,8.07,5.00
"hood|backstop=None,clearance_mm=1.5,funnel=True,gate=True,mu_floor_scale=1.0,mu_wall_scale=0.7,retreat=30|v10|stop",crumb_cube,flooring,10.0,1,1,0,0,0,0,0,1,1,0,1,8.08,8.82
"hood|backstop=None,clearance_mm=1.5,funnel=True,gate=True,mu_floor_scale=1.0,mu_wall_scale=0.7,retreat=30|v10|stop",crumb_cube,mat,0.0,1,1,0,0,0,0,0,1,0,1,0,8.07,0.00
"hood|backstop=None,clearance_mm=1.5,funnel=True,gate=True,mu_floor_scale=1.0,mu_wall_scale=0.7,retreat=30|v10|stop",crumb_cube,mat,5.0,1,1,0,0,0,0,0,1,0,1,0,8.07,5.00
"hood|backstop=None,clearance_mm=1.5,funnel=True,gate=True,mu_floor_scale=1.0,mu_wall_scale=0.7,retreat=30|v10|stop",crumb_cube,mat,10.0,1,1,0,0,0,0,0,1,1,0,1,8.08,8.82
"hood|backstop=None,clearance_mm=1.5,funnel=True,gate=True,mu_floor_scale=1.0,mu_wall_scale=1.0,retreat=30|v10|stop",battery_cr2032,flooring,0.0,1,1,0,0,0,0,0,1,0,1,0,11.00,0.01
"hood|backstop=None,clearance_mm=1.5,funnel=True,gate=True,mu_floor_scale=1.0,mu_wall_scale=1.0,retreat=30|v10|stop",battery_cr2032,flooring,5.0,1,1,0,0,0,0,0,1,0,1,0,11.01,5.00
"hood|backstop=None,clearance_mm=1.5,funnel=True,gate=True,mu_floor_scale=1.0,mu_wall_scale=1.0,retreat=30|v10|stop",battery_cr2032,flooring,10.0,1,0,0,0,1,0,0,0,1,0,0,,
"hood|backstop=None,clearance_mm=1.5,funnel=True,gate=True,mu_floor_scale=1.0,mu_wall_scale=1.0,retreat=30|v10|stop",battery_cr2032,mat,0.0,1,1,0,0,0,0,0,1,0,1,0,11.00,0.01
"hood|backstop=None,clearance_mm=1.5,funnel=True,gate=True,mu_floor_scale=1.0,mu_wall_scale=1.0,retreat=30|v10|stop",battery_cr2032,mat,5.0,1,1,0,0,0,0,0,1,0,1,0,11.01,5.00
"hood|backstop=None,clearance_mm=1.5,funnel=True,gate=True,mu_floor_scale=1.0,mu_wall_scale=1.0,retreat=30|v10|stop",battery_cr2032,mat,10.0,1,0,0,0,1,0,0,0,1,0,0,,
"hood|backstop=None,clearance_mm=1.5,funnel=True,gate=True,mu_floor_scale=1.0,mu_wall_scale=1.0,retreat=30|v10|stop",bead,flooring,0.0,1,1,0,0,0,0,0,1,0,1,0,5.01,0.00
"hood|backstop=None,clearance_mm=1.5,funnel=True,gate=True,mu_floor_scale=1.0,mu_wall_scale=1.0,retreat=30|v10|stop",bead,flooring,5.0,1,1,0,0,0,0,0,1,0,1,0,5.01,5.00
"hood|backstop=None,clearance_mm=1.5,funnel=True,gate=True,mu_floor_scale=1.0,mu_wall_scale=1.0,retreat=30|v10|stop",bead,flooring,10.0,1,1,0,0,0,0,0,1,0,1,0,5.00,10.00
"hood|backstop=None,clearance_mm=1.5,funnel=True,gate=True,mu_floor_scale=1.0,mu_wall_scale=1.0,retreat=30|v10|stop",bead,mat,0.0,1,1,0,0,0,0,0,1,0,1,0,5.01,0.00
"hood|backstop=None,clearance_mm=1.5,funnel=True,gate=True,mu_floor_scale=1.0,mu_wall_scale=1.0,retreat=30|v10|stop",bead,mat,5.0,1,1,0,0,0,0,0,1,0,1,0,5.01,5.00
"hood|backstop=None,clearance_mm=1.5,funnel=True,gate=True,mu_floor_scale=1.0,mu_wall_scale=1.0,retreat=30|v10|stop",bead,mat,10.0,1,1,0,0,0,0,0,1,0,1,0,5.00,10.00
"hood|backstop=None,clearance_mm=1.5,funnel=True,gate=True,mu_floor_scale=1.0,mu_wall_scale=1.0,retreat=30|v10|stop",coin_1yen,flooring,0.0,1,0,0,1,0,0,0,1,0,1,0,11.00,0.00
"hood|backstop=None,clearance_mm=1.5,funnel=True,gate=True,mu_floor_scale=1.0,mu_wall_scale=1.0,retreat=30|v10|stop",coin_1yen,flooring,5.0,1,0,0,1,0,0,0,1,0,1,0,11.01,5.00
"hood|backstop=None,clearance_mm=1.5,funnel=True,gate=True,mu_floor_scale=1.0,mu_wall_scale=1.0,retreat=30|v10|stop",coin_1yen,flooring,10.0,1,0,0,1,0,0,0,1,1,0,1,11.00,10.00
"hood|backstop=None,clearance_mm=1.5,funnel=True,gate=True,mu_floor_scale=1.0,mu_wall_scale=1.0,retreat=30|v10|stop",coin_1yen,mat,0.0,1,0,0,1,0,0,0,1,0,1,0,11.00,0.00
"hood|backstop=None,clearance_mm=1.5,funnel=True,gate=True,mu_floor_scale=1.0,mu_wall_scale=1.0,retreat=30|v10|stop",coin_1yen,mat,5.0,1,0,0,1,0,0,0,1,0,1,0,11.01,5.00
"hood|backstop=None,clearance_mm=1.5,funnel=True,gate=True,mu_floor_scale=1.0,mu_wall_scale=1.0,retreat=30|v10|stop",coin_1yen,mat,10.0,1,0,0,1,0,0,0,1,1,0,1,11.00,10.00
"hood|backstop=None,clearance_mm=1.5,funnel=True,gate=True,mu_floor_scale=1.0,mu_wall_scale=1.0,retreat=30|v10|stop",crumb_cube,flooring,0.0,1,1,0,0,0,0,0,1,0,1,0,8.07,0.00
"hood|backstop=None,clearance_mm=1.5,funnel=True,gate=True,mu_floor_scale=1.0,mu_wall_scale=1.0,retreat=30|v10|stop",crumb_cube,flooring,5.0,1,1,0,0,0,0,0,1,0,1,0,8.07,5.00
"hood|backstop=None,clearance_mm=1.5,funnel=True,gate=True,mu_floor_scale=1.0,mu_wall_scale=1.0,retreat=30|v10|stop",crumb_cube,flooring,10.0,1,1,0,0,0,0,0,1,1,0,1,8.08,8.86
"hood|backstop=None,clearance_mm=1.5,funnel=True,gate=True,mu_floor_scale=1.0,mu_wall_scale=1.0,retreat=30|v10|stop",crumb_cube,mat,0.0,1,1,0,0,0,0,0,1,0,1,0,8.07,0.00
"hood|backstop=None,clearance_mm=1.5,funnel=True,gate=True,mu_floor_scale=1.0,mu_wall_scale=1.0,retreat=30|v10|stop",crumb_cube,mat,5.0,1,1,0,0,0,0,0,1,0,1,0,8.07,5.00
"hood|backstop=None,clearance_mm=1.5,funnel=True,gate=True,mu_floor_scale=1.0,mu_wall_scale=1.0,retreat=30|v10|stop",crumb_cube,mat,10.0,1,1,0,0,0,0,0,1,1,0,1,8.08,8.86
"hood|backstop=None,clearance_mm=1.5,funnel=True,gate=True,mu_floor_scale=1.0,mu_wall_scale=1.4,retreat=30|v10|stop",battery_cr2032,flooring,0.0,1,1,0,0,0,0,0,1,0,1,0,11.00,0.01
"hood|backstop=None,clearance_mm=1.5,funnel=True,gate=True,mu_floor_scale=1.0,mu_wall_scale=1.4,retreat=30|v10|stop",battery_cr2032,flooring,5.0,1,1,0,0,0,0,0,1,0,1,0,11.01,5.00
"hood|backstop=None,clearance_mm=1.5,funnel=True,gate=True,mu_floor_scale=1.0,mu_wall_scale=1.4,retreat=30|v10|stop",battery_cr2032,flooring,10.0,1,0,0,0,1,0,0,0,1,0,0,,
"hood|backstop=None,clearance_mm=1.5,funnel=True,gate=True,mu_floor_scale=1.0,mu_wall_scale=1.4,retreat=30|v10|stop",battery_cr2032,mat,0.0,1,1,0,0,0,0,0,1,0,1,0,11.00,0.01
"hood|backstop=None,clearance_mm=1.5,funnel=True,gate=True,mu_floor_scale=1.0,mu_wall_scale=1.4,retreat=30|v10|stop",battery_cr2032,mat,5.0,1,1,0,0,0,0,0,1,0,1,0,11.01,5.00
"hood|backstop=None,clearance_mm=1.5,funnel=True,gate=True,mu_floor_scale=1.0,mu_wall_scale=1.4,retreat=30|v10|stop",battery_cr2032,mat,10.0,1,0,0,0,1,0,0,0,1,0,0,,
"hood|backstop=None,clearance_mm=1.5,funnel=True,gate=True,mu_floor_scale=1.0,mu_wall_scale=1.4,retreat=30|v10|stop",bead,flooring,0.0,1,1,0,0,0,0,0,1,0,1,0,5.01,0.00
"hood|backstop=None,clearance_mm=1.5,funnel=True,gate=True,mu_floor_scale=1.0,mu_wall_scale=1.4,retreat=30|v10|stop",bead,flooring,5.0,1,1,0,0,0,0,0,1,0,1,0,5.01,5.00
"hood|backstop=None,clearance_mm=1.5,funnel=True,gate=True,mu_floor_scale=1.0,mu_wall_scale=1.4,retreat=30|v10|stop",bead,flooring,10.0,1,1,0,0,0,0,0,1,0,1,0,5.00,10.00
"hood|backstop=None,clearance_mm=1.5,funnel=True,gate=True,mu_floor_scale=1.0,mu_wall_scale=1.4,retreat=30|v10|stop",bead,mat,0.0,1,1,0,0,0,0,0,1,0,1,0,5.01,0.00
"hood|backstop=None,clearance_mm=1.5,funnel=True,gate=True,mu_floor_scale=1.0,mu_wall_scale=1.4,retreat=30|v10|stop",bead,mat,5.0,1,1,0,0,0,0,0,1,0,1,0,5.01,5.00
"hood|backstop=None,clearance_mm=1.5,funnel=True,gate=True,mu_floor_scale=1.0,mu_wall_scale=1.4,retreat=30|v10|stop",bead,mat,10.0,1,1,0,0,0,0,0,1,0,1,0,5.00,10.00
"hood|backstop=None,clearance_mm=1.5,funnel=True,gate=True,mu_floor_scale=1.0,mu_wall_scale=1.4,retreat=30|v10|stop",coin_1yen,flooring,0.0,1,0,0,1,0,0,0,1,0,1,0,11.00,0.00
"hood|backstop=None,clearance_mm=1.5,funnel=True,gate=True,mu_floor_scale=1.0,mu_wall_scale=1.4,retreat=30|v10|stop",coin_1yen,flooring,5.0,1,0,0,1,0,0,0,1,0,1,0,11.01,5.00
"hood|backstop=None,clearance_mm=1.5,funnel=True,gate=True,mu_floor_scale=1.0,mu_wall_scale=1.4,retreat=30|v10|stop",coin_1yen,flooring,10.0,1,1,0,0,0,0,0,1,0,1,0,11.00,10.00
"hood|backstop=None,clearance_mm=1.5,funnel=True,gate=True,mu_floor_scale=1.0,mu_wall_scale=1.4,retreat=30|v10|stop",coin_1yen,mat,0.0,1,0,0,1,0,0,0,1,0,1,0,11.00,0.00
"hood|backstop=None,clearance_mm=1.5,funnel=True,gate=True,mu_floor_scale=1.0,mu_wall_scale=1.4,retreat=30|v10|stop",coin_1yen,mat,5.0,1,0,0,1,0,0,0,1,0,1,0,11.01,5.00
"hood|backstop=None,clearance_mm=1.5,funnel=True,gate=True,mu_floor_scale=1.0,mu_wall_scale=1.4,retreat=30|v10|stop",coin_1yen,mat,10.0,1,0,0,1,0,0,0,1,1,0,1,11.00,10.00
"hood|backstop=None,clearance_mm=1.5,funnel=True,gate=True,mu_floor_scale=1.0,mu_wall_scale=1.4,retreat=30|v10|stop",crumb_cube,flooring,0.0,1,1,0,0,0,0,0,1,0,1,0,8.07,0.00
"hood|backstop=None,clearance_mm=1.5,funnel=True,gate=True,mu_floor_scale=1.0,mu_wall_scale=1.4,retreat=30|v10|stop",crumb_cube,flooring,5.0,1,1,0,0,0,0,0,1,0,1,0,8.07,5.00
"hood|backstop=None,clearance_mm=1.5,funnel=True,gate=True,mu_floor_scale=1.0,mu_wall_scale=1.4,retreat=30|v10|stop",crumb_cube,flooring,10.0,1,1,0,0,0,0,0,1,1,0,1,8.08,8.93
"hood|backstop=None,clearance_mm=1.5,funnel=True,gate=True,mu_floor_scale=1.0,mu_wall_scale=1.4,retreat=30|v10|stop",crumb_cube,mat,0.0,1,1,0,0,0,0,0,1,0,1,0,8.07,0.00
"hood|backstop=None,clearance_mm=1.5,funnel=True,gate=True,mu_floor_scale=1.0,mu_wall_scale=1.4,retreat=30|v10|stop",crumb_cube,mat,5.0,1,1,0,0,0,0,0,1,0,1,0,8.07,5.00
"hood|backstop=None,clearance_mm=1.5,funnel=True,gate=True,mu_floor_scale=1.0,mu_wall_scale=1.4,retreat=30|v10|stop",crumb_cube,mat,10.0,1,1,0,0,0,0,0,1,1,0,1,8.08,8.93
"hood|backstop=None,clearance_mm=1.5,funnel=True,gate=True,mu_floor_scale=1.4,mu_wall_scale=0.7,retreat=30|v10|stop",battery_cr2032,flooring,0.0,1,1,0,0,0,0,0,1,0,1,0,11.01,0.01
"hood|backstop=None,clearance_mm=1.5,funnel=True,gate=True,mu_floor_scale=1.4,mu_wall_scale=0.7,retreat=30|v10|stop",battery_cr2032,flooring,5.0,1,1,0,0,0,0,0,1,0,1,0,11.01,5.00
"hood|backstop=None,clearance_mm=1.5,funnel=True,gate=True,mu_floor_scale=1.4,mu_wall_scale=0.7,retreat=30|v10|stop",battery_cr2032,flooring,10.0,1,0,0,0,1,0,0,0,1,0,0,,
"hood|backstop=None,clearance_mm=1.5,funnel=True,gate=True,mu_floor_scale=1.4,mu_wall_scale=0.7,retreat=30|v10|stop",battery_cr2032,mat,0.0,1,1,0,0,0,0,0,1,0,1,0,11.00,0.01
"hood|backstop=None,clearance_mm=1.5,funnel=True,gate=True,mu_floor_scale=1.4,mu_wall_scale=0.7,retreat=30|v10|stop",battery_cr2032,mat,5.0,1,1,0,0,0,0,0,1,0,1,0,11.01,5.00
"hood|backstop=None,clearance_mm=1.5,funnel=True,gate=True,mu_floor_scale=1.4,mu_wall_scale=0.7,retreat=30|v10|stop",battery_cr2032,mat,10.0,1,1,0,0,0,0,0,1,1,0,1,11.00,4.54
"hood|backstop=None,clearance_mm=1.5,funnel=True,gate=True,mu_floor_scale=1.4,mu_wall_scale=0.7,retreat=30|v10|stop",bead,flooring,0.0,1,1,0,0,0,0,0,1,0,1,0,5.01,0.00
"hood|backstop=None,clearance_mm=1.5,funnel=True,gate=True,mu_floor_scale=1.4,mu_wall_scale=0.7,retreat=30|v10|stop",bead,flooring,5.0,1,1,0,0,0,0,0,1,0,1,0,5.01,5.00
"hood|backstop=None,clearance_mm=1.5,funnel=True,gate=True,mu_floor_scale=1.4,mu_wall_scale=0.7,retreat=30|v10|stop",bead,flooring,10.0,1,1,0,0,0,0,0,1,0,1,0,5.00,10.00
"hood|backstop=None,clearance_mm=1.5,funnel=True,gate=True,mu_floor_scale=1.4,mu_wall_scale=0.7,retreat=30|v10|stop",bead,mat,0.0,1,1,0,0,0,0,0,1,0,1,0,5.01,0.00
"hood|backstop=None,clearance_mm=1.5,funnel=True,gate=True,mu_floor_scale=1.4,mu_wall_scale=0.7,retreat=30|v10|stop",bead,mat,5.0,1,1,0,0,0,0,0,1,0,1,0,5.01,5.00
"hood|backstop=None,clearance_mm=1.5,funnel=True,gate=True,mu_floor_scale=1.4,mu_wall_scale=0.7,retreat=30|v10|stop",bead,mat,10.0,1,1,0,0,0,0,0,1,0,1,0,5.00,10.00
"hood|backstop=None,clearance_mm=1.5,funnel=True,gate=True,mu_floor_scale=1.4,mu_wall_scale=0.7,retreat=30|v10|stop",coin_1yen,flooring,0.0,1,0,0,1,0,0,0,1,0,1,0,11.00,0.00
"hood|backstop=None,clearance_mm=1.5,funnel=True,gate=True,mu_floor_scale=1.4,mu_wall_scale=0.7,retreat=30|v10|stop",coin_1yen,flooring,5.0,1,0,0,1,0,0,0,1,0,1,0,11.01,5.00
"hood|backstop=None,clearance_mm=1.5,funnel=True,gate=True,mu_floor_scale=1.4,mu_wall_scale=0.7,retreat=30|v10|stop",coin_1yen,flooring,10.0,1,0,0,1,0,0,0,1,0,1,0,11.00,10.00
"hood|backstop=None,clearance_mm=1.5,funnel=True,gate=True,mu_floor_scale=1.4,mu_wall_scale=0.7,retreat=30|v10|stop",coin_1yen,mat,0.0,1,0,0,1,0,0,0,1,0,1,0,11.00,0.00
"hood|backstop=None,clearance_mm=1.5,funnel=True,gate=True,mu_floor_scale=1.4,mu_wall_scale=0.7,retreat=30|v10|stop",coin_1yen,mat,5.0,1,0,0,1,0,0,0,1,0,1,0,11.01,5.00
"hood|backstop=None,clearance_mm=1.5,funnel=True,gate=True,mu_floor_scale=1.4,mu_wall_scale=0.7,retreat=30|v10|stop",coin_1yen,mat,10.0,1,0,0,1,0,0,0,1,1,0,1,11.00,10.00
"hood|backstop=None,clearance_mm=1.5,funnel=True,gate=True,mu_floor_scale=1.4,mu_wall_scale=0.7,retreat=30|v10|stop",crumb_cube,flooring,0.0,1,1,0,0,0,0,0,1,0,1,0,8.07,0.00
"hood|backstop=None,clearance_mm=1.5,funnel=True,gate=True,mu_floor_scale=1.4,mu_wall_scale=0.7,retreat=30|v10|stop",crumb_cube,flooring,5.0,1,1,0,0,0,0,0,1,0,1,0,8.07,5.00
"hood|backstop=None,clearance_mm=1.5,funnel=True,gate=True,mu_floor_scale=1.4,mu_wall_scale=0.7,retreat=30|v10|stop",crumb_cube,flooring,10.0,1,1,0,0,0,0,0,1,1,0,1,8.08,8.86
"hood|backstop=None,clearance_mm=1.5,funnel=True,gate=True,mu_floor_scale=1.4,mu_wall_scale=0.7,retreat=30|v10|stop",crumb_cube,mat,0.0,1,1,0,0,0,0,0,1,0,1,0,8.07,0.00
"hood|backstop=None,clearance_mm=1.5,funnel=True,gate=True,mu_floor_scale=1.4,mu_wall_scale=0.7,retreat=30|v10|stop",crumb_cube,mat,5.0,1,1,0,0,0,0,0,1,0,1,0,8.07,5.00
"hood|backstop=None,clearance_mm=1.5,funnel=True,gate=True,mu_floor_scale=1.4,mu_wall_scale=0.7,retreat=30|v10|stop",crumb_cube,mat,10.0,1,1,0,0,0,0,0,1,1,0,1,8.08,8.86
"hood|backstop=None,clearance_mm=1.5,funnel=True,gate=True,mu_floor_scale=1.4,mu_wall_scale=1.0,retreat=30|v10|stop",battery_cr2032,flooring,0.0,1,1,0,0,0,0,0,1,0,1,0,11.01,0.01
"hood|backstop=None,clearance_mm=1.5,funnel=True,gate=True,mu_floor_scale=1.4,mu_wall_scale=1.0,retreat=30|v10|stop",battery_cr2032,flooring,5.0,1,1,0,0,0,0,0,1,0,1,0,11.01,5.00
"hood|backstop=None,clearance_mm=1.5,funnel=True,gate=True,mu_floor_scale=1.4,mu_wall_scale=1.0,retreat=30|v10|stop",battery_cr2032,flooring,10.0,1,0,0,0,1,0,0,0,1,0,0,,
"hood|backstop=None,clearance_mm=1.5,funnel=True,gate=True,mu_floor_scale=1.4,mu_wall_scale=1.0,retreat=30|v10|stop",battery_cr2032,mat,0.0,1,1,0,0,0,0,0,1,0,1,0,11.00,0.01
"hood|backstop=None,clearance_mm=1.5,funnel=True,gate=True,mu_floor_scale=1.4,mu_wall_scale=1.0,retreat=30|v10|stop",battery_cr2032,mat,5.0,1,1,0,0,0,0,0,1,0,1,0,11.01,5.00
"hood|backstop=None,clearance_mm=1.5,funnel=True,gate=True,mu_floor_scale=1.4,mu_wall_scale=1.0,retreat=30|v10|stop",battery_cr2032,mat,10.0,1,0,0,0,1,0,0,0,1,0,0,,
"hood|backstop=None,clearance_mm=1.5,funnel=True,gate=True,mu_floor_scale=1.4,mu_wall_scale=1.0,retreat=30|v10|stop",bead,flooring,0.0,1,1,0,0,0,0,0,1,0,1,0,5.01,0.00
"hood|backstop=None,clearance_mm=1.5,funnel=True,gate=True,mu_floor_scale=1.4,mu_wall_scale=1.0,retreat=30|v10|stop",bead,flooring,5.0,1,1,0,0,0,0,0,1,0,1,0,5.01,5.00
"hood|backstop=None,clearance_mm=1.5,funnel=True,gate=True,mu_floor_scale=1.4,mu_wall_scale=1.0,retreat=30|v10|stop",bead,flooring,10.0,1,1,0,0,0,0,0,1,0,1,0,5.00,10.00
"hood|backstop=None,clearance_mm=1.5,funnel=True,gate=True,mu_floor_scale=1.4,mu_wall_scale=1.0,retreat=30|v10|stop",bead,mat,0.0,1,1,0,0,0,0,0,1,0,1,0,5.01,0.00
"hood|backstop=None,clearance_mm=1.5,funnel=True,gate=True,mu_floor_scale=1.4,mu_wall_scale=1.0,retreat=30|v10|stop",bead,mat,5.0,1,1,0,0,0,0,0,1,0,1,0,5.01,5.00
"hood|backstop=None,clearance_mm=1.5,funnel=True,gate=True,mu_floor_scale=1.4,mu_wall_scale=1.0,retreat=30|v10|stop",bead,mat,10.0,1,1,0,0,0,0,0,1,0,1,0,5.00,10.00
"hood|backstop=None,clearance_mm=1.5,funnel=True,gate=True,mu_floor_scale=1.4,mu_wall_scale=1.0,retreat=30|v10|stop",coin_1yen,flooring,0.0,1,0,0,1,0,0,0,1,0,1,0,11.00,0.00
"hood|backstop=None,clearance_mm=1.5,funnel=True,gate=True,mu_floor_scale=1.4,mu_wall_scale=1.0,retreat=30|v10|stop",coin_1yen,flooring,5.0,1,0,0,1,0,0,0,1,0,1,0,11.01,5.00
"hood|backstop=None,clearance_mm=1.5,funnel=True,gate=True,mu_floor_scale=1.4,mu_wall_scale=1.0,retreat=30|v10|stop",coin_1yen,flooring,10.0,1,0,0,1,0,0,0,1,1,0,1,11.00,10.00
"hood|backstop=None,clearance_mm=1.5,funnel=True,gate=True,mu_floor_scale=1.4,mu_wall_scale=1.0,retreat=30|v10|stop",coin_1yen,mat,0.0,1,0,0,1,0,0,0,1,0,1,0,11.00,0.00
"hood|backstop=None,clearance_mm=1.5,funnel=True,gate=True,mu_floor_scale=1.4,mu_wall_scale=1.0,retreat=30|v10|stop",coin_1yen,mat,5.0,1,0,0,1,0,0,0,1,0,1,0,11.01,5.00
"hood|backstop=None,clearance_mm=1.5,funnel=True,gate=True,mu_floor_scale=1.4,mu_wall_scale=1.0,retreat=30|v10|stop",coin_1yen,mat,10.0,1,0,0,1,0,0,0,1,1,0,1,11.00,10.00
"hood|backstop=None,clearance_mm=1.5,funnel=True,gate=True,mu_floor_scale=1.4,mu_wall_scale=1.0,retreat=30|v10|stop",crumb_cube,flooring,0.0,1,1,0,0,0,0,0,1,0,1,0,8.07,0.00
"hood|backstop=None,clearance_mm=1.5,funnel=True,gate=True,mu_floor_scale=1.4,mu_wall_scale=1.0,retreat=30|v10|stop",crumb_cube,flooring,5.0,1,1,0,0,0,0,0,1,0,1,0,8.07,5.00
"hood|backstop=None,clearance_mm=1.5,funnel=True,gate=True,mu_floor_scale=1.4,mu_wall_scale=1.0,retreat=30|v10|stop",crumb_cube,flooring,10.0,1,1,0,0,0,0,0,1,1,0,1,8.08,8.86
"hood|backstop=None,clearance_mm=1.5,funnel=True,gate=True,mu_floor_scale=1.4,mu_wall_scale=1.0,retreat=30|v10|stop",crumb_cube,mat,0.0,1,1,0,0,0,0,0,1,0,1,0,8.07,0.00
"hood|backstop=None,clearance_mm=1.5,funnel=True,gate=True,mu_floor_scale=1.4,mu_wall_scale=1.0,retreat=30|v10|stop",crumb_cube,mat,5.0,1,1,0,0,0,0,0,1,0,1,0,8.07,5.00
"hood|backstop=None,clearance_mm=1.5,funnel=True,gate=True,mu_floor_scale=1.4,mu_wall_scale=1.0,retreat=30|v10|stop",crumb_cube,mat,10.0,1,1,0,0,0,0,0,1,1,0,1,8.08,8.86
"hood|backstop=None,clearance_mm=1.5,funnel=True,gate=True,mu_floor_scale=1.4,mu_wall_scale=1.4,retreat=30|v10|stop",battery_cr2032,flooring,0.0,1,1,0,0,0,0,0,1,0,1,0,11.01,0.01
"hood|backstop=None,clearance_mm=1.5,funnel=True,gate=True,mu_floor_scale=1.4,mu_wall_scale=1.4,retreat=30|v10|stop",battery_cr2032,flooring,5.0,1,1,0,0,0,0,0,1,0,1,0,11.01,5.00
"hood|backstop=None,clearance_mm=1.5,funnel=True,gate=True,mu_floor_scale=1.4,mu_wall_scale=1.4,retreat=30|v10|stop",battery_cr2032,flooring,10.0,1,0,0,0,1,0,0,0,1,0,0,,
"hood|backstop=None,clearance_mm=1.5,funnel=True,gate=True,mu_floor_scale=1.4,mu_wall_scale=1.4,retreat=30|v10|stop",battery_cr2032,mat,0.0,1,1,0,0,0,0,0,1,0,1,0,11.00,0.01
"hood|backstop=None,clearance_mm=1.5,funnel=True,gate=True,mu_floor_scale=1.4,mu_wall_scale=1.4,retreat=30|v10|stop",battery_cr2032,mat,5.0,1,1,0,0,0,0,0,1,0,1,0,11.01,5.00
"hood|backstop=None,clearance_mm=1.5,funnel=True,gate=True,mu_floor_scale=1.4,mu_wall_scale=1.4,retreat=30|v10|stop",battery_cr2032,mat,10.0,1,1,0,0,0,0,0,1,1,0,1,11.01,4.80
"hood|backstop=None,clearance_mm=1.5,funnel=True,gate=True,mu_floor_scale=1.4,mu_wall_scale=1.4,retreat=30|v10|stop",bead,flooring,0.0,1,1,0,0,0,0,0,1,0,1,0,5.01,0.00
"hood|backstop=None,clearance_mm=1.5,funnel=True,gate=True,mu_floor_scale=1.4,mu_wall_scale=1.4,retreat=30|v10|stop",bead,flooring,5.0,1,1,0,0,0,0,0,1,0,1,0,5.01,5.00
"hood|backstop=None,clearance_mm=1.5,funnel=True,gate=True,mu_floor_scale=1.4,mu_wall_scale=1.4,retreat=30|v10|stop",bead,flooring,10.0,1,1,0,0,0,0,0,1,0,1,0,5.00,10.00
"hood|backstop=None,clearance_mm=1.5,funnel=True,gate=True,mu_floor_scale=1.4,mu_wall_scale=1.4,retreat=30|v10|stop",bead,mat,0.0,1,1,0,0,0,0,0,1,0,1,0,5.01,0.00
"hood|backstop=None,clearance_mm=1.5,funnel=True,gate=True,mu_floor_scale=1.4,mu_wall_scale=1.4,retreat=30|v10|stop",bead,mat,5.0,1,1,0,0,0,0,0,1,0,1,0,5.01,5.00
"hood|backstop=None,clearance_mm=1.5,funnel=True,gate=True,mu_floor_scale=1.4,mu_wall_scale=1.4,retreat=30|v10|stop",bead,mat,10.0,1,1,0,0,0,0,0,1,0,1,0,5.00,10.00
"hood|backstop=None,clearance_mm=1.5,funnel=True,gate=True,mu_floor_scale=1.4,mu_wall_scale=1.4,retreat=30|v10|stop",coin_1yen,flooring,0.0,1,0,0,1,0,0,0,1,0,1,0,11.00,0.00
"hood|backstop=None,clearance_mm=1.5,funnel=True,gate=True,mu_floor_scale=1.4,mu_wall_scale=1.4,retreat=30|v10|stop",coin_1yen,flooring,5.0,1,0,0,1,0,0,0,1,0,1,0,11.01,5.00
"hood|backstop=None,clearance_mm=1.5,funnel=True,gate=True,mu_floor_scale=1.4,mu_wall_scale=1.4,retreat=30|v10|stop",coin_1yen,flooring,10.0,1,0,0,1,0,0,0,1,1,0,1,11.00,10.00
"hood|backstop=None,clearance_mm=1.5,funnel=True,gate=True,mu_floor_scale=1.4,mu_wall_scale=1.4,retreat=30|v10|stop",coin_1yen,mat,0.0,1,0,0,1,0,0,0,1,0,1,0,11.00,0.00
"hood|backstop=None,clearance_mm=1.5,funnel=True,gate=True,mu_floor_scale=1.4,mu_wall_scale=1.4,retreat=30|v10|stop",coin_1yen,mat,5.0,1,0,0,1,0,0,0,1,0,1,0,11.01,5.00
"hood|backstop=None,clearance_mm=1.5,funnel=True,gate=True,mu_floor_scale=1.4,mu_wall_scale=1.4,retreat=30|v10|stop",coin_1yen,mat,10.0,1,0,0,1,0,0,0,1,1,0,1,11.00,10.00
"hood|backstop=None,clearance_mm=1.5,funnel=True,gate=True,mu_floor_scale=1.4,mu_wall_scale=1.4,retreat=30|v10|stop",crumb_cube,flooring,0.0,1,1,0,0,0,0,0,1,0,1,0,8.07,0.00
"hood|backstop=None,clearance_mm=1.5,funnel=True,gate=True,mu_floor_scale=1.4,mu_wall_scale=1.4,retreat=30|v10|stop",crumb_cube,flooring,5.0,1,1,0,0,0,0,0,1,0,1,0,8.07,5.00
"hood|backstop=None,clearance_mm=1.5,funnel=True,gate=True,mu_floor_scale=1.4,mu_wall_scale=1.4,retreat=30|v10|stop",crumb_cube,flooring,10.0,1,1,0,0,0,0,0,1,1,0,1,8.08,8.90
"hood|backstop=None,clearance_mm=1.5,funnel=True,gate=True,mu_floor_scale=1.4,mu_wall_scale=1.4,retreat=30|v10|stop",crumb_cube,mat,0.0,1,1,0,0,0,0,0,1,0,1,0,8.07,0.00
"hood|backstop=None,clearance_mm=1.5,funnel=True,gate=True,mu_floor_scale=1.4,mu_wall_scale=1.4,retreat=30|v10|stop",crumb_cube,mat,5.0,1,1,0,0,0,0,0,1,0,1,0,8.07,5.00
"hood|backstop=None,clearance_mm=1.5,funnel=True,gate=True,mu_floor_scale=1.4,mu_wall_scale=1.4,retreat=30|v10|stop",crumb_cube,mat,10.0,1,1,0,0,0,0,0,1,1,0,1,8.08,8.90
"hood|backstop=None,clearance_mm=2.0,funnel=True,gate=True,mu_floor_scale=0.7,mu_wall_scale=0.7,retreat=30|v10|stop",battery_cr2032,flooring,0.0,1,1,0,0,0,0,0,1,0,1,0,11.00,0.01
"hood|backstop=None,clearance_mm=2.0,funnel=True,gate=True,mu_floor_scale=0.7,mu_wall_scale=0.7,retreat=30|v10|stop",battery_cr2032,flooring,5.0,1,1,0,0,0,0,0,1,0,1,0,11.01,5.00
"hood|backstop=None,clearance_mm=2.0,funnel=True,gate=True,mu_floor_scale=0.7,mu_wall_scale=0.7,retreat=30|v10|stop",battery_cr2032,flooring,10.0,1,1,0,0,0,0,0,1,1,0,1,11.00,4.87
"hood|backstop=None,clearance_mm=2.0,funnel=True,gate=True,mu_floor_scale=0.7,mu_wall_scale=0.7,retreat=30|v10|stop",battery_cr2032,mat,0.0,1,1,0,0,0,0,0,1,0,1,0,11.01,0.01
"hood|backstop=None,clearance_mm=2.0,funnel=True,gate=True,mu_floor_scale=0.7,mu_wall_scale=0.7,retreat=30|v10|stop",battery_cr2032,mat,5.0,1,1,0,0,0,0,0,1,0,1,0,11.01,5.00
"hood|backstop=None,clearance_mm=2.0,funnel=True,gate=True,mu_floor_scale=0.7,mu_wall_scale=0.7,retreat=30|v10|stop",battery_cr2032,mat,10.0,1,0,0,0,1,0,0,0,1,0,0,,
"hood|backstop=None,clearance_mm=2.0,funnel=True,gate=True,mu_floor_scale=0.7,mu_wall_scale=0.7,retreat=30|v10|stop",bead,flooring,0.0,1,1,0,0,0,0,0,1,0,1,0,5.01,0.00
"hood|backstop=None,clearance_mm=2.0,funnel=True,gate=True,mu_floor_scale=0.7,mu_wall_scale=0.7,retreat=30|v10|stop",bead,flooring,5.0,1,1,0,0,0,0,0,1,0,1,0,5.01,5.00
"hood|backstop=None,clearance_mm=2.0,funnel=True,gate=True,mu_floor_scale=0.7,mu_wall_scale=0.7,retreat=30|v10|stop",bead,flooring,10.0,1,1,0,0,0,0,0,1,0,1,0,5.00,10.00
"hood|backstop=None,clearance_mm=2.0,funnel=True,gate=True,mu_floor_scale=0.7,mu_wall_scale=0.7,retreat=30|v10|stop",bead,mat,0.0,1,1,0,0,0,0,0,1,0,1,0,5.01,0.00
"hood|backstop=None,clearance_mm=2.0,funnel=True,gate=True,mu_floor_scale=0.7,mu_wall_scale=0.7,retreat=30|v10|stop",bead,mat,5.0,1,1,0,0,0,0,0,1,0,1,0,5.01,5.00
"hood|backstop=None,clearance_mm=2.0,funnel=True,gate=True,mu_floor_scale=0.7,mu_wall_scale=0.7,retreat=30|v10|stop",bead,mat,10.0,1,1,0,0,0,0,0,1,0,1,0,5.00,10.00
"hood|backstop=None,clearance_mm=2.0,funnel=True,gate=True,mu_floor_scale=0.7,mu_wall_scale=0.7,retreat=30|v10|stop",coin_1yen,flooring,0.0,1,0,0,1,0,0,0,1,0,1,0,11.00,0.00
"hood|backstop=None,clearance_mm=2.0,funnel=True,gate=True,mu_floor_scale=0.7,mu_wall_scale=0.7,retreat=30|v10|stop",coin_1yen,flooring,5.0,1,0,0,1,0,0,0,1,0,1,0,11.01,5.00
"hood|backstop=None,clearance_mm=2.0,funnel=True,gate=True,mu_floor_scale=0.7,mu_wall_scale=0.7,retreat=30|v10|stop",coin_1yen,flooring,10.0,1,0,0,1,0,0,0,1,0,1,0,11.00,10.00
"hood|backstop=None,clearance_mm=2.0,funnel=True,gate=True,mu_floor_scale=0.7,mu_wall_scale=0.7,retreat=30|v10|stop",coin_1yen,mat,0.0,1,0,0,1,0,0,0,1,0,1,0,11.00,0.00
"hood|backstop=None,clearance_mm=2.0,funnel=True,gate=True,mu_floor_scale=0.7,mu_wall_scale=0.7,retreat=30|v10|stop",coin_1yen,mat,5.0,1,0,0,1,0,0,0,1,0,1,0,11.01,5.00
"hood|backstop=None,clearance_mm=2.0,funnel=True,gate=True,mu_floor_scale=0.7,mu_wall_scale=0.7,retreat=30|v10|stop",coin_1yen,mat,10.0,1,0,0,1,0,0,0,1,0,1,0,11.00,10.00
"hood|backstop=None,clearance_mm=2.0,funnel=True,gate=True,mu_floor_scale=0.7,mu_wall_scale=0.7,retreat=30|v10|stop",crumb_cube,flooring,0.0,1,1,0,0,0,0,0,1,0,1,0,8.07,0.00
"hood|backstop=None,clearance_mm=2.0,funnel=True,gate=True,mu_floor_scale=0.7,mu_wall_scale=0.7,retreat=30|v10|stop",crumb_cube,flooring,5.0,1,1,0,0,0,0,0,1,0,1,0,8.07,5.00
"hood|backstop=None,clearance_mm=2.0,funnel=True,gate=True,mu_floor_scale=0.7,mu_wall_scale=0.7,retreat=30|v10|stop",crumb_cube,flooring,10.0,1,1,0,0,0,0,0,1,1,0,1,8.08,8.77
"hood|backstop=None,clearance_mm=2.0,funnel=True,gate=True,mu_floor_scale=0.7,mu_wall_scale=0.7,retreat=30|v10|stop",crumb_cube,mat,0.0,1,1,0,0,0,0,0,1,0,1,0,8.07,0.00
"hood|backstop=None,clearance_mm=2.0,funnel=True,gate=True,mu_floor_scale=0.7,mu_wall_scale=0.7,retreat=30|v10|stop",crumb_cube,mat,5.0,1,1,0,0,0,0,0,1,0,1,0,8.07,5.00
"hood|backstop=None,clearance_mm=2.0,funnel=True,gate=True,mu_floor_scale=0.7,mu_wall_scale=0.7,retreat=30|v10|stop",crumb_cube,mat,10.0,1,1,0,0,0,0,0,1,1,0,1,8.08,8.77
"hood|backstop=None,clearance_mm=2.0,funnel=True,gate=True,mu_floor_scale=0.7,mu_wall_scale=1.0,retreat=30|v10|stop",battery_cr2032,flooring,0.0,1,1,0,0,0,0,0,1,0,1,0,11.00,0.01
"hood|backstop=None,clearance_mm=2.0,funnel=True,gate=True,mu_floor_scale=0.7,mu_wall_scale=1.0,retreat=30|v10|stop",battery_cr2032,flooring,5.0,1,1,0,0,0,0,0,1,0,1,0,11.01,5.00
"hood|backstop=None,clearance_mm=2.0,funnel=True,gate=True,mu_floor_scale=0.7,mu_wall_scale=1.0,retreat=30|v10|stop",battery_cr2032,flooring,10.0,1,1,0,0,0,0,0,1,1,0,1,11.00,3.51
"hood|backstop=None,clearance_mm=2.0,funnel=True,gate=True,mu_floor_scale=0.7,mu_wall_scale=1.0,retreat=30|v10|stop",battery_cr2032,mat,0.0,1,1,0,0,0,0,0,1,0,1,0,11.01,0.01
"hood|backstop=None,clearance_mm=2.0,funnel=True,gate=True,mu_floor_scale=0.7,mu_wall_scale=1.0,retreat=30|v10|stop",battery_cr2032,mat,5.0,1,1,0,0,0,0,0,1,0,1,0,11.01,5.00
"hood|backstop=None,clearance_mm=2.0,funnel=True,gate=True,mu_floor_scale=0.7,mu_wall_scale=1.0,retreat=30|v10|stop",battery_cr2032,mat,10.0,1,1,0,0,0,0,0,1,1,0,1,11.01,4.69
"hood|backstop=None,clearance_mm=2.0,funnel=True,gate=True,mu_floor_scale=0.7,mu_wall_scale=1.0,retreat=30|v10|stop",bead,flooring,0.0,1,1,0,0,0,0,0,1,0,1,0,5.01,0.00
"hood|backstop=None,clearance_mm=2.0,funnel=True,gate=True,mu_floor_scale=0.7,mu_wall_scale=1.0,retreat=30|v10|stop",bead,flooring,5.0,1,1,0,0,0,0,0,1,0,1,0,5.01,5.00
"hood|backstop=None,clearance_mm=2.0,funnel=True,gate=True,mu_floor_scale=0.7,mu_wall_scale=1.0,retreat=30|v10|stop",bead,flooring,10.0,1,1,0,0,0,0,0,1,0,1,0,5.00,10.00
"hood|backstop=None,clearance_mm=2.0,funnel=True,gate=True,mu_floor_scale=0.7,mu_wall_scale=1.0,retreat=30|v10|stop",bead,mat,0.0,1,1,0,0,0,0,0,1,0,1,0,5.01,0.00
"hood|backstop=None,clearance_mm=2.0,funnel=True,gate=True,mu_floor_scale=0.7,mu_wall_scale=1.0,retreat=30|v10|stop",bead,mat,5.0,1,1,0,0,0,0,0,1,0,1,0,5.01,5.00
"hood|backstop=None,clearance_mm=2.0,funnel=True,gate=True,mu_floor_scale=0.7,mu_wall_scale=1.0,retreat=30|v10|stop",bead,mat,10.0,1,1,0,0,0,0,0,1,0,1,0,5.00,10.00
"hood|backstop=None,clearance_mm=2.0,funnel=True,gate=True,mu_floor_scale=0.7,mu_wall_scale=1.0,retreat=30|v10|stop",coin_1yen,flooring,0.0,1,0,0,1,0,0,0,1,0,1,0,11.00,0.00
"hood|backstop=None,clearance_mm=2.0,funnel=True,gate=True,mu_floor_scale=0.7,mu_wall_scale=1.0,retreat=30|v10|stop",coin_1yen,flooring,5.0,1,0,0,1,0,0,0,1,0,1,0,11.01,5.00
"hood|backstop=None,clearance_mm=2.0,funnel=True,gate=True,mu_floor_scale=0.7,mu_wall_scale=1.0,retreat=30|v10|stop",coin_1yen,flooring,10.0,1,0,0,1,0,0,0,1,0,1,0,11.00,10.00
"hood|backstop=None,clearance_mm=2.0,funnel=True,gate=True,mu_floor_scale=0.7,mu_wall_scale=1.0,retreat=30|v10|stop",coin_1yen,mat,0.0,1,0,0,1,0,0,0,1,0,1,0,11.00,0.00
"hood|backstop=None,clearance_mm=2.0,funnel=True,gate=True,mu_floor_scale=0.7,mu_wall_scale=1.0,retreat=30|v10|stop",coin_1yen,mat,5.0,1,0,0,1,0,0,0,1,0,1,0,11.01,5.00
"hood|backstop=None,clearance_mm=2.0,funnel=True,gate=True,mu_floor_scale=0.7,mu_wall_scale=1.0,retreat=30|v10|stop",coin_1yen,mat,10.0,1,0,0,1,0,0,0,1,0,1,0,11.00,10.00
"hood|backstop=None,clearance_mm=2.0,funnel=True,gate=True,mu_floor_scale=0.7,mu_wall_scale=1.0,retreat=30|v10|stop",crumb_cube,flooring,0.0,1,1,0,0,0,0,0,1,0,1,0,8.07,0.00
"hood|backstop=None,clearance_mm=2.0,funnel=True,gate=True,mu_floor_scale=0.7,mu_wall_scale=1.0,retreat=30|v10|stop",crumb_cube,flooring,5.0,1,1,0,0,0,0,0,1,0,1,0,8.07,5.00
"hood|backstop=None,clearance_mm=2.0,funnel=True,gate=True,mu_floor_scale=0.7,mu_wall_scale=1.0,retreat=30|v10|stop",crumb_cube,flooring,10.0,1,1,0,0,0,0,0,1,1,0,1,8.07,8.82
"hood|backstop=None,clearance_mm=2.0,funnel=True,gate=True,mu_floor_scale=0.7,mu_wall_scale=1.0,retreat=30|v10|stop",crumb_cube,mat,0.0,1,1,0,0,0,0,0,1,0,1,0,8.07,0.00
"hood|backstop=None,clearance_mm=2.0,funnel=True,gate=True,mu_floor_scale=0.7,mu_wall_scale=1.0,retreat=30|v10|stop",crumb_cube,mat,5.0,1,1,0,0,0,0,0,1,0,1,0,8.07,5.00
"hood|backstop=None,clearance_mm=2.0,funnel=True,gate=True,mu_floor_scale=0.7,mu_wall_scale=1.0,retreat=30|v10|stop",crumb_cube,mat,10.0,1,1,0,0,0,0,0,1,1,0,1,8.07,8.82
"hood|backstop=None,clearance_mm=2.0,funnel=True,gate=True,mu_floor_scale=0.7,mu_wall_scale=1.4,retreat=30|v10|stop",battery_cr2032,flooring,0.0,1,1,0,0,0,0,0,1,0,1,0,11.00,0.01
"hood|backstop=None,clearance_mm=2.0,funnel=True,gate=True,mu_floor_scale=0.7,mu_wall_scale=1.4,retreat=30|v10|stop",battery_cr2032,flooring,5.0,1,1,0,0,0,0,0,1,0,1,0,11.01,5.00
"hood|backstop=None,clearance_mm=2.0,funnel=True,gate=True,mu_floor_scale=0.7,mu_wall_scale=1.4,retreat=30|v10|stop",battery_cr2032,flooring,10.0,1,0,0,0,1,0,0,0,1,0,0,,
"hood|backstop=None,clearance_mm=2.0,funnel=True,gate=True,mu_floor_scale=0.7,mu_wall_scale=1.4,retreat=30|v10|stop",battery_cr2032,mat,0.0,1,1,0,0,0,0,0,1,0,1,0,11.01,0.01
"hood|backstop=None,clearance_mm=2.0,funnel=True,gate=True,mu_floor_scale=0.7,mu_wall_scale=1.4,retreat=30|v10|stop",battery_cr2032,mat,5.0,1,1,0,0,0,0,0,1,0,1,0,11.01,5.00
"hood|backstop=None,clearance_mm=2.0,funnel=True,gate=True,mu_floor_scale=0.7,mu_wall_scale=1.4,retreat=30|v10|stop",battery_cr2032,mat,10.0,1,1,0,0,0,0,0,1,1,0,1,11.01,4.78
"hood|backstop=None,clearance_mm=2.0,funnel=True,gate=True,mu_floor_scale=0.7,mu_wall_scale=1.4,retreat=30|v10|stop",bead,flooring,0.0,1,1,0,0,0,0,0,1,0,1,0,5.01,0.00
"hood|backstop=None,clearance_mm=2.0,funnel=True,gate=True,mu_floor_scale=0.7,mu_wall_scale=1.4,retreat=30|v10|stop",bead,flooring,5.0,1,1,0,0,0,0,0,1,0,1,0,5.01,5.00
"hood|backstop=None,clearance_mm=2.0,funnel=True,gate=True,mu_floor_scale=0.7,mu_wall_scale=1.4,retreat=30|v10|stop",bead,flooring,10.0,1,1,0,0,0,0,0,1,0,1,0,5.00,10.00
"hood|backstop=None,clearance_mm=2.0,funnel=True,gate=True,mu_floor_scale=0.7,mu_wall_scale=1.4,retreat=30|v10|stop",bead,mat,0.0,1,1,0,0,0,0,0,1,0,1,0,5.01,0.00
"hood|backstop=None,clearance_mm=2.0,funnel=True,gate=True,mu_floor_scale=0.7,mu_wall_scale=1.4,retreat=30|v10|stop",bead,mat,5.0,1,1,0,0,0,0,0,1,0,1,0,5.01,5.00
"hood|backstop=None,clearance_mm=2.0,funnel=True,gate=True,mu_floor_scale=0.7,mu_wall_scale=1.4,retreat=30|v10|stop",bead,mat,10.0,1,1,0,0,0,0,0,1,0,1,0,5.00,10.00
"hood|backstop=None,clearance_mm=2.0,funnel=True,gate=True,mu_floor_scale=0.7,mu_wall_scale=1.4,retreat=30|v10|stop",coin_1yen,flooring,0.0,1,0,0,1,0,0,0,1,0,1,0,11.00,0.00
"hood|backstop=None,clearance_mm=2.0,funnel=True,gate=True,mu_floor_scale=0.7,mu_wall_scale=1.4,retreat=30|v10|stop",coin_1yen,flooring,5.0,1,0,0,1,0,0,0,1,0,1,0,11.01,5.00
"hood|backstop=None,clearance_mm=2.0,funnel=True,gate=True,mu_floor_scale=0.7,mu_wall_scale=1.4,retreat=30|v10|stop",coin_1yen,flooring,10.0,1,0,0,1,0,0,0,1,0,1,0,11.00,10.00
"hood|backstop=None,clearance_mm=2.0,funnel=True,gate=True,mu_floor_scale=0.7,mu_wall_scale=1.4,retreat=30|v10|stop",coin_1yen,mat,0.0,1,0,0,1,0,0,0,1,0,1,0,11.00,0.00
"hood|backstop=None,clearance_mm=2.0,funnel=True,gate=True,mu_floor_scale=0.7,mu_wall_scale=1.4,retreat=30|v10|stop",coin_1yen,mat,5.0,1,0,0,1,0,0,0,1,0,1,0,11.01,5.00
"hood|backstop=None,clearance_mm=2.0,funnel=True,gate=True,mu_floor_scale=0.7,mu_wall_scale=1.4,retreat=30|v10|stop",coin_1yen,mat,10.0,1,0,0,1,0,0,0,1,0,1,0,11.00,10.00
"hood|backstop=None,clearance_mm=2.0,funnel=True,gate=True,mu_floor_scale=0.7,mu_wall_scale=1.4,retreat=30|v10|stop",crumb_cube,flooring,0.0,1,1,0,0,0,0,0,1,0,1,0,8.07,0.00
"hood|backstop=None,clearance_mm=2.0,funnel=True,gate=True,mu_floor_scale=0.7,mu_wall_scale=1.4,retreat=30|v10|stop",crumb_cube,flooring,5.0,1,1,0,0,0,0,0,1,0,1,0,8.07,5.00
"hood|backstop=None,clearance_mm=2.0,funnel=True,gate=True,mu_floor_scale=0.7,mu_wall_scale=1.4,retreat=30|v10|stop",crumb_cube,flooring,10.0,1,1,0,0,0,0,0,1,1,0,1,8.07,8.88
"hood|backstop=None,clearance_mm=2.0,funnel=True,gate=True,mu_floor_scale=0.7,mu_wall_scale=1.4,retreat=30|v10|stop",crumb_cube,mat,0.0,1,1,0,0,0,0,0,1,0,1,0,8.07,0.00
"hood|backstop=None,clearance_mm=2.0,funnel=True,gate=True,mu_floor_scale=0.7,mu_wall_scale=1.4,retreat=30|v10|stop",crumb_cube,mat,5.0,1,1,0,0,0,0,0,1,0,1,0,8.07,5.00
"hood|backstop=None,clearance_mm=2.0,funnel=True,gate=True,mu_floor_scale=0.7,mu_wall_scale=1.4,retreat=30|v10|stop",crumb_cube,mat,10.0,1,1,0,0,0,0,0,1,1,0,1,8.07,8.88
"hood|backstop=None,clearance_mm=2.0,funnel=True,gate=True,mu_floor_scale=1.0,mu_wall_scale=0.7,retreat=30|v10|stop",battery_cr2032,flooring,0.0,1,1,0,0,0,0,0,1,0,1,0,11.00,0.01
"hood|backstop=None,clearance_mm=2.0,funnel=True,gate=True,mu_floor_scale=1.0,mu_wall_scale=0.7,retreat=30|v10|stop",battery_cr2032,flooring,5.0,1,1,0,0,0,0,0,1,0,1,0,11.01,5.00
"hood|backstop=None,clearance_mm=2.0,funnel=True,gate=True,mu_floor_scale=1.0,mu_wall_scale=0.7,retreat=30|v10|stop",battery_cr2032,flooring,10.0,1,0,0,0,1,0,0,0,1,0,0,,
"hood|backstop=None,clearance_mm=2.0,funnel=True,gate=True,mu_floor_scale=1.0,mu_wall_scale=0.7,retreat=30|v10|stop",battery_cr2032,mat,0.0,1,1,0,0,0,0,0,1,0,1,0,11.00,0.01
"hood|backstop=None,clearance_mm=2.0,funnel=True,gate=True,mu_floor_scale=1.0,mu_wall_scale=0.7,retreat=30|v10|stop",battery_cr2032,mat,5.0,1,1,0,0,0,0,0,1,0,1,0,11.01,5.00
"hood|backstop=None,clearance_mm=2.0,funnel=True,gate=True,mu_floor_scale=1.0,mu_wall_scale=0.7,retreat=30|v10|stop",battery_cr2032,mat,10.0,1,1,0,0,0,0,0,1,1,0,1,11.00,4.68
"hood|backstop=None,clearance_mm=2.0,funnel=True,gate=True,mu_floor_scale=1.0,mu_wall_scale=0.7,retreat=30|v10|stop",bead,flooring,0.0,1,1,0,0,0,0,0,1,0,1,0,5.01,0.00
"hood|backstop=None,clearance_mm=2.0,funnel=True,gate=True,mu_floor_scale=1.0,mu_wall_scale=0.7,retreat=30|v10|stop",bead,flooring,5.0,1,1,0,0,0,0,0,1,0,1,0,5.01,5.00
"hood|backstop=None,clearance_mm=2.0,funnel=True,gate=True,mu_floor_scale=1.0,mu_wall_scale=0.7,retreat=30|v10|stop",bead,flooring,10.0,1,1,0,0,0,0,0,1,0,1,0,5.00,10.00
"hood|backstop=None,clearance_mm=2.0,funnel=True,gate=True,mu_floor_scale=1.0,mu_wall_scale=0.7,retreat=30|v10|stop",bead,mat,0.0,1,1,0,0,0,0,0,1,0,1,0,5.01,0.00
"hood|backstop=None,clearance_mm=2.0,funnel=True,gate=True,mu_floor_scale=1.0,mu_wall_scale=0.7,retreat=30|v10|stop",bead,mat,5.0,1,1,0,0,0,0,0,1,0,1,0,5.01,5.00
"hood|backstop=None,clearance_mm=2.0,funnel=True,gate=True,mu_floor_scale=1.0,mu_wall_scale=0.7,retreat=30|v10|stop",bead,mat,10.0,1,1,0,0,0,0,0,1,0,1,0,5.00,10.00
"hood|backstop=None,clearance_mm=2.0,funnel=True,gate=True,mu_floor_scale=1.0,mu_wall_scale=0.7,retreat=30|v10|stop",coin_1yen,flooring,0.0,1,0,0,1,0,0,0,1,0,1,0,11.00,0.00
"hood|backstop=None,clearance_mm=2.0,funnel=True,gate=True,mu_floor_scale=1.0,mu_wall_scale=0.7,retreat=30|v10|stop",coin_1yen,flooring,5.0,1,0,0,1,0,0,0,1,0,1,0,11.01,5.00
"hood|backstop=None,clearance_mm=2.0,funnel=True,gate=True,mu_floor_scale=1.0,mu_wall_scale=0.7,retreat=30|v10|stop",coin_1yen,flooring,10.0,1,0,0,1,0,0,0,1,0,1,0,11.00,10.00
"hood|backstop=None,clearance_mm=2.0,funnel=True,gate=True,mu_floor_scale=1.0,mu_wall_scale=0.7,retreat=30|v10|stop",coin_1yen,mat,0.0,1,0,0,1,0,0,0,1,0,1,0,11.00,0.00
"hood|backstop=None,clearance_mm=2.0,funnel=True,gate=True,mu_floor_scale=1.0,mu_wall_scale=0.7,retreat=30|v10|stop",coin_1yen,mat,5.0,1,0,0,1,0,0,0,1,0,1,0,11.01,5.00
"hood|backstop=None,clearance_mm=2.0,funnel=True,gate=True,mu_floor_scale=1.0,mu_wall_scale=0.7,retreat=30|v10|stop",coin_1yen,mat,10.0,1,0,0,1,0,0,0,1,0,1,0,11.00,10.00
"hood|backstop=None,clearance_mm=2.0,funnel=True,gate=True,mu_floor_scale=1.0,mu_wall_scale=0.7,retreat=30|v10|stop",crumb_cube,flooring,0.0,1,1,0,0,0,0,0,1,0,1,0,8.07,0.00
"hood|backstop=None,clearance_mm=2.0,funnel=True,gate=True,mu_floor_scale=1.0,mu_wall_scale=0.7,retreat=30|v10|stop",crumb_cube,flooring,5.0,1,1,0,0,0,0,0,1,0,1,0,8.07,5.00
"hood|backstop=None,clearance_mm=2.0,funnel=True,gate=True,mu_floor_scale=1.0,mu_wall_scale=0.7,retreat=30|v10|stop",crumb_cube,flooring,10.0,1,1,0,0,0,0,0,1,1,0,1,8.08,8.84
"hood|backstop=None,clearance_mm=2.0,funnel=True,gate=True,mu_floor_scale=1.0,mu_wall_scale=0.7,retreat=30|v10|stop",crumb_cube,mat,0.0,1,1,0,0,0,0,0,1,0,1,0,8.07,0.00
"hood|backstop=None,clearance_mm=2.0,funnel=True,gate=True,mu_floor_scale=1.0,mu_wall_scale=0.7,retreat=30|v10|stop",crumb_cube,mat,5.0,1,1,0,0,0,0,0,1,0,1,0,8.07,5.00
"hood|backstop=None,clearance_mm=2.0,funnel=True,gate=True,mu_floor_scale=1.0,mu_wall_scale=0.7,retreat=30|v10|stop",crumb_cube,mat,10.0,1,1,0,0,0,0,0,1,1,0,1,8.08,8.84
"hood|backstop=None,clearance_mm=2.0,funnel=True,gate=True,mu_floor_scale=1.0,mu_wall_scale=1.0,retreat=30|v10|stop",battery_cr2032,flooring,0.0,1,1,0,0,0,0,0,1,0,1,0,11.00,0.01
"hood|backstop=None,clearance_mm=2.0,funnel=True,gate=True,mu_floor_scale=1.0,mu_wall_scale=1.0,retreat=30|v10|stop",battery_cr2032,flooring,5.0,1,1,0,0,0,0,0,1,0,1,0,11.01,5.00
"hood|backstop=None,clearance_mm=2.0,funnel=True,gate=True,mu_floor_scale=1.0,mu_wall_scale=1.0,retreat=30|v10|stop",battery_cr2032,flooring,10.0,1,1,0,0,0,0,0,1,1,0,1,11.01,4.98
"hood|backstop=None,clearance_mm=2.0,funnel=True,gate=True,mu_floor_scale=1.0,mu_wall_scale=1.0,retreat=30|v10|stop",battery_cr2032,mat,0.0,1,1,0,0,0,0,0,1,0,1,0,11.00,0.01
"hood|backstop=None,clearance_mm=2.0,funnel=True,gate=True,mu_floor_scale=1.0,mu_wall_scale=1.0,retreat=30|v10|stop",battery_cr2032,mat,5.0,1,1,0,0,0,0,0,1,0,1,0,11.01,5.00
"hood|backstop=None,clearance_mm=2.0,funnel=True,gate=True,mu_floor_scale=1.0,mu_wall_scale=1.0,retreat=30|v10|stop",battery_cr2032,mat,10.0,1,1,0,0,0,0,0,1,1,0,1,11.00,4.60
"hood|backstop=None,clearance_mm=2.0,funnel=True,gate=True,mu_floor_scale=1.0,mu_wall_scale=1.0,retreat=30|v10|stop",bead,flooring,0.0,1,1,0,0,0,0,0,1,0,1,0,5.01,0.00
"hood|backstop=None,clearance_mm=2.0,funnel=True,gate=True,mu_floor_scale=1.0,mu_wall_scale=1.0,retreat=30|v10|stop",bead,flooring,5.0,1,1,0,0,0,0,0,1,0,1,0,5.01,5.00
"hood|backstop=None,clearance_mm=2.0,funnel=True,gate=True,mu_floor_scale=1.0,mu_wall_scale=1.0,retreat=30|v10|stop",bead,flooring,10.0,1,1,0,0,0,0,0,1,0,1,0,5.00,10.00
"hood|backstop=None,clearance_mm=2.0,funnel=True,gate=True,mu_floor_scale=1.0,mu_wall_scale=1.0,retreat=30|v10|stop",bead,mat,0.0,1,1,0,0,0,0,0,1,0,1,0,5.01,0.00
"hood|backstop=None,clearance_mm=2.0,funnel=True,gate=True,mu_floor_scale=1.0,mu_wall_scale=1.0,retreat=30|v10|stop",bead,mat,5.0,1,1,0,0,0,0,0,1,0,1,0,5.01,5.00
"hood|backstop=None,clearance_mm=2.0,funnel=True,gate=True,mu_floor_scale=1.0,mu_wall_scale=1.0,retreat=30|v10|stop",bead,mat,10.0,1,1,0,0,0,0,0,1,0,1,0,5.00,10.00
"hood|backstop=None,clearance_mm=2.0,funnel=True,gate=True,mu_floor_scale=1.0,mu_wall_scale=1.0,retreat=30|v10|stop",coin_1yen,flooring,0.0,1,0,0,1,0,0,0,1,0,1,0,11.00,0.00
"hood|backstop=None,clearance_mm=2.0,funnel=True,gate=True,mu_floor_scale=1.0,mu_wall_scale=1.0,retreat=30|v10|stop",coin_1yen,flooring,5.0,1,0,0,1,0,0,0,1,0,1,0,11.01,5.00
"hood|backstop=None,clearance_mm=2.0,funnel=True,gate=True,mu_floor_scale=1.0,mu_wall_scale=1.0,retreat=30|v10|stop",coin_1yen,flooring,10.0,1,0,0,1,0,0,0,1,0,1,0,11.00,10.00
"hood|backstop=None,clearance_mm=2.0,funnel=True,gate=True,mu_floor_scale=1.0,mu_wall_scale=1.0,retreat=30|v10|stop",coin_1yen,mat,0.0,1,0,0,1,0,0,0,1,0,1,0,11.00,0.00
"hood|backstop=None,clearance_mm=2.0,funnel=True,gate=True,mu_floor_scale=1.0,mu_wall_scale=1.0,retreat=30|v10|stop",coin_1yen,mat,5.0,1,0,0,1,0,0,0,1,0,1,0,11.01,5.00
"hood|backstop=None,clearance_mm=2.0,funnel=True,gate=True,mu_floor_scale=1.0,mu_wall_scale=1.0,retreat=30|v10|stop",coin_1yen,mat,10.0,1,0,0,1,0,0,0,1,0,1,0,11.00,10.00
"hood|backstop=None,clearance_mm=2.0,funnel=True,gate=True,mu_floor_scale=1.0,mu_wall_scale=1.0,retreat=30|v10|stop",crumb_cube,flooring,0.0,1,1,0,0,0,0,0,1,0,1,0,8.07,0.00
"hood|backstop=None,clearance_mm=2.0,funnel=True,gate=True,mu_floor_scale=1.0,mu_wall_scale=1.0,retreat=30|v10|stop",crumb_cube,flooring,5.0,1,1,0,0,0,0,0,1,0,1,0,8.07,5.00
"hood|backstop=None,clearance_mm=2.0,funnel=True,gate=True,mu_floor_scale=1.0,mu_wall_scale=1.0,retreat=30|v10|stop",crumb_cube,flooring,10.0,1,1,0,0,0,0,0,1,1,0,1,8.08,8.88
"hood|backstop=None,clearance_mm=2.0,funnel=True,gate=True,mu_floor_scale=1.0,mu_wall_scale=1.0,retreat=30|v10|stop",crumb_cube,mat,0.0,1,1,0,0,0,0,0,1,0,1,0,8.07,0.00
"hood|backstop=None,clearance_mm=2.0,funnel=True,gate=True,mu_floor_scale=1.0,mu_wall_scale=1.0,retreat=30|v10|stop",crumb_cube,mat,5.0,1,1,0,0,0,0,0,1,0,1,0,8.07,5.00
"hood|backstop=None,clearance_mm=2.0,funnel=True,gate=True,mu_floor_scale=1.0,mu_wall_scale=1.0,retreat=30|v10|stop",crumb_cube,mat,10.0,1,1,0,0,0,0,0,1,1,0,1,8.08,8.88
"hood|backstop=None,clearance_mm=2.0,funnel=True,gate=True,mu_floor_scale=1.0,mu_wall_scale=1.4,retreat=30|v10|stop",battery_cr2032,flooring,0.0,1,1,0,0,0,0,0,1,0,1,0,11.00,0.01
"hood|backstop=None,clearance_mm=2.0,funnel=True,gate=True,mu_floor_scale=1.0,mu_wall_scale=1.4,retreat=30|v10|stop",battery_cr2032,flooring,5.0,1,1,0,0,0,0,0,1,0,1,0,11.01,5.00
"hood|backstop=None,clearance_mm=2.0,funnel=True,gate=True,mu_floor_scale=1.0,mu_wall_scale=1.4,retreat=30|v10|stop",battery_cr2032,flooring,10.0,1,0,1,0,0,0,0,1,1,0,1,11.01,3.96
"hood|backstop=None,clearance_mm=2.0,funnel=True,gate=True,mu_floor_scale=1.0,mu_wall_scale=1.4,retreat=30|v10|stop",battery_cr2032,mat,0.0,1,1,0,0,0,0,0,1,0,1,0,11.00,0.01
"hood|backstop=None,clearance_mm=2.0,funnel=True,gate=True,mu_floor_scale=1.0,mu_wall_scale=1.4,retreat=30|v10|stop",battery_cr2032,mat,5.0,1,1,0,0,0,0,0,1,0,1,0,11.01,5.00
"hood|backstop=None,clearance_mm=2.0,funnel=True,gate=True,mu_floor_scale=1.0,mu_wall_scale=1.4,retreat=30|v10|stop",battery_cr2032,mat,10.0,1,0,1,0,0,0,0,1,1,0,1,11.03,4.61
"hood|backstop=None,clearance_mm=2.0,funnel=True,gate=True,mu_floor_scale=1.0,mu_wall_scale=1.4,retreat=30|v10|stop",bead,flooring,0.0,1,1,0,0,0,0,0,1,0,1,0,5.01,0.00
"hood|backstop=None,clearance_mm=2.0,funnel=True,gate=True,mu_floor_scale=1.0,mu_wall_scale=1.4,retreat=30|v10|stop",bead,flooring,5.0,1,1,0,0,0,0,0,1,0,1,0,5.01,5.00
"hood|backstop=None,clearance_mm=2.0,funnel=True,gate=True,mu_floor_scale=1.0,mu_wall_scale=1.4,retreat=30|v10|stop",bead,flooring,10.0,1,1,0,0,0,0,0,1,0,1,0,5.00,10.00
"hood|backstop=None,clearance_mm=2.0,funnel=True,gate=True,mu_floor_scale=1.0,mu_wall_scale=1.4,retreat=30|v10|stop",bead,mat,0.0,1,1,0,0,0,0,0,1,0,1,0,5.01,0.00
"hood|backstop=None,clearance_mm=2.0,funnel=True,gate=True,mu_floor_scale=1.0,mu_wall_scale=1.4,retreat=30|v10|stop",bead,mat,5.0,1,1,0,0,0,0,0,1,0,1,0,5.01,5.00
"hood|backstop=None,clearance_mm=2.0,funnel=True,gate=True,mu_floor_scale=1.0,mu_wall_scale=1.4,retreat=30|v10|stop",bead,mat,10.0,1,1,0,0,0,0,0,1,0,1,0,5.00,10.00
"hood|backstop=None,clearance_mm=2.0,funnel=True,gate=True,mu_floor_scale=1.0,mu_wall_scale=1.4,retreat=30|v10|stop",coin_1yen,flooring,0.0,1,0,0,1,0,0,0,1,0,1,0,11.00,0.00
"hood|backstop=None,clearance_mm=2.0,funnel=True,gate=True,mu_floor_scale=1.0,mu_wall_scale=1.4,retreat=30|v10|stop",coin_1yen,flooring,5.0,1,0,0,1,0,0,0,1,0,1,0,11.01,5.00
"hood|backstop=None,clearance_mm=2.0,funnel=True,gate=True,mu_floor_scale=1.0,mu_wall_scale=1.4,retreat=30|v10|stop",coin_1yen,flooring,10.0,1,0,0,1,0,0,0,1,0,1,0,11.00,10.00
"hood|backstop=None,clearance_mm=2.0,funnel=True,gate=True,mu_floor_scale=1.0,mu_wall_scale=1.4,retreat=30|v10|stop",coin_1yen,mat,0.0,1,0,0,1,0,0,0,1,0,1,0,11.00,0.00
"hood|backstop=None,clearance_mm=2.0,funnel=True,gate=True,mu_floor_scale=1.0,mu_wall_scale=1.4,retreat=30|v10|stop",coin_1yen,mat,5.0,1,0,0,1,0,0,0,1,0,1,0,11.01,5.00
"hood|backstop=None,clearance_mm=2.0,funnel=True,gate=True,mu_floor_scale=1.0,mu_wall_scale=1.4,retreat=30|v10|stop",coin_1yen,mat,10.0,1,0,0,1,0,0,0,1,0,1,0,11.00,10.00
"hood|backstop=None,clearance_mm=2.0,funnel=True,gate=True,mu_floor_scale=1.0,mu_wall_scale=1.4,retreat=30|v10|stop",crumb_cube,flooring,0.0,1,1,0,0,0,0,0,1,0,1,0,8.07,0.00
"hood|backstop=None,clearance_mm=2.0,funnel=True,gate=True,mu_floor_scale=1.0,mu_wall_scale=1.4,retreat=30|v10|stop",crumb_cube,flooring,5.0,1,1,0,0,0,0,0,1,0,1,0,8.07,5.00
"hood|backstop=None,clearance_mm=2.0,funnel=True,gate=True,mu_floor_scale=1.0,mu_wall_scale=1.4,retreat=30|v10|stop",crumb_cube,flooring,10.0,1,1,0,0,0,0,0,1,1,0,1,8.08,8.92
"hood|backstop=None,clearance_mm=2.0,funnel=True,gate=True,mu_floor_scale=1.0,mu_wall_scale=1.4,retreat=30|v10|stop",crumb_cube,mat,0.0,1,1,0,0,0,0,0,1,0,1,0,8.07,0.00
"hood|backstop=None,clearance_mm=2.0,funnel=True,gate=True,mu_floor_scale=1.0,mu_wall_scale=1.4,retreat=30|v10|stop",crumb_cube,mat,5.0,1,1,0,0,0,0,0,1,0,1,0,8.07,5.00
"hood|backstop=None,clearance_mm=2.0,funnel=True,gate=True,mu_floor_scale=1.0,mu_wall_scale=1.4,retreat=30|v10|stop",crumb_cube,mat,10.0,1,1,0,0,0,0,0,1,1,0,1,8.08,8.92
"hood|backstop=None,clearance_mm=2.0,funnel=True,gate=True,mu_floor_scale=1.4,mu_wall_scale=0.7,retreat=30|v10|stop",battery_cr2032,flooring,0.0,1,1,0,0,0,0,0,1,0,1,0,11.01,0.01
"hood|backstop=None,clearance_mm=2.0,funnel=True,gate=True,mu_floor_scale=1.4,mu_wall_scale=0.7,retreat=30|v10|stop",battery_cr2032,flooring,5.0,1,1,0,0,0,0,0,1,0,1,0,11.01,5.00
"hood|backstop=None,clearance_mm=2.0,funnel=True,gate=True,mu_floor_scale=1.4,mu_wall_scale=0.7,retreat=30|v10|stop",battery_cr2032,flooring,10.0,1,0,0,0,1,0,0,0,1,0,0,,
"hood|backstop=None,clearance_mm=2.0,funnel=True,gate=True,mu_floor_scale=1.4,mu_wall_scale=0.7,retreat=30|v10|stop",battery_cr2032,mat,0.0,1,1,0,0,0,0,0,1,0,1,0,11.00,0.01
"hood|backstop=None,clearance_mm=2.0,funnel=True,gate=True,mu_floor_scale=1.4,mu_wall_scale=0.7,retreat=30|v10|stop",battery_cr2032,mat,5.0,1,1,0,0,0,0,0,1,0,1,0,11.01,5.00
"hood|backstop=None,clearance_mm=2.0,funnel=True,gate=True,mu_floor_scale=1.4,mu_wall_scale=0.7,retreat=30|v10|stop",battery_cr2032,mat,10.0,1,1,0,0,0,0,0,1,1,0,1,11.01,4.26
"hood|backstop=None,clearance_mm=2.0,funnel=True,gate=True,mu_floor_scale=1.4,mu_wall_scale=0.7,retreat=30|v10|stop",bead,flooring,0.0,1,1,0,0,0,0,0,1,0,1,0,5.01,0.00
"hood|backstop=None,clearance_mm=2.0,funnel=True,gate=True,mu_floor_scale=1.4,mu_wall_scale=0.7,retreat=30|v10|stop",bead,flooring,5.0,1,1,0,0,0,0,0,1,0,1,0,5.01,5.00
"hood|backstop=None,clearance_mm=2.0,funnel=True,gate=True,mu_floor_scale=1.4,mu_wall_scale=0.7,retreat=30|v10|stop",bead,flooring,10.0,1,1,0,0,0,0,0,1,0,1,0,5.00,10.00
"hood|backstop=None,clearance_mm=2.0,funnel=True,gate=True,mu_floor_scale=1.4,mu_wall_scale=0.7,retreat=30|v10|stop",bead,mat,0.0,1,1,0,0,0,0,0,1,0,1,0,5.01,0.00
"hood|backstop=None,clearance_mm=2.0,funnel=True,gate=True,mu_floor_scale=1.4,mu_wall_scale=0.7,retreat=30|v10|stop",bead,mat,5.0,1,1,0,0,0,0,0,1,0,1,0,5.01,5.00
"hood|backstop=None,clearance_mm=2.0,funnel=True,gate=True,mu_floor_scale=1.4,mu_wall_scale=0.7,retreat=30|v10|stop",bead,mat,10.0,1,1,0,0,0,0,0,1,0,1,0,5.00,10.00
"hood|backstop=None,clearance_mm=2.0,funnel=True,gate=True,mu_floor_scale=1.4,mu_wall_scale=0.7,retreat=30|v10|stop",coin_1yen,flooring,0.0,1,0,0,1,0,0,0,1,0,1,0,11.00,0.00
"hood|backstop=None,clearance_mm=2.0,funnel=True,gate=True,mu_floor_scale=1.4,mu_wall_scale=0.7,retreat=30|v10|stop",coin_1yen,flooring,5.0,1,0,0,1,0,0,0,1,0,1,0,11.01,5.00
"hood|backstop=None,clearance_mm=2.0,funnel=True,gate=True,mu_floor_scale=1.4,mu_wall_scale=0.7,retreat=30|v10|stop",coin_1yen,flooring,10.0,1,0,0,1,0,0,0,1,0,1,0,11.00,10.00
"hood|backstop=None,clearance_mm=2.0,funnel=True,gate=True,mu_floor_scale=1.4,mu_wall_scale=0.7,retreat=30|v10|stop",coin_1yen,mat,0.0,1,0,0,1,0,0,0,1,0,1,0,11.00,0.00
"hood|backstop=None,clearance_mm=2.0,funnel=True,gate=True,mu_floor_scale=1.4,mu_wall_scale=0.7,retreat=30|v10|stop",coin_1yen,mat,5.0,1,0,0,1,0,0,0,1,0,1,0,11.01,5.00
"hood|backstop=None,clearance_mm=2.0,funnel=True,gate=True,mu_floor_scale=1.4,mu_wall_scale=0.7,retreat=30|v10|stop",coin_1yen,mat,10.0,1,0,0,1,0,0,0,1,0,1,0,11.00,10.00
"hood|backstop=None,clearance_mm=2.0,funnel=True,gate=True,mu_floor_scale=1.4,mu_wall_scale=0.7,retreat=30|v10|stop",crumb_cube,flooring,0.0,1,1,0,0,0,0,0,1,0,1,0,8.07,0.00
"hood|backstop=None,clearance_mm=2.0,funnel=True,gate=True,mu_floor_scale=1.4,mu_wall_scale=0.7,retreat=30|v10|stop",crumb_cube,flooring,5.0,1,1,0,0,0,0,0,1,0,1,0,8.07,5.00
"hood|backstop=None,clearance_mm=2.0,funnel=True,gate=True,mu_floor_scale=1.4,mu_wall_scale=0.7,retreat=30|v10|stop",crumb_cube,flooring,10.0,1,1,0,0,0,0,0,1,1,0,1,8.08,8.90
"hood|backstop=None,clearance_mm=2.0,funnel=True,gate=True,mu_floor_scale=1.4,mu_wall_scale=0.7,retreat=30|v10|stop",crumb_cube,mat,0.0,1,1,0,0,0,0,0,1,0,1,0,8.07,0.00
"hood|backstop=None,clearance_mm=2.0,funnel=True,gate=True,mu_floor_scale=1.4,mu_wall_scale=0.7,retreat=30|v10|stop",crumb_cube,mat,5.0,1,1,0,0,0,0,0,1,0,1,0,8.07,5.00
"hood|backstop=None,clearance_mm=2.0,funnel=True,gate=True,mu_floor_scale=1.4,mu_wall_scale=0.7,retreat=30|v10|stop",crumb_cube,mat,10.0,1,1,0,0,0,0,0,1,1,0,1,8.08,8.90
"hood|backstop=None,clearance_mm=2.0,funnel=True,gate=True,mu_floor_scale=1.4,mu_wall_scale=1.0,retreat=30|v10|stop",battery_cr2032,flooring,0.0,1,1,0,0,0,0,0,1,0,1,0,11.01,0.01
"hood|backstop=None,clearance_mm=2.0,funnel=True,gate=True,mu_floor_scale=1.4,mu_wall_scale=1.0,retreat=30|v10|stop",battery_cr2032,flooring,5.0,1,1,0,0,0,0,0,1,0,1,0,11.01,5.00
"hood|backstop=None,clearance_mm=2.0,funnel=True,gate=True,mu_floor_scale=1.4,mu_wall_scale=1.0,retreat=30|v10|stop",battery_cr2032,flooring,10.0,1,1,0,0,0,0,0,1,1,0,1,11.01,4.69
"hood|backstop=None,clearance_mm=2.0,funnel=True,gate=True,mu_floor_scale=1.4,mu_wall_scale=1.0,retreat=30|v10|stop",battery_cr2032,mat,0.0,1,1,0,0,0,0,0,1,0,1,0,11.00,0.01
"hood|backstop=None,clearance_mm=2.0,funnel=True,gate=True,mu_floor_scale=1.4,mu_wall_scale=1.0,retreat=30|v10|stop",battery_cr2032,mat,5.0,1,1,0,0,0,0,0,1,0,1,0,11.01,5.00
"hood|backstop=None,clearance_mm=2.0,funnel=True,gate=True,mu_floor_scale=1.4,mu_wall_scale=1.0,retreat=30|v10|stop",battery_cr2032,mat,10.0,1,1,0,0,0,0,0,1,1,0,1,11.00,4.44
"hood|backstop=None,clearance_mm=2.0,funnel=True,gate=True,mu_floor_scale=1.4,mu_wall_scale=1.0,retreat=30|v10|stop",bead,flooring,0.0,1,1,0,0,0,0,0,1,0,1,0,5.01,0.00
"hood|backstop=None,clearance_mm=2.0,funnel=True,gate=True,mu_floor_scale=1.4,mu_wall_scale=1.0,retreat=30|v10|stop",bead,flooring,5.0,1,1,0,0,0,0,0,1,0,1,0,5.01,5.00
"hood|backstop=None,clearance_mm=2.0,funnel=True,gate=True,mu_floor_scale=1.4,mu_wall_scale=1.0,retreat=30|v10|stop",bead,flooring,10.0,1,1,0,0,0,0,0,1,0,1,0,5.00,10.00
"hood|backstop=None,clearance_mm=2.0,funnel=True,gate=True,mu_floor_scale=1.4,mu_wall_scale=1.0,retreat=30|v10|stop",bead,mat,0.0,1,1,0,0,0,0,0,1,0,1,0,5.01,0.00
"hood|backstop=None,clearance_mm=2.0,funnel=True,gate=True,mu_floor_scale=1.4,mu_wall_scale=1.0,retreat=30|v10|stop",bead,mat,5.0,1,1,0,0,0,0,0,1,0,1,0,5.01,5.00
"hood|backstop=None,clearance_mm=2.0,funnel=True,gate=True,mu_floor_scale=1.4,mu_wall_scale=1.0,retreat=30|v10|stop",bead,mat,10.0,1,1,0,0,0,0,0,1,0,1,0,5.00,10.00
"hood|backstop=None,clearance_mm=2.0,funnel=True,gate=True,mu_floor_scale=1.4,mu_wall_scale=1.0,retreat=30|v10|stop",coin_1yen,flooring,0.0,1,0,0,1,0,0,0,1,0,1,0,11.00,0.00
"hood|backstop=None,clearance_mm=2.0,funnel=True,gate=True,mu_floor_scale=1.4,mu_wall_scale=1.0,retreat=30|v10|stop",coin_1yen,flooring,5.0,1,0,0,1,0,0,0,1,0,1,0,11.01,5.00
"hood|backstop=None,clearance_mm=2.0,funnel=True,gate=True,mu_floor_scale=1.4,mu_wall_scale=1.0,retreat=30|v10|stop",coin_1yen,flooring,10.0,1,0,0,1,0,0,0,1,0,1,0,11.00,10.00
"hood|backstop=None,clearance_mm=2.0,funnel=True,gate=True,mu_floor_scale=1.4,mu_wall_scale=1.0,retreat=30|v10|stop",coin_1yen,mat,0.0,1,0,0,1,0,0,0,1,0,1,0,11.00,0.00
"hood|backstop=None,clearance_mm=2.0,funnel=True,gate=True,mu_floor_scale=1.4,mu_wall_scale=1.0,retreat=30|v10|stop",coin_1yen,mat,5.0,1,0,0,1,0,0,0,1,0,1,0,11.01,5.00
"hood|backstop=None,clearance_mm=2.0,funnel=True,gate=True,mu_floor_scale=1.4,mu_wall_scale=1.0,retreat=30|v10|stop",coin_1yen,mat,10.0,1,0,0,1,0,0,0,1,0,1,0,11.00,10.00
"hood|backstop=None,clearance_mm=2.0,funnel=True,gate=True,mu_floor_scale=1.4,mu_wall_scale=1.0,retreat=30|v10|stop",crumb_cube,flooring,0.0,1,1,0,0,0,0,0,1,0,1,0,8.07,0.00
"hood|backstop=None,clearance_mm=2.0,funnel=True,gate=True,mu_floor_scale=1.4,mu_wall_scale=1.0,retreat=30|v10|stop",crumb_cube,flooring,5.0,1,1,0,0,0,0,0,1,0,1,0,8.07,5.00
"hood|backstop=None,clearance_mm=2.0,funnel=True,gate=True,mu_floor_scale=1.4,mu_wall_scale=1.0,retreat=30|v10|stop",crumb_cube,flooring,10.0,1,1,0,0,0,0,0,1,1,0,1,8.07,8.90
"hood|backstop=None,clearance_mm=2.0,funnel=True,gate=True,mu_floor_scale=1.4,mu_wall_scale=1.0,retreat=30|v10|stop",crumb_cube,mat,0.0,1,1,0,0,0,0,0,1,0,1,0,8.07,0.00
"hood|backstop=None,clearance_mm=2.0,funnel=True,gate=True,mu_floor_scale=1.4,mu_wall_scale=1.0,retreat=30|v10|stop",crumb_cube,mat,5.0,1,1,0,0,0,0,0,1,0,1,0,8.07,5.00
"hood|backstop=None,clearance_mm=2.0,funnel=True,gate=True,mu_floor_scale=1.4,mu_wall_scale=1.0,retreat=30|v10|stop",crumb_cube,mat,10.0,1,1,0,0,0,0,0,1,1,0,1,8.07,8.90
"hood|backstop=None,clearance_mm=2.0,funnel=True,gate=True,mu_floor_scale=1.4,mu_wall_scale=1.4,retreat=30|v10|stop",battery_cr2032,flooring,0.0,1,1,0,0,0,0,0,1,0,1,0,11.01,0.01
"hood|backstop=None,clearance_mm=2.0,funnel=True,gate=True,mu_floor_scale=1.4,mu_wall_scale=1.4,retreat=30|v10|stop",battery_cr2032,flooring,5.0,1,1,0,0,0,0,0,1,0,1,0,11.01,5.00
"hood|backstop=None,clearance_mm=2.0,funnel=True,gate=True,mu_floor_scale=1.4,mu_wall_scale=1.4,retreat=30|v10|stop",battery_cr2032,flooring,10.0,1,1,0,0,0,0,0,1,1,0,1,11.01,4.78
"hood|backstop=None,clearance_mm=2.0,funnel=True,gate=True,mu_floor_scale=1.4,mu_wall_scale=1.4,retreat=30|v10|stop",battery_cr2032,mat,0.0,1,1,0,0,0,0,0,1,0,1,0,11.00,0.01
"hood|backstop=None,clearance_mm=2.0,funnel=True,gate=True,mu_floor_scale=1.4,mu_wall_scale=1.4,retreat=30|v10|stop",battery_cr2032,mat,5.0,1,1,0,0,0,0,0,1,0,1,0,11.01,5.00
"hood|backstop=None,clearance_mm=2.0,funnel=True,gate=True,mu_floor_scale=1.4,mu_wall_scale=1.4,retreat=30|v10|stop",battery_cr2032,mat,10.0,1,1,0,0,0,0,0,1,1,0,1,11.01,4.24
"hood|backstop=None,clearance_mm=2.0,funnel=True,gate=True,mu_floor_scale=1.4,mu_wall_scale=1.4,retreat=30|v10|stop",bead,flooring,0.0,1,1,0,0,0,0,0,1,0,1,0,5.01,0.00
"hood|backstop=None,clearance_mm=2.0,funnel=True,gate=True,mu_floor_scale=1.4,mu_wall_scale=1.4,retreat=30|v10|stop",bead,flooring,5.0,1,1,0,0,0,0,0,1,0,1,0,5.01,5.00
"hood|backstop=None,clearance_mm=2.0,funnel=True,gate=True,mu_floor_scale=1.4,mu_wall_scale=1.4,retreat=30|v10|stop",bead,flooring,10.0,1,1,0,0,0,0,0,1,0,1,0,5.00,10.00
"hood|backstop=None,clearance_mm=2.0,funnel=True,gate=True,mu_floor_scale=1.4,mu_wall_scale=1.4,retreat=30|v10|stop",bead,mat,0.0,1,1,0,0,0,0,0,1,0,1,0,5.01,0.00
"hood|backstop=None,clearance_mm=2.0,funnel=True,gate=True,mu_floor_scale=1.4,mu_wall_scale=1.4,retreat=30|v10|stop",bead,mat,5.0,1,1,0,0,0,0,0,1,0,1,0,5.01,5.00
"hood|backstop=None,clearance_mm=2.0,funnel=True,gate=True,mu_floor_scale=1.4,mu_wall_scale=1.4,retreat=30|v10|stop",bead,mat,10.0,1,1,0,0,0,0,0,1,0,1,0,5.00,10.00
"hood|backstop=None,clearance_mm=2.0,funnel=True,gate=True,mu_floor_scale=1.4,mu_wall_scale=1.4,retreat=30|v10|stop",coin_1yen,flooring,0.0,1,0,0,1,0,0,0,1,0,1,0,11.00,0.00
"hood|backstop=None,clearance_mm=2.0,funnel=True,gate=True,mu_floor_scale=1.4,mu_wall_scale=1.4,retreat=30|v10|stop",coin_1yen,flooring,5.0,1,0,0,1,0,0,0,1,0,1,0,11.01,5.00
"hood|backstop=None,clearance_mm=2.0,funnel=True,gate=True,mu_floor_scale=1.4,mu_wall_scale=1.4,retreat=30|v10|stop",coin_1yen,flooring,10.0,1,0,0,1,0,0,0,1,0,1,0,11.00,10.00
"hood|backstop=None,clearance_mm=2.0,funnel=True,gate=True,mu_floor_scale=1.4,mu_wall_scale=1.4,retreat=30|v10|stop",coin_1yen,mat,0.0,1,0,0,1,0,0,0,1,0,1,0,11.00,0.00
"hood|backstop=None,clearance_mm=2.0,funnel=True,gate=True,mu_floor_scale=1.4,mu_wall_scale=1.4,retreat=30|v10|stop",coin_1yen,mat,5.0,1,0,0,1,0,0,0,1,0,1,0,11.01,5.00
"hood|backstop=None,clearance_mm=2.0,funnel=True,gate=True,mu_floor_scale=1.4,mu_wall_scale=1.4,retreat=30|v10|stop",coin_1yen,mat,10.0,1,0,0,1,0,0,0,1,0,1,0,11.00,10.00
"hood|backstop=None,clearance_mm=2.0,funnel=True,gate=True,mu_floor_scale=1.4,mu_wall_scale=1.4,retreat=30|v10|stop",crumb_cube,flooring,0.0,1,1,0,0,0,0,0,1,0,1,0,8.07,0.00
"hood|backstop=None,clearance_mm=2.0,funnel=True,gate=True,mu_floor_scale=1.4,mu_wall_scale=1.4,retreat=30|v10|stop",crumb_cube,flooring,5.0,1,1,0,0,0,0,0,1,0,1,0,8.07,5.00
"hood|backstop=None,clearance_mm=2.0,funnel=True,gate=True,mu_floor_scale=1.4,mu_wall_scale=1.4,retreat=30|v10|stop",crumb_cube,flooring,10.0,1,1,0,0,0,0,0,1,1,0,1,8.08,8.95
"hood|backstop=None,clearance_mm=2.0,funnel=True,gate=True,mu_floor_scale=1.4,mu_wall_scale=1.4,retreat=30|v10|stop",crumb_cube,mat,0.0,1,1,0,0,0,0,0,1,0,1,0,8.07,0.00
"hood|backstop=None,clearance_mm=2.0,funnel=True,gate=True,mu_floor_scale=1.4,mu_wall_scale=1.4,retreat=30|v10|stop",crumb_cube,mat,5.0,1,1,0,0,0,0,0,1,0,1,0,8.07,5.00
"hood|backstop=None,clearance_mm=2.0,funnel=True,gate=True,mu_floor_scale=1.4,mu_wall_scale=1.4,retreat=30|v10|stop",crumb_cube,mat,10.0,1,1,0,0,0,0,0,1,1,0,1,8.08,8.95
"hood|backstop=None,clearance_mm=2.5,funnel=True,gate=True,mu_floor_scale=0.7,mu_wall_scale=0.7,retreat=30|v10|stop",battery_cr2032,flooring,0.0,1,1,0,0,0,0,0,1,0,1,0,11.00,0.01
"hood|backstop=None,clearance_mm=2.5,funnel=True,gate=True,mu_floor_scale=0.7,mu_wall_scale=0.7,retreat=30|v10|stop",battery_cr2032,flooring,5.0,1,1,0,0,0,0,0,1,0,1,0,11.01,5.00
"hood|backstop=None,clearance_mm=2.5,funnel=True,gate=True,mu_floor_scale=0.7,mu_wall_scale=0.7,retreat=30|v10|stop",battery_cr2032,flooring,10.0,1,1,0,0,0,0,0,1,1,0,1,11.01,4.82
"hood|backstop=None,clearance_mm=2.5,funnel=True,gate=True,mu_floor_scale=0.7,mu_wall_scale=0.7,retreat=30|v10|stop",battery_cr2032,mat,0.0,1,1,0,0,0,0,0,1,0,1,0,11.01,0.01
"hood|backstop=None,clearance_mm=2.5,funnel=True,gate=True,mu_floor_scale=0.7,mu_wall_scale=0.7,retreat=30|v10|stop",battery_cr2032,mat,5.0,1,1,0,0,0,0,0,1,0,1,0,11.01,5.00
"hood|backstop=None,clearance_mm=2.5,funnel=True,gate=True,mu_floor_scale=0.7,mu_wall_scale=0.7,retreat=30|v10|stop",battery_cr2032,mat,10.0,1,1,0,0,0,0,0,1,1,0,1,11.00,5.00
"hood|backstop=None,clearance_mm=2.5,funnel=True,gate=True,mu_floor_scale=0.7,mu_wall_scale=0.7,retreat=30|v10|stop",bead,flooring,0.0,1,1,0,0,0,0,0,1,0,1,0,5.01,0.00
"hood|backstop=None,clearance_mm=2.5,funnel=True,gate=True,mu_floor_scale=0.7,mu_wall_scale=0.7,retreat=30|v10|stop",bead,flooring,5.0,1,1,0,0,0,0,0,1,0,1,0,5.01,5.00
"hood|backstop=None,clearance_mm=2.5,funnel=True,gate=True,mu_floor_scale=0.7,mu_wall_scale=0.7,retreat=30|v10|stop",bead,flooring,10.0,1,1,0,0,0,0,0,1,0,1,0,5.00,10.00
"hood|backstop=None,clearance_mm=2.5,funnel=True,gate=True,mu_floor_scale=0.7,mu_wall_scale=0.7,retreat=30|v10|stop",bead,mat,0.0,1,1,0,0,0,0,0,1,0,1,0,5.01,0.00
"hood|backstop=None,clearance_mm=2.5,funnel=True,gate=True,mu_floor_scale=0.7,mu_wall_scale=0.7,retreat=30|v10|stop",bead,mat,5.0,1,1,0,0,0,0,0,1,0,1,0,5.01,5.00
"hood|backstop=None,clearance_mm=2.5,funnel=True,gate=True,mu_floor_scale=0.7,mu_wall_scale=0.7,retreat=30|v10|stop",bead,mat,10.0,1,1,0,0,0,0,0,1,0,1,0,5.00,10.00
"hood|backstop=None,clearance_mm=2.5,funnel=True,gate=True,mu_floor_scale=0.7,mu_wall_scale=0.7,retreat=30|v10|stop",coin_1yen,flooring,0.0,1,0,0,1,0,0,0,1,0,1,0,11.00,0.00
"hood|backstop=None,clearance_mm=2.5,funnel=True,gate=True,mu_floor_scale=0.7,mu_wall_scale=0.7,retreat=30|v10|stop",coin_1yen,flooring,5.0,1,0,0,1,0,0,0,1,0,1,0,11.01,5.00
"hood|backstop=None,clearance_mm=2.5,funnel=True,gate=True,mu_floor_scale=0.7,mu_wall_scale=0.7,retreat=30|v10|stop",coin_1yen,flooring,10.0,1,0,0,1,0,0,0,1,0,1,0,11.00,10.00
"hood|backstop=None,clearance_mm=2.5,funnel=True,gate=True,mu_floor_scale=0.7,mu_wall_scale=0.7,retreat=30|v10|stop",coin_1yen,mat,0.0,1,0,0,1,0,0,0,1,0,1,0,11.00,0.00
"hood|backstop=None,clearance_mm=2.5,funnel=True,gate=True,mu_floor_scale=0.7,mu_wall_scale=0.7,retreat=30|v10|stop",coin_1yen,mat,5.0,1,0,0,1,0,0,0,1,0,1,0,11.01,5.00
"hood|backstop=None,clearance_mm=2.5,funnel=True,gate=True,mu_floor_scale=0.7,mu_wall_scale=0.7,retreat=30|v10|stop",coin_1yen,mat,10.0,1,0,0,1,0,0,0,1,0,1,0,11.00,10.00
"hood|backstop=None,clearance_mm=2.5,funnel=True,gate=True,mu_floor_scale=0.7,mu_wall_scale=0.7,retreat=30|v10|stop",crumb_cube,flooring,0.0,1,1,0,0,0,0,0,1,0,1,0,8.07,0.00
"hood|backstop=None,clearance_mm=2.5,funnel=True,gate=True,mu_floor_scale=0.7,mu_wall_scale=0.7,retreat=30|v10|stop",crumb_cube,flooring,5.0,1,1,0,0,0,0,0,1,0,1,0,8.07,5.00
"hood|backstop=None,clearance_mm=2.5,funnel=True,gate=True,mu_floor_scale=0.7,mu_wall_scale=0.7,retreat=30|v10|stop",crumb_cube,flooring,10.0,1,1,0,0,0,0,0,1,1,0,1,8.08,8.78
"hood|backstop=None,clearance_mm=2.5,funnel=True,gate=True,mu_floor_scale=0.7,mu_wall_scale=0.7,retreat=30|v10|stop",crumb_cube,mat,0.0,1,1,0,0,0,0,0,1,0,1,0,8.07,0.00
"hood|backstop=None,clearance_mm=2.5,funnel=True,gate=True,mu_floor_scale=0.7,mu_wall_scale=0.7,retreat=30|v10|stop",crumb_cube,mat,5.0,1,1,0,0,0,0,0,1,0,1,0,8.07,5.00
"hood|backstop=None,clearance_mm=2.5,funnel=True,gate=True,mu_floor_scale=0.7,mu_wall_scale=0.7,retreat=30|v10|stop",crumb_cube,mat,10.0,1,1,0,0,0,0,0,1,1,0,1,8.08,8.78
"hood|backstop=None,clearance_mm=2.5,funnel=True,gate=True,mu_floor_scale=0.7,mu_wall_scale=1.0,retreat=30|v10|stop",battery_cr2032,flooring,0.0,1,1,0,0,0,0,0,1,0,1,0,11.00,0.01
"hood|backstop=None,clearance_mm=2.5,funnel=True,gate=True,mu_floor_scale=0.7,mu_wall_scale=1.0,retreat=30|v10|stop",battery_cr2032,flooring,5.0,1,1,0,0,0,0,0,1,0,1,0,11.01,5.00
"hood|backstop=None,clearance_mm=2.5,funnel=True,gate=True,mu_floor_scale=0.7,mu_wall_scale=1.0,retreat=30|v10|stop",battery_cr2032,flooring,10.0,1,1,0,0,0,0,0,1,1,0,1,11.00,4.99
"hood|backstop=None,clearance_mm=2.5,funnel=True,gate=True,mu_floor_scale=0.7,mu_wall_scale=1.0,retreat=30|v10|stop",battery_cr2032,mat,0.0,1,1,0,0,0,0,0,1,0,1,0,11.01,0.01
"hood|backstop=None,clearance_mm=2.5,funnel=True,gate=True,mu_floor_scale=0.7,mu_wall_scale=1.0,retreat=30|v10|stop",battery_cr2032,mat,5.0,1,1,0,0,0,0,0,1,0,1,0,11.01,5.00
"hood|backstop=None,clearance_mm=2.5,funnel=True,gate=True,mu_floor_scale=0.7,mu_wall_scale=1.0,retreat=30|v10|stop",battery_cr2032,mat,10.0,1,1,0,0,0,0,0,1,1,0,1,11.01,5.00
"hood|backstop=None,clearance_mm=2.5,funnel=True,gate=True,mu_floor_scale=0.7,mu_wall_scale=1.0,retreat=30|v10|stop",bead,flooring,0.0,1,1,0,0,0,0,0,1,0,1,0,5.01,0.00
"hood|backstop=None,clearance_mm=2.5,funnel=True,gate=True,mu_floor_scale=0.7,mu_wall_scale=1.0,retreat=30|v10|stop",bead,flooring,5.0,1,1,0,0,0,0,0,1,0,1,0,5.01,5.00
"hood|backstop=None,clearance_mm=2.5,funnel=True,gate=True,mu_floor_scale=0.7,mu_wall_scale=1.0,retreat=30|v10|stop",bead,flooring,10.0,1,1,0,0,0,0,0,1,0,1,0,5.00,10.00
"hood|backstop=None,clearance_mm=2.5,funnel=True,gate=True,mu_floor_scale=0.7,mu_wall_scale=1.0,retreat=30|v10|stop",bead,mat,0.0,1,1,0,0,0,0,0,1,0,1,0,5.01,0.00
"hood|backstop=None,clearance_mm=2.5,funnel=True,gate=True,mu_floor_scale=0.7,mu_wall_scale=1.0,retreat=30|v10|stop",bead,mat,5.0,1,1,0,0,0,0,0,1,0,1,0,5.01,5.00
"hood|backstop=None,clearance_mm=2.5,funnel=True,gate=True,mu_floor_scale=0.7,mu_wall_scale=1.0,retreat=30|v10|stop",bead,mat,10.0,1,1,0,0,0,0,0,1,0,1,0,5.00,10.00
"hood|backstop=None,clearance_mm=2.5,funnel=True,gate=True,mu_floor_scale=0.7,mu_wall_scale=1.0,retreat=30|v10|stop",coin_1yen,flooring,0.0,1,0,0,1,0,0,0,1,0,1,0,11.00,0.00
"hood|backstop=None,clearance_mm=2.5,funnel=True,gate=True,mu_floor_scale=0.7,mu_wall_scale=1.0,retreat=30|v10|stop",coin_1yen,flooring,5.0,1,0,0,1,0,0,0,1,0,1,0,11.01,5.00
"hood|backstop=None,clearance_mm=2.5,funnel=True,gate=True,mu_floor_scale=0.7,mu_wall_scale=1.0,retreat=30|v10|stop",coin_1yen,flooring,10.0,1,0,0,1,0,0,0,1,0,1,0,11.00,10.00
"hood|backstop=None,clearance_mm=2.5,funnel=True,gate=True,mu_floor_scale=0.7,mu_wall_scale=1.0,retreat=30|v10|stop",coin_1yen,mat,0.0,1,0,0,1,0,0,0,1,0,1,0,11.00,0.00
"hood|backstop=None,clearance_mm=2.5,funnel=True,gate=True,mu_floor_scale=0.7,mu_wall_scale=1.0,retreat=30|v10|stop",coin_1yen,mat,5.0,1,0,0,1,0,0,0,1,0,1,0,11.01,5.00
"hood|backstop=None,clearance_mm=2.5,funnel=True,gate=True,mu_floor_scale=0.7,mu_wall_scale=1.0,retreat=30|v10|stop",coin_1yen,mat,10.0,1,0,0,1,0,0,0,1,0,1,0,11.00,10.00
"hood|backstop=None,clearance_mm=2.5,funnel=True,gate=True,mu_floor_scale=0.7,mu_wall_scale=1.0,retreat=30|v10|stop",crumb_cube,flooring,0.0,1,1,0,0,0,0,0,1,0,1,0,8.07,0.00
"hood|backstop=None,clearance_mm=2.5,funnel=True,gate=True,mu_floor_scale=0.7,mu_wall_scale=1.0,retreat=30|v10|stop",crumb_cube,flooring,5.0,1,1,0,0,0,0,0,1,0,1,0,8.07,5.00
"hood|backstop=None,clearance_mm=2.5,funnel=True,gate=True,mu_floor_scale=0.7,mu_wall_scale=1.0,retreat=30|v10|stop",crumb_cube,flooring,10.0,1,1,0,0,0,0,0,1,1,0,1,8.07,8.83
"hood|backstop=None,clearance_mm=2.5,funnel=True,gate=True,mu_floor_scale=0.7,mu_wall_scale=1.0,retreat=30|v10|stop",crumb_cube,mat,0.0,1,1,0,0,0,0,0,1,0,1,0,8.07,0.00
"hood|backstop=None,clearance_mm=2.5,funnel=True,gate=True,mu_floor_scale=0.7,mu_wall_scale=1.0,retreat=30|v10|stop",crumb_cube,mat,5.0,1,1,0,0,0,0,0,1,0,1,0,8.07,5.00
"hood|backstop=None,clearance_mm=2.5,funnel=True,gate=True,mu_floor_scale=0.7,mu_wall_scale=1.0,retreat=30|v10|stop",crumb_cube,mat,10.0,1,1,0,0,0,0,0,1,1,0,1,8.07,8.83
"hood|backstop=None,clearance_mm=2.5,funnel=True,gate=True,mu_floor_scale=0.7,mu_wall_scale=1.4,retreat=30|v10|stop",battery_cr2032,flooring,0.0,1,1,0,0,0,0,0,1,0,1,0,11.00,0.01
"hood|backstop=None,clearance_mm=2.5,funnel=True,gate=True,mu_floor_scale=0.7,mu_wall_scale=1.4,retreat=30|v10|stop",battery_cr2032,flooring,5.0,1,1,0,0,0,0,0,1,0,1,0,11.01,5.00
"hood|backstop=None,clearance_mm=2.5,funnel=True,gate=True,mu_floor_scale=0.7,mu_wall_scale=1.4,retreat=30|v10|stop",battery_cr2032,flooring,10.0,1,1,0,0,0,0,0,1,1,0,1,11.00,5.00
"hood|backstop=None,clearance_mm=2.5,funnel=True,gate=True,mu_floor_scale=0.7,mu_wall_scale=1.4,retreat=30|v10|stop",battery_cr2032,mat,0.0,1,1,0,0,0,0,0,1,0,1,0,11.01,0.01
"hood|backstop=None,clearance_mm=2.5,funnel=True,gate=True,mu_floor_scale=0.7,mu_wall_scale=1.4,retreat=30|v10|stop",battery_cr2032,mat,5.0,1,1,0,0,0,0,0,1,0,1,0,11.01,5.00
"hood|backstop=None,clearance_mm=2.5,funnel=True,gate=True,mu_floor_scale=0.7,mu_wall_scale=1.4,retreat=30|v10|stop",battery_cr2032,mat,10.0,1,1,0,0,0,0,0,1,1,0,1,11.00,5.00
"hood|backstop=None,clearance_mm=2.5,funnel=True,gate=True,mu_floor_scale=0.7,mu_wall_scale=1.4,retreat=30|v10|stop",bead,flooring,0.0,1,1,0,0,0,0,0,1,0,1,0,5.01,0.00
"hood|backstop=None,clearance_mm=2.5,funnel=True,gate=True,mu_floor_scale=0.7,mu_wall_scale=1.4,retreat=30|v10|stop",bead,flooring,5.0,1,1,0,0,0,0,0,1,0,1,0,5.01,5.00
"hood|backstop=None,clearance_mm=2.5,funnel=True,gate=True,mu_floor_scale=0.7,mu_wall_scale=1.4,retreat=30|v10|stop",bead,flooring,10.0,1,1,0,0,0,0,0,1,0,1,0,5.00,10.00
"hood|backstop=None,clearance_mm=2.5,funnel=True,gate=True,mu_floor_scale=0.7,mu_wall_scale=1.4,retreat=30|v10|stop",bead,mat,0.0,1,1,0,0,0,0,0,1,0,1,0,5.01,0.00
"hood|backstop=None,clearance_mm=2.5,funnel=True,gate=True,mu_floor_scale=0.7,mu_wall_scale=1.4,retreat=30|v10|stop",bead,mat,5.0,1,1,0,0,0,0,0,1,0,1,0,5.01,5.00
"hood|backstop=None,clearance_mm=2.5,funnel=True,gate=True,mu_floor_scale=0.7,mu_wall_scale=1.4,retreat=30|v10|stop",bead,mat,10.0,1,1,0,0,0,0,0,1,0,1,0,5.00,10.00
"hood|backstop=None,clearance_mm=2.5,funnel=True,gate=True,mu_floor_scale=0.7,mu_wall_scale=1.4,retreat=30|v10|stop",coin_1yen,flooring,0.0,1,0,0,1,0,0,0,1,0,1,0,11.00,0.00
"hood|backstop=None,clearance_mm=2.5,funnel=True,gate=True,mu_floor_scale=0.7,mu_wall_scale=1.4,retreat=30|v10|stop",coin_1yen,flooring,5.0,1,0,0,1,0,0,0,1,0,1,0,11.01,5.00
"hood|backstop=None,clearance_mm=2.5,funnel=True,gate=True,mu_floor_scale=0.7,mu_wall_scale=1.4,retreat=30|v10|stop",coin_1yen,flooring,10.0,1,0,0,1,0,0,0,1,0,1,0,11.00,10.00
"hood|backstop=None,clearance_mm=2.5,funnel=True,gate=True,mu_floor_scale=0.7,mu_wall_scale=1.4,retreat=30|v10|stop",coin_1yen,mat,0.0,1,0,0,1,0,0,0,1,0,1,0,11.00,0.00
"hood|backstop=None,clearance_mm=2.5,funnel=True,gate=True,mu_floor_scale=0.7,mu_wall_scale=1.4,retreat=30|v10|stop",coin_1yen,mat,5.0,1,0,0,1,0,0,0,1,0,1,0,11.01,5.00
"hood|backstop=None,clearance_mm=2.5,funnel=True,gate=True,mu_floor_scale=0.7,mu_wall_scale=1.4,retreat=30|v10|stop",coin_1yen,mat,10.0,1,0,0,1,0,0,0,1,0,1,0,11.00,10.00
"hood|backstop=None,clearance_mm=2.5,funnel=True,gate=True,mu_floor_scale=0.7,mu_wall_scale=1.4,retreat=30|v10|stop",crumb_cube,flooring,0.0,1,1,0,0,0,0,0,1,0,1,0,8.07,0.00
"hood|backstop=None,clearance_mm=2.5,funnel=True,gate=True,mu_floor_scale=0.7,mu_wall_scale=1.4,retreat=30|v10|stop",crumb_cube,flooring,5.0,1,1,0,0,0,0,0,1,0,1,0,8.07,5.00
"hood|backstop=None,clearance_mm=2.5,funnel=True,gate=True,mu_floor_scale=0.7,mu_wall_scale=1.4,retreat=30|v10|stop",crumb_cube,flooring,10.0,1,1,0,0,0,0,0,1,1,0,1,8.08,8.87
"hood|backstop=None,clearance_mm=2.5,funnel=True,gate=True,mu_floor_scale=0.7,mu_wall_scale=1.4,retreat=30|v10|stop",crumb_cube,mat,0.0,1,1,0,0,0,0,0,1,0,1,0,8.07,0.00
"hood|backstop=None,clearance_mm=2.5,funnel=True,gate=True,mu_floor_scale=0.7,mu_wall_scale=1.4,retreat=30|v10|stop",crumb_cube,mat,5.0,1,1,0,0,0,0,0,1,0,1,0,8.07,5.00
"hood|backstop=None,clearance_mm=2.5,funnel=True,gate=True,mu_floor_scale=0.7,mu_wall_scale=1.4,retreat=30|v10|stop",crumb_cube,mat,10.0,1,1,0,0,0,0,0,1,1,0,1,8.08,8.87
"hood|backstop=None,clearance_mm=2.5,funnel=True,gate=True,mu_floor_scale=1.0,mu_wall_scale=0.7,retreat=30|v10|stop",battery_cr2032,flooring,0.0,1,1,0,0,0,0,0,1,0,1,0,11.00,0.01
"hood|backstop=None,clearance_mm=2.5,funnel=True,gate=True,mu_floor_scale=1.0,mu_wall_scale=0.7,retreat=30|v10|stop",battery_cr2032,flooring,5.0,1,1,0,0,0,0,0,1,0,1,0,11.01,5.00
"hood|backstop=None,clearance_mm=2.5,funnel=True,gate=True,mu_floor_scale=1.0,mu_wall_scale=0.7,retreat=30|v10|stop",battery_cr2032,flooring,10.0,1,1,0,0,0,0,0,1,1,0,1,11.01,4.99
"hood|backstop=None,clearance_mm=2.5,funnel=True,gate=True,mu_floor_scale=1.0,mu_wall_scale=0.7,retreat=30|v10|stop",battery_cr2032,mat,0.0,1,1,0,0,0,0,0,1,0,1,0,11.00,0.01
"hood|backstop=None,clearance_mm=2.5,funnel=True,gate=True,mu_floor_scale=1.0,mu_wall_scale=0.7,retreat=30|v10|stop",battery_cr2032,mat,5.0,1,1,0,0,0,0,0,1,0,1,0,11.01,5.00
"hood|backstop=None,clearance_mm=2.5,funnel=True,gate=True,mu_floor_scale=1.0,mu_wall_scale=0.7,retreat=30|v10|stop",battery_cr2032,mat,10.0,1,1,0,0,0,0,0,1,1,0,1,11.01,4.69
"hood|backstop=None,clearance_mm=2.5,funnel=True,gate=True,mu_floor_scale=1.0,mu_wall_scale=0.7,retreat=30|v10|stop",bead,flooring,0.0,1,1,0,0,0,0,0,1,0,1,0,5.01,0.00
"hood|backstop=None,clearance_mm=2.5,funnel=True,gate=True,mu_floor_scale=1.0,mu_wall_scale=0.7,retreat=30|v10|stop",bead,flooring,5.0,1,1,0,0,0,0,0,1,0,1,0,5.01,5.00
"hood|backstop=None,clearance_mm=2.5,funnel=True,gate=True,mu_floor_scale=1.0,mu_wall_scale=0.7,retreat=30|v10|stop",bead,flooring,10.0,1,1,0,0,0,0,0,1,0,1,0,5.00,10.00
"hood|backstop=None,clearance_mm=2.5,funnel=True,gate=True,mu_floor_scale=1.0,mu_wall_scale=0.7,retreat=30|v10|stop",bead,mat,0.0,1,1,0,0,0,0,0,1,0,1,0,5.01,0.00
"hood|backstop=None,clearance_mm=2.5,funnel=True,gate=True,mu_floor_scale=1.0,mu_wall_scale=0.7,retreat=30|v10|stop",bead,mat,5.0,1,1,0,0,0,0,0,1,0,1,0,5.01,5.00
"hood|backstop=None,clearance_mm=2.5,funnel=True,gate=True,mu_floor_scale=1.0,mu_wall_scale=0.7,retreat=30|v10|stop",bead,mat,10.0,1,1,0,0,0,0,0,1,0,1,0,5.00,10.00
"hood|backstop=None,clearance_mm=2.5,funnel=True,gate=True,mu_floor_scale=1.0,mu_wall_scale=0.7,retreat=30|v10|stop",coin_1yen,flooring,0.0,1,0,0,1,0,0,0,1,0,1,0,11.00,0.00
"hood|backstop=None,clearance_mm=2.5,funnel=True,gate=True,mu_floor_scale=1.0,mu_wall_scale=0.7,retreat=30|v10|stop",coin_1yen,flooring,5.0,1,0,0,1,0,0,0,1,0,1,0,11.01,5.00
"hood|backstop=None,clearance_mm=2.5,funnel=True,gate=True,mu_floor_scale=1.0,mu_wall_scale=0.7,retreat=30|v10|stop",coin_1yen,flooring,10.0,1,0,0,1,0,0,0,1,0,1,0,11.00,10.00
"hood|backstop=None,clearance_mm=2.5,funnel=True,gate=True,mu_floor_scale=1.0,mu_wall_scale=0.7,retreat=30|v10|stop",coin_1yen,mat,0.0,1,0,0,1,0,0,0,1,0,1,0,11.00,0.00
"hood|backstop=None,clearance_mm=2.5,funnel=True,gate=True,mu_floor_scale=1.0,mu_wall_scale=0.7,retreat=30|v10|stop",coin_1yen,mat,5.0,1,0,0,1,0,0,0,1,0,1,0,11.01,5.00
"hood|backstop=None,clearance_mm=2.5,funnel=True,gate=True,mu_floor_scale=1.0,mu_wall_scale=0.7,retreat=30|v10|stop",coin_1yen,mat,10.0,1,0,0,1,0,0,0,1,0,1,0,11.00,10.00
"hood|backstop=None,clearance_mm=2.5,funnel=True,gate=True,mu_floor_scale=1.0,mu_wall_scale=0.7,retreat=30|v10|stop",crumb_cube,flooring,0.0,1,1,0,0,0,0,0,1,0,1,0,8.07,0.00
"hood|backstop=None,clearance_mm=2.5,funnel=True,gate=True,mu_floor_scale=1.0,mu_wall_scale=0.7,retreat=30|v10|stop",crumb_cube,flooring,5.0,1,1,0,0,0,0,0,1,0,1,0,8.07,5.00
"hood|backstop=None,clearance_mm=2.5,funnel=True,gate=True,mu_floor_scale=1.0,mu_wall_scale=0.7,retreat=30|v10|stop",crumb_cube,flooring,10.0,1,1,0,0,0,0,0,1,1,0,1,8.08,8.85
"hood|backstop=None,clearance_mm=2.5,funnel=True,gate=True,mu_floor_scale=1.0,mu_wall_scale=0.7,retreat=30|v10|stop",crumb_cube,mat,0.0,1,1,0,0,0,0,0,1,0,1,0,8.07,0.00
"hood|backstop=None,clearance_mm=2.5,funnel=True,gate=True,mu_floor_scale=1.0,mu_wall_scale=0.7,retreat=30|v10|stop",crumb_cube,mat,5.0,1,1,0,0,0,0,0,1,0,1,0,8.07,5.00
"hood|backstop=None,clearance_mm=2.5,funnel=True,gate=True,mu_floor_scale=1.0,mu_wall_scale=0.7,retreat=30|v10|stop",crumb_cube,mat,10.0,1,1,0,0,0,0,0,1,1,0,1,8.08,8.85
"hood|backstop=None,clearance_mm=2.5,funnel=True,gate=True,mu_floor_scale=1.0,mu_wall_scale=1.0,retreat=30|v10|stop",battery_cr2032,flooring,0.0,1,1,0,0,0,0,0,1,0,1,0,11.00,0.01
"hood|backstop=None,clearance_mm=2.5,funnel=True,gate=True,mu_floor_scale=1.0,mu_wall_scale=1.0,retreat=30|v10|stop",battery_cr2032,flooring,5.0,1,1,0,0,0,0,0,1,0,1,0,11.01,5.00
"hood|backstop=None,clearance_mm=2.5,funnel=True,gate=True,mu_floor_scale=1.0,mu_wall_scale=1.0,retreat=30|v10|stop",battery_cr2032,flooring,10.0,1,1,0,0,0,0,0,1,1,0,1,11.00,4.85
"hood|backstop=None,clearance_mm=2.5,funnel=True,gate=True,mu_floor_scale=1.0,mu_wall_scale=1.0,retreat=30|v10|stop",battery_cr2032,mat,0.0,1,1,0,0,0,0,0,1,0,1,0,11.00,0.01
"hood|backstop=None,clearance_mm=2.5,funnel=True,gate=True,mu_floor_scale=1.0,mu_wall_scale=1.0,retreat=30|v10|stop",battery_cr2032,mat,5.0,1,1,0,0,0,0,0,1,0,1,0,11.01,5.00
"hood|backstop=None,clearance_mm=2.5,funnel=True,gate=True,mu_floor_scale=1.0,mu_wall_scale=1.0,retreat=30|v10|stop",battery_cr2032,mat,10.0,1,1,0,0,0,0,0,1,1,0,1,11.00,5.00
"hood|backstop=None,clearance_mm=2.5,funnel=True,gate=True,mu_floor_scale=1.0,mu_wall_scale=1.0,retreat=30|v10|stop",bead,flooring,0.0,1,1,0,0,0,0,0,1,0,1,0,5.01,0.00
"hood|backstop=None,clearance_mm=2.5,funnel=True,gate=True,mu_floor_scale=1.0,mu_wall_scale=1.0,retreat=30|v10|stop",bead,flooring,5.0,1,1,0,0,0,0,0,1,0,1,0,5.01,5.00
"hood|backstop=None,clearance_mm=2.5,funnel=True,gate=True,mu_floor_scale=1.0,mu_wall_scale=1.0,retreat=30|v10|stop",bead,flooring,10.0,1,1,0,0,0,0,0,1,0,1,0,5.00,10.00
"hood|backstop=None,clearance_mm=2.5,funnel=True,gate=True,mu_floor_scale=1.0,mu_wall_scale=1.0,retreat=30|v10|stop",bead,mat,0.0,1,1,0,0,0,0,0,1,0,1,0,5.01,0.00
"hood|backstop=None,clearance_mm=2.5,funnel=True,gate=True,mu_floor_scale=1.0,mu_wall_scale=1.0,retreat=30|v10|stop",bead,mat,5.0,1,1,0,0,0,0,0,1,0,1,0,5.01,5.00
"hood|backstop=None,clearance_mm=2.5,funnel=True,gate=True,mu_floor_scale=1.0,mu_wall_scale=1.0,retreat=30|v10|stop",bead,mat,10.0,1,1,0,0,0,0,0,1,0,1,0,5.00,10.00
"hood|backstop=None,clearance_mm=2.5,funnel=True,gate=True,mu_floor_scale=1.0,mu_wall_scale=1.0,retreat=30|v10|stop",coin_1yen,flooring,0.0,1,0,0,1,0,0,0,1,0,1,0,11.00,0.00
"hood|backstop=None,clearance_mm=2.5,funnel=True,gate=True,mu_floor_scale=1.0,mu_wall_scale=1.0,retreat=30|v10|stop",coin_1yen,flooring,5.0,1,0,0,1,0,0,0,1,0,1,0,11.01,5.00
"hood|backstop=None,clearance_mm=2.5,funnel=True,gate=True,mu_floor_scale=1.0,mu_wall_scale=1.0,retreat=30|v10|stop",coin_1yen,flooring,10.0,1,0,0,1,0,0,0,1,0,1,0,11.00,10.00
"hood|backstop=None,clearance_mm=2.5,funnel=True,gate=True,mu_floor_scale=1.0,mu_wall_scale=1.0,retreat=30|v10|stop",coin_1yen,mat,0.0,1,0,0,1,0,0,0,1,0,1,0,11.00,0.00
"hood|backstop=None,clearance_mm=2.5,funnel=True,gate=True,mu_floor_scale=1.0,mu_wall_scale=1.0,retreat=30|v10|stop",coin_1yen,mat,5.0,1,0,0,1,0,0,0,1,0,1,0,11.01,5.00
"hood|backstop=None,clearance_mm=2.5,funnel=True,gate=True,mu_floor_scale=1.0,mu_wall_scale=1.0,retreat=30|v10|stop",coin_1yen,mat,10.0,1,0,0,1,0,0,0,1,0,1,0,11.00,10.00
"hood|backstop=None,clearance_mm=2.5,funnel=True,gate=True,mu_floor_scale=1.0,mu_wall_scale=1.0,retreat=30|v10|stop",crumb_cube,flooring,0.0,1,1,0,0,0,0,0,1,0,1,0,8.07,0.00
"hood|backstop=None,clearance_mm=2.5,funnel=True,gate=True,mu_floor_scale=1.0,mu_wall_scale=1.0,retreat=30|v10|stop",crumb_cube,flooring,5.0,1,1,0,0,0,0,0,1,0,1,0,8.07,5.00
"hood|backstop=None,clearance_mm=2.5,funnel=True,gate=True,mu_floor_scale=1.0,mu_wall_scale=1.0,retreat=30|v10|stop",crumb_cube,flooring,10.0,1,1,0,0,0,0,0,1,1,0,1,8.07,8.91
"hood|backstop=None,clearance_mm=2.5,funnel=True,gate=True,mu_floor_scale=1.0,mu_wall_scale=1.0,retreat=30|v10|stop",crumb_cube,mat,0.0,1,1,0,0,0,0,0,1,0,1,0,8.07,0.00
"hood|backstop=None,clearance_mm=2.5,funnel=True,gate=True,mu_floor_scale=1.0,mu_wall_scale=1.0,retreat=30|v10|stop",crumb_cube,mat,5.0,1,1,0,0,0,0,0,1,0,1,0,8.07,5.00
"hood|backstop=None,clearance_mm=2.5,funnel=True,gate=True,mu_floor_scale=1.0,mu_wall_scale=1.0,retreat=30|v10|stop",crumb_cube,mat,10.0,1,1,0,0,0,0,0,1,1,0,1,8.07,8.91
"hood|backstop=None,clearance_mm=2.5,funnel=True,gate=True,mu_floor_scale=1.0,mu_wall_scale=1.4,retreat=30|v10|stop",battery_cr2032,flooring,0.0,1,1,0,0,0,0,0,1,0,1,0,11.00,0.01
"hood|backstop=None,clearance_mm=2.5,funnel=True,gate=True,mu_floor_scale=1.0,mu_wall_scale=1.4,retreat=30|v10|stop",battery_cr2032,flooring,5.0,1,1,0,0,0,0,0,1,0,1,0,11.01,5.00
"hood|backstop=None,clearance_mm=2.5,funnel=True,gate=True,mu_floor_scale=1.0,mu_wall_scale=1.4,retreat=30|v10|stop",battery_cr2032,flooring,10.0,1,1,0,0,0,0,0,1,1,0,1,11.01,4.95
"hood|backstop=None,clearance_mm=2.5,funnel=True,gate=True,mu_floor_scale=1.0,mu_wall_scale=1.4,retreat=30|v10|stop",battery_cr2032,mat,0.0,1,1,0,0,0,0,0,1,0,1,0,11.00,0.01
"hood|backstop=None,clearance_mm=2.5,funnel=True,gate=True,mu_floor_scale=1.0,mu_wall_scale=1.4,retreat=30|v10|stop",battery_cr2032,mat,5.0,1,1,0,0,0,0,0,1,0,1,0,11.01,5.00
"hood|backstop=None,clearance_mm=2.5,funnel=True,gate=True,mu_floor_scale=1.0,mu_wall_scale=1.4,retreat=30|v10|stop",battery_cr2032,mat,10.0,1,1,0,0,0,0,0,1,1,0,1,11.01,5.00
"hood|backstop=None,clearance_mm=2.5,funnel=True,gate=True,mu_floor_scale=1.0,mu_wall_scale=1.4,retreat=30|v10|stop",bead,flooring,0.0,1,1,0,0,0,0,0,1,0,1,0,5.01,0.00
"hood|backstop=None,clearance_mm=2.5,funnel=True,gate=True,mu_floor_scale=1.0,mu_wall_scale=1.4,retreat=30|v10|stop",bead,flooring,5.0,1,1,0,0,0,0,0,1,0,1,0,5.01,5.00
"hood|backstop=None,clearance_mm=2.5,funnel=True,gate=True,mu_floor_scale=1.0,mu_wall_scale=1.4,retreat=30|v10|stop",bead,flooring,10.0,1,1,0,0,0,0,0,1,0,1,0,5.00,10.00
"hood|backstop=None,clearance_mm=2.5,funnel=True,gate=True,mu_floor_scale=1.0,mu_wall_scale=1.4,retreat=30|v10|stop",bead,mat,0.0,1,1,0,0,0,0,0,1,0,1,0,5.01,0.00
"hood|backstop=None,clearance_mm=2.5,funnel=True,gate=True,mu_floor_scale=1.0,mu_wall_scale=1.4,retreat=30|v10|stop",bead,mat,5.0,1,1,0,0,0,0,0,1,0,1,0,5.01,5.00
"hood|backstop=None,clearance_mm=2.5,funnel=True,gate=True,mu_floor_scale=1.0,mu_wall_scale=1.4,retreat=30|v10|stop",bead,mat,10.0,1,1,0,0,0,0,0,1,0,1,0,5.00,10.00
"hood|backstop=None,clearance_mm=2.5,funnel=True,gate=True,mu_floor_scale=1.0,mu_wall_scale=1.4,retreat=30|v10|stop",coin_1yen,flooring,0.0,1,0,0,1,0,0,0,1,0,1,0,11.00,0.00
"hood|backstop=None,clearance_mm=2.5,funnel=True,gate=True,mu_floor_scale=1.0,mu_wall_scale=1.4,retreat=30|v10|stop",coin_1yen,flooring,5.0,1,0,0,1,0,0,0,1,0,1,0,11.01,5.00
"hood|backstop=None,clearance_mm=2.5,funnel=True,gate=True,mu_floor_scale=1.0,mu_wall_scale=1.4,retreat=30|v10|stop",coin_1yen,flooring,10.0,1,0,0,1,0,0,0,1,0,1,0,11.00,10.00
"hood|backstop=None,clearance_mm=2.5,funnel=True,gate=True,mu_floor_scale=1.0,mu_wall_scale=1.4,retreat=30|v10|stop",coin_1yen,mat,0.0,1,0,0,1,0,0,0,1,0,1,0,11.00,0.00
"hood|backstop=None,clearance_mm=2.5,funnel=True,gate=True,mu_floor_scale=1.0,mu_wall_scale=1.4,retreat=30|v10|stop",coin_1yen,mat,5.0,1,0,0,1,0,0,0,1,0,1,0,11.01,5.00
"hood|backstop=None,clearance_mm=2.5,funnel=True,gate=True,mu_floor_scale=1.0,mu_wall_scale=1.4,retreat=30|v10|stop",coin_1yen,mat,10.0,1,0,0,1,0,0,0,1,0,1,0,11.00,10.00
"hood|backstop=None,clearance_mm=2.5,funnel=True,gate=True,mu_floor_scale=1.0,mu_wall_scale=1.4,retreat=30|v10|stop",crumb_cube,flooring,0.0,1,1,0,0,0,0,0,1,0,1,0,8.07,0.00
"hood|backstop=None,clearance_mm=2.5,funnel=True,gate=True,mu_floor_scale=1.0,mu_wall_scale=1.4,retreat=30|v10|stop",crumb_cube,flooring,5.0,1,1,0,0,0,0,0,1,0,1,0,8.07,5.00
"hood|backstop=None,clearance_mm=2.5,funnel=True,gate=True,mu_floor_scale=1.0,mu_wall_scale=1.4,retreat=30|v10|stop",crumb_cube,flooring,10.0,1,1,0,0,0,0,0,1,1,0,1,8.07,8.96
"hood|backstop=None,clearance_mm=2.5,funnel=True,gate=True,mu_floor_scale=1.0,mu_wall_scale=1.4,retreat=30|v10|stop",crumb_cube,mat,0.0,1,1,0,0,0,0,0,1,0,1,0,8.07,0.00
"hood|backstop=None,clearance_mm=2.5,funnel=True,gate=True,mu_floor_scale=1.0,mu_wall_scale=1.4,retreat=30|v10|stop",crumb_cube,mat,5.0,1,1,0,0,0,0,0,1,0,1,0,8.07,5.00
"hood|backstop=None,clearance_mm=2.5,funnel=True,gate=True,mu_floor_scale=1.0,mu_wall_scale=1.4,retreat=30|v10|stop",crumb_cube,mat,10.0,1,1,0,0,0,0,0,1,1,0,1,8.07,8.96
"hood|backstop=None,clearance_mm=2.5,funnel=True,gate=True,mu_floor_scale=1.4,mu_wall_scale=0.7,retreat=30|v10|stop",battery_cr2032,flooring,0.0,1,1,0,0,0,0,0,1,0,1,0,11.01,0.01
"hood|backstop=None,clearance_mm=2.5,funnel=True,gate=True,mu_floor_scale=1.4,mu_wall_scale=0.7,retreat=30|v10|stop",battery_cr2032,flooring,5.0,1,1,0,0,0,0,0,1,0,1,0,11.01,5.00
"hood|backstop=None,clearance_mm=2.5,funnel=True,gate=True,mu_floor_scale=1.4,mu_wall_scale=0.7,retreat=30|v10|stop",battery_cr2032,flooring,10.0,1,1,0,0,0,0,0,1,1,0,1,11.00,5.00
"hood|backstop=None,clearance_mm=2.5,funnel=True,gate=True,mu_floor_scale=1.4,mu_wall_scale=0.7,retreat=30|v10|stop",battery_cr2032,mat,0.0,1,1,0,0,0,0,0,1,0,1,0,11.00,0.01
"hood|backstop=None,clearance_mm=2.5,funnel=True,gate=True,mu_floor_scale=1.4,mu_wall_scale=0.7,retreat=30|v10|stop",battery_cr2032,mat,5.0,1,1,0,0,0,0,0,1,0,1,0,11.01,5.00
"hood|backstop=None,clearance_mm=2.5,funnel=True,gate=True,mu_floor_scale=1.4,mu_wall_scale=0.7,retreat=30|v10|stop",battery_cr2032,mat,10.0,1,1,0,0,0,0,0,1,1,0,1,11.01,4.18
"hood|backstop=None,clearance_mm=2.5,funnel=True,gate=True,mu_floor_scale=1.4,mu_wall_scale=0.7,retreat=30|v10|stop",bead,flooring,0.0,1,1,0,0,0,0,0,1,0,1,0,5.01,0.00
"hood|backstop=None,clearance_mm=2.5,funnel=True,gate=True,mu_floor_scale=1.4,mu_wall_scale=0.7,retreat=30|v10|stop",bead,flooring,5.0,1,1,0,0,0,0,0,1,0,1,0,5.01,5.00
"hood|backstop=None,clearance_mm=2.5,funnel=True,gate=True,mu_floor_scale=1.4,mu_wall_scale=0.7,retreat=30|v10|stop",bead,flooring,10.0,1,1,0,0,0,0,0,1,0,1,0,5.00,10.00
"hood|backstop=None,clearance_mm=2.5,funnel=True,gate=True,mu_floor_scale=1.4,mu_wall_scale=0.7,retreat=30|v10|stop",bead,mat,0.0,1,1,0,0,0,0,0,1,0,1,0,5.01,0.00
"hood|backstop=None,clearance_mm=2.5,funnel=True,gate=True,mu_floor_scale=1.4,mu_wall_scale=0.7,retreat=30|v10|stop",bead,mat,5.0,1,1,0,0,0,0,0,1,0,1,0,5.01,5.00
"hood|backstop=None,clearance_mm=2.5,funnel=True,gate=True,mu_floor_scale=1.4,mu_wall_scale=0.7,retreat=30|v10|stop",bead,mat,10.0,1,1,0,0,0,0,0,1,0,1,0,5.00,10.00
"hood|backstop=None,clearance_mm=2.5,funnel=True,gate=True,mu_floor_scale=1.4,mu_wall_scale=0.7,retreat=30|v10|stop",coin_1yen,flooring,0.0,1,0,0,1,0,0,0,1,0,1,0,11.00,0.00
"hood|backstop=None,clearance_mm=2.5,funnel=True,gate=True,mu_floor_scale=1.4,mu_wall_scale=0.7,retreat=30|v10|stop",coin_1yen,flooring,5.0,1,0,0,1,0,0,0,1,0,1,0,11.01,5.00
"hood|backstop=None,clearance_mm=2.5,funnel=True,gate=True,mu_floor_scale=1.4,mu_wall_scale=0.7,retreat=30|v10|stop",coin_1yen,flooring,10.0,1,0,0,1,0,0,0,1,0,1,0,11.00,10.00
"hood|backstop=None,clearance_mm=2.5,funnel=True,gate=True,mu_floor_scale=1.4,mu_wall_scale=0.7,retreat=30|v10|stop",coin_1yen,mat,0.0,1,0,0,1,0,0,0,1,0,1,0,11.00,0.00
"hood|backstop=None,clearance_mm=2.5,funnel=True,gate=True,mu_floor_scale=1.4,mu_wall_scale=0.7,retreat=30|v10|stop",coin_1yen,mat,5.0,1,0,0,1,0,0,0,1,0,1,0,11.01,5.00
"hood|backstop=None,clearance_mm=2.5,funnel=True,gate=True,mu_floor_scale=1.4,mu_wall_scale=0.7,retreat=30|v10|stop",coin_1yen,mat,10.0,1,0,0,1,0,0,0,1,0,1,0,11.00,10.00
"hood|backstop=None,clearance_mm=2.5,funnel=True,gate=True,mu_floor_scale=1.4,mu_wall_scale=0.7,retreat=30|v10|stop",crumb_cube,flooring,0.0,1,1,0,0,0,0,0,1,0,1,0,8.07,0.00
"hood|backstop=None,clearance_mm=2.5,funnel=True,gate=True,mu_floor_scale=1.4,mu_wall_scale=0.7,retreat=30|v10|stop",crumb_cube,flooring,5.0,1,1,0,0,0,0,0,1,0,1,0,8.07,5.00
"hood|backstop=None,clearance_mm=2.5,funnel=True,gate=True,mu_floor_scale=1.4,mu_wall_scale=0.7,retreat=30|v10|stop",crumb_cube,flooring,10.0,1,1,0,0,0,0,0,1,1,0,1,8.08,8.93
"hood|backstop=None,clearance_mm=2.5,funnel=True,gate=True,mu_floor_scale=1.4,mu_wall_scale=0.7,retreat=30|v10|stop",crumb_cube,mat,0.0,1,1,0,0,0,0,0,1,0,1,0,8.07,0.00
"hood|backstop=None,clearance_mm=2.5,funnel=True,gate=True,mu_floor_scale=1.4,mu_wall_scale=0.7,retreat=30|v10|stop",crumb_cube,mat,5.0,1,1,0,0,0,0,0,1,0,1,0,8.07,5.00
"hood|backstop=None,clearance_mm=2.5,funnel=True,gate=True,mu_floor_scale=1.4,mu_wall_scale=0.7,retreat=30|v10|stop",crumb_cube,mat,10.0,1,1,0,0,0,0,0,1,1,0,1,8.08,8.93
"hood|backstop=None,clearance_mm=2.5,funnel=True,gate=True,mu_floor_scale=1.4,mu_wall_scale=1.0,retreat=30|v10|stop",battery_cr2032,flooring,0.0,1,1,0,0,0,0,0,1,0,1,0,11.01,0.01
"hood|backstop=None,clearance_mm=2.5,funnel=True,gate=True,mu_floor_scale=1.4,mu_wall_scale=1.0,retreat=30|v10|stop",battery_cr2032,flooring,5.0,1,1,0,0,0,0,0,1,0,1,0,11.01,5.00
"hood|backstop=None,clearance_mm=2.5,funnel=True,gate=True,mu_floor_scale=1.4,mu_wall_scale=1.0,retreat=30|v10|stop",battery_cr2032,flooring,10.0,1,1,0,0,0,0,0,1,1,0,1,11.01,5.00
"hood|backstop=None,clearance_mm=2.5,funnel=True,gate=True,mu_floor_scale=1.4,mu_wall_scale=1.0,retreat=30|v10|stop",battery_cr2032,mat,0.0,1,1,0,0,0,0,0,1,0,1,0,11.00,0.01
"hood|backstop=None,clearance_mm=2.5,funnel=True,gate=True,mu_floor_scale=1.4,mu_wall_scale=1.0,retreat=30|v10|stop",battery_cr2032,mat,5.0,1,1,0,0,0,0,0,1,0,1,0,11.01,5.00
"hood|backstop=None,clearance_mm=2.5,funnel=True,gate=True,mu_floor_scale=1.4,mu_wall_scale=1.0,retreat=30|v10|stop",battery_cr2032,mat,10.0,1,1,0,0,0,0,0,1,1,0,1,11.00,5.00
"hood|backstop=None,clearance_mm=2.5,funnel=True,gate=True,mu_floor_scale=1.4,mu_wall_scale=1.0,retreat=30|v10|stop",bead,flooring,0.0,1,1,0,0,0,0,0,1,0,1,0,5.01,0.00
"hood|backstop=None,clearance_mm=2.5,funnel=True,gate=True,mu_floor_scale=1.4,mu_wall_scale=1.0,retreat=30|v10|stop",bead,flooring,5.0,1,1,0,0,0,0,0,1,0,1,0,5.01,5.00
"hood|backstop=None,clearance_mm=2.5,funnel=True,gate=True,mu_floor_scale=1.4,mu_wall_scale=1.0,retreat=30|v10|stop",bead,flooring,10.0,1,1,0,0,0,0,0,1,0,1,0,5.00,10.00
"hood|backstop=None,clearance_mm=2.5,funnel=True,gate=True,mu_floor_scale=1.4,mu_wall_scale=1.0,retreat=30|v10|stop",bead,mat,0.0,1,1,0,0,0,0,0,1,0,1,0,5.01,0.00
"hood|backstop=None,clearance_mm=2.5,funnel=True,gate=True,mu_floor_scale=1.4,mu_wall_scale=1.0,retreat=30|v10|stop",bead,mat,5.0,1,1,0,0,0,0,0,1,0,1,0,5.01,5.00
"hood|backstop=None,clearance_mm=2.5,funnel=True,gate=True,mu_floor_scale=1.4,mu_wall_scale=1.0,retreat=30|v10|stop",bead,mat,10.0,1,1,0,0,0,0,0,1,0,1,0,5.00,10.00
"hood|backstop=None,clearance_mm=2.5,funnel=True,gate=True,mu_floor_scale=1.4,mu_wall_scale=1.0,retreat=30|v10|stop",coin_1yen,flooring,0.0,1,0,0,1,0,0,0,1,0,1,0,11.00,0.00
"hood|backstop=None,clearance_mm=2.5,funnel=True,gate=True,mu_floor_scale=1.4,mu_wall_scale=1.0,retreat=30|v10|stop",coin_1yen,flooring,5.0,1,0,0,1,0,0,0,1,0,1,0,11.01,5.00
"hood|backstop=None,clearance_mm=2.5,funnel=True,gate=True,mu_floor_scale=1.4,mu_wall_scale=1.0,retreat=30|v10|stop",coin_1yen,flooring,10.0,1,0,0,1,0,0,0,1,0,1,0,11.00,10.00
"hood|backstop=None,clearance_mm=2.5,funnel=True,gate=True,mu_floor_scale=1.4,mu_wall_scale=1.0,retreat=30|v10|stop",coin_1yen,mat,0.0,1,0,0,1,0,0,0,1,0,1,0,11.00,0.00
"hood|backstop=None,clearance_mm=2.5,funnel=True,gate=True,mu_floor_scale=1.4,mu_wall_scale=1.0,retreat=30|v10|stop",coin_1yen,mat,5.0,1,0,0,1,0,0,0,1,0,1,0,11.01,5.00
"hood|backstop=None,clearance_mm=2.5,funnel=True,gate=True,mu_floor_scale=1.4,mu_wall_scale=1.0,retreat=30|v10|stop",coin_1yen,mat,10.0,1,0,0,1,0,0,0,1,0,1,0,11.00,10.00
"hood|backstop=None,clearance_mm=2.5,funnel=True,gate=True,mu_floor_scale=1.4,mu_wall_scale=1.0,retreat=30|v10|stop",crumb_cube,flooring,0.0,1,1,0,0,0,0,0,1,0,1,0,8.07,0.00
"hood|backstop=None,clearance_mm=2.5,funnel=True,gate=True,mu_floor_scale=1.4,mu_wall_scale=1.0,retreat=30|v10|stop",crumb_cube,flooring,5.0,1,1,0,0,0,0,0,1,0,1,0,8.07,5.00
"hood|backstop=None,clearance_mm=2.5,funnel=True,gate=True,mu_floor_scale=1.4,mu_wall_scale=1.0,retreat=30|v10|stop",crumb_cube,flooring,10.0,1,1,0,0,0,0,0,1,1,0,1,8.07,8.94
"hood|backstop=None,clearance_mm=2.5,funnel=True,gate=True,mu_floor_scale=1.4,mu_wall_scale=1.0,retreat=30|v10|stop",crumb_cube,mat,0.0,1,1,0,0,0,0,0,1,0,1,0,8.07,0.00
"hood|backstop=None,clearance_mm=2.5,funnel=True,gate=True,mu_floor_scale=1.4,mu_wall_scale=1.0,retreat=30|v10|stop",crumb_cube,mat,5.0,1,1,0,0,0,0,0,1,0,1,0,8.07,5.00
"hood|backstop=None,clearance_mm=2.5,funnel=True,gate=True,mu_floor_scale=1.4,mu_wall_scale=1.0,retreat=30|v10|stop",crumb_cube,mat,10.0,1,1,0,0,0,0,0,1,1,0,1,8.07,8.94
"hood|backstop=None,clearance_mm=2.5,funnel=True,gate=True,mu_floor_scale=1.4,mu_wall_scale=1.4,retreat=30|v10|stop",battery_cr2032,flooring,0.0,1,1,0,0,0,0,0,1,0,1,0,11.01,0.01
"hood|backstop=None,clearance_mm=2.5,funnel=True,gate=True,mu_floor_scale=1.4,mu_wall_scale=1.4,retreat=30|v10|stop",battery_cr2032,flooring,5.0,1,1,0,0,0,0,0,1,0,1,0,11.01,5.00
"hood|backstop=None,clearance_mm=2.5,funnel=True,gate=True,mu_floor_scale=1.4,mu_wall_scale=1.4,retreat=30|v10|stop",battery_cr2032,flooring,10.0,1,1,0,0,0,0,0,1,1,0,1,11.00,5.00
"hood|backstop=None,clearance_mm=2.5,funnel=True,gate=True,mu_floor_scale=1.4,mu_wall_scale=1.4,retreat=30|v10|stop",battery_cr2032,mat,0.0,1,1,0,0,0,0,0,1,0,1,0,11.00,0.01
"hood|backstop=None,clearance_mm=2.5,funnel=True,gate=True,mu_floor_scale=1.4,mu_wall_scale=1.4,retreat=30|v10|stop",battery_cr2032,mat,5.0,1,1,0,0,0,0,0,1,0,1,0,11.01,5.00
"hood|backstop=None,clearance_mm=2.5,funnel=True,gate=True,mu_floor_scale=1.4,mu_wall_scale=1.4,retreat=30|v10|stop",battery_cr2032,mat,10.0,1,1,0,0,0,0,0,1,1,0,1,11.01,4.99
"hood|backstop=None,clearance_mm=2.5,funnel=True,gate=True,mu_floor_scale=1.4,mu_wall_scale=1.4,retreat=30|v10|stop",bead,flooring,0.0,1,1,0,0,0,0,0,1,0,1,0,5.01,0.00
"hood|backstop=None,clearance_mm=2.5,funnel=True,gate=True,mu_floor_scale=1.4,mu_wall_scale=1.4,retreat=30|v10|stop",bead,flooring,5.0,1,1,0,0,0,0,0,1,0,1,0,5.01,5.00
"hood|backstop=None,clearance_mm=2.5,funnel=True,gate=True,mu_floor_scale=1.4,mu_wall_scale=1.4,retreat=30|v10|stop",bead,flooring,10.0,1,1,0,0,0,0,0,1,0,1,0,5.00,10.00
"hood|backstop=None,clearance_mm=2.5,funnel=True,gate=True,mu_floor_scale=1.4,mu_wall_scale=1.4,retreat=30|v10|stop",bead,mat,0.0,1,1,0,0,0,0,0,1,0,1,0,5.01,0.00
"hood|backstop=None,clearance_mm=2.5,funnel=True,gate=True,mu_floor_scale=1.4,mu_wall_scale=1.4,retreat=30|v10|stop",bead,mat,5.0,1,1,0,0,0,0,0,1,0,1,0,5.01,5.00
"hood|backstop=None,clearance_mm=2.5,funnel=True,gate=True,mu_floor_scale=1.4,mu_wall_scale=1.4,retreat=30|v10|stop",bead,mat,10.0,1,1,0,0,0,0,0,1,0,1,0,5.00,10.00
"hood|backstop=None,clearance_mm=2.5,funnel=True,gate=True,mu_floor_scale=1.4,mu_wall_scale=1.4,retreat=30|v10|stop",coin_1yen,flooring,0.0,1,0,0,1,0,0,0,1,0,1,0,11.00,0.00
"hood|backstop=None,clearance_mm=2.5,funnel=True,gate=True,mu_floor_scale=1.4,mu_wall_scale=1.4,retreat=30|v10|stop",coin_1yen,flooring,5.0,1,0,0,1,0,0,0,1,0,1,0,11.01,5.00
"hood|backstop=None,clearance_mm=2.5,funnel=True,gate=True,mu_floor_scale=1.4,mu_wall_scale=1.4,retreat=30|v10|stop",coin_1yen,flooring,10.0,1,0,0,1,0,0,0,1,0,1,0,11.00,10.00
"hood|backstop=None,clearance_mm=2.5,funnel=True,gate=True,mu_floor_scale=1.4,mu_wall_scale=1.4,retreat=30|v10|stop",coin_1yen,mat,0.0,1,0,0,1,0,0,0,1,0,1,0,11.00,0.00
"hood|backstop=None,clearance_mm=2.5,funnel=True,gate=True,mu_floor_scale=1.4,mu_wall_scale=1.4,retreat=30|v10|stop",coin_1yen,mat,5.0,1,0,0,1,0,0,0,1,0,1,0,11.01,5.00
"hood|backstop=None,clearance_mm=2.5,funnel=True,gate=True,mu_floor_scale=1.4,mu_wall_scale=1.4,retreat=30|v10|stop",coin_1yen,mat,10.0,1,0,0,1,0,0,0,1,0,1,0,11.00,10.00
"hood|backstop=None,clearance_mm=2.5,funnel=True,gate=True,mu_floor_scale=1.4,mu_wall_scale=1.4,retreat=30|v10|stop",crumb_cube,flooring,0.0,1,1,0,0,0,0,0,1,0,1,0,8.07,0.00
"hood|backstop=None,clearance_mm=2.5,funnel=True,gate=True,mu_floor_scale=1.4,mu_wall_scale=1.4,retreat=30|v10|stop",crumb_cube,flooring,5.0,1,1,0,0,0,0,0,1,0,1,0,8.07,5.00
"hood|backstop=None,clearance_mm=2.5,funnel=True,gate=True,mu_floor_scale=1.4,mu_wall_scale=1.4,retreat=30|v10|stop",crumb_cube,flooring,10.0,1,1,0,0,0,0,0,1,1,0,1,8.08,8.98
"hood|backstop=None,clearance_mm=2.5,funnel=True,gate=True,mu_floor_scale=1.4,mu_wall_scale=1.4,retreat=30|v10|stop",crumb_cube,mat,0.0,1,1,0,0,0,0,0,1,0,1,0,8.07,0.00
"hood|backstop=None,clearance_mm=2.5,funnel=True,gate=True,mu_floor_scale=1.4,mu_wall_scale=1.4,retreat=30|v10|stop",crumb_cube,mat,5.0,1,1,0,0,0,0,0,1,0,1,0,8.07,5.00
"hood|backstop=None,clearance_mm=2.5,funnel=True,gate=True,mu_floor_scale=1.4,mu_wall_scale=1.4,retreat=30|v10|stop",crumb_cube,mat,10.0,1,1,0,0,0,0,0,1,1,0,1,8.08,8.98
"hood|backstop=None,clearance_mm=3.0,funnel=True,gate=True,mu_floor_scale=0.7,mu_wall_scale=0.7,retreat=30|v10|stop",battery_cr2032,flooring,0.0,1,1,0,0,0,0,0,1,0,1,0,11.00,0.01
"hood|backstop=None,clearance_mm=3.0,funnel=True,gate=True,mu_floor_scale=0.7,mu_wall_scale=0.7,retreat=30|v10|stop",battery_cr2032,flooring,5.0,1,1,0,0,0,0,0,1,0,1,0,11.01,5.00
"hood|backstop=None,clearance_mm=3.0,funnel=True,gate=True,mu_floor_scale=0.7,mu_wall_scale=0.7,retreat=30|v10|stop",battery_cr2032,flooring,10.0,1,1,0,0,0,0,0,1,1,0,1,11.01,5.00
"hood|backstop=None,clearance_mm=3.0,funnel=True,gate=True,mu_floor_scale=0.7,mu_wall_scale=0.7,retreat=30|v10|stop",battery_cr2032,mat,0.0,1,1,0,0,0,0,0,1,0,1,0,11.01,0.01
"hood|backstop=None,clearance_mm=3.0,funnel=True,gate=True,mu_floor_scale=0.7,mu_wall_scale=0.7,retreat=30|v10|stop",battery_cr2032,mat,5.0,1,1,0,0,0,0,0,1,0,1,0,11.01,5.00
"hood|backstop=None,clearance_mm=3.0,funnel=True,gate=True,mu_floor_scale=0.7,mu_wall_scale=0.7,retreat=30|v10|stop",battery_cr2032,mat,10.0,1,1,0,0,0,0,0,1,1,0,1,11.00,5.72
"hood|backstop=None,clearance_mm=3.0,funnel=True,gate=True,mu_floor_scale=0.7,mu_wall_scale=0.7,retreat=30|v10|stop",bead,flooring,0.0,1,1,0,0,0,0,0,1,0,1,0,5.01,0.00
"hood|backstop=None,clearance_mm=3.0,funnel=True,gate=True,mu_floor_scale=0.7,mu_wall_scale=0.7,retreat=30|v10|stop",bead,flooring,5.0,1,1,0,0,0,0,0,1,0,1,0,5.01,5.00
"hood|backstop=None,clearance_mm=3.0,funnel=True,gate=True,mu_floor_scale=0.7,mu_wall_scale=0.7,retreat=30|v10|stop",bead,flooring,10.0,1,1,0,0,0,0,0,1,0,1,0,5.00,10.00
"hood|backstop=None,clearance_mm=3.0,funnel=True,gate=True,mu_floor_scale=0.7,mu_wall_scale=0.7,retreat=30|v10|stop",bead,mat,0.0,1,1,0,0,0,0,0,1,0,1,0,5.01,0.00
"hood|backstop=None,clearance_mm=3.0,funnel=True,gate=True,mu_floor_scale=0.7,mu_wall_scale=0.7,retreat=30|v10|stop",bead,mat,5.0,1,1,0,0,0,0,0,1,0,1,0,5.01,5.00
"hood|backstop=None,clearance_mm=3.0,funnel=True,gate=True,mu_floor_scale=0.7,mu_wall_scale=0.7,retreat=30|v10|stop",bead,mat,10.0,1,1,0,0,0,0,0,1,0,1,0,5.00,10.00
"hood|backstop=None,clearance_mm=3.0,funnel=True,gate=True,mu_floor_scale=0.7,mu_wall_scale=0.7,retreat=30|v10|stop",coin_1yen,flooring,0.0,1,0,0,1,0,0,0,1,0,1,0,11.00,0.00
"hood|backstop=None,clearance_mm=3.0,funnel=True,gate=True,mu_floor_scale=0.7,mu_wall_scale=0.7,retreat=30|v10|stop",coin_1yen,flooring,5.0,1,0,0,1,0,0,0,1,0,1,0,11.01,5.00
"hood|backstop=None,clearance_mm=3.0,funnel=True,gate=True,mu_floor_scale=0.7,mu_wall_scale=0.7,retreat=30|v10|stop",coin_1yen,flooring,10.0,1,0,0,1,0,0,0,1,0,1,0,11.00,10.00
"hood|backstop=None,clearance_mm=3.0,funnel=True,gate=True,mu_floor_scale=0.7,mu_wall_scale=0.7,retreat=30|v10|stop",coin_1yen,mat,0.0,1,0,0,1,0,0,0,1,0,1,0,11.00,0.00
"hood|backstop=None,clearance_mm=3.0,funnel=True,gate=True,mu_floor_scale=0.7,mu_wall_scale=0.7,retreat=30|v10|stop",coin_1yen,mat,5.0,1,0,0,1,0,0,0,1,0,1,0,11.01,5.00
"hood|backstop=None,clearance_mm=3.0,funnel=True,gate=True,mu_floor_scale=0.7,mu_wall_scale=0.7,retreat=30|v10|stop",coin_1yen,mat,10.0,1,0,0,1,0,0,0,1,0,1,0,11.00,10.00
"hood|backstop=None,clearance_mm=3.0,funnel=True,gate=True,mu_floor_scale=0.7,mu_wall_scale=0.7,retreat=30|v10|stop",crumb_cube,flooring,0.0,1,1,0,0,0,0,0,1,0,1,0,8.07,0.00
"hood|backstop=None,clearance_mm=3.0,funnel=True,gate=True,mu_floor_scale=0.7,mu_wall_scale=0.7,retreat=30|v10|stop",crumb_cube,flooring,5.0,1,1,0,0,0,0,0,1,0,1,0,8.07,5.00
"hood|backstop=None,clearance_mm=3.0,funnel=True,gate=True,mu_floor_scale=0.7,mu_wall_scale=0.7,retreat=30|v10|stop",crumb_cube,flooring,10.0,1,1,0,0,0,0,0,1,1,0,1,8.08,8.79
"hood|backstop=None,clearance_mm=3.0,funnel=True,gate=True,mu_floor_scale=0.7,mu_wall_scale=0.7,retreat=30|v10|stop",crumb_cube,mat,0.0,1,1,0,0,0,0,0,1,0,1,0,8.07,0.00
"hood|backstop=None,clearance_mm=3.0,funnel=True,gate=True,mu_floor_scale=0.7,mu_wall_scale=0.7,retreat=30|v10|stop",crumb_cube,mat,5.0,1,1,0,0,0,0,0,1,0,1,0,8.07,5.00
"hood|backstop=None,clearance_mm=3.0,funnel=True,gate=True,mu_floor_scale=0.7,mu_wall_scale=0.7,retreat=30|v10|stop",crumb_cube,mat,10.0,1,1,0,0,0,0,0,1,1,0,1,8.08,8.79
"hood|backstop=None,clearance_mm=3.0,funnel=True,gate=True,mu_floor_scale=0.7,mu_wall_scale=1.0,retreat=30|v10|stop",battery_cr2032,flooring,0.0,1,1,0,0,0,0,0,1,0,1,0,11.00,0.01
"hood|backstop=None,clearance_mm=3.0,funnel=True,gate=True,mu_floor_scale=0.7,mu_wall_scale=1.0,retreat=30|v10|stop",battery_cr2032,flooring,5.0,1,1,0,0,0,0,0,1,0,1,0,11.01,5.00
"hood|backstop=None,clearance_mm=3.0,funnel=True,gate=True,mu_floor_scale=0.7,mu_wall_scale=1.0,retreat=30|v10|stop",battery_cr2032,flooring,10.0,1,0,0,0,0,1,0,1,1,0,1,,
"hood|backstop=None,clearance_mm=3.0,funnel=True,gate=True,mu_floor_scale=0.7,mu_wall_scale=1.0,retreat=30|v10|stop",battery_cr2032,mat,0.0,1,1,0,0,0,0,0,1,0,1,0,11.01,0.01
"hood|backstop=None,clearance_mm=3.0,funnel=True,gate=True,mu_floor_scale=0.7,mu_wall_scale=1.0,retreat=30|v10|stop",battery_cr2032,mat,5.0,1,1,0,0,0,0,0,1,0,1,0,11.01,5.00
"hood|backstop=None,clearance_mm=3.0,funnel=True,gate=True,mu_floor_scale=0.7,mu_wall_scale=1.0,retreat=30|v10|stop",battery_cr2032,mat,10.0,1,1,0,0,0,0,0,1,1,0,1,11.01,4.99
"hood|backstop=None,clearance_mm=3.0,funnel=True,gate=True,mu_floor_scale=0.7,mu_wall_scale=1.0,retreat=30|v10|stop",bead,flooring,0.0,1,1,0,0,0,0,0,1,0,1,0,5.01,0.00
"hood|backstop=None,clearance_mm=3.0,funnel=True,gate=True,mu_floor_scale=0.7,mu_wall_scale=1.0,retreat=30|v10|stop",bead,flooring,5.0,1,1,0,0,0,0,0,1,0,1,0,5.01,5.00
"hood|backstop=None,clearance_mm=3.0,funnel=True,gate=True,mu_floor_scale=0.7,mu_wall_scale=1.0,retreat=30|v10|stop",bead,flooring,10.0,1,1,0,0,0,0,0,1,0,1,0,5.00,10.00
"hood|backstop=None,clearance_mm=3.0,funnel=True,gate=True,mu_floor_scale=0.7,mu_wall_scale=1.0,retreat=30|v10|stop",bead,mat,0.0,1,1,0,0,0,0,0,1,0,1,0,5.01,0.00
"hood|backstop=None,clearance_mm=3.0,funnel=True,gate=True,mu_floor_scale=0.7,mu_wall_scale=1.0,retreat=30|v10|stop",bead,mat,5.0,1,1,0,0,0,0,0,1,0,1,0,5.01,5.00
"hood|backstop=None,clearance_mm=3.0,funnel=True,gate=True,mu_floor_scale=0.7,mu_wall_scale=1.0,retreat=30|v10|stop",bead,mat,10.0,1,1,0,0,0,0,0,1,0,1,0,5.00,10.00
"hood|backstop=None,clearance_mm=3.0,funnel=True,gate=True,mu_floor_scale=0.7,mu_wall_scale=1.0,retreat=30|v10|stop",coin_1yen,flooring,0.0,1,0,0,1,0,0,0,1,0,1,0,11.00,0.00
"hood|backstop=None,clearance_mm=3.0,funnel=True,gate=True,mu_floor_scale=0.7,mu_wall_scale=1.0,retreat=30|v10|stop",coin_1yen,flooring,5.0,1,0,0,1,0,0,0,1,0,1,0,11.01,5.00
"hood|backstop=None,clearance_mm=3.0,funnel=True,gate=True,mu_floor_scale=0.7,mu_wall_scale=1.0,retreat=30|v10|stop",coin_1yen,flooring,10.0,1,0,0,1,0,0,0,1,0,1,0,11.00,10.00
"hood|backstop=None,clearance_mm=3.0,funnel=True,gate=True,mu_floor_scale=0.7,mu_wall_scale=1.0,retreat=30|v10|stop",coin_1yen,mat,0.0,1,0,0,1,0,0,0,1,0,1,0,11.00,0.00
"hood|backstop=None,clearance_mm=3.0,funnel=True,gate=True,mu_floor_scale=0.7,mu_wall_scale=1.0,retreat=30|v10|stop",coin_1yen,mat,5.0,1,0,0,1,0,0,0,1,0,1,0,11.01,5.00
"hood|backstop=None,clearance_mm=3.0,funnel=True,gate=True,mu_floor_scale=0.7,mu_wall_scale=1.0,retreat=30|v10|stop",coin_1yen,mat,10.0,1,0,0,1,0,0,0,1,0,1,0,11.00,10.00
"hood|backstop=None,clearance_mm=3.0,funnel=True,gate=True,mu_floor_scale=0.7,mu_wall_scale=1.0,retreat=30|v10|stop",crumb_cube,flooring,0.0,1,1,0,0,0,0,0,1,0,1,0,8.07,0.00
"hood|backstop=None,clearance_mm=3.0,funnel=True,gate=True,mu_floor_scale=0.7,mu_wall_scale=1.0,retreat=30|v10|stop",crumb_cube,flooring,5.0,1,1,0,0,0,0,0,1,0,1,0,8.07,5.00
"hood|backstop=None,clearance_mm=3.0,funnel=True,gate=True,mu_floor_scale=0.7,mu_wall_scale=1.0,retreat=30|v10|stop",crumb_cube,flooring,10.0,1,1,0,0,0,0,0,1,1,0,1,8.08,8.82
"hood|backstop=None,clearance_mm=3.0,funnel=True,gate=True,mu_floor_scale=0.7,mu_wall_scale=1.0,retreat=30|v10|stop",crumb_cube,mat,0.0,1,1,0,0,0,0,0,1,0,1,0,8.07,0.00
"hood|backstop=None,clearance_mm=3.0,funnel=True,gate=True,mu_floor_scale=0.7,mu_wall_scale=1.0,retreat=30|v10|stop",crumb_cube,mat,5.0,1,1,0,0,0,0,0,1,0,1,0,8.07,5.00
"hood|backstop=None,clearance_mm=3.0,funnel=True,gate=True,mu_floor_scale=0.7,mu_wall_scale=1.0,retreat=30|v10|stop",crumb_cube,mat,10.0,1,1,0,0,0,0,0,1,1,0,1,8.08,8.82
"hood|backstop=None,clearance_mm=3.0,funnel=True,gate=True,mu_floor_scale=0.7,mu_wall_scale=1.4,retreat=30|v10|stop",battery_cr2032,flooring,0.0,1,1,0,0,0,0,0,1,0,1,0,11.00,0.01
"hood|backstop=None,clearance_mm=3.0,funnel=True,gate=True,mu_floor_scale=0.7,mu_wall_scale=1.4,retreat=30|v10|stop",battery_cr2032,flooring,5.0,1,1,0,0,0,0,0,1,0,1,0,11.01,5.00
"hood|backstop=None,clearance_mm=3.0,funnel=True,gate=True,mu_floor_scale=0.7,mu_wall_scale=1.4,retreat=30|v10|stop",battery_cr2032,flooring,10.0,1,1,0,0,0,0,0,1,1,0,1,11.00,4.96
"hood|backstop=None,clearance_mm=3.0,funnel=True,gate=True,mu_floor_scale=0.7,mu_wall_scale=1.4,retreat=30|v10|stop",battery_cr2032,mat,0.0,1,1,0,0,0,0,0,1,0,1,0,11.01,0.01
"hood|backstop=None,clearance_mm=3.0,funnel=True,gate=True,mu_floor_scale=0.7,mu_wall_scale=1.4,retreat=30|v10|stop",battery_cr2032,mat,5.0,1,1,0,0,0,0,0,1,0,1,0,11.01,5.00
"hood|backstop=None,clearance_mm=3.0,funnel=True,gate=True,mu_floor_scale=0.7,mu_wall_scale=1.4,retreat=30|v10|stop",battery_cr2032,mat,10.0,1,1,0,0,0,0,0,1,1,0,1,11.00,5.68
"hood|backstop=None,clearance_mm=3.0,funnel=True,gate=True,mu_floor_scale=0.7,mu_wall_scale=1.4,retreat=30|v10|stop",bead,flooring,0.0,1,1,0,0,0,0,0,1,0,1,0,5.01,0.00
"hood|backstop=None,clearance_mm=3.0,funnel=True,gate=True,mu_floor_scale=0.7,mu_wall_scale=1.4,retreat=30|v10|stop",bead,flooring,5.0,1,1,0,0,0,0,0,1,0,1,0,5.01,5.00
"hood|backstop=None,clearance_mm=3.0,funnel=True,gate=True,mu_floor_scale=0.7,mu_wall_scale=1.4,retreat=30|v10|stop",bead,flooring,10.0,1,1,0,0,0,0,0,1,0,1,0,5.00,10.00
"hood|backstop=None,clearance_mm=3.0,funnel=True,gate=True,mu_floor_scale=0.7,mu_wall_scale=1.4,retreat=30|v10|stop",bead,mat,0.0,1,1,0,0,0,0,0,1,0,1,0,5.01,0.00
"hood|backstop=None,clearance_mm=3.0,funnel=True,gate=True,mu_floor_scale=0.7,mu_wall_scale=1.4,retreat=30|v10|stop",bead,mat,5.0,1,1,0,0,0,0,0,1,0,1,0,5.01,5.00
"hood|backstop=None,clearance_mm=3.0,funnel=True,gate=True,mu_floor_scale=0.7,mu_wall_scale=1.4,retreat=30|v10|stop",bead,mat,10.0,1,1,0,0,0,0,0,1,0,1,0,5.00,10.00
"hood|backstop=None,clearance_mm=3.0,funnel=True,gate=True,mu_floor_scale=0.7,mu_wall_scale=1.4,retreat=30|v10|stop",coin_1yen,flooring,0.0,1,0,0,1,0,0,0,1,0,1,0,11.00,0.00
"hood|backstop=None,clearance_mm=3.0,funnel=True,gate=True,mu_floor_scale=0.7,mu_wall_scale=1.4,retreat=30|v10|stop",coin_1yen,flooring,5.0,1,0,0,1,0,0,0,1,0,1,0,11.01,5.00
"hood|backstop=None,clearance_mm=3.0,funnel=True,gate=True,mu_floor_scale=0.7,mu_wall_scale=1.4,retreat=30|v10|stop",coin_1yen,flooring,10.0,1,0,0,1,0,0,0,1,0,1,0,11.00,10.00
"hood|backstop=None,clearance_mm=3.0,funnel=True,gate=True,mu_floor_scale=0.7,mu_wall_scale=1.4,retreat=30|v10|stop",coin_1yen,mat,0.0,1,0,0,1,0,0,0,1,0,1,0,11.00,0.00
"hood|backstop=None,clearance_mm=3.0,funnel=True,gate=True,mu_floor_scale=0.7,mu_wall_scale=1.4,retreat=30|v10|stop",coin_1yen,mat,5.0,1,0,0,1,0,0,0,1,0,1,0,11.01,5.00
"hood|backstop=None,clearance_mm=3.0,funnel=True,gate=True,mu_floor_scale=0.7,mu_wall_scale=1.4,retreat=30|v10|stop",coin_1yen,mat,10.0,1,0,0,1,0,0,0,1,0,1,0,11.00,10.00
"hood|backstop=None,clearance_mm=3.0,funnel=True,gate=True,mu_floor_scale=0.7,mu_wall_scale=1.4,retreat=30|v10|stop",crumb_cube,flooring,0.0,1,1,0,0,0,0,0,1,0,1,0,8.07,0.00
"hood|backstop=None,clearance_mm=3.0,funnel=True,gate=True,mu_floor_scale=0.7,mu_wall_scale=1.4,retreat=30|v10|stop",crumb_cube,flooring,5.0,1,1,0,0,0,0,0,1,0,1,0,8.07,5.00
"hood|backstop=None,clearance_mm=3.0,funnel=True,gate=True,mu_floor_scale=0.7,mu_wall_scale=1.4,retreat=30|v10|stop",crumb_cube,flooring,10.0,1,1,0,0,0,0,0,1,1,0,1,8.08,8.89
"hood|backstop=None,clearance_mm=3.0,funnel=True,gate=True,mu_floor_scale=0.7,mu_wall_scale=1.4,retreat=30|v10|stop",crumb_cube,mat,0.0,1,1,0,0,0,0,0,1,0,1,0,8.07,0.00
"hood|backstop=None,clearance_mm=3.0,funnel=True,gate=True,mu_floor_scale=0.7,mu_wall_scale=1.4,retreat=30|v10|stop",crumb_cube,mat,5.0,1,1,0,0,0,0,0,1,0,1,0,8.07,5.00
"hood|backstop=None,clearance_mm=3.0,funnel=True,gate=True,mu_floor_scale=0.7,mu_wall_scale=1.4,retreat=30|v10|stop",crumb_cube,mat,10.0,1,1,0,0,0,0,0,1,1,0,1,8.08,8.89
"hood|backstop=None,clearance_mm=3.0,funnel=True,gate=True,mu_floor_scale=1.0,mu_wall_scale=0.7,retreat=30|v10|stop",battery_cr2032,flooring,0.0,1,1,0,0,0,0,0,1,0,1,0,11.00,0.01
"hood|backstop=None,clearance_mm=3.0,funnel=True,gate=True,mu_floor_scale=1.0,mu_wall_scale=0.7,retreat=30|v10|stop",battery_cr2032,flooring,5.0,1,1,0,0,0,0,0,1,0,1,0,11.01,5.00
"hood|backstop=None,clearance_mm=3.0,funnel=True,gate=True,mu_floor_scale=1.0,mu_wall_scale=0.7,retreat=30|v10|stop",battery_cr2032,flooring,10.0,1,1,0,0,0,0,0,1,1,0,1,11.01,5.00
"hood|backstop=None,clearance_mm=3.0,funnel=True,gate=True,mu_floor_scale=1.0,mu_wall_scale=0.7,retreat=30|v10|stop",battery_cr2032,mat,0.0,1,1,0,0,0,0,0,1,0,1,0,11.00,0.01
"hood|backstop=None,clearance_mm=3.0,funnel=True,gate=True,mu_floor_scale=1.0,mu_wall_scale=0.7,retreat=30|v10|stop",battery_cr2032,mat,5.0,1,1,0,0,0,0,0,1,0,1,0,11.01,5.00
"hood|backstop=None,clearance_mm=3.0,funnel=True,gate=True,mu_floor_scale=1.0,mu_wall_scale=0.7,retreat=30|v10|stop",battery_cr2032,mat,10.0,1,1,0,0,0,0,0,1,1,0,1,11.01,5.00
"hood|backstop=None,clearance_mm=3.0,funnel=True,gate=True,mu_floor_scale=1.0,mu_wall_scale=0.7,retreat=30|v10|stop",bead,flooring,0.0,1,1,0,0,0,0,0,1,0,1,0,5.01,0.00
"hood|backstop=None,clearance_mm=3.0,funnel=True,gate=True,mu_floor_scale=1.0,mu_wall_scale=0.7,retreat=30|v10|stop",bead,flooring,5.0,1,1,0,0,0,0,0,1,0,1,0,5.01,5.00
"hood|backstop=None,clearance_mm=3.0,funnel=True,gate=True,mu_floor_scale=1.0,mu_wall_scale=0.7,retreat=30|v10|stop",bead,flooring,10.0,1,1,0,0,0,0,0,1,0,1,0,5.00,10.00
"hood|backstop=None,clearance_mm=3.0,funnel=True,gate=True,mu_floor_scale=1.0,mu_wall_scale=0.7,retreat=30|v10|stop",bead,mat,0.0,1,1,0,0,0,0,0,1,0,1,0,5.01,0.00
"hood|backstop=None,clearance_mm=3.0,funnel=True,gate=True,mu_floor_scale=1.0,mu_wall_scale=0.7,retreat=30|v10|stop",bead,mat,5.0,1,1,0,0,0,0,0,1,0,1,0,5.01,5.00
"hood|backstop=None,clearance_mm=3.0,funnel=True,gate=True,mu_floor_scale=1.0,mu_wall_scale=0.7,retreat=30|v10|stop",bead,mat,10.0,1,1,0,0,0,0,0,1,0,1,0,5.00,10.00
"hood|backstop=None,clearance_mm=3.0,funnel=True,gate=True,mu_floor_scale=1.0,mu_wall_scale=0.7,retreat=30|v10|stop",coin_1yen,flooring,0.0,1,0,0,1,0,0,0,1,0,1,0,11.00,0.00
"hood|backstop=None,clearance_mm=3.0,funnel=True,gate=True,mu_floor_scale=1.0,mu_wall_scale=0.7,retreat=30|v10|stop",coin_1yen,flooring,5.0,1,0,0,1,0,0,0,1,0,1,0,11.01,5.00
"hood|backstop=None,clearance_mm=3.0,funnel=True,gate=True,mu_floor_scale=1.0,mu_wall_scale=0.7,retreat=30|v10|stop",coin_1yen,flooring,10.0,1,0,0,1,0,0,0,1,0,1,0,11.00,10.00
"hood|backstop=None,clearance_mm=3.0,funnel=True,gate=True,mu_floor_scale=1.0,mu_wall_scale=0.7,retreat=30|v10|stop",coin_1yen,mat,0.0,1,0,0,1,0,0,0,1,0,1,0,11.00,0.00
"hood|backstop=None,clearance_mm=3.0,funnel=True,gate=True,mu_floor_scale=1.0,mu_wall_scale=0.7,retreat=30|v10|stop",coin_1yen,mat,5.0,1,0,0,1,0,0,0,1,0,1,0,11.01,5.00
"hood|backstop=None,clearance_mm=3.0,funnel=True,gate=True,mu_floor_scale=1.0,mu_wall_scale=0.7,retreat=30|v10|stop",coin_1yen,mat,10.0,1,0,0,1,0,0,0,1,0,1,0,11.00,10.00
"hood|backstop=None,clearance_mm=3.0,funnel=True,gate=True,mu_floor_scale=1.0,mu_wall_scale=0.7,retreat=30|v10|stop",crumb_cube,flooring,0.0,1,1,0,0,0,0,0,1,0,1,0,8.07,0.00
"hood|backstop=None,clearance_mm=3.0,funnel=True,gate=True,mu_floor_scale=1.0,mu_wall_scale=0.7,retreat=30|v10|stop",crumb_cube,flooring,5.0,1,1,0,0,0,0,0,1,0,1,0,8.07,5.00
"hood|backstop=None,clearance_mm=3.0,funnel=True,gate=True,mu_floor_scale=1.0,mu_wall_scale=0.7,retreat=30|v10|stop",crumb_cube,flooring,10.0,1,1,0,0,0,0,0,1,1,0,1,8.07,8.88
"hood|backstop=None,clearance_mm=3.0,funnel=True,gate=True,mu_floor_scale=1.0,mu_wall_scale=0.7,retreat=30|v10|stop",crumb_cube,mat,0.0,1,1,0,0,0,0,0,1,0,1,0,8.07,0.00
"hood|backstop=None,clearance_mm=3.0,funnel=True,gate=True,mu_floor_scale=1.0,mu_wall_scale=0.7,retreat=30|v10|stop",crumb_cube,mat,5.0,1,1,0,0,0,0,0,1,0,1,0,8.07,5.00
"hood|backstop=None,clearance_mm=3.0,funnel=True,gate=True,mu_floor_scale=1.0,mu_wall_scale=0.7,retreat=30|v10|stop",crumb_cube,mat,10.0,1,1,0,0,0,0,0,1,1,0,1,8.07,8.88
"hood|backstop=None,clearance_mm=3.0,funnel=True,gate=True,mu_floor_scale=1.0,mu_wall_scale=1.0,retreat=30|v10|stop",battery_cr2032,flooring,0.0,1,1,0,0,0,0,0,1,0,1,0,11.00,0.01
"hood|backstop=None,clearance_mm=3.0,funnel=True,gate=True,mu_floor_scale=1.0,mu_wall_scale=1.0,retreat=30|v10|stop",battery_cr2032,flooring,5.0,1,1,0,0,0,0,0,1,0,1,0,11.01,5.00
"hood|backstop=None,clearance_mm=3.0,funnel=True,gate=True,mu_floor_scale=1.0,mu_wall_scale=1.0,retreat=30|v10|stop",battery_cr2032,flooring,10.0,1,1,0,0,0,0,0,1,1,0,1,11.00,4.99
"hood|backstop=None,clearance_mm=3.0,funnel=True,gate=True,mu_floor_scale=1.0,mu_wall_scale=1.0,retreat=30|v10|stop",battery_cr2032,mat,0.0,1,1,0,0,0,0,0,1,0,1,0,11.00,0.01
"hood|backstop=None,clearance_mm=3.0,funnel=True,gate=True,mu_floor_scale=1.0,mu_wall_scale=1.0,retreat=30|v10|stop",battery_cr2032,mat,5.0,1,1,0,0,0,0,0,1,0,1,0,11.01,5.00
"hood|backstop=None,clearance_mm=3.0,funnel=True,gate=True,mu_floor_scale=1.0,mu_wall_scale=1.0,retreat=30|v10|stop",battery_cr2032,mat,10.0,1,1,0,0,0,0,0,1,1,0,1,11.01,4.89
"hood|backstop=None,clearance_mm=3.0,funnel=True,gate=True,mu_floor_scale=1.0,mu_wall_scale=1.0,retreat=30|v10|stop",bead,flooring,0.0,1,1,0,0,0,0,0,1,0,1,0,5.01,0.00
"hood|backstop=None,clearance_mm=3.0,funnel=True,gate=True,mu_floor_scale=1.0,mu_wall_scale=1.0,retreat=30|v10|stop",bead,flooring,5.0,1,1,0,0,0,0,0,1,0,1,0,5.01,5.00
"hood|backstop=None,clearance_mm=3.0,funnel=True,gate=True,mu_floor_scale=1.0,mu_wall_scale=1.0,retreat=30|v10|stop",bead,flooring,10.0,1,1,0,0,0,0,0,1,0,1,0,5.00,10.00
"hood|backstop=None,clearance_mm=3.0,funnel=True,gate=True,mu_floor_scale=1.0,mu_wall_scale=1.0,retreat=30|v10|stop",bead,mat,0.0,1,1,0,0,0,0,0,1,0,1,0,5.01,0.00
"hood|backstop=None,clearance_mm=3.0,funnel=True,gate=True,mu_floor_scale=1.0,mu_wall_scale=1.0,retreat=30|v10|stop",bead,mat,5.0,1,1,0,0,0,0,0,1,0,1,0,5.01,5.00
"hood|backstop=None,clearance_mm=3.0,funnel=True,gate=True,mu_floor_scale=1.0,mu_wall_scale=1.0,retreat=30|v10|stop",bead,mat,10.0,1,1,0,0,0,0,0,1,0,1,0,5.00,10.00
"hood|backstop=None,clearance_mm=3.0,funnel=True,gate=True,mu_floor_scale=1.0,mu_wall_scale=1.0,retreat=30|v10|stop",coin_1yen,flooring,0.0,1,0,0,1,0,0,0,1,0,1,0,11.00,0.00
"hood|backstop=None,clearance_mm=3.0,funnel=True,gate=True,mu_floor_scale=1.0,mu_wall_scale=1.0,retreat=30|v10|stop",coin_1yen,flooring,5.0,1,0,0,1,0,0,0,1,0,1,0,11.01,5.00
"hood|backstop=None,clearance_mm=3.0,funnel=True,gate=True,mu_floor_scale=1.0,mu_wall_scale=1.0,retreat=30|v10|stop",coin_1yen,flooring,10.0,1,0,0,1,0,0,0,1,0,1,0,11.00,10.00
"hood|backstop=None,clearance_mm=3.0,funnel=True,gate=True,mu_floor_scale=1.0,mu_wall_scale=1.0,retreat=30|v10|stop",coin_1yen,mat,0.0,1,0,0,1,0,0,0,1,0,1,0,11.00,0.00
"hood|backstop=None,clearance_mm=3.0,funnel=True,gate=True,mu_floor_scale=1.0,mu_wall_scale=1.0,retreat=30|v10|stop",coin_1yen,mat,5.0,1,0,0,1,0,0,0,1,0,1,0,11.01,5.00
"hood|backstop=None,clearance_mm=3.0,funnel=True,gate=True,mu_floor_scale=1.0,mu_wall_scale=1.0,retreat=30|v10|stop",coin_1yen,mat,10.0,1,0,0,1,0,0,0,1,0,1,0,11.00,10.00
"hood|backstop=None,clearance_mm=3.0,funnel=True,gate=True,mu_floor_scale=1.0,mu_wall_scale=1.0,retreat=30|v10|stop",crumb_cube,flooring,0.0,1,1,0,0,0,0,0,1,0,1,0,8.07,0.00
"hood|backstop=None,clearance_mm=3.0,funnel=True,gate=True,mu_floor_scale=1.0,mu_wall_scale=1.0,retreat=30|v10|stop",crumb_cube,flooring,5.0,1,1,0,0,0,0,0,1,0,1,0,8.07,5.00
"hood|backstop=None,clearance_mm=3.0,funnel=True,gate=True,mu_floor_scale=1.0,mu_wall_scale=1.0,retreat=30|v10|stop",crumb_cube,flooring,10.0,1,1,0,0,0,0,0,1,1,0,1,8.07,8.91
"hood|backstop=None,clearance_mm=3.0,funnel=True,gate=True,mu_floor_scale=1.0,mu_wall_scale=1.0,retreat=30|v10|stop",crumb_cube,mat,0.0,1,1,0,0,0,0,0,1,0,1,0,8.07,0.00
"hood|backstop=None,clearance_mm=3.0,funnel=True,gate=True,mu_floor_scale=1.0,mu_wall_scale=1.0,retreat=30|v10|stop",crumb_cube,mat,5.0,1,1,0,0,0,0,0,1,0,1,0,8.07,5.00
"hood|backstop=None,clearance_mm=3.0,funnel=True,gate=True,mu_floor_scale=1.0,mu_wall_scale=1.0,retreat=30|v10|stop",crumb_cube,mat,10.0,1,1,0,0,0,0,0,1,1,0,1,8.07,8.91
"hood|backstop=None,clearance_mm=3.0,funnel=True,gate=True,mu_floor_scale=1.0,mu_wall_scale=1.4,retreat=30|v10|stop",battery_cr2032,flooring,0.0,1,1,0,0,0,0,0,1,0,1,0,11.00,0.01
"hood|backstop=None,clearance_mm=3.0,funnel=True,gate=True,mu_floor_scale=1.0,mu_wall_scale=1.4,retreat=30|v10|stop",battery_cr2032,flooring,5.0,1,1,0,0,0,0,0,1,0,1,0,11.01,5.00
"hood|backstop=None,clearance_mm=3.0,funnel=True,gate=True,mu_floor_scale=1.0,mu_wall_scale=1.4,retreat=30|v10|stop",battery_cr2032,flooring,10.0,1,1,0,0,0,0,0,1,1,0,1,11.01,4.48
"hood|backstop=None,clearance_mm=3.0,funnel=True,gate=True,mu_floor_scale=1.0,mu_wall_scale=1.4,retreat=30|v10|stop",battery_cr2032,mat,0.0,1,1,0,0,0,0,0,1,0,1,0,11.00,0.01
"hood|backstop=None,clearance_mm=3.0,funnel=True,gate=True,mu_floor_scale=1.0,mu_wall_scale=1.4,retreat=30|v10|stop",battery_cr2032,mat,5.0,1,1,0,0,0,0,0,1,0,1,0,11.01,5.00
"hood|backstop=None,clearance_mm=3.0,funnel=True,gate=True,mu_floor_scale=1.0,mu_wall_scale=1.4,retreat=30|v10|stop",battery_cr2032,mat,10.0,1,1,0,0,0,0,0,1,1,0,1,11.01,4.95
"hood|backstop=None,clearance_mm=3.0,funnel=True,gate=True,mu_floor_scale=1.0,mu_wall_scale=1.4,retreat=30|v10|stop",bead,flooring,0.0,1,1,0,0,0,0,0,1,0,1,0,5.01,0.00
"hood|backstop=None,clearance_mm=3.0,funnel=True,gate=True,mu_floor_scale=1.0,mu_wall_scale=1.4,retreat=30|v10|stop",bead,flooring,5.0,1,1,0,0,0,0,0,1,0,1,0,5.01,5.00
"hood|backstop=None,clearance_mm=3.0,funnel=True,gate=True,mu_floor_scale=1.0,mu_wall_scale=1.4,retreat=30|v10|stop",bead,flooring,10.0,1,1,0,0,0,0,0,1,0,1,0,5.00,10.00
"hood|backstop=None,clearance_mm=3.0,funnel=True,gate=True,mu_floor_scale=1.0,mu_wall_scale=1.4,retreat=30|v10|stop",bead,mat,0.0,1,1,0,0,0,0,0,1,0,1,0,5.01,0.00
"hood|backstop=None,clearance_mm=3.0,funnel=True,gate=True,mu_floor_scale=1.0,mu_wall_scale=1.4,retreat=30|v10|stop",bead,mat,5.0,1,1,0,0,0,0,0,1,0,1,0,5.01,5.00
"hood|backstop=None,clearance_mm=3.0,funnel=True,gate=True,mu_floor_scale=1.0,mu_wall_scale=1.4,retreat=30|v10|stop",bead,mat,10.0,1,1,0,0,0,0,0,1,0,1,0,5.00,10.00
"hood|backstop=None,clearance_mm=3.0,funnel=True,gate=True,mu_floor_scale=1.0,mu_wall_scale=1.4,retreat=30|v10|stop",coin_1yen,flooring,0.0,1,0,0,1,0,0,0,1,0,1,0,11.00,0.00
"hood|backstop=None,clearance_mm=3.0,funnel=True,gate=True,mu_floor_scale=1.0,mu_wall_scale=1.4,retreat=30|v10|stop",coin_1yen,flooring,5.0,1,0,0,1,0,0,0,1,0,1,0,11.01,5.00
"hood|backstop=None,clearance_mm=3.0,funnel=True,gate=True,mu_floor_scale=1.0,mu_wall_scale=1.4,retreat=30|v10|stop",coin_1yen,flooring,10.0,1,0,0,1,0,0,0,1,0,1,0,11.00,10.00
"hood|backstop=None,clearance_mm=3.0,funnel=True,gate=True,mu_floor_scale=1.0,mu_wall_scale=1.4,retreat=30|v10|stop",coin_1yen,mat,0.0,1,0,0,1,0,0,0,1,0,1,0,11.00,0.00
"hood|backstop=None,clearance_mm=3.0,funnel=True,gate=True,mu_floor_scale=1.0,mu_wall_scale=1.4,retreat=30|v10|stop",coin_1yen,mat,5.0,1,0,0,1,0,0,0,1,0,1,0,11.01,5.00
"hood|backstop=None,clearance_mm=3.0,funnel=True,gate=True,mu_floor_scale=1.0,mu_wall_scale=1.4,retreat=30|v10|stop",coin_1yen,mat,10.0,1,0,0,1,0,0,0,1,0,1,0,11.00,10.00
"hood|backstop=None,clearance_mm=3.0,funnel=True,gate=True,mu_floor_scale=1.0,mu_wall_scale=1.4,retreat=30|v10|stop",crumb_cube,flooring,0.0,1,1,0,0,0,0,0,1,0,1,0,8.07,0.00
"hood|backstop=None,clearance_mm=3.0,funnel=True,gate=True,mu_floor_scale=1.0,mu_wall_scale=1.4,retreat=30|v10|stop",crumb_cube,flooring,5.0,1,1,0,0,0,0,0,1,0,1,0,8.07,5.00
"hood|backstop=None,clearance_mm=3.0,funnel=True,gate=True,mu_floor_scale=1.0,mu_wall_scale=1.4,retreat=30|v10|stop",crumb_cube,flooring,10.0,1,1,0,0,0,0,0,1,1,0,1,8.08,8.98
"hood|backstop=None,clearance_mm=3.0,funnel=True,gate=True,mu_floor_scale=1.0,mu_wall_scale=1.4,retreat=30|v10|stop",crumb_cube,mat,0.0,1,1,0,0,0,0,0,1,0,1,0,8.07,0.00
"hood|backstop=None,clearance_mm=3.0,funnel=True,gate=True,mu_floor_scale=1.0,mu_wall_scale=1.4,retreat=30|v10|stop",crumb_cube,mat,5.0,1,1,0,0,0,0,0,1,0,1,0,8.07,5.00
"hood|backstop=None,clearance_mm=3.0,funnel=True,gate=True,mu_floor_scale=1.0,mu_wall_scale=1.4,retreat=30|v10|stop",crumb_cube,mat,10.0,1,1,0,0,0,0,0,1,1,0,1,8.08,8.98
"hood|backstop=None,clearance_mm=3.0,funnel=True,gate=True,mu_floor_scale=1.4,mu_wall_scale=0.7,retreat=30|v10|stop",battery_cr2032,flooring,0.0,1,1,0,0,0,0,0,1,0,1,0,11.01,0.01
"hood|backstop=None,clearance_mm=3.0,funnel=True,gate=True,mu_floor_scale=1.4,mu_wall_scale=0.7,retreat=30|v10|stop",battery_cr2032,flooring,5.0,1,1,0,0,0,0,0,1,0,1,0,11.01,5.00
"hood|backstop=None,clearance_mm=3.0,funnel=True,gate=True,mu_floor_scale=1.4,mu_wall_scale=0.7,retreat=30|v10|stop",battery_cr2032,flooring,10.0,1,1,0,0,0,0,0,1,1,0,1,11.00,5.72
"hood|backstop=None,clearance_mm=3.0,funnel=True,gate=True,mu_floor_scale=1.4,mu_wall_scale=0.7,retreat=30|v10|stop",battery_cr2032,mat,0.0,1,1,0,0,0,0,0,1,0,1,0,11.00,0.01
"hood|backstop=None,clearance_mm=3.0,funnel=True,gate=True,mu_floor_scale=1.4,mu_wall_scale=0.7,retreat=30|v10|stop",battery_cr2032,mat,5.0,1,1,0,0,0,0,0,1,0,1,0,11.01,5.00
"hood|backstop=None,clearance_mm=3.0,funnel=True,gate=True,mu_floor_scale=1.4,mu_wall_scale=0.7,retreat=30|v10|stop",battery_cr2032,mat,10.0,1,1,0,0,0,0,0,1,1,0,1,11.00,4.98
"hood|backstop=None,clearance_mm=3.0,funnel=True,gate=True,mu_floor_scale=1.4,mu_wall_scale=0.7,retreat=30|v10|stop",bead,flooring,0.0,1,1,0,0,0,0,0,1,0,1,0,5.01,0.00
"hood|backstop=None,clearance_mm=3.0,funnel=True,gate=True,mu_floor_scale=1.4,mu_wall_scale=0.7,retreat=30|v10|stop",bead,flooring,5.0,1,1,0,0,0,0,0,1,0,1,0,5.01,5.00
"hood|backstop=None,clearance_mm=3.0,funnel=True,gate=True,mu_floor_scale=1.4,mu_wall_scale=0.7,retreat=30|v10|stop",bead,flooring,10.0,1,1,0,0,0,0,0,1,0,1,0,5.00,10.00
"hood|backstop=None,clearance_mm=3.0,funnel=True,gate=True,mu_floor_scale=1.4,mu_wall_scale=0.7,retreat=30|v10|stop",bead,mat,0.0,1,1,0,0,0,0,0,1,0,1,0,5.01,0.00
"hood|backstop=None,clearance_mm=3.0,funnel=True,gate=True,mu_floor_scale=1.4,mu_wall_scale=0.7,retreat=30|v10|stop",bead,mat,5.0,1,1,0,0,0,0,0,1,0,1,0,5.01,5.00
"hood|backstop=None,clearance_mm=3.0,funnel=True,gate=True,mu_floor_scale=1.4,mu_wall_scale=0.7,retreat=30|v10|stop",bead,mat,10.0,1,1,0,0,0,0,0,1,0,1,0,5.00,10.00
"hood|backstop=None,clearance_mm=3.0,funnel=True,gate=True,mu_floor_scale=1.4,mu_wall_scale=0.7,retreat=30|v10|stop",coin_1yen,flooring,0.0,1,0,0,1,0,0,0,1,0,1,0,11.00,0.00
"hood|backstop=None,clearance_mm=3.0,funnel=True,gate=True,mu_floor_scale=1.4,mu_wall_scale=0.7,retreat=30|v10|stop",coin_1yen,flooring,5.0,1,0,0,1,0,0,0,1,0,1,0,11.01,5.00
"hood|backstop=None,clearance_mm=3.0,funnel=True,gate=True,mu_floor_scale=1.4,mu_wall_scale=0.7,retreat=30|v10|stop",coin_1yen,flooring,10.0,1,0,0,1,0,0,0,1,0,1,0,11.00,10.00
"hood|backstop=None,clearance_mm=3.0,funnel=True,gate=True,mu_floor_scale=1.4,mu_wall_scale=0.7,retreat=30|v10|stop",coin_1yen,mat,0.0,1,0,0,1,0,0,0,1,0,1,0,11.00,0.00
"hood|backstop=None,clearance_mm=3.0,funnel=True,gate=True,mu_floor_scale=1.4,mu_wall_scale=0.7,retreat=30|v10|stop",coin_1yen,mat,5.0,1,0,0,1,0,0,0,1,0,1,0,11.01,5.00
"hood|backstop=None,clearance_mm=3.0,funnel=True,gate=True,mu_floor_scale=1.4,mu_wall_scale=0.7,retreat=30|v10|stop",coin_1yen,mat,10.0,1,0,0,1,0,0,0,1,0,1,0,11.00,10.00
"hood|backstop=None,clearance_mm=3.0,funnel=True,gate=True,mu_floor_scale=1.4,mu_wall_scale=0.7,retreat=30|v10|stop",crumb_cube,flooring,0.0,1,1,0,0,0,0,0,1,0,1,0,8.07,0.00
"hood|backstop=None,clearance_mm=3.0,funnel=True,gate=True,mu_floor_scale=1.4,mu_wall_scale=0.7,retreat=30|v10|stop",crumb_cube,flooring,5.0,1,1,0,0,0,0,0,1,0,1,0,8.07,5.00
"hood|backstop=None,clearance_mm=3.0,funnel=True,gate=True,mu_floor_scale=1.4,mu_wall_scale=0.7,retreat=30|v10|stop",crumb_cube,flooring,10.0,1,1,0,0,0,0,0,1,1,0,1,8.08,8.95
"hood|backstop=None,clearance_mm=3.0,funnel=True,gate=True,mu_floor_scale=1.4,mu_wall_scale=0.7,retreat=30|v10|stop",crumb_cube,mat,0.0,1,1,0,0,0,0,0,1,0,1,0,8.07,0.00
"hood|backstop=None,clearance_mm=3.0,funnel=True,gate=True,mu_floor_scale=1.4,mu_wall_scale=0.7,retreat=30|v10|stop",crumb_cube,mat,5.0,1,1,0,0,0,0,0,1,0,1,0,8.07,5.00
"hood|backstop=None,clearance_mm=3.0,funnel=True,gate=True,mu_floor_scale=1.4,mu_wall_scale=0.7,retreat=30|v10|stop",crumb_cube,mat,10.0,1,1,0,0,0,0,0,1,1,0,1,8.08,8.95
"hood|backstop=None,clearance_mm=3.0,funnel=True,gate=True,mu_floor_scale=1.4,mu_wall_scale=1.0,retreat=30|v10|stop",battery_cr2032,flooring,0.0,1,1,0,0,0,0,0,1,0,1,0,11.01,0.01
"hood|backstop=None,clearance_mm=3.0,funnel=True,gate=True,mu_floor_scale=1.4,mu_wall_scale=1.0,retreat=30|v10|stop",battery_cr2032,flooring,5.0,1,1,0,0,0,0,0,1,0,1,0,11.01,5.00
"hood|backstop=None,clearance_mm=3.0,funnel=True,gate=True,mu_floor_scale=1.4,mu_wall_scale=1.0,retreat=30|v10|stop",battery_cr2032,flooring,10.0,1,1,0,0,0,0,0,1,1,0,1,11.01,4.99
"hood|backstop=None,clearance_mm=3.0,funnel=True,gate=True,mu_floor_scale=1.4,mu_wall_scale=1.0,retreat=30|v10|stop",battery_cr2032,mat,0.0,1,1,0,0,0,0,0,1,0,1,0,11.00,0.01
"hood|backstop=None,clearance_mm=3.0,funnel=True,gate=True,mu_floor_scale=1.4,mu_wall_scale=1.0,retreat=30|v10|stop",battery_cr2032,mat,5.0,1,1,0,0,0,0,0,1,0,1,0,11.01,5.00
"hood|backstop=None,clearance_mm=3.0,funnel=True,gate=True,mu_floor_scale=1.4,mu_wall_scale=1.0,retreat=30|v10|stop",battery_cr2032,mat,10.0,1,1,0,0,0,0,0,1,1,0,1,11.00,5.86
"hood|backstop=None,clearance_mm=3.0,funnel=True,gate=True,mu_floor_scale=1.4,mu_wall_scale=1.0,retreat=30|v10|stop",bead,flooring,0.0,1,1,0,0,0,0,0,1,0,1,0,5.01,0.00
"hood|backstop=None,clearance_mm=3.0,funnel=True,gate=True,mu_floor_scale=1.4,mu_wall_scale=1.0,retreat=30|v10|stop",bead,flooring,5.0,1,1,0,0,0,0,0,1,0,1,0,5.01,5.00
"hood|backstop=None,clearance_mm=3.0,funnel=True,gate=True,mu_floor_scale=1.4,mu_wall_scale=1.0,retreat=30|v10|stop",bead,flooring,10.0,1,1,0,0,0,0,0,1,0,1,0,5.00,10.00
"hood|backstop=None,clearance_mm=3.0,funnel=True,gate=True,mu_floor_scale=1.4,mu_wall_scale=1.0,retreat=30|v10|stop",bead,mat,0.0,1,1,0,0,0,0,0,1,0,1,0,5.01,0.00
"hood|backstop=None,clearance_mm=3.0,funnel=True,gate=True,mu_floor_scale=1.4,mu_wall_scale=1.0,retreat=30|v10|stop",bead,mat,5.0,1,1,0,0,0,0,0,1,0,1,0,5.01,5.00
"hood|backstop=None,clearance_mm=3.0,funnel=True,gate=True,mu_floor_scale=1.4,mu_wall_scale=1.0,retreat=30|v10|stop",bead,mat,10.0,1,1,0,0,0,0,0,1,0,1,0,5.00,10.00
"hood|backstop=None,clearance_mm=3.0,funnel=True,gate=True,mu_floor_scale=1.4,mu_wall_scale=1.0,retreat=30|v10|stop",coin_1yen,flooring,0.0,1,0,0,1,0,0,0,1,0,1,0,11.00,0.00
"hood|backstop=None,clearance_mm=3.0,funnel=True,gate=True,mu_floor_scale=1.4,mu_wall_scale=1.0,retreat=30|v10|stop",coin_1yen,flooring,5.0,1,0,0,1,0,0,0,1,0,1,0,11.01,5.00
"hood|backstop=None,clearance_mm=3.0,funnel=True,gate=True,mu_floor_scale=1.4,mu_wall_scale=1.0,retreat=30|v10|stop",coin_1yen,flooring,10.0,1,0,0,1,0,0,0,1,0,1,0,11.00,10.00
"hood|backstop=None,clearance_mm=3.0,funnel=True,gate=True,mu_floor_scale=1.4,mu_wall_scale=1.0,retreat=30|v10|stop",coin_1yen,mat,0.0,1,0,0,1,0,0,0,1,0,1,0,11.00,0.00
"hood|backstop=None,clearance_mm=3.0,funnel=True,gate=True,mu_floor_scale=1.4,mu_wall_scale=1.0,retreat=30|v10|stop",coin_1yen,mat,5.0,1,0,0,1,0,0,0,1,0,1,0,11.01,5.00
"hood|backstop=None,clearance_mm=3.0,funnel=True,gate=True,mu_floor_scale=1.4,mu_wall_scale=1.0,retreat=30|v10|stop",coin_1yen,mat,10.0,1,0,0,1,0,0,0,1,0,1,0,11.00,10.00
"hood|backstop=None,clearance_mm=3.0,funnel=True,gate=True,mu_floor_scale=1.4,mu_wall_scale=1.0,retreat=30|v10|stop",crumb_cube,flooring,0.0,1,1,0,0,0,0,0,1,0,1,0,8.07,0.00
"hood|backstop=None,clearance_mm=3.0,funnel=True,gate=True,mu_floor_scale=1.4,mu_wall_scale=1.0,retreat=30|v10|stop",crumb_cube,flooring,5.0,1,1,0,0,0,0,0,1,0,1,0,8.07,5.00
"hood|backstop=None,clearance_mm=3.0,funnel=True,gate=True,mu_floor_scale=1.4,mu_wall_scale=1.0,retreat=30|v10|stop",crumb_cube,flooring,10.0,1,1,0,0,0,0,0,1,1,0,1,8.08,8.98
"hood|backstop=None,clearance_mm=3.0,funnel=True,gate=True,mu_floor_scale=1.4,mu_wall_scale=1.0,retreat=30|v10|stop",crumb_cube,mat,0.0,1,1,0,0,0,0,0,1,0,1,0,8.07,0.00
"hood|backstop=None,clearance_mm=3.0,funnel=True,gate=True,mu_floor_scale=1.4,mu_wall_scale=1.0,retreat=30|v10|stop",crumb_cube,mat,5.0,1,1,0,0,0,0,0,1,0,1,0,8.07,5.00
"hood|backstop=None,clearance_mm=3.0,funnel=True,gate=True,mu_floor_scale=1.4,mu_wall_scale=1.0,retreat=30|v10|stop",crumb_cube,mat,10.0,1,1,0,0,0,0,0,1,1,0,1,8.08,8.98
"hood|backstop=None,clearance_mm=3.0,funnel=True,gate=True,mu_floor_scale=1.4,mu_wall_scale=1.4,retreat=30|v10|stop",battery_cr2032,flooring,0.0,1,1,0,0,0,0,0,1,0,1,0,11.01,0.01
"hood|backstop=None,clearance_mm=3.0,funnel=True,gate=True,mu_floor_scale=1.4,mu_wall_scale=1.4,retreat=30|v10|stop",battery_cr2032,flooring,5.0,1,1,0,0,0,0,0,1,0,1,0,11.01,5.00
"hood|backstop=None,clearance_mm=3.0,funnel=True,gate=True,mu_floor_scale=1.4,mu_wall_scale=1.4,retreat=30|v10|stop",battery_cr2032,flooring,10.0,1,1,0,0,0,0,0,1,1,0,1,11.00,5.68
"hood|backstop=None,clearance_mm=3.0,funnel=True,gate=True,mu_floor_scale=1.4,mu_wall_scale=1.4,retreat=30|v10|stop",battery_cr2032,mat,0.0,1,1,0,0,0,0,0,1,0,1,0,11.00,0.01
"hood|backstop=None,clearance_mm=3.0,funnel=True,gate=True,mu_floor_scale=1.4,mu_wall_scale=1.4,retreat=30|v10|stop",battery_cr2032,mat,5.0,1,1,0,0,0,0,0,1,0,1,0,11.01,5.00
"hood|backstop=None,clearance_mm=3.0,funnel=True,gate=True,mu_floor_scale=1.4,mu_wall_scale=1.4,retreat=30|v10|stop",battery_cr2032,mat,10.0,1,1,0,0,0,0,0,1,1,0,1,11.00,5.80
"hood|backstop=None,clearance_mm=3.0,funnel=True,gate=True,mu_floor_scale=1.4,mu_wall_scale=1.4,retreat=30|v10|stop",bead,flooring,0.0,1,1,0,0,0,0,0,1,0,1,0,5.01,0.00
"hood|backstop=None,clearance_mm=3.0,funnel=True,gate=True,mu_floor_scale=1.4,mu_wall_scale=1.4,retreat=30|v10|stop",bead,flooring,5.0,1,1,0,0,0,0,0,1,0,1,0,5.01,5.00
"hood|backstop=None,clearance_mm=3.0,funnel=True,gate=True,mu_floor_scale=1.4,mu_wall_scale=1.4,retreat=30|v10|stop",bead,flooring,10.0,1,1,0,0,0,0,0,1,0,1,0,5.00,10.00
"hood|backstop=None,clearance_mm=3.0,funnel=True,gate=True,mu_floor_scale=1.4,mu_wall_scale=1.4,retreat=30|v10|stop",bead,mat,0.0,1,1,0,0,0,0,0,1,0,1,0,5.01,0.00
"hood|backstop=None,clearance_mm=3.0,funnel=True,gate=True,mu_floor_scale=1.4,mu_wall_scale=1.4,retreat=30|v10|stop",bead,mat,5.0,1,1,0,0,0,0,0,1,0,1,0,5.01,5.00
"hood|backstop=None,clearance_mm=3.0,funnel=True,gate=True,mu_floor_scale=1.4,mu_wall_scale=1.4,retreat=30|v10|stop",bead,mat,10.0,1,1,0,0,0,0,0,1,0,1,0,5.00,10.00
"hood|backstop=None,clearance_mm=3.0,funnel=True,gate=True,mu_floor_scale=1.4,mu_wall_scale=1.4,retreat=30|v10|stop",coin_1yen,flooring,0.0,1,0,0,1,0,0,0,1,0,1,0,11.00,0.00
"hood|backstop=None,clearance_mm=3.0,funnel=True,gate=True,mu_floor_scale=1.4,mu_wall_scale=1.4,retreat=30|v10|stop",coin_1yen,flooring,5.0,1,0,0,1,0,0,0,1,0,1,0,11.01,5.00
"hood|backstop=None,clearance_mm=3.0,funnel=True,gate=True,mu_floor_scale=1.4,mu_wall_scale=1.4,retreat=30|v10|stop",coin_1yen,flooring,10.0,1,0,0,1,0,0,0,1,0,1,0,11.00,10.00
"hood|backstop=None,clearance_mm=3.0,funnel=True,gate=True,mu_floor_scale=1.4,mu_wall_scale=1.4,retreat=30|v10|stop",coin_1yen,mat,0.0,1,0,0,1,0,0,0,1,0,1,0,11.00,0.00
"hood|backstop=None,clearance_mm=3.0,funnel=True,gate=True,mu_floor_scale=1.4,mu_wall_scale=1.4,retreat=30|v10|stop",coin_1yen,mat,5.0,1,0,0,1,0,0,0,1,0,1,0,11.01,5.00
"hood|backstop=None,clearance_mm=3.0,funnel=True,gate=True,mu_floor_scale=1.4,mu_wall_scale=1.4,retreat=30|v10|stop",coin_1yen,mat,10.0,1,0,0,1,0,0,0,1,0,1,0,11.00,10.00
"hood|backstop=None,clearance_mm=3.0,funnel=True,gate=True,mu_floor_scale=1.4,mu_wall_scale=1.4,retreat=30|v10|stop",crumb_cube,flooring,0.0,1,1,0,0,0,0,0,1,0,1,0,8.07,0.00
"hood|backstop=None,clearance_mm=3.0,funnel=True,gate=True,mu_floor_scale=1.4,mu_wall_scale=1.4,retreat=30|v10|stop",crumb_cube,flooring,5.0,1,1,0,0,0,0,0,1,0,1,0,8.07,5.00
"hood|backstop=None,clearance_mm=3.0,funnel=True,gate=True,mu_floor_scale=1.4,mu_wall_scale=1.4,retreat=30|v10|stop",crumb_cube,flooring,10.0,1,1,0,0,0,0,0,1,1,0,1,8.07,8.98
"hood|backstop=None,clearance_mm=3.0,funnel=True,gate=True,mu_floor_scale=1.4,mu_wall_scale=1.4,retreat=30|v10|stop",crumb_cube,mat,0.0,1,1,0,0,0,0,0,1,0,1,0,8.07,0.00
"hood|backstop=None,clearance_mm=3.0,funnel=True,gate=True,mu_floor_scale=1.4,mu_wall_scale=1.4,retreat=30|v10|stop",crumb_cube,mat,5.0,1,1,0,0,0,0,0,1,0,1,0,8.07,5.00
"hood|backstop=None,clearance_mm=3.0,funnel=True,gate=True,mu_floor_scale=1.4,mu_wall_scale=1.4,retreat=30|v10|stop",crumb_cube,mat,10.0,1,1,0,0,0,0,0,1,1,0,1,8.07,8.98
"hood|backstop=None,clearance_mm=4.0,funnel=True,gate=True,mu_floor_scale=0.7,mu_wall_scale=0.7,retreat=30|v10|stop",battery_cr2032,flooring,0.0,1,0,0,1,0,0,0,1,0,1,0,11.00,0.01
"hood|backstop=None,clearance_mm=4.0,funnel=True,gate=True,mu_floor_scale=0.7,mu_wall_scale=0.7,retreat=30|v10|stop",battery_cr2032,flooring,5.0,1,0,0,1,0,0,0,1,0,1,0,11.01,5.00
"hood|backstop=None,clearance_mm=4.0,funnel=True,gate=True,mu_floor_scale=0.7,mu_wall_scale=0.7,retreat=30|v10|stop",battery_cr2032,flooring,10.0,1,0,0,1,0,0,0,1,0,1,0,11.01,10.00
"hood|backstop=None,clearance_mm=4.0,funnel=True,gate=True,mu_floor_scale=0.7,mu_wall_scale=0.7,retreat=30|v10|stop",battery_cr2032,mat,0.0,1,0,0,1,0,0,0,1,0,1,0,11.01,0.01
"hood|backstop=None,clearance_mm=4.0,funnel=True,gate=True,mu_floor_scale=0.7,mu_wall_scale=0.7,retreat=30|v10|stop",battery_cr2032,mat,5.0,1,0,0,1,0,0,0,1,0,1,0,11.01,5.00
"hood|backstop=None,clearance_mm=4.0,funnel=True,gate=True,mu_floor_scale=0.7,mu_wall_scale=0.7,retreat=30|v10|stop",battery_cr2032,mat,10.0,1,0,0,1,0,0,0,1,0,1,0,11.01,10.00
"hood|backstop=None,clearance_mm=4.0,funnel=True,gate=True,mu_floor_scale=0.7,mu_wall_scale=0.7,retreat=30|v10|stop",bead,flooring,0.0,1,1,0,0,0,0,0,1,0,1,0,5.01,0.00
"hood|backstop=None,clearance_mm=4.0,funnel=True,gate=True,mu_floor_scale=0.7,mu_wall_scale=0.7,retreat=30|v10|stop",bead,flooring,5.0,1,1,0,0,0,0,0,1,0,1,0,5.01,5.00
"hood|backstop=None,clearance_mm=4.0,funnel=True,gate=True,mu_floor_scale=0.7,mu_wall_scale=0.7,retreat=30|v10|stop",bead,flooring,10.0,1,1,0,0,0,0,0,1,0,1,0,5.00,10.00
"hood|backstop=None,clearance_mm=4.0,funnel=True,gate=True,mu_floor_scale=0.7,mu_wall_scale=0.7,retreat=30|v10|stop",bead,mat,0.0,1,1,0,0,0,0,0,1,0,1,0,5.01,0.00
"hood|backstop=None,clearance_mm=4.0,funnel=True,gate=True,mu_floor_scale=0.7,mu_wall_scale=0.7,retreat=30|v10|stop",bead,mat,5.0,1,1,0,0,0,0,0,1,0,1,0,5.01,5.00
"hood|backstop=None,clearance_mm=4.0,funnel=True,gate=True,mu_floor_scale=0.7,mu_wall_scale=0.7,retreat=30|v10|stop",bead,mat,10.0,1,1,0,0,0,0,0,1,0,1,0,5.00,10.00
"hood|backstop=None,clearance_mm=4.0,funnel=True,gate=True,mu_floor_scale=0.7,mu_wall_scale=0.7,retreat=30|v10|stop",coin_1yen,flooring,0.0,1,0,0,1,0,0,0,1,0,1,0,11.00,0.00
"hood|backstop=None,clearance_mm=4.0,funnel=True,gate=True,mu_floor_scale=0.7,mu_wall_scale=0.7,retreat=30|v10|stop",coin_1yen,flooring,5.0,1,0,0,1,0,0,0,1,0,1,0,11.01,5.00
"hood|backstop=None,clearance_mm=4.0,funnel=True,gate=True,mu_floor_scale=0.7,mu_wall_scale=0.7,retreat=30|v10|stop",coin_1yen,flooring,10.0,1,0,0,1,0,0,0,1,0,1,0,11.00,10.00
"hood|backstop=None,clearance_mm=4.0,funnel=True,gate=True,mu_floor_scale=0.7,mu_wall_scale=0.7,retreat=30|v10|stop",coin_1yen,mat,0.0,1,0,0,1,0,0,0,1,0,1,0,11.00,0.00
"hood|backstop=None,clearance_mm=4.0,funnel=True,gate=True,mu_floor_scale=0.7,mu_wall_scale=0.7,retreat=30|v10|stop",coin_1yen,mat,5.0,1,0,0,1,0,0,0,1,0,1,0,11.01,5.00
"hood|backstop=None,clearance_mm=4.0,funnel=True,gate=True,mu_floor_scale=0.7,mu_wall_scale=0.7,retreat=30|v10|stop",coin_1yen,mat,10.0,1,0,0,1,0,0,0,1,0,1,0,11.00,10.00
"hood|backstop=None,clearance_mm=4.0,funnel=True,gate=True,mu_floor_scale=0.7,mu_wall_scale=0.7,retreat=30|v10|stop",crumb_cube,flooring,0.0,1,1,0,0,0,0,0,1,0,1,0,8.07,0.00
"hood|backstop=None,clearance_mm=4.0,funnel=True,gate=True,mu_floor_scale=0.7,mu_wall_scale=0.7,retreat=30|v10|stop",crumb_cube,flooring,5.0,1,1,0,0,0,0,0,1,0,1,0,8.07,5.00
"hood|backstop=None,clearance_mm=4.0,funnel=True,gate=True,mu_floor_scale=0.7,mu_wall_scale=0.7,retreat=30|v10|stop",crumb_cube,flooring,10.0,1,1,0,0,0,0,0,1,1,0,1,8.08,8.81
"hood|backstop=None,clearance_mm=4.0,funnel=True,gate=True,mu_floor_scale=0.7,mu_wall_scale=0.7,retreat=30|v10|stop",crumb_cube,mat,0.0,1,1,0,0,0,0,0,1,0,1,0,8.07,0.00
"hood|backstop=None,clearance_mm=4.0,funnel=True,gate=True,mu_floor_scale=0.7,mu_wall_scale=0.7,retreat=30|v10|stop",crumb_cube,mat,5.0,1,1,0,0,0,0,0,1,0,1,0,8.07,5.00
"hood|backstop=None,clearance_mm=4.0,funnel=True,gate=True,mu_floor_scale=0.7,mu_wall_scale=0.7,retreat=30|v10|stop",crumb_cube,mat,10.0,1,1,0,0,0,0,0,1,1,0,1,8.08,8.81
"hood|backstop=None,clearance_mm=4.0,funnel=True,gate=True,mu_floor_scale=0.7,mu_wall_scale=1.0,retreat=30|v10|stop",battery_cr2032,flooring,0.0,1,0,0,1,0,0,0,1,0,1,0,11.00,0.01
"hood|backstop=None,clearance_mm=4.0,funnel=True,gate=True,mu_floor_scale=0.7,mu_wall_scale=1.0,retreat=30|v10|stop",battery_cr2032,flooring,5.0,1,0,0,1,0,0,0,1,0,1,0,11.01,5.00
"hood|backstop=None,clearance_mm=4.0,funnel=True,gate=True,mu_floor_scale=0.7,mu_wall_scale=1.0,retreat=30|v10|stop",battery_cr2032,flooring,10.0,1,0,0,1,0,0,0,1,0,1,0,11.01,10.00
"hood|backstop=None,clearance_mm=4.0,funnel=True,gate=True,mu_floor_scale=0.7,mu_wall_scale=1.0,retreat=30|v10|stop",battery_cr2032,mat,0.0,1,0,0,1,0,0,0,1,0,1,0,11.01,0.01
"hood|backstop=None,clearance_mm=4.0,funnel=True,gate=True,mu_floor_scale=0.7,mu_wall_scale=1.0,retreat=30|v10|stop",battery_cr2032,mat,5.0,1,0,0,1,0,0,0,1,0,1,0,11.01,5.00
"hood|backstop=None,clearance_mm=4.0,funnel=True,gate=True,mu_floor_scale=0.7,mu_wall_scale=1.0,retreat=30|v10|stop",battery_cr2032,mat,10.0,1,0,0,1,0,0,0,1,0,1,0,11.01,10.00
"hood|backstop=None,clearance_mm=4.0,funnel=True,gate=True,mu_floor_scale=0.7,mu_wall_scale=1.0,retreat=30|v10|stop",bead,flooring,0.0,1,1,0,0,0,0,0,1,0,1,0,5.01,0.00
"hood|backstop=None,clearance_mm=4.0,funnel=True,gate=True,mu_floor_scale=0.7,mu_wall_scale=1.0,retreat=30|v10|stop",bead,flooring,5.0,1,1,0,0,0,0,0,1,0,1,0,5.01,5.00
"hood|backstop=None,clearance_mm=4.0,funnel=True,gate=True,mu_floor_scale=0.7,mu_wall_scale=1.0,retreat=30|v10|stop",bead,flooring,10.0,1,1,0,0,0,0,0,1,0,1,0,5.00,10.00
"hood|backstop=None,clearance_mm=4.0,funnel=True,gate=True,mu_floor_scale=0.7,mu_wall_scale=1.0,retreat=30|v10|stop",bead,mat,0.0,1,1,0,0,0,0,0,1,0,1,0,5.01,0.00
"hood|backstop=None,clearance_mm=4.0,funnel=True,gate=True,mu_floor_scale=0.7,mu_wall_scale=1.0,retreat=30|v10|stop",bead,mat,5.0,1,1,0,0,0,0,0,1,0,1,0,5.01,5.00
"hood|backstop=None,clearance_mm=4.0,funnel=True,gate=True,mu_floor_scale=0.7,mu_wall_scale=1.0,retreat=30|v10|stop",bead,mat,10.0,1,1,0,0,0,0,0,1,0,1,0,5.00,10.00
"hood|backstop=None,clearance_mm=4.0,funnel=True,gate=True,mu_floor_scale=0.7,mu_wall_scale=1.0,retreat=30|v10|stop",coin_1yen,flooring,0.0,1,0,0,1,0,0,0,1,0,1,0,11.00,0.00
"hood|backstop=None,clearance_mm=4.0,funnel=True,gate=True,mu_floor_scale=0.7,mu_wall_scale=1.0,retreat=30|v10|stop",coin_1yen,flooring,5.0,1,0,0,1,0,0,0,1,0,1,0,11.01,5.00
"hood|backstop=None,clearance_mm=4.0,funnel=True,gate=True,mu_floor_scale=0.7,mu_wall_scale=1.0,retreat=30|v10|stop",coin_1yen,flooring,10.0,1,0,0,1,0,0,0,1,0,1,0,11.00,10.00
"hood|backstop=None,clearance_mm=4.0,funnel=True,gate=True,mu_floor_scale=0.7,mu_wall_scale=1.0,retreat=30|v10|stop",coin_1yen,mat,0.0,1,0,0,1,0,0,0,1,0,1,0,11.00,0.00
"hood|backstop=None,clearance_mm=4.0,funnel=True,gate=True,mu_floor_scale=0.7,mu_wall_scale=1.0,retreat=30|v10|stop",coin_1yen,mat,5.0,1,0,0,1,0,0,0,1,0,1,0,11.01,5.00
"hood|backstop=None,clearance_mm=4.0,funnel=True,gate=True,mu_floor_scale=0.7,mu_wall_scale=1.0,retreat=30|v10|stop",coin_1yen,mat,10.0,1,0,0,1,0,0,0,1,0,1,0,11.00,10.00
"hood|backstop=None,clearance_mm=4.0,funnel=True,gate=True,mu_floor_scale=0.7,mu_wall_scale=1.0,retreat=30|v10|stop",crumb_cube,flooring,0.0,1,1,0,0,0,0,0,1,0,1,0,8.07,0.00
"hood|backstop=None,clearance_mm=4.0,funnel=True,gate=True,mu_floor_scale=0.7,mu_wall_scale=1.0,retreat=30|v10|stop",crumb_cube,flooring,5.0,1,1,0,0,0,0,0,1,0,1,0,8.07,5.00
"hood|backstop=None,clearance_mm=4.0,funnel=True,gate=True,mu_floor_scale=0.7,mu_wall_scale=1.0,retreat=30|v10|stop",crumb_cube,flooring,10.0,1,1,0,0,0,0,0,1,1,0,1,8.08,8.85
"hood|backstop=None,clearance_mm=4.0,funnel=True,gate=True,mu_floor_scale=0.7,mu_wall_scale=1.0,retreat=30|v10|stop",crumb_cube,mat,0.0,1,1,0,0,0,0,0,1,0,1,0,8.07,0.00
"hood|backstop=None,clearance_mm=4.0,funnel=True,gate=True,mu_floor_scale=0.7,mu_wall_scale=1.0,retreat=30|v10|stop",crumb_cube,mat,5.0,1,1,0,0,0,0,0,1,0,1,0,8.07,5.00
"hood|backstop=None,clearance_mm=4.0,funnel=True,gate=True,mu_floor_scale=0.7,mu_wall_scale=1.0,retreat=30|v10|stop",crumb_cube,mat,10.0,1,1,0,0,0,0,0,1,1,0,1,8.08,8.85
"hood|backstop=None,clearance_mm=4.0,funnel=True,gate=True,mu_floor_scale=0.7,mu_wall_scale=1.4,retreat=30|v10|stop",battery_cr2032,flooring,0.0,1,0,0,1,0,0,0,1,0,1,0,11.00,0.01
"hood|backstop=None,clearance_mm=4.0,funnel=True,gate=True,mu_floor_scale=0.7,mu_wall_scale=1.4,retreat=30|v10|stop",battery_cr2032,flooring,5.0,1,0,0,1,0,0,0,1,0,1,0,11.01,5.00
"hood|backstop=None,clearance_mm=4.0,funnel=True,gate=True,mu_floor_scale=0.7,mu_wall_scale=1.4,retreat=30|v10|stop",battery_cr2032,flooring,10.0,1,0,0,1,0,0,0,1,0,1,0,11.01,10.00
"hood|backstop=None,clearance_mm=4.0,funnel=True,gate=True,mu_floor_scale=0.7,mu_wall_scale=1.4,retreat=30|v10|stop",battery_cr2032,mat,0.0,1,0,0,1,0,0,0,1,0,1,0,11.01,0.01
"hood|backstop=None,clearance_mm=4.0,funnel=True,gate=True,mu_floor_scale=0.7,mu_wall_scale=1.4,retreat=30|v10|stop",battery_cr2032,mat,5.0,1,0,0,1,0,0,0,1,0,1,0,11.01,5.00
"hood|backstop=None,clearance_mm=4.0,funnel=True,gate=True,mu_floor_scale=0.7,mu_wall_scale=1.4,retreat=30|v10|stop",battery_cr2032,mat,10.0,1,0,0,1,0,0,0,1,0,1,0,11.01,10.00
"hood|backstop=None,clearance_mm=4.0,funnel=True,gate=True,mu_floor_scale=0.7,mu_wall_scale=1.4,retreat=30|v10|stop",bead,flooring,0.0,1,1,0,0,0,0,0,1,0,1,0,5.01,0.00
"hood|backstop=None,clearance_mm=4.0,funnel=True,gate=True,mu_floor_scale=0.7,mu_wall_scale=1.4,retreat=30|v10|stop",bead,flooring,5.0,1,1,0,0,0,0,0,1,0,1,0,5.01,5.00
"hood|backstop=None,clearance_mm=4.0,funnel=True,gate=True,mu_floor_scale=0.7,mu_wall_scale=1.4,retreat=30|v10|stop",bead,flooring,10.0,1,1,0,0,0,0,0,1,0,1,0,5.00,10.00
"hood|backstop=None,clearance_mm=4.0,funnel=True,gate=True,mu_floor_scale=0.7,mu_wall_scale=1.4,retreat=30|v10|stop",bead,mat,0.0,1,1,0,0,0,0,0,1,0,1,0,5.01,0.00
"hood|backstop=None,clearance_mm=4.0,funnel=True,gate=True,mu_floor_scale=0.7,mu_wall_scale=1.4,retreat=30|v10|stop",bead,mat,5.0,1,1,0,0,0,0,0,1,0,1,0,5.01,5.00
"hood|backstop=None,clearance_mm=4.0,funnel=True,gate=True,mu_floor_scale=0.7,mu_wall_scale=1.4,retreat=30|v10|stop",bead,mat,10.0,1,1,0,0,0,0,0,1,0,1,0,5.00,10.00
"hood|backstop=None,clearance_mm=4.0,funnel=True,gate=True,mu_floor_scale=0.7,mu_wall_scale=1.4,retreat=30|v10|stop",coin_1yen,flooring,0.0,1,0,0,1,0,0,0,1,0,1,0,11.00,0.00
"hood|backstop=None,clearance_mm=4.0,funnel=True,gate=True,mu_floor_scale=0.7,mu_wall_scale=1.4,retreat=30|v10|stop",coin_1yen,flooring,5.0,1,0,0,1,0,0,0,1,0,1,0,11.01,5.00
"hood|backstop=None,clearance_mm=4.0,funnel=True,gate=True,mu_floor_scale=0.7,mu_wall_scale=1.4,retreat=30|v10|stop",coin_1yen,flooring,10.0,1,0,0,1,0,0,0,1,0,1,0,11.00,10.00
"hood|backstop=None,clearance_mm=4.0,funnel=True,gate=True,mu_floor_scale=0.7,mu_wall_scale=1.4,retreat=30|v10|stop",coin_1yen,mat,0.0,1,0,0,1,0,0,0,1,0,1,0,11.00,0.00
"hood|backstop=None,clearance_mm=4.0,funnel=True,gate=True,mu_floor_scale=0.7,mu_wall_scale=1.4,retreat=30|v10|stop",coin_1yen,mat,5.0,1,0,0,1,0,0,0,1,0,1,0,11.01,5.00
"hood|backstop=None,clearance_mm=4.0,funnel=True,gate=True,mu_floor_scale=0.7,mu_wall_scale=1.4,retreat=30|v10|stop",coin_1yen,mat,10.0,1,0,0,1,0,0,0,1,0,1,0,11.00,10.00
"hood|backstop=None,clearance_mm=4.0,funnel=True,gate=True,mu_floor_scale=0.7,mu_wall_scale=1.4,retreat=30|v10|stop",crumb_cube,flooring,0.0,1,1,0,0,0,0,0,1,0,1,0,8.07,0.00
"hood|backstop=None,clearance_mm=4.0,funnel=True,gate=True,mu_floor_scale=0.7,mu_wall_scale=1.4,retreat=30|v10|stop",crumb_cube,flooring,5.0,1,1,0,0,0,0,0,1,0,1,0,8.07,5.00
"hood|backstop=None,clearance_mm=4.0,funnel=True,gate=True,mu_floor_scale=0.7,mu_wall_scale=1.4,retreat=30|v10|stop",crumb_cube,flooring,10.0,1,1,0,0,0,0,0,1,1,0,1,8.07,8.91
"hood|backstop=None,clearance_mm=4.0,funnel=True,gate=True,mu_floor_scale=0.7,mu_wall_scale=1.4,retreat=30|v10|stop",crumb_cube,mat,0.0,1,1,0,0,0,0,0,1,0,1,0,8.07,0.00
"hood|backstop=None,clearance_mm=4.0,funnel=True,gate=True,mu_floor_scale=0.7,mu_wall_scale=1.4,retreat=30|v10|stop",crumb_cube,mat,5.0,1,1,0,0,0,0,0,1,0,1,0,8.07,5.00
"hood|backstop=None,clearance_mm=4.0,funnel=True,gate=True,mu_floor_scale=0.7,mu_wall_scale=1.4,retreat=30|v10|stop",crumb_cube,mat,10.0,1,1,0,0,0,0,0,1,1,0,1,8.07,8.91
"hood|backstop=None,clearance_mm=4.0,funnel=True,gate=True,mu_floor_scale=1.0,mu_wall_scale=0.7,retreat=30|v10|stop",battery_cr2032,flooring,0.0,1,0,0,1,0,0,0,1,0,1,0,11.00,0.01
"hood|backstop=None,clearance_mm=4.0,funnel=True,gate=True,mu_floor_scale=1.0,mu_wall_scale=0.7,retreat=30|v10|stop",battery_cr2032,flooring,5.0,1,0,0,1,0,0,0,1,0,1,0,11.01,5.00
"hood|backstop=None,clearance_mm=4.0,funnel=True,gate=True,mu_floor_scale=1.0,mu_wall_scale=0.7,retreat=30|v10|stop",battery_cr2032,flooring,10.0,1,0,0,1,0,0,0,1,0,1,0,11.01,10.00
"hood|backstop=None,clearance_mm=4.0,funnel=True,gate=True,mu_floor_scale=1.0,mu_wall_scale=0.7,retreat=30|v10|stop",battery_cr2032,mat,0.0,1,0,0,1,0,0,0,1,0,1,0,11.00,0.01
"hood|backstop=None,clearance_mm=4.0,funnel=True,gate=True,mu_floor_scale=1.0,mu_wall_scale=0.7,retreat=30|v10|stop",battery_cr2032,mat,5.0,1,0,0,1,0,0,0,1,0,1,0,11.01,5.00
"hood|backstop=None,clearance_mm=4.0,funnel=True,gate=True,mu_floor_scale=1.0,mu_wall_scale=0.7,retreat=30|v10|stop",battery_cr2032,mat,10.0,1,0,0,1,0,0,0,1,0,1,0,11.01,10.00
"hood|backstop=None,clearance_mm=4.0,funnel=True,gate=True,mu_floor_scale=1.0,mu_wall_scale=0.7,retreat=30|v10|stop",bead,flooring,0.0,1,1,0,0,0,0,0,1,0,1,0,5.01,0.00
"hood|backstop=None,clearance_mm=4.0,funnel=True,gate=True,mu_floor_scale=1.0,mu_wall_scale=0.7,retreat=30|v10|stop",bead,flooring,5.0,1,1,0,0,0,0,0,1,0,1,0,5.01,5.00
"hood|backstop=None,clearance_mm=4.0,funnel=True,gate=True,mu_floor_scale=1.0,mu_wall_scale=0.7,retreat=30|v10|stop",bead,flooring,10.0,1,1,0,0,0,0,0,1,0,1,0,5.00,10.00
"hood|backstop=None,clearance_mm=4.0,funnel=True,gate=True,mu_floor_scale=1.0,mu_wall_scale=0.7,retreat=30|v10|stop",bead,mat,0.0,1,1,0,0,0,0,0,1,0,1,0,5.01,0.00
"hood|backstop=None,clearance_mm=4.0,funnel=True,gate=True,mu_floor_scale=1.0,mu_wall_scale=0.7,retreat=30|v10|stop",bead,mat,5.0,1,1,0,0,0,0,0,1,0,1,0,5.01,5.00
"hood|backstop=None,clearance_mm=4.0,funnel=True,gate=True,mu_floor_scale=1.0,mu_wall_scale=0.7,retreat=30|v10|stop",bead,mat,10.0,1,1,0,0,0,0,0,1,0,1,0,5.00,10.00
"hood|backstop=None,clearance_mm=4.0,funnel=True,gate=True,mu_floor_scale=1.0,mu_wall_scale=0.7,retreat=30|v10|stop",coin_1yen,flooring,0.0,1,0,0,1,0,0,0,1,0,1,0,11.00,0.00
"hood|backstop=None,clearance_mm=4.0,funnel=True,gate=True,mu_floor_scale=1.0,mu_wall_scale=0.7,retreat=30|v10|stop",coin_1yen,flooring,5.0,1,0,0,1,0,0,0,1,0,1,0,11.01,5.00
"hood|backstop=None,clearance_mm=4.0,funnel=True,gate=True,mu_floor_scale=1.0,mu_wall_scale=0.7,retreat=30|v10|stop",coin_1yen,flooring,10.0,1,0,0,1,0,0,0,1,0,1,0,11.00,10.00
"hood|backstop=None,clearance_mm=4.0,funnel=True,gate=True,mu_floor_scale=1.0,mu_wall_scale=0.7,retreat=30|v10|stop",coin_1yen,mat,0.0,1,0,0,1,0,0,0,1,0,1,0,11.00,0.00
"hood|backstop=None,clearance_mm=4.0,funnel=True,gate=True,mu_floor_scale=1.0,mu_wall_scale=0.7,retreat=30|v10|stop",coin_1yen,mat,5.0,1,0,0,1,0,0,0,1,0,1,0,11.01,5.00
"hood|backstop=None,clearance_mm=4.0,funnel=True,gate=True,mu_floor_scale=1.0,mu_wall_scale=0.7,retreat=30|v10|stop",coin_1yen,mat,10.0,1,0,0,1,0,0,0,1,0,1,0,11.00,10.00
"hood|backstop=None,clearance_mm=4.0,funnel=True,gate=True,mu_floor_scale=1.0,mu_wall_scale=0.7,retreat=30|v10|stop",crumb_cube,flooring,0.0,1,1,0,0,0,0,0,1,0,1,0,8.07,0.00
"hood|backstop=None,clearance_mm=4.0,funnel=True,gate=True,mu_floor_scale=1.0,mu_wall_scale=0.7,retreat=30|v10|stop",crumb_cube,flooring,5.0,1,1,0,0,0,0,0,1,0,1,0,8.07,5.00
"hood|backstop=None,clearance_mm=4.0,funnel=True,gate=True,mu_floor_scale=1.0,mu_wall_scale=0.7,retreat=30|v10|stop",crumb_cube,flooring,10.0,1,1,0,0,0,0,0,1,1,0,1,8.07,8.91
"hood|backstop=None,clearance_mm=4.0,funnel=True,gate=True,mu_floor_scale=1.0,mu_wall_scale=0.7,retreat=30|v10|stop",crumb_cube,mat,0.0,1,1,0,0,0,0,0,1,0,1,0,8.07,0.00
"hood|backstop=None,clearance_mm=4.0,funnel=True,gate=True,mu_floor_scale=1.0,mu_wall_scale=0.7,retreat=30|v10|stop",crumb_cube,mat,5.0,1,1,0,0,0,0,0,1,0,1,0,8.07,5.00
"hood|backstop=None,clearance_mm=4.0,funnel=True,gate=True,mu_floor_scale=1.0,mu_wall_scale=0.7,retreat=30|v10|stop",crumb_cube,mat,10.0,1,1,0,0,0,0,0,1,1,0,1,8.07,8.91
"hood|backstop=None,clearance_mm=4.0,funnel=True,gate=True,mu_floor_scale=1.0,mu_wall_scale=1.0,retreat=30|v10|stop",battery_cr2032,flooring,0.0,1,0,0,1,0,0,0,1,0,1,0,11.00,0.01
"hood|backstop=None,clearance_mm=4.0,funnel=True,gate=True,mu_floor_scale=1.0,mu_wall_scale=1.0,retreat=30|v10|stop",battery_cr2032,flooring,5.0,1,0,0,1,0,0,0,1,0,1,0,11.01,5.00
"hood|backstop=None,clearance_mm=4.0,funnel=True,gate=True,mu_floor_scale=1.0,mu_wall_scale=1.0,retreat=30|v10|stop",battery_cr2032,flooring,10.0,1,0,0,1,0,0,0,1,0,1,0,11.01,10.00
"hood|backstop=None,clearance_mm=4.0,funnel=True,gate=True,mu_floor_scale=1.0,mu_wall_scale=1.0,retreat=30|v10|stop",battery_cr2032,mat,0.0,1,0,0,1,0,0,0,1,0,1,0,11.00,0.01
"hood|backstop=None,clearance_mm=4.0,funnel=True,gate=True,mu_floor_scale=1.0,mu_wall_scale=1.0,retreat=30|v10|stop",battery_cr2032,mat,5.0,1,0,0,1,0,0,0,1,0,1,0,11.01,5.00
"hood|backstop=None,clearance_mm=4.0,funnel=True,gate=True,mu_floor_scale=1.0,mu_wall_scale=1.0,retreat=30|v10|stop",battery_cr2032,mat,10.0,1,0,0,1,0,0,0,1,0,1,0,11.01,10.00
"hood|backstop=None,clearance_mm=4.0,funnel=True,gate=True,mu_floor_scale=1.0,mu_wall_scale=1.0,retreat=30|v10|stop",bead,flooring,0.0,1,1,0,0,0,0,0,1,0,1,0,5.01,0.00
"hood|backstop=None,clearance_mm=4.0,funnel=True,gate=True,mu_floor_scale=1.0,mu_wall_scale=1.0,retreat=30|v10|stop",bead,flooring,5.0,1,1,0,0,0,0,0,1,0,1,0,5.01,5.00
"hood|backstop=None,clearance_mm=4.0,funnel=True,gate=True,mu_floor_scale=1.0,mu_wall_scale=1.0,retreat=30|v10|stop",bead,flooring,10.0,1,1,0,0,0,0,0,1,0,1,0,5.00,10.00
"hood|backstop=None,clearance_mm=4.0,funnel=True,gate=True,mu_floor_scale=1.0,mu_wall_scale=1.0,retreat=30|v10|stop",bead,mat,0.0,1,1,0,0,0,0,0,1,0,1,0,5.01,0.00
"hood|backstop=None,clearance_mm=4.0,funnel=True,gate=True,mu_floor_scale=1.0,mu_wall_scale=1.0,retreat=30|v10|stop",bead,mat,5.0,1,1,0,0,0,0,0,1,0,1,0,5.01,5.00
"hood|backstop=None,clearance_mm=4.0,funnel=True,gate=True,mu_floor_scale=1.0,mu_wall_scale=1.0,retreat=30|v10|stop",bead,mat,10.0,1,1,0,0,0,0,0,1,0,1,0,5.00,10.00
"hood|backstop=None,clearance_mm=4.0,funnel=True,gate=True,mu_floor_scale=1.0,mu_wall_scale=1.0,retreat=30|v10|stop",coin_1yen,flooring,0.0,1,0,0,1,0,0,0,1,0,1,0,11.00,0.00
"hood|backstop=None,clearance_mm=4.0,funnel=True,gate=True,mu_floor_scale=1.0,mu_wall_scale=1.0,retreat=30|v10|stop",coin_1yen,flooring,5.0,1,0,0,1,0,0,0,1,0,1,0,11.01,5.00
"hood|backstop=None,clearance_mm=4.0,funnel=True,gate=True,mu_floor_scale=1.0,mu_wall_scale=1.0,retreat=30|v10|stop",coin_1yen,flooring,10.0,1,0,0,1,0,0,0,1,0,1,0,11.00,10.00
"hood|backstop=None,clearance_mm=4.0,funnel=True,gate=True,mu_floor_scale=1.0,mu_wall_scale=1.0,retreat=30|v10|stop",coin_1yen,mat,0.0,1,0,0,1,0,0,0,1,0,1,0,11.00,0.00
"hood|backstop=None,clearance_mm=4.0,funnel=True,gate=True,mu_floor_scale=1.0,mu_wall_scale=1.0,retreat=30|v10|stop",coin_1yen,mat,5.0,1,0,0,1,0,0,0,1,0,1,0,11.01,5.00
"hood|backstop=None,clearance_mm=4.0,funnel=True,gate=True,mu_floor_scale=1.0,mu_wall_scale=1.0,retreat=30|v10|stop",coin_1yen,mat,10.0,1,0,0,1,0,0,0,1,0,1,0,11.00,10.00
"hood|backstop=None,clearance_mm=4.0,funnel=True,gate=True,mu_floor_scale=1.0,mu_wall_scale=1.0,retreat=30|v10|stop",crumb_cube,flooring,0.0,1,1,0,0,0,0,0,1,0,1,0,8.07,0.00
"hood|backstop=None,clearance_mm=4.0,funnel=True,gate=True,mu_floor_scale=1.0,mu_wall_scale=1.0,retreat=30|v10|stop",crumb_cube,flooring,5.0,1,1,0,0,0,0,0,1,0,1,0,8.07,5.00
"hood|backstop=None,clearance_mm=4.0,funnel=True,gate=True,mu_floor_scale=1.0,mu_wall_scale=1.0,retreat=30|v10|stop",crumb_cube,flooring,10.0,1,1,0,0,0,0,0,1,1,0,1,8.08,8.96
"hood|backstop=None,clearance_mm=4.0,funnel=True,gate=True,mu_floor_scale=1.0,mu_wall_scale=1.0,retreat=30|v10|stop",crumb_cube,mat,0.0,1,1,0,0,0,0,0,1,0,1,0,8.07,0.00
"hood|backstop=None,clearance_mm=4.0,funnel=True,gate=True,mu_floor_scale=1.0,mu_wall_scale=1.0,retreat=30|v10|stop",crumb_cube,mat,5.0,1,1,0,0,0,0,0,1,0,1,0,8.07,5.00
"hood|backstop=None,clearance_mm=4.0,funnel=True,gate=True,mu_floor_scale=1.0,mu_wall_scale=1.0,retreat=30|v10|stop",crumb_cube,mat,10.0,1,1,0,0,0,0,0,1,1,0,1,8.08,8.96
"hood|backstop=None,clearance_mm=4.0,funnel=True,gate=True,mu_floor_scale=1.0,mu_wall_scale=1.4,retreat=30|v10|stop",battery_cr2032,flooring,0.0,1,0,0,1,0,0,0,1,0,1,0,11.00,0.01
"hood|backstop=None,clearance_mm=4.0,funnel=True,gate=True,mu_floor_scale=1.0,mu_wall_scale=1.4,retreat=30|v10|stop",battery_cr2032,flooring,5.0,1,0,0,1,0,0,0,1,0,1,0,11.01,5.00
"hood|backstop=None,clearance_mm=4.0,funnel=True,gate=True,mu_floor_scale=1.0,mu_wall_scale=1.4,retreat=30|v10|stop",battery_cr2032,flooring,10.0,1,0,0,1,0,0,0,1,0,1,0,11.01,10.00
"hood|backstop=None,clearance_mm=4.0,funnel=True,gate=True,mu_floor_scale=1.0,mu_wall_scale=1.4,retreat=30|v10|stop",battery_cr2032,mat,0.0,1,0,0,1,0,0,0,1,0,1,0,11.00,0.01
"hood|backstop=None,clearance_mm=4.0,funnel=True,gate=True,mu_floor_scale=1.0,mu_wall_scale=1.4,retreat=30|v10|stop",battery_cr2032,mat,5.0,1,0,0,1,0,0,0,1,0,1,0,11.01,5.00
"hood|backstop=None,clearance_mm=4.0,funnel=True,gate=True,mu_floor_scale=1.0,mu_wall_scale=1.4,retreat=30|v10|stop",battery_cr2032,mat,10.0,1,0,0,1,0,0,0,1,0,1,0,11.01,10.00
"hood|backstop=None,clearance_mm=4.0,funnel=True,gate=True,mu_floor_scale=1.0,mu_wall_scale=1.4,retreat=30|v10|stop",bead,flooring,0.0,1,1,0,0,0,0,0,1,0,1,0,5.01,0.00
"hood|backstop=None,clearance_mm=4.0,funnel=True,gate=True,mu_floor_scale=1.0,mu_wall_scale=1.4,retreat=30|v10|stop",bead,flooring,5.0,1,1,0,0,0,0,0,1,0,1,0,5.01,5.00
"hood|backstop=None,clearance_mm=4.0,funnel=True,gate=True,mu_floor_scale=1.0,mu_wall_scale=1.4,retreat=30|v10|stop",bead,flooring,10.0,1,1,0,0,0,0,0,1,0,1,0,5.00,10.00
"hood|backstop=None,clearance_mm=4.0,funnel=True,gate=True,mu_floor_scale=1.0,mu_wall_scale=1.4,retreat=30|v10|stop",bead,mat,0.0,1,1,0,0,0,0,0,1,0,1,0,5.01,0.00
"hood|backstop=None,clearance_mm=4.0,funnel=True,gate=True,mu_floor_scale=1.0,mu_wall_scale=1.4,retreat=30|v10|stop",bead,mat,5.0,1,1,0,0,0,0,0,1,0,1,0,5.01,5.00
"hood|backstop=None,clearance_mm=4.0,funnel=True,gate=True,mu_floor_scale=1.0,mu_wall_scale=1.4,retreat=30|v10|stop",bead,mat,10.0,1,1,0,0,0,0,0,1,0,1,0,5.00,10.00
"hood|backstop=None,clearance_mm=4.0,funnel=True,gate=True,mu_floor_scale=1.0,mu_wall_scale=1.4,retreat=30|v10|stop",coin_1yen,flooring,0.0,1,0,0,1,0,0,0,1,0,1,0,11.00,0.00
"hood|backstop=None,clearance_mm=4.0,funnel=True,gate=True,mu_floor_scale=1.0,mu_wall_scale=1.4,retreat=30|v10|stop",coin_1yen,flooring,5.0,1,0,0,1,0,0,0,1,0,1,0,11.01,5.00
"hood|backstop=None,clearance_mm=4.0,funnel=True,gate=True,mu_floor_scale=1.0,mu_wall_scale=1.4,retreat=30|v10|stop",coin_1yen,flooring,10.0,1,0,0,1,0,0,0,1,0,1,0,11.00,10.00
"hood|backstop=None,clearance_mm=4.0,funnel=True,gate=True,mu_floor_scale=1.0,mu_wall_scale=1.4,retreat=30|v10|stop",coin_1yen,mat,0.0,1,0,0,1,0,0,0,1,0,1,0,11.00,0.00
"hood|backstop=None,clearance_mm=4.0,funnel=True,gate=True,mu_floor_scale=1.0,mu_wall_scale=1.4,retreat=30|v10|stop",coin_1yen,mat,5.0,1,0,0,1,0,0,0,1,0,1,0,11.01,5.00
"hood|backstop=None,clearance_mm=4.0,funnel=True,gate=True,mu_floor_scale=1.0,mu_wall_scale=1.4,retreat=30|v10|stop",coin_1yen,mat,10.0,1,0,0,1,0,0,0,1,0,1,0,11.00,10.00
"hood|backstop=None,clearance_mm=4.0,funnel=True,gate=True,mu_floor_scale=1.0,mu_wall_scale=1.4,retreat=30|v10|stop",crumb_cube,flooring,0.0,1,1,0,0,0,0,0,1,0,1,0,8.07,0.00
"hood|backstop=None,clearance_mm=4.0,funnel=True,gate=True,mu_floor_scale=1.0,mu_wall_scale=1.4,retreat=30|v10|stop",crumb_cube,flooring,5.0,1,1,0,0,0,0,0,1,0,1,0,8.07,5.00
"hood|backstop=None,clearance_mm=4.0,funnel=True,gate=True,mu_floor_scale=1.0,mu_wall_scale=1.4,retreat=30|v10|stop",crumb_cube,flooring,10.0,1,1,0,0,0,0,0,1,1,0,1,8.08,9.00
"hood|backstop=None,clearance_mm=4.0,funnel=True,gate=True,mu_floor_scale=1.0,mu_wall_scale=1.4,retreat=30|v10|stop",crumb_cube,mat,0.0,1,1,0,0,0,0,0,1,0,1,0,8.07,0.00
"hood|backstop=None,clearance_mm=4.0,funnel=True,gate=True,mu_floor_scale=1.0,mu_wall_scale=1.4,retreat=30|v10|stop",crumb_cube,mat,5.0,1,1,0,0,0,0,0,1,0,1,0,8.07,5.00
"hood|backstop=None,clearance_mm=4.0,funnel=True,gate=True,mu_floor_scale=1.0,mu_wall_scale=1.4,retreat=30|v10|stop",crumb_cube,mat,10.0,1,1,0,0,0,0,0,1,1,0,1,8.08,9.00
"hood|backstop=None,clearance_mm=4.0,funnel=True,gate=True,mu_floor_scale=1.4,mu_wall_scale=0.7,retreat=30|v10|stop",battery_cr2032,flooring,0.0,1,0,0,1,0,0,0,1,0,1,0,11.01,0.01
"hood|backstop=None,clearance_mm=4.0,funnel=True,gate=True,mu_floor_scale=1.4,mu_wall_scale=0.7,retreat=30|v10|stop",battery_cr2032,flooring,5.0,1,0,0,1,0,0,0,1,0,1,0,11.01,5.00
"hood|backstop=None,clearance_mm=4.0,funnel=True,gate=True,mu_floor_scale=1.4,mu_wall_scale=0.7,retreat=30|v10|stop",battery_cr2032,flooring,10.0,1,0,0,1,0,0,0,1,0,1,0,11.01,10.00
"hood|backstop=None,clearance_mm=4.0,funnel=True,gate=True,mu_floor_scale=1.4,mu_wall_scale=0.7,retreat=30|v10|stop",battery_cr2032,mat,0.0,1,0,0,1,0,0,0,1,0,1,0,11.00,0.01
"hood|backstop=None,clearance_mm=4.0,funnel=True,gate=True,mu_floor_scale=1.4,mu_wall_scale=0.7,retreat=30|v10|stop",battery_cr2032,mat,5.0,1,0,0,1,0,0,0,1,0,1,0,11.01,5.00
"hood|backstop=None,clearance_mm=4.0,funnel=True,gate=True,mu_floor_scale=1.4,mu_wall_scale=0.7,retreat=30|v10|stop",battery_cr2032,mat,10.0,1,0,0,1,0,0,0,1,0,1,0,11.01,10.00
"hood|backstop=None,clearance_mm=4.0,funnel=True,gate=True,mu_floor_scale=1.4,mu_wall_scale=0.7,retreat=30|v10|stop",bead,flooring,0.0,1,1,0,0,0,0,0,1,0,1,0,5.01,0.00
"hood|backstop=None,clearance_mm=4.0,funnel=True,gate=True,mu_floor_scale=1.4,mu_wall_scale=0.7,retreat=30|v10|stop",bead,flooring,5.0,1,1,0,0,0,0,0,1,0,1,0,5.01,5.00
"hood|backstop=None,clearance_mm=4.0,funnel=True,gate=True,mu_floor_scale=1.4,mu_wall_scale=0.7,retreat=30|v10|stop",bead,flooring,10.0,1,1,0,0,0,0,0,1,0,1,0,5.00,10.00
"hood|backstop=None,clearance_mm=4.0,funnel=True,gate=True,mu_floor_scale=1.4,mu_wall_scale=0.7,retreat=30|v10|stop",bead,mat,0.0,1,1,0,0,0,0,0,1,0,1,0,5.01,0.00
"hood|backstop=None,clearance_mm=4.0,funnel=True,gate=True,mu_floor_scale=1.4,mu_wall_scale=0.7,retreat=30|v10|stop",bead,mat,5.0,1,1,0,0,0,0,0,1,0,1,0,5.01,5.00
"hood|backstop=None,clearance_mm=4.0,funnel=True,gate=True,mu_floor_scale=1.4,mu_wall_scale=0.7,retreat=30|v10|stop",bead,mat,10.0,1,1,0,0,0,0,0,1,0,1,0,5.00,10.00
"hood|backstop=None,clearance_mm=4.0,funnel=True,gate=True,mu_floor_scale=1.4,mu_wall_scale=0.7,retreat=30|v10|stop",coin_1yen,flooring,0.0,1,0,0,1,0,0,0,1,0,1,0,11.00,0.00
"hood|backstop=None,clearance_mm=4.0,funnel=True,gate=True,mu_floor_scale=1.4,mu_wall_scale=0.7,retreat=30|v10|stop",coin_1yen,flooring,5.0,1,0,0,1,0,0,0,1,0,1,0,11.01,5.00
"hood|backstop=None,clearance_mm=4.0,funnel=True,gate=True,mu_floor_scale=1.4,mu_wall_scale=0.7,retreat=30|v10|stop",coin_1yen,flooring,10.0,1,0,0,1,0,0,0,1,0,1,0,11.00,10.00
"hood|backstop=None,clearance_mm=4.0,funnel=True,gate=True,mu_floor_scale=1.4,mu_wall_scale=0.7,retreat=30|v10|stop",coin_1yen,mat,0.0,1,0,0,1,0,0,0,1,0,1,0,11.00,0.00
"hood|backstop=None,clearance_mm=4.0,funnel=True,gate=True,mu_floor_scale=1.4,mu_wall_scale=0.7,retreat=30|v10|stop",coin_1yen,mat,5.0,1,0,0,1,0,0,0,1,0,1,0,11.01,5.00
"hood|backstop=None,clearance_mm=4.0,funnel=True,gate=True,mu_floor_scale=1.4,mu_wall_scale=0.7,retreat=30|v10|stop",coin_1yen,mat,10.0,1,0,0,1,0,0,0,1,0,1,0,11.00,10.00
"hood|backstop=None,clearance_mm=4.0,funnel=True,gate=True,mu_floor_scale=1.4,mu_wall_scale=0.7,retreat=30|v10|stop",crumb_cube,flooring,0.0,1,1,0,0,0,0,0,1,0,1,0,8.07,0.00
"hood|backstop=None,clearance_mm=4.0,funnel=True,gate=True,mu_floor_scale=1.4,mu_wall_scale=0.7,retreat=30|v10|stop",crumb_cube,flooring,5.0,1,1,0,0,0,0,0,1,0,1,0,8.07,5.00
"hood|backstop=None,clearance_mm=4.0,funnel=True,gate=True,mu_floor_scale=1.4,mu_wall_scale=0.7,retreat=30|v10|stop",crumb_cube,flooring,10.0,1,1,0,0,0,0,0,1,1,0,1,8.08,9.01
"hood|backstop=None,clearance_mm=4.0,funnel=True,gate=True,mu_floor_scale=1.4,mu_wall_scale=0.7,retreat=30|v10|stop",crumb_cube,mat,0.0,1,1,0,0,0,0,0,1,0,1,0,8.07,0.00
"hood|backstop=None,clearance_mm=4.0,funnel=True,gate=True,mu_floor_scale=1.4,mu_wall_scale=0.7,retreat=30|v10|stop",crumb_cube,mat,5.0,1,1,0,0,0,0,0,1,0,1,0,8.07,5.00
"hood|backstop=None,clearance_mm=4.0,funnel=True,gate=True,mu_floor_scale=1.4,mu_wall_scale=0.7,retreat=30|v10|stop",crumb_cube,mat,10.0,1,1,0,0,0,0,0,1,1,0,1,8.08,9.01
"hood|backstop=None,clearance_mm=4.0,funnel=True,gate=True,mu_floor_scale=1.4,mu_wall_scale=1.0,retreat=30|v10|stop",battery_cr2032,flooring,0.0,1,0,0,1,0,0,0,1,0,1,0,11.01,0.01
"hood|backstop=None,clearance_mm=4.0,funnel=True,gate=True,mu_floor_scale=1.4,mu_wall_scale=1.0,retreat=30|v10|stop",battery_cr2032,flooring,5.0,1,0,0,1,0,0,0,1,0,1,0,11.01,5.00
"hood|backstop=None,clearance_mm=4.0,funnel=True,gate=True,mu_floor_scale=1.4,mu_wall_scale=1.0,retreat=30|v10|stop",battery_cr2032,flooring,10.0,1,0,0,1,0,0,0,1,0,1,0,11.01,10.00
"hood|backstop=None,clearance_mm=4.0,funnel=True,gate=True,mu_floor_scale=1.4,mu_wall_scale=1.0,retreat=30|v10|stop",battery_cr2032,mat,0.0,1,0,0,1,0,0,0,1,0,1,0,11.00,0.01
"hood|backstop=None,clearance_mm=4.0,funnel=True,gate=True,mu_floor_scale=1.4,mu_wall_scale=1.0,retreat=30|v10|stop",battery_cr2032,mat,5.0,1,0,0,1,0,0,0,1,0,1,0,11.01,5.00
"hood|backstop=None,clearance_mm=4.0,funnel=True,gate=True,mu_floor_scale=1.4,mu_wall_scale=1.0,retreat=30|v10|stop",battery_cr2032,mat,10.0,1,0,0,1,0,0,0,1,0,1,0,11.01,10.00
"hood|backstop=None,clearance_mm=4.0,funnel=True,gate=True,mu_floor_scale=1.4,mu_wall_scale=1.0,retreat=30|v10|stop",bead,flooring,0.0,1,1,0,0,0,0,0,1,0,1,0,5.01,0.00
"hood|backstop=None,clearance_mm=4.0,funnel=True,gate=True,mu_floor_scale=1.4,mu_wall_scale=1.0,retreat=30|v10|stop",bead,flooring,5.0,1,1,0,0,0,0,0,1,0,1,0,5.01,5.00
"hood|backstop=None,clearance_mm=4.0,funnel=True,gate=True,mu_floor_scale=1.4,mu_wall_scale=1.0,retreat=30|v10|stop",bead,flooring,10.0,1,1,0,0,0,0,0,1,0,1,0,5.00,10.00
"hood|backstop=None,clearance_mm=4.0,funnel=True,gate=True,mu_floor_scale=1.4,mu_wall_scale=1.0,retreat=30|v10|stop",bead,mat,0.0,1,1,0,0,0,0,0,1,0,1,0,5.01,0.00
"hood|backstop=None,clearance_mm=4.0,funnel=True,gate=True,mu_floor_scale=1.4,mu_wall_scale=1.0,retreat=30|v10|stop",bead,mat,5.0,1,1,0,0,0,0,0,1,0,1,0,5.01,5.00
"hood|backstop=None,clearance_mm=4.0,funnel=True,gate=True,mu_floor_scale=1.4,mu_wall_scale=1.0,retreat=30|v10|stop",bead,mat,10.0,1,1,0,0,0,0,0,1,0,1,0,5.00,10.00
"hood|backstop=None,clearance_mm=4.0,funnel=True,gate=True,mu_floor_scale=1.4,mu_wall_scale=1.0,retreat=30|v10|stop",coin_1yen,flooring,0.0,1,0,0,1,0,0,0,1,0,1,0,11.00,0.00
"hood|backstop=None,clearance_mm=4.0,funnel=True,gate=True,mu_floor_scale=1.4,mu_wall_scale=1.0,retreat=30|v10|stop",coin_1yen,flooring,5.0,1,0,0,1,0,0,0,1,0,1,0,11.01,5.00
"hood|backstop=None,clearance_mm=4.0,funnel=True,gate=True,mu_floor_scale=1.4,mu_wall_scale=1.0,retreat=30|v10|stop",coin_1yen,flooring,10.0,1,0,0,1,0,0,0,1,0,1,0,11.00,10.00
"hood|backstop=None,clearance_mm=4.0,funnel=True,gate=True,mu_floor_scale=1.4,mu_wall_scale=1.0,retreat=30|v10|stop",coin_1yen,mat,0.0,1,0,0,1,0,0,0,1,0,1,0,11.00,0.00
"hood|backstop=None,clearance_mm=4.0,funnel=True,gate=True,mu_floor_scale=1.4,mu_wall_scale=1.0,retreat=30|v10|stop",coin_1yen,mat,5.0,1,0,0,1,0,0,0,1,0,1,0,11.01,5.00
"hood|backstop=None,clearance_mm=4.0,funnel=True,gate=True,mu_floor_scale=1.4,mu_wall_scale=1.0,retreat=30|v10|stop",coin_1yen,mat,10.0,1,0,0,1,0,0,0,1,0,1,0,11.00,10.00
"hood|backstop=None,clearance_mm=4.0,funnel=True,gate=True,mu_floor_scale=1.4,mu_wall_scale=1.0,retreat=30|v10|stop",crumb_cube,flooring,0.0,1,1,0,0,0,0,0,1,0,1,0,8.07,0.00
"hood|backstop=None,clearance_mm=4.0,funnel=True,gate=True,mu_floor_scale=1.4,mu_wall_scale=1.0,retreat=30|v10|stop",crumb_cube,flooring,5.0,1,1,0,0,0,0,0,1,0,1,0,8.07,5.00
"hood|backstop=None,clearance_mm=4.0,funnel=True,gate=True,mu_floor_scale=1.4,mu_wall_scale=1.0,retreat=30|v10|stop",crumb_cube,flooring,10.0,1,1,0,0,0,0,0,1,1,0,1,8.07,9.02
"hood|backstop=None,clearance_mm=4.0,funnel=True,gate=True,mu_floor_scale=1.4,mu_wall_scale=1.0,retreat=30|v10|stop",crumb_cube,mat,0.0,1,1,0,0,0,0,0,1,0,1,0,8.07,0.00
"hood|backstop=None,clearance_mm=4.0,funnel=True,gate=True,mu_floor_scale=1.4,mu_wall_scale=1.0,retreat=30|v10|stop",crumb_cube,mat,5.0,1,1,0,0,0,0,0,1,0,1,0,8.07,5.00
"hood|backstop=None,clearance_mm=4.0,funnel=True,gate=True,mu_floor_scale=1.4,mu_wall_scale=1.0,retreat=30|v10|stop",crumb_cube,mat,10.0,1,1,0,0,0,0,0,1,1,0,1,8.07,9.02
"hood|backstop=None,clearance_mm=4.0,funnel=True,gate=True,mu_floor_scale=1.4,mu_wall_scale=1.4,retreat=30|v10|stop",battery_cr2032,flooring,0.0,1,0,0,1,0,0,0,1,0,1,0,11.01,0.01
"hood|backstop=None,clearance_mm=4.0,funnel=True,gate=True,mu_floor_scale=1.4,mu_wall_scale=1.4,retreat=30|v10|stop",battery_cr2032,flooring,5.0,1,0,0,1,0,0,0,1,0,1,0,11.01,5.00
"hood|backstop=None,clearance_mm=4.0,funnel=True,gate=True,mu_floor_scale=1.4,mu_wall_scale=1.4,retreat=30|v10|stop",battery_cr2032,flooring,10.0,1,0,0,1,0,0,0,1,0,1,0,11.01,10.00
"hood|backstop=None,clearance_mm=4.0,funnel=True,gate=True,mu_floor_scale=1.4,mu_wall_scale=1.4,retreat=30|v10|stop",battery_cr2032,mat,0.0,1,0,0,1,0,0,0,1,0,1,0,11.00,0.01
"hood|backstop=None,clearance_mm=4.0,funnel=True,gate=True,mu_floor_scale=1.4,mu_wall_scale=1.4,retreat=30|v10|stop",battery_cr2032,mat,5.0,1,0,0,1,0,0,0,1,0,1,0,11.01,5.00
"hood|backstop=None,clearance_mm=4.0,funnel=True,gate=True,mu_floor_scale=1.4,mu_wall_scale=1.4,retreat=30|v10|stop",battery_cr2032,mat,10.0,1,0,0,1,0,0,0,1,0,1,0,11.01,10.00
"hood|backstop=None,clearance_mm=4.0,funnel=True,gate=True,mu_floor_scale=1.4,mu_wall_scale=1.4,retreat=30|v10|stop",bead,flooring,0.0,1,1,0,0,0,0,0,1,0,1,0,5.01,0.00
"hood|backstop=None,clearance_mm=4.0,funnel=True,gate=True,mu_floor_scale=1.4,mu_wall_scale=1.4,retreat=30|v10|stop",bead,flooring,5.0,1,1,0,0,0,0,0,1,0,1,0,5.01,5.00
"hood|backstop=None,clearance_mm=4.0,funnel=True,gate=True,mu_floor_scale=1.4,mu_wall_scale=1.4,retreat=30|v10|stop",bead,flooring,10.0,1,1,0,0,0,0,0,1,0,1,0,5.00,10.00
"hood|backstop=None,clearance_mm=4.0,funnel=True,gate=True,mu_floor_scale=1.4,mu_wall_scale=1.4,retreat=30|v10|stop",bead,mat,0.0,1,1,0,0,0,0,0,1,0,1,0,5.01,0.00
"hood|backstop=None,clearance_mm=4.0,funnel=True,gate=True,mu_floor_scale=1.4,mu_wall_scale=1.4,retreat=30|v10|stop",bead,mat,5.0,1,1,0,0,0,0,0,1,0,1,0,5.01,5.00
"hood|backstop=None,clearance_mm=4.0,funnel=True,gate=True,mu_floor_scale=1.4,mu_wall_scale=1.4,retreat=30|v10|stop",bead,mat,10.0,1,1,0,0,0,0,0,1,0,1,0,5.00,10.00
"hood|backstop=None,clearance_mm=4.0,funnel=True,gate=True,mu_floor_scale=1.4,mu_wall_scale=1.4,retreat=30|v10|stop",coin_1yen,flooring,0.0,1,0,0,1,0,0,0,1,0,1,0,11.00,0.00
"hood|backstop=None,clearance_mm=4.0,funnel=True,gate=True,mu_floor_scale=1.4,mu_wall_scale=1.4,retreat=30|v10|stop",coin_1yen,flooring,5.0,1,0,0,1,0,0,0,1,0,1,0,11.01,5.00
"hood|backstop=None,clearance_mm=4.0,funnel=True,gate=True,mu_floor_scale=1.4,mu_wall_scale=1.4,retreat=30|v10|stop",coin_1yen,flooring,10.0,1,0,0,1,0,0,0,1,0,1,0,11.00,10.00
"hood|backstop=None,clearance_mm=4.0,funnel=True,gate=True,mu_floor_scale=1.4,mu_wall_scale=1.4,retreat=30|v10|stop",coin_1yen,mat,0.0,1,0,0,1,0,0,0,1,0,1,0,11.00,0.00
"hood|backstop=None,clearance_mm=4.0,funnel=True,gate=True,mu_floor_scale=1.4,mu_wall_scale=1.4,retreat=30|v10|stop",coin_1yen,mat,5.0,1,0,0,1,0,0,0,1,0,1,0,11.01,5.00
"hood|backstop=None,clearance_mm=4.0,funnel=True,gate=True,mu_floor_scale=1.4,mu_wall_scale=1.4,retreat=30|v10|stop",coin_1yen,mat,10.0,1,0,0,1,0,0,0,1,0,1,0,11.00,10.00
"hood|backstop=None,clearance_mm=4.0,funnel=True,gate=True,mu_floor_scale=1.4,mu_wall_scale=1.4,retreat=30|v10|stop",crumb_cube,flooring,0.0,1,1,0,0,0,0,0,1,0,1,0,8.07,0.00
"hood|backstop=None,clearance_mm=4.0,funnel=True,gate=True,mu_floor_scale=1.4,mu_wall_scale=1.4,retreat=30|v10|stop",crumb_cube,flooring,5.0,1,1,0,0,0,0,0,1,0,1,0,8.07,5.00
"hood|backstop=None,clearance_mm=4.0,funnel=True,gate=True,mu_floor_scale=1.4,mu_wall_scale=1.4,retreat=30|v10|stop",crumb_cube,flooring,10.0,1,1,0,0,0,0,0,1,1,0,1,8.08,9.04
"hood|backstop=None,clearance_mm=4.0,funnel=True,gate=True,mu_floor_scale=1.4,mu_wall_scale=1.4,retreat=30|v10|stop",crumb_cube,mat,0.0,1,1,0,0,0,0,0,1,0,1,0,8.07,0.00
"hood|backstop=None,clearance_mm=4.0,funnel=True,gate=True,mu_floor_scale=1.4,mu_wall_scale=1.4,retreat=30|v10|stop",crumb_cube,mat,5.0,1,1,0,0,0,0,0,1,0,1,0,8.07,5.00
"hood|backstop=None,clearance_mm=4.0,funnel=True,gate=True,mu_floor_scale=1.4,mu_wall_scale=1.4,retreat=30|v10|stop",crumb_cube,mat,10.0,1,1,0,0,0,0,0,1,1,0,1,8.08,9.04
