tag,obj,floor,offset,n,success,knocked_in,escaped,pushed_ahead,not_entered,pinched,entered,wall_contact,entered_nowall,entered_wall,fire_x_mean_mm,fire_absy_mean_mm
"hood|backstop=None,bump_mm=0.5,clearance_mm=0.0,funnel=True,gate=True,head_mass_g=80.0,plate=0.002,retreat=30|v10|stop",battery_cr2032,flooring,0.0,1,1,0,0,0,0,0,1,1,0,1,11.01,0.58
"hood|backstop=None,bump_mm=0.5,clearance_mm=0.0,funnel=True,gate=True,head_mass_g=80.0,plate=0.002,retreat=30|v10|stop",battery_cr2032,flooring,5.0,1,1,0,0,0,0,0,1,1,0,1,11.01,4.94
"hood|backstop=None,bump_mm=0.5,clearance_mm=0.0,funnel=True,gate=True,head_mass_g=80.0,plate=0.002,retreat=30|v10|stop",battery_cr2032,flooring,10.0,1,1,0,0,0,0,0,1,1,0,1,11.01,2.02
"hood|backstop=None,bump_mm=0.5,clearance_mm=0.0,funnel=True,gate=True,head_mass_g=80.0,plate=0.002,retreat=30|v10|stop",battery_cr2032,mat,0.0,1,1,0,0,0,0,0,1,1,0,1,11.01,0.64
"hood|backstop=None,bump_mm=0.5,clearance_mm=0.0,funnel=True,gate=True,head_mass_g=80.0,plate=0.002,retreat=30|v10|stop",battery_cr2032,mat,5.0,1,1,0,0,0,0,0,1,1,0,1,11.00,4.45
"hood|backstop=None,bump_mm=0.5,clearance_mm=0.0,funnel=True,gate=True,head_mass_g=80.0,plate=0.002,retreat=30|v10|stop",battery_cr2032,mat,10.0,1,0,0,0,1,0,0,0,1,0,0,,
"hood|backstop=None,bump_mm=0.5,clearance_mm=0.0,funnel=True,gate=True,head_mass_g=80.0,plate=0.002,retreat=30|v10|stop",bead,flooring,0.0,1,1,0,0,0,0,0,1,1,0,1,5.01,8.79
"hood|backstop=None,bump_mm=0.5,clearance_mm=0.0,funnel=True,gate=True,head_mass_g=80.0,plate=0.002,retreat=30|v10|stop",bead,flooring,5.0,1,1,0,0,0,0,0,1,1,0,1,5.00,2.37
"hood|backstop=None,bump_mm=0.5,clearance_mm=0.0,funnel=True,gate=True,head_mass_g=80.0,plate=0.002,retreat=30|v10|stop",bead,flooring,10.0,1,1,0,0,0,0,0,1,1,0,1,5.00,11.00
"hood|backstop=None,bump_mm=0.5,clearance_mm=0.0,funnel=True,gate=True,head_mass_g=80.0,plate=0.002,retreat=30|v10|stop",bead,mat,0.0,1,1,0,0,0,0,0,1,1,0,1,5.01,8.79
"hood|backstop=None,bump_mm=0.5,clearance_mm=0.0,funnel=True,gate=True,head_mass_g=80.0,plate=0.002,retreat=30|v10|stop",bead,mat,5.0,1,1,0,0,0,0,0,1,1,0,1,5.01,2.85
"hood|backstop=None,bump_mm=0.5,clearance_mm=0.0,funnel=True,gate=True,head_mass_g=80.0,plate=0.002,retreat=30|v10|stop",bead,mat,10.0,1,1,0,0,0,0,0,1,1,0,1,5.00,11.00
"hood|backstop=None,bump_mm=0.5,clearance_mm=0.0,funnel=True,gate=True,head_mass_g=80.0,plate=0.002,retreat=30|v10|stop",coin_1yen,flooring,0.0,1,1,0,0,0,0,0,1,1,0,1,11.01,0.03
"hood|backstop=None,bump_mm=0.5,clearance_mm=0.0,funnel=True,gate=True,head_mass_g=80.0,plate=0.002,retreat=30|v10|stop",coin_1yen,flooring,5.0,1,0,1,0,0,0,0,1,1,0,1,11.00,0.33
"hood|backstop=None,bump_mm=0.5,clearance_mm=0.0,funnel=True,gate=True,head_mass_g=80.0,plate=0.002,retreat=30|v10|stop",coin_1yen,flooring,10.0,1,0,1,0,0,0,0,1,1,0,1,11.00,2.39
"hood|backstop=None,bump_mm=0.5,clearance_mm=0.0,funnel=True,gate=True,head_mass_g=80.0,plate=0.002,retreat=30|v10|stop",coin_1yen,mat,0.0,1,1,0,0,0,0,0,1,1,0,1,11.01,0.08
"hood|backstop=None,bump_mm=0.5,clearance_mm=0.0,funnel=True,gate=True,head_mass_g=80.0,plate=0.002,retreat=30|v10|stop",coin_1yen,mat,5.0,1,1,0,0,0,0,0,1,1,0,1,11.00,4.85
"hood|backstop=None,bump_mm=0.5,clearance_mm=0.0,funnel=True,gate=True,head_mass_g=80.0,plate=0.002,retreat=30|v10|stop",coin_1yen,mat,10.0,1,1,0,0,0,0,0,1,1,0,1,11.00,4.92
"hood|backstop=None,bump_mm=0.5,clearance_mm=0.0,funnel=True,gate=True,head_mass_g=80.0,plate=0.002,retreat=30|v10|stop",crumb_cube,flooring,0.0,1,1,0,0,0,0,0,1,1,0,1,8.08,0.20
"hood|backstop=None,bump_mm=0.5,clearance_mm=0.0,funnel=True,gate=True,head_mass_g=80.0,plate=0.002,retreat=30|v10|stop",crumb_cube,flooring,5.0,1,1,0,0,0,0,0,1,0,1,0,8.07,5.12
"hood|backstop=None,bump_mm=0.5,clearance_mm=0.0,funnel=True,gate=True,head_mass_g=80.0,plate=0.002,retreat=30|v10|stop",crumb_cube,flooring,10.0,1,1,0,0,0,0,0,1,1,0,1,8.07,9.97
"hood|backstop=None,bump_mm=0.5,clearance_mm=0.0,funnel=True,gate=True,head_mass_g=80.0,plate=0.002,retreat=30|v10|stop",crumb_cube,mat,0.0,1,1,0,0,0,0,0,1,1,0,1,8.08,0.20
"hood|backstop=None,bump_mm=0.5,clearance_mm=0.0,funnel=True,gate=True,head_mass_g=80.0,plate=0.002,retreat=30|v10|stop",crumb_cube,mat,5.0,1,1,0,0,0,0,0,1,0,1,0,8.07,5.12
"hood|backstop=None,bump_mm=0.5,clearance_mm=0.0,funnel=True,gate=True,head_mass_g=80.0,plate=0.002,retreat=30|v10|stop",crumb_cube,mat,10.0,1,1,0,0,0,0,0,1,1,0,1,8.07,9.97
"hood|backstop=None,bump_mm=0.5,clearance_mm=0.0,funnel=True,gate=True,head_mass_g=80.0,retreat=30|v10|stop",battery_cr2032,flooring,0.0,1,1,0,0,0,0,0,1,0,1,0,11.01,0.04
"hood|backstop=None,bump_mm=0.5,clearance_mm=0.0,funnel=True,gate=True,head_mass_g=80.0,retreat=30|v10|stop",battery_cr2032,flooring,5.0,1,1,0,0,0,0,0,1,1,0,1,11.00,4.90
"hood|backstop=None,bump_mm=0.5,clearance_mm=0.0,funnel=True,gate=True,head_mass_g=80.0,retreat=30|v10|stop",battery_cr2032,flooring,10.0,1,1,0,0,0,0,0,1,1,0,1,11.00,2.08
"hood|backstop=None,bump_mm=0.5,clearance_mm=0.0,funnel=True,gate=True,head_mass_g=80.0,retreat=30|v10|stop",battery_cr2032,mat,0.0,1,1,0,0,0,0,0,1,0,1,0,11.00,0.04
"hood|backstop=None,bump_mm=0.5,clearance_mm=0.0,funnel=True,gate=True,head_mass_g=80.0,retreat=30|v10|stop",battery_cr2032,mat,5.0,1,1,0,0,0,0,0,1,1,0,1,11.01,4.37
"hood|backstop=None,bump_mm=0.5,clearance_mm=0.0,funnel=True,gate=True,head_mass_g=80.0,retreat=30|v10|stop",battery_cr2032,mat,10.0,1,1,0,0,0,0,0,1,1,0,1,11.01,4.83
"hood|backstop=None,bump_mm=0.5,clearance_mm=0.0,funnel=True,gate=True,head_mass_g=80.0,retreat=30|v10|stop",bead,flooring,0.0,1,1,0,0,0,0,0,1,0,1,0,5.01,8.76
"hood|backstop=None,bump_mm=0.5,clearance_mm=0.0,funnel=True,gate=True,head_mass_g=80.0,retreat=30|v10|stop",bead,flooring,5.0,1,1,0,0,0,0,0,1,0,1,0,5.01,1.25
"hood|backstop=None,bump_mm=0.5,clearance_mm=0.0,funnel=True,gate=True,head_mass_g=80.0,retreat=30|v10|stop",bead,flooring,10.0,1,1,0,0,0,0,0,1,1,0,1,5.00,11.00
"hood|backstop=None,bump_mm=0.5,clearance_mm=0.0,funnel=True,gate=True,head_mass_g=80.0,retreat=30|v10|stop",bead,mat,0.0,1,1,0,0,0,0,0,1,0,1,0,5.01,8.76
"hood|backstop=None,bump_mm=0.5,clearance_mm=0.0,funnel=True,gate=True,head_mass_g=80.0,retreat=30|v10|stop",bead,mat,5.0,1,1,0,0,0,0,0,1,0,1,0,5.01,1.25
"hood|backstop=None,bump_mm=0.5,clearance_mm=0.0,funnel=True,gate=True,head_mass_g=80.0,retreat=30|v10|stop",bead,mat,10.0,1,1,0,0,0,0,0,1,0,1,0,5.01,6.22
"hood|backstop=None,bump_mm=0.5,clearance_mm=0.0,funnel=True,gate=True,head_mass_g=80.0,retreat=30|v10|stop",coin_1yen,flooring,0.0,1,1,0,0,0,0,0,1,0,1,0,11.01,0.01
"hood|backstop=None,bump_mm=0.5,clearance_mm=0.0,funnel=True,gate=True,head_mass_g=80.0,retreat=30|v10|stop",coin_1yen,flooring,5.0,1,1,0,0,0,0,0,1,1,0,1,11.01,4.83
"hood|backstop=None,bump_mm=0.5,clearance_mm=0.0,funnel=True,gate=True,head_mass_g=80.0,retreat=30|v10|stop",coin_1yen,flooring,10.0,1,0,0,0,1,0,0,0,1,0,0,,
"hood|backstop=None,bump_mm=0.5,clearance_mm=0.0,funnel=True,gate=True,head_mass_g=80.0,retreat=30|v10|stop",coin_1yen,mat,0.0,1,1,0,0,0,0,0,1,0,1,0,11.01,0.01
"hood|backstop=None,bump_mm=0.5,clearance_mm=0.0,funnel=True,gate=True,head_mass_g=80.0,retreat=30|v10|stop",coin_1yen,mat,5.0,1,1,0,0,0,0,0,1,1,0,1,11.01,4.61
"hood|backstop=None,bump_mm=0.5,clearance_mm=0.0,funnel=True,gate=True,head_mass_g=80.0,retreat=30|v10|stop",coin_1yen,mat,10.0,1,0,1,0,0,0,0,1,1,0,1,11.00,4.79
"hood|backstop=None,bump_mm=0.5,clearance_mm=0.0,funnel=True,gate=True,head_mass_g=80.0,retreat=30|v10|stop",crumb_cube,flooring,0.0,1,1,0,0,0,0,0,1,0,1,0,8.07,0.20
"hood|backstop=None,bump_mm=0.5,clearance_mm=0.0,funnel=True,gate=True,head_mass_g=80.0,retreat=30|v10|stop",crumb_cube,flooring,5.0,1,1,0,0,0,0,0,1,0,1,0,8.07,5.12
"hood|backstop=None,bump_mm=0.5,clearance_mm=0.0,funnel=True,gate=True,head_mass_g=80.0,retreat=30|v10|stop",crumb_cube,flooring,10.0,1,1,0,0,0,0,0,1,1,0,1,8.08,9.02
"hood|backstop=None,bump_mm=0.5,clearance_mm=0.0,funnel=True,gate=True,head_mass_g=80.0,retreat=30|v10|stop",crumb_cube,mat,0.0,1,1,0,0,0,0,0,1,0,1,0,8.07,0.20
"hood|backstop=None,bump_mm=0.5,clearance_mm=0.0,funnel=True,gate=True,head_mass_g=80.0,retreat=30|v10|stop",crumb_cube,mat,5.0,1,1,0,0,0,0,0,1,0,1,0,8.07,5.12
"hood|backstop=None,bump_mm=0.5,clearance_mm=0.0,funnel=True,gate=True,head_mass_g=80.0,retreat=30|v10|stop",crumb_cube,mat,10.0,1,1,0,0,0,0,0,1,1,0,1,8.08,9.02
"hood|backstop=None,bump_mm=0.5,clearance_mm=0.0,funnel=True,gate=True,head_mass_g=81.1,plate=0.002,retreat=30|v10|stop",battery_cr2032,flooring,0.0,1,1,0,0,0,0,0,1,1,0,1,11.01,0.60
"hood|backstop=None,bump_mm=0.5,clearance_mm=0.0,funnel=True,gate=True,head_mass_g=81.1,plate=0.002,retreat=30|v10|stop",battery_cr2032,flooring,5.0,1,1,0,0,0,0,0,1,1,0,1,11.01,4.80
"hood|backstop=None,bump_mm=0.5,clearance_mm=0.0,funnel=True,gate=True,head_mass_g=81.1,plate=0.002,retreat=30|v10|stop",battery_cr2032,flooring,10.0,1,1,0,0,0,0,0,1,1,0,1,11.00,4.89
"hood|backstop=None,bump_mm=0.5,clearance_mm=0.0,funnel=True,gate=True,head_mass_g=81.1,plate=0.002,retreat=30|v10|stop",battery_cr2032,mat,0.0,1,1,0,0,0,0,0,1,1,0,1,11.00,0.63
"hood|backstop=None,bump_mm=0.5,clearance_mm=0.0,funnel=True,gate=True,head_mass_g=81.1,plate=0.002,retreat=30|v10|stop",battery_cr2032,mat,5.0,1,1,0,0,0,0,0,1,1,0,1,11.00,4.77
"hood|backstop=None,bump_mm=0.5,clearance_mm=0.0,funnel=True,gate=True,head_mass_g=81.1,plate=0.002,retreat=30|v10|stop",battery_cr2032,mat,10.0,1,1,0,0,0,0,0,1,1,0,1,11.00,4.64
"hood|backstop=None,bump_mm=0.5,clearance_mm=0.0,funnel=True,gate=True,head_mass_g=81.1,plate=0.002,retreat=30|v10|stop",bead,flooring,0.0,1,1,0,0,0,0,0,1,1,0,1,5.01,8.80
"hood|backstop=None,bump_mm=0.5,clearance_mm=0.0,funnel=True,gate=True,head_mass_g=81.1,plate=0.002,retreat=30|v10|stop",bead,flooring,5.0,1,1,0,0,0,0,0,1,1,0,1,5.00,2.35
"hood|backstop=None,bump_mm=0.5,clearance_mm=0.0,funnel=True,gate=True,head_mass_g=81.1,plate=0.002,retreat=30|v10|stop",bead,flooring,10.0,1,1,0,0,0,0,0,1,1,0,1,5.00,11.00
"hood|backstop=None,bump_mm=0.5,clearance_mm=0.0,funnel=True,gate=True,head_mass_g=81.1,plate=0.002,retreat=30|v10|stop",bead,mat,0.0,1,1,0,0,0,0,0,1,1,0,1,5.00,8.80
"hood|backstop=None,bump_mm=0.5,clearance_mm=0.0,funnel=True,gate=True,head_mass_g=81.1,plate=0.002,retreat=30|v10|stop",bead,mat,5.0,1,1,0,0,0,0,0,1,1,0,1,5.01,2.84
"hood|backstop=None,bump_mm=0.5,clearance_mm=0.0,funnel=True,gate=True,head_mass_g=81.1,plate=0.002,retreat=30|v10|stop",bead,mat,10.0,1,1,0,0,0,0,0,1,1,0,1,5.00,11.00
"hood|backstop=None,bump_mm=0.5,clearance_mm=0.0,funnel=True,gate=True,head_mass_g=81.1,plate=0.002,retreat=30|v10|stop",coin_1yen,flooring,0.0,1,1,0,0,0,0,0,1,1,0,1,11.00,0.79
"hood|backstop=None,bump_mm=0.5,clearance_mm=0.0,funnel=True,gate=True,head_mass_g=81.1,plate=0.002,retreat=30|v10|stop",coin_1yen,flooring,5.0,1,0,1,0,0,0,0,1,1,0,1,11.13,3.41
"hood|backstop=None,bump_mm=0.5,clearance_mm=0.0,funnel=True,gate=True,head_mass_g=81.1,plate=0.002,retreat=30|v10|stop",coin_1yen,flooring,10.0,1,1,0,0,0,0,0,1,1,0,1,11.01,4.95
"hood|backstop=None,bump_mm=0.5,clearance_mm=0.0,funnel=True,gate=True,head_mass_g=81.1,plate=0.002,retreat=30|v10|stop",coin_1yen,mat,0.0,1,1,0,0,0,0,0,1,1,0,1,11.01,0.12
"hood|backstop=None,bump_mm=0.5,clearance_mm=0.0,funnel=True,gate=True,head_mass_g=81.1,plate=0.002,retreat=30|v10|stop",coin_1yen,mat,5.0,1,0,1,0,0,0,0,1,1,0,1,11.00,5.00
"hood|backstop=None,bump_mm=0.5,clearance_mm=0.0,funnel=True,gate=True,head_mass_g=81.1,plate=0.002,retreat=30|v10|stop",coin_1yen,mat,10.0,1,1,0,0,0,0,0,1,1,0,1,11.01,4.99
"hood|backstop=None,bump_mm=0.5,clearance_mm=0.0,funnel=True,gate=True,head_mass_g=81.1,plate=0.002,retreat=30|v10|stop",crumb_cube,flooring,0.0,1,1,0,0,0,0,0,1,1,0,1,8.08,0.20
"hood|backstop=None,bump_mm=0.5,clearance_mm=0.0,funnel=True,gate=True,head_mass_g=81.1,plate=0.002,retreat=30|v10|stop",crumb_cube,flooring,5.0,1,1,0,0,0,0,0,1,0,1,0,8.08,5.12
"hood|backstop=None,bump_mm=0.5,clearance_mm=0.0,funnel=True,gate=True,head_mass_g=81.1,plate=0.002,retreat=30|v10|stop",crumb_cube,flooring,10.0,1,1,0,0,0,0,0,1,1,0,1,8.08,9.97
"hood|backstop=None,bump_mm=0.5,clearance_mm=0.0,funnel=True,gate=True,head_mass_g=81.1,plate=0.002,retreat=30|v10|stop",crumb_cube,mat,0.0,1,1,0,0,0,0,0,1,1,0,1,8.08,0.20
"hood|backstop=None,bump_mm=0.5,clearance_mm=0.0,funnel=True,gate=True,head_mass_g=81.1,plate=0.002,retreat=30|v10|stop",crumb_cube,mat,5.0,1,1,0,0,0,0,0,1,0,1,0,8.08,5.12
"hood|backstop=None,bump_mm=0.5,clearance_mm=0.0,funnel=True,gate=True,head_mass_g=81.1,plate=0.002,retreat=30|v10|stop",crumb_cube,mat,10.0,1,1,0,0,0,0,0,1,1,0,1,8.08,9.97
"hood|backstop=None,bump_mm=0.5,clearance_mm=0.0,funnel=True,gate=True,head_mass_g=81.1,retreat=30|v10|stop",battery_cr2032,flooring,0.0,1,1,0,0,0,0,0,1,0,1,0,11.01,0.04
"hood|backstop=None,bump_mm=0.5,clearance_mm=0.0,funnel=True,gate=True,head_mass_g=81.1,retreat=30|v10|stop",battery_cr2032,flooring,5.0,1,1,0,0,0,0,0,1,1,0,1,11.01,4.83
"hood|backstop=None,bump_mm=0.5,clearance_mm=0.0,funnel=True,gate=True,head_mass_g=81.1,retreat=30|v10|stop",battery_cr2032,flooring,10.0,1,1,0,0,0,0,0,1,1,0,1,11.01,4.62
"hood|backstop=None,bump_mm=0.5,clearance_mm=0.0,funnel=True,gate=True,head_mass_g=81.1,retreat=30|v10|stop",battery_cr2032,mat,0.0,1,1,0,0,0,0,0,1,0,1,0,11.00,0.04
"hood|backstop=None,bump_mm=0.5,clearance_mm=0.0,funnel=True,gate=True,head_mass_g=81.1,retreat=30|v10|stop",battery_cr2032,mat,5.0,1,1,0,0,0,0,0,1,1,0,1,11.01,3.91
"hood|backstop=None,bump_mm=0.5,clearance_mm=0.0,funnel=True,gate=True,head_mass_g=81.1,retreat=30|v10|stop",battery_cr2032,mat,10.0,1,1,0,0,0,0,0,1,1,0,1,11.00,4.82
"hood|backstop=None,bump_mm=0.5,clearance_mm=0.0,funnel=True,gate=True,head_mass_g=81.1,retreat=30|v10|stop",bead,flooring,0.0,1,1,0,0,0,0,0,1,0,1,0,5.01,8.76
"hood|backstop=None,bump_mm=0.5,clearance_mm=0.0,funnel=True,gate=True,head_mass_g=81.1,retreat=30|v10|stop",bead,flooring,5.0,1,1,0,0,0,0,0,1,0,1,0,5.01,1.25
"hood|backstop=None,bump_mm=0.5,clearance_mm=0.0,funnel=True,gate=True,head_mass_g=81.1,retreat=30|v10|stop",bead,flooring,10.0,1,1,0,0,0,0,0,1,1,0,1,5.00,11.00
"hood|backstop=None,bump_mm=0.5,clearance_mm=0.0,funnel=True,gate=True,head_mass_g=81.1,retreat=30|v10|stop",bead,mat,0.0,1,1,0,0,0,0,0,1,0,1,0,5.01,8.76
"hood|backstop=None,bump_mm=0.5,clearance_mm=0.0,funnel=True,gate=True,head_mass_g=81.1,retreat=30|v10|stop",bead,mat,5.0,1,1,0,0,0,0,0,1,0,1,0,5.01,1.25
"hood|backstop=None,bump_mm=0.5,clearance_mm=0.0,funnel=True,gate=True,head_mass_g=81.1,retreat=30|v10|stop",bead,mat,10.0,1,1,0,0,0,0,0,1,0,1,0,5.01,6.22
"hood|backstop=None,bump_mm=0.5,clearance_mm=0.0,funnel=True,gate=True,head_mass_g=81.1,retreat=30|v10|stop",coin_1yen,flooring,0.0,1,1,0,0,0,0,0,1,0,1,0,11.01,0.01
"hood|backstop=None,bump_mm=0.5,clearance_mm=0.0,funnel=True,gate=True,head_mass_g=81.1,retreat=30|v10|stop",coin_1yen,flooring,5.0,1,1,0,0,0,0,0,1,1,0,1,11.01,4.82
"hood|backstop=None,bump_mm=0.5,clearance_mm=0.0,funnel=True,gate=True,head_mass_g=81.1,retreat=30|v10|stop",coin_1yen,flooring,10.0,1,0,1,0,0,0,0,1,1,0,1,11.00,4.42
"hood|backstop=None,bump_mm=0.5,clearance_mm=0.0,funnel=True,gate=True,head_mass_g=81.1,retreat=30|v10|stop",coin_1yen,mat,0.0,1,1,0,0,0,0,0,1,0,1,0,11.01,0.01
"hood|backstop=None,bump_mm=0.5,clearance_mm=0.0,funnel=True,gate=True,head_mass_g=81.1,retreat=30|v10|stop",coin_1yen,mat,5.0,1,1,0,0,0,0,0,1,1,0,1,11.00,4.25
"hood|backstop=None,bump_mm=0.5,clearance_mm=0.0,funnel=True,gate=True,head_mass_g=81.1,retreat=30|v10|stop",coin_1yen,mat,10.0,1,0,1,0,0,0,0,1,1,0,1,11.10,4.45
"hood|backstop=None,bump_mm=0.5,clearance_mm=0.0,funnel=True,gate=True,head_mass_g=81.1,retreat=30|v10|stop",crumb_cube,flooring,0.0,1,1,0,0,0,0,0,1,0,1,0,8.07,0.20
"hood|backstop=None,bump_mm=0.5,clearance_mm=0.0,funnel=True,gate=True,head_mass_g=81.1,retreat=30|v10|stop",crumb_cube,flooring,5.0,1,1,0,0,0,0,0,1,0,1,0,8.08,5.12
"hood|backstop=None,bump_mm=0.5,clearance_mm=0.0,funnel=True,gate=True,head_mass_g=81.1,retreat=30|v10|stop",crumb_cube,flooring,10.0,1,1,0,0,0,0,0,1,1,0,1,8.07,9.04
"hood|backstop=None,bump_mm=0.5,clearance_mm=0.0,funnel=True,gate=True,head_mass_g=81.1,retreat=30|v10|stop",crumb_cube,mat,0.0,1,1,0,0,0,0,0,1,0,1,0,8.07,0.20
"hood|backstop=None,bump_mm=0.5,clearance_mm=0.0,funnel=True,gate=True,head_mass_g=81.1,retreat=30|v10|stop",crumb_cube,mat,5.0,1,1,0,0,0,0,0,1,0,1,0,8.08,5.12
"hood|backstop=None,bump_mm=0.5,clearance_mm=0.0,funnel=True,gate=True,head_mass_g=81.1,retreat=30|v10|stop",crumb_cube,mat,10.0,1,1,0,0,0,0,0,1,1,0,1,8.07,9.04
"hood|backstop=None,bump_mm=0.5,clearance_mm=0.1,funnel=True,gate=True,head_mass_g=80.0,plate=0.002,retreat=30|v10|stop",battery_cr2032,flooring,0.0,1,1,0,0,0,0,0,1,1,0,1,11.01,2.92
"hood|backstop=None,bump_mm=0.5,clearance_mm=0.1,funnel=True,gate=True,head_mass_g=80.0,plate=0.002,retreat=30|v10|stop",battery_cr2032,flooring,5.0,1,0,0,0,1,0,0,0,1,0,0,,
"hood|backstop=None,bump_mm=0.5,clearance_mm=0.1,funnel=True,gate=True,head_mass_g=80.0,plate=0.002,retreat=30|v10|stop",battery_cr2032,flooring,10.0,1,1,0,0,0,0,0,1,1,0,1,11.00,3.81
"hood|backstop=None,bump_mm=0.5,clearance_mm=0.1,funnel=True,gate=True,head_mass_g=80.0,plate=0.002,retreat=30|v10|stop",battery_cr2032,mat,0.0,1,1,0,0,0,0,0,1,1,0,1,11.01,4.21
"hood|backstop=None,bump_mm=0.5,clearance_mm=0.1,funnel=True,gate=True,head_mass_g=80.0,plate=0.002,retreat=30|v10|stop",battery_cr2032,mat,5.0,1,1,0,0,0,0,0,1,1,0,1,11.00,2.53
"hood|backstop=None,bump_mm=0.5,clearance_mm=0.1,funnel=True,gate=True,head_mass_g=80.0,plate=0.002,retreat=30|v10|stop",battery_cr2032,mat,10.0,1,1,0,0,0,0,0,1,1,0,1,11.00,4.34
"hood|backstop=None,bump_mm=0.5,clearance_mm=0.1,funnel=True,gate=True,head_mass_g=80.0,plate=0.002,retreat=30|v10|stop",bead,flooring,0.0,1,1,0,0,0,0,0,1,1,0,1,5.01,1.49
"hood|backstop=None,bump_mm=0.5,clearance_mm=0.1,funnel=True,gate=True,head_mass_g=80.0,plate=0.002,retreat=30|v10|stop",bead,flooring,5.0,1,1,0,0,0,0,0,1,1,0,1,5.00,3.23
"hood|backstop=None,bump_mm=0.5,clearance_mm=0.1,funnel=True,gate=True,head_mass_g=80.0,plate=0.002,retreat=30|v10|stop",bead,flooring,10.0,1,1,0,0,0,0,0,1,1,0,1,5.01,11.00
"hood|backstop=None,bump_mm=0.5,clearance_mm=0.1,funnel=True,gate=True,head_mass_g=80.0,plate=0.002,retreat=30|v10|stop",bead,mat,0.0,1,1,0,0,0,0,0,1,1,0,1,5.00,3.44
"hood|backstop=None,bump_mm=0.5,clearance_mm=0.1,funnel=True,gate=True,head_mass_g=80.0,plate=0.002,retreat=30|v10|stop",bead,mat,5.0,1,1,0,0,0,0,0,1,1,0,1,5.00,4.40
"hood|backstop=None,bump_mm=0.5,clearance_mm=0.1,funnel=True,gate=True,head_mass_g=80.0,plate=0.002,retreat=30|v10|stop",bead,mat,10.0,1,1,0,0,0,0,0,1,1,0,1,5.00,10.92
"hood|backstop=None,bump_mm=0.5,clearance_mm=0.1,funnel=True,gate=True,head_mass_g=80.0,plate=0.002,retreat=30|v10|stop",coin_1yen,flooring,0.0,1,1,0,0,0,0,0,1,1,0,1,11.00,4.06
"hood|backstop=None,bump_mm=0.5,clearance_mm=0.1,funnel=True,gate=True,head_mass_g=80.0,plate=0.002,retreat=30|v10|stop",coin_1yen,flooring,5.0,1,0,0,0,1,0,0,0,1,0,0,,
"hood|backstop=None,bump_mm=0.5,clearance_mm=0.1,funnel=True,gate=True,head_mass_g=80.0,plate=0.002,retreat=30|v10|stop",coin_1yen,flooring,10.0,1,1,0,0,0,0,0,1,1,0,1,11.01,4.92
"hood|backstop=None,bump_mm=0.5,clearance_mm=0.1,funnel=True,gate=True,head_mass_g=80.0,plate=0.002,retreat=30|v10|stop",coin_1yen,mat,0.0,1,1,0,0,0,0,0,1,1,0,1,11.00,4.09
"hood|backstop=None,bump_mm=0.5,clearance_mm=0.1,funnel=True,gate=True,head_mass_g=80.0,plate=0.002,retreat=30|v10|stop",coin_1yen,mat,5.0,1,0,0,0,1,0,0,0,1,0,0,,
"hood|backstop=None,bump_mm=0.5,clearance_mm=0.1,funnel=True,gate=True,head_mass_g=80.0,plate=0.002,retreat=30|v10|stop",coin_1yen,mat,10.0,1,1,0,0,0,0,0,1,1,0,1,11.00,2.38
"hood|backstop=None,bump_mm=0.5,clearance_mm=0.1,funnel=True,gate=True,head_mass_g=80.0,plate=0.002,retreat=30|v10|stop",crumb_cube,flooring,0.0,1,1,0,0,0,0,0,1,1,0,1,8.08,0.26
"hood|backstop=None,bump_mm=0.5,clearance_mm=0.1,funnel=True,gate=True,head_mass_g=80.0,plate=0.002,retreat=30|v10|stop",crumb_cube,flooring,5.0,1,1,0,0,0,0,0,1,1,0,1,8.07,2.84
"hood|backstop=None,bump_mm=0.5,clearance_mm=0.1,funnel=True,gate=True,head_mass_g=80.0,plate=0.002,retreat=30|v10|stop",crumb_cube,flooring,10.0,1,1,0,0,0,0,0,1,1,0,1,8.07,9.37
"hood|backstop=None,bump_mm=0.5,clearance_mm=0.1,funnel=True,gate=True,head_mass_g=80.0,plate=0.002,retreat=30|v10|stop",crumb_cube,mat,0.0,1,1,0,0,0,0,0,1,1,0,1,8.08,0.26
"hood|backstop=None,bump_mm=0.5,clearance_mm=0.1,funnel=True,gate=True,head_mass_g=80.0,plate=0.002,retreat=30|v10|stop",crumb_cube,mat,5.0,1,1,0,0,0,0,0,1,1,0,1,8.07,2.84
"hood|backstop=None,bump_mm=0.5,clearance_mm=0.1,funnel=True,gate=True,head_mass_g=80.0,plate=0.002,retreat=30|v10|stop",crumb_cube,mat,10.0,1,1,0,0,0,0,0,1,1,0,1,8.07,9.37
"hood|backstop=None,bump_mm=0.5,clearance_mm=0.1,funnel=True,gate=True,head_mass_g=80.0,retreat=30|v10|stop",battery_cr2032,flooring,0.0,1,1,0,0,0,0,0,1,0,1,0,11.01,0.04
"hood|backstop=None,bump_mm=0.5,clearance_mm=0.1,funnel=True,gate=True,head_mass_g=80.0,retreat=30|v10|stop",battery_cr2032,flooring,5.0,1,1,0,0,0,0,0,1,1,0,1,11.01,4.88
"hood|backstop=None,bump_mm=0.5,clearance_mm=0.1,funnel=True,gate=True,head_mass_g=80.0,retreat=30|v10|stop",battery_cr2032,flooring,10.0,1,1,0,0,0,0,0,1,1,0,1,11.00,2.62
"hood|backstop=None,bump_mm=0.5,clearance_mm=0.1,funnel=True,gate=True,head_mass_g=80.0,retreat=30|v10|stop",battery_cr2032,mat,0.0,1,1,0,0,0,0,0,1,0,1,0,11.00,0.04
"hood|backstop=None,bump_mm=0.5,clearance_mm=0.1,funnel=True,gate=True,head_mass_g=80.0,retreat=30|v10|stop",battery_cr2032,mat,5.0,1,1,0,0,0,0,0,1,1,0,1,11.00,4.89
"hood|backstop=None,bump_mm=0.5,clearance_mm=0.1,funnel=True,gate=True,head_mass_g=80.0,retreat=30|v10|stop",battery_cr2032,mat,10.0,1,1,0,0,0,0,0,1,1,0,1,11.00,4.94
"hood|backstop=None,bump_mm=0.5,clearance_mm=0.1,funnel=True,gate=True,head_mass_g=80.0,retreat=30|v10|stop",bead,flooring,0.0,1,1,0,0,0,0,0,1,0,1,0,5.01,8.76
"hood|backstop=None,bump_mm=0.5,clearance_mm=0.1,funnel=True,gate=True,head_mass_g=80.0,retreat=30|v10|stop",bead,flooring,5.0,1,1,0,0,0,0,0,1,0,1,0,5.01,1.25
"hood|backstop=None,bump_mm=0.5,clearance_mm=0.1,funnel=True,gate=True,head_mass_g=80.0,retreat=30|v10|stop",bead,flooring,10.0,1,1,0,0,0,0,0,1,1,0,1,5.00,11.00
"hood|backstop=None,bump_mm=0.5,clearance_mm=0.1,funnel=True,gate=True,head_mass_g=80.0,retreat=30|v10|stop",bead,mat,0.0,1,1,0,0,0,0,0,1,0,1,0,5.01,8.76
"hood|backstop=None,bump_mm=0.5,clearance_mm=0.1,funnel=True,gate=True,head_mass_g=80.0,retreat=30|v10|stop",bead,mat,5.0,1,1,0,0,0,0,0,1,0,1,0,5.01,1.25
"hood|backstop=None,bump_mm=0.5,clearance_mm=0.1,funnel=True,gate=True,head_mass_g=80.0,retreat=30|v10|stop",bead,mat,10.0,1,1,0,0,0,0,0,1,0,1,0,5.01,6.22
"hood|backstop=None,bump_mm=0.5,clearance_mm=0.1,funnel=True,gate=True,head_mass_g=80.0,retreat=30|v10|stop",coin_1yen,flooring,0.0,1,1,0,0,0,0,0,1,0,1,0,11.01,0.01
"hood|backstop=None,bump_mm=0.5,clearance_mm=0.1,funnel=True,gate=True,head_mass_g=80.0,retreat=30|v10|stop",coin_1yen,flooring,5.0,1,1,0,0,0,0,0,1,1,0,1,11.00,4.38
"hood|backstop=None,bump_mm=0.5,clearance_mm=0.1,funnel=True,gate=True,head_mass_g=80.0,retreat=30|v10|stop",coin_1yen,flooring,10.0,1,0,1,0,0,0,0,1,1,0,1,11.01,4.03
"hood|backstop=None,bump_mm=0.5,clearance_mm=0.1,funnel=True,gate=True,head_mass_g=80.0,retreat=30|v10|stop",coin_1yen,mat,0.0,1,1,0,0,0,0,0,1,0,1,0,11.01,0.01
"hood|backstop=None,bump_mm=0.5,clearance_mm=0.1,funnel=True,gate=True,head_mass_g=80.0,retreat=30|v10|stop",coin_1yen,mat,5.0,1,1,0,0,0,0,0,1,1,0,1,11.00,3.25
"hood|backstop=None,bump_mm=0.5,clearance_mm=0.1,funnel=True,gate=True,head_mass_g=80.0,retreat=30|v10|stop",coin_1yen,mat,10.0,1,1,0,0,0,0,0,1,1,0,1,11.01,0.25
"hood|backstop=None,bump_mm=0.5,clearance_mm=0.1,funnel=True,gate=True,head_mass_g=80.0,retreat=30|v10|stop",crumb_cube,flooring,0.0,1,1,0,0,0,0,0,1,0,1,0,8.07,0.20
"hood|backstop=None,bump_mm=0.5,clearance_mm=0.1,funnel=True,gate=True,head_mass_g=80.0,retreat=30|v10|stop",crumb_cube,flooring,5.0,1,1,0,0,0,0,0,1,0,1,0,8.07,5.12
"hood|backstop=None,bump_mm=0.5,clearance_mm=0.1,funnel=True,gate=True,head_mass_g=80.0,retreat=30|v10|stop",crumb_cube,flooring,10.0,1,1,0,0,0,0,0,1,1,0,1,8.08,9.03
"hood|backstop=None,bump_mm=0.5,clearance_mm=0.1,funnel=True,gate=True,head_mass_g=80.0,retreat=30|v10|stop",crumb_cube,mat,0.0,1,1,0,0,0,0,0,1,0,1,0,8.07,0.20
"hood|backstop=None,bump_mm=0.5,clearance_mm=0.1,funnel=True,gate=True,head_mass_g=80.0,retreat=30|v10|stop",crumb_cube,mat,5.0,1,1,0,0,0,0,0,1,0,1,0,8.07,5.12
"hood|backstop=None,bump_mm=0.5,clearance_mm=0.1,funnel=True,gate=True,head_mass_g=80.0,retreat=30|v10|stop",crumb_cube,mat,10.0,1,1,0,0,0,0,0,1,1,0,1,8.08,9.03
"hood|backstop=None,bump_mm=0.5,clearance_mm=0.1,funnel=True,gate=True,head_mass_g=81.1,plate=0.002,retreat=30|v10|stop",battery_cr2032,flooring,0.0,1,1,0,0,0,0,0,1,1,0,1,11.00,4.72
"hood|backstop=None,bump_mm=0.5,clearance_mm=0.1,funnel=True,gate=True,head_mass_g=81.1,plate=0.002,retreat=30|v10|stop",battery_cr2032,flooring,5.0,1,0,0,0,1,0,0,0,1,0,0,,
"hood|backstop=None,bump_mm=0.5,clearance_mm=0.1,funnel=True,gate=True,head_mass_g=81.1,plate=0.002,retreat=30|v10|stop",battery_cr2032,flooring,10.0,1,0,0,0,1,0,0,0,1,0,0,,
"hood|backstop=None,bump_mm=0.5,clearance_mm=0.1,funnel=True,gate=True,head_mass_g=81.1,plate=0.002,retreat=30|v10|stop",battery_cr2032,mat,0.0,1,1,0,0,0,0,0,1,1,0,1,11.01,4.57
"hood|backstop=None,bump_mm=0.5,clearance_mm=0.1,funnel=True,gate=True,head_mass_g=81.1,plate=0.002,retreat=30|v10|stop",battery_cr2032,mat,5.0,1,0,0,0,0,1,0,1,1,0,1,,
"hood|backstop=None,bump_mm=0.5,clearance_mm=0.1,funnel=True,gate=True,head_mass_g=81.1,plate=0.002,retreat=30|v10|stop",battery_cr2032,mat,10.0,1,1,0,0,0,0,0,1,1,0,1,11.01,5.00
"hood|backstop=None,bump_mm=0.5,clearance_mm=0.1,funnel=True,gate=True,head_mass_g=81.1,plate=0.002,retreat=30|v10|stop",bead,flooring,0.0,1,1,0,0,0,0,0,1,1,0,1,5.00,4.69
"hood|backstop=None,bump_mm=0.5,clearance_mm=0.1,funnel=True,gate=True,head_mass_g=81.1,plate=0.002,retreat=30|v10|stop",bead,flooring,5.0,1,1,0,0,0,0,0,1,1,0,1,5.01,3.22
"hood|backstop=None,bump_mm=0.5,clearance_mm=0.1,funnel=True,gate=True,head_mass_g=81.1,plate=0.002,retreat=30|v10|stop",bead,flooring,10.0,1,1,0,0,0,0,0,1,1,0,1,5.01,11.00
"hood|backstop=None,bump_mm=0.5,clearance_mm=0.1,funnel=True,gate=True,head_mass_g=81.1,plate=0.002,retreat=30|v10|stop",bead,mat,0.0,1,1,0,0,0,0,0,1,1,0,1,5.00,3.37
"hood|backstop=None,bump_mm=0.5,clearance_mm=0.1,funnel=True,gate=True,head_mass_g=81.1,plate=0.002,retreat=30|v10|stop",bead,mat,5.0,1,1,0,0,0,0,0,1,1,0,1,5.00,4.44
"hood|backstop=None,bump_mm=0.5,clearance_mm=0.1,funnel=True,gate=True,head_mass_g=81.1,plate=0.002,retreat=30|v10|stop",bead,mat,10.0,1,1,0,0,0,0,0,1,1,0,1,5.01,10.99
"hood|backstop=None,bump_mm=0.5,clearance_mm=0.1,funnel=True,gate=True,head_mass_g=81.1,plate=0.002,retreat=30|v10|stop",coin_1yen,flooring,0.0,1,1,0,0,0,0,0,1,1,0,1,11.00,4.20
"hood|backstop=None,bump_mm=0.5,clearance_mm=0.1,funnel=True,gate=True,head_mass_g=81.1,plate=0.002,retreat=30|v10|stop",coin_1yen,flooring,5.0,1,0,1,0,0,0,0,1,1,0,1,11.00,1.12
"hood|backstop=None,bump_mm=0.5,clearance_mm=0.1,funnel=True,gate=True,head_mass_g=81.1,plate=0.002,retreat=30|v10|stop",coin_1yen,flooring,10.0,1,0,0,0,1,0,0,0,1,0,0,,
"hood|backstop=None,bump_mm=0.5,clearance_mm=0.1,funnel=True,gate=True,head_mass_g=81.1,plate=0.002,retreat=30|v10|stop",coin_1yen,mat,0.0,1,1,0,0,0,0,0,1,1,0,1,11.01,4.32
"hood|backstop=None,bump_mm=0.5,clearance_mm=0.1,funnel=True,gate=True,head_mass_g=81.1,plate=0.002,retreat=30|v10|stop",coin_1yen,mat,5.0,1,0,1,0,0,0,0,1,1,0,1,11.00,4.76
"hood|backstop=None,bump_mm=0.5,clearance_mm=0.1,funnel=True,gate=True,head_mass_g=81.1,plate=0.002,retreat=30|v10|stop",coin_1yen,mat,10.0,1,0,0,0,1,0,0,0,1,0,0,,
"hood|backstop=None,bump_mm=0.5,clearance_mm=0.1,funnel=True,gate=True,head_mass_g=81.1,plate=0.002,retreat=30|v10|stop",crumb_cube,flooring,0.0,1,1,0,0,0,0,0,1,1,0,1,8.08,0.34
"hood|backstop=None,bump_mm=0.5,clearance_mm=0.1,funnel=True,gate=True,head_mass_g=81.1,plate=0.002,retreat=30|v10|stop",crumb_cube,flooring,5.0,1,1,0,0,0,0,0,1,1,0,1,8.07,2.82
"hood|backstop=None,bump_mm=0.5,clearance_mm=0.1,funnel=True,gate=True,head_mass_g=81.1,plate=0.002,retreat=30|v10|stop",crumb_cube,flooring,10.0,1,1,0,0,0,0,0,1,1,0,1,8.07,9.37
"hood|backstop=None,bump_mm=0.5,clearance_mm=0.1,funnel=True,gate=True,head_mass_g=81.1,plate=0.002,retreat=30|v10|stop",crumb_cube,mat,0.0,1,1,0,0,0,0,0,1,1,0,1,8.08,0.34
"hood|backstop=None,bump_mm=0.5,clearance_mm=0.1,funnel=True,gate=True,head_mass_g=81.1,plate=0.002,retreat=30|v10|stop",crumb_cube,mat,5.0,1,1,0,0,0,0,0,1,1,0,1,8.07,2.82
"hood|backstop=None,bump_mm=0.5,clearance_mm=0.1,funnel=True,gate=True,head_mass_g=81.1,plate=0.002,retreat=30|v10|stop",crumb_cube,mat,10.0,1,1,0,0,0,0,0,1,1,0,1,8.07,9.37
"hood|backstop=None,bump_mm=0.5,clearance_mm=0.1,funnel=True,gate=True,head_mass_g=81.1,retreat=30|v10|stop",battery_cr2032,flooring,0.0,1,1,0,0,0,0,0,1,0,1,0,11.01,0.04
"hood|backstop=None,bump_mm=0.5,clearance_mm=0.1,funnel=True,gate=True,head_mass_g=81.1,retreat=30|v10|stop",battery_cr2032,flooring,5.0,1,1,0,0,0,0,0,1,1,0,1,11.01,4.65
"hood|backstop=None,bump_mm=0.5,clearance_mm=0.1,funnel=True,gate=True,head_mass_g=81.1,retreat=30|v10|stop",battery_cr2032,flooring,10.0,1,1,0,0,0,0,0,1,1,0,1,11.00,3.00
"hood|backstop=None,bump_mm=0.5,clearance_mm=0.1,funnel=True,gate=True,head_mass_g=81.1,retreat=30|v10|stop",battery_cr2032,mat,0.0,1,1,0,0,0,0,0,1,0,1,0,11.00,0.04
"hood|backstop=None,bump_mm=0.5,clearance_mm=0.1,funnel=True,gate=True,head_mass_g=81.1,retreat=30|v10|stop",battery_cr2032,mat,5.0,1,1,0,0,0,0,0,1,1,0,1,11.00,4.11
"hood|backstop=None,bump_mm=0.5,clearance_mm=0.1,funnel=True,gate=True,head_mass_g=81.1,retreat=30|v10|stop",battery_cr2032,mat,10.0,1,1,0,0,0,0,0,1,1,0,1,11.00,4.59
"hood|backstop=None,bump_mm=0.5,clearance_mm=0.1,funnel=True,gate=True,head_mass_g=81.1,retreat=30|v10|stop",bead,flooring,0.0,1,1,0,0,0,0,0,1,0,1,0,5.01,8.76
"hood|backstop=None,bump_mm=0.5,clearance_mm=0.1,funnel=True,gate=True,head_mass_g=81.1,retreat=30|v10|stop",bead,flooring,5.0,1,1,0,0,0,0,0,1,0,1,0,5.01,1.25
"hood|backstop=None,bump_mm=0.5,clearance_mm=0.1,funnel=True,gate=True,head_mass_g=81.1,retreat=30|v10|stop",bead,flooring,10.0,1,1,0,0,0,0,0,1,1,0,1,5.00,11.00
"hood|backstop=None,bump_mm=0.5,clearance_mm=0.1,funnel=True,gate=True,head_mass_g=81.1,retreat=30|v10|stop",bead,mat,0.0,1,1,0,0,0,0,0,1,0,1,0,5.01,8.76
"hood|backstop=None,bump_mm=0.5,clearance_mm=0.1,funnel=True,gate=True,head_mass_g=81.1,retreat=30|v10|stop",bead,mat,5.0,1,1,0,0,0,0,0,1,0,1,0,5.01,1.25
"hood|backstop=None,bump_mm=0.5,clearance_mm=0.1,funnel=True,gate=True,head_mass_g=81.1,retreat=30|v10|stop",bead,mat,10.0,1,1,0,0,0,0,0,1,0,1,0,5.01,6.22
"hood|backstop=None,bump_mm=0.5,clearance_mm=0.1,funnel=True,gate=True,head_mass_g=81.1,retreat=30|v10|stop",coin_1yen,flooring,0.0,1,1,0,0,0,0,0,1,0,1,0,11.01,0.01
"hood|backstop=None,bump_mm=0.5,clearance_mm=0.1,funnel=True,gate=True,head_mass_g=81.1,retreat=30|v10|stop",coin_1yen,flooring,5.0,1,1,0,0,0,0,0,1,1,0,1,11.00,4.25
"hood|backstop=None,bump_mm=0.5,clearance_mm=0.1,funnel=True,gate=True,head_mass_g=81.1,retreat=30|v10|stop",coin_1yen,flooring,10.0,1,1,0,0,0,0,0,1,1,0,1,11.01,2.38
"hood|backstop=None,bump_mm=0.5,clearance_mm=0.1,funnel=True,gate=True,head_mass_g=81.1,retreat=30|v10|stop",coin_1yen,mat,0.0,1,1,0,0,0,0,0,1,0,1,0,11.01,0.01
"hood|backstop=None,bump_mm=0.5,clearance_mm=0.1,funnel=True,gate=True,head_mass_g=81.1,retreat=30|v10|stop",coin_1yen,mat,5.0,1,1,0,0,0,0,0,1,1,0,1,11.00,4.21
"hood|backstop=None,bump_mm=0.5,clearance_mm=0.1,funnel=True,gate=True,head_mass_g=81.1,retreat=30|v10|stop",coin_1yen,mat,10.0,1,1,0,0,0,0,0,1,1,0,1,11.00,4.98
"hood|backstop=None,bump_mm=0.5,clearance_mm=0.1,funnel=True,gate=True,head_mass_g=81.1,retreat=30|v10|stop",crumb_cube,flooring,0.0,1,1,0,0,0,0,0,1,0,1,0,8.07,0.20
"hood|backstop=None,bump_mm=0.5,clearance_mm=0.1,funnel=True,gate=True,head_mass_g=81.1,retreat=30|v10|stop",crumb_cube,flooring,5.0,1,1,0,0,0,0,0,1,0,1,0,8.08,5.12
"hood|backstop=None,bump_mm=0.5,clearance_mm=0.1,funnel=True,gate=True,head_mass_g=81.1,retreat=30|v10|stop",crumb_cube,flooring,10.0,1,1,0,0,0,0,0,1,1,0,1,8.08,9.03
"hood|backstop=None,bump_mm=0.5,clearance_mm=0.1,funnel=True,gate=True,head_mass_g=81.1,retreat=30|v10|stop",crumb_cube,mat,0.0,1,1,0,0,0,0,0,1,0,1,0,8.07,0.20
"hood|backstop=None,bump_mm=0.5,clearance_mm=0.1,funnel=True,gate=True,head_mass_g=81.1,retreat=30|v10|stop",crumb_cube,mat,5.0,1,1,0,0,0,0,0,1,0,1,0,8.08,5.12
"hood|backstop=None,bump_mm=0.5,clearance_mm=0.1,funnel=True,gate=True,head_mass_g=81.1,retreat=30|v10|stop",crumb_cube,mat,10.0,1,1,0,0,0,0,0,1,1,0,1,8.08,9.03
"hood|backstop=None,bump_mm=0.5,clearance_mm=0.3,funnel=True,gate=True,head_mass_g=80.0,plate=0.002,retreat=30|v10|stop",battery_cr2032,flooring,0.0,1,0,0,0,1,0,0,0,1,0,0,,
"hood|backstop=None,bump_mm=0.5,clearance_mm=0.3,funnel=True,gate=True,head_mass_g=80.0,plate=0.002,retreat=30|v10|stop",battery_cr2032,flooring,5.0,1,0,0,0,0,1,0,1,1,0,1,,
"hood|backstop=None,bump_mm=0.5,clearance_mm=0.3,funnel=True,gate=True,head_mass_g=80.0,plate=0.002,retreat=30|v10|stop",battery_cr2032,flooring,10.0,1,0,0,0,1,0,0,0,1,0,0,,
"hood|backstop=None,bump_mm=0.5,clearance_mm=0.3,funnel=True,gate=True,head_mass_g=80.0,plate=0.002,retreat=30|v10|stop",battery_cr2032,mat,0.0,1,0,0,0,1,0,0,0,1,0,0,,
"hood|backstop=None,bump_mm=0.5,clearance_mm=0.3,funnel=True,gate=True,head_mass_g=80.0,plate=0.002,retreat=30|v10|stop",battery_cr2032,mat,5.0,1,0,0,0,1,0,0,0,1,0,0,,
"hood|backstop=None,bump_mm=0.5,clearance_mm=0.3,funnel=True,gate=True,head_mass_g=80.0,plate=0.002,retreat=30|v10|stop",battery_cr2032,mat,10.0,1,0,0,0,1,0,0,0,1,0,0,,
"hood|backstop=None,bump_mm=0.5,clearance_mm=0.3,funnel=True,gate=True,head_mass_g=80.0,plate=0.002,retreat=30|v10|stop",bead,flooring,0.0,1,0,0,0,1,0,0,0,1,0,0,,
"hood|backstop=None,bump_mm=0.5,clearance_mm=0.3,funnel=True,gate=True,head_mass_g=80.0,plate=0.002,retreat=30|v10|stop",bead,flooring,5.0,1,0,0,0,1,0,0,0,1,0,0,,
"hood|backstop=None,bump_mm=0.5,clearance_mm=0.3,funnel=True,gate=True,head_mass_g=80.0,plate=0.002,retreat=30|v10|stop",bead,flooring,10.0,1,0,0,0,1,0,0,0,1,0,0,,
"hood|backstop=None,bump_mm=0.5,clearance_mm=0.3,funnel=True,gate=True,head_mass_g=80.0,plate=0.002,retreat=30|v10|stop",bead,mat,0.0,1,0,0,0,1,0,0,0,1,0,0,,
"hood|backstop=None,bump_mm=0.5,clearance_mm=0.3,funnel=True,gate=True,head_mass_g=80.0,plate=0.002,retreat=30|v10|stop",bead,mat,5.0,1,0,0,0,1,0,0,0,1,0,0,,
"hood|backstop=None,bump_mm=0.5,clearance_mm=0.3,funnel=True,gate=True,head_mass_g=80.0,plate=0.002,retreat=30|v10|stop",bead,mat,10.0,1,0,0,0,1,0,0,0,1,0,0,,
"hood|backstop=None,bump_mm=0.5,clearance_mm=0.3,funnel=True,gate=True,head_mass_g=80.0,plate=0.002,retreat=30|v10|stop",coin_1yen,flooring,0.0,1,0,0,0,1,0,0,0,1,0,0,,
"hood|backstop=None,bump_mm=0.5,clearance_mm=0.3,funnel=True,gate=True,head_mass_g=80.0,plate=0.002,retreat=30|v10|stop",coin_1yen,flooring,5.0,1,0,0,0,1,0,0,0,1,0,0,,
"hood|backstop=None,bump_mm=0.5,clearance_mm=0.3,funnel=True,gate=True,head_mass_g=80.0,plate=0.002,retreat=30|v10|stop",coin_1yen,flooring,10.0,1,0,0,0,1,0,0,0,1,0,0,,
"hood|backstop=None,bump_mm=0.5,clearance_mm=0.3,funnel=True,gate=True,head_mass_g=80.0,plate=0.002,retreat=30|v10|stop",coin_1yen,mat,0.0,1,0,0,0,1,0,0,0,1,0,0,,
"hood|backstop=None,bump_mm=0.5,clearance_mm=0.3,funnel=True,gate=True,head_mass_g=80.0,plate=0.002,retreat=30|v10|stop",coin_1yen,mat,5.0,1,0,0,0,0,1,0,1,1,0,1,,
"hood|backstop=None,bump_mm=0.5,clearance_mm=0.3,funnel=True,gate=True,head_mass_g=80.0,plate=0.002,retreat=30|v10|stop",coin_1yen,mat,10.0,1,0,0,0,1,0,0,0,1,0,0,,
"hood|backstop=None,bump_mm=0.5,clearance_mm=0.3,funnel=True,gate=True,head_mass_g=80.0,plate=0.002,retreat=30|v10|stop",crumb_cube,flooring,0.0,1,0,0,0,1,0,0,0,1,0,0,,
"hood|backstop=None,bump_mm=0.5,clearance_mm=0.3,funnel=True,gate=True,head_mass_g=80.0,plate=0.002,retreat=30|v10|stop",crumb_cube,flooring,5.0,1,0,0,0,1,0,0,0,1,0,0,,
"hood|backstop=None,bump_mm=0.5,clearance_mm=0.3,funnel=True,gate=True,head_mass_g=80.0,plate=0.002,retreat=30|v10|stop",crumb_cube,flooring,10.0,1,0,0,0,1,0,0,0,1,0,0,,
"hood|backstop=None,bump_mm=0.5,clearance_mm=0.3,funnel=True,gate=True,head_mass_g=80.0,plate=0.002,retreat=30|v10|stop",crumb_cube,mat,0.0,1,0,0,0,1,0,0,0,1,0,0,,
"hood|backstop=None,bump_mm=0.5,clearance_mm=0.3,funnel=True,gate=True,head_mass_g=80.0,plate=0.002,retreat=30|v10|stop",crumb_cube,mat,5.0,1,0,0,0,1,0,0,0,1,0,0,,
"hood|backstop=None,bump_mm=0.5,clearance_mm=0.3,funnel=True,gate=True,head_mass_g=80.0,plate=0.002,retreat=30|v10|stop",crumb_cube,mat,10.0,1,0,0,0,1,0,0,0,1,0,0,,
"hood|backstop=None,bump_mm=0.5,clearance_mm=0.3,funnel=True,gate=True,head_mass_g=80.0,retreat=30|v10|stop",battery_cr2032,flooring,0.0,1,1,0,0,0,0,0,1,0,1,0,11.01,0.04
"hood|backstop=None,bump_mm=0.5,clearance_mm=0.3,funnel=True,gate=True,head_mass_g=80.0,retreat=30|v10|stop",battery_cr2032,flooring,5.0,1,1,0,0,0,0,0,1,1,0,1,11.01,4.85
"hood|backstop=None,bump_mm=0.5,clearance_mm=0.3,funnel=True,gate=True,head_mass_g=80.0,retreat=30|v10|stop",battery_cr2032,flooring,10.0,1,1,0,0,0,0,0,1,1,0,1,11.00,5.00
"hood|backstop=None,bump_mm=0.5,clearance_mm=0.3,funnel=True,gate=True,head_mass_g=80.0,retreat=30|v10|stop",battery_cr2032,mat,0.0,1,1,0,0,0,0,0,1,0,1,0,11.00,0.04
"hood|backstop=None,bump_mm=0.5,clearance_mm=0.3,funnel=True,gate=True,head_mass_g=80.0,retreat=30|v10|stop",battery_cr2032,mat,5.0,1,1,0,0,0,0,0,1,1,0,1,11.00,4.31
"hood|backstop=None,bump_mm=0.5,clearance_mm=0.3,funnel=True,gate=True,head_mass_g=80.0,retreat=30|v10|stop",battery_cr2032,mat,10.0,1,1,0,0,0,0,0,1,1,0,1,11.01,5.00
"hood|backstop=None,bump_mm=0.5,clearance_mm=0.3,funnel=True,gate=True,head_mass_g=80.0,retreat=30|v10|stop",bead,flooring,0.0,1,1,0,0,0,0,0,1,0,1,0,5.01,8.76
"hood|backstop=None,bump_mm=0.5,clearance_mm=0.3,funnel=True,gate=True,head_mass_g=80.0,retreat=30|v10|stop",bead,flooring,5.0,1,1,0,0,0,0,0,1,0,1,0,5.01,1.25
"hood|backstop=None,bump_mm=0.5,clearance_mm=0.3,funnel=True,gate=True,head_mass_g=80.0,retreat=30|v10|stop",bead,flooring,10.0,1,1,0,0,0,0,0,1,1,0,1,5.00,11.00
"hood|backstop=None,bump_mm=0.5,clearance_mm=0.3,funnel=True,gate=True,head_mass_g=80.0,retreat=30|v10|stop",bead,mat,0.0,1,1,0,0,0,0,0,1,0,1,0,5.01,8.76
"hood|backstop=None,bump_mm=0.5,clearance_mm=0.3,funnel=True,gate=True,head_mass_g=80.0,retreat=30|v10|stop",bead,mat,5.0,1,1,0,0,0,0,0,1,0,1,0,5.01,1.25
"hood|backstop=None,bump_mm=0.5,clearance_mm=0.3,funnel=True,gate=True,head_mass_g=80.0,retreat=30|v10|stop",bead,mat,10.0,1,1,0,0,0,0,0,1,0,1,0,5.01,6.22
"hood|backstop=None,bump_mm=0.5,clearance_mm=0.3,funnel=True,gate=True,head_mass_g=80.0,retreat=30|v10|stop",coin_1yen,flooring,0.0,1,1,0,0,0,0,0,1,0,1,0,11.01,0.01
"hood|backstop=None,bump_mm=0.5,clearance_mm=0.3,funnel=True,gate=True,head_mass_g=80.0,retreat=30|v10|stop",coin_1yen,flooring,5.0,1,1,0,0,0,0,0,1,1,0,1,11.00,4.83
"hood|backstop=None,bump_mm=0.5,clearance_mm=0.3,funnel=True,gate=True,head_mass_g=80.0,retreat=30|v10|stop",coin_1yen,flooring,10.0,1,0,1,0,0,0,0,1,1,0,1,11.00,4.29
"hood|backstop=None,bump_mm=0.5,clearance_mm=0.3,funnel=True,gate=True,head_mass_g=80.0,retreat=30|v10|stop",coin_1yen,mat,0.0,1,1,0,0,0,0,0,1,0,1,0,11.01,0.01
"hood|backstop=None,bump_mm=0.5,clearance_mm=0.3,funnel=True,gate=True,head_mass_g=80.0,retreat=30|v10|stop",coin_1yen,mat,5.0,1,1,0,0,0,0,0,1,1,0,1,11.00,4.64
"hood|backstop=None,bump_mm=0.5,clearance_mm=0.3,funnel=True,gate=True,head_mass_g=80.0,retreat=30|v10|stop",coin_1yen,mat,10.0,1,1,0,0,0,0,0,1,1,0,1,11.00,4.78
"hood|backstop=None,bump_mm=0.5,clearance_mm=0.3,funnel=True,gate=True,head_mass_g=80.0,retreat=30|v10|stop",crumb_cube,flooring,0.0,1,1,0,0,0,0,0,1,0,1,0,8.07,0.20
"hood|backstop=None,bump_mm=0.5,clearance_mm=0.3,funnel=True,gate=True,head_mass_g=80.0,retreat=30|v10|stop",crumb_cube,flooring,5.0,1,1,0,0,0,0,0,1,0,1,0,8.07,5.12
"hood|backstop=None,bump_mm=0.5,clearance_mm=0.3,funnel=True,gate=True,head_mass_g=80.0,retreat=30|v10|stop",crumb_cube,flooring,10.0,1,1,0,0,0,0,0,1,1,0,1,8.08,9.02
"hood|backstop=None,bump_mm=0.5,clearance_mm=0.3,funnel=True,gate=True,head_mass_g=80.0,retreat=30|v10|stop",crumb_cube,mat,0.0,1,1,0,0,0,0,0,1,0,1,0,8.07,0.20
"hood|backstop=None,bump_mm=0.5,clearance_mm=0.3,funnel=True,gate=True,head_mass_g=80.0,retreat=30|v10|stop",crumb_cube,mat,5.0,1,1,0,0,0,0,0,1,0,1,0,8.07,5.12
"hood|backstop=None,bump_mm=0.5,clearance_mm=0.3,funnel=True,gate=True,head_mass_g=80.0,retreat=30|v10|stop",crumb_cube,mat,10.0,1,1,0,0,0,0,0,1,1,0,1,8.08,9.02
"hood|backstop=None,bump_mm=0.5,clearance_mm=0.3,funnel=True,gate=True,head_mass_g=81.1,plate=0.002,retreat=30|v10|stop",battery_cr2032,flooring,0.0,1,0,0,0,1,0,0,0,1,0,0,,
"hood|backstop=None,bump_mm=0.5,clearance_mm=0.3,funnel=True,gate=True,head_mass_g=81.1,plate=0.002,retreat=30|v10|stop",battery_cr2032,flooring,5.0,1,0,0,0,1,0,0,0,1,0,0,,
"hood|backstop=None,bump_mm=0.5,clearance_mm=0.3,funnel=True,gate=True,head_mass_g=81.1,plate=0.002,retreat=30|v10|stop",battery_cr2032,flooring,10.0,1,0,0,0,1,0,0,0,1,0,0,,
"hood|backstop=None,bump_mm=0.5,clearance_mm=0.3,funnel=True,gate=True,head_mass_g=81.1,plate=0.002,retreat=30|v10|stop",battery_cr2032,mat,0.0,1,0,0,0,1,0,0,0,1,0,0,,
"hood|backstop=None,bump_mm=0.5,clearance_mm=0.3,funnel=True,gate=True,head_mass_g=81.1,plate=0.002,retreat=30|v10|stop",battery_cr2032,mat,5.0,1,0,0,0,1,0,0,0,1,0,0,,
"hood|backstop=None,bump_mm=0.5,clearance_mm=0.3,funnel=True,gate=True,head_mass_g=81.1,plate=0.002,retreat=30|v10|stop",battery_cr2032,mat,10.0,1,0,0,0,1,0,0,0,1,0,0,,
"hood|backstop=None,bump_mm=0.5,clearance_mm=0.3,funnel=True,gate=True,head_mass_g=81.1,plate=0.002,retreat=30|v10|stop",bead,flooring,0.0,1,0,0,0,1,0,0,0,1,0,0,,
"hood|backstop=None,bump_mm=0.5,clearance_mm=0.3,funnel=True,gate=True,head_mass_g=81.1,plate=0.002,retreat=30|v10|stop",bead,flooring,5.0,1,0,0,0,1,0,0,0,1,0,0,,
"hood|backstop=None,bump_mm=0.5,clearance_mm=0.3,funnel=True,gate=True,head_mass_g=81.1,plate=0.002,retreat=30|v10|stop",bead,flooring,10.0,1,0,0,0,1,0,0,0,1,0,0,,
"hood|backstop=None,bump_mm=0.5,clearance_mm=0.3,funnel=True,gate=True,head_mass_g=81.1,plate=0.002,retreat=30|v10|stop",bead,mat,0.0,1,0,0,0,1,0,0,0,1,0,0,,
"hood|backstop=None,bump_mm=0.5,clearance_mm=0.3,funnel=True,gate=True,head_mass_g=81.1,plate=0.002,retreat=30|v10|stop",bead,mat,5.0,1,0,0,0,1,0,0,0,1,0,0,,
"hood|backstop=None,bump_mm=0.5,clearance_mm=0.3,funnel=True,gate=True,head_mass_g=81.1,plate=0.002,retreat=30|v10|stop",bead,mat,10.0,1,0,0,0,1,0,0,0,1,0,0,,
"hood|backstop=None,bump_mm=0.5,clearance_mm=0.3,funnel=True,gate=True,head_mass_g=81.1,plate=0.002,retreat=30|v10|stop",coin_1yen,flooring,0.0,1,0,0,0,1,0,0,0,1,0,0,,
"hood|backstop=None,bump_mm=0.5,clearance_mm=0.3,funnel=True,gate=True,head_mass_g=81.1,plate=0.002,retreat=30|v10|stop",coin_1yen,flooring,5.0,1,0,0,0,1,0,0,0,1,0,0,,
"hood|backstop=None,bump_mm=0.5,clearance_mm=0.3,funnel=True,gate=True,head_mass_g=81.1,plate=0.002,retreat=30|v10|stop",coin_1yen,flooring,10.0,1,0,0,0,1,0,0,0,1,0,0,,
"hood|backstop=None,bump_mm=0.5,clearance_mm=0.3,funnel=True,gate=True,head_mass_g=81.1,plate=0.002,retreat=30|v10|stop",coin_1yen,mat,0.0,1,0,0,0,1,0,0,0,1,0,0,,
"hood|backstop=None,bump_mm=0.5,clearance_mm=0.3,funnel=True,gate=True,head_mass_g=81.1,plate=0.002,retreat=30|v10|stop",coin_1yen,mat,5.0,1,0,0,0,0,1,0,1,1,0,1,,
"hood|backstop=None,bump_mm=0.5,clearance_mm=0.3,funnel=True,gate=True,head_mass_g=81.1,plate=0.002,retreat=30|v10|stop",coin_1yen,mat,10.0,1,0,0,0,1,0,0,0,1,0,0,,
"hood|backstop=None,bump_mm=0.5,clearance_mm=0.3,funnel=True,gate=True,head_mass_g=81.1,plate=0.002,retreat=30|v10|stop",crumb_cube,flooring,0.0,1,0,0,0,1,0,0,0,1,0,0,,
"hood|backstop=None,bump_mm=0.5,clearance_mm=0.3,funnel=True,gate=True,head_mass_g=81.1,plate=0.002,retreat=30|v10|stop",crumb_cube,flooring,5.0,1,0,0,0,1,0,0,0,1,0,0,,
"hood|backstop=None,bump_mm=0.5,clearance_mm=0.3,funnel=True,gate=True,head_mass_g=81.1,plate=0.002,retreat=30|v10|stop",crumb_cube,flooring,10.0,1,0,0,0,1,0,0,0,1,0,0,,
"hood|backstop=None,bump_mm=0.5,clearance_mm=0.3,funnel=True,gate=True,head_mass_g=81.1,plate=0.002,retreat=30|v10|stop",crumb_cube,mat,0.0,1,0,0,0,1,0,0,0,1,0,0,,
"hood|backstop=None,bump_mm=0.5,clearance_mm=0.3,funnel=True,gate=True,head_mass_g=81.1,plate=0.002,retreat=30|v10|stop",crumb_cube,mat,5.0,1,0,0,0,1,0,0,0,1,0,0,,
"hood|backstop=None,bump_mm=0.5,clearance_mm=0.3,funnel=True,gate=True,head_mass_g=81.1,plate=0.002,retreat=30|v10|stop",crumb_cube,mat,10.0,1,0,0,0,1,0,0,0,1,0,0,,
"hood|backstop=None,bump_mm=0.5,clearance_mm=0.3,funnel=True,gate=True,head_mass_g=81.1,retreat=30|v10|stop",battery_cr2032,flooring,0.0,1,1,0,0,0,0,0,1,0,1,0,11.01,0.04
"hood|backstop=None,bump_mm=0.5,clearance_mm=0.3,funnel=True,gate=True,head_mass_g=81.1,retreat=30|v10|stop",battery_cr2032,flooring,5.0,1,1,0,0,0,0,0,1,1,0,1,11.01,5.00
"hood|backstop=None,bump_mm=0.5,clearance_mm=0.3,funnel=True,gate=True,head_mass_g=81.1,retreat=30|v10|stop",battery_cr2032,flooring,10.0,1,1,0,0,0,0,0,1,1,0,1,11.01,4.99
"hood|backstop=None,bump_mm=0.5,clearance_mm=0.3,funnel=True,gate=True,head_mass_g=81.1,retreat=30|v10|stop",battery_cr2032,mat,0.0,1,1,0,0,0,0,0,1,0,1,0,11.00,0.04
"hood|backstop=None,bump_mm=0.5,clearance_mm=0.3,funnel=True,gate=True,head_mass_g=81.1,retreat=30|v10|stop",battery_cr2032,mat,5.0,1,1,0,0,0,0,0,1,1,0,1,11.01,4.96
"hood|backstop=None,bump_mm=0.5,clearance_mm=0.3,funnel=True,gate=True,head_mass_g=81.1,retreat=30|v10|stop",battery_cr2032,mat,10.0,1,1,0,0,0,0,0,1,1,0,1,11.01,5.00
"hood|backstop=None,bump_mm=0.5,clearance_mm=0.3,funnel=True,gate=True,head_mass_g=81.1,retreat=30|v10|stop",bead,flooring,0.0,1,1,0,0,0,0,0,1,0,1,0,5.01,8.76
"hood|backstop=None,bump_mm=0.5,clearance_mm=0.3,funnel=True,gate=True,head_mass_g=81.1,retreat=30|v10|stop",bead,flooring,5.0,1,1,0,0,0,0,0,1,0,1,0,5.01,1.25
"hood|backstop=None,bump_mm=0.5,clearance_mm=0.3,funnel=True,gate=True,head_mass_g=81.1,retreat=30|v10|stop",bead,flooring,10.0,1,1,0,0,0,0,0,1,1,0,1,5.00,11.00
"hood|backstop=None,bump_mm=0.5,clearance_mm=0.3,funnel=True,gate=True,head_mass_g=81.1,retreat=30|v10|stop",bead,mat,0.0,1,1,0,0,0,0,0,1,0,1,0,5.01,8.76
"hood|backstop=None,bump_mm=0.5,clearance_mm=0.3,funnel=True,gate=True,head_mass_g=81.1,retreat=30|v10|stop",bead,mat,5.0,1,1,0,0,0,0,0,1,0,1,0,5.01,1.25
"hood|backstop=None,bump_mm=0.5,clearance_mm=0.3,funnel=True,gate=True,head_mass_g=81.1,retreat=30|v10|stop",bead,mat,10.0,1,1,0,0,0,0,0,1,0,1,0,5.01,6.22
"hood|backstop=None,bump_mm=0.5,clearance_mm=0.3,funnel=True,gate=True,head_mass_g=81.1,retreat=30|v10|stop",coin_1yen,flooring,0.0,1,1,0,0,0,0,0,1,0,1,0,11.01,0.01
"hood|backstop=None,bump_mm=0.5,clearance_mm=0.3,funnel=True,gate=True,head_mass_g=81.1,retreat=30|v10|stop",coin_1yen,flooring,5.0,1,1,0,0,0,0,0,1,1,0,1,11.01,4.62
"hood|backstop=None,bump_mm=0.5,clearance_mm=0.3,funnel=True,gate=True,head_mass_g=81.1,retreat=30|v10|stop",coin_1yen,flooring,10.0,1,1,0,0,0,0,0,1,1,0,1,11.00,4.77
"hood|backstop=None,bump_mm=0.5,clearance_mm=0.3,funnel=True,gate=True,head_mass_g=81.1,retreat=30|v10|stop",coin_1yen,mat,0.0,1,1,0,0,0,0,0,1,0,1,0,11.01,0.01
"hood|backstop=None,bump_mm=0.5,clearance_mm=0.3,funnel=True,gate=True,head_mass_g=81.1,retreat=30|v10|stop",coin_1yen,mat,5.0,1,1,0,0,0,0,0,1,1,0,1,11.01,4.93
"hood|backstop=None,bump_mm=0.5,clearance_mm=0.3,funnel=True,gate=True,head_mass_g=81.1,retreat=30|v10|stop",coin_1yen,mat,10.0,1,1,0,0,0,0,0,1,1,0,1,11.00,4.74
"hood|backstop=None,bump_mm=0.5,clearance_mm=0.3,funnel=True,gate=True,head_mass_g=81.1,retreat=30|v10|stop",crumb_cube,flooring,0.0,1,1,0,0,0,0,0,1,0,1,0,8.07,0.20
"hood|backstop=None,bump_mm=0.5,clearance_mm=0.3,funnel=True,gate=True,head_mass_g=81.1,retreat=30|v10|stop",crumb_cube,flooring,5.0,1,1,0,0,0,0,0,1,0,1,0,8.08,5.12
"hood|backstop=None,bump_mm=0.5,clearance_mm=0.3,funnel=True,gate=True,head_mass_g=81.1,retreat=30|v10|stop",crumb_cube,flooring,10.0,1,1,0,0,0,0,0,1,1,0,1,8.08,9.01
"hood|backstop=None,bump_mm=0.5,clearance_mm=0.3,funnel=True,gate=True,head_mass_g=81.1,retreat=30|v10|stop",crumb_cube,mat,0.0,1,1,0,0,0,0,0,1,0,1,0,8.07,0.20
"hood|backstop=None,bump_mm=0.5,clearance_mm=0.3,funnel=True,gate=True,head_mass_g=81.1,retreat=30|v10|stop",crumb_cube,mat,5.0,1,1,0,0,0,0,0,1,0,1,0,8.08,5.12
"hood|backstop=None,bump_mm=0.5,clearance_mm=0.3,funnel=True,gate=True,head_mass_g=81.1,retreat=30|v10|stop",crumb_cube,mat,10.0,1,1,0,0,0,0,0,1,1,0,1,8.08,9.01
"hood|backstop=None,bump_mm=0.5,clearance_mm=0.6,funnel=True,gate=True,head_mass_g=80.0,plate=0.002,retreat=30|v10|stop",battery_cr2032,flooring,0.0,1,0,0,0,1,0,0,0,1,0,0,,
"hood|backstop=None,bump_mm=0.5,clearance_mm=0.6,funnel=True,gate=True,head_mass_g=80.0,plate=0.002,retreat=30|v10|stop",battery_cr2032,flooring,5.0,1,0,0,0,1,0,0,0,1,0,0,,
"hood|backstop=None,bump_mm=0.5,clearance_mm=0.6,funnel=True,gate=True,head_mass_g=80.0,plate=0.002,retreat=30|v10|stop",battery_cr2032,flooring,10.0,1,0,0,0,1,0,0,0,1,0,0,,
"hood|backstop=None,bump_mm=0.5,clearance_mm=0.6,funnel=True,gate=True,head_mass_g=80.0,plate=0.002,retreat=30|v10|stop",battery_cr2032,mat,0.0,1,0,0,0,1,0,0,0,1,0,0,,
"hood|backstop=None,bump_mm=0.5,clearance_mm=0.6,funnel=True,gate=True,head_mass_g=80.0,plate=0.002,retreat=30|v10|stop",battery_cr2032,mat,5.0,1,0,0,0,1,0,0,0,1,0,0,,
"hood|backstop=None,bump_mm=0.5,clearance_mm=0.6,funnel=True,gate=True,head_mass_g=80.0,plate=0.002,retreat=30|v10|stop",battery_cr2032,mat,10.0,1,0,0,0,1,0,0,0,1,0,0,,
"hood|backstop=None,bump_mm=0.5,clearance_mm=0.6,funnel=True,gate=True,head_mass_g=80.0,plate=0.002,retreat=30|v10|stop",bead,flooring,0.0,1,0,0,0,1,0,0,0,1,0,0,,
"hood|backstop=None,bump_mm=0.5,clearance_mm=0.6,funnel=True,gate=True,head_mass_g=80.0,plate=0.002,retreat=30|v10|stop",bead,flooring,5.0,1,0,0,0,1,0,0,0,1,0,0,,
"hood|backstop=None,bump_mm=0.5,clearance_mm=0.6,funnel=True,gate=True,head_mass_g=80.0,plate=0.002,retreat=30|v10|stop",bead,flooring,10.0,1,0,0,0,1,0,0,0,1,0,0,,
"hood|backstop=None,bump_mm=0.5,clearance_mm=0.6,funnel=True,gate=True,head_mass_g=80.0,plate=0.002,retreat=30|v10|stop",bead,mat,0.0,1,0,0,0,1,0,0,0,1,0,0,,
"hood|backstop=None,bump_mm=0.5,clearance_mm=0.6,funnel=True,gate=True,head_mass_g=80.0,plate=0.002,retreat=30|v10|stop",bead,mat,5.0,1,0,0,0,1,0,0,0,1,0,0,,
"hood|backstop=None,bump_mm=0.5,clearance_mm=0.6,funnel=True,gate=True,head_mass_g=80.0,plate=0.002,retreat=30|v10|stop",bead,mat,10.0,1,0,0,0,1,0,0,0,1,0,0,,
"hood|backstop=None,bump_mm=0.5,clearance_mm=0.6,funnel=True,gate=True,head_mass_g=80.0,plate=0.002,retreat=30|v10|stop",coin_1yen,flooring,0.0,1,0,0,0,1,0,0,0,1,0,0,,
"hood|backstop=None,bump_mm=0.5,clearance_mm=0.6,funnel=True,gate=True,head_mass_g=80.0,plate=0.002,retreat=30|v10|stop",coin_1yen,flooring,5.0,1,0,0,0,1,0,0,0,1,0,0,,
"hood|backstop=None,bump_mm=0.5,clearance_mm=0.6,funnel=True,gate=True,head_mass_g=80.0,plate=0.002,retreat=30|v10|stop",coin_1yen,flooring,10.0,1,0,0,0,1,0,0,0,1,0,0,,
"hood|backstop=None,bump_mm=0.5,clearance_mm=0.6,funnel=True,gate=True,head_mass_g=80.0,plate=0.002,retreat=30|v10|stop",coin_1yen,mat,0.0,1,0,0,0,1,0,0,0,1,0,0,,
"hood|backstop=None,bump_mm=0.5,clearance_mm=0.6,funnel=True,gate=True,head_mass_g=80.0,plate=0.002,retreat=30|v10|stop",coin_1yen,mat,5.0,1,0,0,0,1,0,0,0,1,0,0,,
"hood|backstop=None,bump_mm=0.5,clearance_mm=0.6,funnel=True,gate=True,head_mass_g=80.0,plate=0.002,retreat=30|v10|stop",coin_1yen,mat,10.0,1,0,0,0,1,0,0,0,1,0,0,,
"hood|backstop=None,bump_mm=0.5,clearance_mm=0.6,funnel=True,gate=True,head_mass_g=80.0,plate=0.002,retreat=30|v10|stop",crumb_cube,flooring,0.0,1,0,0,0,1,0,0,0,1,0,0,,
"hood|backstop=None,bump_mm=0.5,clearance_mm=0.6,funnel=True,gate=True,head_mass_g=80.0,plate=0.002,retreat=30|v10|stop",crumb_cube,flooring,5.0,1,0,0,0,1,0,0,0,1,0,0,,
"hood|backstop=None,bump_mm=0.5,clearance_mm=0.6,funnel=True,gate=True,head_mass_g=80.0,plate=0.002,retreat=30|v10|stop",crumb_cube,flooring,10.0,1,0,0,0,1,0,0,0,1,0,0,,
"hood|backstop=None,bump_mm=0.5,clearance_mm=0.6,funnel=True,gate=True,head_mass_g=80.0,plate=0.002,retreat=30|v10|stop",crumb_cube,mat,0.0,1,0,0,0,1,0,0,0,1,0,0,,
"hood|backstop=None,bump_mm=0.5,clearance_mm=0.6,funnel=True,gate=True,head_mass_g=80.0,plate=0.002,retreat=30|v10|stop",crumb_cube,mat,5.0,1,0,0,0,1,0,0,0,1,0,0,,
"hood|backstop=None,bump_mm=0.5,clearance_mm=0.6,funnel=True,gate=True,head_mass_g=80.0,plate=0.002,retreat=30|v10|stop",crumb_cube,mat,10.0,1,0,0,0,1,0,0,0,1,0,0,,
"hood|backstop=None,bump_mm=0.5,clearance_mm=0.6,funnel=True,gate=True,head_mass_g=80.0,retreat=30|v10|stop",battery_cr2032,flooring,0.0,1,1,0,0,0,0,0,1,0,1,0,11.01,0.04
"hood|backstop=None,bump_mm=0.5,clearance_mm=0.6,funnel=True,gate=True,head_mass_g=80.0,retreat=30|v10|stop",battery_cr2032,flooring,5.0,1,1,0,0,0,0,0,1,1,0,1,11.00,4.41
"hood|backstop=None,bump_mm=0.5,clearance_mm=0.6,funnel=True,gate=True,head_mass_g=80.0,retreat=30|v10|stop",battery_cr2032,flooring,10.0,1,1,0,0,0,0,0,1,1,0,1,11.01,5.00
"hood|backstop=None,bump_mm=0.5,clearance_mm=0.6,funnel=True,gate=True,head_mass_g=80.0,retreat=30|v10|stop",battery_cr2032,mat,0.0,1,1,0,0,0,0,0,1,0,1,0,11.00,0.04
"hood|backstop=None,bump_mm=0.5,clearance_mm=0.6,funnel=True,gate=True,head_mass_g=80.0,retreat=30|v10|stop",battery_cr2032,mat,5.0,1,1,0,0,0,0,0,1,1,0,1,11.00,4.87
"hood|backstop=None,bump_mm=0.5,clearance_mm=0.6,funnel=True,gate=True,head_mass_g=80.0,retreat=30|v10|stop",battery_cr2032,mat,10.0,1,1,0,0,0,0,0,1,1,0,1,11.00,5.00
"hood|backstop=None,bump_mm=0.5,clearance_mm=0.6,funnel=True,gate=True,head_mass_g=80.0,retreat=30|v10|stop",bead,flooring,0.0,1,1,0,0,0,0,0,1,0,1,0,5.01,8.76
"hood|backstop=None,bump_mm=0.5,clearance_mm=0.6,funnel=True,gate=True,head_mass_g=80.0,retreat=30|v10|stop",bead,flooring,5.0,1,1,0,0,0,0,0,1,0,1,0,5.01,1.25
"hood|backstop=None,bump_mm=0.5,clearance_mm=0.6,funnel=True,gate=True,head_mass_g=80.0,retreat=30|v10|stop",bead,flooring,10.0,1,1,0,0,0,0,0,1,1,0,1,5.00,11.00
"hood|backstop=None,bump_mm=0.5,clearance_mm=0.6,funnel=True,gate=True,head_mass_g=80.0,retreat=30|v10|stop",bead,mat,0.0,1,1,0,0,0,0,0,1,0,1,0,5.01,8.76
"hood|backstop=None,bump_mm=0.5,clearance_mm=0.6,funnel=True,gate=True,head_mass_g=80.0,retreat=30|v10|stop",bead,mat,5.0,1,1,0,0,0,0,0,1,0,1,0,5.01,1.25
"hood|backstop=None,bump_mm=0.5,clearance_mm=0.6,funnel=True,gate=True,head_mass_g=80.0,retreat=30|v10|stop",bead,mat,10.0,1,1,0,0,0,0,0,1,0,1,0,5.01,6.22
"hood|backstop=None,bump_mm=0.5,clearance_mm=0.6,funnel=True,gate=True,head_mass_g=80.0,retreat=30|v10|stop",coin_1yen,flooring,0.0,1,1,0,0,0,0,0,1,0,1,0,11.01,0.01
"hood|backstop=None,bump_mm=0.5,clearance_mm=0.6,funnel=True,gate=True,head_mass_g=80.0,retreat=30|v10|stop",coin_1yen,flooring,5.0,1,1,0,0,0,0,0,1,1,0,1,11.01,4.99
"hood|backstop=None,bump_mm=0.5,clearance_mm=0.6,funnel=True,gate=True,head_mass_g=80.0,retreat=30|v10|stop",coin_1yen,flooring,10.0,1,1,0,0,0,0,0,1,1,0,1,11.00,4.80
"hood|backstop=None,bump_mm=0.5,clearance_mm=0.6,funnel=True,gate=True,head_mass_g=80.0,retreat=30|v10|stop",coin_1yen,mat,0.0,1,1,0,0,0,0,0,1,0,1,0,11.01,0.01
"hood|backstop=None,bump_mm=0.5,clearance_mm=0.6,funnel=True,gate=True,head_mass_g=80.0,retreat=30|v10|stop",coin_1yen,mat,5.0,1,1,0,0,0,0,0,1,1,0,1,11.00,4.11
"hood|backstop=None,bump_mm=0.5,clearance_mm=0.6,funnel=True,gate=True,head_mass_g=80.0,retreat=30|v10|stop",coin_1yen,mat,10.0,1,0,1,0,0,0,0,1,1,0,1,11.01,2.75
"hood|backstop=None,bump_mm=0.5,clearance_mm=0.6,funnel=True,gate=True,head_mass_g=80.0,retreat=30|v10|stop",crumb_cube,flooring,0.0,1,1,0,0,0,0,0,1,0,1,0,8.07,0.20
"hood|backstop=None,bump_mm=0.5,clearance_mm=0.6,funnel=True,gate=True,head_mass_g=80.0,retreat=30|v10|stop",crumb_cube,flooring,5.0,1,1,0,0,0,0,0,1,0,1,0,8.07,5.12
"hood|backstop=None,bump_mm=0.5,clearance_mm=0.6,funnel=True,gate=True,head_mass_g=80.0,retreat=30|v10|stop",crumb_cube,flooring,10.0,1,1,0,0,0,0,0,1,1,0,1,8.07,9.04
"hood|backstop=None,bump_mm=0.5,clearance_mm=0.6,funnel=True,gate=True,head_mass_g=80.0,retreat=30|v10|stop",crumb_cube,mat,0.0,1,1,0,0,0,0,0,1,0,1,0,8.07,0.20
"hood|backstop=None,bump_mm=0.5,clearance_mm=0.6,funnel=True,gate=True,head_mass_g=80.0,retreat=30|v10|stop",crumb_cube,mat,5.0,1,1,0,0,0,0,0,1,0,1,0,8.07,5.12
"hood|backstop=None,bump_mm=0.5,clearance_mm=0.6,funnel=True,gate=True,head_mass_g=80.0,retreat=30|v10|stop",crumb_cube,mat,10.0,1,1,0,0,0,0,0,1,1,0,1,8.07,9.04
"hood|backstop=None,bump_mm=0.5,clearance_mm=0.6,funnel=True,gate=True,head_mass_g=81.1,plate=0.002,retreat=30|v10|stop",battery_cr2032,flooring,0.0,1,0,0,0,1,0,0,0,1,0,0,,
"hood|backstop=None,bump_mm=0.5,clearance_mm=0.6,funnel=True,gate=True,head_mass_g=81.1,plate=0.002,retreat=30|v10|stop",battery_cr2032,flooring,5.0,1,0,0,0,1,0,0,0,1,0,0,,
"hood|backstop=None,bump_mm=0.5,clearance_mm=0.6,funnel=True,gate=True,head_mass_g=81.1,plate=0.002,retreat=30|v10|stop",battery_cr2032,flooring,10.0,1,0,0,0,1,0,0,0,1,0,0,,
"hood|backstop=None,bump_mm=0.5,clearance_mm=0.6,funnel=True,gate=True,head_mass_g=81.1,plate=0.002,retreat=30|v10|stop",battery_cr2032,mat,0.0,1,0,0,0,1,0,0,0,1,0,0,,
"hood|backstop=None,bump_mm=0.5,clearance_mm=0.6,funnel=True,gate=True,head_mass_g=81.1,plate=0.002,retreat=30|v10|stop",battery_cr2032,mat,5.0,1,0,0,0,1,0,0,0,1,0,0,,
"hood|backstop=None,bump_mm=0.5,clearance_mm=0.6,funnel=True,gate=True,head_mass_g=81.1,plate=0.002,retreat=30|v10|stop",battery_cr2032,mat,10.0,1,0,0,0,1,0,0,0,1,0,0,,
"hood|backstop=None,bump_mm=0.5,clearance_mm=0.6,funnel=True,gate=True,head_mass_g=81.1,plate=0.002,retreat=30|v10|stop",bead,flooring,0.0,1,0,0,0,1,0,0,0,1,0,0,,
"hood|backstop=None,bump_mm=0.5,clearance_mm=0.6,funnel=True,gate=True,head_mass_g=81.1,plate=0.002,retreat=30|v10|stop",bead,flooring,5.0,1,0,0,0,1,0,0,0,1,0,0,,
"hood|backstop=None,bump_mm=0.5,clearance_mm=0.6,funnel=True,gate=True,head_mass_g=81.1,plate=0.002,retreat=30|v10|stop",bead,flooring,10.0,1,0,0,0,1,0,0,0,1,0,0,,
"hood|backstop=None,bump_mm=0.5,clearance_mm=0.6,funnel=True,gate=True,head_mass_g=81.1,plate=0.002,retreat=30|v10|stop",bead,mat,0.0,1,0,0,0,1,0,0,0,1,0,0,,
"hood|backstop=None,bump_mm=0.5,clearance_mm=0.6,funnel=True,gate=True,head_mass_g=81.1,plate=0.002,retreat=30|v10|stop",bead,mat,5.0,1,0,0,0,1,0,0,0,1,0,0,,
"hood|backstop=None,bump_mm=0.5,clearance_mm=0.6,funnel=True,gate=True,head_mass_g=81.1,plate=0.002,retreat=30|v10|stop",bead,mat,10.0,1,0,0,0,1,0,0,0,1,0,0,,
"hood|backstop=None,bump_mm=0.5,clearance_mm=0.6,funnel=True,gate=True,head_mass_g=81.1,plate=0.002,retreat=30|v10|stop",coin_1yen,flooring,0.0,1,0,0,0,1,0,0,0,1,0,0,,
"hood|backstop=None,bump_mm=0.5,clearance_mm=0.6,funnel=True,gate=True,head_mass_g=81.1,plate=0.002,retreat=30|v10|stop",coin_1yen,flooring,5.0,1,0,0,0,1,0,0,0,1,0,0,,
"hood|backstop=None,bump_mm=0.5,clearance_mm=0.6,funnel=True,gate=True,head_mass_g=81.1,plate=0.002,retreat=30|v10|stop",coin_1yen,flooring,10.0,1,0,0,0,1,0,0,0,1,0,0,,
"hood|backstop=None,bump_mm=0.5,clearance_mm=0.6,funnel=True,gate=True,head_mass_g=81.1,plate=0.002,retreat=30|v10|stop",coin_1yen,mat,0.0,1,0,0,0,1,0,0,0,1,0,0,,
"hood|backstop=None,bump_mm=0.5,clearance_mm=0.6,funnel=True,gate=True,head_mass_g=81.1,plate=0.002,retreat=30|v10|stop",coin_1yen,mat,5.0,1,0,0,0,1,0,0,0,1,0,0,,
"hood|backstop=None,bump_mm=0.5,clearance_mm=0.6,funnel=True,gate=True,head_mass_g=81.1,plate=0.002,retreat=30|v10|stop",coin_1yen,mat,10.0,1,0,0,0,1,0,0,0,1,0,0,,
"hood|backstop=None,bump_mm=0.5,clearance_mm=0.6,funnel=True,gate=True,head_mass_g=81.1,plate=0.002,retreat=30|v10|stop",crumb_cube,flooring,0.0,1,0,0,0,1,0,0,0,1,0,0,,
"hood|backstop=None,bump_mm=0.5,clearance_mm=0.6,funnel=True,gate=True,head_mass_g=81.1,plate=0.002,retreat=30|v10|stop",crumb_cube,flooring,5.0,1,0,0,0,1,0,0,0,1,0,0,,
"hood|backstop=None,bump_mm=0.5,clearance_mm=0.6,funnel=True,gate=True,head_mass_g=81.1,plate=0.002,retreat=30|v10|stop",crumb_cube,flooring,10.0,1,0,0,0,1,0,0,0,1,0,0,,
"hood|backstop=None,bump_mm=0.5,clearance_mm=0.6,funnel=True,gate=True,head_mass_g=81.1,plate=0.002,retreat=30|v10|stop",crumb_cube,mat,0.0,1,0,0,0,1,0,0,0,1,0,0,,
"hood|backstop=None,bump_mm=0.5,clearance_mm=0.6,funnel=True,gate=True,head_mass_g=81.1,plate=0.002,retreat=30|v10|stop",crumb_cube,mat,5.0,1,0,0,0,1,0,0,0,1,0,0,,
"hood|backstop=None,bump_mm=0.5,clearance_mm=0.6,funnel=True,gate=True,head_mass_g=81.1,plate=0.002,retreat=30|v10|stop",crumb_cube,mat,10.0,1,0,0,0,1,0,0,0,1,0,0,,
"hood|backstop=None,bump_mm=0.5,clearance_mm=0.6,funnel=True,gate=True,head_mass_g=81.1,retreat=30|v10|stop",battery_cr2032,flooring,0.0,1,1,0,0,0,0,0,1,0,1,0,11.01,0.04
"hood|backstop=None,bump_mm=0.5,clearance_mm=0.6,funnel=True,gate=True,head_mass_g=81.1,retreat=30|v10|stop",battery_cr2032,flooring,5.0,1,1,0,0,0,0,0,1,1,0,1,11.01,5.00
"hood|backstop=None,bump_mm=0.5,clearance_mm=0.6,funnel=True,gate=True,head_mass_g=81.1,retreat=30|v10|stop",battery_cr2032,flooring,10.0,1,1,0,0,0,0,0,1,1,0,1,11.01,5.00
"hood|backstop=None,bump_mm=0.5,clearance_mm=0.6,funnel=True,gate=True,head_mass_g=81.1,retreat=30|v10|stop",battery_cr2032,mat,0.0,1,1,0,0,0,0,0,1,0,1,0,11.00,0.04
"hood|backstop=None,bump_mm=0.5,clearance_mm=0.6,funnel=True,gate=True,head_mass_g=81.1,retreat=30|v10|stop",battery_cr2032,mat,5.0,1,1,0,0,0,0,0,1,1,0,1,11.00,4.11
"hood|backstop=None,bump_mm=0.5,clearance_mm=0.6,funnel=True,gate=True,head_mass_g=81.1,retreat=30|v10|stop",battery_cr2032,mat,10.0,1,1,0,0,0,0,0,1,1,0,1,11.01,5.00
"hood|backstop=None,bump_mm=0.5,clearance_mm=0.6,funnel=True,gate=True,head_mass_g=81.1,retreat=30|v10|stop",bead,flooring,0.0,1,1,0,0,0,0,0,1,0,1,0,5.01,8.76
"hood|backstop=None,bump_mm=0.5,clearance_mm=0.6,funnel=True,gate=True,head_mass_g=81.1,retreat=30|v10|stop",bead,flooring,5.0,1,1,0,0,0,0,0,1,0,1,0,5.01,1.25
"hood|backstop=None,bump_mm=0.5,clearance_mm=0.6,funnel=True,gate=True,head_mass_g=81.1,retreat=30|v10|stop",bead,flooring,10.0,1,1,0,0,0,0,0,1,1,0,1,5.00,11.00
"hood|backstop=None,bump_mm=0.5,clearance_mm=0.6,funnel=True,gate=True,head_mass_g=81.1,retreat=30|v10|stop",bead,mat,0.0,1,1,0,0,0,0,0,1,0,1,0,5.01,8.76
"hood|backstop=None,bump_mm=0.5,clearance_mm=0.6,funnel=True,gate=True,head_mass_g=81.1,retreat=30|v10|stop",bead,mat,5.0,1,1,0,0,0,0,0,1,0,1,0,5.01,1.25
"hood|backstop=None,bump_mm=0.5,clearance_mm=0.6,funnel=True,gate=True,head_mass_g=81.1,retreat=30|v10|stop",bead,mat,10.0,1,1,0,0,0,0,0,1,0,1,0,5.01,6.22
"hood|backstop=None,bump_mm=0.5,clearance_mm=0.6,funnel=True,gate=True,head_mass_g=81.1,retreat=30|v10|stop",coin_1yen,flooring,0.0,1,1,0,0,0,0,0,1,0,1,0,11.01,0.01
"hood|backstop=None,bump_mm=0.5,clearance_mm=0.6,funnel=True,gate=True,head_mass_g=81.1,retreat=30|v10|stop",coin_1yen,flooring,5.0,1,1,0,0,0,0,0,1,1,0,1,11.00,4.99
"hood|backstop=None,bump_mm=0.5,clearance_mm=0.6,funnel=True,gate=True,head_mass_g=81.1,retreat=30|v10|stop",coin_1yen,flooring,10.0,1,1,0,0,0,0,0,1,1,0,1,11.01,3.28
"hood|backstop=None,bump_mm=0.5,clearance_mm=0.6,funnel=True,gate=True,head_mass_g=81.1,retreat=30|v10|stop",coin_1yen,mat,0.0,1,1,0,0,0,0,0,1,0,1,0,11.01,0.01
"hood|backstop=None,bump_mm=0.5,clearance_mm=0.6,funnel=True,gate=True,head_mass_g=81.1,retreat=30|v10|stop",coin_1yen,mat,5.0,1,1,0,0,0,0,0,1,1,0,1,11.01,4.17
"hood|backstop=None,bump_mm=0.5,clearance_mm=0.6,funnel=True,gate=True,head_mass_g=81.1,retreat=30|v10|stop",coin_1yen,mat,10.0,1,1,0,0,0,0,0,1,1,0,1,11.01,4.64
"hood|backstop=None,bump_mm=0.5,clearance_mm=0.6,funnel=True,gate=True,head_mass_g=81.1,retreat=30|v10|stop",crumb_cube,flooring,0.0,1,1,0,0,0,0,0,1,0,1,0,8.07,0.20
"hood|backstop=None,bump_mm=0.5,clearance_mm=0.6,funnel=True,gate=True,head_mass_g=81.1,retreat=30|v10|stop",crumb_cube,flooring,5.0,1,1,0,0,0,0,0,1,0,1,0,8.08,5.12
"hood|backstop=None,bump_mm=0.5,clearance_mm=0.6,funnel=True,gate=True,head_mass_g=81.1,retreat=30|v10|stop",crumb_cube,flooring,10.0,1,1,0,0,0,0,0,1,1,0,1,8.08,9.04
"hood|backstop=None,bump_mm=0.5,clearance_mm=0.6,funnel=True,gate=True,head_mass_g=81.1,retreat=30|v10|stop",crumb_cube,mat,0.0,1,1,0,0,0,0,0,1,0,1,0,8.07,0.20
"hood|backstop=None,bump_mm=0.5,clearance_mm=0.6,funnel=True,gate=True,head_mass_g=81.1,retreat=30|v10|stop",crumb_cube,mat,5.0,1,1,0,0,0,0,0,1,0,1,0,8.08,5.12
"hood|backstop=None,bump_mm=0.5,clearance_mm=0.6,funnel=True,gate=True,head_mass_g=81.1,retreat=30|v10|stop",crumb_cube,mat,10.0,1,1,0,0,0,0,0,1,1,0,1,8.08,9.04
"hood|backstop=None,bump_mm=0.5,clearance_mm=1.0,funnel=True,gate=True,head_mass_g=80.0,plate=0.002,retreat=30|v10|stop",battery_cr2032,flooring,0.0,1,0,0,0,1,0,0,0,1,0,0,,
"hood|backstop=None,bump_mm=0.5,clearance_mm=1.0,funnel=True,gate=True,head_mass_g=80.0,plate=0.002,retreat=30|v10|stop",battery_cr2032,flooring,5.0,1,0,0,0,1,0,0,0,1,0,0,,
"hood|backstop=None,bump_mm=0.5,clearance_mm=1.0,funnel=True,gate=True,head_mass_g=80.0,plate=0.002,retreat=30|v10|stop",battery_cr2032,flooring,10.0,1,0,0,0,1,0,0,0,1,0,0,,
"hood|backstop=None,bump_mm=0.5,clearance_mm=1.0,funnel=True,gate=True,head_mass_g=80.0,plate=0.002,retreat=30|v10|stop",battery_cr2032,mat,0.0,1,0,0,0,1,0,0,0,1,0,0,,
"hood|backstop=None,bump_mm=0.5,clearance_mm=1.0,funnel=True,gate=True,head_mass_g=80.0,plate=0.002,retreat=30|v10|stop",battery_cr2032,mat,5.0,1,0,0,0,1,0,0,0,1,0,0,,
"hood|backstop=None,bump_mm=0.5,clearance_mm=1.0,funnel=True,gate=True,head_mass_g=80.0,plate=0.002,retreat=30|v10|stop",battery_cr2032,mat,10.0,1,0,0,0,1,0,0,0,1,0,0,,
"hood|backstop=None,bump_mm=0.5,clearance_mm=1.0,funnel=True,gate=True,head_mass_g=80.0,plate=0.002,retreat=30|v10|stop",bead,flooring,0.0,1,0,0,0,1,0,0,0,1,0,0,,
"hood|backstop=None,bump_mm=0.5,clearance_mm=1.0,funnel=True,gate=True,head_mass_g=80.0,plate=0.002,retreat=30|v10|stop",bead,flooring,5.0,1,0,0,0,1,0,0,0,1,0,0,,
"hood|backstop=None,bump_mm=0.5,clearance_mm=1.0,funnel=True,gate=True,head_mass_g=80.0,plate=0.002,retreat=30|v10|stop",bead,flooring,10.0,1,0,0,0,1,0,0,0,1,0,0,,
"hood|backstop=None,bump_mm=0.5,clearance_mm=1.0,funnel=True,gate=True,head_mass_g=80.0,plate=0.002,retreat=30|v10|stop",bead,mat,0.0,1,0,0,0,1,0,0,0,1,0,0,,
"hood|backstop=None,bump_mm=0.5,clearance_mm=1.0,funnel=True,gate=True,head_mass_g=80.0,plate=0.002,retreat=30|v10|stop",bead,mat,5.0,1,0,0,0,1,0,0,0,1,0,0,,
"hood|backstop=None,bump_mm=0.5,clearance_mm=1.0,funnel=True,gate=True,head_mass_g=80.0,plate=0.002,retreat=30|v10|stop",bead,mat,10.0,1,0,0,0,1,0,0,0,1,0,0,,
"hood|backstop=None,bump_mm=0.5,clearance_mm=1.0,funnel=True,gate=True,head_mass_g=80.0,plate=0.002,retreat=30|v10|stop",coin_1yen,flooring,0.0,1,0,0,0,1,0,0,0,1,0,0,,
"hood|backstop=None,bump_mm=0.5,clearance_mm=1.0,funnel=True,gate=True,head_mass_g=80.0,plate=0.002,retreat=30|v10|stop",coin_1yen,flooring,5.0,1,0,0,0,1,0,0,0,1,0,0,,
"hood|backstop=None,bump_mm=0.5,clearance_mm=1.0,funnel=True,gate=True,head_mass_g=80.0,plate=0.002,retreat=30|v10|stop",coin_1yen,flooring,10.0,1,0,0,1,0,0,0,1,1,0,1,11.00,3.90
"hood|backstop=None,bump_mm=0.5,clearance_mm=1.0,funnel=True,gate=True,head_mass_g=80.0,plate=0.002,retreat=30|v10|stop",coin_1yen,mat,0.0,1,0,0,0,1,0,0,0,1,0,0,,
"hood|backstop=None,bump_mm=0.5,clearance_mm=1.0,funnel=True,gate=True,head_mass_g=80.0,plate=0.002,retreat=30|v10|stop",coin_1yen,mat,5.0,1,0,0,0,1,0,0,0,1,0,0,,
"hood|backstop=None,bump_mm=0.5,clearance_mm=1.0,funnel=True,gate=True,head_mass_g=80.0,plate=0.002,retreat=30|v10|stop",coin_1yen,mat,10.0,1,0,0,0,1,0,0,0,1,0,0,,
"hood|backstop=None,bump_mm=0.5,clearance_mm=1.0,funnel=True,gate=True,head_mass_g=80.0,plate=0.002,retreat=30|v10|stop",crumb_cube,flooring,0.0,1,0,0,0,1,0,0,0,1,0,0,,
"hood|backstop=None,bump_mm=0.5,clearance_mm=1.0,funnel=True,gate=True,head_mass_g=80.0,plate=0.002,retreat=30|v10|stop",crumb_cube,flooring,5.0,1,0,0,0,1,0,0,0,1,0,0,,
"hood|backstop=None,bump_mm=0.5,clearance_mm=1.0,funnel=True,gate=True,head_mass_g=80.0,plate=0.002,retreat=30|v10|stop",crumb_cube,flooring,10.0,1,0,0,0,1,0,0,0,1,0,0,,
"hood|backstop=None,bump_mm=0.5,clearance_mm=1.0,funnel=True,gate=True,head_mass_g=80.0,plate=0.002,retreat=30|v10|stop",crumb_cube,mat,0.0,1,0,0,0,1,0,0,0,1,0,0,,
"hood|backstop=None,bump_mm=0.5,clearance_mm=1.0,funnel=True,gate=True,head_mass_g=80.0,plate=0.002,retreat=30|v10|stop",crumb_cube,mat,5.0,1,0,0,0,1,0,0,0,1,0,0,,
"hood|backstop=None,bump_mm=0.5,clearance_mm=1.0,funnel=True,gate=True,head_mass_g=80.0,plate=0.002,retreat=30|v10|stop",crumb_cube,mat,10.0,1,0,0,0,1,0,0,0,1,0,0,,
"hood|backstop=None,bump_mm=0.5,clearance_mm=1.0,funnel=True,gate=True,head_mass_g=80.0,retreat=30|v10|stop",battery_cr2032,flooring,0.0,1,1,0,0,0,0,0,1,0,1,0,11.01,0.04
"hood|backstop=None,bump_mm=0.5,clearance_mm=1.0,funnel=True,gate=True,head_mass_g=80.0,retreat=30|v10|stop",battery_cr2032,flooring,5.0,1,1,0,0,0,0,0,1,1,0,1,11.01,5.00
"hood|backstop=None,bump_mm=0.5,clearance_mm=1.0,funnel=True,gate=True,head_mass_g=80.0,retreat=30|v10|stop",battery_cr2032,flooring,10.0,1,1,0,0,0,0,0,1,1,0,1,11.01,5.00
"hood|backstop=None,bump_mm=0.5,clearance_mm=1.0,funnel=True,gate=True,head_mass_g=80.0,retreat=30|v10|stop",battery_cr2032,mat,0.0,1,1,0,0,0,0,0,1,0,1,0,11.00,0.04
"hood|backstop=None,bump_mm=0.5,clearance_mm=1.0,funnel=True,gate=True,head_mass_g=80.0,retreat=30|v10|stop",battery_cr2032,mat,5.0,1,1,0,0,0,0,0,1,1,0,1,11.01,5.00
"hood|backstop=None,bump_mm=0.5,clearance_mm=1.0,funnel=True,gate=True,head_mass_g=80.0,retreat=30|v10|stop",battery_cr2032,mat,10.0,1,1,0,0,0,0,0,1,1,0,1,11.01,5.00
"hood|backstop=None,bump_mm=0.5,clearance_mm=1.0,funnel=True,gate=True,head_mass_g=80.0,retreat=30|v10|stop",bead,flooring,0.0,1,1,0,0,0,0,0,1,0,1,0,5.01,8.76
"hood|backstop=None,bump_mm=0.5,clearance_mm=1.0,funnel=True,gate=True,head_mass_g=80.0,retreat=30|v10|stop",bead,flooring,5.0,1,1,0,0,0,0,0,1,0,1,0,5.01,1.25
"hood|backstop=None,bump_mm=0.5,clearance_mm=1.0,funnel=True,gate=True,head_mass_g=80.0,retreat=30|v10|stop",bead,flooring,10.0,1,1,0,0,0,0,0,1,1,0,1,5.00,11.00
"hood|backstop=None,bump_mm=0.5,clearance_mm=1.0,funnel=True,gate=True,head_mass_g=80.0,retreat=30|v10|stop",bead,mat,0.0,1,1,0,0,0,0,0,1,0,1,0,5.01,8.76
"hood|backstop=None,bump_mm=0.5,clearance_mm=1.0,funnel=True,gate=True,head_mass_g=80.0,retreat=30|v10|stop",bead,mat,5.0,1,1,0,0,0,0,0,1,0,1,0,5.01,1.25
"hood|backstop=None,bump_mm=0.5,clearance_mm=1.0,funnel=True,gate=True,head_mass_g=80.0,retreat=30|v10|stop",bead,mat,10.0,1,1,0,0,0,0,0,1,0,1,0,5.01,6.22
"hood|backstop=None,bump_mm=0.5,clearance_mm=1.0,funnel=True,gate=True,head_mass_g=80.0,retreat=30|v10|stop",coin_1yen,flooring,0.0,1,1,0,0,0,0,0,1,0,1,0,11.01,0.01
"hood|backstop=None,bump_mm=0.5,clearance_mm=1.0,funnel=True,gate=True,head_mass_g=80.0,retreat=30|v10|stop",coin_1yen,flooring,5.0,1,1,0,0,0,0,0,1,1,0,1,11.00,4.94
"hood|backstop=None,bump_mm=0.5,clearance_mm=1.0,funnel=True,gate=True,head_mass_g=80.0,retreat=30|v10|stop",coin_1yen,flooring,10.0,1,0,1,0,0,0,0,1,1,0,1,11.00,11.17
"hood|backstop=None,bump_mm=0.5,clearance_mm=1.0,funnel=True,gate=True,head_mass_g=80.0,retreat=30|v10|stop",coin_1yen,mat,0.0,1,1,0,0,0,0,0,1,0,1,0,11.01,0.01
"hood|backstop=None,bump_mm=0.5,clearance_mm=1.0,funnel=True,gate=True,head_mass_g=80.0,retreat=30|v10|stop",coin_1yen,mat,5.0,1,1,0,0,0,0,0,1,1,0,1,11.01,4.62
"hood|backstop=None,bump_mm=0.5,clearance_mm=1.0,funnel=True,gate=True,head_mass_g=80.0,retreat=30|v10|stop",coin_1yen,mat,10.0,1,1,0,0,0,0,0,1,1,0,1,11.01,4.97
"hood|backstop=None,bump_mm=0.5,clearance_mm=1.0,funnel=True,gate=True,head_mass_g=80.0,retreat=30|v10|stop",crumb_cube,flooring,0.0,1,1,0,0,0,0,0,1,0,1,0,8.07,0.20
"hood|backstop=None,bump_mm=0.5,clearance_mm=1.0,funnel=True,gate=True,head_mass_g=80.0,retreat=30|v10|stop",crumb_cube,flooring,5.0,1,1,0,0,0,0,0,1,0,1,0,8.07,5.12
"hood|backstop=None,bump_mm=0.5,clearance_mm=1.0,funnel=True,gate=True,head_mass_g=80.0,retreat=30|v10|stop",crumb_cube,flooring,10.0,1,1,0,0,0,0,0,1,1,0,1,8.08,9.04
"hood|backstop=None,bump_mm=0.5,clearance_mm=1.0,funnel=True,gate=True,head_mass_g=80.0,retreat=30|v10|stop",crumb_cube,mat,0.0,1,1,0,0,0,0,0,1,0,1,0,8.07,0.20
"hood|backstop=None,bump_mm=0.5,clearance_mm=1.0,funnel=True,gate=True,head_mass_g=80.0,retreat=30|v10|stop",crumb_cube,mat,5.0,1,1,0,0,0,0,0,1,0,1,0,8.07,5.12
"hood|backstop=None,bump_mm=0.5,clearance_mm=1.0,funnel=True,gate=True,head_mass_g=80.0,retreat=30|v10|stop",crumb_cube,mat,10.0,1,1,0,0,0,0,0,1,1,0,1,8.08,9.04
"hood|backstop=None,bump_mm=0.5,clearance_mm=1.0,funnel=True,gate=True,head_mass_g=81.1,plate=0.002,retreat=30|v10|stop",battery_cr2032,flooring,0.0,1,0,0,0,1,0,0,0,1,0,0,,
"hood|backstop=None,bump_mm=0.5,clearance_mm=1.0,funnel=True,gate=True,head_mass_g=81.1,plate=0.002,retreat=30|v10|stop",battery_cr2032,flooring,5.0,1,0,0,0,1,0,0,0,1,0,0,,
"hood|backstop=None,bump_mm=0.5,clearance_mm=1.0,funnel=True,gate=True,head_mass_g=81.1,plate=0.002,retreat=30|v10|stop",battery_cr2032,flooring,10.0,1,0,0,0,1,0,0,0,1,0,0,,
"hood|backstop=None,bump_mm=0.5,clearance_mm=1.0,funnel=True,gate=True,head_mass_g=81.1,plate=0.002,retreat=30|v10|stop",battery_cr2032,mat,0.0,1,0,0,0,1,0,0,0,1,0,0,,
"hood|backstop=None,bump_mm=0.5,clearance_mm=1.0,funnel=True,gate=True,head_mass_g=81.1,plate=0.002,retreat=30|v10|stop",battery_cr2032,mat,5.0,1,0,0,0,1,0,0,0,1,0,0,,
"hood|backstop=None,bump_mm=0.5,clearance_mm=1.0,funnel=True,gate=True,head_mass_g=81.1,plate=0.002,retreat=30|v10|stop",battery_cr2032,mat,10.0,1,0,0,0,1,0,0,0,1,0,0,,
"hood|backstop=None,bump_mm=0.5,clearance_mm=1.0,funnel=True,gate=True,head_mass_g=81.1,plate=0.002,retreat=30|v10|stop",bead,flooring,0.0,1,0,0,0,1,0,0,0,1,0,0,,
"hood|backstop=None,bump_mm=0.5,clearance_mm=1.0,funnel=True,gate=True,head_mass_g=81.1,plate=0.002,retreat=30|v10|stop",bead,flooring,5.0,1,0,0,0,1,0,0,0,1,0,0,,
"hood|backstop=None,bump_mm=0.5,clearance_mm=1.0,funnel=True,gate=True,head_mass_g=81.1,plate=0.002,retreat=30|v10|stop",bead,flooring,10.0,1,0,0,0,1,0,0,0,1,0,0,,
"hood|backstop=None,bump_mm=0.5,clearance_mm=1.0,funnel=True,gate=True,head_mass_g=81.1,plate=0.002,retreat=30|v10|stop",bead,mat,0.0,1,0,0,0,1,0,0,0,1,0,0,,
"hood|backstop=None,bump_mm=0.5,clearance_mm=1.0,funnel=True,gate=True,head_mass_g=81.1,plate=0.002,retreat=30|v10|stop",bead,mat,5.0,1,0,0,0,1,0,0,0,1,0,0,,
"hood|backstop=None,bump_mm=0.5,clearance_mm=1.0,funnel=True,gate=True,head_mass_g=81.1,plate=0.002,retreat=30|v10|stop",bead,mat,10.0,1,0,0,0,1,0,0,0,1,0,0,,
"hood|backstop=None,bump_mm=0.5,clearance_mm=1.0,funnel=True,gate=True,head_mass_g=81.1,plate=0.002,retreat=30|v10|stop",coin_1yen,flooring,0.0,1,0,1,0,0,0,0,1,1,0,1,11.28,1.25
"hood|backstop=None,bump_mm=0.5,clearance_mm=1.0,funnel=True,gate=True,head_mass_g=81.1,plate=0.002,retreat=30|v10|stop",coin_1yen,flooring,5.0,1,0,0,0,1,0,0,0,1,0,0,,
"hood|backstop=None,bump_mm=0.5,clearance_mm=1.0,funnel=True,gate=True,head_mass_g=81.1,plate=0.002,retreat=30|v10|stop",coin_1yen,flooring,10.0,1,0,0,1,0,0,0,1,1,0,1,11.00,3.90
"hood|backstop=None,bump_mm=0.5,clearance_mm=1.0,funnel=True,gate=True,head_mass_g=81.1,plate=0.002,retreat=30|v10|stop",coin_1yen,mat,0.0,1,0,0,0,1,0,0,0,1,0,0,,
"hood|backstop=None,bump_mm=0.5,clearance_mm=1.0,funnel=True,gate=True,head_mass_g=81.1,plate=0.002,retreat=30|v10|stop",coin_1yen,mat,5.0,1,0,0,0,1,0,0,0,1,0,0,,
"hood|backstop=None,bump_mm=0.5,clearance_mm=1.0,funnel=True,gate=True,head_mass_g=81.1,plate=0.002,retreat=30|v10|stop",coin_1yen,mat,10.0,1,0,0,0,1,0,0,0,1,0,0,,
"hood|backstop=None,bump_mm=0.5,clearance_mm=1.0,funnel=True,gate=True,head_mass_g=81.1,plate=0.002,retreat=30|v10|stop",crumb_cube,flooring,0.0,1,0,0,0,1,0,0,0,1,0,0,,
"hood|backstop=None,bump_mm=0.5,clearance_mm=1.0,funnel=True,gate=True,head_mass_g=81.1,plate=0.002,retreat=30|v10|stop",crumb_cube,flooring,5.0,1,0,0,0,1,0,0,0,1,0,0,,
"hood|backstop=None,bump_mm=0.5,clearance_mm=1.0,funnel=True,gate=True,head_mass_g=81.1,plate=0.002,retreat=30|v10|stop",crumb_cube,flooring,10.0,1,0,0,0,1,0,0,0,1,0,0,,
"hood|backstop=None,bump_mm=0.5,clearance_mm=1.0,funnel=True,gate=True,head_mass_g=81.1,plate=0.002,retreat=30|v10|stop",crumb_cube,mat,0.0,1,0,0,0,1,0,0,0,1,0,0,,
"hood|backstop=None,bump_mm=0.5,clearance_mm=1.0,funnel=True,gate=True,head_mass_g=81.1,plate=0.002,retreat=30|v10|stop",crumb_cube,mat,5.0,1,0,0,0,1,0,0,0,1,0,0,,
"hood|backstop=None,bump_mm=0.5,clearance_mm=1.0,funnel=True,gate=True,head_mass_g=81.1,plate=0.002,retreat=30|v10|stop",crumb_cube,mat,10.0,1,0,0,0,1,0,0,0,1,0,0,,
"hood|backstop=None,bump_mm=0.5,clearance_mm=1.0,funnel=True,gate=True,head_mass_g=81.1,retreat=30|v10|stop",battery_cr2032,flooring,0.0,1,1,0,0,0,0,0,1,0,1,0,11.01,0.04
"hood|backstop=None,bump_mm=0.5,clearance_mm=1.0,funnel=True,gate=True,head_mass_g=81.1,retreat=30|v10|stop",battery_cr2032,flooring,5.0,1,1,0,0,0,0,0,1,1,0,1,11.01,4.97
"hood|backstop=None,bump_mm=0.5,clearance_mm=1.0,funnel=True,gate=True,head_mass_g=81.1,retreat=30|v10|stop",battery_cr2032,flooring,10.0,1,1,0,0,0,0,0,1,1,0,1,11.00,5.00
"hood|backstop=None,bump_mm=0.5,clearance_mm=1.0,funnel=True,gate=True,head_mass_g=81.1,retreat=30|v10|stop",battery_cr2032,mat,0.0,1,1,0,0,0,0,0,1,0,1,0,11.00,0.04
"hood|backstop=None,bump_mm=0.5,clearance_mm=1.0,funnel=True,gate=True,head_mass_g=81.1,retreat=30|v10|stop",battery_cr2032,mat,5.0,1,1,0,0,0,0,0,1,1,0,1,11.01,4.64
"hood|backstop=None,bump_mm=0.5,clearance_mm=1.0,funnel=True,gate=True,head_mass_g=81.1,retreat=30|v10|stop",battery_cr2032,mat,10.0,1,1,0,0,0,0,0,1,1,0,1,11.01,5.00
"hood|backstop=None,bump_mm=0.5,clearance_mm=1.0,funnel=True,gate=True,head_mass_g=81.1,retreat=30|v10|stop",bead,flooring,0.0,1,1,0,0,0,0,0,1,0,1,0,5.01,8.76
"hood|backstop=None,bump_mm=0.5,clearance_mm=1.0,funnel=True,gate=True,head_mass_g=81.1,retreat=30|v10|stop",bead,flooring,5.0,1,1,0,0,0,0,0,1,0,1,0,5.01,1.25
"hood|backstop=None,bump_mm=0.5,clearance_mm=1.0,funnel=True,gate=True,head_mass_g=81.1,retreat=30|v10|stop",bead,flooring,10.0,1,1,0,0,0,0,0,1,1,0,1,5.00,11.00
"hood|backstop=None,bump_mm=0.5,clearance_mm=1.0,funnel=True,gate=True,head_mass_g=81.1,retreat=30|v10|stop",bead,mat,0.0,1,1,0,0,0,0,0,1,0,1,0,5.01,8.76
"hood|backstop=None,bump_mm=0.5,clearance_mm=1.0,funnel=True,gate=True,head_mass_g=81.1,retreat=30|v10|stop",bead,mat,5.0,1,1,0,0,0,0,0,1,0,1,0,5.01,1.25
"hood|backstop=None,bump_mm=0.5,clearance_mm=1.0,funnel=True,gate=True,head_mass_g=81.1,retreat=30|v10|stop",bead,mat,10.0,1,1,0,0,0,0,0,1,0,1,0,5.01,6.22
"hood|backstop=None,bump_mm=0.5,clearance_mm=1.0,funnel=True,gate=True,head_mass_g=81.1,retreat=30|v10|stop",coin_1yen,flooring,0.0,1,1,0,0,0,0,0,1,0,1,0,11.01,0.01
"hood|backstop=None,bump_mm=0.5,clearance_mm=1.0,funnel=True,gate=True,head_mass_g=81.1,retreat=30|v10|stop",coin_1yen,flooring,5.0,1,1,0,0,0,0,0,1,1,0,1,11.01,4.93
"hood|backstop=None,bump_mm=0.5,clearance_mm=1.0,funnel=True,gate=True,head_mass_g=81.1,retreat=30|v10|stop",coin_1yen,flooring,10.0,1,1,0,0,0,0,0,1,1,0,1,11.00,6.40
"hood|backstop=None,bump_mm=0.5,clearance_mm=1.0,funnel=True,gate=True,head_mass_g=81.1,retreat=30|v10|stop",coin_1yen,mat,0.0,1,1,0,0,0,0,0,1,0,1,0,11.01,0.01
"hood|backstop=None,bump_mm=0.5,clearance_mm=1.0,funnel=True,gate=True,head_mass_g=81.1,retreat=30|v10|stop",coin_1yen,mat,5.0,1,1,0,0,0,0,0,1,1,0,1,11.01,4.95
"hood|backstop=None,bump_mm=0.5,clearance_mm=1.0,funnel=True,gate=True,head_mass_g=81.1,retreat=30|v10|stop",coin_1yen,mat,10.0,1,1,0,0,0,0,0,1,1,0,1,11.00,6.41
"hood|backstop=None,bump_mm=0.5,clearance_mm=1.0,funnel=True,gate=True,head_mass_g=81.1,retreat=30|v10|stop",crumb_cube,flooring,0.0,1,1,0,0,0,0,0,1,0,1,0,8.07,0.20
"hood|backstop=None,bump_mm=0.5,clearance_mm=1.0,funnel=True,gate=True,head_mass_g=81.1,retreat=30|v10|stop",crumb_cube,flooring,5.0,1,1,0,0,0,0,0,1,0,1,0,8.08,5.12
"hood|backstop=None,bump_mm=0.5,clearance_mm=1.0,funnel=True,gate=True,head_mass_g=81.1,retreat=30|v10|stop",crumb_cube,flooring,10.0,1,1,0,0,0,0,0,1,1,0,1,8.08,9.04
"hood|backstop=None,bump_mm=0.5,clearance_mm=1.0,funnel=True,gate=True,head_mass_g=81.1,retreat=30|v10|stop",crumb_cube,mat,0.0,1,1,0,0,0,0,0,1,0,1,0,8.07,0.20
"hood|backstop=None,bump_mm=0.5,clearance_mm=1.0,funnel=True,gate=True,head_mass_g=81.1,retreat=30|v10|stop",crumb_cube,mat,5.0,1,1,0,0,0,0,0,1,0,1,0,8.08,5.12
"hood|backstop=None,bump_mm=0.5,clearance_mm=1.0,funnel=True,gate=True,head_mass_g=81.1,retreat=30|v10|stop",crumb_cube,mat,10.0,1,1,0,0,0,0,0,1,1,0,1,8.08,9.04
"hood|backstop=None,clearance_mm=0.0,funnel=True,gate=True,head_mass_g=80.0,plate=0.002,retreat=30|v10|stop",battery_cr2032,flooring,0.0,1,0,0,0,1,0,0,0,1,0,0,,
"hood|backstop=None,clearance_mm=0.0,funnel=True,gate=True,head_mass_g=80.0,plate=0.002,retreat=30|v10|stop",battery_cr2032,flooring,5.0,1,0,0,0,1,0,0,0,1,0,0,,
"hood|backstop=None,clearance_mm=0.0,funnel=True,gate=True,head_mass_g=80.0,plate=0.002,retreat=30|v10|stop",battery_cr2032,flooring,10.0,1,0,0,0,1,0,0,0,1,0,0,,
"hood|backstop=None,clearance_mm=0.0,funnel=True,gate=True,head_mass_g=80.0,plate=0.002,retreat=30|v10|stop",battery_cr2032,mat,0.0,1,0,0,0,1,0,0,0,1,0,0,,
"hood|backstop=None,clearance_mm=0.0,funnel=True,gate=True,head_mass_g=80.0,plate=0.002,retreat=30|v10|stop",battery_cr2032,mat,5.0,1,0,0,0,1,0,0,0,1,0,0,,
"hood|backstop=None,clearance_mm=0.0,funnel=True,gate=True,head_mass_g=80.0,plate=0.002,retreat=30|v10|stop",battery_cr2032,mat,10.0,1,0,0,0,1,0,0,0,1,0,0,,
"hood|backstop=None,clearance_mm=0.0,funnel=True,gate=True,head_mass_g=80.0,plate=0.002,retreat=30|v10|stop",bead,flooring,0.0,1,0,0,0,0,1,0,1,1,0,1,,
"hood|backstop=None,clearance_mm=0.0,funnel=True,gate=True,head_mass_g=80.0,plate=0.002,retreat=30|v10|stop",bead,flooring,5.0,1,0,0,0,0,1,0,1,1,0,1,,
"hood|backstop=None,clearance_mm=0.0,funnel=True,gate=True,head_mass_g=80.0,plate=0.002,retreat=30|v10|stop",bead,flooring,10.0,1,0,0,0,0,1,0,1,1,0,1,,
"hood|backstop=None,clearance_mm=0.0,funnel=True,gate=True,head_mass_g=80.0,plate=0.002,retreat=30|v10|stop",bead,mat,0.0,1,0,0,0,0,1,0,1,1,0,1,,
"hood|backstop=None,clearance_mm=0.0,funnel=True,gate=True,head_mass_g=80.0,plate=0.002,retreat=30|v10|stop",bead,mat,5.0,1,0,0,0,0,1,0,1,1,0,1,,
"hood|backstop=None,clearance_mm=0.0,funnel=True,gate=True,head_mass_g=80.0,plate=0.002,retreat=30|v10|stop",bead,mat,10.0,1,0,0,0,0,1,0,1,1,0,1,,
"hood|backstop=None,clearance_mm=0.0,funnel=True,gate=True,head_mass_g=80.0,plate=0.002,retreat=30|v10|stop",coin_1yen,flooring,0.0,1,0,0,0,1,0,0,0,1,0,0,,
"hood|backstop=None,clearance_mm=0.0,funnel=True,gate=True,head_mass_g=80.0,plate=0.002,retreat=30|v10|stop",coin_1yen,flooring,5.0,1,0,0,0,1,0,0,0,1,0,0,,
"hood|backstop=None,clearance_mm=0.0,funnel=True,gate=True,head_mass_g=80.0,plate=0.002,retreat=30|v10|stop",coin_1yen,flooring,10.0,1,0,0,0,1,0,0,0,1,0,0,,
"hood|backstop=None,clearance_mm=0.0,funnel=True,gate=True,head_mass_g=80.0,plate=0.002,retreat=30|v10|stop",coin_1yen,mat,0.0,1,0,0,0,1,0,0,0,1,0,0,,
"hood|backstop=None,clearance_mm=0.0,funnel=True,gate=True,head_mass_g=80.0,plate=0.002,retreat=30|v10|stop",coin_1yen,mat,5.0,1,0,0,0,1,0,0,0,1,0,0,,
"hood|backstop=None,clearance_mm=0.0,funnel=True,gate=True,head_mass_g=80.0,plate=0.002,retreat=30|v10|stop",coin_1yen,mat,10.0,1,0,0,0,1,0,0,0,1,0,0,,
"hood|backstop=None,clearance_mm=0.0,funnel=True,gate=True,head_mass_g=80.0,plate=0.002,retreat=30|v10|stop",crumb_cube,flooring,0.0,1,0,0,0,0,1,0,1,1,0,1,,
"hood|backstop=None,clearance_mm=0.0,funnel=True,gate=True,head_mass_g=80.0,plate=0.002,retreat=30|v10|stop",crumb_cube,flooring,5.0,1,0,0,0,0,1,0,1,1,0,1,,
"hood|backstop=None,clearance_mm=0.0,funnel=True,gate=True,head_mass_g=80.0,plate=0.002,retreat=30|v10|stop",crumb_cube,flooring,10.0,1,0,0,0,1,0,0,0,1,0,0,,
"hood|backstop=None,clearance_mm=0.0,funnel=True,gate=True,head_mass_g=80.0,plate=0.002,retreat=30|v10|stop",crumb_cube,mat,0.0,1,0,0,0,0,1,0,1,1,0,1,,
"hood|backstop=None,clearance_mm=0.0,funnel=True,gate=True,head_mass_g=80.0,plate=0.002,retreat=30|v10|stop",crumb_cube,mat,5.0,1,0,0,0,0,1,0,1,1,0,1,,
"hood|backstop=None,clearance_mm=0.0,funnel=True,gate=True,head_mass_g=80.0,plate=0.002,retreat=30|v10|stop",crumb_cube,mat,10.0,1,0,0,0,1,0,0,0,1,0,0,,
"hood|backstop=None,clearance_mm=0.0,funnel=True,gate=True,head_mass_g=80.0,retreat=30|v10|stop",battery_cr2032,flooring,0.0,1,1,0,0,0,0,0,1,0,1,0,11.00,0.01
"hood|backstop=None,clearance_mm=0.0,funnel=True,gate=True,head_mass_g=80.0,retreat=30|v10|stop",battery_cr2032,flooring,5.0,1,1,0,0,0,0,0,1,0,1,0,11.01,5.00
"hood|backstop=None,clearance_mm=0.0,funnel=True,gate=True,head_mass_g=80.0,retreat=30|v10|stop",battery_cr2032,flooring,10.0,1,0,0,0,1,0,0,0,1,0,0,,
"hood|backstop=None,clearance_mm=0.0,funnel=True,gate=True,head_mass_g=80.0,retreat=30|v10|stop",battery_cr2032,mat,0.0,1,1,0,0,0,0,0,1,0,1,0,11.00,0.01
"hood|backstop=None,clearance_mm=0.0,funnel=True,gate=True,head_mass_g=80.0,retreat=30|v10|stop",battery_cr2032,mat,5.0,1,1,0,0,0,0,0,1,0,1,0,11.01,5.00
"hood|backstop=None,clearance_mm=0.0,funnel=True,gate=True,head_mass_g=80.0,retreat=30|v10|stop",battery_cr2032,mat,10.0,1,1,0,0,0,0,0,1,1,0,1,11.01,4.06
"hood|backstop=None,clearance_mm=0.0,funnel=True,gate=True,head_mass_g=80.0,retreat=30|v10|stop",bead,flooring,0.0,1,1,0,0,0,0,0,1,0,1,0,5.01,0.00
"hood|backstop=None,clearance_mm=0.0,funnel=True,gate=True,head_mass_g=80.0,retreat=30|v10|stop",bead,flooring,5.0,1,1,0,0,0,0,0,1,0,1,0,5.01,5.00
"hood|backstop=None,clearance_mm=0.0,funnel=True,gate=True,head_mass_g=80.0,retreat=30|v10|stop",bead,flooring,10.0,1,1,0,0,0,0,0,1,0,1,0,5.00,10.00
"hood|backstop=None,clearance_mm=0.0,funnel=True,gate=True,head_mass_g=80.0,retreat=30|v10|stop",bead,mat,0.0,1,1,0,0,0,0,0,1,0,1,0,5.01,0.00
"hood|backstop=None,clearance_mm=0.0,funnel=True,gate=True,head_mass_g=80.0,retreat=30|v10|stop",bead,mat,5.0,1,1,0,0,0,0,0,1,0,1,0,5.01,5.00
"hood|backstop=None,clearance_mm=0.0,funnel=True,gate=True,head_mass_g=80.0,retreat=30|v10|stop",bead,mat,10.0,1,1,0,0,0,0,0,1,0,1,0,5.00,10.00
"hood|backstop=None,clearance_mm=0.0,funnel=True,gate=True,head_mass_g=80.0,retreat=30|v10|stop",coin_1yen,flooring,0.0,1,1,0,0,0,0,0,1,0,1,0,11.00,0.00
"hood|backstop=None,clearance_mm=0.0,funnel=True,gate=True,head_mass_g=80.0,retreat=30|v10|stop",coin_1yen,flooring,5.0,1,1,0,0,0,0,0,1,0,1,0,11.01,5.00
"hood|backstop=None,clearance_mm=0.0,funnel=True,gate=True,head_mass_g=80.0,retreat=30|v10|stop",coin_1yen,flooring,10.0,1,0,0,0,1,0,0,0,1,0,0,,
"hood|backstop=None,clearance_mm=0.0,funnel=True,gate=True,head_mass_g=80.0,retreat=30|v10|stop",coin_1yen,mat,0.0,1,1,0,0,0,0,0,1,0,1,0,11.00,0.00
"hood|backstop=None,clearance_mm=0.0,funnel=True,gate=True,head_mass_g=80.0,retreat=30|v10|stop",coin_1yen,mat,5.0,1,1,0,0,0,0,0,1,0,1,0,11.00,5.00
"hood|backstop=None,clearance_mm=0.0,funnel=True,gate=True,head_mass_g=80.0,retreat=30|v10|stop",coin_1yen,mat,10.0,1,0,0,0,1,0,0,0,1,0,0,,
"hood|backstop=None,clearance_mm=0.0,funnel=True,gate=True,head_mass_g=80.0,retreat=30|v10|stop",crumb_cube,flooring,0.0,1,1,0,0,0,0,0,1,0,1,0,8.07,0.00
"hood|backstop=None,clearance_mm=0.0,funnel=True,gate=True,head_mass_g=80.0,retreat=30|v10|stop",crumb_cube,flooring,5.0,1,1,0,0,0,0,0,1,0,1,0,8.07,5.00
"hood|backstop=None,clearance_mm=0.0,funnel=True,gate=True,head_mass_g=80.0,retreat=30|v10|stop",crumb_cube,flooring,10.0,1,1,0,0,0,0,0,1,1,0,1,8.08,8.83
"hood|backstop=None,clearance_mm=0.0,funnel=True,gate=True,head_mass_g=80.0,retreat=30|v10|stop",crumb_cube,mat,0.0,1,1,0,0,0,0,0,1,0,1,0,8.07,0.00
"hood|backstop=None,clearance_mm=0.0,funnel=True,gate=True,head_mass_g=80.0,retreat=30|v10|stop",crumb_cube,mat,5.0,1,1,0,0,0,0,0,1,0,1,0,8.07,5.00
"hood|backstop=None,clearance_mm=0.0,funnel=True,gate=True,head_mass_g=80.0,retreat=30|v10|stop",crumb_cube,mat,10.0,1,1,0,0,0,0,0,1,1,0,1,8.08,8.83
"hood|backstop=None,clearance_mm=0.0,funnel=True,gate=True,head_mass_g=81.1,plate=0.002,retreat=30|v10|stop",battery_cr2032,flooring,0.0,1,0,0,0,1,0,0,0,1,0,0,,
"hood|backstop=None,clearance_mm=0.0,funnel=True,gate=True,head_mass_g=81.1,plate=0.002,retreat=30|v10|stop",battery_cr2032,flooring,5.0,1,0,0,0,1,0,0,0,1,0,0,,
"hood|backstop=None,clearance_mm=0.0,funnel=True,gate=True,head_mass_g=81.1,plate=0.002,retreat=30|v10|stop",battery_cr2032,flooring,10.0,1,0,0,0,1,0,0,0,1,0,0,,
"hood|backstop=None,clearance_mm=0.0,funnel=True,gate=True,head_mass_g=81.1,plate=0.002,retreat=30|v10|stop",battery_cr2032,mat,0.0,1,0,0,0,1,0,0,0,1,0,0,,
"hood|backstop=None,clearance_mm=0.0,funnel=True,gate=True,head_mass_g=81.1,plate=0.002,retreat=30|v10|stop",battery_cr2032,mat,5.0,1,0,0,0,1,0,0,0,1,0,0,,
"hood|backstop=None,clearance_mm=0.0,funnel=True,gate=True,head_mass_g=81.1,plate=0.002,retreat=30|v10|stop",battery_cr2032,mat,10.0,1,0,0,0,1,0,0,0,1,0,0,,
"hood|backstop=None,clearance_mm=0.0,funnel=True,gate=True,head_mass_g=81.1,plate=0.002,retreat=30|v10|stop",bead,flooring,0.0,1,0,0,0,0,1,0,1,1,0,1,,
"hood|backstop=None,clearance_mm=0.0,funnel=True,gate=True,head_mass_g=81.1,plate=0.002,retreat=30|v10|stop",bead,flooring,5.0,1,0,0,0,0,1,0,1,1,0,1,,
"hood|backstop=None,clearance_mm=0.0,funnel=True,gate=True,head_mass_g=81.1,plate=0.002,retreat=30|v10|stop",bead,flooring,10.0,1,0,0,0,0,1,0,1,1,0,1,,
"hood|backstop=None,clearance_mm=0.0,funnel=True,gate=True,head_mass_g=81.1,plate=0.002,retreat=30|v10|stop",bead,mat,0.0,1,0,0,0,0,1,0,1,1,0,1,,
"hood|backstop=None,clearance_mm=0.0,funnel=True,gate=True,head_mass_g=81.1,plate=0.002,retreat=30|v10|stop",bead,mat,5.0,1,0,0,0,0,1,0,1,1,0,1,,
"hood|backstop=None,clearance_mm=0.0,funnel=True,gate=True,head_mass_g=81.1,plate=0.002,retreat=30|v10|stop",bead,mat,10.0,1,0,0,0,0,1,0,1,1,0,1,,
"hood|backstop=None,clearance_mm=0.0,funnel=True,gate=True,head_mass_g=81.1,plate=0.002,retreat=30|v10|stop",coin_1yen,flooring,0.0,1,0,0,0,1,0,0,0,1,0,0,,
"hood|backstop=None,clearance_mm=0.0,funnel=True,gate=True,head_mass_g=81.1,plate=0.002,retreat=30|v10|stop",coin_1yen,flooring,5.0,1,0,0,0,1,0,0,0,1,0,0,,
"hood|backstop=None,clearance_mm=0.0,funnel=True,gate=True,head_mass_g=81.1,plate=0.002,retreat=30|v10|stop",coin_1yen,flooring,10.0,1,0,0,0,1,0,0,0,1,0,0,,
"hood|backstop=None,clearance_mm=0.0,funnel=True,gate=True,head_mass_g=81.1,plate=0.002,retreat=30|v10|stop",coin_1yen,mat,0.0,1,0,0,0,1,0,0,0,1,0,0,,
"hood|backstop=None,clearance_mm=0.0,funnel=True,gate=True,head_mass_g=81.1,plate=0.002,retreat=30|v10|stop",coin_1yen,mat,5.0,1,0,0,0,1,0,0,0,1,0,0,,
"hood|backstop=None,clearance_mm=0.0,funnel=True,gate=True,head_mass_g=81.1,plate=0.002,retreat=30|v10|stop",coin_1yen,mat,10.0,1,0,0,0,1,0,0,0,1,0,0,,
"hood|backstop=None,clearance_mm=0.0,funnel=True,gate=True,head_mass_g=81.1,plate=0.002,retreat=30|v10|stop",crumb_cube,flooring,0.0,1,0,0,0,0,1,0,1,1,0,1,,
"hood|backstop=None,clearance_mm=0.0,funnel=True,gate=True,head_mass_g=81.1,plate=0.002,retreat=30|v10|stop",crumb_cube,flooring,5.0,1,0,0,0,0,1,0,1,1,0,1,,
"hood|backstop=None,clearance_mm=0.0,funnel=True,gate=True,head_mass_g=81.1,plate=0.002,retreat=30|v10|stop",crumb_cube,flooring,10.0,1,0,0,0,1,0,0,0,1,0,0,,
"hood|backstop=None,clearance_mm=0.0,funnel=True,gate=True,head_mass_g=81.1,plate=0.002,retreat=30|v10|stop",crumb_cube,mat,0.0,1,0,0,0,0,1,0,1,1,0,1,,
"hood|backstop=None,clearance_mm=0.0,funnel=True,gate=True,head_mass_g=81.1,plate=0.002,retreat=30|v10|stop",crumb_cube,mat,5.0,1,0,0,0,0,1,0,1,1,0,1,,
"hood|backstop=None,clearance_mm=0.0,funnel=True,gate=True,head_mass_g=81.1,plate=0.002,retreat=30|v10|stop",crumb_cube,mat,10.0,1,0,0,0,1,0,0,0,1,0,0,,
"hood|backstop=None,clearance_mm=0.0,funnel=True,gate=True,head_mass_g=81.1,retreat=30|v10|stop",battery_cr2032,flooring,0.0,1,1,0,0,0,0,0,1,0,1,0,11.00,0.01
"hood|backstop=None,clearance_mm=0.0,funnel=True,gate=True,head_mass_g=81.1,retreat=30|v10|stop",battery_cr2032,flooring,5.0,1,1,0,0,0,0,0,1,0,1,0,11.01,5.00
"hood|backstop=None,clearance_mm=0.0,funnel=True,gate=True,head_mass_g=81.1,retreat=30|v10|stop",battery_cr2032,flooring,10.0,1,0,0,0,1,0,0,0,1,0,0,,
"hood|backstop=None,clearance_mm=0.0,funnel=True,gate=True,head_mass_g=81.1,retreat=30|v10|stop",battery_cr2032,mat,0.0,1,1,0,0,0,0,0,1,0,1,0,11.00,0.01
"hood|backstop=None,clearance_mm=0.0,funnel=True,gate=True,head_mass_g=81.1,retreat=30|v10|stop",battery_cr2032,mat,5.0,1,1,0,0,0,0,0,1,0,1,0,11.01,5.00
"hood|backstop=None,clearance_mm=0.0,funnel=True,gate=True,head_mass_g=81.1,retreat=30|v10|stop",battery_cr2032,mat,10.0,1,1,0,0,0,0,0,1,1,0,1,11.00,4.35
"hood|backstop=None,clearance_mm=0.0,funnel=True,gate=True,head_mass_g=81.1,retreat=30|v10|stop",bead,flooring,0.0,1,1,0,0,0,0,0,1,0,1,0,5.01,0.00
"hood|backstop=None,clearance_mm=0.0,funnel=True,gate=True,head_mass_g=81.1,retreat=30|v10|stop",bead,flooring,5.0,1,1,0,0,0,0,0,1,0,1,0,5.00,5.00
"hood|backstop=None,clearance_mm=0.0,funnel=True,gate=True,head_mass_g=81.1,retreat=30|v10|stop",bead,flooring,10.0,1,1,0,0,0,0,0,1,0,1,0,5.00,10.00
"hood|backstop=None,clearance_mm=0.0,funnel=True,gate=True,head_mass_g=81.1,retreat=30|v10|stop",bead,mat,0.0,1,1,0,0,0,0,0,1,0,1,0,5.01,0.00
"hood|backstop=None,clearance_mm=0.0,funnel=True,gate=True,head_mass_g=81.1,retreat=30|v10|stop",bead,mat,5.0,1,1,0,0,0,0,0,1,0,1,0,5.00,5.00
"hood|backstop=None,clearance_mm=0.0,funnel=True,gate=True,head_mass_g=81.1,retreat=30|v10|stop",bead,mat,10.0,1,1,0,0,0,0,0,1,0,1,0,5.00,10.00
"hood|backstop=None,clearance_mm=0.0,funnel=True,gate=True,head_mass_g=81.1,retreat=30|v10|stop",coin_1yen,flooring,0.0,1,1,0,0,0,0,0,1,0,1,0,11.00,0.00
"hood|backstop=None,clearance_mm=0.0,funnel=True,gate=True,head_mass_g=81.1,retreat=30|v10|stop",coin_1yen,flooring,5.0,1,1,0,0,0,0,0,1,0,1,0,11.01,5.00
"hood|backstop=None,clearance_mm=0.0,funnel=True,gate=True,head_mass_g=81.1,retreat=30|v10|stop",coin_1yen,flooring,10.0,1,0,0,0,1,0,0,0,1,0,0,,
"hood|backstop=None,clearance_mm=0.0,funnel=True,gate=True,head_mass_g=81.1,retreat=30|v10|stop",coin_1yen,mat,0.0,1,1,0,0,0,0,0,1,0,1,0,11.00,0.00
"hood|backstop=None,clearance_mm=0.0,funnel=True,gate=True,head_mass_g=81.1,retreat=30|v10|stop",coin_1yen,mat,5.0,1,1,0,0,0,0,0,1,0,1,0,11.00,5.00
"hood|backstop=None,clearance_mm=0.0,funnel=True,gate=True,head_mass_g=81.1,retreat=30|v10|stop",coin_1yen,mat,10.0,1,0,0,0,1,0,0,0,1,0,0,,
"hood|backstop=None,clearance_mm=0.0,funnel=True,gate=True,head_mass_g=81.1,retreat=30|v10|stop",crumb_cube,flooring,0.0,1,1,0,0,0,0,0,1,0,1,0,8.07,0.00
"hood|backstop=None,clearance_mm=0.0,funnel=True,gate=True,head_mass_g=81.1,retreat=30|v10|stop",crumb_cube,flooring,5.0,1,1,0,0,0,0,0,1,0,1,0,8.07,5.00
"hood|backstop=None,clearance_mm=0.0,funnel=True,gate=True,head_mass_g=81.1,retreat=30|v10|stop",crumb_cube,flooring,10.0,1,1,0,0,0,0,0,1,1,0,1,8.08,8.82
"hood|backstop=None,clearance_mm=0.0,funnel=True,gate=True,head_mass_g=81.1,retreat=30|v10|stop",crumb_cube,mat,0.0,1,1,0,0,0,0,0,1,0,1,0,8.07,0.00
"hood|backstop=None,clearance_mm=0.0,funnel=True,gate=True,head_mass_g=81.1,retreat=30|v10|stop",crumb_cube,mat,5.0,1,1,0,0,0,0,0,1,0,1,0,8.07,5.00
"hood|backstop=None,clearance_mm=0.0,funnel=True,gate=True,head_mass_g=81.1,retreat=30|v10|stop",crumb_cube,mat,10.0,1,1,0,0,0,0,0,1,1,0,1,8.08,8.82
"hood|backstop=None,clearance_mm=0.1,funnel=True,gate=True,head_mass_g=80.0,plate=0.002,retreat=30|v10|stop",battery_cr2032,flooring,0.0,1,0,0,0,1,0,0,0,1,0,0,,
"hood|backstop=None,clearance_mm=0.1,funnel=True,gate=True,head_mass_g=80.0,plate=0.002,retreat=30|v10|stop",battery_cr2032,flooring,5.0,1,0,0,0,1,0,0,0,1,0,0,,
"hood|backstop=None,clearance_mm=0.1,funnel=True,gate=True,head_mass_g=80.0,plate=0.002,retreat=30|v10|stop",battery_cr2032,flooring,10.0,1,0,0,0,1,0,0,0,1,0,0,,
"hood|backstop=None,clearance_mm=0.1,funnel=True,gate=True,head_mass_g=80.0,plate=0.002,retreat=30|v10|stop",battery_cr2032,mat,0.0,1,0,0,0,1,0,0,0,1,0,0,,
"hood|backstop=None,clearance_mm=0.1,funnel=True,gate=True,head_mass_g=80.0,plate=0.002,retreat=30|v10|stop",battery_cr2032,mat,5.0,1,0,0,0,1,0,0,0,1,0,0,,
"hood|backstop=None,clearance_mm=0.1,funnel=True,gate=True,head_mass_g=80.0,plate=0.002,retreat=30|v10|stop",battery_cr2032,mat,10.0,1,0,0,0,1,0,0,0,1,0,0,,
"hood|backstop=None,clearance_mm=0.1,funnel=True,gate=True,head_mass_g=80.0,plate=0.002,retreat=30|v10|stop",bead,flooring,0.0,1,0,0,0,1,0,0,0,1,0,0,,
"hood|backstop=None,clearance_mm=0.1,funnel=True,gate=True,head_mass_g=80.0,plate=0.002,retreat=30|v10|stop",bead,flooring,5.0,1,0,0,0,1,0,0,0,1,0,0,,
"hood|backstop=None,clearance_mm=0.1,funnel=True,gate=True,head_mass_g=80.0,plate=0.002,retreat=30|v10|stop",bead,flooring,10.0,1,0,0,0,1,0,0,0,1,0,0,,
"hood|backstop=None,clearance_mm=0.1,funnel=True,gate=True,head_mass_g=80.0,plate=0.002,retreat=30|v10|stop",bead,mat,0.0,1,0,0,0,1,0,0,0,1,0,0,,
"hood|backstop=None,clearance_mm=0.1,funnel=True,gate=True,head_mass_g=80.0,plate=0.002,retreat=30|v10|stop",bead,mat,5.0,1,0,0,0,1,0,0,0,1,0,0,,
"hood|backstop=None,clearance_mm=0.1,funnel=True,gate=True,head_mass_g=80.0,plate=0.002,retreat=30|v10|stop",bead,mat,10.0,1,0,0,0,1,0,0,0,1,0,0,,
"hood|backstop=None,clearance_mm=0.1,funnel=True,gate=True,head_mass_g=80.0,plate=0.002,retreat=30|v10|stop",coin_1yen,flooring,0.0,1,0,0,0,1,0,0,0,1,0,0,,
"hood|backstop=None,clearance_mm=0.1,funnel=True,gate=True,head_mass_g=80.0,plate=0.002,retreat=30|v10|stop",coin_1yen,flooring,5.0,1,0,0,0,1,0,0,0,1,0,0,,
"hood|backstop=None,clearance_mm=0.1,funnel=True,gate=True,head_mass_g=80.0,plate=0.002,retreat=30|v10|stop",coin_1yen,flooring,10.0,1,0,0,0,1,0,0,0,1,0,0,,
"hood|backstop=None,clearance_mm=0.1,funnel=True,gate=True,head_mass_g=80.0,plate=0.002,retreat=30|v10|stop",coin_1yen,mat,0.0,1,0,0,0,1,0,0,0,1,0,0,,
"hood|backstop=None,clearance_mm=0.1,funnel=True,gate=True,head_mass_g=80.0,plate=0.002,retreat=30|v10|stop",coin_1yen,mat,5.0,1,0,0,0,1,0,0,0,1,0,0,,
"hood|backstop=None,clearance_mm=0.1,funnel=True,gate=True,head_mass_g=80.0,plate=0.002,retreat=30|v10|stop",coin_1yen,mat,10.0,1,0,0,0,1,0,0,0,1,0,0,,
"hood|backstop=None,clearance_mm=0.1,funnel=True,gate=True,head_mass_g=80.0,plate=0.002,retreat=30|v10|stop",crumb_cube,flooring,0.0,1,0,0,0,1,0,0,0,1,0,0,,
"hood|backstop=None,clearance_mm=0.1,funnel=True,gate=True,head_mass_g=80.0,plate=0.002,retreat=30|v10|stop",crumb_cube,flooring,5.0,1,0,0,0,1,0,0,0,1,0,0,,
"hood|backstop=None,clearance_mm=0.1,funnel=True,gate=True,head_mass_g=80.0,plate=0.002,retreat=30|v10|stop",crumb_cube,flooring,10.0,1,0,0,0,1,0,0,0,1,0,0,,
"hood|backstop=None,clearance_mm=0.1,funnel=True,gate=True,head_mass_g=80.0,plate=0.002,retreat=30|v10|stop",crumb_cube,mat,0.0,1,0,0,0,1,0,0,0,1,0,0,,
"hood|backstop=None,clearance_mm=0.1,funnel=True,gate=True,head_mass_g=80.0,plate=0.002,retreat=30|v10|stop",crumb_cube,mat,5.0,1,0,0,0,1,0,0,0,1,0,0,,
"hood|backstop=None,clearance_mm=0.1,funnel=True,gate=True,head_mass_g=80.0,plate=0.002,retreat=30|v10|stop",crumb_cube,mat,10.0,1,0,0,0,1,0,0,0,1,0,0,,
"hood|backstop=None,clearance_mm=0.1,funnel=True,gate=True,head_mass_g=80.0,retreat=30|v10|stop",battery_cr2032,flooring,0.0,1,1,0,0,0,0,0,1,0,1,0,11.00,0.01
"hood|backstop=None,clearance_mm=0.1,funnel=True,gate=True,head_mass_g=80.0,retreat=30|v10|stop",battery_cr2032,flooring,5.0,1,1,0,0,0,0,0,1,0,1,0,11.01,5.00
"hood|backstop=None,clearance_mm=0.1,funnel=True,gate=True,head_mass_g=80.0,retreat=30|v10|stop",battery_cr2032,flooring,10.0,1,1,0,0,0,0,0,1,1,0,1,11.01,4.67
"hood|backstop=None,clearance_mm=0.1,funnel=True,gate=True,head_mass_g=80.0,retreat=30|v10|stop",battery_cr2032,mat,0.0,1,1,0,0,0,0,0,1,0,1,0,11.00,0.01
"hood|backstop=None,clearance_mm=0.1,funnel=True,gate=True,head_mass_g=80.0,retreat=30|v10|stop",battery_cr2032,mat,5.0,1,1,0,0,0,0,0,1,0,1,0,11.01,5.00
"hood|backstop=None,clearance_mm=0.1,funnel=True,gate=True,head_mass_g=80.0,retreat=30|v10|stop",battery_cr2032,mat,10.0,1,1,0,0,0,0,0,1,1,0,1,11.01,4.87
"hood|backstop=None,clearance_mm=0.1,funnel=True,gate=True,head_mass_g=80.0,retreat=30|v10|stop",bead,flooring,0.0,1,1,0,0,0,0,0,1,0,1,0,5.01,0.00
"hood|backstop=None,clearance_mm=0.1,funnel=True,gate=True,head_mass_g=80.0,retreat=30|v10|stop",bead,flooring,5.0,1,1,0,0,0,0,0,1,0,1,0,5.01,5.00
"hood|backstop=None,clearance_mm=0.1,funnel=True,gate=True,head_mass_g=80.0,retreat=30|v10|stop",bead,flooring,10.0,1,1,0,0,0,0,0,1,0,1,0,5.00,10.00
"hood|backstop=None,clearance_mm=0.1,funnel=True,gate=True,head_mass_g=80.0,retreat=30|v10|stop",bead,mat,0.0,1,1,0,0,0,0,0,1,0,1,0,5.01,0.00
"hood|backstop=None,clearance_mm=0.1,funnel=True,gate=True,head_mass_g=80.0,retreat=30|v10|stop",bead,mat,5.0,1,1,0,0,0,0,0,1,0,1,0,5.01,5.00
"hood|backstop=None,clearance_mm=0.1,funnel=True,gate=True,head_mass_g=80.0,retreat=30|v10|stop",bead,mat,10.0,1,1,0,0,0,0,0,1,0,1,0,5.00,10.00
"hood|backstop=None,clearance_mm=0.1,funnel=True,gate=True,head_mass_g=80.0,retreat=30|v10|stop",coin_1yen,flooring,0.0,1,1,0,0,0,0,0,1,0,1,0,11.00,0.00
"hood|backstop=None,clearance_mm=0.1,funnel=True,gate=True,head_mass_g=80.0,retreat=30|v10|stop",coin_1yen,flooring,5.0,1,1,0,0,0,0,0,1,0,1,0,11.01,5.00
"hood|backstop=None,clearance_mm=0.1,funnel=True,gate=True,head_mass_g=80.0,retreat=30|v10|stop",coin_1yen,flooring,10.0,1,1,0,0,0,0,0,1,1,0,1,11.00,7.72
"hood|backstop=None,clearance_mm=0.1,funnel=True,gate=True,head_mass_g=80.0,retreat=30|v10|stop",coin_1yen,mat,0.0,1,1,0,0,0,0,0,1,0,1,0,11.00,0.00
"hood|backstop=None,clearance_mm=0.1,funnel=True,gate=True,head_mass_g=80.0,retreat=30|v10|stop",coin_1yen,mat,5.0,1,1,0,0,0,0,0,1,0,1,0,11.01,5.00
"hood|backstop=None,clearance_mm=0.1,funnel=True,gate=True,head_mass_g=80.0,retreat=30|v10|stop",coin_1yen,mat,10.0,1,0,0,0,1,0,0,0,1,0,0,,
"hood|backstop=None,clearance_mm=0.1,funnel=True,gate=True,head_mass_g=80.0,retreat=30|v10|stop",crumb_cube,flooring,0.0,1,1,0,0,0,0,0,1,0,1,0,8.07,0.00
"hood|backstop=None,clearance_mm=0.1,funnel=True,gate=True,head_mass_g=80.0,retreat=30|v10|stop",crumb_cube,flooring,5.0,1,1,0,0,0,0,0,1,0,1,0,8.07,5.00
"hood|backstop=None,clearance_mm=0.1,funnel=True,gate=True,head_mass_g=80.0,retreat=30|v10|stop",crumb_cube,flooring,10.0,1,1,0,0,0,0,0,1,1,0,1,8.08,8.83
"hood|backstop=None,clearance_mm=0.1,funnel=True,gate=True,head_mass_g=80.0,retreat=30|v10|stop",crumb_cube,mat,0.0,1,1,0,0,0,0,0,1,0,1,0,8.07,0.00
"hood|backstop=None,clearance_mm=0.1,funnel=True,gate=True,head_mass_g=80.0,retreat=30|v10|stop",crumb_cube,mat,5.0,1,1,0,0,0,0,0,1,0,1,0,8.07,5.00
"hood|backstop=None,clearance_mm=0.1,funnel=True,gate=True,head_mass_g=80.0,retreat=30|v10|stop",crumb_cube,mat,10.0,1,1,0,0,0,0,0,1,1,0,1,8.08,8.83
"hood|backstop=None,clearance_mm=0.1,funnel=True,gate=True,head_mass_g=81.1,plate=0.002,retreat=30|v10|stop",battery_cr2032,flooring,0.0,1,0,0,0,1,0,0,0,1,0,0,,
"hood|backstop=None,clearance_mm=0.1,funnel=True,gate=True,head_mass_g=81.1,plate=0.002,retreat=30|v10|stop",battery_cr2032,flooring,5.0,1,0,0,0,1,0,0,0,1,0,0,,
"hood|backstop=None,clearance_mm=0.1,funnel=True,gate=True,head_mass_g=81.1,plate=0.002,retreat=30|v10|stop",battery_cr2032,flooring,10.0,1,0,0,0,1,0,0,0,1,0,0,,
"hood|backstop=None,clearance_mm=0.1,funnel=True,gate=True,head_mass_g=81.1,plate=0.002,retreat=30|v10|stop",battery_cr2032,mat,0.0,1,0,0,0,1,0,0,0,1,0,0,,
"hood|backstop=None,clearance_mm=0.1,funnel=True,gate=True,head_mass_g=81.1,plate=0.002,retreat=30|v10|stop",battery_cr2032,mat,5.0,1,0,0,0,1,0,0,0,1,0,0,,
"hood|backstop=None,clearance_mm=0.1,funnel=True,gate=True,head_mass_g=81.1,plate=0.002,retreat=30|v10|stop",battery_cr2032,mat,10.0,1,0,0,0,1,0,0,0,1,0,0,,
"hood|backstop=None,clearance_mm=0.1,funnel=True,gate=True,head_mass_g=81.1,plate=0.002,retreat=30|v10|stop",bead,flooring,0.0,1,0,0,0,1,0,0,0,1,0,0,,
"hood|backstop=None,clearance_mm=0.1,funnel=True,gate=True,head_mass_g=81.1,plate=0.002,retreat=30|v10|stop",bead,flooring,5.0,1,0,0,0,1,0,0,0,1,0,0,,
"hood|backstop=None,clearance_mm=0.1,funnel=True,gate=True,head_mass_g=81.1,plate=0.002,retreat=30|v10|stop",bead,flooring,10.0,1,0,0,0,1,0,0,0,1,0,0,,
"hood|backstop=None,clearance_mm=0.1,funnel=True,gate=True,head_mass_g=81.1,plate=0.002,retreat=30|v10|stop",bead,mat,0.0,1,0,0,0,1,0,0,0,1,0,0,,
"hood|backstop=None,clearance_mm=0.1,funnel=True,gate=True,head_mass_g=81.1,plate=0.002,retreat=30|v10|stop",bead,mat,5.0,1,0,0,0,1,0,0,0,1,0,0,,
"hood|backstop=None,clearance_mm=0.1,funnel=True,gate=True,head_mass_g=81.1,plate=0.002,retreat=30|v10|stop",bead,mat,10.0,1,0,0,0,1,0,0,0,1,0,0,,
"hood|backstop=None,clearance_mm=0.1,funnel=True,gate=True,head_mass_g=81.1,plate=0.002,retreat=30|v10|stop",coin_1yen,flooring,0.0,1,0,0,0,1,0,0,0,1,0,0,,
"hood|backstop=None,clearance_mm=0.1,funnel=True,gate=True,head_mass_g=81.1,plate=0.002,retreat=30|v10|stop",coin_1yen,flooring,5.0,1,0,0,0,1,0,0,0,1,0,0,,
"hood|backstop=None,clearance_mm=0.1,funnel=True,gate=True,head_mass_g=81.1,plate=0.002,retreat=30|v10|stop",coin_1yen,flooring,10.0,1,0,0,0,1,0,0,0,1,0,0,,
"hood|backstop=None,clearance_mm=0.1,funnel=True,gate=True,head_mass_g=81.1,plate=0.002,retreat=30|v10|stop",coin_1yen,mat,0.0,1,0,0,0,1,0,0,0,1,0,0,,
"hood|backstop=None,clearance_mm=0.1,funnel=True,gate=True,head_mass_g=81.1,plate=0.002,retreat=30|v10|stop",coin_1yen,mat,5.0,1,0,0,0,1,0,0,0,1,0,0,,
"hood|backstop=None,clearance_mm=0.1,funnel=True,gate=True,head_mass_g=81.1,plate=0.002,retreat=30|v10|stop",coin_1yen,mat,10.0,1,0,0,0,1,0,0,0,1,0,0,,
"hood|backstop=None,clearance_mm=0.1,funnel=True,gate=True,head_mass_g=81.1,plate=0.002,retreat=30|v10|stop",crumb_cube,flooring,0.0,1,0,0,0,1,0,0,0,1,0,0,,
"hood|backstop=None,clearance_mm=0.1,funnel=True,gate=True,head_mass_g=81.1,plate=0.002,retreat=30|v10|stop",crumb_cube,flooring,5.0,1,0,0,0,1,0,0,0,1,0,0,,
"hood|backstop=None,clearance_mm=0.1,funnel=True,gate=True,head_mass_g=81.1,plate=0.002,retreat=30|v10|stop",crumb_cube,flooring,10.0,1,0,0,0,1,0,0,0,1,0,0,,
"hood|backstop=None,clearance_mm=0.1,funnel=True,gate=True,head_mass_g=81.1,plate=0.002,retreat=30|v10|stop",crumb_cube,mat,0.0,1,0,0,0,1,0,0,0,1,0,0,,
"hood|backstop=None,clearance_mm=0.1,funnel=True,gate=True,head_mass_g=81.1,plate=0.002,retreat=30|v10|stop",crumb_cube,mat,5.0,1,0,0,0,1,0,0,0,1,0,0,,
"hood|backstop=None,clearance_mm=0.1,funnel=True,gate=True,head_mass_g=81.1,plate=0.002,retreat=30|v10|stop",crumb_cube,mat,10.0,1,0,0,0,1,0,0,0,1,0,0,,
"hood|backstop=None,clearance_mm=0.1,funnel=True,gate=True,head_mass_g=81.1,retreat=30|v10|stop",battery_cr2032,flooring,0.0,1,1,0,0,0,0,0,1,0,1,0,11.00,0.01
"hood|backstop=None,clearance_mm=0.1,funnel=True,gate=True,head_mass_g=81.1,retreat=30|v10|stop",battery_cr2032,flooring,5.0,1,1,0,0,0,0,0,1,0,1,0,11.01,5.00
"hood|backstop=None,clearance_mm=0.1,funnel=True,gate=True,head_mass_g=81.1,retreat=30|v10|stop",battery_cr2032,flooring,10.0,1,1,0,0,0,0,0,1,1,0,1,11.01,4.81
"hood|backstop=None,clearance_mm=0.1,funnel=True,gate=True,head_mass_g=81.1,retreat=30|v10|stop",battery_cr2032,mat,0.0,1,1,0,0,0,0,0,1,0,1,0,11.00,0.01
"hood|backstop=None,clearance_mm=0.1,funnel=True,gate=True,head_mass_g=81.1,retreat=30|v10|stop",battery_cr2032,mat,5.0,1,1,0,0,0,0,0,1,0,1,0,11.01,5.00
"hood|backstop=None,clearance_mm=0.1,funnel=True,gate=True,head_mass_g=81.1,retreat=30|v10|stop",battery_cr2032,mat,10.0,1,1,0,0,0,0,0,1,1,0,1,11.01,4.75
"hood|backstop=None,clearance_mm=0.1,funnel=True,gate=True,head_mass_g=81.1,retreat=30|v10|stop",bead,flooring,0.0,1,1,0,0,0,0,0,1,0,1,0,5.01,0.00
"hood|backstop=None,clearance_mm=0.1,funnel=True,gate=True,head_mass_g=81.1,retreat=30|v10|stop",bead,flooring,5.0,1,1,0,0,0,0,0,1,0,1,0,5.00,5.00
"hood|backstop=None,clearance_mm=0.1,funnel=True,gate=True,head_mass_g=81.1,retreat=30|v10|stop",bead,flooring,10.0,1,1,0,0,0,0,0,1,0,1,0,5.00,10.00
"hood|backstop=None,clearance_mm=0.1,funnel=True,gate=True,head_mass_g=81.1,retreat=30|v10|stop",bead,mat,0.0,1,1,0,0,0,0,0,1,0,1,0,5.01,0.00
"hood|backstop=None,clearance_mm=0.1,funnel=True,gate=True,head_mass_g=81.1,retreat=30|v10|stop",bead,mat,5.0,1,1,0,0,0,0,0,1,0,1,0,5.00,5.00
"hood|backstop=None,clearance_mm=0.1,funnel=True,gate=True,head_mass_g=81.1,retreat=30|v10|stop",bead,mat,10.0,1,1,0,0,0,0,0,1,0,1,0,5.00,10.00
"hood|backstop=None,clearance_mm=0.1,funnel=True,gate=True,head_mass_g=81.1,retreat=30|v10|stop",coin_1yen,flooring,0.0,1,1,0,0,0,0,0,1,0,1,0,11.00,0.00
"hood|backstop=None,clearance_mm=0.1,funnel=True,gate=True,head_mass_g=81.1,retreat=30|v10|stop",coin_1yen,flooring,5.0,1,1,0,0,0,0,0,1,0,1,0,11.01,5.00
"hood|backstop=None,clearance_mm=0.1,funnel=True,gate=True,head_mass_g=81.1,retreat=30|v10|stop",coin_1yen,flooring,10.0,1,0,1,0,0,0,0,1,1,0,1,11.00,3.84
"hood|backstop=None,clearance_mm=0.1,funnel=True,gate=True,head_mass_g=81.1,retreat=30|v10|stop",coin_1yen,mat,0.0,1,1,0,0,0,0,0,1,0,1,0,11.00,0.00
"hood|backstop=None,clearance_mm=0.1,funnel=True,gate=True,head_mass_g=81.1,retreat=30|v10|stop",coin_1yen,mat,5.0,1,1,0,0,0,0,0,1,0,1,0,11.01,5.00
"hood|backstop=None,clearance_mm=0.1,funnel=True,gate=True,head_mass_g=81.1,retreat=30|v10|stop",coin_1yen,mat,10.0,1,0,0,0,1,0,0,0,1,0,0,,
"hood|backstop=None,clearance_mm=0.1,funnel=True,gate=True,head_mass_g=81.1,retreat=30|v10|stop",crumb_cube,flooring,0.0,1,1,0,0,0,0,0,1,0,1,0,8.07,0.00
"hood|backstop=None,clearance_mm=0.1,funnel=True,gate=True,head_mass_g=81.1,retreat=30|v10|stop",crumb_cube,flooring,5.0,1,1,0,0,0,0,0,1,0,1,0,8.07,5.00
"hood|backstop=None,clearance_mm=0.1,funnel=True,gate=True,head_mass_g=81.1,retreat=30|v10|stop",crumb_cube,flooring,10.0,1,1,0,0,0,0,0,1,1,0,1,8.07,8.83
"hood|backstop=None,clearance_mm=0.1,funnel=True,gate=True,head_mass_g=81.1,retreat=30|v10|stop",crumb_cube,mat,0.0,1,1,0,0,0,0,0,1,0,1,0,8.07,0.00
"hood|backstop=None,clearance_mm=0.1,funnel=True,gate=True,head_mass_g=81.1,retreat=30|v10|stop",crumb_cube,mat,5.0,1,1,0,0,0,0,0,1,0,1,0,8.07,5.00
"hood|backstop=None,clearance_mm=0.1,funnel=True,gate=True,head_mass_g=81.1,retreat=30|v10|stop",crumb_cube,mat,10.0,1,1,0,0,0,0,0,1,1,0,1,8.07,8.83
"hood|backstop=None,clearance_mm=0.3,funnel=True,gate=True,head_mass_g=80.0,plate=0.002,retreat=30|v10|stop",battery_cr2032,flooring,0.0,1,0,0,0,1,0,0,0,1,0,0,,
"hood|backstop=None,clearance_mm=0.3,funnel=True,gate=True,head_mass_g=80.0,plate=0.002,retreat=30|v10|stop",battery_cr2032,flooring,5.0,1,0,0,0,1,0,0,0,1,0,0,,
"hood|backstop=None,clearance_mm=0.3,funnel=True,gate=True,head_mass_g=80.0,plate=0.002,retreat=30|v10|stop",battery_cr2032,flooring,10.0,1,0,0,0,1,0,0,0,1,0,0,,
"hood|backstop=None,clearance_mm=0.3,funnel=True,gate=True,head_mass_g=80.0,plate=0.002,retreat=30|v10|stop",battery_cr2032,mat,0.0,1,0,0,0,1,0,0,0,1,0,0,,
"hood|backstop=None,clearance_mm=0.3,funnel=True,gate=True,head_mass_g=80.0,plate=0.002,retreat=30|v10|stop",battery_cr2032,mat,5.0,1,0,0,0,1,0,0,0,1,0,0,,
"hood|backstop=None,clearance_mm=0.3,funnel=True,gate=True,head_mass_g=80.0,plate=0.002,retreat=30|v10|stop",battery_cr2032,mat,10.0,1,0,0,0,1,0,0,0,1,0,0,,
"hood|backstop=None,clearance_mm=0.3,funnel=True,gate=True,head_mass_g=80.0,plate=0.002,retreat=30|v10|stop",bead,flooring,0.0,1,0,0,0,1,0,0,0,1,0,0,,
"hood|backstop=None,clearance_mm=0.3,funnel=True,gate=True,head_mass_g=80.0,plate=0.002,retreat=30|v10|stop",bead,flooring,5.0,1,0,0,0,1,0,0,0,1,0,0,,
"hood|backstop=None,clearance_mm=0.3,funnel=True,gate=True,head_mass_g=80.0,plate=0.002,retreat=30|v10|stop",bead,flooring,10.0,1,0,0,0,1,0,0,0,1,0,0,,
"hood|backstop=None,clearance_mm=0.3,funnel=True,gate=True,head_mass_g=80.0,plate=0.002,retreat=30|v10|stop",bead,mat,0.0,1,0,0,0,1,0,0,0,1,0,0,,
"hood|backstop=None,clearance_mm=0.3,funnel=True,gate=True,head_mass_g=80.0,plate=0.002,retreat=30|v10|stop",bead,mat,5.0,1,0,0,0,1,0,0,0,1,0,0,,
"hood|backstop=None,clearance_mm=0.3,funnel=True,gate=True,head_mass_g=80.0,plate=0.002,retreat=30|v10|stop",bead,mat,10.0,1,0,0,0,1,0,0,0,1,0,0,,
"hood|backstop=None,clearance_mm=0.3,funnel=True,gate=True,head_mass_g=80.0,plate=0.002,retreat=30|v10|stop",coin_1yen,flooring,0.0,1,0,0,0,1,0,0,0,1,0,0,,
"hood|backstop=None,clearance_mm=0.3,funnel=True,gate=True,head_mass_g=80.0,plate=0.002,retreat=30|v10|stop",coin_1yen,flooring,5.0,1,0,0,0,1,0,0,0,1,0,0,,
"hood|backstop=None,clearance_mm=0.3,funnel=True,gate=True,head_mass_g=80.0,plate=0.002,retreat=30|v10|stop",coin_1yen,flooring,10.0,1,0,0,0,1,0,0,0,1,0,0,,
"hood|backstop=None,clearance_mm=0.3,funnel=True,gate=True,head_mass_g=80.0,plate=0.002,retreat=30|v10|stop",coin_1yen,mat,0.0,1,0,0,0,1,0,0,0,1,0,0,,
"hood|backstop=None,clearance_mm=0.3,funnel=True,gate=True,head_mass_g=80.0,plate=0.002,retreat=30|v10|stop",coin_1yen,mat,5.0,1,0,0,0,1,0,0,0,1,0,0,,
"hood|backstop=None,clearance_mm=0.3,funnel=True,gate=True,head_mass_g=80.0,plate=0.002,retreat=30|v10|stop",coin_1yen,mat,10.0,1,0,0,0,1,0,0,0,1,0,0,,
"hood|backstop=None,clearance_mm=0.3,funnel=True,gate=True,head_mass_g=80.0,plate=0.002,retreat=30|v10|stop",crumb_cube,flooring,0.0,1,0,0,0,1,0,0,0,1,0,0,,
"hood|backstop=None,clearance_mm=0.3,funnel=True,gate=True,head_mass_g=80.0,plate=0.002,retreat=30|v10|stop",crumb_cube,flooring,5.0,1,0,0,0,1,0,0,0,1,0,0,,
"hood|backstop=None,clearance_mm=0.3,funnel=True,gate=True,head_mass_g=80.0,plate=0.002,retreat=30|v10|stop",crumb_cube,flooring,10.0,1,0,0,0,1,0,0,0,1,0,0,,
"hood|backstop=None,clearance_mm=0.3,funnel=True,gate=True,head_mass_g=80.0,plate=0.002,retreat=30|v10|stop",crumb_cube,mat,0.0,1,0,0,0,1,0,0,0,1,0,0,,
"hood|backstop=None,clearance_mm=0.3,funnel=True,gate=True,head_mass_g=80.0,plate=0.002,retreat=30|v10|stop",crumb_cube,mat,5.0,1,0,0,0,1,0,0,0,1,0,0,,
"hood|backstop=None,clearance_mm=0.3,funnel=True,gate=True,head_mass_g=80.0,plate=0.002,retreat=30|v10|stop",crumb_cube,mat,10.0,1,0,0,0,1,0,0,0,1,0,0,,
"hood|backstop=None,clearance_mm=0.3,funnel=True,gate=True,head_mass_g=80.0,retreat=30|v10|stop",battery_cr2032,flooring,0.0,1,1,0,0,0,0,0,1,0,1,0,11.00,0.01
"hood|backstop=None,clearance_mm=0.3,funnel=True,gate=True,head_mass_g=80.0,retreat=30|v10|stop",battery_cr2032,flooring,5.0,1,1,0,0,0,0,0,1,0,1,0,11.01,5.00
"hood|backstop=None,clearance_mm=0.3,funnel=True,gate=True,head_mass_g=80.0,retreat=30|v10|stop",battery_cr2032,flooring,10.0,1,0,1,0,0,0,0,1,1,0,1,11.00,4.98
"hood|backstop=None,clearance_mm=0.3,funnel=True,gate=True,head_mass_g=80.0,retreat=30|v10|stop",battery_cr2032,mat,0.0,1,1,0,0,0,0,0,1,0,1,0,11.00,0.01
"hood|backstop=None,clearance_mm=0.3,funnel=True,gate=True,head_mass_g=80.0,retreat=30|v10|stop",battery_cr2032,mat,5.0,1,1,0,0,0,0,0,1,0,1,0,11.01,5.00
"hood|backstop=None,clearance_mm=0.3,funnel=True,gate=True,head_mass_g=80.0,retreat=30|v10|stop",battery_cr2032,mat,10.0,1,1,0,0,0,0,0,1,1,0,1,11.03,3.58
"hood|backstop=None,clearance_mm=0.3,funnel=True,gate=True,head_mass_g=80.0,retreat=30|v10|stop",bead,flooring,0.0,1,1,0,0,0,0,0,1,0,1,0,5.01,0.00
"hood|backstop=None,clearance_mm=0.3,funnel=True,gate=True,head_mass_g=80.0,retreat=30|v10|stop",bead,flooring,5.0,1,1,0,0,0,0,0,1,0,1,0,5.01,5.00
"hood|backstop=None,clearance_mm=0.3,funnel=True,gate=True,head_mass_g=80.0,retreat=30|v10|stop",bead,flooring,10.0,1,1,0,0,0,0,0,1,0,1,0,5.00,10.00
"hood|backstop=None,clearance_mm=0.3,funnel=True,gate=True,head_mass_g=80.0,retreat=30|v10|stop",bead,mat,0.0,1,1,0,0,0,0,0,1,0,1,0,5.01,0.00
"hood|backstop=None,clearance_mm=0.3,funnel=True,gate=True,head_mass_g=80.0,retreat=30|v10|stop",bead,mat,5.0,1,1,0,0,0,0,0,1,0,1,0,5.01,5.00
"hood|backstop=None,clearance_mm=0.3,funnel=True,gate=True,head_mass_g=80.0,retreat=30|v10|stop",bead,mat,10.0,1,1,0,0,0,0,0,1,0,1,0,5.00,10.00
"hood|backstop=None,clearance_mm=0.3,funnel=True,gate=True,head_mass_g=80.0,retreat=30|v10|stop",coin_1yen,flooring,0.0,1,1,0,0,0,0,0,1,0,1,0,11.00,0.00
"hood|backstop=None,clearance_mm=0.3,funnel=True,gate=True,head_mass_g=80.0,retreat=30|v10|stop",coin_1yen,flooring,5.0,1,1,0,0,0,0,0,1,0,1,0,11.00,5.00
"hood|backstop=None,clearance_mm=0.3,funnel=True,gate=True,head_mass_g=80.0,retreat=30|v10|stop",coin_1yen,flooring,10.0,1,0,0,0,1,0,0,0,1,0,0,,
"hood|backstop=None,clearance_mm=0.3,funnel=True,gate=True,head_mass_g=80.0,retreat=30|v10|stop",coin_1yen,mat,0.0,1,1,0,0,0,0,0,1,0,1,0,11.00,0.00
"hood|backstop=None,clearance_mm=0.3,funnel=True,gate=True,head_mass_g=80.0,retreat=30|v10|stop",coin_1yen,mat,5.0,1,1,0,0,0,0,0,1,0,1,0,11.01,5.00
"hood|backstop=None,clearance_mm=0.3,funnel=True,gate=True,head_mass_g=80.0,retreat=30|v10|stop",coin_1yen,mat,10.0,1,0,0,0,1,0,0,0,1,0,0,,
"hood|backstop=None,clearance_mm=0.3,funnel=True,gate=True,head_mass_g=80.0,retreat=30|v10|stop",crumb_cube,flooring,0.0,1,1,0,0,0,0,0,1,0,1,0,8.07,0.00
"hood|backstop=None,clearance_mm=0.3,funnel=True,gate=True,head_mass_g=80.0,retreat=30|v10|stop",crumb_cube,flooring,5.0,1,1,0,0,0,0,0,1,0,1,0,8.07,5.00
"hood|backstop=None,clearance_mm=0.3,funnel=True,gate=True,head_mass_g=80.0,retreat=30|v10|stop",crumb_cube,flooring,10.0,1,1,0,0,0,0,0,1,1,0,1,8.08,8.82
"hood|backstop=None,clearance_mm=0.3,funnel=True,gate=True,head_mass_g=80.0,retreat=30|v10|stop",crumb_cube,mat,0.0,1,1,0,0,0,0,0,1,0,1,0,8.07,0.00
"hood|backstop=None,clearance_mm=0.3,funnel=True,gate=True,head_mass_g=80.0,retreat=30|v10|stop",crumb_cube,mat,5.0,1,1,0,0,0,0,0,1,0,1,0,8.07,5.00
"hood|backstop=None,clearance_mm=0.3,funnel=True,gate=True,head_mass_g=80.0,retreat=30|v10|stop",crumb_cube,mat,10.0,1,1,0,0,0,0,0,1,1,0,1,8.08,8.82
"hood|backstop=None,clearance_mm=0.3,funnel=True,gate=True,head_mass_g=81.1,plate=0.002,retreat=30|v10|stop",battery_cr2032,flooring,0.0,1,0,0,0,1,0,0,0,1,0,0,,
"hood|backstop=None,clearance_mm=0.3,funnel=True,gate=True,head_mass_g=81.1,plate=0.002,retreat=30|v10|stop",battery_cr2032,flooring,5.0,1,0,0,0,1,0,0,0,1,0,0,,
"hood|backstop=None,clearance_mm=0.3,funnel=True,gate=True,head_mass_g=81.1,plate=0.002,retreat=30|v10|stop",battery_cr2032,flooring,10.0,1,0,0,0,1,0,0,0,1,0,0,,
"hood|backstop=None,clearance_mm=0.3,funnel=True,gate=True,head_mass_g=81.1,plate=0.002,retreat=30|v10|stop",battery_cr2032,mat,0.0,1,0,0,0,1,0,0,0,1,0,0,,
"hood|backstop=None,clearance_mm=0.3,funnel=True,gate=True,head_mass_g=81.1,plate=0.002,retreat=30|v10|stop",battery_cr2032,mat,5.0,1,0,0,0,1,0,0,0,1,0,0,,
"hood|backstop=None,clearance_mm=0.3,funnel=True,gate=True,head_mass_g=81.1,plate=0.002,retreat=30|v10|stop",battery_cr2032,mat,10.0,1,0,0,0,1,0,0,0,1,0,0,,
"hood|backstop=None,clearance_mm=0.3,funnel=True,gate=True,head_mass_g=81.1,plate=0.002,retreat=30|v10|stop",bead,flooring,0.0,1,0,0,0,1,0,0,0,1,0,0,,
"hood|backstop=None,clearance_mm=0.3,funnel=True,gate=True,head_mass_g=81.1,plate=0.002,retreat=30|v10|stop",bead,flooring,5.0,1,0,0,0,1,0,0,0,1,0,0,,
"hood|backstop=None,clearance_mm=0.3,funnel=True,gate=True,head_mass_g=81.1,plate=0.002,retreat=30|v10|stop",bead,flooring,10.0,1,0,0,0,1,0,0,0,1,0,0,,
"hood|backstop=None,clearance_mm=0.3,funnel=True,gate=True,head_mass_g=81.1,plate=0.002,retreat=30|v10|stop",bead,mat,0.0,1,0,0,0,1,0,0,0,1,0,0,,
"hood|backstop=None,clearance_mm=0.3,funnel=True,gate=True,head_mass_g=81.1,plate=0.002,retreat=30|v10|stop",bead,mat,5.0,1,0,0,0,1,0,0,0,1,0,0,,
"hood|backstop=None,clearance_mm=0.3,funnel=True,gate=True,head_mass_g=81.1,plate=0.002,retreat=30|v10|stop",bead,mat,10.0,1,0,0,0,1,0,0,0,1,0,0,,
"hood|backstop=None,clearance_mm=0.3,funnel=True,gate=True,head_mass_g=81.1,plate=0.002,retreat=30|v10|stop",coin_1yen,flooring,0.0,1,0,0,0,1,0,0,0,1,0,0,,
"hood|backstop=None,clearance_mm=0.3,funnel=True,gate=True,head_mass_g=81.1,plate=0.002,retreat=30|v10|stop",coin_1yen,flooring,5.0,1,0,0,0,1,0,0,0,1,0,0,,
"hood|backstop=None,clearance_mm=0.3,funnel=True,gate=True,head_mass_g=81.1,plate=0.002,retreat=30|v10|stop",coin_1yen,flooring,10.0,1,0,0,0,1,0,0,0,1,0,0,,
"hood|backstop=None,clearance_mm=0.3,funnel=True,gate=True,head_mass_g=81.1,plate=0.002,retreat=30|v10|stop",coin_1yen,mat,0.0,1,0,0,0,1,0,0,0,1,0,0,,
"hood|backstop=None,clearance_mm=0.3,funnel=True,gate=True,head_mass_g=81.1,plate=0.002,retreat=30|v10|stop",coin_1yen,mat,5.0,1,0,0,0,1,0,0,0,1,0,0,,
"hood|backstop=None,clearance_mm=0.3,funnel=True,gate=True,head_mass_g=81.1,plate=0.002,retreat=30|v10|stop",coin_1yen,mat,10.0,1,0,0,0,1,0,0,0,1,0,0,,
"hood|backstop=None,clearance_mm=0.3,funnel=True,gate=True,head_mass_g=81.1,plate=0.002,retreat=30|v10|stop",crumb_cube,flooring,0.0,1,0,0,0,1,0,0,0,1,0,0,,
"hood|backstop=None,clearance_mm=0.3,funnel=True,gate=True,head_mass_g=81.1,plate=0.002,retreat=30|v10|stop",crumb_cube,flooring,5.0,1,0,0,0,1,0,0,0,1,0,0,,
"hood|backstop=None,clearance_mm=0.3,funnel=True,gate=True,head_mass_g=81.1,plate=0.002,retreat=30|v10|stop",crumb_cube,flooring,10.0,1,0,0,0,1,0,0,0,1,0,0,,
"hood|backstop=None,clearance_mm=0.3,funnel=True,gate=True,head_mass_g=81.1,plate=0.002,retreat=30|v10|stop",crumb_cube,mat,0.0,1,0,0,0,1,0,0,0,1,0,0,,
"hood|backstop=None,clearance_mm=0.3,funnel=True,gate=True,head_mass_g=81.1,plate=0.002,retreat=30|v10|stop",crumb_cube,mat,5.0,1,0,0,0,1,0,0,0,1,0,0,,
"hood|backstop=None,clearance_mm=0.3,funnel=True,gate=True,head_mass_g=81.1,plate=0.002,retreat=30|v10|stop",crumb_cube,mat,10.0,1,0,0,0,1,0,0,0,1,0,0,,
"hood|backstop=None,clearance_mm=0.3,funnel=True,gate=True,head_mass_g=81.1,retreat=30|v10|stop",battery_cr2032,flooring,0.0,1,1,0,0,0,0,0,1,0,1,0,11.00,0.01
"hood|backstop=None,clearance_mm=0.3,funnel=True,gate=True,head_mass_g=81.1,retreat=30|v10|stop",battery_cr2032,flooring,5.0,1,1,0,0,0,0,0,1,0,1,0,11.01,5.00
"hood|backstop=None,clearance_mm=0.3,funnel=True,gate=True,head_mass_g=81.1,retreat=30|v10|stop",battery_cr2032,flooring,10.0,1,1,0,0,0,0,0,1,1,0,1,11.00,5.00
"hood|backstop=None,clearance_mm=0.3,funnel=True,gate=True,head_mass_g=81.1,retreat=30|v10|stop",battery_cr2032,mat,0.0,1,1,0,0,0,0,0,1,0,1,0,11.00,0.01
"hood|backstop=None,clearance_mm=0.3,funnel=True,gate=True,head_mass_g=81.1,retreat=30|v10|stop",battery_cr2032,mat,5.0,1,1,0,0,0,0,0,1,0,1,0,11.01,5.00
"hood|backstop=None,clearance_mm=0.3,funnel=True,gate=True,head_mass_g=81.1,retreat=30|v10|stop",battery_cr2032,mat,10.0,1,1,0,0,0,0,0,1,1,0,1,11.00,4.89
"hood|backstop=None,clearance_mm=0.3,funnel=True,gate=True,head_mass_g=81.1,retreat=30|v10|stop",bead,flooring,0.0,1,1,0,0,0,0,0,1,0,1,0,5.01,0.00
"hood|backstop=None,clearance_mm=0.3,funnel=True,gate=True,head_mass_g=81.1,retreat=30|v10|stop",bead,flooring,5.0,1,1,0,0,0,0,0,1,0,1,0,5.00,5.00
"hood|backstop=None,clearance_mm=0.3,funnel=True,gate=True,head_mass_g=81.1,retreat=30|v10|stop",bead,flooring,10.0,1,1,0,0,0,0,0,1,0,1,0,5.00,10.00
"hood|backstop=None,clearance_mm=0.3,funnel=True,gate=True,head_mass_g=81.1,retreat=30|v10|stop",bead,mat,0.0,1,1,0,0,0,0,0,1,0,1,0,5.01,0.00
"hood|backstop=None,clearance_mm=0.3,funnel=True,gate=True,head_mass_g=81.1,retreat=30|v10|stop",bead,mat,5.0,1,1,0,0,0,0,0,1,0,1,0,5.00,5.00
"hood|backstop=None,clearance_mm=0.3,funnel=True,gate=True,head_mass_g=81.1,retreat=30|v10|stop",bead,mat,10.0,1,1,0,0,0,0,0,1,0,1,0,5.00,10.00
"hood|backstop=None,clearance_mm=0.3,funnel=True,gate=True,head_mass_g=81.1,retreat=30|v10|stop",coin_1yen,flooring,0.0,1,1,0,0,0,0,0,1,0,1,0,11.00,0.00
"hood|backstop=None,clearance_mm=0.3,funnel=True,gate=True,head_mass_g=81.1,retreat=30|v10|stop",coin_1yen,flooring,5.0,1,1,0,0,0,0,0,1,0,1,0,11.00,5.00
"hood|backstop=None,clearance_mm=0.3,funnel=True,gate=True,head_mass_g=81.1,retreat=30|v10|stop",coin_1yen,flooring,10.0,1,0,0,0,1,0,0,0,1,0,0,,
"hood|backstop=None,clearance_mm=0.3,funnel=True,gate=True,head_mass_g=81.1,retreat=30|v10|stop",coin_1yen,mat,0.0,1,1,0,0,0,0,0,1,0,1,0,11.00,0.00
"hood|backstop=None,clearance_mm=0.3,funnel=True,gate=True,head_mass_g=81.1,retreat=30|v10|stop",coin_1yen,mat,5.0,1,1,0,0,0,0,0,1,0,1,0,11.01,5.00
"hood|backstop=None,clearance_mm=0.3,funnel=True,gate=True,head_mass_g=81.1,retreat=30|v10|stop",coin_1yen,mat,10.0,1,0,0,0,1,0,0,0,1,0,0,,
"hood|backstop=None,clearance_mm=0.3,funnel=True,gate=True,head_mass_g=81.1,retreat=30|v10|stop",crumb_cube,flooring,0.0,1,1,0,0,0,0,0,1,0,1,0,8.07,0.00
"hood|backstop=None,clearance_mm=0.3,funnel=True,gate=True,head_mass_g=81.1,retreat=30|v10|stop",crumb_cube,flooring,5.0,1,1,0,0,0,0,0,1,0,1,0,8.07,5.00
"hood|backstop=None,clearance_mm=0.3,funnel=True,gate=True,head_mass_g=81.1,retreat=30|v10|stop",crumb_cube,flooring,10.0,1,1,0,0,0,0,0,1,1,0,1,8.07,8.83
"hood|backstop=None,clearance_mm=0.3,funnel=True,gate=True,head_mass_g=81.1,retreat=30|v10|stop",crumb_cube,mat,0.0,1,1,0,0,0,0,0,1,0,1,0,8.07,0.00
"hood|backstop=None,clearance_mm=0.3,funnel=True,gate=True,head_mass_g=81.1,retreat=30|v10|stop",crumb_cube,mat,5.0,1,1,0,0,0,0,0,1,0,1,0,8.07,5.00
"hood|backstop=None,clearance_mm=0.3,funnel=True,gate=True,head_mass_g=81.1,retreat=30|v10|stop",crumb_cube,mat,10.0,1,1,0,0,0,0,0,1,1,0,1,8.07,8.83
"hood|backstop=None,clearance_mm=0.6,funnel=True,gate=True,head_mass_g=80.0,plate=0.002,retreat=30|v10|stop",battery_cr2032,flooring,0.0,1,0,0,0,1,0,0,0,1,0,0,,
"hood|backstop=None,clearance_mm=0.6,funnel=True,gate=True,head_mass_g=80.0,plate=0.002,retreat=30|v10|stop",battery_cr2032,flooring,5.0,1,0,0,0,1,0,0,0,1,0,0,,
"hood|backstop=None,clearance_mm=0.6,funnel=True,gate=True,head_mass_g=80.0,plate=0.002,retreat=30|v10|stop",battery_cr2032,flooring,10.0,1,0,0,0,1,0,0,0,1,0,0,,
"hood|backstop=None,clearance_mm=0.6,funnel=True,gate=True,head_mass_g=80.0,plate=0.002,retreat=30|v10|stop",battery_cr2032,mat,0.0,1,0,0,0,1,0,0,0,1,0,0,,
"hood|backstop=None,clearance_mm=0.6,funnel=True,gate=True,head_mass_g=80.0,plate=0.002,retreat=30|v10|stop",battery_cr2032,mat,5.0,1,0,0,0,1,0,0,0,1,0,0,,
"hood|backstop=None,clearance_mm=0.6,funnel=True,gate=True,head_mass_g=80.0,plate=0.002,retreat=30|v10|stop",battery_cr2032,mat,10.0,1,0,0,0,1,0,0,0,1,0,0,,
"hood|backstop=None,clearance_mm=0.6,funnel=True,gate=True,head_mass_g=80.0,plate=0.002,retreat=30|v10|stop",bead,flooring,0.0,1,0,0,0,1,0,0,0,1,0,0,,
"hood|backstop=None,clearance_mm=0.6,funnel=True,gate=True,head_mass_g=80.0,plate=0.002,retreat=30|v10|stop",bead,flooring,5.0,1,0,0,0,1,0,0,0,1,0,0,,
"hood|backstop=None,clearance_mm=0.6,funnel=True,gate=True,head_mass_g=80.0,plate=0.002,retreat=30|v10|stop",bead,flooring,10.0,1,0,0,0,1,0,0,0,1,0,0,,
"hood|backstop=None,clearance_mm=0.6,funnel=True,gate=True,head_mass_g=80.0,plate=0.002,retreat=30|v10|stop",bead,mat,0.0,1,0,0,0,1,0,0,0,1,0,0,,
"hood|backstop=None,clearance_mm=0.6,funnel=True,gate=True,head_mass_g=80.0,plate=0.002,retreat=30|v10|stop",bead,mat,5.0,1,0,0,0,1,0,0,0,1,0,0,,
"hood|backstop=None,clearance_mm=0.6,funnel=True,gate=True,head_mass_g=80.0,plate=0.002,retreat=30|v10|stop",bead,mat,10.0,1,0,0,0,1,0,0,0,1,0,0,,
"hood|backstop=None,clearance_mm=0.6,funnel=True,gate=True,head_mass_g=80.0,plate=0.002,retreat=30|v10|stop",coin_1yen,flooring,0.0,1,0,0,0,1,0,0,0,1,0,0,,
"hood|backstop=None,clearance_mm=0.6,funnel=True,gate=True,head_mass_g=80.0,plate=0.002,retreat=30|v10|stop",coin_1yen,flooring,5.0,1,0,0,0,1,0,0,0,1,0,0,,
"hood|backstop=None,clearance_mm=0.6,funnel=True,gate=True,head_mass_g=80.0,plate=0.002,retreat=30|v10|stop",coin_1yen,flooring,10.0,1,0,0,0,1,0,0,0,1,0,0,,
"hood|backstop=None,clearance_mm=0.6,funnel=True,gate=True,head_mass_g=80.0,plate=0.002,retreat=30|v10|stop",coin_1yen,mat,0.0,1,0,0,0,1,0,0,0,1,0,0,,
"hood|backstop=None,clearance_mm=0.6,funnel=True,gate=True,head_mass_g=80.0,plate=0.002,retreat=30|v10|stop",coin_1yen,mat,5.0,1,0,0,0,1,0,0,0,1,0,0,,
"hood|backstop=None,clearance_mm=0.6,funnel=True,gate=True,head_mass_g=80.0,plate=0.002,retreat=30|v10|stop",coin_1yen,mat,10.0,1,0,0,0,1,0,0,0,1,0,0,,
"hood|backstop=None,clearance_mm=0.6,funnel=True,gate=True,head_mass_g=80.0,plate=0.002,retreat=30|v10|stop",crumb_cube,flooring,0.0,1,0,0,0,1,0,0,0,1,0,0,,
"hood|backstop=None,clearance_mm=0.6,funnel=True,gate=True,head_mass_g=80.0,plate=0.002,retreat=30|v10|stop",crumb_cube,flooring,5.0,1,0,0,0,1,0,0,0,1,0,0,,
"hood|backstop=None,clearance_mm=0.6,funnel=True,gate=True,head_mass_g=80.0,plate=0.002,retreat=30|v10|stop",crumb_cube,flooring,10.0,1,0,0,0,1,0,0,0,1,0,0,,
"hood|backstop=None,clearance_mm=0.6,funnel=True,gate=True,head_mass_g=80.0,plate=0.002,retreat=30|v10|stop",crumb_cube,mat,0.0,1,0,0,0,1,0,0,0,1,0,0,,
"hood|backstop=None,clearance_mm=0.6,funnel=True,gate=True,head_mass_g=80.0,plate=0.002,retreat=30|v10|stop",crumb_cube,mat,5.0,1,0,0,0,1,0,0,0,1,0,0,,
"hood|backstop=None,clearance_mm=0.6,funnel=True,gate=True,head_mass_g=80.0,plate=0.002,retreat=30|v10|stop",crumb_cube,mat,10.0,1,0,0,0,1,0,0,0,1,0,0,,
"hood|backstop=None,clearance_mm=0.6,funnel=True,gate=True,head_mass_g=80.0,retreat=30|v10|stop",battery_cr2032,flooring,0.0,1,1,0,0,0,0,0,1,0,1,0,11.00,0.01
"hood|backstop=None,clearance_mm=0.6,funnel=True,gate=True,head_mass_g=80.0,retreat=30|v10|stop",battery_cr2032,flooring,5.0,1,1,0,0,0,0,0,1,0,1,0,11.01,5.00
"hood|backstop=None,clearance_mm=0.6,funnel=True,gate=True,head_mass_g=80.0,retreat=30|v10|stop",battery_cr2032,flooring,10.0,1,1,0,0,0,0,0,1,1,0,1,11.00,4.94
"hood|backstop=None,clearance_mm=0.6,funnel=True,gate=True,head_mass_g=80.0,retreat=30|v10|stop",battery_cr2032,mat,0.0,1,1,0,0,0,0,0,1,0,1,0,11.00,0.01
"hood|backstop=None,clearance_mm=0.6,funnel=True,gate=True,head_mass_g=80.0,retreat=30|v10|stop",battery_cr2032,mat,5.0,1,1,0,0,0,0,0,1,0,1,0,11.01,5.00
"hood|backstop=None,clearance_mm=0.6,funnel=True,gate=True,head_mass_g=80.0,retreat=30|v10|stop",battery_cr2032,mat,10.0,1,1,0,0,0,0,0,1,1,0,1,11.01,3.42
"hood|backstop=None,clearance_mm=0.6,funnel=True,gate=True,head_mass_g=80.0,retreat=30|v10|stop",bead,flooring,0.0,1,1,0,0,0,0,0,1,0,1,0,5.01,0.00
"hood|backstop=None,clearance_mm=0.6,funnel=True,gate=True,head_mass_g=80.0,retreat=30|v10|stop",bead,flooring,5.0,1,1,0,0,0,0,0,1,0,1,0,5.01,5.00
"hood|backstop=None,clearance_mm=0.6,funnel=True,gate=True,head_mass_g=80.0,retreat=30|v10|stop",bead,flooring,10.0,1,1,0,0,0,0,0,1,0,1,0,5.00,10.00
"hood|backstop=None,clearance_mm=0.6,funnel=True,gate=True,head_mass_g=80.0,retreat=30|v10|stop",bead,mat,0.0,1,1,0,0,0,0,0,1,0,1,0,5.01,0.00
"hood|backstop=None,clearance_mm=0.6,funnel=True,gate=True,head_mass_g=80.0,retreat=30|v10|stop",bead,mat,5.0,1,1,0,0,0,0,0,1,0,1,0,5.01,5.00
"hood|backstop=None,clearance_mm=0.6,funnel=True,gate=True,head_mass_g=80.0,retreat=30|v10|stop",bead,mat,10.0,1,1,0,0,0,0,0,1,0,1,0,5.00,10.00
"hood|backstop=None,clearance_mm=0.6,funnel=True,gate=True,head_mass_g=80.0,retreat=30|v10|stop",coin_1yen,flooring,0.0,1,1,0,0,0,0,0,1,0,1,0,11.00,0.00
"hood|backstop=None,clearance_mm=0.6,funnel=True,gate=True,head_mass_g=80.0,retreat=30|v10|stop",coin_1yen,flooring,5.0,1,1,0,0,0,0,0,1,0,1,0,11.00,5.00
"hood|backstop=None,clearance_mm=0.6,funnel=True,gate=True,head_mass_g=80.0,retreat=30|v10|stop",coin_1yen,flooring,10.0,1,0,0,0,1,0,0,0,1,0,0,,
"hood|backstop=None,clearance_mm=0.6,funnel=True,gate=True,head_mass_g=80.0,retreat=30|v10|stop",coin_1yen,mat,0.0,1,1,0,0,0,0,0,1,0,1,0,11.00,0.00
"hood|backstop=None,clearance_mm=0.6,funnel=True,gate=True,head_mass_g=80.0,retreat=30|v10|stop",coin_1yen,mat,5.0,1,1,0,0,0,0,0,1,0,1,0,11.01,5.00
"hood|backstop=None,clearance_mm=0.6,funnel=True,gate=True,head_mass_g=80.0,retreat=30|v10|stop",coin_1yen,mat,10.0,1,0,0,0,1,0,0,0,1,0,0,,
"hood|backstop=None,clearance_mm=0.6,funnel=True,gate=True,head_mass_g=80.0,retreat=30|v10|stop",crumb_cube,flooring,0.0,1,1,0,0,0,0,0,1,0,1,0,8.07,0.00
"hood|backstop=None,clearance_mm=0.6,funnel=True,gate=True,head_mass_g=80.0,retreat=30|v10|stop",crumb_cube,flooring,5.0,1,1,0,0,0,0,0,1,0,1,0,8.07,5.00
"hood|backstop=None,clearance_mm=0.6,funnel=True,gate=True,head_mass_g=80.0,retreat=30|v10|stop",crumb_cube,flooring,10.0,1,1,0,0,0,0,0,1,1,0,1,8.08,8.83
"hood|backstop=None,clearance_mm=0.6,funnel=True,gate=True,head_mass_g=80.0,retreat=30|v10|stop",crumb_cube,mat,0.0,1,1,0,0,0,0,0,1,0,1,0,8.07,0.00
"hood|backstop=None,clearance_mm=0.6,funnel=True,gate=True,head_mass_g=80.0,retreat=30|v10|stop",crumb_cube,mat,5.0,1,1,0,0,0,0,0,1,0,1,0,8.07,5.00
"hood|backstop=None,clearance_mm=0.6,funnel=True,gate=True,head_mass_g=80.0,retreat=30|v10|stop",crumb_cube,mat,10.0,1,1,0,0,0,0,0,1,1,0,1,8.08,8.83
"hood|backstop=None,clearance_mm=0.6,funnel=True,gate=True,head_mass_g=81.1,plate=0.002,retreat=30|v10|stop",battery_cr2032,flooring,0.0,1,0,0,0,1,0,0,0,1,0,0,,
"hood|backstop=None,clearance_mm=0.6,funnel=True,gate=True,head_mass_g=81.1,plate=0.002,retreat=30|v10|stop",battery_cr2032,flooring,5.0,1,0,0,0,1,0,0,0,1,0,0,,
"hood|backstop=None,clearance_mm=0.6,funnel=True,gate=True,head_mass_g=81.1,plate=0.002,retreat=30|v10|stop",battery_cr2032,flooring,10.0,1,0,0,0,1,0,0,0,1,0,0,,
"hood|backstop=None,clearance_mm=0.6,funnel=True,gate=True,head_mass_g=81.1,plate=0.002,retreat=30|v10|stop",battery_cr2032,mat,0.0,1,0,0,0,1,0,0,0,1,0,0,,
"hood|backstop=None,clearance_mm=0.6,funnel=True,gate=True,head_mass_g=81.1,plate=0.002,retreat=30|v10|stop",battery_cr2032,mat,5.0,1,0,0,0,1,0,0,0,1,0,0,,
"hood|backstop=None,clearance_mm=0.6,funnel=True,gate=True,head_mass_g=81.1,plate=0.002,retreat=30|v10|stop",battery_cr2032,mat,10.0,1,0,0,0,1,0,0,0,1,0,0,,
"hood|backstop=None,clearance_mm=0.6,funnel=True,gate=True,head_mass_g=81.1,plate=0.002,retreat=30|v10|stop",bead,flooring,0.0,1,0,0,0,1,0,0,0,1,0,0,,
"hood|backstop=None,clearance_mm=0.6,funnel=True,gate=True,head_mass_g=81.1,plate=0.002,retreat=30|v10|stop",bead,flooring,5.0,1,0,0,0,1,0,0,0,1,0,0,,
"hood|backstop=None,clearance_mm=0.6,funnel=True,gate=True,head_mass_g=81.1,plate=0.002,retreat=30|v10|stop",bead,flooring,10.0,1,0,0,0,1,0,0,0,1,0,0,,
"hood|backstop=None,clearance_mm=0.6,funnel=True,gate=True,head_mass_g=81.1,plate=0.002,retreat=30|v10|stop",bead,mat,0.0,1,0,0,0,1,0,0,0,1,0,0,,
"hood|backstop=None,clearance_mm=0.6,funnel=True,gate=True,head_mass_g=81.1,plate=0.002,retreat=30|v10|stop",bead,mat,5.0,1,0,0,0,1,0,0,0,1,0,0,,
"hood|backstop=None,clearance_mm=0.6,funnel=True,gate=True,head_mass_g=81.1,plate=0.002,retreat=30|v10|stop",bead,mat,10.0,1,0,0,0,1,0,0,0,1,0,0,,
"hood|backstop=None,clearance_mm=0.6,funnel=True,gate=True,head_mass_g=81.1,plate=0.002,retreat=30|v10|stop",coin_1yen,flooring,0.0,1,0,0,0,1,0,0,0,1,0,0,,
"hood|backstop=None,clearance_mm=0.6,funnel=True,gate=True,head_mass_g=81.1,plate=0.002,retreat=30|v10|stop",coin_1yen,flooring,5.0,1,0,0,0,1,0,0,0,1,0,0,,
"hood|backstop=None,clearance_mm=0.6,funnel=True,gate=True,head_mass_g=81.1,plate=0.002,retreat=30|v10|stop",coin_1yen,flooring,10.0,1,0,0,0,1,0,0,0,1,0,0,,
"hood|backstop=None,clearance_mm=0.6,funnel=True,gate=True,head_mass_g=81.1,plate=0.002,retreat=30|v10|stop",coin_1yen,mat,0.0,1,0,0,0,1,0,0,0,1,0,0,,
"hood|backstop=None,clearance_mm=0.6,funnel=True,gate=True,head_mass_g=81.1,plate=0.002,retreat=30|v10|stop",coin_1yen,mat,5.0,1,0,0,0,1,0,0,0,1,0,0,,
"hood|backstop=None,clearance_mm=0.6,funnel=True,gate=True,head_mass_g=81.1,plate=0.002,retreat=30|v10|stop",coin_1yen,mat,10.0,1,0,0,0,1,0,0,0,1,0,0,,
"hood|backstop=None,clearance_mm=0.6,funnel=True,gate=True,head_mass_g=81.1,plate=0.002,retreat=30|v10|stop",crumb_cube,flooring,0.0,1,0,0,0,1,0,0,0,1,0,0,,
"hood|backstop=None,clearance_mm=0.6,funnel=True,gate=True,head_mass_g=81.1,plate=0.002,retreat=30|v10|stop",crumb_cube,flooring,5.0,1,0,0,0,1,0,0,0,1,0,0,,
"hood|backstop=None,clearance_mm=0.6,funnel=True,gate=True,head_mass_g=81.1,plate=0.002,retreat=30|v10|stop",crumb_cube,flooring,10.0,1,0,0,0,1,0,0,0,1,0,0,,
"hood|backstop=None,clearance_mm=0.6,funnel=True,gate=True,head_mass_g=81.1,plate=0.002,retreat=30|v10|stop",crumb_cube,mat,0.0,1,0,0,0,1,0,0,0,1,0,0,,
"hood|backstop=None,clearance_mm=0.6,funnel=True,gate=True,head_mass_g=81.1,plate=0.002,retreat=30|v10|stop",crumb_cube,mat,5.0,1,0,0,0,1,0,0,0,1,0,0,,
"hood|backstop=None,clearance_mm=0.6,funnel=True,gate=True,head_mass_g=81.1,plate=0.002,retreat=30|v10|stop",crumb_cube,mat,10.0,1,0,0,0,1,0,0,0,1,0,0,,
"hood|backstop=None,clearance_mm=0.6,funnel=True,gate=True,head_mass_g=81.1,retreat=30|v10|stop",battery_cr2032,flooring,0.0,1,1,0,0,0,0,0,1,0,1,0,11.00,0.01
"hood|backstop=None,clearance_mm=0.6,funnel=True,gate=True,head_mass_g=81.1,retreat=30|v10|stop",battery_cr2032,flooring,5.0,1,1,0,0,0,0,0,1,0,1,0,11.01,5.00
"hood|backstop=None,clearance_mm=0.6,funnel=True,gate=True,head_mass_g=81.1,retreat=30|v10|stop",battery_cr2032,flooring,10.0,1,0,1,0,0,0,0,1,1,0,1,11.02,2.49
"hood|backstop=None,clearance_mm=0.6,funnel=True,gate=True,head_mass_g=81.1,retreat=30|v10|stop",battery_cr2032,mat,0.0,1,1,0,0,0,0,0,1,0,1,0,11.00,0.01
"hood|backstop=None,clearance_mm=0.6,funnel=True,gate=True,head_mass_g=81.1,retreat=30|v10|stop",battery_cr2032,mat,5.0,1,1,0,0,0,0,0,1,0,1,0,11.01,5.00
"hood|backstop=None,clearance_mm=0.6,funnel=True,gate=True,head_mass_g=81.1,retreat=30|v10|stop",battery_cr2032,mat,10.0,1,0,1,0,0,0,0,1,1,0,1,11.17,4.24
"hood|backstop=None,clearance_mm=0.6,funnel=True,gate=True,head_mass_g=81.1,retreat=30|v10|stop",bead,flooring,0.0,1,1,0,0,0,0,0,1,0,1,0,5.01,0.00
"hood|backstop=None,clearance_mm=0.6,funnel=True,gate=True,head_mass_g=81.1,retreat=30|v10|stop",bead,flooring,5.0,1,1,0,0,0,0,0,1,0,1,0,5.00,5.00
"hood|backstop=None,clearance_mm=0.6,funnel=True,gate=True,head_mass_g=81.1,retreat=30|v10|stop",bead,flooring,10.0,1,1,0,0,0,0,0,1,0,1,0,5.00,10.00
"hood|backstop=None,clearance_mm=0.6,funnel=True,gate=True,head_mass_g=81.1,retreat=30|v10|stop",bead,mat,0.0,1,1,0,0,0,0,0,1,0,1,0,5.01,0.00
"hood|backstop=None,clearance_mm=0.6,funnel=True,gate=True,head_mass_g=81.1,retreat=30|v10|stop",bead,mat,5.0,1,1,0,0,0,0,0,1,0,1,0,5.00,5.00
"hood|backstop=None,clearance_mm=0.6,funnel=True,gate=True,head_mass_g=81.1,retreat=30|v10|stop",bead,mat,10.0,1,1,0,0,0,0,0,1,0,1,0,5.00,10.00
"hood|backstop=None,clearance_mm=0.6,funnel=True,gate=True,head_mass_g=81.1,retreat=30|v10|stop",coin_1yen,flooring,0.0,1,1,0,0,0,0,0,1,0,1,0,11.00,0.00
"hood|backstop=None,clearance_mm=0.6,funnel=True,gate=True,head_mass_g=81.1,retreat=30|v10|stop",coin_1yen,flooring,5.0,1,1,0,0,0,0,0,1,0,1,0,11.00,5.00
"hood|backstop=None,clearance_mm=0.6,funnel=True,gate=True,head_mass_g=81.1,retreat=30|v10|stop",coin_1yen,flooring,10.0,1,0,0,0,1,0,0,0,1,0,0,,
"hood|backstop=None,clearance_mm=0.6,funnel=True,gate=True,head_mass_g=81.1,retreat=30|v10|stop",coin_1yen,mat,0.0,1,1,0,0,0,0,0,1,0,1,0,11.00,0.00
"hood|backstop=None,clearance_mm=0.6,funnel=True,gate=True,head_mass_g=81.1,retreat=30|v10|stop",coin_1yen,mat,5.0,1,1,0,0,0,0,0,1,0,1,0,11.01,5.00
"hood|backstop=None,clearance_mm=0.6,funnel=True,gate=True,head_mass_g=81.1,retreat=30|v10|stop",coin_1yen,mat,10.0,1,0,0,0,1,0,0,0,1,0,0,,
"hood|backstop=None,clearance_mm=0.6,funnel=True,gate=True,head_mass_g=81.1,retreat=30|v10|stop",crumb_cube,flooring,0.0,1,1,0,0,0,0,0,1,0,1,0,8.07,0.00
"hood|backstop=None,clearance_mm=0.6,funnel=True,gate=True,head_mass_g=81.1,retreat=30|v10|stop",crumb_cube,flooring,5.0,1,1,0,0,0,0,0,1,0,1,0,8.07,5.00
"hood|backstop=None,clearance_mm=0.6,funnel=True,gate=True,head_mass_g=81.1,retreat=30|v10|stop",crumb_cube,flooring,10.0,1,1,0,0,0,0,0,1,1,0,1,8.07,8.84
"hood|backstop=None,clearance_mm=0.6,funnel=True,gate=True,head_mass_g=81.1,retreat=30|v10|stop",crumb_cube,mat,0.0,1,1,0,0,0,0,0,1,0,1,0,8.07,0.00
"hood|backstop=None,clearance_mm=0.6,funnel=True,gate=True,head_mass_g=81.1,retreat=30|v10|stop",crumb_cube,mat,5.0,1,1,0,0,0,0,0,1,0,1,0,8.07,5.00
"hood|backstop=None,clearance_mm=0.6,funnel=True,gate=True,head_mass_g=81.1,retreat=30|v10|stop",crumb_cube,mat,10.0,1,1,0,0,0,0,0,1,1,0,1,8.07,8.84
"hood|backstop=None,clearance_mm=1.0,funnel=True,gate=True,head_mass_g=80.0,plate=0.002,retreat=30|v10|stop",battery_cr2032,flooring,0.0,1,0,0,0,1,0,0,0,1,0,0,,
"hood|backstop=None,clearance_mm=1.0,funnel=True,gate=True,head_mass_g=80.0,plate=0.002,retreat=30|v10|stop",battery_cr2032,flooring,5.0,1,0,0,0,1,0,0,0,1,0,0,,
"hood|backstop=None,clearance_mm=1.0,funnel=True,gate=True,head_mass_g=80.0,plate=0.002,retreat=30|v10|stop",battery_cr2032,flooring,10.0,1,0,0,0,1,0,0,0,1,0,0,,
"hood|backstop=None,clearance_mm=1.0,funnel=True,gate=True,head_mass_g=80.0,plate=0.002,retreat=30|v10|stop",battery_cr2032,mat,0.0,1,0,0,0,1,0,0,0,1,0,0,,
"hood|backstop=None,clearance_mm=1.0,funnel=True,gate=True,head_mass_g=80.0,plate=0.002,retreat=30|v10|stop",battery_cr2032,mat,5.0,1,0,0,0,1,0,0,0,1,0,0,,
"hood|backstop=None,clearance_mm=1.0,funnel=True,gate=True,head_mass_g=80.0,plate=0.002,retreat=30|v10|stop",battery_cr2032,mat,10.0,1,0,0,0,1,0,0,0,1,0,0,,
"hood|backstop=None,clearance_mm=1.0,funnel=True,gate=True,head_mass_g=80.0,plate=0.002,retreat=30|v10|stop",bead,flooring,0.0,1,0,0,0,1,0,0,0,1,0,0,,
"hood|backstop=None,clearance_mm=1.0,funnel=True,gate=True,head_mass_g=80.0,plate=0.002,retreat=30|v10|stop",bead,flooring,5.0,1,0,0,0,1,0,0,0,1,0,0,,
"hood|backstop=None,clearance_mm=1.0,funnel=True,gate=True,head_mass_g=80.0,plate=0.002,retreat=30|v10|stop",bead,flooring,10.0,1,0,0,0,1,0,0,0,1,0,0,,
"hood|backstop=None,clearance_mm=1.0,funnel=True,gate=True,head_mass_g=80.0,plate=0.002,retreat=30|v10|stop",bead,mat,0.0,1,0,0,0,1,0,0,0,1,0,0,,
"hood|backstop=None,clearance_mm=1.0,funnel=True,gate=True,head_mass_g=80.0,plate=0.002,retreat=30|v10|stop",bead,mat,5.0,1,0,0,0,1,0,0,0,1,0,0,,
"hood|backstop=None,clearance_mm=1.0,funnel=True,gate=True,head_mass_g=80.0,plate=0.002,retreat=30|v10|stop",bead,mat,10.0,1,0,0,0,1,0,0,0,1,0,0,,
"hood|backstop=None,clearance_mm=1.0,funnel=True,gate=True,head_mass_g=80.0,plate=0.002,retreat=30|v10|stop",coin_1yen,flooring,0.0,1,0,0,0,1,0,0,0,1,0,0,,
"hood|backstop=None,clearance_mm=1.0,funnel=True,gate=True,head_mass_g=80.0,plate=0.002,retreat=30|v10|stop",coin_1yen,flooring,5.0,1,0,0,0,1,0,0,0,1,0,0,,
"hood|backstop=None,clearance_mm=1.0,funnel=True,gate=True,head_mass_g=80.0,plate=0.002,retreat=30|v10|stop",coin_1yen,flooring,10.0,1,0,0,0,1,0,0,0,1,0,0,,
"hood|backstop=None,clearance_mm=1.0,funnel=True,gate=True,head_mass_g=80.0,plate=0.002,retreat=30|v10|stop",coin_1yen,mat,0.0,1,0,0,0,1,0,0,0,1,0,0,,
"hood|backstop=None,clearance_mm=1.0,funnel=True,gate=True,head_mass_g=80.0,plate=0.002,retreat=30|v10|stop",coin_1yen,mat,5.0,1,0,0,0,1,0,0,0,1,0,0,,
"hood|backstop=None,clearance_mm=1.0,funnel=True,gate=True,head_mass_g=80.0,plate=0.002,retreat=30|v10|stop",coin_1yen,mat,10.0,1,0,0,0,1,0,0,0,1,0,0,,
"hood|backstop=None,clearance_mm=1.0,funnel=True,gate=True,head_mass_g=80.0,plate=0.002,retreat=30|v10|stop",crumb_cube,flooring,0.0,1,0,0,0,1,0,0,0,1,0,0,,
"hood|backstop=None,clearance_mm=1.0,funnel=True,gate=True,head_mass_g=80.0,plate=0.002,retreat=30|v10|stop",crumb_cube,flooring,5.0,1,0,0,0,1,0,0,0,1,0,0,,
"hood|backstop=None,clearance_mm=1.0,funnel=True,gate=True,head_mass_g=80.0,plate=0.002,retreat=30|v10|stop",crumb_cube,flooring,10.0,1,0,0,0,1,0,0,0,1,0,0,,
"hood|backstop=None,clearance_mm=1.0,funnel=True,gate=True,head_mass_g=80.0,plate=0.002,retreat=30|v10|stop",crumb_cube,mat,0.0,1,0,0,0,1,0,0,0,1,0,0,,
"hood|backstop=None,clearance_mm=1.0,funnel=True,gate=True,head_mass_g=80.0,plate=0.002,retreat=30|v10|stop",crumb_cube,mat,5.0,1,0,0,0,1,0,0,0,1,0,0,,
"hood|backstop=None,clearance_mm=1.0,funnel=True,gate=True,head_mass_g=80.0,plate=0.002,retreat=30|v10|stop",crumb_cube,mat,10.0,1,0,0,0,1,0,0,0,1,0,0,,
"hood|backstop=None,clearance_mm=1.0,funnel=True,gate=True,head_mass_g=80.0,retreat=30|v10|stop",battery_cr2032,flooring,0.0,1,1,0,0,0,0,0,1,0,1,0,11.00,0.01
"hood|backstop=None,clearance_mm=1.0,funnel=True,gate=True,head_mass_g=80.0,retreat=30|v10|stop",battery_cr2032,flooring,5.0,1,1,0,0,0,0,0,1,0,1,0,11.01,5.00
"hood|backstop=None,clearance_mm=1.0,funnel=True,gate=True,head_mass_g=80.0,retreat=30|v10|stop",battery_cr2032,flooring,10.0,1,1,0,0,0,0,0,1,1,0,1,11.01,5.00
"hood|backstop=None,clearance_mm=1.0,funnel=True,gate=True,head_mass_g=80.0,retreat=30|v10|stop",battery_cr2032,mat,0.0,1,1,0,0,0,0,0,1,0,1,0,11.00,0.01
"hood|backstop=None,clearance_mm=1.0,funnel=True,gate=True,head_mass_g=80.0,retreat=30|v10|stop",battery_cr2032,mat,5.0,1,1,0,0,0,0,0,1,0,1,0,11.01,5.00
"hood|backstop=None,clearance_mm=1.0,funnel=True,gate=True,head_mass_g=80.0,retreat=30|v10|stop",battery_cr2032,mat,10.0,1,1,0,0,0,0,0,1,1,0,1,11.01,4.91
"hood|backstop=None,clearance_mm=1.0,funnel=True,gate=True,head_mass_g=80.0,retreat=30|v10|stop",bead,flooring,0.0,1,1,0,0,0,0,0,1,0,1,0,5.01,0.00
"hood|backstop=None,clearance_mm=1.0,funnel=True,gate=True,head_mass_g=80.0,retreat=30|v10|stop",bead,flooring,5.0,1,1,0,0,0,0,0,1,0,1,0,5.01,5.00
"hood|backstop=None,clearance_mm=1.0,funnel=True,gate=True,head_mass_g=80.0,retreat=30|v10|stop",bead,flooring,10.0,1,1,0,0,0,0,0,1,0,1,0,5.00,10.00
"hood|backstop=None,clearance_mm=1.0,funnel=True,gate=True,head_mass_g=80.0,retreat=30|v10|stop",bead,mat,0.0,1,1,0,0,0,0,0,1,0,1,0,5.01,0.00
"hood|backstop=None,clearance_mm=1.0,funnel=True,gate=True,head_mass_g=80.0,retreat=30|v10|stop",bead,mat,5.0,1,1,0,0,0,0,0,1,0,1,0,5.01,5.00
"hood|backstop=None,clearance_mm=1.0,funnel=True,gate=True,head_mass_g=80.0,retreat=30|v10|stop",bead,mat,10.0,1,1,0,0,0,0,0,1,0,1,0,5.00,10.00
"hood|backstop=None,clearance_mm=1.0,funnel=True,gate=True,head_mass_g=80.0,retreat=30|v10|stop",coin_1yen,flooring,0.0,1,1,0,0,0,0,0,1,0,1,0,11.00,0.00
"hood|backstop=None,clearance_mm=1.0,funnel=True,gate=True,head_mass_g=80.0,retreat=30|v10|stop",coin_1yen,flooring,5.0,1,1,0,0,0,0,0,1,0,1,0,11.01,5.00
"hood|backstop=None,clearance_mm=1.0,funnel=True,gate=True,head_mass_g=80.0,retreat=30|v10|stop",coin_1yen,flooring,10.0,1,1,0,0,0,0,0,1,1,0,1,11.00,5.00
"hood|backstop=None,clearance_mm=1.0,funnel=True,gate=True,head_mass_g=80.0,retreat=30|v10|stop",coin_1yen,mat,0.0,1,1,0,0,0,0,0,1,0,1,0,11.00,0.00
"hood|backstop=None,clearance_mm=1.0,funnel=True,gate=True,head_mass_g=80.0,retreat=30|v10|stop",coin_1yen,mat,5.0,1,1,0,0,0,0,0,1,0,1,0,11.00,5.00
"hood|backstop=None,clearance_mm=1.0,funnel=True,gate=True,head_mass_g=80.0,retreat=30|v10|stop",coin_1yen,mat,10.0,1,1,0,0,0,0,0,1,1,0,1,11.00,5.99
"hood|backstop=None,clearance_mm=1.0,funnel=True,gate=True,head_mass_g=80.0,retreat=30|v10|stop",crumb_cube,flooring,0.0,1,1,0,0,0,0,0,1,0,1,0,8.07,0.00
"hood|backstop=None,clearance_mm=1.0,funnel=True,gate=True,head_mass_g=80.0,retreat=30|v10|stop",crumb_cube,flooring,5.0,1,1,0,0,0,0,0,1,0,1,0,8.07,5.00
"hood|backstop=None,clearance_mm=1.0,funnel=True,gate=True,head_mass_g=80.0,retreat=30|v10|stop",crumb_cube,flooring,10.0,1,1,0,0,0,0,0,1,1,0,1,8.08,8.83
"hood|backstop=None,clearance_mm=1.0,funnel=True,gate=True,head_mass_g=80.0,retreat=30|v10|stop",crumb_cube,mat,0.0,1,1,0,0,0,0,0,1,0,1,0,8.07,0.00
"hood|backstop=None,clearance_mm=1.0,funnel=True,gate=True,head_mass_g=80.0,retreat=30|v10|stop",crumb_cube,mat,5.0,1,1,0,0,0,0,0,1,0,1,0,8.07,5.00
"hood|backstop=None,clearance_mm=1.0,funnel=True,gate=True,head_mass_g=80.0,retreat=30|v10|stop",crumb_cube,mat,10.0,1,1,0,0,0,0,0,1,1,0,1,8.08,8.83
"hood|backstop=None,clearance_mm=1.0,funnel=True,gate=True,head_mass_g=81.1,plate=0.002,retreat=30|v10|stop",battery_cr2032,flooring,0.0,1,0,0,0,1,0,0,0,1,0,0,,
"hood|backstop=None,clearance_mm=1.0,funnel=True,gate=True,head_mass_g=81.1,plate=0.002,retreat=30|v10|stop",battery_cr2032,flooring,5.0,1,0,0,0,1,0,0,0,1,0,0,,
"hood|backstop=None,clearance_mm=1.0,funnel=True,gate=True,head_mass_g=81.1,plate=0.002,retreat=30|v10|stop",battery_cr2032,flooring,10.0,1,0,0,0,1,0,0,0,1,0,0,,
"hood|backstop=None,clearance_mm=1.0,funnel=True,gate=True,head_mass_g=81.1,plate=0.002,retreat=30|v10|stop",battery_cr2032,mat,0.0,1,0,0,0,1,0,0,0,1,0,0,,
"hood|backstop=None,clearance_mm=1.0,funnel=True,gate=True,head_mass_g=81.1,plate=0.002,retreat=30|v10|stop",battery_cr2032,mat,5.0,1,0,0,0,1,0,0,0,1,0,0,,
"hood|backstop=None,clearance_mm=1.0,funnel=True,gate=True,head_mass_g=81.1,plate=0.002,retreat=30|v10|stop",battery_cr2032,mat,10.0,1,0,0,0,1,0,0,0,1,0,0,,
"hood|backstop=None,clearance_mm=1.0,funnel=True,gate=True,head_mass_g=81.1,plate=0.002,retreat=30|v10|stop",bead,flooring,0.0,1,0,0,0,1,0,0,0,1,0,0,,
"hood|backstop=None,clearance_mm=1.0,funnel=True,gate=True,head_mass_g=81.1,plate=0.002,retreat=30|v10|stop",bead,flooring,5.0,1,0,0,0,1,0,0,0,1,0,0,,
"hood|backstop=None,clearance_mm=1.0,funnel=True,gate=True,head_mass_g=81.1,plate=0.002,retreat=30|v10|stop",bead,flooring,10.0,1,0,0,0,1,0,0,0,1,0,0,,
"hood|backstop=None,clearance_mm=1.0,funnel=True,gate=True,head_mass_g=81.1,plate=0.002,retreat=30|v10|stop",bead,mat,0.0,1,0,0,0,1,0,0,0,1,0,0,,
"hood|backstop=None,clearance_mm=1.0,funnel=True,gate=True,head_mass_g=81.1,plate=0.002,retreat=30|v10|stop",bead,mat,5.0,1,0,0,0,1,0,0,0,1,0,0,,
"hood|backstop=None,clearance_mm=1.0,funnel=True,gate=True,head_mass_g=81.1,plate=0.002,retreat=30|v10|stop",bead,mat,10.0,1,0,0,0,1,0,0,0,1,0,0,,
"hood|backstop=None,clearance_mm=1.0,funnel=True,gate=True,head_mass_g=81.1,plate=0.002,retreat=30|v10|stop",coin_1yen,flooring,0.0,1,0,0,0,1,0,0,0,1,0,0,,
"hood|backstop=None,clearance_mm=1.0,funnel=True,gate=True,head_mass_g=81.1,plate=0.002,retreat=30|v10|stop",coin_1yen,flooring,5.0,1,0,0,0,1,0,0,0,1,0,0,,
"hood|backstop=None,clearance_mm=1.0,funnel=True,gate=True,head_mass_g=81.1,plate=0.002,retreat=30|v10|stop",coin_1yen,flooring,10.0,1,0,0,0,1,0,0,0,1,0,0,,
"hood|backstop=None,clearance_mm=1.0,funnel=True,gate=True,head_mass_g=81.1,plate=0.002,retreat=30|v10|stop",coin_1yen,mat,0.0,1,0,0,0,1,0,0,0,1,0,0,,
"hood|backstop=None,clearance_mm=1.0,funnel=True,gate=True,head_mass_g=81.1,plate=0.002,retreat=30|v10|stop",coin_1yen,mat,5.0,1,0,0,0,1,0,0,0,1,0,0,,
"hood|backstop=None,clearance_mm=1.0,funnel=True,gate=True,head_mass_g=81.1,plate=0.002,retreat=30|v10|stop",coin_1yen,mat,10.0,1,0,0,0,1,0,0,0,1,0,0,,
"hood|backstop=None,clearance_mm=1.0,funnel=True,gate=True,head_mass_g=81.1,plate=0.002,retreat=30|v10|stop",crumb_cube,flooring,0.0,1,0,0,0,1,0,0,0,1,0,0,,
"hood|backstop=None,clearance_mm=1.0,funnel=True,gate=True,head_mass_g=81.1,plate=0.002,retreat=30|v10|stop",crumb_cube,flooring,5.0,1,0,0,0,1,0,0,0,1,0,0,,
"hood|backstop=None,clearance_mm=1.0,funnel=True,gate=True,head_mass_g=81.1,plate=0.002,retreat=30|v10|stop",crumb_cube,flooring,10.0,1,0,0,0,1,0,0,0,1,0,0,,
"hood|backstop=None,clearance_mm=1.0,funnel=True,gate=True,head_mass_g=81.1,plate=0.002,retreat=30|v10|stop",crumb_cube,mat,0.0,1,0,0,0,1,0,0,0,1,0,0,,
"hood|backstop=None,clearance_mm=1.0,funnel=True,gate=True,head_mass_g=81.1,plate=0.002,retreat=30|v10|stop",crumb_cube,mat,5.0,1,0,0,0,1,0,0,0,1,0,0,,
"hood|backstop=None,clearance_mm=1.0,funnel=True,gate=True,head_mass_g=81.1,plate=0.002,retreat=30|v10|stop",crumb_cube,mat,10.0,1,0,0,0,1,0,0,0,1,0,0,,
"hood|backstop=None,clearance_mm=1.0,funnel=True,gate=True,head_mass_g=81.1,retreat=30|v10|stop",battery_cr2032,flooring,0.0,1,1,0,0,0,0,0,1,0,1,0,11.00,0.01
"hood|backstop=None,clearance_mm=1.0,funnel=True,gate=True,head_mass_g=81.1,retreat=30|v10|stop",battery_cr2032,flooring,5.0,1,1,0,0,0,0,0,1,0,1,0,11.01,5.00
"hood|backstop=None,clearance_mm=1.0,funnel=True,gate=True,head_mass_g=81.1,retreat=30|v10|stop",battery_cr2032,flooring,10.0,1,1,0,0,0,0,0,1,1,0,1,11.01,4.75
"hood|backstop=None,clearance_mm=1.0,funnel=True,gate=True,head_mass_g=81.1,retreat=30|v10|stop",battery_cr2032,mat,0.0,1,1,0,0,0,0,0,1,0,1,0,11.00,0.01
"hood|backstop=None,clearance_mm=1.0,funnel=True,gate=True,head_mass_g=81.1,retreat=30|v10|stop",battery_cr2032,mat,5.0,1,1,0,0,0,0,0,1,0,1,0,11.01,5.00
"hood|backstop=None,clearance_mm=1.0,funnel=True,gate=True,head_mass_g=81.1,retreat=30|v10|stop",battery_cr2032,mat,10.0,1,1,0,0,0,0,0,1,1,0,1,11.01,5.00
"hood|backstop=None,clearance_mm=1.0,funnel=True,gate=True,head_mass_g=81.1,retreat=30|v10|stop",bead,flooring,0.0,1,1,0,0,0,0,0,1,0,1,0,5.01,0.00
"hood|backstop=None,clearance_mm=1.0,funnel=True,gate=True,head_mass_g=81.1,retreat=30|v10|stop",bead,flooring,5.0,1,1,0,0,0,0,0,1,0,1,0,5.00,5.00
"hood|backstop=None,clearance_mm=1.0,funnel=True,gate=True,head_mass_g=81.1,retreat=30|v10|stop",bead,flooring,10.0,1,1,0,0,0,0,0,1,0,1,0,5.00,10.00
"hood|backstop=None,clearance_mm=1.0,funnel=True,gate=True,head_mass_g=81.1,retreat=30|v10|stop",bead,mat,0.0,1,1,0,0,0,0,0,1,0,1,0,5.01,0.00
"hood|backstop=None,clearance_mm=1.0,funnel=True,gate=True,head_mass_g=81.1,retreat=30|v10|stop",bead,mat,5.0,1,1,0,0,0,0,0,1,0,1,0,5.00,5.00
"hood|backstop=None,clearance_mm=1.0,funnel=True,gate=True,head_mass_g=81.1,retreat=30|v10|stop",bead,mat,10.0,1,1,0,0,0,0,0,1,0,1,0,5.00,10.00
"hood|backstop=None,clearance_mm=1.0,funnel=True,gate=True,head_mass_g=81.1,retreat=30|v10|stop",coin_1yen,flooring,0.0,1,1,0,0,0,0,0,1,0,1,0,11.00,0.00
"hood|backstop=None,clearance_mm=1.0,funnel=True,gate=True,head_mass_g=81.1,retreat=30|v10|stop",coin_1yen,flooring,5.0,1,1,0,0,0,0,0,1,0,1,0,11.00,5.00
"hood|backstop=None,clearance_mm=1.0,funnel=True,gate=True,head_mass_g=81.1,retreat=30|v10|stop",coin_1yen,flooring,10.0,1,1,0,0,0,0,0,1,1,0,1,11.00,5.99
"hood|backstop=None,clearance_mm=1.0,funnel=True,gate=True,head_mass_g=81.1,retreat=30|v10|stop",coin_1yen,mat,0.0,1,1,0,0,0,0,0,1,0,1,0,11.00,0.00
"hood|backstop=None,clearance_mm=1.0,funnel=True,gate=True,head_mass_g=81.1,retreat=30|v10|stop",coin_1yen,mat,5.0,1,1,0,0,0,0,0,1,0,1,0,11.01,5.00
"hood|backstop=None,clearance_mm=1.0,funnel=True,gate=True,head_mass_g=81.1,retreat=30|v10|stop",coin_1yen,mat,10.0,1,0,0,0,1,0,0,0,1,0,0,,
"hood|backstop=None,clearance_mm=1.0,funnel=True,gate=True,head_mass_g=81.1,retreat=30|v10|stop",crumb_cube,flooring,0.0,1,1,0,0,0,0,0,1,0,1,0,8.07,0.00
"hood|backstop=None,clearance_mm=1.0,funnel=True,gate=True,head_mass_g=81.1,retreat=30|v10|stop",crumb_cube,flooring,5.0,1,1,0,0,0,0,0,1,0,1,0,8.07,5.00
"hood|backstop=None,clearance_mm=1.0,funnel=True,gate=True,head_mass_g=81.1,retreat=30|v10|stop",crumb_cube,flooring,10.0,1,1,0,0,0,0,0,1,1,0,1,8.08,8.83
"hood|backstop=None,clearance_mm=1.0,funnel=True,gate=True,head_mass_g=81.1,retreat=30|v10|stop",crumb_cube,mat,0.0,1,1,0,0,0,0,0,1,0,1,0,8.07,0.00
"hood|backstop=None,clearance_mm=1.0,funnel=True,gate=True,head_mass_g=81.1,retreat=30|v10|stop",crumb_cube,mat,5.0,1,1,0,0,0,0,0,1,0,1,0,8.07,5.00
"hood|backstop=None,clearance_mm=1.0,funnel=True,gate=True,head_mass_g=81.1,retreat=30|v10|stop",crumb_cube,mat,10.0,1,1,0,0,0,0,0,1,1,0,1,8.08,8.83
