config,law,mu_f,ratio,amp,output,param,spearman
FW6_HEADYAW,decoupled,0.2,2.0,30,margin_nm,tau_s,0.5519366915485212
FW6_HEADYAW,decoupled,0.2,2.0,30,margin_nm,rpm0,0.009657750850861206
FW6_HEADYAW,decoupled,0.2,2.0,30,margin_nm,i_s,0.013075836563981839
FW6_HEADYAW,decoupled,0.2,2.0,30,margin_nm,i0,-0.021979624664402737
FW6_HEADYAW,decoupled,0.2,2.0,30,margin_nm,r_th,-0.024976050330672257
FW6_HEADYAW,decoupled,0.2,2.0,30,margin_nm,cap_err,0.7767831489759054
FW6_HEADYAW,decoupled,0.2,2.0,30,margin_nm,v_oc,0.11787638776404306
FW6_HEADYAW,decoupled,0.2,2.0,30,margin_nm,r_pack,-0.005702948633660958
FW6_HEADYAW,decoupled,0.2,2.0,30,margin_nm,r_wire,-0.002754767861640873
FW6_HEADYAW,decoupled,0.2,2.0,30,margin_nm,i_elec,0.0075425075047230545
FW6_HEADYAW,decoupled,0.2,2.0,30,t_ss_c,tau_s,-0.24637546026393997
FW6_HEADYAW,decoupled,0.2,2.0,30,t_ss_c,rpm0,0.013892905099211676
FW6_HEADYAW,decoupled,0.2,2.0,30,t_ss_c,i_s,-0.085161287240143
FW6_HEADYAW,decoupled,0.2,2.0,30,t_ss_c,i0,0.5518656062072895
FW6_HEADYAW,decoupled,0.2,2.0,30,t_ss_c,r_th,0.4358489942054437
FW6_HEADYAW,decoupled,0.2,2.0,30,t_ss_c,cap_err,-0.04722990258110028
FW6_HEADYAW,decoupled,0.2,2.0,30,t_ss_c,v_oc,-0.05135322348369149
FW6_HEADYAW,decoupled,0.2,2.0,30,t_ss_c,r_pack,0.002284002031555781
FW6_HEADYAW,decoupled,0.2,2.0,30,t_ss_c,r_wire,0.03981070042341115
FW6_HEADYAW,decoupled,0.2,2.0,30,t_ss_c,i_elec,0.01572551996950222
FW6_HEADYAW,decoupled,0.2,2.0,30,i_peak_a,tau_s,-0.30593719177079903
FW6_HEADYAW,decoupled,0.2,2.0,30,i_peak_a,rpm0,-0.001344480149386683
FW6_HEADYAW,decoupled,0.2,2.0,30,i_peak_a,i_s,0.44379130042125553
FW6_HEADYAW,decoupled,0.2,2.0,30,i_peak_a,i0,0.7319154719906079
FW6_HEADYAW,decoupled,0.2,2.0,30,i_peak_a,r_th,0.036794990754998966
FW6_HEADYAW,decoupled,0.2,2.0,30,i_peak_a,cap_err,-0.004533732503748056
FW6_HEADYAW,decoupled,0.2,2.0,30,i_peak_a,v_oc,-0.05521519102391011
FW6_HEADYAW,decoupled,0.2,2.0,30,i_peak_a,r_pack,0.0041391226821247415
FW6_HEADYAW,decoupled,0.2,2.0,30,i_peak_a,r_wire,0.013645307738367524
FW6_HEADYAW,decoupled,0.2,2.0,30,i_peak_a,i_elec,0.3519768199974244
FW6_HEADYAW,decoupled,0.2,2.0,30,runtime_min,tau_s,0.2102396255821806
FW6_HEADYAW,decoupled,0.2,2.0,30,runtime_min,rpm0,-0.0077342950815883415
FW6_HEADYAW,decoupled,0.2,2.0,30,runtime_min,i_s,-0.2929877925541991
FW6_HEADYAW,decoupled,0.2,2.0,30,runtime_min,i0,-0.6567351698594632
FW6_HEADYAW,decoupled,0.2,2.0,30,runtime_min,r_th,-0.03438014782001642
FW6_HEADYAW,decoupled,0.2,2.0,30,runtime_min,cap_err,-0.0042192595799177305
FW6_HEADYAW,decoupled,0.2,2.0,30,runtime_min,v_oc,0.009976001997333553
FW6_HEADYAW,decoupled,0.2,2.0,30,runtime_min,r_pack,-0.011669495518832833
FW6_HEADYAW,decoupled,0.2,2.0,30,runtime_min,r_wire,0.0003854333761592639
FW6_HEADYAW,decoupled,0.2,2.0,30,runtime_min,i_elec,-0.32092784588087175
FW6_HEADYAW,decoupled,0.2,2.0,40,margin_nm,tau_s,0.5518349808705534
FW6_HEADYAW,decoupled,0.2,2.0,40,margin_nm,rpm0,0.0096447984049776
FW6_HEADYAW,decoupled,0.2,2.0,40,margin_nm,i_s,0.013255833472870385
FW6_HEADYAW,decoupled,0.2,2.0,40,margin_nm,i0,-0.02199719711079967
FW6_HEADYAW,decoupled,0.2,2.0,40,margin_nm,r_th,-0.024975187219465244
FW6_HEADYAW,decoupled,0.2,2.0,40,margin_nm,cap_err,0.776870017430002
FW6_HEADYAW,decoupled,0.2,2.0,40,margin_nm,v_oc,0.11782034375781596
FW6_HEADYAW,decoupled,0.2,2.0,40,margin_nm,r_pack,-0.005597507733056414
FW6_HEADYAW,decoupled,0.2,2.0,40,margin_nm,r_wire,-0.002683028742558749
FW6_HEADYAW,decoupled,0.2,2.0,40,margin_nm,i_elec,0.007525058613895401
FW6_HEADYAW,decoupled,0.2,2.0,40,t_ss_c,tau_s,-0.23782553531394834
FW6_HEADYAW,decoupled,0.2,2.0,40,t_ss_c,rpm0,0.013890481098942344
FW6_HEADYAW,decoupled,0.2,2.0,40,t_ss_c,i_s,-0.09142677726964189
FW6_HEADYAW,decoupled,0.2,2.0,40,t_ss_c,i0,0.552547523171947
FW6_HEADYAW,decoupled,0.2,2.0,40,t_ss_c,r_th,0.43025306291700693
FW6_HEADYAW,decoupled,0.2,2.0,40,t_ss_c,cap_err,-0.04755203239467026
FW6_HEADYAW,decoupled,0.2,2.0,40,t_ss_c,v_oc,-0.049270587696731954
FW6_HEADYAW,decoupled,0.2,2.0,40,t_ss_c,r_pack,0.0023356820372980036
FW6_HEADYAW,decoupled,0.2,2.0,40,t_ss_c,r_wire,0.03965326618369624
FW6_HEADYAW,decoupled,0.2,2.0,40,t_ss_c,i_elec,0.015834318648257625
FW6_HEADYAW,decoupled,0.2,2.0,40,i_peak_a,tau_s,-0.29644481782720195
FW6_HEADYAW,decoupled,0.2,2.0,40,i_peak_a,rpm0,-0.0008300085366676152
FW6_HEADYAW,decoupled,0.2,2.0,40,i_peak_a,i_s,0.43000284200031574
FW6_HEADYAW,decoupled,0.2,2.0,40,i_peak_a,i0,0.743007835445315
FW6_HEADYAW,decoupled,0.2,2.0,40,i_peak_a,r_th,0.036753571639285734
FW6_HEADYAW,decoupled,0.2,2.0,40,i_peak_a,cap_err,-0.005223719691524409
FW6_HEADYAW,decoupled,0.2,2.0,40,i_peak_a,v_oc,-0.0526975796330644
FW6_HEADYAW,decoupled,0.2,2.0,40,i_peak_a,r_pack,0.004099192455465828
FW6_HEADYAW,decoupled,0.2,2.0,40,i_peak_a,r_wire,0.01374130374903375
FW6_HEADYAW,decoupled,0.2,2.0,40,i_peak_a,i_elec,0.35687727876414205
FW6_HEADYAW,decoupled,0.2,2.0,40,runtime_min,tau_s,0.20433240759248972
FW6_HEADYAW,decoupled,0.2,2.0,40,runtime_min,rpm0,-0.008033390225932245
FW6_HEADYAW,decoupled,0.2,2.0,40,runtime_min,i_s,-0.284937943215327
FW6_HEADYAW,decoupled,0.2,2.0,40,runtime_min,i0,-0.6621921682435741
FW6_HEADYAW,decoupled,0.2,2.0,40,runtime_min,r_th,-0.034258919362102146
FW6_HEADYAW,decoupled,0.2,2.0,40,runtime_min,cap_err,-0.0037165581907286868
FW6_HEADYAW,decoupled,0.2,2.0,40,runtime_min,v_oc,0.00851411427934603
FW6_HEADYAW,decoupled,0.2,2.0,40,runtime_min,r_pack,-0.01168636174292908
FW6_HEADYAW,decoupled,0.2,2.0,40,runtime_min,r_wire,5.352667261407472e-05
FW6_HEADYAW,decoupled,0.2,2.0,40,runtime_min,i_elec,-0.3232345536927282
FW6_HEADYAW,decoupled,0.2,4.0,30,margin_nm,tau_s,0.5536703539633726
FW6_HEADYAW,decoupled,0.2,4.0,30,margin_nm,rpm0,0.009774246419360711
FW6_HEADYAW,decoupled,0.2,4.0,30,margin_nm,i_s,0.009817556646395182
FW6_HEADYAW,decoupled,0.2,4.0,30,margin_nm,i0,-0.0216928152992017
FW6_HEADYAW,decoupled,0.2,4.0,30,margin_nm,r_th,-0.025064023673780404
FW6_HEADYAW,decoupled,0.2,4.0,30,margin_nm,cap_err,0.7752686408076266
FW6_HEADYAW,decoupled,0.2,4.0,30,margin_nm,v_oc,0.11886962654106958
FW6_HEADYAW,decoupled,0.2,4.0,30,margin_nm,r_pack,-0.007909678212186468
FW6_HEADYAW,decoupled,0.2,4.0,30,margin_nm,r_wire,-0.004293649365961039
FW6_HEADYAW,decoupled,0.2,4.0,30,margin_nm,i_elec,0.007679804853311651
FW6_HEADYAW,decoupled,0.2,4.0,30,t_ss_c,tau_s,-0.4260500375611152
FW6_HEADYAW,decoupled,0.2,4.0,30,t_ss_c,rpm0,0.012933709881523318
FW6_HEADYAW,decoupled,0.2,4.0,30,t_ss_c,i_s,0.063407258156362
FW6_HEADYAW,decoupled,0.2,4.0,30,t_ss_c,i0,0.5057189419687712
FW6_HEADYAW,decoupled,0.2,4.0,30,t_ss_c,r_th,0.5378960406551155
FW6_HEADYAW,decoupled,0.2,4.0,30,t_ss_c,cap_err,-0.032227750247527796
FW6_HEADYAW,decoupled,0.2,4.0,30,t_ss_c,v_oc,-0.09622914269212694
FW6_HEADYAW,decoupled,0.2,4.0,30,t_ss_c,r_pack,0.004078486230942914
FW6_HEADYAW,decoupled,0.2,4.0,30,t_ss_c,r_wire,0.04164088018232002
FW6_HEADYAW,decoupled,0.2,4.0,30,t_ss_c,i_elec,0.012560609395623264
FW6_HEADYAW,decoupled,0.2,4.0,30,i_peak_a,tau_s,-0.4219179842131093
FW6_HEADYAW,decoupled,0.2,4.0,30,i_peak_a,rpm0,-0.005728899303211033
FW6_HEADYAW,decoupled,0.2,4.0,30,i_peak_a,i_s,0.6171325325702813
FW6_HEADYAW,decoupled,0.2,4.0,30,i_peak_a,i0,0.5455773317308146
FW6_HEADYAW,decoupled,0.2,4.0,30,i_peak_a,r_th,0.03543069771452196
FW6_HEADYAW,decoupled,0.2,4.0,30,i_peak_a,cap_err,0.006224769136085459
FW6_HEADYAW,decoupled,0.2,4.0,30,i_peak_a,v_oc,-0.09045518205057576
FW6_HEADYAW,decoupled,0.2,4.0,30,i_peak_a,r_pack,0.0048430023158891455
FW6_HEADYAW,decoupled,0.2,4.0,30,i_peak_a,r_wire,0.010537366948596326
FW6_HEADYAW,decoupled,0.2,4.0,30,i_peak_a,i_elec,0.26820909557878836
FW6_HEADYAW,decoupled,0.2,4.0,30,runtime_min,tau_s,0.3162134658014962
FW6_HEADYAW,decoupled,0.2,4.0,30,runtime_min,rpm0,-0.0024632776070308447
FW6_HEADYAW,decoupled,0.2,4.0,30,runtime_min,i_s,-0.4429487518831946
FW6_HEADYAW,decoupled,0.2,4.0,30,runtime_min,i0,-0.5369659858851095
FW6_HEADYAW,decoupled,0.2,4.0,30,runtime_min,r_th,-0.035613438623715396
FW6_HEADYAW,decoupled,0.2,4.0,30,runtime_min,cap_err,-0.012190936021215112
FW6_HEADYAW,decoupled,0.2,4.0,30,runtime_min,v_oc,0.039141358126817564
FW6_HEADYAW,decoupled,0.2,4.0,30,runtime_min,r_pack,-0.014266151807350198
FW6_HEADYAW,decoupled,0.2,4.0,30,runtime_min,r_wire,0.0032337381370820145
FW6_HEADYAW,decoupled,0.2,4.0,30,runtime_min,i_elec,-0.26710988567887617
FW6_HEADYAW,decoupled,0.2,4.0,40,margin_nm,tau_s,0.5532573374730374
FW6_HEADYAW,decoupled,0.2,4.0,40,margin_nm,rpm0,0.009733660637073403
FW6_HEADYAW,decoupled,0.2,4.0,40,margin_nm,i_s,0.010605188289465365
FW6_HEADYAW,decoupled,0.2,4.0,40,margin_nm,i0,-0.02177293486365943
FW6_HEADYAW,decoupled,0.2,4.0,40,margin_nm,r_th,-0.025015710779523418
FW6_HEADYAW,decoupled,0.2,4.0,40,margin_nm,cap_err,0.7756395017377223
FW6_HEADYAW,decoupled,0.2,4.0,40,margin_nm,v_oc,0.11863330251481138
FW6_HEADYAW,decoupled,0.2,4.0,40,margin_nm,r_pack,-0.007388867932096435
FW6_HEADYAW,decoupled,0.2,4.0,40,margin_nm,r_wire,-0.003907266656362961
FW6_HEADYAW,decoupled,0.2,4.0,40,margin_nm,i_elec,0.007628673736519304
FW6_HEADYAW,decoupled,0.2,4.0,40,t_ss_c,tau_s,-0.39304211122690125
FW6_HEADYAW,decoupled,0.2,4.0,40,t_ss_c,rpm0,0.013550190394465597
FW6_HEADYAW,decoupled,0.2,4.0,40,t_ss_c,i_s,0.033158419239824356
FW6_HEADYAW,decoupled,0.2,4.0,40,t_ss_c,i0,0.5215936615104068
FW6_HEADYAW,decoupled,0.2,4.0,40,t_ss_c,r_th,0.5226023496224832
FW6_HEADYAW,decoupled,0.2,4.0,40,t_ss_c,cap_err,-0.035392787488087496
FW6_HEADYAW,decoupled,0.2,4.0,40,t_ss_c,v_oc,-0.0875289088365454
FW6_HEADYAW,decoupled,0.2,4.0,40,t_ss_c,r_pack,0.0038171573130174785
FW6_HEADYAW,decoupled,0.2,4.0,40,t_ss_c,r_wire,0.04199977355553039
FW6_HEADYAW,decoupled,0.2,4.0,40,t_ss_c,i_elec,0.013681997075777453
FW6_HEADYAW,decoupled,0.2,4.0,40,i_peak_a,tau_s,-0.4013554045950449
FW6_HEADYAW,decoupled,0.2,4.0,40,i_peak_a,rpm0,-0.005141465015718334
FW6_HEADYAW,decoupled,0.2,4.0,40,i_peak_a,i_s,0.5849860156651128
FW6_HEADYAW,decoupled,0.2,4.0,40,i_peak_a,i0,0.5878575306508366
FW6_HEADYAW,decoupled,0.2,4.0,40,i_peak_a,r_th,0.03594570977174553
FW6_HEADYAW,decoupled,0.2,4.0,40,i_peak_a,cap_err,0.003811692867965874
FW6_HEADYAW,decoupled,0.2,4.0,40,i_peak_a,v_oc,-0.08364690084965565
FW6_HEADYAW,decoupled,0.2,4.0,40,i_peak_a,r_pack,0.004390408487823165
FW6_HEADYAW,decoupled,0.2,4.0,40,i_peak_a,r_wire,0.011162931906992432
FW6_HEADYAW,decoupled,0.2,4.0,40,i_peak_a,i_elec,0.2871637247959694
FW6_HEADYAW,decoupled,0.2,4.0,40,runtime_min,tau_s,0.2985646336182926
FW6_HEADYAW,decoupled,0.2,4.0,40,runtime_min,rpm0,-0.0034701954966883876
FW6_HEADYAW,decoupled,0.2,4.0,40,runtime_min,i_s,-0.41742876860319644
FW6_HEADYAW,decoupled,0.2,4.0,40,runtime_min,i0,-0.5602689404743266
FW6_HEADYAW,decoupled,0.2,4.0,40,runtime_min,r_th,-0.03547541638615737
FW6_HEADYAW,decoupled,0.2,4.0,40,runtime_min,cap_err,-0.010874157208239688
FW6_HEADYAW,decoupled,0.2,4.0,40,runtime_min,v_oc,0.033909796212199576
FW6_HEADYAW,decoupled,0.2,4.0,40,runtime_min,r_pack,-0.013566599729622191
FW6_HEADYAW,decoupled,0.2,4.0,40,runtime_min,r_wire,0.002920120768902307
FW6_HEADYAW,decoupled,0.2,4.0,40,runtime_min,i_elec,-0.2779295775477308
FW6_HEADYAW,decoupled,0.2,8.0,30,margin_nm,tau_s,0.5552466696940743
FW6_HEADYAW,decoupled,0.2,8.0,30,margin_nm,rpm0,0.009870278430030936
FW6_HEADYAW,decoupled,0.2,8.0,30,margin_nm,i_s,0.006659403851044872
FW6_HEADYAW,decoupled,0.2,8.0,30,margin_nm,i0,-0.021515192612799175
FW6_HEADYAW,decoupled,0.2,8.0,30,margin_nm,r_th,-0.025268334807592756
FW6_HEADYAW,decoupled,0.2,8.0,30,margin_nm,cap_err,0.7738594402066044
FW6_HEADYAW,decoupled,0.2,8.0,30,margin_nm,v_oc,0.11973321152591238
FW6_HEADYAW,decoupled,0.2,8.0,30,margin_nm,r_pack,-0.01013798734866526
FW6_HEADYAW,decoupled,0.2,8.0,30,margin_nm,r_wire,-0.005806633089625898
FW6_HEADYAW,decoupled,0.2,8.0,30,margin_nm,i_elec,0.007762499529166613
FW6_HEADYAW,decoupled,0.2,8.0,30,t_ss_c,tau_s,-0.5440195253355027
FW6_HEADYAW,decoupled,0.2,8.0,30,t_ss_c,rpm0,0.010384348264927583
FW6_HEADYAW,decoupled,0.2,8.0,30,t_ss_c,i_s,0.18676393364043703
FW6_HEADYAW,decoupled,0.2,8.0,30,t_ss_c,i0,0.41823118735902076
FW6_HEADYAW,decoupled,0.2,8.0,30,t_ss_c,r_th,0.5758918302102033
FW6_HEADYAW,decoupled,0.2,8.0,30,t_ss_c,cap_err,-0.018080552231172466
FW6_HEADYAW,decoupled,0.2,8.0,30,t_ss_c,v_oc,-0.1273689381521042
FW6_HEADYAW,decoupled,0.2,8.0,30,t_ss_c,r_pack,0.00818694668743852
FW6_HEADYAW,decoupled,0.2,8.0,30,t_ss_c,r_wire,0.03993690443743382
FW6_HEADYAW,decoupled,0.2,8.0,30,t_ss_c,i_elec,0.0076717519635279945
FW6_HEADYAW,decoupled,0.2,8.0,30,i_peak_a,tau_s,-0.47092408965823207
FW6_HEADYAW,decoupled,0.2,8.0,30,i_peak_a,rpm0,-0.0077840715315635025
FW6_HEADYAW,decoupled,0.2,8.0,30,i_peak_a,i_s,0.6962051622450178
FW6_HEADYAW,decoupled,0.2,8.0,30,i_peak_a,i0,0.41816131846236865
FW6_HEADYAW,decoupled,0.2,8.0,30,i_peak_a,r_th,0.033060282784475856
FW6_HEADYAW,decoupled,0.2,8.0,30,i_peak_a,cap_err,0.013183336131481791
FW6_HEADYAW,decoupled,0.2,8.0,30,i_peak_a,v_oc,-0.107398619044291
FW6_HEADYAW,decoupled,0.2,8.0,30,i_peak_a,r_pack,0.0068642478738053184
FW6_HEADYAW,decoupled,0.2,8.0,30,i_peak_a,r_wire,0.008848174316463812
FW6_HEADYAW,decoupled,0.2,8.0,30,i_peak_a,i_elec,0.20956700372966705
FW6_HEADYAW,decoupled,0.2,8.0,30,runtime_min,tau_s,0.38794311021590105
FW6_HEADYAW,decoupled,0.2,8.0,30,runtime_min,rpm0,0.0011165254573917173
FW6_HEADYAW,decoupled,0.2,8.0,30,runtime_min,i_s,-0.5498710295412255
FW6_HEADYAW,decoupled,0.2,8.0,30,runtime_min,i0,-0.4242264995807221
FW6_HEADYAW,decoupled,0.2,8.0,30,runtime_min,r_th,-0.03549459861051095
FW6_HEADYAW,decoupled,0.2,8.0,30,runtime_min,cap_err,-0.017155514350612702
FW6_HEADYAW,decoupled,0.2,8.0,30,runtime_min,v_oc,0.060859388984376546
FW6_HEADYAW,decoupled,0.2,8.0,30,runtime_min,r_pack,-0.015710188856687648
FW6_HEADYAW,decoupled,0.2,8.0,30,runtime_min,r_wire,0.0032180043575560395
FW6_HEADYAW,decoupled,0.2,8.0,30,runtime_min,i_elec,-0.21306967122996343
FW6_HEADYAW,decoupled,0.2,8.0,40,margin_nm,tau_s,0.5544193744910415
FW6_HEADYAW,decoupled,0.2,8.0,40,margin_nm,rpm0,0.009817309979701108
FW6_HEADYAW,decoupled,0.2,8.0,40,margin_nm,i_s,0.008334477814941978
FW6_HEADYAW,decoupled,0.2,8.0,40,margin_nm,i0,-0.021639881071097895
FW6_HEADYAW,decoupled,0.2,8.0,40,margin_nm,r_th,-0.025170030352225595
FW6_HEADYAW,decoupled,0.2,8.0,40,margin_nm,cap_err,0.7746063287340363
FW6_HEADYAW,decoupled,0.2,8.0,40,margin_nm,v_oc,0.11928325992036219
FW6_HEADYAW,decoupled,0.2,8.0,40,margin_nm,r_pack,-0.00894343699371522
FW6_HEADYAW,decoupled,0.2,8.0,40,margin_nm,r_wire,-0.005020309002256556
FW6_HEADYAW,decoupled,0.2,8.0,40,margin_nm,i_elec,0.007723964413773822
FW6_HEADYAW,decoupled,0.2,8.0,40,t_ss_c,tau_s,-0.49970898174544237
FW6_HEADYAW,decoupled,0.2,8.0,40,t_ss_c,rpm0,0.01148713772079308
FW6_HEADYAW,decoupled,0.2,8.0,40,t_ss_c,i_s,0.13652417916935322
FW6_HEADYAW,decoupled,0.2,8.0,40,t_ss_c,i0,0.4591717634635292
FW6_HEADYAW,decoupled,0.2,8.0,40,t_ss_c,r_th,0.5660157620017513
FW6_HEADYAW,decoupled,0.2,8.0,40,t_ss_c,cap_err,-0.023758596862066314
FW6_HEADYAW,decoupled,0.2,8.0,40,t_ss_c,v_oc,-0.11533934259326027
FW6_HEADYAW,decoupled,0.2,8.0,40,t_ss_c,r_pack,0.006233858470428718
FW6_HEADYAW,decoupled,0.2,8.0,40,t_ss_c,r_wire,0.0407897325321925
FW6_HEADYAW,decoupled,0.2,8.0,40,t_ss_c,i_elec,0.009628823292091476
FW6_HEADYAW,decoupled,0.2,8.0,40,i_peak_a,tau_s,-0.4491148721238746
FW6_HEADYAW,decoupled,0.2,8.0,40,i_peak_a,rpm0,-0.006729260747695639
FW6_HEADYAW,decoupled,0.2,8.0,40,i_peak_a,i_s,0.6603927107103011
FW6_HEADYAW,decoupled,0.2,8.0,40,i_peak_a,i0,0.480886564987396
FW6_HEADYAW,decoupled,0.2,8.0,40,i_peak_a,r_th,0.03433370825930091
FW6_HEADYAW,decoupled,0.2,8.0,40,i_peak_a,cap_err,0.009767297974144218
FW6_HEADYAW,decoupled,0.2,8.0,40,i_peak_a,v_oc,-0.09941619193513243
FW6_HEADYAW,decoupled,0.2,8.0,40,i_peak_a,r_pack,0.005520704168967129
FW6_HEADYAW,decoupled,0.2,8.0,40,i_peak_a,r_wire,0.009657984628664958
FW6_HEADYAW,decoupled,0.2,8.0,40,i_peak_a,i_elec,0.23863438740382079
FW6_HEADYAW,decoupled,0.2,8.0,40,runtime_min,tau_s,0.36233858648206513
FW6_HEADYAW,decoupled,0.2,8.0,40,runtime_min,rpm0,-7.146400794044532e-05
FW6_HEADYAW,decoupled,0.2,8.0,40,runtime_min,i_s,-0.5115169515018835
FW6_HEADYAW,decoupled,0.2,8.0,40,runtime_min,i0,-0.4681521017946779
FW6_HEADYAW,decoupled,0.2,8.0,40,runtime_min,r_th,-0.03575360975040108
FW6_HEADYAW,decoupled,0.2,8.0,40,runtime_min,cap_err,-0.01543752438194715
FW6_HEADYAW,decoupled,0.2,8.0,40,runtime_min,v_oc,0.05280355920039546
FW6_HEADYAW,decoupled,0.2,8.0,40,runtime_min,r_pack,-0.014955202550578056
FW6_HEADYAW,decoupled,0.2,8.0,40,runtime_min,r_wire,0.0035160835017870556
FW6_HEADYAW,decoupled,0.2,8.0,40,runtime_min,i_elec,-0.2344237522693058
FW6_HEADYAW,decoupled,0.4,2.0,30,margin_nm,tau_s,0.5542708051412004
FW6_HEADYAW,decoupled,0.4,2.0,30,margin_nm,rpm0,0.009800214422246045
FW6_HEADYAW,decoupled,0.4,2.0,30,margin_nm,i_s,0.008618247624249734
FW6_HEADYAW,decoupled,0.4,2.0,30,margin_nm,i0,-0.021644154404906038
FW6_HEADYAW,decoupled,0.4,2.0,30,margin_nm,r_th,-0.025150063683340405
FW6_HEADYAW,decoupled,0.4,2.0,30,margin_nm,cap_err,0.7747380300820033
FW6_HEADYAW,decoupled,0.4,2.0,30,margin_nm,v_oc,0.11920525857836205
FW6_HEADYAW,decoupled,0.4,2.0,30,margin_nm,r_pack,-0.008740885415653933
FW6_HEADYAW,decoupled,0.4,2.0,30,margin_nm,r_wire,-0.004858839206537689
FW6_HEADYAW,decoupled,0.4,2.0,30,margin_nm,i_elec,0.007720645302293922
FW6_HEADYAW,decoupled,0.4,2.0,30,t_ss_c,tau_s,-0.4674660626073402
FW6_HEADYAW,decoupled,0.4,2.0,30,t_ss_c,rpm0,0.012224161358240148
FW6_HEADYAW,decoupled,0.4,2.0,30,t_ss_c,i_s,0.10379658219962024
FW6_HEADYAW,decoupled,0.4,2.0,30,t_ss_c,i0,0.48127526103058454
FW6_HEADYAW,decoupled,0.4,2.0,30,t_ss_c,r_th,0.5541146500127389
FW6_HEADYAW,decoupled,0.4,2.0,30,t_ss_c,cap_err,-0.027652779072531004
FW6_HEADYAW,decoupled,0.4,2.0,30,t_ss_c,v_oc,-0.10688370832041204
FW6_HEADYAW,decoupled,0.4,2.0,30,t_ss_c,r_pack,0.005613648179294241
FW6_HEADYAW,decoupled,0.4,2.0,30,t_ss_c,r_wire,0.04137978904219877
FW6_HEADYAW,decoupled,0.4,2.0,30,t_ss_c,i_elec,0.011014558557173171
FW6_HEADYAW,decoupled,0.4,2.0,30,i_peak_a,tau_s,-0.4444481209386801
FW6_HEADYAW,decoupled,0.4,2.0,30,i_peak_a,rpm0,-0.006600995400110599
FW6_HEADYAW,decoupled,0.4,2.0,30,i_peak_a,i_s,0.6529361116595679
FW6_HEADYAW,decoupled,0.4,2.0,30,i_peak_a,i0,0.4928807987645331
FW6_HEADYAW,decoupled,0.4,2.0,30,i_peak_a,r_th,0.034525466947274104
FW6_HEADYAW,decoupled,0.4,2.0,30,i_peak_a,cap_err,0.009030607670067517
FW6_HEADYAW,decoupled,0.4,2.0,30,i_peak_a,v_oc,-0.0978945797660644
FW6_HEADYAW,decoupled,0.4,2.0,30,i_peak_a,r_pack,0.005410880156764461
FW6_HEADYAW,decoupled,0.4,2.0,30,i_peak_a,r_wire,0.00976175397352822
FW6_HEADYAW,decoupled,0.4,2.0,30,i_peak_a,i_elec,0.24396235955137327
FW6_HEADYAW,decoupled,0.4,2.0,30,runtime_min,tau_s,0.3369102681011409
FW6_HEADYAW,decoupled,0.4,2.0,30,runtime_min,rpm0,-0.001471700607966734
FW6_HEADYAW,decoupled,0.4,2.0,30,runtime_min,i_s,-0.47329529747725524
FW6_HEADYAW,decoupled,0.4,2.0,30,runtime_min,i0,-0.5078270097585565
FW6_HEADYAW,decoupled,0.4,2.0,30,runtime_min,r_th,-0.03574801108311234
FW6_HEADYAW,decoupled,0.4,2.0,30,runtime_min,cap_err,-0.013716453079605897
FW6_HEADYAW,decoupled,0.4,2.0,30,runtime_min,v_oc,0.04507627300847477
FW6_HEADYAW,decoupled,0.4,2.0,30,runtime_min,r_pack,-0.014734671414963488
FW6_HEADYAW,decoupled,0.4,2.0,30,runtime_min,r_wire,0.00319253857694873
FW6_HEADYAW,decoupled,0.4,2.0,30,runtime_min,i_elec,-0.2534063103784789
FW6_HEADYAW,decoupled,0.4,2.0,40,margin_nm,tau_s,0.554072670452519
FW6_HEADYAW,decoupled,0.4,2.0,40,margin_nm,rpm0,0.009793465532607279
FW6_HEADYAW,decoupled,0.4,2.0,40,margin_nm,i_s,0.009007755667528407
FW6_HEADYAW,decoupled,0.4,2.0,40,margin_nm,i0,-0.02165201485022387
FW6_HEADYAW,decoupled,0.4,2.0,40,margin_nm,r_th,-0.025116834346314926
FW6_HEADYAW,decoupled,0.4,2.0,40,margin_nm,cap_err,0.7749133363237041
FW6_HEADYAW,decoupled,0.4,2.0,40,margin_nm,v_oc,0.11911154523461612
FW6_HEADYAW,decoupled,0.4,2.0,40,margin_nm,r_pack,-0.008454593383843708
FW6_HEADYAW,decoupled,0.4,2.0,40,margin_nm,r_wire,-0.004692975632552848
FW6_HEADYAW,decoupled,0.4,2.0,40,margin_nm,i_elec,0.007705517300613031
FW6_HEADYAW,decoupled,0.4,2.0,40,t_ss_c,tau_s,-0.4568043912004878
FW6_HEADYAW,decoupled,0.4,2.0,40,t_ss_c,rpm0,0.012434835159426125
FW6_HEADYAW,decoupled,0.4,2.0,40,t_ss_c,i_s,0.09290658232295357
FW6_HEADYAW,decoupled,0.4,2.0,40,t_ss_c,i0,0.4889164929907214
FW6_HEADYAW,decoupled,0.4,2.0,40,t_ss_c,r_th,0.5504623518291502
FW6_HEADYAW,decoupled,0.4,2.0,40,t_ss_c,cap_err,-0.02895597210621912
FW6_HEADYAW,decoupled,0.4,2.0,40,t_ss_c,v_oc,-0.10396824844091647
FW6_HEADYAW,decoupled,0.4,2.0,40,t_ss_c,r_pack,0.005315919257324361
FW6_HEADYAW,decoupled,0.4,2.0,40,t_ss_c,r_wire,0.04143360371484485
FW6_HEADYAW,decoupled,0.4,2.0,40,t_ss_c,i_elec,0.011395536377281818
FW6_HEADYAW,decoupled,0.4,2.0,40,i_peak_a,tau_s,-0.4377505299722811
FW6_HEADYAW,decoupled,0.4,2.0,40,i_peak_a,rpm0,-0.006284507364945262
FW6_HEADYAW,decoupled,0.4,2.0,40,i_peak_a,i_s,0.6422492082499119
FW6_HEADYAW,decoupled,0.4,2.0,40,i_peak_a,i0,0.5092861934762436
FW6_HEADYAW,decoupled,0.4,2.0,40,i_peak_a,r_th,0.034743962527106945
FW6_HEADYAW,decoupled,0.4,2.0,40,i_peak_a,cap_err,0.008031408447934272
FW6_HEADYAW,decoupled,0.4,2.0,40,i_peak_a,v_oc,-0.09577381241931247
FW6_HEADYAW,decoupled,0.4,2.0,40,i_peak_a,r_pack,0.00530457792273088
FW6_HEADYAW,decoupled,0.4,2.0,40,i_peak_a,r_wire,0.01008188556465395
FW6_HEADYAW,decoupled,0.4,2.0,40,i_peak_a,i_elec,0.25158248839805425
FW6_HEADYAW,decoupled,0.4,2.0,40,runtime_min,tau_s,0.33048305983145104
FW6_HEADYAW,decoupled,0.4,2.0,40,runtime_min,rpm0,-0.0018212050912450098
FW6_HEADYAW,decoupled,0.4,2.0,40,runtime_min,i_s,-0.4637770417530046
FW6_HEADYAW,decoupled,0.4,2.0,40,runtime_min,i0,-0.5171375765708418
FW6_HEADYAW,decoupled,0.4,2.0,40,runtime_min,r_th,-0.03567932796436977
FW6_HEADYAW,decoupled,0.4,2.0,40,runtime_min,cap_err,-0.013331123259013694
FW6_HEADYAW,decoupled,0.4,2.0,40,runtime_min,v_oc,0.043301595922399544
FW6_HEADYAW,decoupled,0.4,2.0,40,runtime_min,r_pack,-0.014529990947776772
FW6_HEADYAW,decoupled,0.4,2.0,40,runtime_min,r_wire,0.0031734941303882365
FW6_HEADYAW,decoupled,0.4,2.0,40,runtime_min,i_elec,-0.25771677707964186
FW6_HEADYAW,decoupled,0.4,4.0,30,margin_nm,tau_s,0.557734828637203
FW6_HEADYAW,decoupled,0.4,4.0,30,margin_nm,rpm0,0.009894680210520021
FW6_HEADYAW,decoupled,0.4,4.0,30,margin_nm,i_s,0.001850275316697257
FW6_HEADYAW,decoupled,0.4,4.0,30,margin_nm,i0,-0.021268150363127812
FW6_HEADYAW,decoupled,0.4,4.0,30,margin_nm,r_th,-0.02537400370822263
FW6_HEADYAW,decoupled,0.4,4.0,30,margin_nm,cap_err,0.7715759688417743
FW6_HEADYAW,decoupled,0.4,4.0,30,margin_nm,v_oc,0.12113751434861267
FW6_HEADYAW,decoupled,0.4,4.0,30,margin_nm,r_pack,-0.013499795722199523
FW6_HEADYAW,decoupled,0.4,4.0,30,margin_nm,r_wire,-0.008011073334563702
FW6_HEADYAW,decoupled,0.4,4.0,30,margin_nm,i_elec,0.007874111986012441
FW6_HEADYAW,decoupled,0.4,4.0,30,t_ss_c,tau_s,-0.6108847123205234
FW6_HEADYAW,decoupled,0.4,4.0,30,t_ss_c,rpm0,0.008239286693254076
FW6_HEADYAW,decoupled,0.4,4.0,30,t_ss_c,i_s,0.27929469992163325
FW6_HEADYAW,decoupled,0.4,4.0,30,t_ss_c,i0,0.32632851848094646
FW6_HEADYAW,decoupled,0.4,4.0,30,t_ss_c,r_th,0.5750176572241841
FW6_HEADYAW,decoupled,0.4,4.0,30,t_ss_c,cap_err,-0.007166575907397322
FW6_HEADYAW,decoupled,0.4,4.0,30,t_ss_c,v_oc,-0.14774518752724303
FW6_HEADYAW,decoupled,0.4,4.0,30,t_ss_c,r_pack,0.0134863766095974
FW6_HEADYAW,decoupled,0.4,4.0,30,t_ss_c,r_wire,0.0384667864963096
FW6_HEADYAW,decoupled,0.4,4.0,30,t_ss_c,i_elec,0.003195848799538755
FW6_HEADYAW,decoupled,0.4,4.0,30,i_peak_a,tau_s,-0.5038725746525082
FW6_HEADYAW,decoupled,0.4,4.0,30,i_peak_a,rpm0,-0.009612093068010339
FW6_HEADYAW,decoupled,0.4,4.0,30,i_peak_a,i_s,0.7509954949994994
FW6_HEADYAW,decoupled,0.4,4.0,30,i_peak_a,i0,0.2942225873580652
FW6_HEADYAW,decoupled,0.4,4.0,30,i_peak_a,r_th,0.029980482442275823
FW6_HEADYAW,decoupled,0.4,4.0,30,i_peak_a,cap_err,0.018795128755014306
FW6_HEADYAW,decoupled,0.4,4.0,30,i_peak_a,v_oc,-0.11986659109628789
FW6_HEADYAW,decoupled,0.4,4.0,30,i_peak_a,r_pack,0.010975074997230555
FW6_HEADYAW,decoupled,0.4,4.0,30,i_peak_a,r_wire,0.00751441194604577
FW6_HEADYAW,decoupled,0.4,4.0,30,i_peak_a,i_elec,0.1498640357626706
FW6_HEADYAW,decoupled,0.4,4.0,30,runtime_min,tau_s,0.42882901875877977
FW6_HEADYAW,decoupled,0.4,4.0,30,runtime_min,rpm0,0.0033288248143138683
FW6_HEADYAW,decoupled,0.4,4.0,30,runtime_min,i_s,-0.613798839310982
FW6_HEADYAW,decoupled,0.4,4.0,30,runtime_min,i0,-0.34093493699277067
FW6_HEADYAW,decoupled,0.4,4.0,30,runtime_min,r_th,-0.034334346037149556
FW6_HEADYAW,decoupled,0.4,4.0,30,runtime_min,cap_err,-0.02053019250335472
FW6_HEADYAW,decoupled,0.4,4.0,30,runtime_min,v_oc,0.07490489321165479
FW6_HEADYAW,decoupled,0.4,4.0,30,runtime_min,r_pack,-0.017994421554935726
FW6_HEADYAW,decoupled,0.4,4.0,30,runtime_min,r_wire,0.0020013402223711357
FW6_HEADYAW,decoupled,0.4,4.0,30,runtime_min,i_elec,-0.17250470005607776
FW6_HEADYAW,decoupled,0.4,4.0,40,margin_nm,tau_s,0.5568472743163637
FW6_HEADYAW,decoupled,0.4,4.0,40,margin_nm,rpm0,0.009874261541584614
FW6_HEADYAW,decoupled,0.4,4.0,40,margin_nm,i_s,0.0035145608349512036
FW6_HEADYAW,decoupled,0.4,4.0,40,margin_nm,i0,-0.021364949929438878
FW6_HEADYAW,decoupled,0.4,4.0,40,margin_nm,r_th,-0.025311648590183176
FW6_HEADYAW,decoupled,0.4,4.0,40,margin_nm,cap_err,0.7724067502674166
FW6_HEADYAW,decoupled,0.4,4.0,40,margin_nm,v_oc,0.12064049429338823
FW6_HEADYAW,decoupled,0.4,4.0,40,margin_nm,r_pack,-0.012335614259512694
FW6_HEADYAW,decoupled,0.4,4.0,40,margin_nm,r_wire,-0.007245890582876731
FW6_HEADYAW,decoupled,0.4,4.0,40,margin_nm,i_elec,0.007866093762899306
FW6_HEADYAW,decoupled,0.4,4.0,40,t_ss_c,tau_s,-0.5917242964138106
FW6_HEADYAW,decoupled,0.4,4.0,40,t_ss_c,rpm0,0.008844890316098922
FW6_HEADYAW,decoupled,0.4,4.0,40,t_ss_c,i_s,0.2503093087010343
FW6_HEADYAW,decoupled,0.4,4.0,40,t_ss_c,i0,0.3573783917087101
FW6_HEADYAW,decoupled,0.4,4.0,40,t_ss_c,r_th,0.578080434008937
FW6_HEADYAW,decoupled,0.4,4.0,40,t_ss_c,cap_err,-0.01061635140181682
FW6_HEADYAW,decoupled,0.4,4.0,40,t_ss_c,v_oc,-0.14146323705147076
FW6_HEADYAW,decoupled,0.4,4.0,40,t_ss_c,r_pack,0.011603071067007894
FW6_HEADYAW,decoupled,0.4,4.0,40,t_ss_c,r_wire,0.03906835545203949
FW6_HEADYAW,decoupled,0.4,4.0,40,t_ss_c,i_elec,0.004593934288214921
FW6_HEADYAW,decoupled,0.4,4.0,40,i_peak_a,tau_s,-0.4954296514921834
FW6_HEADYAW,decoupled,0.4,4.0,40,i_peak_a,rpm0,-0.008995896555099615
FW6_HEADYAW,decoupled,0.4,4.0,40,i_peak_a,i_s,0.7373077859230871
FW6_HEADYAW,decoupled,0.4,4.0,40,i_peak_a,i0,0.3303204580356064
FW6_HEADYAW,decoupled,0.4,4.0,40,i_peak_a,r_th,0.030713099412566596
FW6_HEADYAW,decoupled,0.4,4.0,40,i_peak_a,cap_err,0.017371756152417348
FW6_HEADYAW,decoupled,0.4,4.0,40,i_peak_a,v_oc,-0.11637026981891885
FW6_HEADYAW,decoupled,0.4,4.0,40,i_peak_a,r_pack,0.009645369516152167
FW6_HEADYAW,decoupled,0.4,4.0,40,i_peak_a,r_wire,0.00786170798463422
FW6_HEADYAW,decoupled,0.4,4.0,40,i_peak_a,i_elec,0.16726192747354746
FW6_HEADYAW,decoupled,0.4,4.0,40,runtime_min,tau_s,0.41636858715206515
FW6_HEADYAW,decoupled,0.4,4.0,40,runtime_min,rpm0,0.002564773173863686
FW6_HEADYAW,decoupled,0.4,4.0,40,runtime_min,i_s,-0.5941031126781235
FW6_HEADYAW,decoupled,0.4,4.0,40,runtime_min,i0,-0.36837239959693324
FW6_HEADYAW,decoupled,0.4,4.0,40,runtime_min,r_th,-0.034591598065733115
FW6_HEADYAW,decoupled,0.4,4.0,40,runtime_min,cap_err,-0.019478302608700284
FW6_HEADYAW,decoupled,0.4,4.0,40,runtime_min,v_oc,0.07042150293572254
FW6_HEADYAW,decoupled,0.4,4.0,40,runtime_min,r_pack,-0.017083617009290775
FW6_HEADYAW,decoupled,0.4,4.0,40,runtime_min,r_wire,0.0025299238366582035
FW6_HEADYAW,decoupled,0.4,4.0,40,runtime_min,i_elec,-0.1859739815526646
FW6_HEADYAW,decoupled,0.4,8.0,30,margin_nm,tau_s,0.5611715681301742
FW6_HEADYAW,decoupled,0.4,8.0,30,margin_nm,rpm0,0.010157383350820372
FW6_HEADYAW,decoupled,0.4,8.0,30,margin_nm,i_s,-0.004883443653715961
FW6_HEADYAW,decoupled,0.4,8.0,30,margin_nm,i0,-0.02086330142925571
FW6_HEADYAW,decoupled,0.4,8.0,30,margin_nm,r_th,-0.025488353498705943
FW6_HEADYAW,decoupled,0.4,8.0,30,margin_nm,cap_err,0.7682787471420829
FW6_HEADYAW,decoupled,0.4,8.0,30,margin_nm,v_oc,0.12310458701162076
FW6_HEADYAW,decoupled,0.4,8.0,30,margin_nm,r_pack,-0.018289720698857852
FW6_HEADYAW,decoupled,0.4,8.0,30,margin_nm,r_wire,-0.011174012352668038
FW6_HEADYAW,decoupled,0.4,8.0,30,margin_nm,i_elec,0.007916264879584986
FW6_HEADYAW,decoupled,0.4,8.0,30,t_ss_c,tau_s,-0.6575388748376526
FW6_HEADYAW,decoupled,0.4,8.0,30,t_ss_c,rpm0,0.006179317131035235
FW6_HEADYAW,decoupled,0.4,8.0,30,t_ss_c,i_s,0.37049021849891306
FW6_HEADYAW,decoupled,0.4,8.0,30,t_ss_c,i0,0.2182552424728047
FW6_HEADYAW,decoupled,0.4,8.0,30,t_ss_c,r_th,0.5501021646780182
FW6_HEADYAW,decoupled,0.4,8.0,30,t_ss_c,cap_err,0.0031406461267384582
FW6_HEADYAW,decoupled,0.4,8.0,30,t_ss_c,v_oc,-0.1652273250252583
FW6_HEADYAW,decoupled,0.4,8.0,30,t_ss_c,r_pack,0.020724380524931165
FW6_HEADYAW,decoupled,0.4,8.0,30,t_ss_c,r_wire,0.037329771703307965
FW6_HEADYAW,decoupled,0.4,8.0,30,t_ss_c,i_elec,-0.0011148019016446555
FW6_HEADYAW,decoupled,0.4,8.0,30,i_peak_a,tau_s,-0.5205715258412806
FW6_HEADYAW,decoupled,0.4,8.0,30,i_peak_a,rpm0,-0.010803627422625268
FW6_HEADYAW,decoupled,0.4,8.0,30,i_peak_a,i_s,0.7789024252113805
FW6_HEADYAW,decoupled,0.4,8.0,30,i_peak_a,i0,0.2011825552425061
FW6_HEADYAW,decoupled,0.4,8.0,30,i_peak_a,r_th,0.02759629106625456
FW6_HEADYAW,decoupled,0.4,8.0,30,i_peak_a,cap_err,0.02266155318461702
FW6_HEADYAW,decoupled,0.4,8.0,30,i_peak_a,v_oc,-0.12808691600965733
FW6_HEADYAW,decoupled,0.4,8.0,30,i_peak_a,r_pack,0.01605593733954859
FW6_HEADYAW,decoupled,0.4,8.0,30,i_peak_a,r_wire,0.008215552912839211
FW6_HEADYAW,decoupled,0.4,8.0,30,i_peak_a,i_elec,0.104465192051688
FW6_HEADYAW,decoupled,0.4,8.0,30,runtime_min,tau_s,0.4693741570415729
FW6_HEADYAW,decoupled,0.4,8.0,30,runtime_min,rpm0,0.006381548709060968
FW6_HEADYAW,decoupled,0.4,8.0,30,runtime_min,i_s,-0.6808812072090229
FW6_HEADYAW,decoupled,0.4,8.0,30,runtime_min,i0,-0.23188713998745997
FW6_HEADYAW,decoupled,0.4,8.0,30,runtime_min,r_th,-0.03234231826025758
FW6_HEADYAW,decoupled,0.4,8.0,30,runtime_min,cap_err,-0.024414642268293582
FW6_HEADYAW,decoupled,0.4,8.0,30,runtime_min,v_oc,0.09203962533773613
FW6_HEADYAW,decoupled,0.4,8.0,30,runtime_min,r_pack,-0.021387803709755963
FW6_HEADYAW,decoupled,0.4,8.0,30,runtime_min,r_wire,-0.00041933115770346194
FW6_HEADYAW,decoupled,0.4,8.0,30,runtime_min,i_elec,-0.11891212210134688
FW6_HEADYAW,decoupled,0.4,8.0,40,margin_nm,tau_s,0.5593345510371722
FW6_HEADYAW,decoupled,0.4,8.0,40,margin_nm,rpm0,0.010032111336901258
FW6_HEADYAW,decoupled,0.4,8.0,40,margin_nm,i_s,-0.0011892863543651502
FW6_HEADYAW,decoupled,0.4,8.0,40,margin_nm,i0,-0.021150400572266723
FW6_HEADYAW,decoupled,0.4,8.0,40,margin_nm,r_th,-0.025484391720487966
FW6_HEADYAW,decoupled,0.4,8.0,40,margin_nm,cap_err,0.7700852482316942
FW6_HEADYAW,decoupled,0.4,8.0,40,margin_nm,v_oc,0.12199520377724483
FW6_HEADYAW,decoupled,0.4,8.0,40,margin_nm,r_pack,-0.015710446634494068
FW6_HEADYAW,decoupled,0.4,8.0,40,margin_nm,r_wire,-0.009420378824486533
FW6_HEADYAW,decoupled,0.4,8.0,40,margin_nm,i_elec,0.007894395099377232
FW6_HEADYAW,decoupled,0.4,8.0,40,t_ss_c,tau_s,-0.6422847918094212
FW6_HEADYAW,decoupled,0.4,8.0,40,t_ss_c,rpm0,0.006955602550622505
FW6_HEADYAW,decoupled,0.4,8.0,40,t_ss_c,i_s,0.3356979275219919
FW6_HEADYAW,decoupled,0.4,8.0,40,t_ss_c,i0,0.2620334877814986
FW6_HEADYAW,decoupled,0.4,8.0,40,t_ss_c,r_th,0.563401601711289
FW6_HEADYAW,decoupled,0.4,8.0,40,t_ss_c,cap_err,-0.0006079974008886001
FW6_HEADYAW,decoupled,0.4,8.0,40,t_ss_c,v_oc,-0.15913630479292273
FW6_HEADYAW,decoupled,0.4,8.0,40,t_ss_c,r_pack,0.017144953904994875
FW6_HEADYAW,decoupled,0.4,8.0,40,t_ss_c,r_wire,0.037232004581333834
FW6_HEADYAW,decoupled,0.4,8.0,40,t_ss_c,i_elec,0.0004923320547035616
FW6_HEADYAW,decoupled,0.4,8.0,40,i_peak_a,tau_s,-0.5136168895129877
FW6_HEADYAW,decoupled,0.4,8.0,40,i_peak_a,rpm0,-0.010241227360136372
FW6_HEADYAW,decoupled,0.4,8.0,40,i_peak_a,i_s,0.7673342741482526
FW6_HEADYAW,decoupled,0.4,8.0,40,i_peak_a,i0,0.24421387646820847
FW6_HEADYAW,decoupled,0.4,8.0,40,i_peak_a,r_th,0.02876431119603457
FW6_HEADYAW,decoupled,0.4,8.0,40,i_peak_a,cap_err,0.020935937881770873
FW6_HEADYAW,decoupled,0.4,8.0,40,i_peak_a,v_oc,-0.12464731918303545
FW6_HEADYAW,decoupled,0.4,8.0,40,i_peak_a,r_pack,0.013459647273294139
FW6_HEADYAW,decoupled,0.4,8.0,40,i_peak_a,r_wire,0.007770067085563008
FW6_HEADYAW,decoupled,0.4,8.0,40,i_peak_a,i_elec,0.12559933351103705
FW6_HEADYAW,decoupled,0.4,8.0,40,runtime_min,tau_s,0.4565601525066835
FW6_HEADYAW,decoupled,0.4,8.0,40,runtime_min,rpm0,0.005273380141486681
FW6_HEADYAW,decoupled,0.4,8.0,40,runtime_min,i_s,-0.6588693509854834
FW6_HEADYAW,decoupled,0.4,8.0,40,runtime_min,i0,-0.2708126887569654
FW6_HEADYAW,decoupled,0.4,8.0,40,runtime_min,r_th,-0.033106160122906673
FW6_HEADYAW,decoupled,0.4,8.0,40,runtime_min,cap_err,-0.023036803448533715
FW6_HEADYAW,decoupled,0.4,8.0,40,runtime_min,v_oc,0.08602463666940406
FW6_HEADYAW,decoupled,0.4,8.0,40,runtime_min,r_pack,-0.01949408616600957
FW6_HEADYAW,decoupled,0.4,8.0,40,runtime_min,r_wire,0.0009007281000808999
FW6_HEADYAW,decoupled,0.4,8.0,40,runtime_min,i_elec,-0.1382643953627106
FW6_HEADYAW,decoupled,0.8,2.0,30,margin_nm,tau_s,0.5590122190013576
FW6_HEADYAW,decoupled,0.8,2.0,30,margin_nm,rpm0,0.010006671778519084
FW6_HEADYAW,decoupled,0.8,2.0,30,margin_nm,i_s,-0.0006108231789803531
FW6_HEADYAW,decoupled,0.8,2.0,30,margin_nm,i0,-0.021164423240491465
FW6_HEADYAW,decoupled,0.8,2.0,30,margin_nm,r_th,-0.025466117496235275
FW6_HEADYAW,decoupled,0.8,2.0,30,margin_nm,cap_err,0.7703837291537476
FW6_HEADYAW,decoupled,0.8,2.0,30,margin_nm,v_oc,0.12184878820542089
FW6_HEADYAW,decoupled,0.8,2.0,30,margin_nm,r_pack,-0.015292815476979495
FW6_HEADYAW,decoupled,0.8,2.0,30,margin_nm,r_wire,-0.009141461460162384
FW6_HEADYAW,decoupled,0.8,2.0,30,margin_nm,i_elec,0.007892486654720738
FW6_HEADYAW,decoupled,0.8,2.0,30,t_ss_c,tau_s,-0.6306859700762188
FW6_HEADYAW,decoupled,0.8,2.0,30,t_ss_c,rpm0,0.007263690140410015
FW6_HEADYAW,decoupled,0.8,2.0,30,t_ss_c,i_s,0.3130886681209631
FW6_HEADYAW,decoupled,0.8,2.0,30,t_ss_c,i0,0.2884810387201154
FW6_HEADYAW,decoupled,0.8,2.0,30,t_ss_c,r_th,0.5685582667286962
FW6_HEADYAW,decoupled,0.8,2.0,30,t_ss_c,cap_err,-0.003028634558737173
FW6_HEADYAW,decoupled,0.8,2.0,30,t_ss_c,v_oc,-0.15494666299407364
FW6_HEADYAW,decoupled,0.8,2.0,30,t_ss_c,r_pack,0.01597002044111338
FW6_HEADYAW,decoupled,0.8,2.0,30,t_ss_c,r_wire,0.03788827620980846
FW6_HEADYAW,decoupled,0.8,2.0,30,t_ss_c,i_elec,0.001521202835689204
FW6_HEADYAW,decoupled,0.8,2.0,30,i_peak_a,tau_s,-0.5120507875611986
FW6_HEADYAW,decoupled,0.8,2.0,30,i_peak_a,rpm0,-0.010044660227184468
FW6_HEADYAW,decoupled,0.8,2.0,30,i_peak_a,i_s,0.764607169845241
FW6_HEADYAW,decoupled,0.8,2.0,30,i_peak_a,i0,0.25317642324182477
FW6_HEADYAW,decoupled,0.8,2.0,30,i_peak_a,r_th,0.028978734330970476
FW6_HEADYAW,decoupled,0.8,2.0,30,i_peak_a,cap_err,0.02053240717026746
FW6_HEADYAW,decoupled,0.8,2.0,30,i_peak_a,v_oc,-0.1238809030978781
FW6_HEADYAW,decoupled,0.8,2.0,30,i_peak_a,r_pack,0.013014109001567664
FW6_HEADYAW,decoupled,0.8,2.0,30,i_peak_a,r_wire,0.007695725299525033
FW6_HEADYAW,decoupled,0.8,2.0,30,i_peak_a,i_elec,0.1298955948772883
FW6_HEADYAW,decoupled,0.8,2.0,30,runtime_min,tau_s,0.44204576289397357
FW6_HEADYAW,decoupled,0.8,2.0,30,runtime_min,rpm0,0.0041854706872745204
FW6_HEADYAW,decoupled,0.8,2.0,30,runtime_min,i_s,-0.6351698599077621
FW6_HEADYAW,decoupled,0.8,2.0,30,runtime_min,i0,-0.3094124717124968
FW6_HEADYAW,decoupled,0.8,2.0,30,runtime_min,r_th,-0.03404931889436876
FW6_HEADYAW,decoupled,0.8,2.0,30,runtime_min,cap_err,-0.021590872176763573
FW6_HEADYAW,decoupled,0.8,2.0,30,runtime_min,v_oc,0.08033823114869233
FW6_HEADYAW,decoupled,0.8,2.0,30,runtime_min,r_pack,-0.019440293715588187
FW6_HEADYAW,decoupled,0.8,2.0,30,runtime_min,r_wire,0.0012087988009776445
FW6_HEADYAW,decoupled,0.8,2.0,30,runtime_min,i_elec,-0.1570997045666338
FW6_HEADYAW,decoupled,0.8,2.0,40,margin_nm,tau_s,0.5585945065105006
FW6_HEADYAW,decoupled,0.8,2.0,40,margin_nm,rpm0,0.009963819773757751
FW6_HEADYAW,decoupled,0.8,2.0,40,margin_nm,i_s,0.00021947469105274345
FW6_HEADYAW,decoupled,0.8,2.0,40,margin_nm,i0,-0.02121807080200786
FW6_HEADYAW,decoupled,0.8,2.0,40,margin_nm,r_th,-0.02541046104560678
FW6_HEADYAW,decoupled,0.8,2.0,40,margin_nm,cap_err,0.7707833931981547
FW6_HEADYAW,decoupled,0.8,2.0,40,margin_nm,v_oc,0.12160323484480386
FW6_HEADYAW,decoupled,0.8,2.0,40,margin_nm,r_pack,-0.014698950077661118
FW6_HEADYAW,decoupled,0.8,2.0,40,margin_nm,r_wire,-0.008749669416629934
FW6_HEADYAW,decoupled,0.8,2.0,40,margin_nm,i_elec,0.0078925902102878
FW6_HEADYAW,decoupled,0.8,2.0,40,t_ss_c,tau_s,-0.6255846366205151
FW6_HEADYAW,decoupled,0.8,2.0,40,t_ss_c,rpm0,0.0075449652827739196
FW6_HEADYAW,decoupled,0.8,2.0,40,t_ss_c,i_s,0.3037105470789497
FW6_HEADYAW,decoupled,0.8,2.0,40,t_ss_c,i0,0.29946186349576254
FW6_HEADYAW,decoupled,0.8,2.0,40,t_ss_c,r_th,0.5709389669932184
FW6_HEADYAW,decoupled,0.8,2.0,40,t_ss_c,cap_err,-0.00407550356394484
FW6_HEADYAW,decoupled,0.8,2.0,40,t_ss_c,v_oc,-0.15302618278068694
FW6_HEADYAW,decoupled,0.8,2.0,40,t_ss_c,r_pack,0.015159958128884233
FW6_HEADYAW,decoupled,0.8,2.0,40,t_ss_c,r_wire,0.03799812022201335
FW6_HEADYAW,decoupled,0.8,2.0,40,t_ss_c,i_elec,0.0018016584224064911
FW6_HEADYAW,decoupled,0.8,2.0,40,i_peak_a,tau_s,-0.5097770695307854
FW6_HEADYAW,decoupled,0.8,2.0,40,i_peak_a,rpm0,-0.009887125098569455
FW6_HEADYAW,decoupled,0.8,2.0,40,i_peak_a,i_s,0.7606896858544094
FW6_HEADYAW,decoupled,0.8,2.0,40,i_peak_a,i0,0.2654271690474632
FW6_HEADYAW,decoupled,0.8,2.0,40,i_peak_a,r_th,0.029307559256395468
FW6_HEADYAW,decoupled,0.8,2.0,40,i_peak_a,cap_err,0.0200909502323278
FW6_HEADYAW,decoupled,0.8,2.0,40,i_peak_a,v_oc,-0.12280262875584763
FW6_HEADYAW,decoupled,0.8,2.0,40,i_peak_a,r_pack,0.012494732943859214
FW6_HEADYAW,decoupled,0.8,2.0,40,i_peak_a,r_wire,0.007546095060677228
FW6_HEADYAW,decoupled,0.8,2.0,40,i_peak_a,i_elec,0.1359612693290299
FW6_HEADYAW,decoupled,0.8,2.0,40,runtime_min,tau_s,0.4379836691092965
FW6_HEADYAW,decoupled,0.8,2.0,40,runtime_min,rpm0,0.003985415109490568
FW6_HEADYAW,decoupled,0.8,2.0,40,runtime_min,i_s,-0.6286300022922223
FW6_HEADYAW,decoupled,0.8,2.0,40,runtime_min,i0,-0.3192905656989517
FW6_HEADYAW,decoupled,0.8,2.0,40,runtime_min,r_th,-0.034226598469622053
FW6_HEADYAW,decoupled,0.8,2.0,40,runtime_min,cap_err,-0.021365866373985153
FW6_HEADYAW,decoupled,0.8,2.0,40,runtime_min,v_oc,0.07868487763165306
FW6_HEADYAW,decoupled,0.8,2.0,40,runtime_min,r_pack,-0.0189397554377506
FW6_HEADYAW,decoupled,0.8,2.0,40,runtime_min,r_wire,0.0015038117226457467
FW6_HEADYAW,decoupled,0.8,2.0,40,runtime_min,i_elec,-0.16187717976413107
FW6_HEADYAW,decoupled,0.8,4.0,30,margin_nm,tau_s,0.5666480149608905
FW6_HEADYAW,decoupled,0.8,4.0,30,margin_nm,rpm0,0.010514997612777513
FW6_HEADYAW,decoupled,0.8,4.0,30,margin_nm,i_s,-0.015723849747094416
FW6_HEADYAW,decoupled,0.8,4.0,30,margin_nm,i0,-0.020277258253028695
FW6_HEADYAW,decoupled,0.8,4.0,30,margin_nm,r_th,-0.025814609979401108
FW6_HEADYAW,decoupled,0.8,4.0,30,margin_nm,cap_err,0.7626809162978795
FW6_HEADYAW,decoupled,0.8,4.0,30,margin_nm,v_oc,0.12640816115646233
FW6_HEADYAW,decoupled,0.8,4.0,30,margin_nm,r_pack,-0.025886520654057846
FW6_HEADYAW,decoupled,0.8,4.0,30,margin_nm,r_wire,-0.016208628912069877
FW6_HEADYAW,decoupled,0.8,4.0,30,margin_nm,i_elec,0.00803996000444
FW6_HEADYAW,decoupled,0.8,4.0,30,t_ss_c,tau_s,-0.6746841051871226
FW6_HEADYAW,decoupled,0.8,4.0,30,t_ss_c,rpm0,0.004789768976640996
FW6_HEADYAW,decoupled,0.8,4.0,30,t_ss_c,i_s,0.42647261405251263
FW6_HEADYAW,decoupled,0.8,4.0,30,t_ss_c,i0,0.1435639159515462
FW6_HEADYAW,decoupled,0.8,4.0,30,t_ss_c,r_th,0.5181822291313587
FW6_HEADYAW,decoupled,0.8,4.0,30,t_ss_c,cap_err,0.009044223227135913
FW6_HEADYAW,decoupled,0.8,4.0,30,t_ss_c,v_oc,-0.17412348779149864
FW6_HEADYAW,decoupled,0.8,4.0,30,t_ss_c,r_pack,0.030344396704932965
FW6_HEADYAW,decoupled,0.8,4.0,30,t_ss_c,r_wire,0.039375208375023146
FW6_HEADYAW,decoupled,0.8,4.0,30,t_ss_c,i_elec,-0.0036651421850157975
FW6_HEADYAW,decoupled,0.8,4.0,30,i_peak_a,tau_s,-0.5300862215651357
FW6_HEADYAW,decoupled,0.8,4.0,30,i_peak_a,rpm0,-0.011809484867720538
FW6_HEADYAW,decoupled,0.8,4.0,30,i_peak_a,i_s,0.793234904581656
FW6_HEADYAW,decoupled,0.8,4.0,30,i_peak_a,i0,0.12487016854112981
FW6_HEADYAW,decoupled,0.8,4.0,30,i_peak_a,r_th,0.025636062404006933
FW6_HEADYAW,decoupled,0.8,4.0,30,i_peak_a,cap_err,0.02590416910046323
FW6_HEADYAW,decoupled,0.8,4.0,30,i_peak_a,v_oc,-0.13397431755270192
FW6_HEADYAW,decoupled,0.8,4.0,30,i_peak_a,r_pack,0.023305134589459396
FW6_HEADYAW,decoupled,0.8,4.0,30,i_peak_a,r_wire,0.011591659954628882
FW6_HEADYAW,decoupled,0.8,4.0,30,i_peak_a,i_elec,0.06703757278195252
FW6_HEADYAW,decoupled,0.8,4.0,30,runtime_min,tau_s,0.48826217602913063
FW6_HEADYAW,decoupled,0.8,4.0,30,runtime_min,rpm0,0.008316240479582274
FW6_HEADYAW,decoupled,0.8,4.0,30,runtime_min,i_s,-0.7127082983009221
FW6_HEADYAW,decoupled,0.8,4.0,30,runtime_min,i0,-0.1667858376428708
FW6_HEADYAW,decoupled,0.8,4.0,30,runtime_min,r_th,-0.03085312653923628
FW6_HEADYAW,decoupled,0.8,4.0,30,runtime_min,cap_err,-0.02640595937843993
FW6_HEADYAW,decoupled,0.8,4.0,30,runtime_min,v_oc,0.10209083845453759
FW6_HEADYAW,decoupled,0.8,4.0,30,runtime_min,r_pack,-0.02731412036823559
FW6_HEADYAW,decoupled,0.8,4.0,30,runtime_min,r_wire,-0.004499027166558573
FW6_HEADYAW,decoupled,0.8,4.0,30,runtime_min,i_elec,-0.08625168025018669
FW6_HEADYAW,decoupled,0.8,4.0,40,margin_nm,tau_s,0.5647315458590606
FW6_HEADYAW,decoupled,0.8,4.0,40,margin_nm,rpm0,0.010405034489448274
FW6_HEADYAW,decoupled,0.8,4.0,40,margin_nm,i_s,-0.011858274650919404
FW6_HEADYAW,decoupled,0.8,4.0,40,margin_nm,i0,-0.020506424945158325
FW6_HEADYAW,decoupled,0.8,4.0,40,margin_nm,r_th,-0.025730302414478046
FW6_HEADYAW,decoupled,0.8,4.0,40,margin_nm,cap_err,0.7647458143050903
FW6_HEADYAW,decoupled,0.8,4.0,40,margin_nm,v_oc,0.12513635612626178
FW6_HEADYAW,decoupled,0.8,4.0,40,margin_nm,r_pack,-0.023167705685300626
FW6_HEADYAW,decoupled,0.8,4.0,40,margin_nm,r_wire,-0.014386810487423385
FW6_HEADYAW,decoupled,0.8,4.0,40,margin_nm,i_elec,0.007947518216390911
FW6_HEADYAW,decoupled,0.8,4.0,40,t_ss_c,tau_s,-0.6707365931929546
FW6_HEADYAW,decoupled,0.8,4.0,40,t_ss_c,rpm0,0.005075130786125642
FW6_HEADYAW,decoupled,0.8,4.0,40,t_ss_c,i_s,0.40980060731117857
FW6_HEADYAW,decoupled,0.8,4.0,40,t_ss_c,i0,0.16611338512370943
FW6_HEADYAW,decoupled,0.8,4.0,40,t_ss_c,r_th,0.5289143325460369
FW6_HEADYAW,decoupled,0.8,4.0,40,t_ss_c,cap_err,0.0076248506249834026
FW6_HEADYAW,decoupled,0.8,4.0,40,t_ss_c,v_oc,-0.1715862057318006
FW6_HEADYAW,decoupled,0.8,4.0,40,t_ss_c,r_pack,0.026964946551660724
FW6_HEADYAW,decoupled,0.8,4.0,40,t_ss_c,r_wire,0.03834637848293094
FW6_HEADYAW,decoupled,0.8,4.0,40,t_ss_c,i_elec,-0.002940531437836826
FW6_HEADYAW,decoupled,0.8,4.0,40,i_peak_a,tau_s,-0.5277605786400642
FW6_HEADYAW,decoupled,0.8,4.0,40,i_peak_a,rpm0,-0.01152741372526819
FW6_HEADYAW,decoupled,0.8,4.0,40,i_peak_a,i_s,0.7899975882219541
FW6_HEADYAW,decoupled,0.8,4.0,40,i_peak_a,i0,0.14619870291096695
FW6_HEADYAW,decoupled,0.8,4.0,40,i_peak_a,r_th,0.026307630478625606
FW6_HEADYAW,decoupled,0.8,4.0,40,i_peak_a,cap_err,0.025134589459398823
FW6_HEADYAW,decoupled,0.8,4.0,40,i_peak_a,v_oc,-0.13239620937735658
FW6_HEADYAW,decoupled,0.8,4.0,40,i_peak_a,r_pack,0.0206757565195285
FW6_HEADYAW,decoupled,0.8,4.0,40,i_peak_a,r_wire,0.010323365591485065
FW6_HEADYAW,decoupled,0.8,4.0,40,i_peak_a,i_elec,0.07762640818071201
FW6_HEADYAW,decoupled,0.8,4.0,40,runtime_min,tau_s,0.48271501763500185
FW6_HEADYAW,decoupled,0.8,4.0,40,runtime_min,rpm0,0.00783370353707817
FW6_HEADYAW,decoupled,0.8,4.0,40,runtime_min,i_s,-0.7036528368503151
FW6_HEADYAW,decoupled,0.8,4.0,40,runtime_min,i0,-0.18679585408842822
FW6_HEADYAW,decoupled,0.8,4.0,40,runtime_min,r_th,-0.031564203507133716
FW6_HEADYAW,decoupled,0.8,4.0,40,runtime_min,cap_err,-0.025777915753101746
FW6_HEADYAW,decoupled,0.8,4.0,40,runtime_min,v_oc,0.09906434389603819
FW6_HEADYAW,decoupled,0.8,4.0,40,runtime_min,r_pack,-0.025253348583705395
FW6_HEADYAW,decoupled,0.8,4.0,40,runtime_min,r_wire,-0.003096717232968581
FW6_HEADYAW,decoupled,0.8,4.0,40,runtime_min,i_elec,-0.0962972938108104
FW6_HEADYAW,decoupled,0.8,8.0,30,margin_nm,tau_s,0.5744567029396336
FW6_HEADYAW,decoupled,0.8,8.0,30,margin_nm,rpm0,0.011219336802148533
FW6_HEADYAW,decoupled,0.8,8.0,30,margin_nm,i_s,-0.03160641062293451
FW6_HEADYAW,decoupled,0.8,8.0,30,margin_nm,i0,-0.0192245159138351
FW6_HEADYAW,decoupled,0.8,8.0,30,margin_nm,r_th,-0.026299675366630595
FW6_HEADYAW,decoupled,0.8,8.0,30,margin_nm,cap_err,0.7539747224416357
FW6_HEADYAW,decoupled,0.8,8.0,30,margin_nm,v_oc,0.1309069221007691
FW6_HEADYAW,decoupled,0.8,8.0,30,margin_nm,r_pack,-0.0369506601056289
FW6_HEADYAW,decoupled,0.8,8.0,30,margin_nm,r_wire,-0.023698507522056385
FW6_HEADYAW,decoupled,0.8,8.0,30,margin_nm,i_elec,0.008357089817454423
FW6_HEADYAW,decoupled,0.8,8.0,30,t_ss_c,tau_s,-0.681193500132611
FW6_HEADYAW,decoupled,0.8,8.0,30,t_ss_c,rpm0,0.0035551328394592043
FW6_HEADYAW,decoupled,0.8,8.0,30,t_ss_c,i_s,0.4741308309034256
FW6_HEADYAW,decoupled,0.8,8.0,30,t_ss_c,i0,0.07714099968233329
FW6_HEADYAW,decoupled,0.8,8.0,30,t_ss_c,r_th,0.4805727876191985
FW6_HEADYAW,decoupled,0.8,8.0,30,t_ss_c,cap_err,0.0139321722146858
FW6_HEADYAW,decoupled,0.8,8.0,30,t_ss_c,v_oc,-0.180472714274746
FW6_HEADYAW,decoupled,0.8,8.0,30,t_ss_c,r_pack,0.04259837628870847
FW6_HEADYAW,decoupled,0.8,8.0,30,t_ss_c,r_wire,0.044180226686691845
FW6_HEADYAW,decoupled,0.8,8.0,30,t_ss_c,i_elec,-0.005814225979358442
FW6_HEADYAW,decoupled,0.8,8.0,30,i_peak_a,tau_s,-0.533877257986362
FW6_HEADYAW,decoupled,0.8,8.0,30,i_peak_a,rpm0,-0.012754988528332059
FW6_HEADYAW,decoupled,0.8,8.0,30,i_peak_a,i_s,0.7986166736240746
FW6_HEADYAW,decoupled,0.8,8.0,30,i_peak_a,i0,0.07289285165476128
FW6_HEADYAW,decoupled,0.8,8.0,30,i_peak_a,r_th,0.024446078716230966
FW6_HEADYAW,decoupled,0.8,8.0,30,i_peak_a,cap_err,0.027779219086579893
FW6_HEADYAW,decoupled,0.8,8.0,30,i_peak_a,v_oc,-0.13870876296764031
FW6_HEADYAW,decoupled,0.8,8.0,30,i_peak_a,r_pack,0.03308612234290248
FW6_HEADYAW,decoupled,0.8,8.0,30,i_peak_a,r_wire,0.01696175032908337
FW6_HEADYAW,decoupled,0.8,8.0,30,i_peak_a,i_elec,0.04104518544946504
FW6_HEADYAW,decoupled,0.8,8.0,30,runtime_min,tau_s,0.5040226066691784
FW6_HEADYAW,decoupled,0.8,8.0,30,runtime_min,rpm0,0.009908449989827777
FW6_HEADYAW,decoupled,0.8,8.0,30,runtime_min,i_s,-0.7400006306667366
FW6_HEADYAW,decoupled,0.8,8.0,30,runtime_min,i0,-0.09576395864043984
FW6_HEADYAW,decoupled,0.8,8.0,30,runtime_min,r_th,-0.029082645898071764
FW6_HEADYAW,decoupled,0.8,8.0,30,runtime_min,cap_err,-0.028351892483543605
FW6_HEADYAW,decoupled,0.8,8.0,30,runtime_min,v_oc,0.11252284183587132
FW6_HEADYAW,decoupled,0.8,8.0,30,runtime_min,r_pack,-0.03606905422989491
FW6_HEADYAW,decoupled,0.8,8.0,30,runtime_min,r_wire,-0.009904794433866047
FW6_HEADYAW,decoupled,0.8,8.0,30,runtime_min,i_elec,-0.05055124961680551
FW6_HEADYAW,decoupled,0.8,8.0,40,margin_nm,tau_s,0.5702192940243659
FW6_HEADYAW,decoupled,0.8,8.0,40,margin_nm,rpm0,0.010792120754680083
FW6_HEADYAW,decoupled,0.8,8.0,40,margin_nm,i_s,-0.022952474550274948
FW6_HEADYAW,decoupled,0.8,8.0,40,margin_nm,i0,-0.019898699544299948
FW6_HEADYAW,decoupled,0.8,8.0,40,margin_nm,r_th,-0.026057054895228318
FW6_HEADYAW,decoupled,0.8,8.0,40,margin_nm,cap_err,0.7588276154252905
FW6_HEADYAW,decoupled,0.8,8.0,40,margin_nm,v_oc,0.12845314493923832
FW6_HEADYAW,decoupled,0.8,8.0,40,margin_nm,r_pack,-0.030856145650682842
FW6_HEADYAW,decoupled,0.8,8.0,40,margin_nm,r_wire,-0.019650250627805625
FW6_HEADYAW,decoupled,0.8,8.0,40,margin_nm,i_elec,0.008216235135137235
FW6_HEADYAW,decoupled,0.8,8.0,40,t_ss_c,tau_s,-0.6798772479863607
FW6_HEADYAW,decoupled,0.8,8.0,40,t_ss_c,rpm0,0.004212356912484101
FW6_HEADYAW,decoupled,0.8,8.0,40,t_ss_c,i_s,0.45513829323758803
FW6_HEADYAW,decoupled,0.8,8.0,40,t_ss_c,i0,0.10285348031705335
FW6_HEADYAW,decoupled,0.8,8.0,40,t_ss_c,r_th,0.49705913345101477
FW6_HEADYAW,decoupled,0.8,8.0,40,t_ss_c,cap_err,0.012103652011516888
FW6_HEADYAW,decoupled,0.8,8.0,40,t_ss_c,v_oc,-0.177906847322983
FW6_HEADYAW,decoupled,0.8,8.0,40,t_ss_c,r_pack,0.03624214002690444
FW6_HEADYAW,decoupled,0.8,8.0,40,t_ss_c,r_wire,0.041192561021395666
FW6_HEADYAW,decoupled,0.8,8.0,40,t_ss_c,i_elec,-0.005051200116800012
FW6_HEADYAW,decoupled,0.8,8.0,40,i_peak_a,tau_s,-0.5324507702723077
FW6_HEADYAW,decoupled,0.8,8.0,40,i_peak_a,rpm0,-0.01229249158805462
FW6_HEADYAW,decoupled,0.8,8.0,40,i_peak_a,i_s,0.7966639467404384
FW6_HEADYAW,decoupled,0.8,8.0,40,i_peak_a,i0,0.09645531827281312
FW6_HEADYAW,decoupled,0.8,8.0,40,i_peak_a,r_th,0.02482797342533038
FW6_HEADYAW,decoupled,0.8,8.0,40,i_peak_a,cap_err,0.0269272994363666
FW6_HEADYAW,decoupled,0.8,8.0,40,i_peak_a,v_oc,-0.13641200760133415
FW6_HEADYAW,decoupled,0.8,8.0,40,i_peak_a,r_pack,0.027786139976237773
FW6_HEADYAW,decoupled,0.8,8.0,40,i_peak_a,r_wire,0.013907655767517305
FW6_HEADYAW,decoupled,0.8,8.0,40,i_peak_a,i_elec,0.052822307202478574
FW6_HEADYAW,decoupled,0.8,8.0,40,runtime_min,tau_s,0.49898515633168394
FW6_HEADYAW,decoupled,0.8,8.0,40,runtime_min,rpm0,0.009135532570614729
FW6_HEADYAW,decoupled,0.8,8.0,40,runtime_min,i_s,-0.7313517990390886
FW6_HEADYAW,decoupled,0.8,8.0,40,runtime_min,i0,-0.12002621289180142
FW6_HEADYAW,decoupled,0.8,8.0,40,runtime_min,r_th,-0.029846641538515725
FW6_HEADYAW,decoupled,0.8,8.0,40,runtime_min,cap_err,-0.027731523970169324
FW6_HEADYAW,decoupled,0.8,8.0,40,runtime_min,v_oc,0.10858337028704113
FW6_HEADYAW,decoupled,0.8,8.0,40,runtime_min,r_pack,-0.03118952035439115
FW6_HEADYAW,decoupled,0.8,8.0,40,runtime_min,r_wire,-0.006847362983040331
FW6_HEADYAW,decoupled,0.8,8.0,40,runtime_min,i_elec,-0.06291639010182111
FW6_HEADYAW,ellipse,0.2,2.0,30,margin_nm,tau_s,0.5519046368782928
FW6_HEADYAW,ellipse,0.2,2.0,30,margin_nm,rpm0,0.009655822406202488
FW6_HEADYAW,ellipse,0.2,2.0,30,margin_nm,i_s,0.013119575235508359
FW6_HEADYAW,ellipse,0.2,2.0,30,margin_nm,i0,-0.02198237977581997
FW6_HEADYAW,ellipse,0.2,2.0,30,margin_nm,r_th,-0.024966396551821833
FW6_HEADYAW,ellipse,0.2,2.0,30,margin_nm,cap_err,0.776808587200954
FW6_HEADYAW,ellipse,0.2,2.0,30,margin_nm,v_oc,0.11786675798519532
FW6_HEADYAW,ellipse,0.2,2.0,30,margin_nm,r_pack,-0.005682509964723328
FW6_HEADYAW,ellipse,0.2,2.0,30,margin_nm,r_wire,-0.0027439616382179594
FW6_HEADYAW,ellipse,0.2,2.0,30,margin_nm,i_elec,0.007545203949467104
FW6_HEADYAW,ellipse,0.2,2.0,30,t_ss_c,tau_s,-0.24263382829264754
FW6_HEADYAW,ellipse,0.2,2.0,30,t_ss_c,rpm0,0.013824250424916711
FW6_HEADYAW,ellipse,0.2,2.0,30,t_ss_c,i_s,-0.08785070842785649
FW6_HEADYAW,ellipse,0.2,2.0,30,t_ss_c,i0,0.551576410619601
FW6_HEADYAW,ellipse,0.2,2.0,30,t_ss_c,r_th,0.4332150521350057
FW6_HEADYAW,ellipse,0.2,2.0,30,t_ss_c,cap_err,-0.047376394597377164
FW6_HEADYAW,ellipse,0.2,2.0,30,t_ss_c,v_oc,-0.050425979825108866
FW6_HEADYAW,ellipse,0.2,2.0,30,t_ss_c,r_pack,0.0022808789200976574
FW6_HEADYAW,ellipse,0.2,2.0,30,t_ss_c,r_wire,0.03974348086038675
FW6_HEADYAW,ellipse,0.2,2.0,30,t_ss_c,i_elec,0.015809656423295158
FW6_HEADYAW,ellipse,0.2,2.0,30,i_peak_a,tau_s,-0.30381328975703215
FW6_HEADYAW,ellipse,0.2,2.0,30,i_peak_a,rpm0,-0.0012282561364729038
FW6_HEADYAW,ellipse,0.2,2.0,30,i_peak_a,i_s,0.4407112263012473
FW6_HEADYAW,ellipse,0.2,2.0,30,i_peak_a,i0,0.734441226049025
FW6_HEADYAW,ellipse,0.2,2.0,30,i_peak_a,r_th,0.03676343208482578
FW6_HEADYAW,ellipse,0.2,2.0,30,i_peak_a,cap_err,-0.004641049404561044
FW6_HEADYAW,ellipse,0.2,2.0,30,i_peak_a,v_oc,-0.054684734076081556
FW6_HEADYAW,ellipse,0.2,2.0,30,i_peak_a,r_pack,0.004139212015468002
FW6_HEADYAW,ellipse,0.2,2.0,30,i_peak_a,r_wire,0.013675185519465057
FW6_HEADYAW,ellipse,0.2,2.0,30,i_peak_a,i_elec,0.353062573451397
FW6_HEADYAW,ellipse,0.2,2.0,30,runtime_min,tau_s,0.20923617658179738
FW6_HEADYAW,ellipse,0.2,2.0,30,runtime_min,rpm0,-0.007788151976461329
FW6_HEADYAW,ellipse,0.2,2.0,30,runtime_min,i_s,-0.29162523018058106
FW6_HEADYAW,ellipse,0.2,2.0,30,runtime_min,i0,-0.657705714411746
FW6_HEADYAW,ellipse,0.2,2.0,30,runtime_min,r_th,-0.03436007270667474
FW6_HEADYAW,ellipse,0.2,2.0,30,runtime_min,cap_err,-0.004117242235249136
FW6_HEADYAW,ellipse,0.2,2.0,30,runtime_min,v_oc,0.009742845526982834
FW6_HEADYAW,ellipse,0.2,2.0,30,runtime_min,r_pack,-0.011657268850807648
FW6_HEADYAW,ellipse,0.2,2.0,30,runtime_min,r_wire,0.00030555736728415185
FW6_HEADYAW,ellipse,0.2,2.0,30,runtime_min,i_elec,-0.32130226725580746
FW6_HEADYAW,ellipse,0.2,2.0,40,margin_nm,tau_s,0.5517894893099432
FW6_HEADYAW,ellipse,0.2,2.0,40,margin_nm,rpm0,0.0096441864049096
FW6_HEADYAW,ellipse,0.2,2.0,40,margin_nm,i_s,0.013322394813599422
FW6_HEADYAW,ellipse,0.2,2.0,40,margin_nm,i0,-0.021991936221326246
FW6_HEADYAW,ellipse,0.2,2.0,40,margin_nm,r_th,-0.02498641077626786
FW6_HEADYAW,ellipse,0.2,2.0,40,margin_nm,cap_err,0.7769074472119385
FW6_HEADYAW,ellipse,0.2,2.0,40,margin_nm,v_oc,0.11780086508898498
FW6_HEADYAW,ellipse,0.2,2.0,40,margin_nm,r_pack,-0.005554189061576562
FW6_HEADYAW,ellipse,0.2,2.0,40,margin_nm,r_wire,-0.002653836739315193
FW6_HEADYAW,ellipse,0.2,2.0,40,margin_nm,i_elec,0.007519782613309179
FW6_HEADYAW,ellipse,0.2,2.0,40,t_ss_c,tau_s,-0.23238066670896293
FW6_HEADYAW,ellipse,0.2,2.0,40,t_ss_c,rpm0,0.013965261107251232
FW6_HEADYAW,ellipse,0.2,2.0,40,t_ss_c,i_s,-0.09518253768694862
FW6_HEADYAW,ellipse,0.2,2.0,40,t_ss_c,i0,0.5520387360043039
FW6_HEADYAW,ellipse,0.2,2.0,40,t_ss_c,r_th,0.42625082425009153
FW6_HEADYAW,ellipse,0.2,2.0,40,t_ss_c,cap_err,-0.04777761775306864
FW6_HEADYAW,ellipse,0.2,2.0,40,t_ss_c,v_oc,-0.047880615097846115
FW6_HEADYAW,ellipse,0.2,2.0,40,t_ss_c,r_pack,0.002252170916907879
FW6_HEADYAW,ellipse,0.2,2.0,40,t_ss_c,r_wire,0.03945598793955421
FW6_HEADYAW,ellipse,0.2,2.0,40,t_ss_c,i_elec,0.015677094186343797
FW6_HEADYAW,ellipse,0.2,2.0,40,i_peak_a,tau_s,-0.2925389596154399
FW6_HEADYAW,ellipse,0.2,2.0,40,i_peak_a,rpm0,-0.0006705942967326996
FW6_HEADYAW,ellipse,0.2,2.0,40,i_peak_a,i_s,0.4243530533725614
FW6_HEADYAW,ellipse,0.2,2.0,40,i_peak_a,i0,0.7474071554896837
FW6_HEADYAW,ellipse,0.2,2.0,40,i_peak_a,r_th,0.0367652094183566
FW6_HEADYAW,ellipse,0.2,2.0,40,i_peak_a,cap_err,-0.005511703723522635
FW6_HEADYAW,ellipse,0.2,2.0,40,i_peak_a,v_oc,-0.051575725730636186
FW6_HEADYAW,ellipse,0.2,2.0,40,i_peak_a,r_pack,0.0041146289016254336
FW6_HEADYAW,ellipse,0.2,2.0,40,i_peak_a,r_wire,0.013910915323435032
FW6_HEADYAW,ellipse,0.2,2.0,40,i_peak_a,i_elec,0.3588727603191955
FW6_HEADYAW,ellipse,0.2,2.0,40,runtime_min,tau_s,0.20305931856214648
FW6_HEADYAW,ellipse,0.2,2.0,40,runtime_min,rpm0,-0.008032270670252296
FW6_HEADYAW,ellipse,0.2,2.0,40,runtime_min,i_s,-0.2832327319147479
FW6_HEADYAW,ellipse,0.2,2.0,40,runtime_min,i0,-0.6632914025879335
FW6_HEADYAW,ellipse,0.2,2.0,40,runtime_min,r_th,-0.034218381135375675
FW6_HEADYAW,ellipse,0.2,2.0,40,runtime_min,cap_err,-0.0036082950675883404
FW6_HEADYAW,ellipse,0.2,2.0,40,runtime_min,v_oc,0.008197114244123805
FW6_HEADYAW,ellipse,0.2,2.0,40,runtime_min,r_pack,-0.01161319462368829
FW6_HEADYAW,ellipse,0.2,2.0,40,runtime_min,r_wire,1.0155556683950742e-05
FW6_HEADYAW,ellipse,0.2,2.0,40,runtime_min,i_elec,-0.32375401197266795
FW6_HEADYAW,ellipse,0.2,4.0,30,margin_nm,tau_s,0.5535818117313124
FW6_HEADYAW,ellipse,0.2,4.0,30,margin_nm,rpm0,0.009768376640930736
FW6_HEADYAW,ellipse,0.2,4.0,30,margin_nm,i_s,0.009965525107280566
FW6_HEADYAW,ellipse,0.2,4.0,30,margin_nm,i0,-0.021717569079729895
FW6_HEADYAW,ellipse,0.2,4.0,30,margin_nm,r_th,-0.025049817449979715
FW6_HEADYAW,ellipse,0.2,4.0,30,margin_nm,cap_err,0.7753487341498592
FW6_HEADYAW,ellipse,0.2,4.0,30,margin_nm,v_oc,0.1188384865376096
FW6_HEADYAW,ellipse,0.2,4.0,30,margin_nm,r_pack,-0.0078065573118397
FW6_HEADYAW,ellipse,0.2,4.0,30,margin_nm,r_wire,-0.004231687581298619
FW6_HEADYAW,ellipse,0.2,4.0,30,margin_nm,i_elec,0.007679127075458563
FW6_HEADYAW,ellipse,0.2,4.0,30,t_ss_c,tau_s,-0.42578756375417365
FW6_HEADYAW,ellipse,0.2,4.0,30,t_ss_c,rpm0,0.012941613437957047
FW6_HEADYAW,ellipse,0.2,4.0,30,t_ss_c,i_s,0.06311653190183687
FW6_HEADYAW,ellipse,0.2,4.0,30,t_ss_c,i0,0.5058757726528635
FW6_HEADYAW,ellipse,0.2,4.0,30,t_ss_c,r_th,0.5378194890910544
FW6_HEADYAW,ellipse,0.2,4.0,30,t_ss_c,cap_err,-0.03225057958339773
FW6_HEADYAW,ellipse,0.2,4.0,30,t_ss_c,v_oc,-0.09614388934932103
FW6_HEADYAW,ellipse,0.2,4.0,30,t_ss_c,r_pack,0.0039896977766330855
FW6_HEADYAW,ellipse,0.2,4.0,30,t_ss_c,r_wire,0.04158851484316831
FW6_HEADYAW,ellipse,0.2,4.0,30,t_ss_c,i_elec,0.01256737117415235
FW6_HEADYAW,ellipse,0.2,4.0,30,i_peak_a,tau_s,-0.41829758203306455
FW6_HEADYAW,ellipse,0.2,4.0,30,i_peak_a,rpm0,-0.005666585074065008
FW6_HEADYAW,ellipse,0.2,4.0,30,i_peak_a,i_s,0.6114613377179264
FW6_HEADYAW,ellipse,0.2,4.0,30,i_peak_a,i0,0.5533358708150966
FW6_HEADYAW,ellipse,0.2,4.0,30,i_peak_a,r_th,0.03549703949967105
FW6_HEADYAW,ellipse,0.2,4.0,30,i_peak_a,cap_err,0.005871753096861454
FW6_HEADYAW,ellipse,0.2,4.0,30,i_peak_a,v_oc,-0.08922438280270918
FW6_HEADYAW,ellipse,0.2,4.0,30,i_peak_a,r_pack,0.004683368964818773
FW6_HEADYAW,ellipse,0.2,4.0,30,i_peak_a,r_wire,0.010715148301683144
FW6_HEADYAW,ellipse,0.2,4.0,30,i_peak_a,i_elec,0.27175196308355143
FW6_HEADYAW,ellipse,0.2,4.0,30,runtime_min,tau_s,0.31624814624979397
FW6_HEADYAW,ellipse,0.2,4.0,30,runtime_min,rpm0,-0.002477182053020228
FW6_HEADYAW,ellipse,0.2,4.0,30,runtime_min,i_s,-0.443019461668829
FW6_HEADYAW,ellipse,0.2,4.0,30,runtime_min,i0,-0.5368781809864644
FW6_HEADYAW,ellipse,0.2,4.0,30,runtime_min,r_th,-0.035614721290524586
FW6_HEADYAW,ellipse,0.2,4.0,30,runtime_min,cap_err,-0.012208607578734173
FW6_HEADYAW,ellipse,0.2,4.0,30,runtime_min,v_oc,0.039133051903672424
FW6_HEADYAW,ellipse,0.2,4.0,30,runtime_min,r_pack,-0.014185829576203285
FW6_HEADYAW,ellipse,0.2,4.0,30,runtime_min,r_wire,0.003291027032336337
FW6_HEADYAW,ellipse,0.2,4.0,30,runtime_min,i_elec,-0.26708599056511
FW6_HEADYAW,ellipse,0.2,4.0,40,margin_nm,tau_s,0.5532121268013473
FW6_HEADYAW,ellipse,0.2,4.0,40,margin_nm,rpm0,0.009733074859230539
FW6_HEADYAW,ellipse,0.2,4.0,40,margin_nm,i_s,0.010688474520941613
FW6_HEADYAW,ellipse,0.2,4.0,40,margin_nm,i0,-0.021769780196642243
FW6_HEADYAW,ellipse,0.2,4.0,40,margin_nm,r_th,-0.025015865446207267
FW6_HEADYAW,ellipse,0.2,4.0,40,margin_nm,cap_err,0.7756823764091528
FW6_HEADYAW,ellipse,0.2,4.0,40,margin_nm,v_oc,0.11860555628950624
FW6_HEADYAW,ellipse,0.2,4.0,40,margin_nm,r_pack,-0.007341278593475398
FW6_HEADYAW,ellipse,0.2,4.0,40,margin_nm,r_wire,-0.003871626207958467
FW6_HEADYAW,ellipse,0.2,4.0,40,margin_nm,i_elec,0.007613724401524933
FW6_HEADYAW,ellipse,0.2,4.0,40,t_ss_c,tau_s,-0.39422230602470065
FW6_HEADYAW,ellipse,0.2,4.0,40,t_ss_c,rpm0,0.013553395283710586
FW6_HEADYAW,ellipse,0.2,4.0,40,t_ss_c,i_s,0.0339587686620854
FW6_HEADYAW,ellipse,0.2,4.0,40,t_ss_c,i0,0.5217356375261819
FW6_HEADYAW,ellipse,0.2,4.0,40,t_ss_c,r_th,0.5234046159338461
FW6_HEADYAW,ellipse,0.2,4.0,40,t_ss_c,cap_err,-0.03523569591507732
FW6_HEADYAW,ellipse,0.2,4.0,40,t_ss_c,v_oc,-0.08778844042093781
FW6_HEADYAW,ellipse,0.2,4.0,40,t_ss_c,r_pack,0.0037837377537486387
FW6_HEADYAW,ellipse,0.2,4.0,40,t_ss_c,r_wire,0.041934615770512856
FW6_HEADYAW,ellipse,0.2,4.0,40,t_ss_c,i_elec,0.013662715295857253
FW6_HEADYAW,ellipse,0.2,4.0,40,i_peak_a,tau_s,-0.39908937723215304
FW6_HEADYAW,ellipse,0.2,4.0,40,i_peak_a,rpm0,-0.00507097078566342
FW6_HEADYAW,ellipse,0.2,4.0,40,i_peak_a,i_s,0.5815507286167476
FW6_HEADYAW,ellipse,0.2,4.0,40,i_peak_a,i0,0.5922048186894243
FW6_HEADYAW,ellipse,0.2,4.0,40,i_peak_a,r_th,0.035992805776978415
FW6_HEADYAW,ellipse,0.2,4.0,40,i_peak_a,cap_err,0.0036265639585071063
FW6_HEADYAW,ellipse,0.2,4.0,40,i_peak_a,v_oc,-0.08298693322077033
FW6_HEADYAW,ellipse,0.2,4.0,40,i_peak_a,r_pack,0.004299545366616152
FW6_HEADYAW,ellipse,0.2,4.0,40,i_peak_a,r_wire,0.011236851915205766
FW6_HEADYAW,ellipse,0.2,4.0,40,i_peak_a,i_elec,0.28895611166179014
FW6_HEADYAW,ellipse,0.2,4.0,40,runtime_min,tau_s,0.2998711382079042
FW6_HEADYAW,ellipse,0.2,4.0,40,runtime_min,rpm0,-0.0033912430434714495
FW6_HEADYAW,ellipse,0.2,4.0,40,runtime_min,i_s,-0.4193814617090513
FW6_HEADYAW,ellipse,0.2,4.0,40,runtime_min,i0,-0.5585190540576727
FW6_HEADYAW,ellipse,0.2,4.0,40,runtime_min,r_th,-0.035480116831124085
FW6_HEADYAW,ellipse,0.2,4.0,40,runtime_min,cap_err,-0.010968030996447886
FW6_HEADYAW,ellipse,0.2,4.0,40,runtime_min,v_oc,0.034320028702225405
FW6_HEADYAW,ellipse,0.2,4.0,40,runtime_min,r_pack,-0.013505225500580609
FW6_HEADYAW,ellipse,0.2,4.0,40,runtime_min,r_wire,0.0029764767751640857
FW6_HEADYAW,ellipse,0.2,4.0,40,runtime_min,i_elec,-0.2771330747925638
FW6_HEADYAW,ellipse,0.2,8.0,30,margin_nm,tau_s,0.5561140169015574
FW6_HEADYAW,ellipse,0.2,8.0,30,margin_nm,rpm0,0.009841298426810936
FW6_HEADYAW,ellipse,0.2,8.0,30,margin_nm,i_s,0.004978946330994036
FW6_HEADYAW,ellipse,0.2,8.0,30,margin_nm,i0,-0.02142401349155705
FW6_HEADYAW,ellipse,0.2,8.0,30,margin_nm,r_th,-0.025322208146912013
FW6_HEADYAW,ellipse,0.2,8.0,30,margin_nm,cap_err,0.7730822956758104
FW6_HEADYAW,ellipse,0.2,8.0,30,margin_nm,v_oc,0.1201801737977971
FW6_HEADYAW,ellipse,0.2,8.0,30,margin_nm,r_pack,-0.011304292811588087
FW6_HEADYAW,ellipse,0.2,8.0,30,margin_nm,r_wire,-0.00660094562232729
FW6_HEADYAW,ellipse,0.2,8.0,30,margin_nm,i_elec,0.007852216428024047
FW6_HEADYAW,ellipse,0.2,8.0,30,t_ss_c,tau_s,-0.5671219279024363
FW6_HEADYAW,ellipse,0.2,8.0,30,t_ss_c,rpm0,0.009621493069054785
FW6_HEADYAW,ellipse,0.2,8.0,30,t_ss_c,i_s,0.2165240805026756
FW6_HEADYAW,ellipse,0.2,8.0,30,t_ss_c,i0,0.3913436683715186
FW6_HEADYAW,ellipse,0.2,8.0,30,t_ss_c,r_th,0.5784170273796697
FW6_HEADYAW,ellipse,0.2,8.0,30,t_ss_c,cap_err,-0.014509396278821807
FW6_HEADYAW,ellipse,0.2,8.0,30,t_ss_c,v_oc,-0.13418970779885642
FW6_HEADYAW,ellipse,0.2,8.0,30,t_ss_c,r_pack,0.00997705266411696
FW6_HEADYAW,ellipse,0.2,8.0,30,t_ss_c,r_wire,0.03973146752571861
FW6_HEADYAW,ellipse,0.2,8.0,30,t_ss_c,i_elec,0.006241220249024471
FW6_HEADYAW,ellipse,0.2,8.0,30,i_peak_a,tau_s,-0.48597848777538744
FW6_HEADYAW,ellipse,0.2,8.0,30,i_peak_a,rpm0,-0.00833858670428741
FW6_HEADYAW,ellipse,0.2,8.0,30,i_peak_a,i_s,0.7213937232659692
FW6_HEADYAW,ellipse,0.2,8.0,30,i_peak_a,i0,0.3671654510183834
FW6_HEADYAW,ellipse,0.2,8.0,30,i_peak_a,r_th,0.03164598751622083
FW6_HEADYAW,ellipse,0.2,8.0,30,i_peak_a,cap_err,0.015730767970085328
FW6_HEADYAW,ellipse,0.2,8.0,30,i_peak_a,v_oc,-0.11282807475867496
FW6_HEADYAW,ellipse,0.2,8.0,30,i_peak_a,r_pack,0.008170969352329926
FW6_HEADYAW,ellipse,0.2,8.0,30,i_peak_a,r_wire,0.008080236453359604
FW6_HEADYAW,ellipse,0.2,8.0,30,i_peak_a,i_elec,0.1849309667701074
FW6_HEADYAW,ellipse,0.2,8.0,30,runtime_min,tau_s,0.4033982652664738
FW6_HEADYAW,ellipse,0.2,8.0,30,runtime_min,rpm0,0.001777944641993849
FW6_HEADYAW,ellipse,0.2,8.0,30,runtime_min,i_s,-0.5737354015261557
FW6_HEADYAW,ellipse,0.2,8.0,30,runtime_min,i0,-0.3950483087831454
FW6_HEADYAW,ellipse,0.2,8.0,30,runtime_min,r_th,-0.03490167276685252
FW6_HEADYAW,ellipse,0.2,8.0,30,runtime_min,cap_err,-0.01837074470786052
FW6_HEADYAW,ellipse,0.2,8.0,30,runtime_min,v_oc,0.06584216909357433
FW6_HEADYAW,ellipse,0.2,8.0,30,runtime_min,r_pack,-0.01645357649484183
FW6_HEADYAW,ellipse,0.2,8.0,30,runtime_min,r_wire,0.0028328945369882814
FW6_HEADYAW,ellipse,0.2,8.0,30,runtime_min,i_elec,-0.1988338980926553
FW6_HEADYAW,ellipse,0.2,8.0,40,margin_nm,tau_s,0.5555872586208064
FW6_HEADYAW,ellipse,0.2,8.0,40,margin_nm,rpm0,0.009841284204587132
FW6_HEADYAW,ellipse,0.2,8.0,40,margin_nm,i_s,0.005970339774482196
FW6_HEADYAW,ellipse,0.2,8.0,40,margin_nm,i0,-0.021473704163744906
FW6_HEADYAW,ellipse,0.2,8.0,40,margin_nm,r_th,-0.025278484586498284
FW6_HEADYAW,ellipse,0.2,8.0,40,margin_nm,cap_err,0.7735573561730394
FW6_HEADYAW,ellipse,0.2,8.0,40,margin_nm,v_oc,0.11991316932368545
FW6_HEADYAW,ellipse,0.2,8.0,40,margin_nm,r_pack,-0.010611887845765314
FW6_HEADYAW,ellipse,0.2,8.0,40,margin_nm,r_wire,-0.006121212235690248
FW6_HEADYAW,ellipse,0.2,8.0,40,margin_nm,i_elec,0.007788908865434317
FW6_HEADYAW,ellipse,0.2,8.0,40,t_ss_c,tau_s,-0.5412696974744108
FW6_HEADYAW,ellipse,0.2,8.0,40,t_ss_c,rpm0,0.010363422040380224
FW6_HEADYAW,ellipse,0.2,8.0,40,t_ss_c,i_s,0.18389192043243557
FW6_HEADYAW,ellipse,0.2,8.0,40,t_ss_c,i0,0.42120438146715344
FW6_HEADYAW,ellipse,0.2,8.0,40,t_ss_c,r_th,0.5751061456784605
FW6_HEADYAW,ellipse,0.2,8.0,40,t_ss_c,cap_err,-0.018484081164897907
FW6_HEADYAW,ellipse,0.2,8.0,40,t_ss_c,v_oc,-0.12670562252284692
FW6_HEADYAW,ellipse,0.2,8.0,40,t_ss_c,r_pack,0.008505428056158672
FW6_HEADYAW,ellipse,0.2,8.0,40,t_ss_c,r_wire,0.040434311603812396
FW6_HEADYAW,ellipse,0.2,8.0,40,t_ss_c,i_elec,0.007807486200831799
FW6_HEADYAW,ellipse,0.2,8.0,40,i_peak_a,tau_s,-0.4776651041850115
FW6_HEADYAW,ellipse,0.2,8.0,40,i_peak_a,rpm0,-0.007905467100607454
FW6_HEADYAW,ellipse,0.2,8.0,40,i_peak_a,i_s,0.7073673452630383
FW6_HEADYAW,ellipse,0.2,8.0,40,i_peak_a,i0,0.3964730178303353
FW6_HEADYAW,ellipse,0.2,8.0,40,i_peak_a,r_th,0.03248716538746282
FW6_HEADYAW,ellipse,0.2,8.0,40,i_peak_a,cap_err,0.014318589590954398
FW6_HEADYAW,ellipse,0.2,8.0,40,i_peak_a,v_oc,-0.10981556420172935
FW6_HEADYAW,ellipse,0.2,8.0,40,i_peak_a,r_pack,0.00751970972441219
FW6_HEADYAW,ellipse,0.2,8.0,40,i_peak_a,r_wire,0.00859658673295408
FW6_HEADYAW,ellipse,0.2,8.0,40,i_peak_a,i_elec,0.19903287189254126
FW6_HEADYAW,ellipse,0.2,8.0,40,runtime_min,tau_s,0.38979300419922264
FW6_HEADYAW,ellipse,0.2,8.0,40,runtime_min,rpm0,0.001190686354520706
FW6_HEADYAW,ellipse,0.2,8.0,40,runtime_min,i_s,-0.5527392774154752
FW6_HEADYAW,ellipse,0.2,8.0,40,runtime_min,i0,-0.4209207614356401
FW6_HEADYAW,ellipse,0.2,8.0,40,runtime_min,r_th,-0.03539611504401278
FW6_HEADYAW,ellipse,0.2,8.0,40,runtime_min,cap_err,-0.01737735126415014
FW6_HEADYAW,ellipse,0.2,8.0,40,runtime_min,v_oc,0.06150171350019038
FW6_HEADYAW,ellipse,0.2,8.0,40,runtime_min,r_pack,-0.016046258671806517
FW6_HEADYAW,ellipse,0.2,8.0,40,runtime_min,r_wire,0.0029680029964447765
FW6_HEADYAW,ellipse,0.2,8.0,40,runtime_min,i_elec,-0.2114261146029016
FW6_HEADYAW,ellipse,0.4,2.0,30,margin_nm,tau_s,0.5542276113586234
FW6_HEADYAW,ellipse,0.4,2.0,30,margin_nm,rpm0,0.009796640199626687
FW6_HEADYAW,ellipse,0.4,2.0,30,margin_nm,i_s,0.008709431634381292
FW6_HEADYAW,ellipse,0.4,2.0,30,margin_nm,i0,-0.021648237516470832
FW6_HEADYAW,ellipse,0.4,2.0,30,margin_nm,r_th,-0.025141294793477195
FW6_HEADYAW,ellipse,0.4,2.0,30,margin_nm,cap_err,0.7747775669752851
FW6_HEADYAW,ellipse,0.4,2.0,30,margin_nm,v_oc,0.11917712213079132
FW6_HEADYAW,ellipse,0.4,2.0,30,margin_nm,r_pack,-0.008673504963722772
FW6_HEADYAW,ellipse,0.4,2.0,30,margin_nm,r_wire,-0.00481225075691675
FW6_HEADYAW,ellipse,0.4,2.0,30,margin_nm,i_elec,0.0077243466360385135
FW6_HEADYAW,ellipse,0.4,2.0,30,t_ss_c,tau_s,-0.4635523968391551
FW6_HEADYAW,ellipse,0.4,2.0,30,t_ss_c,rpm0,0.01225291958365773
FW6_HEADYAW,ellipse,0.4,2.0,30,t_ss_c,i_s,0.09984649464961051
FW6_HEADYAW,ellipse,0.4,2.0,30,t_ss_c,i0,0.4835235203915022
FW6_HEADYAW,ellipse,0.4,2.0,30,t_ss_c,r_th,0.5524821840535759
FW6_HEADYAW,ellipse,0.4,2.0,30,t_ss_c,cap_err,-0.02824254847139427
FW6_HEADYAW,ellipse,0.4,2.0,30,t_ss_c,v_oc,-0.10586462331829147
FW6_HEADYAW,ellipse,0.4,2.0,30,t_ss_c,r_pack,0.005490202387800265
FW6_HEADYAW,ellipse,0.4,2.0,30,t_ss_c,r_wire,0.04151078816786534
FW6_HEADYAW,ellipse,0.4,2.0,30,t_ss_c,i_elec,0.011136759015195443
FW6_HEADYAW,ellipse,0.4,2.0,30,i_peak_a,tau_s,-0.44299045677671733
FW6_HEADYAW,ellipse,0.4,2.0,30,i_peak_a,rpm0,-0.006599093177677019
FW6_HEADYAW,ellipse,0.4,2.0,30,i_peak_a,i_s,0.6506283402920376
FW6_HEADYAW,ellipse,0.4,2.0,30,i_peak_a,i0,0.4965283480587052
FW6_HEADYAW,ellipse,0.4,2.0,30,i_peak_a,r_th,0.034562261173584574
FW6_HEADYAW,ellipse,0.4,2.0,30,i_peak_a,cap_err,0.008778707197634131
FW6_HEADYAW,ellipse,0.4,2.0,30,i_peak_a,v_oc,-0.09739409926601102
FW6_HEADYAW,ellipse,0.4,2.0,30,i_peak_a,r_pack,0.005353100594788955
FW6_HEADYAW,ellipse,0.4,2.0,30,i_peak_a,r_wire,0.009789474865497205
FW6_HEADYAW,ellipse,0.4,2.0,30,i_peak_a,i_elec,0.24560845484538382
FW6_HEADYAW,ellipse,0.4,2.0,30,runtime_min,tau_s,0.3358888164320907
FW6_HEADYAW,ellipse,0.4,2.0,30,runtime_min,rpm0,-0.0015039063893229321
FW6_HEADYAW,ellipse,0.4,2.0,30,runtime_min,i_s,-0.47175833019536995
FW6_HEADYAW,ellipse,0.4,2.0,30,runtime_min,i0,-0.5093163903684877
FW6_HEADYAW,ellipse,0.4,2.0,30,runtime_min,r_th,-0.035728623969847106
FW6_HEADYAW,ellipse,0.4,2.0,30,runtime_min,cap_err,-0.013680118853346537
FW6_HEADYAW,ellipse,0.4,2.0,30,runtime_min,v_oc,0.044823112091456896
FW6_HEADYAW,ellipse,0.4,2.0,30,runtime_min,r_pack,-0.01469179096575455
FW6_HEADYAW,ellipse,0.4,2.0,30,runtime_min,r_wire,0.0031817572424174705
FW6_HEADYAW,ellipse,0.4,2.0,30,runtime_min,i_elec,-0.2541173246797027
FW6_HEADYAW,ellipse,0.4,2.0,40,margin_nm,tau_s,0.5539968277774252
FW6_HEADYAW,ellipse,0.4,2.0,40,margin_nm,rpm0,0.009781337531259725
FW6_HEADYAW,ellipse,0.4,2.0,40,margin_nm,i_s,0.009172364574707173
FW6_HEADYAW,ellipse,0.4,2.0,40,margin_nm,i0,-0.021662867740318635
FW6_HEADYAW,ellipse,0.4,2.0,40,margin_nm,r_th,-0.02507963923107102
FW6_HEADYAW,ellipse,0.4,2.0,40,margin_nm,cap_err,0.7749850967761218
FW6_HEADYAW,ellipse,0.4,2.0,40,margin_nm,v_oc,0.11905572789508084
FW6_HEADYAW,ellipse,0.4,2.0,40,margin_nm,r_pack,-0.008355693817299312
FW6_HEADYAW,ellipse,0.4,2.0,40,margin_nm,r_wire,-0.004602968955885439
FW6_HEADYAW,ellipse,0.4,2.0,40,margin_nm,i_elec,0.0076799546311060694
FW6_HEADYAW,ellipse,0.4,2.0,40,t_ss_c,tau_s,-0.45055351050594555
FW6_HEADYAW,ellipse,0.4,2.0,40,t_ss_c,rpm0,0.012548316060924006
FW6_HEADYAW,ellipse,0.4,2.0,40,t_ss_c,i_s,0.08698912255434695
FW6_HEADYAW,ellipse,0.4,2.0,40,t_ss_c,i0,0.4921403555711505
FW6_HEADYAW,ellipse,0.4,2.0,40,t_ss_c,r_th,0.5478992088776898
FW6_HEADYAW,ellipse,0.4,2.0,40,t_ss_c,cap_err,-0.029618807290978585
FW6_HEADYAW,ellipse,0.4,2.0,40,t_ss_c,v_oc,-0.10244677227186356
FW6_HEADYAW,ellipse,0.4,2.0,40,t_ss_c,r_pack,0.004942460104717789
FW6_HEADYAW,ellipse,0.4,2.0,40,t_ss_c,r_wire,0.04154306239367359
FW6_HEADYAW,ellipse,0.4,2.0,40,t_ss_c,i_elec,0.011678343519815946
FW6_HEADYAW,ellipse,0.4,2.0,40,i_peak_a,tau_s,-0.4349391345487927
FW6_HEADYAW,ellipse,0.4,2.0,40,i_peak_a,rpm0,-0.006168828240980915
FW6_HEADYAW,ellipse,0.4,2.0,40,i_peak_a,i_s,0.63780316108924
FW6_HEADYAW,ellipse,0.4,2.0,40,i_peak_a,i0,0.5160090120010012
FW6_HEADYAW,ellipse,0.4,2.0,40,i_peak_a,r_th,0.03486587276287475
FW6_HEADYAW,ellipse,0.4,2.0,40,i_peak_a,cap_err,0.0077171568574618725
FW6_HEADYAW,ellipse,0.4,2.0,40,i_peak_a,v_oc,-0.09477692741965858
FW6_HEADYAW,ellipse,0.4,2.0,40,i_peak_a,r_pack,0.0051496619055179885
FW6_HEADYAW,ellipse,0.4,2.0,40,i_peak_a,r_wire,0.010167553574172618
FW6_HEADYAW,ellipse,0.4,2.0,40,i_peak_a,i_elec,0.2546539398504377
FW6_HEADYAW,ellipse,0.4,2.0,40,runtime_min,tau_s,0.3291124081236008
FW6_HEADYAW,ellipse,0.4,2.0,40,runtime_min,rpm0,-0.0018613699845966645
FW6_HEADYAW,ellipse,0.4,2.0,40,runtime_min,i_s,-0.4617319148591016
FW6_HEADYAW,ellipse,0.4,2.0,40,runtime_min,i0,-0.519115544790616
FW6_HEADYAW,ellipse,0.4,2.0,40,runtime_min,r_th,-0.03569052307672478
FW6_HEADYAW,ellipse,0.4,2.0,40,runtime_min,cap_err,-0.013205769467307716
FW6_HEADYAW,ellipse,0.4,2.0,40,runtime_min,v_oc,0.04284338609370956
FW6_HEADYAW,ellipse,0.4,2.0,40,runtime_min,r_pack,-0.014497474055274892
FW6_HEADYAW,ellipse,0.4,2.0,40,runtime_min,r_wire,0.00324696924966325
FW6_HEADYAW,ellipse,0.4,2.0,40,runtime_min,i_elec,-0.2586665509629501
FW6_HEADYAW,ellipse,0.4,4.0,30,margin_nm,tau_s,0.557563189507021
FW6_HEADYAW,ellipse,0.4,4.0,30,margin_nm,rpm0,0.00988150643127849
FW6_HEADYAW,ellipse,0.4,4.0,30,margin_nm,i_s,0.002189051354339039
FW6_HEADYAW,ellipse,0.4,4.0,30,margin_nm,i0,-0.02129009569889952
FW6_HEADYAW,ellipse,0.4,4.0,30,margin_nm,r_th,-0.02537103081900342
FW6_HEADYAW,ellipse,0.4,4.0,30,margin_nm,cap_err,0.7717366386374042
FW6_HEADYAW,ellipse,0.4,4.0,30,margin_nm,v_oc,0.12103989389332154
FW6_HEADYAW,ellipse,0.4,4.0,30,margin_nm,r_pack,-0.013266482807386978
FW6_HEADYAW,ellipse,0.4,4.0,30,margin_nm,r_wire,-0.007856081317342367
FW6_HEADYAW,ellipse,0.4,4.0,30,margin_nm,i_elec,0.007884347987149775
FW6_HEADYAW,ellipse,0.4,4.0,30,t_ss_c,tau_s,-0.6106677056297449
FW6_HEADYAW,ellipse,0.4,4.0,30,t_ss_c,rpm0,0.008242289804698866
FW6_HEADYAW,ellipse,0.4,4.0,30,t_ss_c,i_s,0.27885096609455173
FW6_HEADYAW,ellipse,0.4,4.0,30,t_ss_c,i0,0.32670135718903964
FW6_HEADYAW,ellipse,0.4,4.0,30,t_ss_c,r_th,0.5752174359130484
FW6_HEADYAW,ellipse,0.4,4.0,30,t_ss_c,cap_err,-0.007226021247335693
FW6_HEADYAW,ellipse,0.4,4.0,30,t_ss_c,v_oc,-0.14761311906812433
FW6_HEADYAW,ellipse,0.4,4.0,30,t_ss_c,r_pack,0.013214584579398286
FW6_HEADYAW,ellipse,0.4,4.0,30,t_ss_c,r_wire,0.03833530470392275
FW6_HEADYAW,ellipse,0.4,4.0,30,t_ss_c,i_elec,0.0032343354704817188
FW6_HEADYAW,ellipse,0.4,4.0,30,i_peak_a,tau_s,-0.502481737609082
FW6_HEADYAW,ellipse,0.4,4.0,30,i_peak_a,rpm0,-0.009481619720179966
FW6_HEADYAW,ellipse,0.4,4.0,30,i_peak_a,i_s,0.7486614294068253
FW6_HEADYAW,ellipse,0.4,4.0,30,i_peak_a,i0,0.30061462095718006
FW6_HEADYAW,ellipse,0.4,4.0,30,i_peak_a,r_th,0.03006560556284506
FW6_HEADYAW,ellipse,0.4,4.0,30,i_peak_a,cap_err,0.018590082065564673
FW6_HEADYAW,ellipse,0.4,4.0,30,i_peak_a,v_oc,-0.11926334302926031
FW6_HEADYAW,ellipse,0.4,4.0,30,i_peak_a,r_pack,0.010750200750022304
FW6_HEADYAW,ellipse,0.4,4.0,30,i_peak_a,r_wire,0.007597143510793722
FW6_HEADYAW,ellipse,0.4,4.0,30,i_peak_a,i_elec,0.15300276055586226
FW6_HEADYAW,ellipse,0.4,4.0,30,runtime_min,tau_s,0.4287741627526847
FW6_HEADYAW,ellipse,0.4,4.0,30,runtime_min,rpm0,0.0033233634803737197
FW6_HEADYAW,ellipse,0.4,4.0,30,runtime_min,i_s,-0.6137274993030554
FW6_HEADYAW,ellipse,0.4,4.0,30,runtime_min,i0,-0.3409830507758945
FW6_HEADYAW,ellipse,0.4,4.0,30,runtime_min,r_th,-0.03432539759171084
FW6_HEADYAW,ellipse,0.4,4.0,30,runtime_min,cap_err,-0.02054004139333793
FW6_HEADYAW,ellipse,0.4,4.0,30,runtime_min,v_oc,0.0748294732032748
FW6_HEADYAW,ellipse,0.4,4.0,30,runtime_min,r_pack,-0.017817430868603427
FW6_HEADYAW,ellipse,0.4,4.0,30,runtime_min,r_wire,0.002129830903314545
FW6_HEADYAW,ellipse,0.4,4.0,30,runtime_min,i_elec,-0.1725468480607609
FW6_HEADYAW,ellipse,0.4,4.0,40,margin_nm,tau_s,0.5567666565296283
FW6_HEADYAW,ellipse,0.4,4.0,40,margin_nm,rpm0,0.009869083318787034
FW6_HEADYAW,ellipse,0.4,4.0,40,margin_nm,i_s,0.003672663963629329
FW6_HEADYAW,ellipse,0.4,4.0,40,margin_nm,i0,-0.02138097304233033
FW6_HEADYAW,ellipse,0.4,4.0,40,margin_nm,r_th,-0.025317264590807173
FW6_HEADYAW,ellipse,0.4,4.0,40,margin_nm,cap_err,0.7724812124979124
FW6_HEADYAW,ellipse,0.4,4.0,40,margin_nm,v_oc,0.12059168362129817
FW6_HEADYAW,ellipse,0.4,4.0,40,margin_nm,r_pack,-0.012197038688559852
FW6_HEADYAW,ellipse,0.4,4.0,40,margin_nm,r_wire,-0.0071699270188807784
FW6_HEADYAW,ellipse,0.4,4.0,40,margin_nm,i_elec,0.00786866531874059
FW6_HEADYAW,ellipse,0.4,4.0,40,t_ss_c,tau_s,-0.5919935306659478
FW6_HEADYAW,ellipse,0.4,4.0,40,t_ss_c,rpm0,0.008839678759964305
FW6_HEADYAW,ellipse,0.4,4.0,40,t_ss_c,i_s,0.2505149229461025
FW6_HEADYAW,ellipse,0.4,4.0,40,t_ss_c,i0,0.3574103770455974
FW6_HEADYAW,ellipse,0.4,4.0,40,t_ss_c,r_th,0.5783976633775181
FW6_HEADYAW,ellipse,0.4,4.0,40,t_ss_c,cap_err,-0.010553168283685363
FW6_HEADYAW,ellipse,0.4,4.0,40,t_ss_c,v_oc,-0.14151816016868443
FW6_HEADYAW,ellipse,0.4,4.0,40,t_ss_c,r_pack,0.011509127945458658
FW6_HEADYAW,ellipse,0.4,4.0,40,t_ss_c,r_wire,0.03902258522473168
FW6_HEADYAW,ellipse,0.4,4.0,40,t_ss_c,i_elec,0.0045469707274411915
FW6_HEADYAW,ellipse,0.4,4.0,40,i_peak_a,tau_s,-0.4945245638360625
FW6_HEADYAW,ellipse,0.4,4.0,40,i_peak_a,rpm0,-0.00885401653933517
FW6_HEADYAW,ellipse,0.4,4.0,40,i_peak_a,i_s,0.7357034146337126
FW6_HEADYAW,ellipse,0.4,4.0,40,i_peak_a,i0,0.3342254678028297
FW6_HEADYAW,ellipse,0.4,4.0,40,i_peak_a,r_th,0.030871401652377957
FW6_HEADYAW,ellipse,0.4,4.0,40,i_peak_a,cap_err,0.017231038803448753
FW6_HEADYAW,ellipse,0.4,4.0,40,i_peak_a,v_oc,-0.11600746888971875
FW6_HEADYAW,ellipse,0.4,4.0,40,i_peak_a,r_pack,0.00945930816214535
FW6_HEADYAW,ellipse,0.4,4.0,40,i_peak_a,r_wire,0.00788285643142849
FW6_HEADYAW,ellipse,0.4,4.0,40,i_peak_a,i_elec,0.16909019078779894
FW6_HEADYAW,ellipse,0.4,4.0,40,runtime_min,tau_s,0.41731087081231893
FW6_HEADYAW,ellipse,0.4,4.0,40,runtime_min,rpm0,0.0026679091853232424
FW6_HEADYAW,ellipse,0.4,4.0,40,runtime_min,i_s,-0.595578691064299
FW6_HEADYAW,ellipse,0.4,4.0,40,runtime_min,i0,-0.36632944603660506
FW6_HEADYAW,ellipse,0.4,4.0,40,runtime_min,r_th,-0.03459382695486966
FW6_HEADYAW,ellipse,0.4,4.0,40,runtime_min,cap_err,-0.019556799061866557
FW6_HEADYAW,ellipse,0.4,4.0,40,runtime_min,v_oc,0.07072379452486605
FW6_HEADYAW,ellipse,0.4,4.0,40,runtime_min,r_pack,-0.01699147477683053
FW6_HEADYAW,ellipse,0.4,4.0,40,runtime_min,r_wire,0.002598317622035291
FW6_HEADYAW,ellipse,0.4,4.0,40,runtime_min,i_elec,-0.184937976548664
FW6_HEADYAW,ellipse,0.4,8.0,30,margin_nm,tau_s,0.5630572612285845
FW6_HEADYAW,ellipse,0.4,8.0,30,margin_nm,rpm0,0.010263390918154544
FW6_HEADYAW,ellipse,0.4,8.0,30,margin_nm,i_s,-0.008587153843017092
FW6_HEADYAW,ellipse,0.4,8.0,30,margin_nm,i0,-0.020728420525380053
FW6_HEADYAW,ellipse,0.4,8.0,30,margin_nm,r_th,-0.025618737513193057
FW6_HEADYAW,ellipse,0.4,8.0,30,margin_nm,cap_err,0.766431217159024
FW6_HEADYAW,ellipse,0.4,8.0,30,margin_nm,v_oc,0.12413395690377298
FW6_HEADYAW,ellipse,0.4,8.0,30,margin_nm,r_pack,-0.02083976720441857
FW6_HEADYAW,ellipse,0.4,8.0,30,margin_nm,r_wire,-0.012899284988809441
FW6_HEADYAW,ellipse,0.4,8.0,30,margin_nm,i_elec,0.007877158653017628
FW6_HEADYAW,ellipse,0.4,8.0,30,t_ss_c,tau_s,-0.6645789040643225
FW6_HEADYAW,ellipse,0.4,8.0,30,t_ss_c,rpm0,0.005662641073626785
FW6_HEADYAW,ellipse,0.4,8.0,30,t_ss_c,i_s,0.3896752295194699
FW6_HEADYAW,ellipse,0.4,8.0,30,t_ss_c,i0,0.19372596552510726
FW6_HEADYAW,ellipse,0.4,8.0,30,t_ss_c,r_th,0.5401339151259905
FW6_HEADYAW,ellipse,0.4,8.0,30,t_ss_c,cap_err,0.005394370377152263
FW6_HEADYAW,ellipse,0.4,8.0,30,t_ss_c,v_oc,-0.16860474495608274
FW6_HEADYAW,ellipse,0.4,8.0,30,t_ss_c,r_pack,0.024008893334321477
FW6_HEADYAW,ellipse,0.4,8.0,30,t_ss_c,r_wire,0.038019810446645604
FW6_HEADYAW,ellipse,0.4,8.0,30,t_ss_c,i_elec,-0.0021080753453417045
FW6_HEADYAW,ellipse,0.4,8.0,30,i_peak_a,tau_s,-0.5251579103508789
FW6_HEADYAW,ellipse,0.4,8.0,30,i_peak_a,rpm0,-0.01126811414090157
FW6_HEADYAW,ellipse,0.4,8.0,30,i_peak_a,i_s,0.7858615757623972
FW6_HEADYAW,ellipse,0.4,8.0,30,i_peak_a,i0,0.16873311608145733
FW6_HEADYAW,ellipse,0.4,8.0,30,i_peak_a,r_th,0.02692708210300912
FW6_HEADYAW,ellipse,0.4,8.0,30,i_peak_a,cap_err,0.023995725777302863
FW6_HEADYAW,ellipse,0.4,8.0,30,i_peak_a,v_oc,-0.13068909140989904
FW6_HEADYAW,ellipse,0.4,8.0,30,i_peak_a,r_pack,0.01852761716973524
FW6_HEADYAW,ellipse,0.4,8.0,30,i_peak_a,r_wire,0.009216221912913545
FW6_HEADYAW,ellipse,0.4,8.0,30,i_peak_a,i_elec,0.08855961472884608
FW6_HEADYAW,ellipse,0.4,8.0,30,runtime_min,tau_s,0.47678265786473967
FW6_HEADYAW,ellipse,0.4,8.0,30,runtime_min,rpm0,0.007327779925308879
FW6_HEADYAW,ellipse,0.4,8.0,30,runtime_min,i_s,-0.6936670028518891
FW6_HEADYAW,ellipse,0.4,8.0,30,runtime_min,i0,-0.2075556635061848
FW6_HEADYAW,ellipse,0.4,8.0,30,runtime_min,r_th,-0.03192570710285634
FW6_HEADYAW,ellipse,0.4,8.0,30,runtime_min,cap_err,-0.025257885917542876
FW6_HEADYAW,ellipse,0.4,8.0,30,runtime_min,v_oc,0.09571968441329824
FW6_HEADYAW,ellipse,0.4,8.0,30,runtime_min,r_pack,-0.023593443065938118
FW6_HEADYAW,ellipse,0.4,8.0,30,runtime_min,r_wire,-0.0019120757680084184
FW6_HEADYAW,ellipse,0.4,8.0,30,runtime_min,i_elec,-0.10680677542297504
FW6_HEADYAW,ellipse,0.4,8.0,40,margin_nm,tau_s,0.5618979797664421
FW6_HEADYAW,ellipse,0.4,8.0,40,margin_nm,rpm0,0.010185959798439975
FW6_HEADYAW,ellipse,0.4,8.0,40,margin_nm,i_s,-0.006375342486149164
FW6_HEADYAW,ellipse,0.4,8.0,40,margin_nm,i0,-0.020823169869241095
FW6_HEADYAW,ellipse,0.4,8.0,40,margin_nm,r_th,-0.025550014838890536
FW6_HEADYAW,ellipse,0.4,8.0,40,margin_nm,cap_err,0.76756766172974
FW6_HEADYAW,ellipse,0.4,8.0,40,margin_nm,v_oc,0.12353670483741162
FW6_HEADYAW,ellipse,0.4,8.0,40,margin_nm,r_pack,-0.01930614792290532
FW6_HEADYAW,ellipse,0.4,8.0,40,margin_nm,r_wire,-0.011855372428374712
FW6_HEADYAW,ellipse,0.4,8.0,40,margin_nm,i_elec,0.007918338213148688
FW6_HEADYAW,ellipse,0.4,8.0,40,t_ss_c,tau_s,-0.6568277343141927
FW6_HEADYAW,ellipse,0.4,8.0,40,t_ss_c,rpm0,0.006175632241736915
FW6_HEADYAW,ellipse,0.4,8.0,40,t_ss_c,i_s,0.3695412183934687
FW6_HEADYAW,ellipse,0.4,8.0,40,t_ss_c,i0,0.2206345294038366
FW6_HEADYAW,ellipse,0.4,8.0,40,t_ss_c,r_th,0.5499785642198405
FW6_HEADYAW,ellipse,0.4,8.0,40,t_ss_c,cap_err,0.0030443336715926302
FW6_HEADYAW,ellipse,0.4,8.0,40,t_ss_c,v_oc,-0.16524808502756497
FW6_HEADYAW,ellipse,0.4,8.0,40,t_ss_c,r_pack,0.02189658909962101
FW6_HEADYAW,ellipse,0.4,8.0,40,t_ss_c,r_wire,0.03818118779790975
FW6_HEADYAW,ellipse,0.4,8.0,40,t_ss_c,i_elec,-0.0010818663424295933
FW6_HEADYAW,ellipse,0.4,8.0,40,i_peak_a,tau_s,-0.5226394620710513
FW6_HEADYAW,ellipse,0.4,8.0,40,i_peak_a,rpm0,-0.011008845667649517
FW6_HEADYAW,ellipse,0.4,8.0,40,i_peak_a,i_s,0.7820720655635627
FW6_HEADYAW,ellipse,0.4,8.0,40,i_peak_a,i0,0.18717729635303293
FW6_HEADYAW,ellipse,0.4,8.0,40,i_peak_a,r_th,0.027403479933719988
FW6_HEADYAW,ellipse,0.4,8.0,40,i_peak_a,cap_err,0.023269145252127248
FW6_HEADYAW,ellipse,0.4,8.0,40,i_peak_a,v_oc,-0.12911796190199576
FW6_HEADYAW,ellipse,0.4,8.0,40,i_peak_a,r_pack,0.017146596127399567
FW6_HEADYAW,ellipse,0.4,8.0,40,i_peak_a,r_wire,0.008562320951368994
FW6_HEADYAW,ellipse,0.4,8.0,40,i_peak_a,i_elec,0.09763169040352114
FW6_HEADYAW,ellipse,0.4,8.0,40,runtime_min,tau_s,0.47037744115304897
FW6_HEADYAW,ellipse,0.4,8.0,40,runtime_min,rpm0,0.006471930941325659
FW6_HEADYAW,ellipse,0.4,8.0,40,runtime_min,i_s,-0.682690967854552
FW6_HEADYAW,ellipse,0.4,8.0,40,runtime_min,i0,-0.22880223831135976
FW6_HEADYAW,ellipse,0.4,8.0,40,runtime_min,r_th,-0.032376458708495405
FW6_HEADYAW,ellipse,0.4,8.0,40,runtime_min,cap_err,-0.024504834278314916
FW6_HEADYAW,ellipse,0.4,8.0,40,runtime_min,v_oc,0.09274684008298222
FW6_HEADYAW,ellipse,0.4,8.0,40,runtime_min,r_pack,-0.022207396245266246
FW6_HEADYAW,ellipse,0.4,8.0,40,runtime_min,r_wire,-0.0009805743311749255
FW6_HEADYAW,ellipse,0.4,8.0,40,runtime_min,i_elec,-0.11726828325203145
FW6_HEADYAW,ellipse,0.8,2.0,30,margin_nm,tau_s,0.5589081581009064
FW6_HEADYAW,ellipse,0.8,2.0,30,margin_nm,rpm0,0.009990688665632073
FW6_HEADYAW,ellipse,0.8,2.0,30,margin_nm,i_s,-0.00040641071182341234
FW6_HEADYAW,ellipse,0.8,2.0,30,margin_nm,i0,-0.021182235686915074
FW6_HEADYAW,ellipse,0.8,2.0,30,margin_nm,r_th,-0.025446784605198287
FW6_HEADYAW,ellipse,0.8,2.0,30,margin_nm,cap_err,0.7704836927204102
FW6_HEADYAW,ellipse,0.8,2.0,30,margin_nm,v_oc,0.12178462686495851
FW6_HEADYAW,ellipse,0.8,2.0,30,margin_nm,r_pack,-0.01514747146083016
FW6_HEADYAW,ellipse,0.8,2.0,30,margin_nm,r_wire,-0.00905072500563611
FW6_HEADYAW,ellipse,0.8,2.0,30,margin_nm,i_elec,0.007904255100472787
FW6_HEADYAW,ellipse,0.8,2.0,30,t_ss_c,tau_s,-0.6291072739008081
FW6_HEADYAW,ellipse,0.8,2.0,30,t_ss_c,rpm0,0.007334536814948533
FW6_HEADYAW,ellipse,0.8,2.0,30,t_ss_c,i_s,0.310273256252584
FW6_HEADYAW,ellipse,0.8,2.0,30,t_ss_c,i0,0.2914939954993328
FW6_HEADYAW,ellipse,0.8,2.0,30,t_ss_c,r_th,0.5691357827928646
FW6_HEADYAW,ellipse,0.8,2.0,30,t_ss_c,cap_err,-0.0033186301465144602
FW6_HEADYAW,ellipse,0.8,2.0,30,t_ss_c,v_oc,-0.1543400447044494
FW6_HEADYAW,ellipse,0.8,2.0,30,t_ss_c,r_pack,0.01580426264491807
FW6_HEADYAW,ellipse,0.8,2.0,30,t_ss_c,r_wire,0.038015752668416954
FW6_HEADYAW,ellipse,0.8,2.0,30,t_ss_c,i_elec,0.0016207366245262914
FW6_HEADYAW,ellipse,0.8,2.0,30,i_peak_a,tau_s,-0.5116020035113337
FW6_HEADYAW,ellipse,0.8,2.0,30,i_peak_a,rpm0,-0.00999871977763553
FW6_HEADYAW,ellipse,0.8,2.0,30,i_peak_a,i_s,0.7637564906396099
FW6_HEADYAW,ellipse,0.8,2.0,30,i_peak_a,i0,0.25576506486278494
FW6_HEADYAW,ellipse,0.8,2.0,30,i_peak_a,r_th,0.02902572811396979
FW6_HEADYAW,ellipse,0.8,2.0,30,i_peak_a,cap_err,0.020391948932438765
FW6_HEADYAW,ellipse,0.8,2.0,30,i_peak_a,v_oc,-0.12373180485908941
FW6_HEADYAW,ellipse,0.8,2.0,30,i_peak_a,r_pack,0.012924332991592553
FW6_HEADYAW,ellipse,0.8,2.0,30,i_peak_a,r_wire,0.0077007101889677975
FW6_HEADYAW,ellipse,0.8,2.0,30,i_peak_a,i_elec,0.13122843769204862
FW6_HEADYAW,ellipse,0.8,2.0,30,runtime_min,tau_s,0.4413678845964316
FW6_HEADYAW,ellipse,0.8,2.0,30,runtime_min,rpm0,0.00413153112572568
FW6_HEADYAW,ellipse,0.8,2.0,30,runtime_min,i_s,-0.6340941188993464
FW6_HEADYAW,ellipse,0.8,2.0,30,runtime_min,i0,-0.31102377100264117
FW6_HEADYAW,ellipse,0.8,2.0,30,runtime_min,r_th,-0.034094876677208515
FW6_HEADYAW,ellipse,0.8,2.0,30,runtime_min,cap_err,-0.021528346836482977
FW6_HEADYAW,ellipse,0.8,2.0,30,runtime_min,v_oc,0.08008055556450616
FW6_HEADYAW,ellipse,0.8,2.0,30,runtime_min,r_pack,-0.019307201700800185
FW6_HEADYAW,ellipse,0.8,2.0,30,runtime_min,r_wire,0.001274905474989497
FW6_HEADYAW,ellipse,0.8,2.0,30,runtime_min,i_elec,-0.15789626732180748
FW6_HEADYAW,ellipse,0.8,2.0,40,margin_nm,tau_s,0.5584387273820808
FW6_HEADYAW,ellipse,0.8,2.0,40,margin_nm,rpm0,0.009957206884134097
FW6_HEADYAW,ellipse,0.8,2.0,40,margin_nm,i_s,0.0005351907261323028
FW6_HEADYAW,ellipse,0.8,2.0,40,margin_nm,i0,-0.02121429302381033
FW6_HEADYAW,ellipse,0.8,2.0,40,margin_nm,r_th,-0.025401282377920262
FW6_HEADYAW,ellipse,0.8,2.0,40,margin_nm,cap_err,0.7709262998806997
FW6_HEADYAW,ellipse,0.8,2.0,40,margin_nm,v_oc,0.12152132994681443
FW6_HEADYAW,ellipse,0.8,2.0,40,margin_nm,r_pack,-0.014480865164540573
FW6_HEADYAW,ellipse,0.8,2.0,40,margin_nm,r_wire,-0.00860480406720045
FW6_HEADYAW,ellipse,0.8,2.0,40,margin_nm,i_elec,0.007902104433567158
FW6_HEADYAW,ellipse,0.8,2.0,40,t_ss_c,tau_s,-0.6228595363177262
FW6_HEADYAW,ellipse,0.8,2.0,40,t_ss_c,rpm0,0.0076322235146915
FW6_HEADYAW,ellipse,0.8,2.0,40,t_ss_c,i_s,0.2993167954796439
FW6_HEADYAW,ellipse,0.8,2.0,40,t_ss_c,i0,0.3043187213687468
FW6_HEADYAW,ellipse,0.8,2.0,40,t_ss_c,r_th,0.5716889604098844
FW6_HEADYAW,ellipse,0.8,2.0,40,t_ss_c,cap_err,-0.0047136245237360585
FW6_HEADYAW,ellipse,0.8,2.0,40,t_ss_c,v_oc,-0.15202453289161472
FW6_HEADYAW,ellipse,0.8,2.0,40,t_ss_c,r_pack,0.014836512759612529
FW6_HEADYAW,ellipse,0.8,2.0,40,t_ss_c,r_wire,0.03816305135145014
FW6_HEADYAW,ellipse,0.8,2.0,40,t_ss_c,i_elec,0.0020378100042011114
FW6_HEADYAW,ellipse,0.8,2.0,40,i_peak_a,tau_s,-0.5087694085299341
FW6_HEADYAW,ellipse,0.8,2.0,40,i_peak_a,rpm0,-0.009816799312977699
FW6_HEADYAW,ellipse,0.8,2.0,40,i_peak_a,i_s,0.7590001727777969
FW6_HEADYAW,ellipse,0.8,2.0,40,i_peak_a,i0,0.27064854651650516
FW6_HEADYAW,ellipse,0.8,2.0,40,i_peak_a,r_th,0.02945274727252747
FW6_HEADYAW,ellipse,0.8,2.0,40,i_peak_a,cap_err,0.019933150214794467
FW6_HEADYAW,ellipse,0.8,2.0,40,i_peak_a,v_oc,-0.12227195980799552
FW6_HEADYAW,ellipse,0.8,2.0,40,i_peak_a,r_pack,0.012146987571887508
FW6_HEADYAW,ellipse,0.8,2.0,40,i_peak_a,r_wire,0.007494447943827548
FW6_HEADYAW,ellipse,0.8,2.0,40,i_peak_a,i_elec,0.13848790027643335
FW6_HEADYAW,ellipse,0.8,2.0,40,runtime_min,tau_s,0.4370921156769017
FW6_HEADYAW,ellipse,0.8,2.0,40,runtime_min,rpm0,0.003892855543650615
FW6_HEADYAW,ellipse,0.8,2.0,40,runtime_min,i_s,-0.6271382821264757
FW6_HEADYAW,ellipse,0.8,2.0,40,runtime_min,i0,-0.3214322801591422
FW6_HEADYAW,ellipse,0.8,2.0,40,runtime_min,r_th,-0.03420443224493691
FW6_HEADYAW,ellipse,0.8,2.0,40,runtime_min,cap_err,-0.021273509030389888
FW6_HEADYAW,ellipse,0.8,2.0,40,runtime_min,v_oc,0.07830743670082628
FW6_HEADYAW,ellipse,0.8,2.0,40,runtime_min,r_pack,-0.01876395897377322
FW6_HEADYAW,ellipse,0.8,2.0,40,runtime_min,r_wire,0.0015818299535366612
FW6_HEADYAW,ellipse,0.8,2.0,40,runtime_min,i_elec,-0.16296001499555718
FW6_HEADYAW,ellipse,0.8,4.0,30,margin_nm,tau_s,0.566267165140796
FW6_HEADYAW,ellipse,0.8,4.0,30,margin_nm,rpm0,0.0105213056134784
FW6_HEADYAW,ellipse,0.8,4.0,30,margin_nm,i_s,-0.014944688327187589
FW6_HEADYAW,ellipse,0.8,4.0,30,margin_nm,i0,-0.020316155590683952
FW6_HEADYAW,ellipse,0.8,4.0,30,margin_nm,r_th,-0.02578130242014471
FW6_HEADYAW,ellipse,0.8,4.0,30,margin_nm,cap_err,0.7630859163428796
FW6_HEADYAW,ellipse,0.8,4.0,30,margin_nm,v_oc,0.12619113268790363
FW6_HEADYAW,ellipse,0.8,4.0,30,margin_nm,r_pack,-0.02533697125966347
FW6_HEADYAW,ellipse,0.8,4.0,30,margin_nm,r_wire,-0.015822283980253773
FW6_HEADYAW,ellipse,0.8,4.0,30,margin_nm,i_elec,0.008006615111846123
FW6_HEADYAW,ellipse,0.8,4.0,30,t_ss_c,tau_s,-0.6746295914032879
FW6_HEADYAW,ellipse,0.8,4.0,30,t_ss_c,rpm0,0.004773435641492849
FW6_HEADYAW,ellipse,0.8,4.0,30,t_ss_c,i_s,0.42584442598271394
FW6_HEADYAW,ellipse,0.8,4.0,30,t_ss_c,i0,0.14394994621666068
FW6_HEADYAW,ellipse,0.8,4.0,30,t_ss_c,r_th,0.5187871909763544
FW6_HEADYAW,ellipse,0.8,4.0,30,t_ss_c,cap_err,0.009016441890715765
FW6_HEADYAW,ellipse,0.8,4.0,30,t_ss_c,v_oc,-0.1739721606635734
FW6_HEADYAW,ellipse,0.8,4.0,30,t_ss_c,r_pack,0.029763140195904463
FW6_HEADYAW,ellipse,0.8,4.0,30,t_ss_c,r_wire,0.03902197322466369
FW6_HEADYAW,ellipse,0.8,4.0,30,t_ss_c,i_elec,-0.0036112644012515995
FW6_HEADYAW,ellipse,0.8,4.0,30,i_peak_a,tau_s,-0.5296968926329879
FW6_HEADYAW,ellipse,0.8,4.0,30,i_peak_a,rpm0,-0.011765255529472836
FW6_HEADYAW,ellipse,0.8,4.0,30,i_peak_a,i_s,0.7926849534094391
FW6_HEADYAW,ellipse,0.8,4.0,30,i_peak_a,i0,0.12870322763369194
FW6_HEADYAW,ellipse,0.8,4.0,30,i_peak_a,r_th,0.02575888775098752
FW6_HEADYAW,ellipse,0.8,4.0,30,i_peak_a,cap_err,0.02573044152560461
FW6_HEADYAW,ellipse,0.8,4.0,30,i_peak_a,v_oc,-0.13365316640590735
FW6_HEADYAW,ellipse,0.8,4.0,30,i_peak_a,r_pack,0.022779374531041615
FW6_HEADYAW,ellipse,0.8,4.0,30,i_peak_a,r_wire,0.011349490594387841
FW6_HEADYAW,ellipse,0.8,4.0,30,i_peak_a,i_elec,0.0689923698880411
FW6_HEADYAW,ellipse,0.8,4.0,30,runtime_min,tau_s,0.48819929513325494
FW6_HEADYAW,ellipse,0.8,4.0,30,runtime_min,rpm0,0.008289209365467705
FW6_HEADYAW,ellipse,0.8,4.0,30,runtime_min,i_s,-0.7125303009478111
FW6_HEADYAW,ellipse,0.8,4.0,30,runtime_min,i0,-0.16696523899613763
FW6_HEADYAW,ellipse,0.8,4.0,30,runtime_min,r_th,-0.030872423874713756
FW6_HEADYAW,ellipse,0.8,4.0,30,runtime_min,cap_err,-0.026408238489804274
FW6_HEADYAW,ellipse,0.8,4.0,30,runtime_min,v_oc,0.1019525402169489
FW6_HEADYAW,ellipse,0.8,4.0,30,runtime_min,r_pack,-0.026846415427379488
FW6_HEADYAW,ellipse,0.8,4.0,30,runtime_min,r_wire,-0.004180477797830866
FW6_HEADYAW,ellipse,0.8,4.0,30,runtime_min,i_elec,-0.08638509715389968
FW6_HEADYAW,ellipse,0.8,4.0,40,margin_nm,tau_s,0.5645464493940499
FW6_HEADYAW,ellipse,0.8,4.0,40,margin_nm,rpm0,0.010360905595656176
FW6_HEADYAW,ellipse,0.8,4.0,40,margin_nm,i_s,-0.011488289276476585
FW6_HEADYAW,ellipse,0.8,4.0,40,margin_nm,i0,-0.020552840505871164
FW6_HEADYAW,ellipse,0.8,4.0,40,margin_nm,r_th,-0.025724807747200856
FW6_HEADYAW,ellipse,0.8,4.0,40,margin_nm,cap_err,0.7649314449923826
FW6_HEADYAW,ellipse,0.8,4.0,40,margin_nm,v_oc,0.12502176366908482
FW6_HEADYAW,ellipse,0.8,4.0,40,margin_nm,r_pack,-0.022915568768396524
FW6_HEADYAW,ellipse,0.8,4.0,40,margin_nm,r_wire,-0.014212321579146838
FW6_HEADYAW,ellipse,0.8,4.0,40,margin_nm,i_elec,0.007912607101400787
FW6_HEADYAW,ellipse,0.8,4.0,40,t_ss_c,tau_s,-0.6706796554088506
FW6_HEADYAW,ellipse,0.8,4.0,40,t_ss_c,rpm0,0.005094375232708359
FW6_HEADYAW,ellipse,0.8,4.0,40,t_ss_c,i_s,0.4094570930507881
FW6_HEADYAW,ellipse,0.8,4.0,40,t_ss_c,i0,0.16648864205429353
FW6_HEADYAW,ellipse,0.8,4.0,40,t_ss_c,r_th,0.529289191698799
FW6_HEADYAW,ellipse,0.8,4.0,40,t_ss_c,cap_err,0.007589485287720587
FW6_HEADYAW,ellipse,0.8,4.0,40,t_ss_c,v_oc,-0.17153990128221122
FW6_HEADYAW,ellipse,0.8,4.0,40,t_ss_c,r_pack,0.02667193540799282
FW6_HEADYAW,ellipse,0.8,4.0,40,t_ss_c,r_wire,0.03817794113088235
FW6_HEADYAW,ellipse,0.8,4.0,40,t_ss_c,i_elec,-0.002934534103837122
FW6_HEADYAW,ellipse,0.8,4.0,40,i_peak_a,tau_s,-0.5275308875034319
FW6_HEADYAW,ellipse,0.8,4.0,40,i_peak_a,rpm0,-0.01152614439179382
FW6_HEADYAW,ellipse,0.8,4.0,40,i_peak_a,i_s,0.7895870566207839
FW6_HEADYAW,ellipse,0.8,4.0,40,i_peak_a,i0,0.14850315738923967
FW6_HEADYAW,ellipse,0.8,4.0,40,i_peak_a,r_th,0.026379673153297013
FW6_HEADYAW,ellipse,0.8,4.0,40,i_peak_a,cap_err,0.025038603226511465
FW6_HEADYAW,ellipse,0.8,4.0,40,i_peak_a,v_oc,-0.13223948847105424
FW6_HEADYAW,ellipse,0.8,4.0,40,i_peak_a,r_pack,0.0204087587120843
FW6_HEADYAW,ellipse,0.8,4.0,40,i_peak_a,r_wire,0.010177239797471087
FW6_HEADYAW,ellipse,0.8,4.0,40,i_peak_a,i_elec,0.07877170786352307
FW6_HEADYAW,ellipse,0.8,4.0,40,runtime_min,tau_s,0.48307486567498503
FW6_HEADYAW,ellipse,0.8,4.0,40,runtime_min,rpm0,0.00784929509436612
FW6_HEADYAW,ellipse,0.8,4.0,40,runtime_min,i_s,-0.7042672942519215
FW6_HEADYAW,ellipse,0.8,4.0,40,runtime_min,i0,-0.18539648104405343
FW6_HEADYAW,ellipse,0.8,4.0,40,runtime_min,r_th,-0.0314950848327872
FW6_HEADYAW,ellipse,0.8,4.0,40,runtime_min,cap_err,-0.025848623316513695
FW6_HEADYAW,ellipse,0.8,4.0,40,runtime_min,v_oc,0.0991395403488378
FW6_HEADYAW,ellipse,0.8,4.0,40,runtime_min,r_pack,-0.025017414779712747
FW6_HEADYAW,ellipse,0.8,4.0,40,runtime_min,r_wire,-0.00291764521307169
FW6_HEADYAW,ellipse,0.8,4.0,40,runtime_min,i_elec,-0.09565524262836028
FW6_HEADYAW,ellipse,0.8,8.0,30,margin_nm,tau_s,0.5787503020833669
FW6_HEADYAW,ellipse,0.8,8.0,30,margin_nm,rpm0,0.011548653727628191
FW6_HEADYAW,ellipse,0.8,8.0,30,margin_nm,i_s,-0.0407959245328805
FW6_HEADYAW,ellipse,0.8,8.0,30,margin_nm,i0,-0.01855715672857297
FW6_HEADYAW,ellipse,0.8,8.0,30,margin_nm,r_th,-0.02649324916591657
FW6_HEADYAW,ellipse,0.8,8.0,30,margin_nm,cap_err,0.7486510880723432
FW6_HEADYAW,ellipse,0.8,8.0,30,margin_nm,v_oc,0.13358023662002627
FW6_HEADYAW,ellipse,0.8,8.0,30,margin_nm,r_pack,-0.04343390260376695
FW6_HEADYAW,ellipse,0.8,8.0,30,margin_nm,r_wire,-0.028056991561887946
FW6_HEADYAW,ellipse,0.8,8.0,30,margin_nm,i_elec,0.008631023181224797
FW6_HEADYAW,ellipse,0.8,8.0,30,t_ss_c,tau_s,-0.6810070076674452
FW6_HEADYAW,ellipse,0.8,8.0,30,t_ss_c,rpm0,0.0029865687762854194
FW6_HEADYAW,ellipse,0.8,8.0,30,t_ss_c,i_s,0.48613239357026583
FW6_HEADYAW,ellipse,0.8,8.0,30,t_ss_c,i0,0.06297353544150394
FW6_HEADYAW,ellipse,0.8,8.0,30,t_ss_c,r_th,0.46893110188123344
FW6_HEADYAW,ellipse,0.8,8.0,30,t_ss_c,cap_err,0.01508313500923722
FW6_HEADYAW,ellipse,0.8,8.0,30,t_ss_c,v_oc,-0.18237025359669481
FW6_HEADYAW,ellipse,0.8,8.0,30,t_ss_c,r_pack,0.049139253015472555
FW6_HEADYAW,ellipse,0.8,8.0,30,t_ss_c,r_wire,0.04753992839332537
FW6_HEADYAW,ellipse,0.8,8.0,30,t_ss_c,i_elec,-0.006532567392507488
FW6_HEADYAW,ellipse,0.8,8.0,30,i_peak_a,tau_s,-0.534445654938406
FW6_HEADYAW,ellipse,0.8,8.0,30,i_peak_a,rpm0,-0.013150612572290284
FW6_HEADYAW,ellipse,0.8,8.0,30,i_peak_a,i_s,0.7995744608416067
FW6_HEADYAW,ellipse,0.8,8.0,30,i_peak_a,i0,0.055411643045738104
FW6_HEADYAW,ellipse,0.8,8.0,30,i_peak_a,r_th,0.02414432090492454
FW6_HEADYAW,ellipse,0.8,8.0,30,i_peak_a,cap_err,0.02836124048458227
FW6_HEADYAW,ellipse,0.8,8.0,30,i_peak_a,v_oc,-0.14065411696156854
FW6_HEADYAW,ellipse,0.8,8.0,30,i_peak_a,r_pack,0.038647271849696865
FW6_HEADYAW,ellipse,0.8,8.0,30,i_peak_a,r_wire,0.020169086685454075
FW6_HEADYAW,ellipse,0.8,8.0,30,i_peak_a,i_elec,0.032241289360143255
FW6_HEADYAW,ellipse,0.8,8.0,30,runtime_min,tau_s,0.5071352305705811
FW6_HEADYAW,ellipse,0.8,8.0,30,runtime_min,rpm0,0.01024799180533242
FW6_HEADYAW,ellipse,0.8,8.0,30,runtime_min,i_s,-0.744872562763618
FW6_HEADYAW,ellipse,0.8,8.0,30,runtime_min,i0,-0.0807304320811591
FW6_HEADYAW,ellipse,0.8,8.0,30,runtime_min,r_th,-0.028923858324873142
FW6_HEADYAW,ellipse,0.8,8.0,30,runtime_min,cap_err,-0.028743754304861584
FW6_HEADYAW,ellipse,0.8,8.0,30,runtime_min,v_oc,0.11553281372586817
FW6_HEADYAW,ellipse,0.8,8.0,30,runtime_min,r_pack,-0.04096142899571433
FW6_HEADYAW,ellipse,0.8,8.0,30,runtime_min,r_wire,-0.013298867255429694
FW6_HEADYAW,ellipse,0.8,8.0,30,runtime_min,i_elec,-0.043050808338978695
FW6_HEADYAW,ellipse,0.8,8.0,40,margin_nm,tau_s,0.5761907906878656
FW6_HEADYAW,ellipse,0.8,8.0,40,margin_nm,rpm0,0.01152375328041703
FW6_HEADYAW,ellipse,0.8,8.0,40,margin_nm,i_s,-0.03539673415519268
FW6_HEADYAW,ellipse,0.8,8.0,40,margin_nm,i0,-0.018874351874927982
FW6_HEADYAW,ellipse,0.8,8.0,40,margin_nm,r_th,-0.026538424282047137
FW6_HEADYAW,ellipse,0.8,8.0,40,margin_nm,cap_err,0.7517304937478325
FW6_HEADYAW,ellipse,0.8,8.0,40,margin_nm,v_oc,0.13214573157174794
FW6_HEADYAW,ellipse,0.8,8.0,40,margin_nm,r_pack,-0.039646753294083695
FW6_HEADYAW,ellipse,0.8,8.0,40,margin_nm,r_wire,-0.025570288618920953
FW6_HEADYAW,ellipse,0.8,8.0,40,margin_nm,i_elec,0.008432512048056893
FW6_HEADYAW,ellipse,0.8,8.0,40,t_ss_c,tau_s,-0.6809130761014529
FW6_HEADYAW,ellipse,0.8,8.0,40,t_ss_c,rpm0,0.0034429114936568323
FW6_HEADYAW,ellipse,0.8,8.0,40,t_ss_c,i_s,0.4753664150407127
FW6_HEADYAW,ellipse,0.8,8.0,40,t_ss_c,i0,0.0777912526434725
FW6_HEADYAW,ellipse,0.8,8.0,40,t_ss_c,r_th,0.47891431854603533
FW6_HEADYAW,ellipse,0.8,8.0,40,t_ss_c,cap_err,0.014019875335541701
FW6_HEADYAW,ellipse,0.8,8.0,40,t_ss_c,v_oc,-0.18098103122011455
FW6_HEADYAW,ellipse,0.8,8.0,40,t_ss_c,r_pack,0.04510110323345592
FW6_HEADYAW,ellipse,0.8,8.0,40,t_ss_c,r_wire,0.04579180108797789
FW6_HEADYAW,ellipse,0.8,8.0,40,t_ss_c,i_elec,-0.005969251774361308
FW6_HEADYAW,ellipse,0.8,8.0,40,i_peak_a,tau_s,-0.5341634602403844
FW6_HEADYAW,ellipse,0.8,8.0,40,i_peak_a,rpm0,-0.012976252108472456
FW6_HEADYAW,ellipse,0.8,8.0,40,i_peak_a,i_s,0.7990830038981115
FW6_HEADYAW,ellipse,0.8,8.0,40,i_peak_a,i0,0.06535425259491695
FW6_HEADYAW,ellipse,0.8,8.0,40,i_peak_a,r_th,0.024265912918434766
FW6_HEADYAW,ellipse,0.8,8.0,40,i_peak_a,cap_err,0.028117123124124788
FW6_HEADYAW,ellipse,0.8,8.0,40,i_peak_a,v_oc,-0.13952542216949135
FW6_HEADYAW,ellipse,0.8,8.0,40,i_peak_a,r_pack,0.03545769460641051
FW6_HEADYAW,ellipse,0.8,8.0,40,i_peak_a,r_wire,0.018193724243747135
FW6_HEADYAW,ellipse,0.8,8.0,40,i_peak_a,i_elec,0.03713178323686481
FW6_HEADYAW,ellipse,0.8,8.0,40,runtime_min,tau_s,0.5045280578364508
FW6_HEADYAW,ellipse,0.8,8.0,40,runtime_min,rpm0,0.00999644733293859
FW6_HEADYAW,ellipse,0.8,8.0,40,runtime_min,i_s,-0.7409357156595238
FW6_HEADYAW,ellipse,0.8,8.0,40,runtime_min,i0,-0.093480608164512
FW6_HEADYAW,ellipse,0.8,8.0,40,runtime_min,r_th,-0.029109486789942973
FW6_HEADYAW,ellipse,0.8,8.0,40,runtime_min,cap_err,-0.028391955599106174
FW6_HEADYAW,ellipse,0.8,8.0,40,runtime_min,v_oc,0.113414548157172
FW6_HEADYAW,ellipse,0.8,8.0,40,runtime_min,r_pack,-0.03810836156759573
FW6_HEADYAW,ellipse,0.8,8.0,40,runtime_min,r_wire,-0.011270844807871643
FW6_HEADYAW,ellipse,0.8,8.0,40,runtime_min,i_elec,-0.04931743792415977
FW6_YAW5,decoupled,0.2,2.0,30,margin_nm,tau_s,0.552575568952841
FW6_YAW5,decoupled,0.2,2.0,30,margin_nm,rpm0,0.009684341964926884
FW6_YAW5,decoupled,0.2,2.0,30,margin_nm,i_s,0.011645342182815795
FW6_YAW5,decoupled,0.2,2.0,30,margin_nm,i0,-0.023680587075620783
FW6_YAW5,decoupled,0.2,2.0,30,margin_nm,r_th,-0.0250465712273968
FW6_YAW5,decoupled,0.2,2.0,30,margin_nm,cap_err,0.7761574755730527
FW6_YAW5,decoupled,0.2,2.0,30,margin_nm,v_oc,0.11850433405603711
FW6_YAW5,decoupled,0.2,2.0,30,margin_nm,r_pack,-0.007914288434920936
FW6_YAW5,decoupled,0.2,2.0,30,margin_nm,r_wire,-0.004258921806546866
FW6_YAW5,decoupled,0.2,2.0,30,margin_nm,i_elec,0.0076783408531489825
FW6_YAW5,decoupled,0.2,2.0,30,t_ss_c,tau_s,-0.2735551797283533
FW6_YAW5,decoupled,0.2,2.0,30,t_ss_c,rpm0,0.01398448244272027
FW6_YAW5,decoupled,0.2,2.0,30,t_ss_c,i_s,-0.0645681307297923
FW6_YAW5,decoupled,0.2,2.0,30,t_ss_c,i0,0.5511368065707561
FW6_YAW5,decoupled,0.2,2.0,30,t_ss_c,r_th,0.45356958595217617
FW6_YAW5,decoupled,0.2,2.0,30,t_ss_c,cap_err,-0.04530950725661192
FW6_YAW5,decoupled,0.2,2.0,30,t_ss_c,v_oc,-0.05811165490129498
FW6_YAW5,decoupled,0.2,2.0,30,t_ss_c,r_pack,0.0036710079634453287
FW6_YAW5,decoupled,0.2,2.0,30,t_ss_c,r_wire,0.04131893481321497
FW6_YAW5,decoupled,0.2,2.0,30,t_ss_c,i_elec,0.015634160403795595
FW6_YAW5,decoupled,0.2,2.0,30,i_peak_a,tau_s,-0.3245221427246825
FW6_YAW5,decoupled,0.2,2.0,30,i_peak_a,rpm0,-0.003930849325649925
FW6_YAW5,decoupled,0.2,2.0,30,i_peak_a,i_s,0.47363967929329764
FW6_YAW5,decoupled,0.2,2.0,30,i_peak_a,i0,0.7355315332812814
FW6_YAW5,decoupled,0.2,2.0,30,i_peak_a,r_th,0.03757666061962895
FW6_YAW5,decoupled,0.2,2.0,30,i_peak_a,cap_err,-0.005472676163630685
FW6_YAW5,decoupled,0.2,2.0,30,i_peak_a,v_oc,-0.06176049841783314
FW6_YAW5,decoupled,0.2,2.0,30,i_peak_a,r_pack,0.007079919008879889
FW6_YAW5,decoupled,0.2,2.0,30,i_peak_a,r_wire,0.013390483265609248
FW6_YAW5,decoupled,0.2,2.0,30,i_peak_a,i_elec,0.2802620120291124
FW6_YAW5,decoupled,0.2,2.0,30,runtime_min,tau_s,0.22948943394327043
FW6_YAW5,decoupled,0.2,2.0,30,runtime_min,rpm0,-0.005468539718726635
FW6_YAW5,decoupled,0.2,2.0,30,runtime_min,i_s,-0.3223020127002236
FW6_YAW5,decoupled,0.2,2.0,30,runtime_min,i0,-0.6725202765022529
FW6_YAW5,decoupled,0.2,2.0,30,runtime_min,r_th,-0.034512898501433166
FW6_YAW5,decoupled,0.2,2.0,30,runtime_min,cap_err,-0.0028343874260430475
FW6_YAW5,decoupled,0.2,2.0,30,runtime_min,v_oc,0.016439035159892795
FW6_YAW5,decoupled,0.2,2.0,30,runtime_min,r_pack,-0.01418261802029089
FW6_YAW5,decoupled,0.2,2.0,30,runtime_min,r_wire,-0.0004260387140043015
FW6_YAW5,decoupled,0.2,2.0,30,runtime_min,i_elec,-0.2622931860325762
FW6_YAW5,decoupled,0.2,2.0,40,margin_nm,tau_s,0.5523752249305804
FW6_YAW5,decoupled,0.2,2.0,40,margin_nm,rpm0,0.009694285077142784
FW6_YAW5,decoupled,0.2,2.0,40,margin_nm,i_s,0.012008596000955107
FW6_YAW5,decoupled,0.2,2.0,40,margin_nm,i0,-0.02372289463587718
FW6_YAW5,decoupled,0.2,2.0,40,margin_nm,r_th,-0.025038635670959517
FW6_YAW5,decoupled,0.2,2.0,40,margin_nm,cap_err,0.7763262280362474
FW6_YAW5,decoupled,0.2,2.0,40,margin_nm,v_oc,0.11840748560083172
FW6_YAW5,decoupled,0.2,2.0,40,margin_nm,r_pack,-0.0076483870720430065
FW6_YAW5,decoupled,0.2,2.0,40,margin_nm,r_wire,-0.004086893787432643
FW6_YAW5,decoupled,0.2,2.0,40,margin_nm,i_elec,0.007677436408604044
FW6_YAW5,decoupled,0.2,2.0,40,t_ss_c,tau_s,-0.25697131744125745
FW6_YAW5,decoupled,0.2,2.0,40,t_ss_c,rpm0,0.013938315770923974
FW6_YAW5,decoupled,0.2,2.0,40,t_ss_c,i_s,-0.07725973880663763
FW6_YAW5,decoupled,0.2,2.0,40,t_ss_c,i0,0.5525759205084355
FW6_YAW5,decoupled,0.2,2.0,40,t_ss_c,r_th,0.44291190432354494
FW6_YAW5,decoupled,0.2,2.0,40,t_ss_c,cap_err,-0.046495734943970544
FW6_YAW5,decoupled,0.2,2.0,40,t_ss_c,v_oc,-0.05400617933401992
FW6_YAW5,decoupled,0.2,2.0,40,t_ss_c,r_pack,0.00344242927138103
FW6_YAW5,decoupled,0.2,2.0,40,t_ss_c,r_wire,0.04074777519419724
FW6_YAW5,decoupled,0.2,2.0,40,t_ss_c,i_elec,0.015680454186717128
FW6_YAW5,decoupled,0.2,2.0,40,i_peak_a,tau_s,-0.31113511545945727
FW6_YAW5,decoupled,0.2,2.0,40,i_peak_a,rpm0,-0.003369736818859646
FW6_YAW5,decoupled,0.2,2.0,40,i_peak_a,i_s,0.4541589291287698
FW6_YAW5,decoupled,0.2,2.0,40,i_peak_a,i0,0.7530002383333597
FW6_YAW5,decoupled,0.2,2.0,40,i_peak_a,r_th,0.03757644017516001
FW6_YAW5,decoupled,0.2,2.0,40,i_peak_a,cap_err,-0.0066278705142078335
FW6_YAW5,decoupled,0.2,2.0,40,i_peak_a,v_oc,-0.057788877976541995
FW6_YAW5,decoupled,0.2,2.0,40,i_peak_a,r_pack,0.006943783882642652
FW6_YAW5,decoupled,0.2,2.0,40,i_peak_a,r_wire,0.013667017074113007
FW6_YAW5,decoupled,0.2,2.0,40,i_peak_a,i_elec,0.28662466473607384
FW6_YAW5,decoupled,0.2,2.0,40,runtime_min,tau_s,0.21932213948023768
FW6_YAW5,decoupled,0.2,2.0,40,runtime_min,rpm0,-0.005959851328872369
FW6_YAW5,decoupled,0.2,2.0,40,runtime_min,i_s,-0.30826904402989375
FW6_YAW5,decoupled,0.2,2.0,40,runtime_min,i0,-0.6827395314155034
FW6_YAW5,decoupled,0.2,2.0,40,runtime_min,r_th,-0.03449921716657968
FW6_YAW5,decoupled,0.2,2.0,40,runtime_min,cap_err,-0.002010701556744617
FW6_YAW5,decoupled,0.2,2.0,40,runtime_min,v_oc,0.013746921971880217
FW6_YAW5,decoupled,0.2,2.0,40,runtime_min,r_pack,-0.013849982427775825
FW6_YAW5,decoupled,0.2,2.0,40,runtime_min,r_wire,-0.0007139716348857372
FW6_YAW5,decoupled,0.2,2.0,40,runtime_min,i_elec,-0.2658620402068933
FW6_YAW5,decoupled,0.2,4.0,30,margin_nm,tau_s,0.5541797673533073
FW6_YAW5,decoupled,0.2,4.0,30,margin_nm,rpm0,0.009778507308723032
FW6_YAW5,decoupled,0.2,4.0,30,margin_nm,i_s,0.00861382140153571
FW6_YAW5,decoupled,0.2,4.0,30,margin_nm,i0,-0.023482081720231304
FW6_YAW5,decoupled,0.2,4.0,30,margin_nm,r_th,-0.025233137914793098
FW6_YAW5,decoupled,0.2,4.0,30,margin_nm,cap_err,0.7747282367475817
FW6_YAW5,decoupled,0.2,4.0,30,margin_nm,v_oc,0.11939314793257197
FW6_YAW5,decoupled,0.2,4.0,30,margin_nm,r_pack,-0.010051091339010148
FW6_YAW5,decoupled,0.2,4.0,30,margin_nm,r_wire,-0.005774065086007231
FW6_YAW5,decoupled,0.2,4.0,30,margin_nm,i_elec,0.0077956319772924405
FW6_YAW5,decoupled,0.2,4.0,30,t_ss_c,tau_s,-0.4246467156274128
FW6_YAW5,decoupled,0.2,4.0,30,t_ss_c,rpm0,0.012981558331284258
FW6_YAW5,decoupled,0.2,4.0,30,t_ss_c,i_s,0.06255552428394713
FW6_YAW5,decoupled,0.2,4.0,30,t_ss_c,i0,0.5084722702746967
FW6_YAW5,decoupled,0.2,4.0,30,t_ss_c,r_th,0.5370972125663569
FW6_YAW5,decoupled,0.2,4.0,30,t_ss_c,cap_err,-0.03241664760184973
FW6_YAW5,decoupled,0.2,4.0,30,t_ss_c,v_oc,-0.09625018625002069
FW6_YAW5,decoupled,0.2,4.0,30,t_ss_c,r_pack,0.005698767299863032
FW6_YAW5,decoupled,0.2,4.0,30,t_ss_c,r_wire,0.0427448371938708
FW6_YAW5,decoupled,0.2,4.0,30,t_ss_c,i_elec,0.012498468055385337
FW6_YAW5,decoupled,0.2,4.0,30,i_peak_a,tau_s,-0.41292450721383406
FW6_YAW5,decoupled,0.2,4.0,30,i_peak_a,rpm0,-0.007312779034753226
FW6_YAW5,decoupled,0.2,4.0,30,i_peak_a,i_s,0.605072644563627
FW6_YAW5,decoupled,0.2,4.0,30,i_peak_a,i0,0.5865518011724222
FW6_YAW5,decoupled,0.2,4.0,30,i_peak_a,r_th,0.03632860136984459
FW6_YAW5,decoupled,0.2,4.0,30,i_peak_a,cap_err,0.0031543932393770257
FW6_YAW5,decoupled,0.2,4.0,30,i_peak_a,v_oc,-0.08826584136287124
FW6_YAW5,decoupled,0.2,4.0,30,i_peak_a,r_pack,0.007919178213242024
FW6_YAW5,decoupled,0.2,4.0,30,i_peak_a,r_wire,0.011645499516166611
FW6_YAW5,decoupled,0.2,4.0,30,i_peak_a,i_elec,0.22633995137110569
FW6_YAW5,decoupled,0.2,4.0,30,runtime_min,tau_s,0.31981131286792364
FW6_YAW5,decoupled,0.2,4.0,30,runtime_min,rpm0,-0.0014525197169466349
FW6_YAW5,decoupled,0.2,4.0,30,runtime_min,i_s,-0.4502836878092986
FW6_YAW5,decoupled,0.2,4.0,30,runtime_min,i0,-0.5623656193739577
FW6_YAW5,decoupled,0.2,4.0,30,runtime_min,r_th,-0.03536722215191357
FW6_YAW5,decoupled,0.2,4.0,30,runtime_min,cap_err,-0.009986219331802148
FW6_YAW5,decoupled,0.2,4.0,30,runtime_min,v_oc,0.04119768991085443
FW6_YAW5,decoupled,0.2,4.0,30,runtime_min,r_pack,-0.016504258278250916
FW6_YAW5,decoupled,0.2,4.0,30,runtime_min,r_wire,0.0017122077458008604
FW6_YAW5,decoupled,0.2,4.0,30,runtime_min,i_elec,-0.2218660882073431
FW6_YAW5,decoupled,0.2,4.0,40,margin_nm,tau_s,0.5534859303873255
FW6_YAW5,decoupled,0.2,4.0,40,margin_nm,rpm0,0.009715917523990834
FW6_YAW5,decoupled,0.2,4.0,40,margin_nm,i_s,0.009970148218905356
FW6_YAW5,decoupled,0.2,4.0,40,margin_nm,i0,-0.023603885733765078
FW6_YAW5,decoupled,0.2,4.0,40,margin_nm,r_th,-0.025157257017473
FW6_YAW5,decoupled,0.2,4.0,40,margin_nm,cap_err,0.7753511972612441
FW6_YAW5,decoupled,0.2,4.0,40,margin_nm,v_oc,0.11901631322403478
FW6_YAW5,decoupled,0.2,4.0,40,margin_nm,r_pack,-0.009069914785546087
FW6_YAW5,decoupled,0.2,4.0,40,margin_nm,r_wire,-0.005112725456969494
FW6_YAW5,decoupled,0.2,4.0,40,margin_nm,i_elec,0.007746811527423502
FW6_YAW5,decoupled,0.2,4.0,40,t_ss_c,tau_s,-0.3747268767474307
FW6_YAW5,decoupled,0.2,4.0,40,t_ss_c,rpm0,0.013743026860336316
FW6_YAW5,decoupled,0.2,4.0,40,t_ss_c,i_s,0.017415818379535375
FW6_YAW5,decoupled,0.2,4.0,40,t_ss_c,i0,0.5302564402507155
FW6_YAW5,decoupled,0.2,4.0,40,t_ss_c,r_th,0.5134276752697416
FW6_YAW5,decoupled,0.2,4.0,40,t_ss_c,cap_err,-0.03718060279784475
FW6_YAW5,decoupled,0.2,4.0,40,t_ss_c,v_oc,-0.08337921726435747
FW6_YAW5,decoupled,0.2,4.0,40,t_ss_c,r_pack,0.004968327663147518
FW6_YAW5,decoupled,0.2,4.0,40,t_ss_c,r_wire,0.04303368300374255
FW6_YAW5,decoupled,0.2,4.0,40,t_ss_c,i_elec,0.014100484677831628
FW6_YAW5,decoupled,0.2,4.0,40,i_peak_a,tau_s,-0.3808259174251019
FW6_YAW5,decoupled,0.2,4.0,40,i_peak_a,rpm0,-0.006230535358948373
FW6_YAW5,decoupled,0.2,4.0,40,i_peak_a,i_s,0.5558821844313537
FW6_YAW5,decoupled,0.2,4.0,40,i_peak_a,i0,0.6490731378970153
FW6_YAW5,decoupled,0.2,4.0,40,i_peak_a,r_th,0.03682157253573027
FW6_YAW5,decoupled,0.2,4.0,40,i_peak_a,cap_err,-0.00047330938592326507
FW6_YAW5,decoupled,0.2,4.0,40,i_peak_a,v_oc,-0.078101934011326
FW6_YAW5,decoupled,0.2,4.0,40,i_peak_a,r_pack,0.007447913716434857
FW6_YAW5,decoupled,0.2,4.0,40,i_peak_a,r_wire,0.012465621385069042
FW6_YAW5,decoupled,0.2,4.0,40,i_peak_a,i_elec,0.24914656057184
FW6_YAW5,decoupled,0.2,4.0,40,runtime_min,tau_s,0.2928722223191358
FW6_YAW5,decoupled,0.2,4.0,40,runtime_min,rpm0,-0.0027324896369432927
FW6_YAW5,decoupled,0.2,4.0,40,runtime_min,i_s,-0.41170539374504367
FW6_YAW5,decoupled,0.2,4.0,40,runtime_min,i0,-0.599097322566369
FW6_YAW5,decoupled,0.2,4.0,40,runtime_min,r_th,-0.03490682343409149
FW6_YAW5,decoupled,0.2,4.0,40,runtime_min,cap_err,-0.007791755976861773
FW6_YAW5,decoupled,0.2,4.0,40,runtime_min,v_oc,0.03331071925674658
FW6_YAW5,decoupled,0.2,4.0,40,runtime_min,r_pack,-0.015626289736254413
FW6_YAW5,decoupled,0.2,4.0,40,runtime_min,r_wire,0.0012250290250032248
FW6_YAW5,decoupled,0.2,4.0,40,runtime_min,i_elec,-0.2357909510878834
FW6_YAW5,decoupled,0.2,8.0,30,margin_nm,tau_s,0.5553248354805372
FW6_YAW5,decoupled,0.2,8.0,30,margin_nm,rpm0,0.009861921540213503
FW6_YAW5,decoupled,0.2,8.0,30,margin_nm,i_s,0.006232349581372174
FW6_YAW5,decoupled,0.2,8.0,30,margin_nm,i0,-0.023344982149442455
FW6_YAW5,decoupled,0.2,8.0,30,margin_nm,r_th,-0.02536279170697685
FW6_YAW5,decoupled,0.2,8.0,30,margin_nm,cap_err,0.7736970210774468
FW6_YAW5,decoupled,0.2,8.0,30,margin_nm,v_oc,0.12001338844593203
FW6_YAW5,decoupled,0.2,8.0,30,margin_nm,r_pack,-0.011663155073683895
FW6_YAW5,decoupled,0.2,8.0,30,margin_nm,r_wire,-0.006815900757322305
FW6_YAW5,decoupled,0.2,8.0,30,margin_nm,i_elec,0.007875517763946417
FW6_YAW5,decoupled,0.2,8.0,30,t_ss_c,tau_s,-0.5098449179827687
FW6_YAW5,decoupled,0.2,8.0,30,t_ss_c,rpm0,0.011229158581017619
FW6_YAW5,decoupled,0.2,8.0,30,t_ss_c,i_s,0.14855095606121732
FW6_YAW5,decoupled,0.2,8.0,30,t_ss_c,i0,0.4525802320644701
FW6_YAW5,decoupled,0.2,8.0,30,t_ss_c,r_th,0.5681392569043618
FW6_YAW5,decoupled,0.2,8.0,30,t_ss_c,cap_err,-0.02255455006161667
FW6_YAW5,decoupled,0.2,8.0,30,t_ss_c,v_oc,-0.11851083272342584
FW6_YAW5,decoupled,0.2,8.0,30,t_ss_c,r_pack,0.008780285864476206
FW6_YAW5,decoupled,0.2,8.0,30,t_ss_c,r_wire,0.04198486555387394
FW6_YAW5,decoupled,0.2,8.0,30,t_ss_c,i_elec,0.009184843687204852
FW6_YAW5,decoupled,0.2,8.0,30,i_peak_a,tau_s,-0.44993867399318593
FW6_YAW5,decoupled,0.2,8.0,30,i_peak_a,rpm0,-0.008155066683896298
FW6_YAW5,decoupled,0.2,8.0,30,i_peak_a,i_s,0.6637048670783185
FW6_YAW5,decoupled,0.2,8.0,30,i_peak_a,i0,0.4971848361316484
FW6_YAW5,decoupled,0.2,8.0,30,i_peak_a,r_th,0.03469190518798946
FW6_YAW5,decoupled,0.2,8.0,30,i_peak_a,cap_err,0.008122012013556888
FW6_YAW5,decoupled,0.2,8.0,30,i_peak_a,v_oc,-0.10093863743762638
FW6_YAW5,decoupled,0.2,8.0,30,i_peak_a,r_pack,0.009105559678395518
FW6_YAW5,decoupled,0.2,8.0,30,i_peak_a,r_wire,0.01065552162839129
FW6_YAW5,decoupled,0.2,8.0,30,i_peak_a,i_elec,0.19366471485163494
FW6_YAW5,decoupled,0.2,8.0,30,runtime_min,tau_s,0.37308198634244283
FW6_YAW5,decoupled,0.2,8.0,30,runtime_min,rpm0,0.001074476563830729
FW6_YAW5,decoupled,0.2,8.0,30,runtime_min,i_s,-0.5291493023499224
FW6_YAW5,decoupled,0.2,8.0,30,runtime_min,i0,-0.47722557658061954
FW6_YAW5,decoupled,0.2,8.0,30,runtime_min,r_th,-0.03553120661457851
FW6_YAW5,decoupled,0.2,8.0,30,runtime_min,cap_err,-0.014030928670103186
FW6_YAW5,decoupled,0.2,8.0,30,runtime_min,v_oc,0.057096960121884456
FW6_YAW5,decoupled,0.2,8.0,30,runtime_min,r_pack,-0.017818594424288268
FW6_YAW5,decoupled,0.2,8.0,30,runtime_min,r_wire,0.0017716824190758243
FW6_YAW5,decoupled,0.2,8.0,30,runtime_min,i_elec,-0.1892293196921466
FW6_YAW5,decoupled,0.2,8.0,40,margin_nm,tau_s,0.5542951900327988
FW6_YAW5,decoupled,0.2,8.0,40,margin_nm,rpm0,0.009787122865235873
FW6_YAW5,decoupled,0.2,8.0,40,margin_nm,i_s,0.008351241372360152
FW6_YAW5,decoupled,0.2,8.0,40,margin_nm,i0,-0.023474751497194603
FW6_YAW5,decoupled,0.2,8.0,40,margin_nm,r_th,-0.02525358280595364
FW6_YAW5,decoupled,0.2,8.0,40,margin_nm,cap_err,0.7746223674024851
FW6_YAW5,decoupled,0.2,8.0,40,margin_nm,v_oc,0.11947796616421846
FW6_YAW5,decoupled,0.2,8.0,40,margin_nm,r_pack,-0.010225231358359038
FW6_YAW5,decoupled,0.2,8.0,40,margin_nm,r_wire,-0.005882374431374935
FW6_YAW5,decoupled,0.2,8.0,40,margin_nm,i_elec,0.00779207597689733
FW6_YAW5,decoupled,0.2,8.0,40,t_ss_c,tau_s,-0.4484328178258686
FW6_YAW5,decoupled,0.2,8.0,40,t_ss_c,rpm0,0.012499152055461336
FW6_YAW5,decoupled,0.2,8.0,40,t_ss_c,i_s,0.08494420499380055
FW6_YAW5,decoupled,0.2,8.0,40,t_ss_c,i0,0.4969462201051355
FW6_YAW5,decoupled,0.2,8.0,40,t_ss_c,r_th,0.54768532040948
FW6_YAW5,decoupled,0.2,8.0,40,t_ss_c,cap_err,-0.029863196207021797
FW6_YAW5,decoupled,0.2,8.0,40,t_ss_c,v_oc,-0.10224525847169537
FW6_YAW5,decoupled,0.2,8.0,40,t_ss_c,r_pack,0.00660114517790502
FW6_YAW5,decoupled,0.2,8.0,40,t_ss_c,r_wire,0.04253654294850477
FW6_YAW5,decoupled,0.2,8.0,40,t_ss_c,i_elec,0.011434440381604485
FW6_YAW5,decoupled,0.2,8.0,40,i_peak_a,tau_s,-0.4179949984438887
FW6_YAW5,decoupled,0.2,8.0,40,i_peak_a,rpm0,-0.007402345711371744
FW6_YAW5,decoupled,0.2,8.0,40,i_peak_a,i_s,0.6130064618896068
FW6_YAW5,decoupled,0.2,8.0,40,i_peak_a,i0,0.5755458808384311
FW6_YAW5,decoupled,0.2,8.0,40,i_peak_a,r_th,0.036135979126219894
FW6_YAW5,decoupled,0.2,8.0,40,i_peak_a,cap_err,0.0038409070934341204
FW6_YAW5,decoupled,0.2,8.0,40,i_peak_a,v_oc,-0.08995191399465709
FW6_YAW5,decoupled,0.2,8.0,40,i_peak_a,r_pack,0.00811956401328489
FW6_YAW5,decoupled,0.2,8.0,40,i_peak_a,r_wire,0.0114605394956155
FW6_YAW5,decoupled,0.2,8.0,40,i_peak_a,i_elec,0.2223005718111746
FW6_YAW5,decoupled,0.2,8.0,40,runtime_min,tau_s,0.3400899257877695
FW6_YAW5,decoupled,0.2,8.0,40,runtime_min,rpm0,-0.00046256849584094394
FW6_YAW5,decoupled,0.2,8.0,40,runtime_min,i_s,-0.48028494225388246
FW6_YAW5,decoupled,0.2,8.0,40,runtime_min,i0,-0.531685567965063
FW6_YAW5,decoupled,0.2,8.0,40,runtime_min,r_th,-0.03537295904143989
FW6_YAW5,decoupled,0.2,8.0,40,runtime_min,cap_err,-0.011625239958359993
FW6_YAW5,decoupled,0.2,8.0,40,runtime_min,v_oc,0.047133423014824774
FW6_YAW5,decoupled,0.2,8.0,40,runtime_min,r_pack,-0.01678162764240307
FW6_YAW5,decoupled,0.2,8.0,40,runtime_min,r_wire,0.001955863772873752
FW6_YAW5,decoupled,0.2,8.0,40,runtime_min,i_elec,-0.21028402203155797
FW6_YAW5,decoupled,0.4,2.0,30,margin_nm,tau_s,0.5555894897321655
FW6_YAW5,decoupled,0.4,2.0,30,margin_nm,rpm0,0.009847405983045107
FW6_YAW5,decoupled,0.4,2.0,30,margin_nm,i_s,0.005697321521924612
FW6_YAW5,decoupled,0.4,2.0,30,margin_nm,i0,-0.023331000370111148
FW6_YAW5,decoupled,0.4,2.0,30,margin_nm,r_th,-0.0253339521482169
FW6_YAW5,decoupled,0.4,2.0,30,margin_nm,cap_err,0.7734616610512955
FW6_YAW5,decoupled,0.4,2.0,30,margin_nm,v_oc,0.12016454535161612
FW6_YAW5,decoupled,0.4,2.0,30,margin_nm,r_pack,-0.012028598225399803
FW6_YAW5,decoupled,0.4,2.0,30,margin_nm,r_wire,-0.007084587453843049
FW6_YAW5,decoupled,0.4,2.0,30,margin_nm,i_elec,0.00791805154645017
FW6_YAW5,decoupled,0.4,2.0,30,t_ss_c,tau_s,-0.49760620728957844
FW6_YAW5,decoupled,0.4,2.0,30,t_ss_c,rpm0,0.011359845262205027
FW6_YAW5,decoupled,0.4,2.0,30,t_ss_c,i_s,0.13622842580315841
FW6_YAW5,decoupled,0.4,2.0,30,t_ss_c,i0,0.46010089467787707
FW6_YAW5,decoupled,0.4,2.0,30,t_ss_c,r_th,0.5631771879085763
FW6_YAW5,decoupled,0.4,2.0,30,t_ss_c,cap_err,-0.024003178222575354
FW6_YAW5,decoupled,0.4,2.0,30,t_ss_c,v_oc,-0.11559653551072614
FW6_YAW5,decoupled,0.4,2.0,30,t_ss_c,r_pack,0.00881603297955922
FW6_YAW5,decoupled,0.4,2.0,30,t_ss_c,r_wire,0.04255157717239746
FW6_YAW5,decoupled,0.4,2.0,30,t_ss_c,i_elec,0.009630151292239032
FW6_YAW5,decoupled,0.4,2.0,30,i_peak_a,tau_s,-0.45668499563166615
FW6_YAW5,decoupled,0.4,2.0,30,i_peak_a,rpm0,-0.008421723602413732
FW6_YAW5,decoupled,0.4,2.0,30,i_peak_a,i_s,0.6746388034043114
FW6_YAW5,decoupled,0.4,2.0,30,i_peak_a,i0,0.4781366077929563
FW6_YAW5,decoupled,0.4,2.0,30,i_peak_a,r_th,0.03430232336692481
FW6_YAW5,decoupled,0.4,2.0,30,i_peak_a,cap_err,0.009172016574668507
FW6_YAW5,decoupled,0.4,2.0,30,i_peak_a,v_oc,-0.10336605459622827
FW6_YAW5,decoupled,0.4,2.0,30,i_peak_a,r_pack,0.009381980597997844
FW6_YAW5,decoupled,0.4,2.0,30,i_peak_a,r_wire,0.010529804725533855
FW6_YAW5,decoupled,0.4,2.0,30,i_peak_a,i_elec,0.1867523238613693
FW6_YAW5,decoupled,0.4,2.0,30,runtime_min,tau_s,0.35826222914024763
FW6_YAW5,decoupled,0.4,2.0,30,runtime_min,rpm0,0.0004542533838059315
FW6_YAW5,decoupled,0.4,2.0,30,runtime_min,i_s,-0.507203746578194
FW6_YAW5,decoupled,0.4,2.0,30,runtime_min,i0,-0.5027261656362405
FW6_YAW5,decoupled,0.4,2.0,30,runtime_min,r_th,-0.035427684380853815
FW6_YAW5,decoupled,0.4,2.0,30,runtime_min,cap_err,-0.01285067431674159
FW6_YAW5,decoupled,0.4,2.0,30,runtime_min,v_oc,0.05285312409479156
FW6_YAW5,decoupled,0.4,2.0,30,runtime_min,r_pack,-0.018023950002661108
FW6_YAW5,decoupled,0.4,2.0,30,runtime_min,r_wire,0.0013758574862063873
FW6_YAW5,decoupled,0.4,2.0,30,runtime_min,i_elec,-0.19905699945077768
FW6_YAW5,decoupled,0.4,2.0,40,margin_nm,tau_s,0.5552545532505059
FW6_YAW5,decoupled,0.4,2.0,40,margin_nm,rpm0,0.009863408207045355
FW6_YAW5,decoupled,0.4,2.0,40,margin_nm,i_s,0.006380419820046646
FW6_YAW5,decoupled,0.4,2.0,40,margin_nm,i0,-0.023353436372604036
FW6_YAW5,decoupled,0.4,2.0,40,margin_nm,r_th,-0.02536274237363804
FW6_YAW5,decoupled,0.4,2.0,40,margin_nm,cap_err,0.7737554459728272
FW6_YAW5,decoupled,0.4,2.0,40,margin_nm,v_oc,0.11999581999953554
FW6_YAW5,decoupled,0.4,2.0,40,margin_nm,r_pack,-0.011552514172501574
FW6_YAW5,decoupled,0.4,2.0,40,margin_nm,r_wire,-0.006768125196458354
FW6_YAW5,decoupled,0.4,2.0,40,margin_nm,i_elec,0.007877233319692591
FW6_YAW5,decoupled,0.4,2.0,40,t_ss_c,tau_s,-0.47941143504571493
FW6_YAW5,decoupled,0.4,2.0,40,t_ss_c,rpm0,0.01200476844497427
FW6_YAW5,decoupled,0.4,2.0,40,t_ss_c,i_s,0.11699460144384459
FW6_YAW5,decoupled,0.4,2.0,40,t_ss_c,i0,0.4743184847020538
FW6_YAW5,decoupled,0.4,2.0,40,t_ss_c,r_th,0.5575716281746252
FW6_YAW5,decoupled,0.4,2.0,40,t_ss_c,cap_err,-0.026366920262991134
FW6_YAW5,decoupled,0.4,2.0,40,t_ss_c,v_oc,-0.11072044563560506
FW6_YAW5,decoupled,0.4,2.0,40,t_ss_c,r_pack,0.008148281794253531
FW6_YAW5,decoupled,0.4,2.0,40,t_ss_c,r_wire,0.04272780919197879
FW6_YAW5,decoupled,0.4,2.0,40,t_ss_c,i_elec,0.010434385159376128
FW6_YAW5,decoupled,0.4,2.0,40,i_peak_a,tau_s,-0.44819380179931123
FW6_YAW5,decoupled,0.4,2.0,40,i_peak_a,rpm0,-0.00816651157405684
FW6_YAW5,decoupled,0.4,2.0,40,i_peak_a,i_s,0.6606985996331777
FW6_YAW5,decoupled,0.4,2.0,40,i_peak_a,i0,0.5021875606875067
FW6_YAW5,decoupled,0.4,2.0,40,i_peak_a,r_th,0.03478234030914892
FW6_YAW5,decoupled,0.4,2.0,40,i_peak_a,cap_err,0.007837743981971552
FW6_YAW5,decoupled,0.4,2.0,40,i_peak_a,v_oc,-0.10029445558827282
FW6_YAW5,decoupled,0.4,2.0,40,i_peak_a,r_pack,0.008951330772370083
FW6_YAW5,decoupled,0.4,2.0,40,i_peak_a,r_wire,0.010713426079269565
FW6_YAW5,decoupled,0.4,2.0,40,i_peak_a,i_elec,0.1954723323858147
FW6_YAW5,decoupled,0.4,2.0,40,runtime_min,tau_s,0.3479476484386276
FW6_YAW5,decoupled,0.4,2.0,40,runtime_min,rpm0,2.0388891154321233e-05
FW6_YAW5,decoupled,0.4,2.0,40,runtime_min,i_s,-0.49189496754388523
FW6_YAW5,decoupled,0.4,2.0,40,runtime_min,i0,-0.5195761430640159
FW6_YAW5,decoupled,0.4,2.0,40,runtime_min,r_th,-0.035429403047711444
FW6_YAW5,decoupled,0.4,2.0,40,runtime_min,cap_err,-0.012232054248006025
FW6_YAW5,decoupled,0.4,2.0,40,runtime_min,v_oc,0.04974697263855252
FW6_YAW5,decoupled,0.4,2.0,40,runtime_min,r_pack,-0.017580773508974832
FW6_YAW5,decoupled,0.4,2.0,40,runtime_min,r_wire,0.0015275006141667346
FW6_YAW5,decoupled,0.4,2.0,40,runtime_min,i_elec,-0.20565843485093718
FW6_YAW5,decoupled,0.4,4.0,30,margin_nm,tau_s,0.5588846838760758
FW6_YAW5,decoupled,0.4,4.0,30,margin_nm,rpm0,0.010060651340072368
FW6_YAW5,decoupled,0.4,4.0,30,margin_nm,i_s,-0.0006959978551108727
FW6_YAW5,decoupled,0.4,4.0,30,margin_nm,i0,-0.02302961500329055
FW6_YAW5,decoupled,0.4,4.0,30,margin_nm,r_th,-0.025552964616996066
FW6_YAW5,decoupled,0.4,4.0,30,margin_nm,cap_err,0.7703662504851387
FW6_YAW5,decoupled,0.4,4.0,30,margin_nm,v_oc,0.1221167295685255
FW6_YAW5,decoupled,0.4,4.0,30,margin_nm,r_pack,-0.016589523176613684
FW6_YAW5,decoupled,0.4,4.0,30,margin_nm,r_wire,-0.010025935336215035
FW6_YAW5,decoupled,0.4,4.0,30,margin_nm,i_elec,0.00798215466468385
FW6_YAW5,decoupled,0.4,4.0,30,t_ss_c,tau_s,-0.6097678175297575
FW6_YAW5,decoupled,0.4,4.0,30,t_ss_c,rpm0,0.008105303122811457
FW6_YAW5,decoupled,0.4,4.0,30,t_ss_c,i_s,0.2792620501402277
FW6_YAW5,decoupled,0.4,4.0,30,t_ss_c,i0,0.3300103033344781
FW6_YAW5,decoupled,0.4,4.0,30,t_ss_c,r_th,0.5738645344293927
FW6_YAW5,decoupled,0.4,4.0,30,t_ss_c,cap_err,-0.007209330134370014
FW6_YAW5,decoupled,0.4,4.0,30,t_ss_c,v_oc,-0.14816751957416882
FW6_YAW5,decoupled,0.4,4.0,30,t_ss_c,r_pack,0.01659061428784603
FW6_YAW5,decoupled,0.4,4.0,30,t_ss_c,r_wire,0.04061744540193837
FW6_YAW5,decoupled,0.4,4.0,30,t_ss_c,i_elec,0.0032348408038712
FW6_YAW5,decoupled,0.4,4.0,30,i_peak_a,tau_s,-0.5002449475827719
FW6_YAW5,decoupled,0.4,4.0,30,i_peak_a,rpm0,-0.01024067447118605
FW6_YAW5,decoupled,0.4,4.0,30,i_peak_a,i_s,0.746758205195356
FW6_YAW5,decoupled,0.4,4.0,30,i_peak_a,i0,0.3218389802043311
FW6_YAW5,decoupled,0.4,4.0,30,i_peak_a,r_th,0.030827315425257264
FW6_YAW5,decoupled,0.4,4.0,30,i_peak_a,cap_err,0.016964974773886084
FW6_YAW5,decoupled,0.4,4.0,30,i_peak_a,v_oc,-0.11962899551433283
FW6_YAW5,decoupled,0.4,4.0,30,i_peak_a,r_pack,0.014356227817358643
FW6_YAW5,decoupled,0.4,4.0,30,i_peak_a,r_wire,0.009385881487320164
FW6_YAW5,decoupled,0.4,4.0,30,i_peak_a,i_elec,0.12685083098342567
FW6_YAW5,decoupled,0.4,4.0,30,runtime_min,tau_s,0.4319945404438378
FW6_YAW5,decoupled,0.4,4.0,30,runtime_min,rpm0,0.004259507584389731
FW6_YAW5,decoupled,0.4,4.0,30,runtime_min,i_s,-0.6202747484749721
FW6_YAW5,decoupled,0.4,4.0,30,runtime_min,i0,-0.3548921087657898
FW6_YAW5,decoupled,0.4,4.0,30,runtime_min,r_th,-0.03429645758849528
FW6_YAW5,decoupled,0.4,4.0,30,runtime_min,cap_err,-0.01920756924528547
FW6_YAW5,decoupled,0.4,4.0,30,runtime_min,v_oc,0.07734998859444316
FW6_YAW5,decoupled,0.4,4.0,30,runtime_min,r_pack,-0.02110053745561527
FW6_YAW5,decoupled,0.4,4.0,30,runtime_min,r_wire,-6.663867407096378e-05
FW6_YAW5,decoupled,0.4,4.0,30,runtime_min,i_elec,-0.14101209877912207
FW6_YAW5,decoupled,0.4,4.0,40,margin_nm,tau_s,0.5573791837087981
FW6_YAW5,decoupled,0.4,4.0,40,margin_nm,rpm0,0.009930853992317109
FW6_YAW5,decoupled,0.4,4.0,40,margin_nm,i_s,0.0021546740171860014
FW6_YAW5,decoupled,0.4,4.0,40,margin_nm,i0,-0.023166907907434208
FW6_YAW5,decoupled,0.4,4.0,40,margin_nm,r_th,-0.025425470825052306
FW6_YAW5,decoupled,0.4,4.0,40,margin_nm,cap_err,0.7717873368652595
FW6_YAW5,decoupled,0.4,4.0,40,margin_nm,v_oc,0.12122200724688968
FW6_YAW5,decoupled,0.4,4.0,40,margin_nm,r_pack,-0.0145391687265743
FW6_YAW5,decoupled,0.4,4.0,40,margin_nm,r_wire,-0.00868445785382865
FW6_YAW5,decoupled,0.4,4.0,40,margin_nm,i_elec,0.00796707999634222
FW6_YAW5,decoupled,0.4,4.0,40,t_ss_c,tau_s,-0.5797931235325693
FW6_YAW5,decoupled,0.4,4.0,40,t_ss_c,rpm0,0.00914020457113384
FW6_YAW5,decoupled,0.4,4.0,40,t_ss_c,i_s,0.23492436343604034
FW6_YAW5,decoupled,0.4,4.0,40,t_ss_c,i0,0.37588353776483746
FW6_YAW5,decoupled,0.4,4.0,40,t_ss_c,r_th,0.5773877130430791
FW6_YAW5,decoupled,0.4,4.0,40,t_ss_c,cap_err,-0.012462367162485237
FW6_YAW5,decoupled,0.4,4.0,40,t_ss_c,v_oc,-0.13850648472294272
FW6_YAW5,decoupled,0.4,4.0,40,t_ss_c,r_pack,0.013618790402087818
FW6_YAW5,decoupled,0.4,4.0,40,t_ss_c,r_wire,0.04110459301162144
FW6_YAW5,decoupled,0.4,4.0,40,t_ss_c,i_elec,0.005269077029897447
FW6_YAW5,decoupled,0.4,4.0,40,i_peak_a,tau_s,-0.4864361513817945
FW6_YAW5,decoupled,0.4,4.0,40,i_peak_a,rpm0,-0.009417183268575918
FW6_YAW5,decoupled,0.4,4.0,40,i_peak_a,i_s,0.7239875448875048
FW6_YAW5,decoupled,0.4,4.0,40,i_peak_a,i0,0.37927203903022655
FW6_YAW5,decoupled,0.4,4.0,40,i_peak_a,r_th,0.03205044889449432
FW6_YAW5,decoupled,0.4,4.0,40,i_peak_a,cap_err,0.014463338051482005
FW6_YAW5,decoupled,0.4,4.0,40,i_peak_a,v_oc,-0.1141552784616976
FW6_YAW5,decoupled,0.4,4.0,40,i_peak_a,r_pack,0.012079312008812444
FW6_YAW5,decoupled,0.4,4.0,40,i_peak_a,r_wire,0.00979011397667933
FW6_YAW5,decoupled,0.4,4.0,40,i_peak_a,i_elec,0.1491769045752116
FW6_YAW5,decoupled,0.4,4.0,40,runtime_min,tau_s,0.41305279878364426
FW6_YAW5,decoupled,0.4,4.0,40,runtime_min,rpm0,0.0031976394664043847
FW6_YAW5,decoupled,0.4,4.0,40,runtime_min,i_s,-0.5903647007071889
FW6_YAW5,decoupled,0.4,4.0,40,runtime_min,i0,-0.3986238082915342
FW6_YAW5,decoupled,0.4,4.0,40,runtime_min,r_th,-0.034891069210118794
FW6_YAW5,decoupled,0.4,4.0,40,runtime_min,cap_err,-0.017401645933516213
FW6_YAW5,decoupled,0.4,4.0,40,runtime_min,v_oc,0.0701671513519057
FW6_YAW5,decoupled,0.4,4.0,40,runtime_min,r_pack,-0.019624477736053077
FW6_YAW5,decoupled,0.4,4.0,40,runtime_min,r_wire,0.0007981520886835653
FW6_YAW5,decoupled,0.4,4.0,40,runtime_min,i_elec,-0.15850383227820355
FW6_YAW5,decoupled,0.4,8.0,30,margin_nm,tau_s,0.5614232103803567
FW6_YAW5,decoupled,0.4,8.0,30,margin_nm,rpm0,0.010154214461579384
FW6_YAW5,decoupled,0.4,8.0,30,margin_nm,i_s,-0.005693227299247476
FW6_YAW5,decoupled,0.4,8.0,30,margin_nm,i0,-0.022748873638763736
FW6_YAW5,decoupled,0.4,8.0,30,margin_nm,r_th,-0.025626383291820366
FW6_YAW5,decoupled,0.4,8.0,30,margin_nm,cap_err,0.7679002364333594
FW6_YAW5,decoupled,0.4,8.0,30,margin_nm,v_oc,0.12354631461625717
FW6_YAW5,decoupled,0.4,8.0,30,margin_nm,r_pack,-0.02013976934886326
FW6_YAW5,decoupled,0.4,8.0,30,margin_nm,r_wire,-0.012448168938685436
FW6_YAW5,decoupled,0.4,8.0,30,margin_nm,i_elec,0.00798706799856311
FW6_YAW5,decoupled,0.4,8.0,30,t_ss_c,tau_s,-0.6459228211025356
FW6_YAW5,decoupled,0.4,8.0,30,t_ss_c,rpm0,0.006694082077120231
FW6_YAW5,decoupled,0.4,8.0,30,t_ss_c,i_s,0.34619383313264807
FW6_YAW5,decoupled,0.4,8.0,30,t_ss_c,i0,0.2536682801853644
FW6_YAW5,decoupled,0.4,8.0,30,t_ss_c,r_th,0.5584312642701404
FW6_YAW5,decoupled,0.4,8.0,30,t_ss_c,cap_err,0.0004500480500053388
FW6_YAW5,decoupled,0.4,8.0,30,t_ss_c,v_oc,-0.16144077527119724
FW6_YAW5,decoupled,0.4,8.0,30,t_ss_c,r_pack,0.022100742011193556
FW6_YAW5,decoupled,0.4,8.0,30,t_ss_c,r_wire,0.039861536429059596
FW6_YAW5,decoupled,0.4,8.0,30,t_ss_c,i_elec,1.5167112796345864e-05
FW6_YAW5,decoupled,0.4,8.0,30,i_peak_a,tau_s,-0.5136924437436048
FW6_YAW5,decoupled,0.4,8.0,30,i_peak_a,rpm0,-0.010961659440184382
FW6_YAW5,decoupled,0.4,8.0,30,i_peak_a,i_s,0.7690750272305584
FW6_YAW5,decoupled,0.4,8.0,30,i_peak_a,i0,0.2519628879958764
FW6_YAW5,decoupled,0.4,8.0,30,i_peak_a,r_th,0.0290010525556725
FW6_YAW5,decoupled,0.4,8.0,30,i_peak_a,cap_err,0.020083383564820395
FW6_YAW5,decoupled,0.4,8.0,30,i_peak_a,v_oc,-0.1259138615459846
FW6_YAW5,decoupled,0.4,8.0,30,i_peak_a,r_pack,0.01816403090711454
FW6_YAW5,decoupled,0.4,8.0,30,i_peak_a,r_wire,0.010020573557841504
FW6_YAW5,decoupled,0.4,8.0,30,i_peak_a,i_elec,0.09957303195255911
FW6_YAW5,decoupled,0.4,8.0,30,runtime_min,tau_s,0.4627868558652061
FW6_YAW5,decoupled,0.4,8.0,30,runtime_min,rpm0,0.006288339809815534
FW6_YAW5,decoupled,0.4,8.0,30,runtime_min,i_s,-0.6703353731483747
FW6_YAW5,decoupled,0.4,8.0,30,runtime_min,i0,-0.2705363998373777
FW6_YAW5,decoupled,0.4,8.0,30,runtime_min,r_th,-0.0328601987622443
FW6_YAW5,decoupled,0.4,8.0,30,runtime_min,cap_err,-0.022324717591635283
FW6_YAW5,decoupled,0.4,8.0,30,runtime_min,v_oc,0.08991228065692007
FW6_YAW5,decoupled,0.4,8.0,30,runtime_min,r_pack,-0.02364064662673851
FW6_YAW5,decoupled,0.4,8.0,30,runtime_min,r_wire,-0.0018104090900454544
FW6_YAW5,decoupled,0.4,8.0,30,runtime_min,i_elec,-0.10738224526469389
FW6_YAW5,decoupled,0.4,8.0,40,margin_nm,tau_s,0.5591835790203976
FW6_YAW5,decoupled,0.4,8.0,40,margin_nm,rpm0,0.010065678451742048
FW6_YAW5,decoupled,0.4,8.0,40,margin_nm,i_s,-0.0012317441368604593
FW6_YAW5,decoupled,0.4,8.0,40,margin_nm,i0,-0.023013249223694358
FW6_YAW5,decoupled,0.4,8.0,40,margin_nm,r_th,-0.025587369065263224
FW6_YAW5,decoupled,0.4,8.0,40,margin_nm,cap_err,0.7700918651213182
FW6_YAW5,decoupled,0.4,8.0,40,margin_nm,v_oc,0.1222638824737647
FW6_YAW5,decoupled,0.4,8.0,40,margin_nm,r_pack,-0.01696254944028327
FW6_YAW5,decoupled,0.4,8.0,40,margin_nm,r_wire,-0.01029792381088042
FW6_YAW5,decoupled,0.4,8.0,40,margin_nm,i_elec,0.007979615997735109
FW6_YAW5,decoupled,0.4,8.0,40,t_ss_c,tau_s,-0.6207167191907464
FW6_YAW5,decoupled,0.4,8.0,40,t_ss_c,rpm0,0.00766227062914118
FW6_YAW5,decoupled,0.4,8.0,40,t_ss_c,i_s,0.29678922097658006
FW6_YAW5,decoupled,0.4,8.0,40,t_ss_c,i0,0.31099483722164856
FW6_YAW5,decoupled,0.4,8.0,40,t_ss_c,r_th,0.5717724626413847
FW6_YAW5,decoupled,0.4,8.0,40,t_ss_c,cap_err,-0.0051032525670280625
FW6_YAW5,decoupled,0.4,8.0,40,t_ss_c,v_oc,-0.1519574173286019
FW6_YAW5,decoupled,0.4,8.0,40,t_ss_c,r_pack,0.017420113046679224
FW6_YAW5,decoupled,0.4,8.0,40,t_ss_c,r_wire,0.03996244177360463
FW6_YAW5,decoupled,0.4,8.0,40,t_ss_c,i_elec,0.002008816667646296
FW6_YAW5,decoupled,0.4,8.0,40,i_peak_a,tau_s,-0.5022184371353818
FW6_YAW5,decoupled,0.4,8.0,40,i_peak_a,rpm0,-0.010304434922714989
FW6_YAW5,decoupled,0.4,8.0,40,i_peak_a,i_s,0.7500913784545975
FW6_YAW5,decoupled,0.4,8.0,40,i_peak_a,i0,0.31252756761417416
FW6_YAW5,decoupled,0.4,8.0,40,i_peak_a,r_th,0.030573925619325062
FW6_YAW5,decoupled,0.4,8.0,40,i_peak_a,cap_err,0.01742327482480831
FW6_YAW5,decoupled,0.4,8.0,40,i_peak_a,v_oc,-0.12055444406160488
FW6_YAW5,decoupled,0.4,8.0,40,i_peak_a,r_pack,0.01473530697058966
FW6_YAW5,decoupled,0.4,8.0,40,i_peak_a,r_wire,0.00937319393035488
FW6_YAW5,decoupled,0.4,8.0,40,i_peak_a,i_elec,0.12324367991596442
FW6_YAW5,decoupled,0.4,8.0,40,runtime_min,tau_s,0.44438581870953536
FW6_YAW5,decoupled,0.4,8.0,40,runtime_min,rpm0,0.0051292467921385315
FW6_YAW5,decoupled,0.4,8.0,40,runtime_min,i_s,-0.6403123644791516
FW6_YAW5,decoupled,0.4,8.0,40,runtime_min,i0,-0.3230974301219366
FW6_YAW5,decoupled,0.4,8.0,40,runtime_min,r_th,-0.033827142425238044
FW6_YAW5,decoupled,0.4,8.0,40,runtime_min,cap_err,-0.020318691590965728
FW6_YAW5,decoupled,0.4,8.0,40,runtime_min,v_oc,0.08199631933292435
FW6_YAW5,decoupled,0.4,8.0,40,runtime_min,r_pack,-0.021494643277182583
FW6_YAW5,decoupled,0.4,8.0,40,runtime_min,r_wire,-0.00022382669153629906
FW6_YAW5,decoupled,0.4,8.0,40,runtime_min,i_elec,-0.12838325248702803
FW6_YAW5,decoupled,0.8,2.0,30,margin_nm,tau_s,0.5620205420022824
FW6_YAW5,decoupled,0.8,2.0,30,margin_nm,rpm0,0.010167240685248963
FW6_YAW5,decoupled,0.8,2.0,30,margin_nm,i_s,-0.006914040323782257
FW6_YAW5,decoupled,0.8,2.0,30,margin_nm,i0,-0.022697250077472225
FW6_YAW5,decoupled,0.8,2.0,30,margin_nm,r_th,-0.02565749929527769
FW6_YAW5,decoupled,0.8,2.0,30,margin_nm,cap_err,0.7673038612559845
FW6_YAW5,decoupled,0.8,2.0,30,margin_nm,v_oc,0.12387441376382373
FW6_YAW5,decoupled,0.8,2.0,30,margin_nm,r_pack,-0.02097832677536964
FW6_YAW5,decoupled,0.8,2.0,30,margin_nm,r_wire,-0.012995289443921048
FW6_YAW5,decoupled,0.8,2.0,30,margin_nm,i_elec,0.007993901777100196
FW6_YAW5,decoupled,0.8,2.0,30,t_ss_c,tau_s,-0.6425450940605659
FW6_YAW5,decoupled,0.8,2.0,30,t_ss_c,rpm0,0.006711812301312478
FW6_YAW5,decoupled,0.8,2.0,30,t_ss_c,i_s,0.3400754048972671
FW6_YAW5,decoupled,0.8,2.0,30,t_ss_c,i0,0.26111718145746454
FW6_YAW5,decoupled,0.8,2.0,30,t_ss_c,r_th,0.5592405332489481
FW6_YAW5,decoupled,0.8,2.0,30,t_ss_c,cap_err,-0.0003186284798476088
FW6_YAW5,decoupled,0.8,2.0,30,t_ss_c,v_oc,-0.16057140006348886
FW6_YAW5,decoupled,0.8,2.0,30,t_ss_c,r_pack,0.022793801199311244
FW6_YAW5,decoupled,0.8,2.0,30,t_ss_c,r_wire,0.04084699787188864
FW6_YAW5,decoupled,0.8,2.0,30,t_ss_c,i_elec,0.00022143869127096567
FW6_YAW5,decoupled,0.8,2.0,30,i_peak_a,tau_s,-0.5159807484423053
FW6_YAW5,decoupled,0.8,2.0,30,i_peak_a,rpm0,-0.011082137675793073
FW6_YAW5,decoupled,0.8,2.0,30,i_peak_a,i_s,0.7726707902967545
FW6_YAW5,decoupled,0.8,2.0,30,i_peak_a,i0,0.23847307449700822
FW6_YAW5,decoupled,0.8,2.0,30,i_peak_a,r_th,0.02879980586664509
FW6_YAW5,decoupled,0.8,2.0,30,i_peak_a,cap_err,0.020772705419189488
FW6_YAW5,decoupled,0.8,2.0,30,i_peak_a,v_oc,-0.12703247544805282
FW6_YAW5,decoupled,0.8,2.0,30,i_peak_a,r_pack,0.01905877589541954
FW6_YAW5,decoupled,0.8,2.0,30,i_peak_a,r_wire,0.010132853570317062
FW6_YAW5,decoupled,0.8,2.0,30,i_peak_a,i_elec,0.09425075313897255
FW6_YAW5,decoupled,0.8,2.0,30,runtime_min,tau_s,0.4555186670576296
FW6_YAW5,decoupled,0.8,2.0,30,runtime_min,rpm0,0.005734721081635675
FW6_YAW5,decoupled,0.8,2.0,30,runtime_min,i_s,-0.6581185851242871
FW6_YAW5,decoupled,0.8,2.0,30,runtime_min,i0,-0.29329156547684054
FW6_YAW5,decoupled,0.8,2.0,30,runtime_min,r_th,-0.033458563273173696
FW6_YAW5,decoupled,0.8,2.0,30,runtime_min,cap_err,-0.02152857928095325
FW6_YAW5,decoupled,0.8,2.0,30,runtime_min,v_oc,0.08710239367804373
FW6_YAW5,decoupled,0.8,2.0,30,runtime_min,r_pack,-0.024403325378147257
FW6_YAW5,decoupled,0.8,2.0,30,runtime_min,r_wire,-0.002262633140292571
FW6_YAW5,decoupled,0.8,2.0,30,runtime_min,i_elec,-0.11626889647432181
FW6_YAW5,decoupled,0.8,2.0,40,margin_nm,tau_s,0.5612602628066957
FW6_YAW5,decoupled,0.8,2.0,40,margin_nm,rpm0,0.010143745571527283
FW6_YAW5,decoupled,0.8,2.0,40,margin_nm,i_s,-0.005402162378018042
FW6_YAW5,decoupled,0.8,2.0,40,margin_nm,i0,-0.022772770085863342
FW6_YAW5,decoupled,0.8,2.0,40,margin_nm,r_th,-0.025632681959186877
FW6_YAW5,decoupled,0.8,2.0,40,margin_nm,cap_err,0.7680523768947084
FW6_YAW5,decoupled,0.8,2.0,40,margin_nm,v_oc,0.12345293193921464
FW6_YAW5,decoupled,0.8,2.0,40,margin_nm,r_pack,-0.01994385999376222
FW6_YAW5,decoupled,0.8,2.0,40,margin_nm,r_wire,-0.01229320003257778
FW6_YAW5,decoupled,0.8,2.0,40,margin_nm,i_elec,0.007982430664714518
FW6_YAW5,decoupled,0.8,2.0,40,t_ss_c,tau_s,-0.6356758164084239
FW6_YAW5,decoupled,0.8,2.0,40,t_ss_c,rpm0,0.00693506921500769
FW6_YAW5,decoupled,0.8,2.0,40,t_ss_c,i_s,0.32530324325591586
FW6_YAW5,decoupled,0.8,2.0,40,t_ss_c,i0,0.27848669360963263
FW6_YAW5,decoupled,0.8,2.0,40,t_ss_c,r_th,0.5636635959626216
FW6_YAW5,decoupled,0.8,2.0,40,t_ss_c,cap_err,-0.0018474006497111828
FW6_YAW5,decoupled,0.8,2.0,40,t_ss_c,v_oc,-0.1578566784285198
FW6_YAW5,decoupled,0.8,2.0,40,t_ss_c,r_pack,0.02119093391010377
FW6_YAW5,decoupled,0.8,2.0,40,t_ss_c,r_wire,0.040776188975132105
FW6_YAW5,decoupled,0.8,2.0,40,t_ss_c,i_elec,0.0009757472195274686
FW6_YAW5,decoupled,0.8,2.0,40,i_peak_a,tau_s,-0.5131182712353634
FW6_YAW5,decoupled,0.8,2.0,40,i_peak_a,rpm0,-0.010867403874155985
FW6_YAW5,decoupled,0.8,2.0,40,i_peak_a,i_s,0.768059183117687
FW6_YAW5,decoupled,0.8,2.0,40,i_peak_a,i0,0.2555271172807908
FW6_YAW5,decoupled,0.8,2.0,40,i_peak_a,r_th,0.029160037462226382
FW6_YAW5,decoupled,0.8,2.0,40,i_peak_a,cap_err,0.019933261770362413
FW6_YAW5,decoupled,0.8,2.0,40,i_peak_a,v_oc,-0.12567800729755635
FW6_YAW5,decoupled,0.8,2.0,40,i_peak_a,r_pack,0.017957496661944072
FW6_YAW5,decoupled,0.8,2.0,40,i_peak_a,r_wire,0.010077222453024715
FW6_YAW5,decoupled,0.8,2.0,40,i_peak_a,i_elec,0.10098104188678242
FW6_YAW5,decoupled,0.8,2.0,40,runtime_min,tau_s,0.4496767948529772
FW6_YAW5,decoupled,0.8,2.0,40,runtime_min,rpm0,0.005418590379843375
FW6_YAW5,decoupled,0.8,2.0,40,runtime_min,i_s,-0.6486430734047858
FW6_YAW5,decoupled,0.8,2.0,40,runtime_min,i0,-0.3095935646215071
FW6_YAW5,decoupled,0.8,2.0,40,runtime_min,r_th,-0.03368077929786436
FW6_YAW5,decoupled,0.8,2.0,40,runtime_min,cap_err,-0.02099104766567196
FW6_YAW5,decoupled,0.8,2.0,40,runtime_min,v_oc,0.08471187385687487
FW6_YAW5,decoupled,0.8,2.0,40,runtime_min,r_pack,-0.02372626441402938
FW6_YAW5,decoupled,0.8,2.0,40,runtime_min,r_wire,-0.0016445792938421437
FW6_YAW5,decoupled,0.8,2.0,40,runtime_min,i_elec,-0.12284064564896062
FW6_YAW5,decoupled,0.8,4.0,30,margin_nm,tau_s,0.5694099921566657
FW6_YAW5,decoupled,0.8,4.0,30,margin_nm,rpm0,0.010746286527365168
FW6_YAW5,decoupled,0.8,4.0,30,margin_nm,i_s,-0.02164710418301157
FW6_YAW5,decoupled,0.8,4.0,30,margin_nm,i0,-0.021970067774451974
FW6_YAW5,decoupled,0.8,4.0,30,margin_nm,r_th,-0.026123915791546194
FW6_YAW5,decoupled,0.8,4.0,30,margin_nm,cap_err,0.7595403355044816
FW6_YAW5,decoupled,0.8,4.0,30,margin_nm,v_oc,0.12830663736740414
FW6_YAW5,decoupled,0.8,4.0,30,margin_nm,r_pack,-0.031282268364696476
FW6_YAW5,decoupled,0.8,4.0,30,margin_nm,r_wire,-0.019951725327969478
FW6_YAW5,decoupled,0.8,4.0,30,margin_nm,i_elec,0.008240497360055261
FW6_YAW5,decoupled,0.8,4.0,30,t_ss_c,tau_s,-0.6740797615644178
FW6_YAW5,decoupled,0.8,4.0,30,t_ss_c,rpm0,0.004675532519503613
FW6_YAW5,decoupled,0.8,4.0,30,t_ss_c,i_s,0.42907150189683346
FW6_YAW5,decoupled,0.8,4.0,30,t_ss_c,i0,0.14610745845638426
FW6_YAW5,decoupled,0.8,4.0,30,t_ss_c,r_th,0.5149886012209556
FW6_YAW5,decoupled,0.8,4.0,30,t_ss_c,cap_err,0.009132835681426185
FW6_YAW5,decoupled,0.8,4.0,30,t_ss_c,v_oc,-0.1751398207933134
FW6_YAW5,decoupled,0.8,4.0,30,t_ss_c,r_pack,0.036079310231034466
FW6_YAW5,decoupled,0.8,4.0,30,t_ss_c,r_wire,0.043057346117482895
FW6_YAW5,decoupled,0.8,4.0,30,t_ss_c,i_elec,-0.0040319622257735796
FW6_YAW5,decoupled,0.8,4.0,30,i_peak_a,tau_s,-0.5285728298414254
FW6_YAW5,decoupled,0.8,4.0,30,i_peak_a,rpm0,-0.012201215133468345
FW6_YAW5,decoupled,0.8,4.0,30,i_peak_a,i_s,0.7925245302805032
FW6_YAW5,decoupled,0.8,4.0,30,i_peak_a,i0,0.13951521283502363
FW6_YAW5,decoupled,0.8,4.0,30,i_peak_a,r_th,0.026300401144489012
FW6_YAW5,decoupled,0.8,4.0,30,i_peak_a,cap_err,0.024919982324442477
FW6_YAW5,decoupled,0.8,4.0,30,i_peak_a,v_oc,-0.13502088878009874
FW6_YAW5,decoupled,0.8,4.0,30,i_peak_a,r_pack,0.02851525072391674
FW6_YAW5,decoupled,0.8,4.0,30,i_peak_a,r_wire,0.014733187414798598
FW6_YAW5,decoupled,0.8,4.0,30,i_peak_a,i_elec,0.05507015678557297
FW6_YAW5,decoupled,0.8,4.0,30,runtime_min,tau_s,0.4901205815689535
FW6_YAW5,decoupled,0.8,4.0,30,runtime_min,rpm0,0.008756082306231367
FW6_YAW5,decoupled,0.8,4.0,30,runtime_min,i_s,-0.716573506285945
FW6_YAW5,decoupled,0.8,4.0,30,runtime_min,i0,-0.17304015167112793
FW6_YAW5,decoupled,0.8,4.0,30,runtime_min,r_th,-0.03110477367830818
FW6_YAW5,decoupled,0.8,4.0,30,runtime_min,cap_err,-0.02578255175361686
FW6_YAW5,decoupled,0.8,4.0,30,runtime_min,v_oc,0.10438257470917496
FW6_YAW5,decoupled,0.8,4.0,30,runtime_min,r_pack,-0.03220561868951318
FW6_YAW5,decoupled,0.8,4.0,30,runtime_min,r_wire,-0.007488746609860733
FW6_YAW5,decoupled,0.8,4.0,30,runtime_min,i_elec,-0.0678029857558873
FW6_YAW5,decoupled,0.8,4.0,40,margin_nm,tau_s,0.5660420362268929
FW6_YAW5,decoupled,0.8,4.0,40,margin_nm,rpm0,0.010541536726837412
FW6_YAW5,decoupled,0.8,4.0,40,margin_nm,i_s,-0.014909669656629961
FW6_YAW5,decoupled,0.8,4.0,40,margin_nm,i0,-0.02225187758354195
FW6_YAW5,decoupled,0.8,4.0,40,margin_nm,r_th,-0.025872587319176365
FW6_YAW5,decoupled,0.8,4.0,40,margin_nm,cap_err,0.7631488132387568
FW6_YAW5,decoupled,0.8,4.0,40,margin_nm,v_oc,0.1263991064887896
FW6_YAW5,decoupled,0.8,4.0,40,margin_nm,r_pack,-0.026603130511458944
FW6_YAW5,decoupled,0.8,4.0,40,margin_nm,r_wire,-0.016742267193585243
FW6_YAW5,decoupled,0.8,4.0,40,margin_nm,i_elec,0.008056658672962073
FW6_YAW5,decoupled,0.8,4.0,40,t_ss_c,tau_s,-0.6675203266133695
FW6_YAW5,decoupled,0.8,4.0,40,t_ss_c,rpm0,0.005333214370357151
FW6_YAW5,decoupled,0.8,4.0,40,t_ss_c,i_s,0.4030346790038531
FW6_YAW5,decoupled,0.8,4.0,40,t_ss_c,i0,0.18056129695125522
FW6_YAW5,decoupled,0.8,4.0,40,t_ss_c,r_th,0.5316215964023995
FW6_YAW5,decoupled,0.8,4.0,40,t_ss_c,cap_err,0.006710754967861662
FW6_YAW5,decoupled,0.8,4.0,40,t_ss_c,v_oc,-0.1712687883631987
FW6_YAW5,decoupled,0.8,4.0,40,t_ss_c,r_pack,0.03055995761777306
FW6_YAW5,decoupled,0.8,4.0,40,t_ss_c,r_wire,0.0414444361604929
FW6_YAW5,decoupled,0.8,4.0,40,t_ss_c,i_elec,-0.002911793656865961
FW6_YAW5,decoupled,0.8,4.0,40,i_peak_a,tau_s,-0.5249381738820192
FW6_YAW5,decoupled,0.8,4.0,40,i_peak_a,rpm0,-0.011845822649535848
FW6_YAW5,decoupled,0.8,4.0,40,i_peak_a,i_s,0.786920194546688
FW6_YAW5,decoupled,0.8,4.0,40,i_peak_a,i0,0.17398647133183012
FW6_YAW5,decoupled,0.8,4.0,40,i_peak_a,r_th,0.027180091908899095
FW6_YAW5,decoupled,0.8,4.0,40,i_peak_a,cap_err,0.02342383993598221
FW6_YAW5,decoupled,0.8,4.0,40,i_peak_a,v_oc,-0.1322047169116352
FW6_YAW5,decoupled,0.8,4.0,40,i_peak_a,r_pack,0.02431054803450533
FW6_YAW5,decoupled,0.8,4.0,40,i_peak_a,r_wire,0.01250852983428109
FW6_YAW5,decoupled,0.8,4.0,40,i_peak_a,i_elec,0.0690400338933371
FW6_YAW5,decoupled,0.8,4.0,40,runtime_min,tau_s,0.4819720846635649
FW6_YAW5,decoupled,0.8,4.0,40,runtime_min,rpm0,0.008070576452286272
FW6_YAW5,decoupled,0.8,4.0,40,runtime_min,i_s,-0.7028537247615249
FW6_YAW5,decoupled,0.8,4.0,40,runtime_min,i0,-0.204991077443453
FW6_YAW5,decoupled,0.8,4.0,40,runtime_min,r_th,-0.03189551821061313
FW6_YAW5,decoupled,0.8,4.0,40,runtime_min,cap_err,-0.0249615321068369
FW6_YAW5,decoupled,0.8,4.0,40,runtime_min,v_oc,0.09948494038721559
FW6_YAW5,decoupled,0.8,4.0,40,runtime_min,r_pack,-0.0287339249704361
FW6_YAW5,decoupled,0.8,4.0,40,runtime_min,r_wire,-0.005401354822372757
FW6_YAW5,decoupled,0.8,4.0,40,runtime_min,i_elec,-0.08078990586554508
FW6_YAW5,decoupled,0.8,8.0,30,margin_nm,tau_s,0.5751571270174585
FW6_YAW5,decoupled,0.8,8.0,30,margin_nm,rpm0,0.011283074142563793
FW6_YAW5,decoupled,0.8,8.0,30,margin_nm,i_s,-0.033511191279021246
FW6_YAW5,decoupled,0.8,8.0,30,margin_nm,i0,-0.02108419567602174
FW6_YAW5,decoupled,0.8,8.0,30,margin_nm,r_th,-0.026486177165130794
FW6_YAW5,decoupled,0.8,8.0,30,margin_nm,cap_err,0.7528636694292965
FW6_YAW5,decoupled,0.8,8.0,30,margin_nm,v_oc,0.1317244328582703
FW6_YAW5,decoupled,0.8,8.0,30,margin_nm,r_pack,-0.03967116485235165
FW6_YAW5,decoupled,0.8,8.0,30,margin_nm,r_wire,-0.025460560606728955
FW6_YAW5,decoupled,0.8,8.0,30,margin_nm,i_elec,0.00852864894762766
FW6_YAW5,decoupled,0.8,8.0,30,t_ss_c,tau_s,-0.6793579048175449
FW6_YAW5,decoupled,0.8,8.0,30,t_ss_c,rpm0,0.0038017879779764416
FW6_YAW5,decoupled,0.8,8.0,30,t_ss_c,i_s,0.4644196587132953
FW6_YAW5,decoupled,0.8,8.0,30,t_ss_c,i0,0.09758902195433576
FW6_YAW5,decoupled,0.8,8.0,30,t_ss_c,r_th,0.4880525973391774
FW6_YAW5,decoupled,0.8,8.0,30,t_ss_c,cap_err,0.01286456009606223
FW6_YAW5,decoupled,0.8,8.0,30,t_ss_c,v_oc,-0.18013260090362226
FW6_YAW5,decoupled,0.8,8.0,30,t_ss_c,r_pack,0.045379918819990976
FW6_YAW5,decoupled,0.8,8.0,30,t_ss_c,r_wire,0.04668449629827736
FW6_YAW5,decoupled,0.8,8.0,30,t_ss_c,i_elec,-0.005680232631136958
FW6_YAW5,decoupled,0.8,8.0,30,i_peak_a,tau_s,-0.5318343813149312
FW6_YAW5,decoupled,0.8,8.0,30,i_peak_a,rpm0,-0.012694542743838081
FW6_YAW5,decoupled,0.8,8.0,30,i_peak_a,i_s,0.7969940525548946
FW6_YAW5,decoupled,0.8,8.0,30,i_peak_a,i0,0.09953738528193168
FW6_YAW5,decoupled,0.8,8.0,30,i_peak_a,r_th,0.025319411702156853
FW6_YAW5,decoupled,0.8,8.0,30,i_peak_a,cap_err,0.026518507835389754
FW6_YAW5,decoupled,0.8,8.0,30,i_peak_a,v_oc,-0.1384807176089686
FW6_YAW5,decoupled,0.8,8.0,30,i_peak_a,r_pack,0.0357678426408714
FW6_YAW5,decoupled,0.8,8.0,30,i_peak_a,r_wire,0.01884566298285144
FW6_YAW5,decoupled,0.8,8.0,30,i_peak_a,i_elec,0.03898009499778833
FW6_YAW5,decoupled,0.8,8.0,30,runtime_min,tau_s,0.5017577557508616
FW6_YAW5,decoupled,0.8,8.0,30,runtime_min,rpm0,0.009906813545201504
FW6_YAW5,decoupled,0.8,8.0,30,runtime_min,i_s,-0.7369955374439486
FW6_YAW5,decoupled,0.8,8.0,30,runtime_min,i0,-0.11763178907019876
FW6_YAW5,decoupled,0.8,8.0,30,runtime_min,r_th,-0.02974193841577093
FW6_YAW5,decoupled,0.8,8.0,30,runtime_min,cap_err,-0.027432624381402704
FW6_YAW5,decoupled,0.8,8.0,30,runtime_min,v_oc,0.11211433867937094
FW6_YAW5,decoupled,0.8,8.0,30,runtime_min,r_pack,-0.038628512736501405
FW6_YAW5,decoupled,0.8,8.0,30,runtime_min,r_wire,-0.011733237303693033
FW6_YAW5,decoupled,0.8,8.0,30,runtime_min,i_elec,-0.04519409657712183
FW6_YAW5,decoupled,0.8,8.0,40,margin_nm,tau_s,0.5700517664501962
FW6_YAW5,decoupled,0.8,8.0,40,margin_nm,rpm0,0.010922920769213418
FW6_YAW5,decoupled,0.8,8.0,40,margin_nm,i_s,-0.023028919003213216
FW6_YAW5,decoupled,0.8,8.0,40,margin_nm,i0,-0.021851080650120067
FW6_YAW5,decoupled,0.8,8.0,40,margin_nm,r_th,-0.02621791713532412
FW6_YAW5,decoupled,0.8,8.0,40,margin_nm,cap_err,0.7587336660815184
FW6_YAW5,decoupled,0.8,8.0,40,margin_nm,v_oc,0.12885970231774468
FW6_YAW5,decoupled,0.8,8.0,40,margin_nm,r_pack,-0.03226241602915733
FW6_YAW5,decoupled,0.8,8.0,40,margin_nm,r_wire,-0.020669977407775264
FW6_YAW5,decoupled,0.8,8.0,40,margin_nm,i_elec,0.008288292032032447
FW6_YAW5,decoupled,0.8,8.0,40,t_ss_c,tau_s,-0.6759055026561669
FW6_YAW5,decoupled,0.8,8.0,40,t_ss_c,rpm0,0.0044690320521146715
FW6_YAW5,decoupled,0.8,8.0,40,t_ss_c,i_s,0.4374372952708105
FW6_YAW5,decoupled,0.8,8.0,40,t_ss_c,i0,0.13415045757227304
FW6_YAW5,decoupled,0.8,8.0,40,t_ss_c,r_th,0.5095168850574315
FW6_YAW5,decoupled,0.8,8.0,40,t_ss_c,cap_err,0.010048801116533458
FW6_YAW5,decoupled,0.8,8.0,40,t_ss_c,v_oc,-0.17625892091765785
FW6_YAW5,decoupled,0.8,8.0,40,t_ss_c,r_pack,0.03727257791917532
FW6_YAW5,decoupled,0.8,8.0,40,t_ss_c,r_wire,0.04325537369504152
FW6_YAW5,decoupled,0.8,8.0,40,t_ss_c,i_elec,-0.004382080486897831
FW6_YAW5,decoupled,0.8,8.0,40,i_peak_a,tau_s,-0.5290785516753945
FW6_YAW5,decoupled,0.8,8.0,40,i_peak_a,rpm0,-0.012283974698219409
FW6_YAW5,decoupled,0.8,8.0,40,i_peak_a,i_s,0.7932582925842546
FW6_YAW5,decoupled,0.8,8.0,40,i_peak_a,i0,0.1341100175677797
FW6_YAW5,decoupled,0.8,8.0,40,i_peak_a,r_th,0.026062801562533502
FW6_YAW5,decoupled,0.8,8.0,40,i_peak_a,cap_err,0.025115072568341393
FW6_YAW5,decoupled,0.8,8.0,40,i_peak_a,v_oc,-0.13547705905300653
FW6_YAW5,decoupled,0.8,8.0,40,i_peak_a,r_pack,0.029319170368796707
FW6_YAW5,decoupled,0.8,8.0,40,i_peak_a,r_wire,0.015188709687634408
FW6_YAW5,decoupled,0.8,8.0,40,i_peak_a,i_elec,0.05284287564920839
FW6_YAW5,decoupled,0.8,8.0,40,runtime_min,tau_s,0.49465761629529065
FW6_YAW5,decoupled,0.8,8.0,40,runtime_min,rpm0,0.009108684567631618
FW6_YAW5,decoupled,0.8,8.0,40,runtime_min,i_s,-0.7248358934262102
FW6_YAW5,decoupled,0.8,8.0,40,runtime_min,i0,-0.15164866307207364
FW6_YAW5,decoupled,0.8,8.0,40,runtime_min,r_th,-0.030536025170669456
FW6_YAW5,decoupled,0.8,8.0,40,runtime_min,cap_err,-0.026430450492272276
FW6_YAW5,decoupled,0.8,8.0,40,runtime_min,v_oc,0.10697745544193948
FW6_YAW5,decoupled,0.8,8.0,40,runtime_min,r_pack,-0.03291049165672129
FW6_YAW5,decoupled,0.8,8.0,40,runtime_min,r_wire,-0.007728007525334169
FW6_YAW5,decoupled,0.8,8.0,40,runtime_min,i_elec,-0.059292840365871145
FW6_YAW5,ellipse,0.2,2.0,30,margin_nm,tau_s,0.5525201600577955
FW6_YAW5,ellipse,0.2,2.0,30,margin_nm,rpm0,0.00969021885446876
FW6_YAW5,ellipse,0.2,2.0,30,margin_nm,i_s,0.011735014637223849
FW6_YAW5,ellipse,0.2,2.0,30,margin_nm,i0,-0.02369090041010004
FW6_YAW5,ellipse,0.2,2.0,30,margin_nm,r_th,-0.025060333451148158
FW6_YAW5,ellipse,0.2,2.0,30,margin_nm,cap_err,0.776204074244897
FW6_YAW5,ellipse,0.2,2.0,30,margin_nm,v_oc,0.11848285316476144
FW6_YAW5,ellipse,0.2,2.0,30,margin_nm,r_pack,-0.007843896871544095
FW6_YAW5,ellipse,0.2,2.0,30,margin_nm,r_wire,-0.004211769356863261
FW6_YAW5,ellipse,0.2,2.0,30,margin_nm,i_elec,0.007671550185727797
FW6_YAW5,ellipse,0.2,2.0,30,t_ss_c,tau_s,-0.26656594650732734
FW6_YAW5,ellipse,0.2,2.0,30,t_ss_c,rpm0,0.013949545105505012
FW6_YAW5,ellipse,0.2,2.0,30,t_ss_c,i_s,-0.06982419531379946
FW6_YAW5,ellipse,0.2,2.0,30,t_ss_c,i0,0.5511572367952484
FW6_YAW5,ellipse,0.2,2.0,30,t_ss_c,r_th,0.448823964535996
FW6_YAW5,ellipse,0.2,2.0,30,t_ss_c,cap_err,-0.04577933619770402
FW6_YAW5,ellipse,0.2,2.0,30,t_ss_c,v_oc,-0.056389076487675154
FW6_YAW5,ellipse,0.2,2.0,30,t_ss_c,r_pack,0.00359330973258997
FW6_YAW5,ellipse,0.2,2.0,30,t_ss_c,r_wire,0.041037353004150325
FW6_YAW5,ellipse,0.2,2.0,30,t_ss_c,i_elec,0.015800179088908784
FW6_YAW5,ellipse,0.2,2.0,30,i_peak_a,tau_s,-0.3210801098977899
FW6_YAW5,ellipse,0.2,2.0,30,i_peak_a,rpm0,-0.003813373757041528
FW6_YAW5,ellipse,0.2,2.0,30,i_peak_a,i_s,0.4686017102890789
FW6_YAW5,ellipse,0.2,2.0,30,i_peak_a,i0,0.7401666533518503
FW6_YAW5,ellipse,0.2,2.0,30,i_peak_a,r_th,0.03767186640798515
FW6_YAW5,ellipse,0.2,2.0,30,i_peak_a,cap_err,-0.0058059739784415525
FW6_YAW5,ellipse,0.2,2.0,30,i_peak_a,v_oc,-0.06074902763878084
FW6_YAW5,ellipse,0.2,2.0,30,i_peak_a,r_pack,0.007066899451877715
FW6_YAW5,ellipse,0.2,2.0,30,i_peak_a,r_wire,0.013505336611704066
FW6_YAW5,ellipse,0.2,2.0,30,i_peak_a,i_elec,0.2818626877625208
FW6_YAW5,ellipse,0.2,2.0,30,runtime_min,tau_s,0.22573654908183874
FW6_YAW5,ellipse,0.2,2.0,30,runtime_min,rpm0,-0.005703586855954095
FW6_YAW5,ellipse,0.2,2.0,30,runtime_min,i_s,-0.3170722694524743
FW6_YAW5,ellipse,0.2,2.0,30,runtime_min,i0,-0.6763734564859395
FW6_YAW5,ellipse,0.2,2.0,30,runtime_min,r_th,-0.03449912827768092
FW6_YAW5,ellipse,0.2,2.0,30,runtime_min,cap_err,-0.0024765433862825982
FW6_YAW5,ellipse,0.2,2.0,30,runtime_min,v_oc,0.015415195490577275
FW6_YAW5,ellipse,0.2,2.0,30,runtime_min,r_pack,-0.01416599624066625
FW6_YAW5,ellipse,0.2,2.0,30,runtime_min,r_wire,-0.000531744503527167
FW6_YAW5,ellipse,0.2,2.0,30,runtime_min,i_elec,-0.2635478737275415
FW6_YAW5,ellipse,0.2,2.0,40,margin_nm,tau_s,0.5522545618060624
FW6_YAW5,ellipse,0.2,2.0,40,margin_nm,rpm0,0.009714025968225107
FW6_YAW5,ellipse,0.2,2.0,40,margin_nm,i_s,0.012252279583586618
FW6_YAW5,ellipse,0.2,2.0,40,margin_nm,i0,-0.023748718638746513
FW6_YAW5,ellipse,0.2,2.0,40,margin_nm,r_th,-0.025038701004300105
FW6_YAW5,ellipse,0.2,2.0,40,margin_nm,cap_err,0.7764228956025438
FW6_YAW5,ellipse,0.2,2.0,40,margin_nm,v_oc,0.11835346070594006
FW6_YAW5,ellipse,0.2,2.0,40,margin_nm,r_pack,-0.007472334163592683
FW6_YAW5,ellipse,0.2,2.0,40,margin_nm,r_wire,-0.003965672885074764
FW6_YAW5,ellipse,0.2,2.0,40,margin_nm,i_elec,0.00767406351934039
FW6_YAW5,ellipse,0.2,2.0,40,t_ss_c,tau_s,-0.245715545079505
FW6_YAW5,ellipse,0.2,2.0,40,t_ss_c,rpm0,0.013823586424842934
FW6_YAW5,ellipse,0.2,2.0,40,t_ss_c,i_s,-0.0852013850223761
FW6_YAW5,ellipse,0.2,2.0,40,t_ss_c,i0,0.5521159911239989
FW6_YAW5,ellipse,0.2,2.0,40,t_ss_c,r_th,0.4350406390045154
FW6_YAW5,ellipse,0.2,2.0,40,t_ss_c,cap_err,-0.047286323920702644
FW6_YAW5,ellipse,0.2,2.0,40,t_ss_c,v_oc,-0.05142694660299406
FW6_YAW5,ellipse,0.2,2.0,40,t_ss_c,r_pack,0.00315424968380552
FW6_YAW5,ellipse,0.2,2.0,40,t_ss_c,r_wire,0.04039940671104519
FW6_YAW5,ellipse,0.2,2.0,40,t_ss_c,i_elec,0.01567375951930661
FW6_YAW5,ellipse,0.2,2.0,40,i_peak_a,tau_s,-0.30143151171461235
FW6_YAW5,ellipse,0.2,2.0,40,i_peak_a,rpm0,-0.002997126999680777
FW6_YAW5,ellipse,0.2,2.0,40,i_peak_a,i_s,0.4401619555735506
FW6_YAW5,ellipse,0.2,2.0,40,i_peak_a,i0,0.7649897156655239
FW6_YAW5,ellipse,0.2,2.0,40,i_peak_a,r_th,0.03748796460977384
FW6_YAW5,ellipse,0.2,2.0,40,i_peak_a,cap_err,-0.00743474038163782
FW6_YAW5,ellipse,0.2,2.0,40,i_peak_a,v_oc,-0.055133472348163584
FW6_YAW5,ellipse,0.2,2.0,40,i_peak_a,r_pack,0.0070125007791667525
FW6_YAW5,ellipse,0.2,2.0,40,i_peak_a,r_wire,0.013923529547058836
FW6_YAW5,ellipse,0.2,2.0,40,i_peak_a,i_elec,0.2909536452170717
FW6_YAW5,ellipse,0.2,2.0,40,runtime_min,tau_s,0.21381356020150669
FW6_YAW5,ellipse,0.2,2.0,40,runtime_min,rpm0,-0.006186437576270841
FW6_YAW5,ellipse,0.2,2.0,40,runtime_min,i_s,-0.30086195831799534
FW6_YAW5,ellipse,0.2,2.0,40,runtime_min,i0,-0.6881136600126289
FW6_YAW5,ellipse,0.2,2.0,40,runtime_min,r_th,-0.03440941004549
FW6_YAW5,ellipse,0.2,2.0,40,runtime_min,cap_err,-0.0015989575109952789
FW6_YAW5,ellipse,0.2,2.0,40,runtime_min,v_oc,0.012258102250900248
FW6_YAW5,ellipse,0.2,2.0,40,runtime_min,r_pack,-0.013783648198183132
FW6_YAW5,ellipse,0.2,2.0,40,runtime_min,r_wire,-0.0009101801011311222
FW6_YAW5,ellipse,0.2,2.0,40,runtime_min,i_elec,-0.26767730840858983
FW6_YAW5,ellipse,0.2,4.0,30,margin_nm,tau_s,0.5541715037968337
FW6_YAW5,ellipse,0.2,4.0,30,margin_nm,rpm0,0.009781261975695774
FW6_YAW5,ellipse,0.2,4.0,30,margin_nm,i_s,0.008640004071111563
FW6_YAW5,ellipse,0.2,4.0,30,margin_nm,i0,-0.02348148838683204
FW6_YAW5,ellipse,0.2,4.0,30,margin_nm,r_th,-0.025231887247987472
FW6_YAW5,ellipse,0.2,4.0,30,margin_nm,cap_err,0.7747355811928422
FW6_YAW5,ellipse,0.2,4.0,30,margin_nm,v_oc,0.11938567104285232
FW6_YAW5,ellipse,0.2,4.0,30,margin_nm,r_pack,-0.010032518892502097
FW6_YAW5,ellipse,0.2,4.0,30,margin_nm,r_wire,-0.005762464640273848
FW6_YAW5,ellipse,0.2,4.0,30,margin_nm,i_elec,0.007799501755500194
FW6_YAW5,ellipse,0.2,4.0,30,t_ss_c,tau_s,-0.4205906476211831
FW6_YAW5,ellipse,0.2,4.0,30,t_ss_c,rpm0,0.013067272118585788
FW6_YAW5,ellipse,0.2,4.0,30,t_ss_c,i_s,0.059000015888890645
FW6_YAW5,ellipse,0.2,4.0,30,t_ss_c,i0,0.509869873541097
FW6_YAW5,ellipse,0.2,4.0,30,t_ss_c,r_th,0.5348877798764199
FW6_YAW5,ellipse,0.2,4.0,30,t_ss_c,cap_err,-0.03278692142076904
FW6_YAW5,ellipse,0.2,4.0,30,t_ss_c,v_oc,-0.09510996434555158
FW6_YAW5,ellipse,0.2,4.0,30,t_ss_c,r_pack,0.0056638588515398715
FW6_YAW5,ellipse,0.2,4.0,30,t_ss_c,r_wire,0.042770123863347095
FW6_YAW5,ellipse,0.2,4.0,30,t_ss_c,i_elec,0.0127702783078087
FW6_YAW5,ellipse,0.2,4.0,30,i_peak_a,tau_s,-0.41244312049368
FW6_YAW5,ellipse,0.2,4.0,30,i_peak_a,rpm0,-0.007306768811863201
FW6_YAW5,ellipse,0.2,4.0,30,i_peak_a,i_s,0.6043597515955279
FW6_YAW5,ellipse,0.2,4.0,30,i_peak_a,i0,0.5875533635059292
FW6_YAW5,ellipse,0.2,4.0,30,i_peak_a,r_th,0.03635425159491684
FW6_YAW5,ellipse,0.2,4.0,30,i_peak_a,cap_err,0.003075411008379001
FW6_YAW5,ellipse,0.2,4.0,30,i_peak_a,v_oc,-0.088095795121755
FW6_YAW5,ellipse,0.2,4.0,30,i_peak_a,r_pack,0.007909071545452393
FW6_YAW5,ellipse,0.2,4.0,30,i_peak_a,r_wire,0.011653291961476882
FW6_YAW5,ellipse,0.2,4.0,30,i_peak_a,i_elec,0.2267017278557475
FW6_YAW5,ellipse,0.2,4.0,30,runtime_min,tau_s,0.3195705461745051
FW6_YAW5,ellipse,0.2,4.0,30,runtime_min,rpm0,-0.001464616162735129
FW6_YAW5,ellipse,0.2,4.0,30,runtime_min,i_s,-0.4499675993297332
FW6_YAW5,ellipse,0.2,4.0,30,runtime_min,i0,-0.5626895718543967
FW6_YAW5,ellipse,0.2,4.0,30,runtime_min,r_th,-0.035351466594607396
FW6_YAW5,ellipse,0.2,4.0,30,runtime_min,cap_err,-0.009974740219415579
FW6_YAW5,ellipse,0.2,4.0,30,runtime_min,v_oc,0.0411327765703085
FW6_YAW5,ellipse,0.2,4.0,30,runtime_min,r_pack,-0.016481196942355215
FW6_YAW5,ellipse,0.2,4.0,30,runtime_min,r_wire,0.0017083673009297
FW6_YAW5,ellipse,0.2,4.0,30,runtime_min,i_elec,-0.2219807375534153
FW6_YAW5,ellipse,0.2,4.0,40,margin_nm,tau_s,0.553621758846862
FW6_YAW5,ellipse,0.2,4.0,40,margin_nm,rpm0,0.009721018857890984
FW6_YAW5,ellipse,0.2,4.0,40,margin_nm,i_s,0.009724708191634242
FW6_YAW5,ellipse,0.2,4.0,40,margin_nm,i0,-0.023586643065182558
FW6_YAW5,ellipse,0.2,4.0,40,margin_nm,r_th,-0.025173712130412453
FW6_YAW5,ellipse,0.2,4.0,40,margin_nm,cap_err,0.7752347341371926
FW6_YAW5,ellipse,0.2,4.0,40,margin_nm,v_oc,0.1190755603417289
FW6_YAW5,ellipse,0.2,4.0,40,margin_nm,r_pack,-0.00923418769268752
FW6_YAW5,ellipse,0.2,4.0,40,margin_nm,r_wire,-0.005233841470426829
FW6_YAW5,ellipse,0.2,4.0,40,margin_nm,i_elec,0.007745230638358958
FW6_YAW5,ellipse,0.2,4.0,40,t_ss_c,tau_s,-0.3687640160848906
FW6_YAW5,ellipse,0.2,4.0,40,t_ss_c,rpm0,0.013775087752787527
FW6_YAW5,ellipse,0.2,4.0,40,t_ss_c,i_s,0.012223756913750767
FW6_YAW5,ellipse,0.2,4.0,40,t_ss_c,i0,0.5316308955145439
FW6_YAW5,ellipse,0.2,4.0,40,t_ss_c,r_th,0.5098683890964876
FW6_YAW5,ellipse,0.2,4.0,40,t_ss_c,cap_err,-0.03780282508920278
FW6_YAW5,ellipse,0.2,4.0,40,t_ss_c,v_oc,-0.08188209087578786
FW6_YAW5,ellipse,0.2,4.0,40,t_ss_c,r_pack,0.005045610338401148
FW6_YAW5,ellipse,0.2,4.0,40,t_ss_c,r_wire,0.043103399011488776
FW6_YAW5,ellipse,0.2,4.0,40,t_ss_c,i_elec,0.014249735361081706
FW6_YAW5,ellipse,0.2,4.0,40,i_peak_a,tau_s,-0.38723280524808945
FW6_YAW5,ellipse,0.2,4.0,40,i_peak_a,rpm0,-0.006466650051850004
FW6_YAW5,ellipse,0.2,4.0,40,i_peak_a,i_s,0.5655352557261394
FW6_YAW5,ellipse,0.2,4.0,40,i_peak_a,i0,0.6375660392851155
FW6_YAW5,ellipse,0.2,4.0,40,i_peak_a,r_th,0.03668257563139729
FW6_YAW5,ellipse,0.2,4.0,40,i_peak_a,cap_err,0.00011512401279155698
FW6_YAW5,ellipse,0.2,4.0,40,i_peak_a,v_oc,-0.07996245021805001
FW6_YAW5,ellipse,0.2,4.0,40,i_peak_a,r_pack,0.007426084825120535
FW6_YAW5,ellipse,0.2,4.0,40,i_peak_a,r_wire,0.012341052482339162
FW6_YAW5,ellipse,0.2,4.0,40,i_peak_a,i_elec,0.24497030277447804
FW6_YAW5,ellipse,0.2,4.0,40,runtime_min,tau_s,0.2947686451965161
FW6_YAW5,ellipse,0.2,4.0,40,runtime_min,rpm0,-0.0026635314070590447
FW6_YAW5,ellipse,0.2,4.0,40,runtime_min,i_s,-0.4143183344798149
FW6_YAW5,ellipse,0.2,4.0,40,runtime_min,i0,-0.5966989080776564
FW6_YAW5,ellipse,0.2,4.0,40,runtime_min,r_th,-0.03491535721281746
FW6_YAW5,ellipse,0.2,4.0,40,runtime_min,cap_err,-0.007980570220063356
FW6_YAW5,ellipse,0.2,4.0,40,runtime_min,v_oc,0.033870548207838684
FW6_YAW5,ellipse,0.2,4.0,40,runtime_min,r_pack,-0.015727378636375404
FW6_YAW5,ellipse,0.2,4.0,40,runtime_min,r_wire,0.001244839249426583
FW6_YAW5,ellipse,0.2,4.0,40,runtime_min,i_elec,-0.2348815327646147
FW6_YAW5,ellipse,0.2,8.0,30,margin_nm,tau_s,0.5565538236170914
FW6_YAW5,ellipse,0.2,8.0,30,margin_nm,rpm0,0.009905867322874146
FW6_YAW5,ellipse,0.2,8.0,30,margin_nm,i_s,0.0038547746505305162
FW6_YAW5,ellipse,0.2,8.0,30,margin_nm,i0,-0.02325602169511352
FW6_YAW5,ellipse,0.2,8.0,30,margin_nm,r_th,-0.025410023267780357
FW6_YAW5,ellipse,0.2,8.0,30,margin_nm,cap_err,0.7725737405081933
FW6_YAW5,ellipse,0.2,8.0,30,margin_nm,v_oc,0.12072098941344324
FW6_YAW5,ellipse,0.2,8.0,30,margin_nm,r_pack,-0.01333663881518209
FW6_YAW5,ellipse,0.2,8.0,30,margin_nm,r_wire,-0.007927375103041676
FW6_YAW5,ellipse,0.2,8.0,30,margin_nm,i_elec,0.007921526213502911
FW6_YAW5,ellipse,0.2,8.0,30,t_ss_c,tau_s,-0.5326325720702857
FW6_YAW5,ellipse,0.2,8.0,30,t_ss_c,rpm0,0.010563750062638896
FW6_YAW5,ellipse,0.2,8.0,30,t_ss_c,i_s,0.17512469812496642
FW6_YAW5,ellipse,0.2,8.0,30,t_ss_c,i0,0.4309153203239245
FW6_YAW5,ellipse,0.2,8.0,30,t_ss_c,r_th,0.5721938022437557
FW6_YAW5,ellipse,0.2,8.0,30,t_ss_c,cap_err,-0.019487128831903202
FW6_YAW5,ellipse,0.2,8.0,30,t_ss_c,v_oc,-0.12502344678038296
FW6_YAW5,ellipse,0.2,8.0,30,t_ss_c,r_pack,0.01079268475474275
FW6_YAW5,ellipse,0.2,8.0,30,t_ss_c,r_wire,0.04248063494229276
FW6_YAW5,ellipse,0.2,8.0,30,t_ss_c,i_elec,0.008049102672122518
FW6_YAW5,ellipse,0.2,8.0,30,i_peak_a,tau_s,-0.4745551620616846
FW6_YAW5,ellipse,0.2,8.0,30,i_peak_a,rpm0,-0.008934740103860011
FW6_YAW5,ellipse,0.2,8.0,30,i_peak_a,i_s,0.7038879310986588
FW6_YAW5,ellipse,0.2,8.0,30,i_peak_a,i0,0.4225566233951803
FW6_YAW5,ellipse,0.2,8.0,30,i_peak_a,r_th,0.03318065613118401
FW6_YAW5,ellipse,0.2,8.0,30,i_peak_a,cap_err,0.012268393807599311
FW6_YAW5,ellipse,0.2,8.0,30,i_peak_a,v_oc,-0.10972424774713861
FW6_YAW5,ellipse,0.2,8.0,30,i_peak_a,r_pack,0.0106474354052706
FW6_YAW5,ellipse,0.2,8.0,30,i_peak_a,r_wire,0.010104668233852023
FW6_YAW5,ellipse,0.2,8.0,30,i_peak_a,i_elec,0.165845685093965
FW6_YAW5,ellipse,0.2,8.0,30,runtime_min,tau_s,0.3915478626164291
FW6_YAW5,ellipse,0.2,8.0,30,runtime_min,rpm0,0.001980391331154592
FW6_YAW5,ellipse,0.2,8.0,30,runtime_min,i_s,-0.5573573610397067
FW6_YAW5,ellipse,0.2,8.0,30,runtime_min,i0,-0.44270306341145144
FW6_YAW5,ellipse,0.2,8.0,30,runtime_min,r_th,-0.035188765243196134
FW6_YAW5,ellipse,0.2,8.0,30,runtime_min,cap_err,-0.015440672826741423
FW6_YAW5,ellipse,0.2,8.0,30,runtime_min,v_oc,0.06335072881674764
FW6_YAW5,ellipse,0.2,8.0,30,runtime_min,r_pack,-0.018805896311766254
FW6_YAW5,ellipse,0.2,8.0,30,runtime_min,r_wire,0.0012082708009189776
FW6_YAW5,ellipse,0.2,8.0,30,runtime_min,i_elec,-0.1756851635205737
FW6_YAW5,ellipse,0.2,8.0,40,margin_nm,tau_s,0.5559211386579042
FW6_YAW5,ellipse,0.2,8.0,40,margin_nm,rpm0,0.009876851764094639
FW6_YAW5,ellipse,0.2,8.0,40,margin_nm,i_s,0.005002095666899518
FW6_YAW5,ellipse,0.2,8.0,40,margin_nm,i0,-0.023283622587069175
FW6_YAW5,ellipse,0.2,8.0,40,margin_nm,r_th,-0.025367757929750878
FW6_YAW5,ellipse,0.2,8.0,40,margin_nm,cap_err,0.7731511556834616
FW6_YAW5,ellipse,0.2,8.0,40,margin_nm,v_oc,0.12037428848603203
FW6_YAW5,ellipse,0.2,8.0,40,margin_nm,r_pack,-0.012516874279652698
FW6_YAW5,ellipse,0.2,8.0,40,margin_nm,r_wire,-0.0073958639328737695
FW6_YAW5,ellipse,0.2,8.0,40,margin_nm,i_elec,0.007922246658027406
FW6_YAW5,ellipse,0.2,8.0,40,t_ss_c,tau_s,-0.4999122902124766
FW6_YAW5,ellipse,0.2,8.0,40,t_ss_c,rpm0,0.011289922587769174
FW6_YAW5,ellipse,0.2,8.0,40,t_ss_c,i_s,0.1386613514068168
FW6_YAW5,ellipse,0.2,8.0,40,t_ss_c,i0,0.4596187790687532
FW6_YAW5,ellipse,0.2,8.0,40,t_ss_c,r_th,0.564094026677114
FW6_YAW5,ellipse,0.2,8.0,40,t_ss_c,cap_err,-0.023673407963711996
FW6_YAW5,ellipse,0.2,8.0,40,t_ss_c,v_oc,-0.11619952935550325
FW6_YAW5,ellipse,0.2,8.0,40,t_ss_c,r_pack,0.009389821932202435
FW6_YAW5,ellipse,0.2,8.0,40,t_ss_c,r_wire,0.042784473642719284
FW6_YAW5,ellipse,0.2,8.0,40,t_ss_c,i_elec,0.009602228622469846
FW6_YAW5,ellipse,0.2,8.0,40,i_peak_a,tau_s,-0.46408464045384884
FW6_YAW5,ellipse,0.2,8.0,40,i_peak_a,rpm0,-0.00878536808726312
FW6_YAW5,ellipse,0.2,8.0,40,i_peak_a,i_s,0.6867528594169843
FW6_YAW5,ellipse,0.2,8.0,40,i_peak_a,i0,0.45613651734850186
FW6_YAW5,ellipse,0.2,8.0,40,i_peak_a,r_th,0.033784524198280465
FW6_YAW5,ellipse,0.2,8.0,40,i_peak_a,cap_err,0.010544160282684475
FW6_YAW5,ellipse,0.2,8.0,40,i_peak_a,v_oc,-0.10600225933358437
FW6_YAW5,ellipse,0.2,8.0,40,i_peak_a,r_pack,0.009852127316903034
FW6_YAW5,ellipse,0.2,8.0,40,i_peak_a,r_wire,0.010288038476448718
FW6_YAW5,ellipse,0.2,8.0,40,i_peak_a,i_elec,0.1784583771620419
FW6_YAW5,ellipse,0.2,8.0,40,runtime_min,tau_s,0.37170572130063567
FW6_YAW5,ellipse,0.2,8.0,40,runtime_min,rpm0,0.0010436072270674694
FW6_YAW5,ellipse,0.2,8.0,40,runtime_min,i_s,-0.5270706376745152
FW6_YAW5,ellipse,0.2,8.0,40,runtime_min,i0,-0.47991062576784727
FW6_YAW5,ellipse,0.2,8.0,40,runtime_min,r_th,-0.03552487550276394
FW6_YAW5,ellipse,0.2,8.0,40,runtime_min,cap_err,-0.013859705095522784
FW6_YAW5,ellipse,0.2,8.0,40,runtime_min,v_oc,0.056850599205622125
FW6_YAW5,ellipse,0.2,8.0,40,runtime_min,r_pack,-0.01843350649261183
FW6_YAW5,ellipse,0.2,8.0,40,runtime_min,r_wire,0.0013048961449884603
FW6_YAW5,ellipse,0.2,8.0,40,runtime_min,i_elec,-0.19021259091251005
FW6_YAW5,ellipse,0.4,2.0,30,margin_nm,tau_s,0.5554923786102641
FW6_YAW5,ellipse,0.4,2.0,30,margin_nm,rpm0,0.00984780331642259
FW6_YAW5,ellipse,0.4,2.0,30,margin_nm,i_s,0.0058735962081773565
FW6_YAW5,ellipse,0.4,2.0,30,margin_nm,i0,-0.023336080815120088
FW6_YAW5,ellipse,0.4,2.0,30,margin_nm,r_th,-0.02533381837042426
FW6_YAW5,ellipse,0.4,2.0,30,margin_nm,cap_err,0.7735437690604187
FW6_YAW5,ellipse,0.4,2.0,30,margin_nm,v_oc,0.12011570623507845
FW6_YAW5,ellipse,0.4,2.0,30,margin_nm,r_pack,-0.011910015101112788
FW6_YAW5,ellipse,0.4,2.0,30,margin_nm,r_wire,-0.006999234555470506
FW6_YAW5,ellipse,0.4,2.0,30,margin_nm,i_elec,0.007898835099870567
FW6_YAW5,ellipse,0.4,2.0,30,t_ss_c,tau_s,-0.49091303276811465
FW6_YAW5,ellipse,0.4,2.0,30,t_ss_c,rpm0,0.011600720844524537
FW6_YAW5,ellipse,0.4,2.0,30,t_ss_c,i_s,0.12912768768085417
FW6_YAW5,ellipse,0.4,2.0,30,t_ss_c,i0,0.4647414103046011
FW6_YAW5,ellipse,0.4,2.0,30,t_ss_c,r_th,0.5607784174198241
FW6_YAW5,ellipse,0.4,2.0,30,t_ss_c,cap_err,-0.024815038312782034
FW6_YAW5,ellipse,0.4,2.0,30,t_ss_c,v_oc,-0.11376376775152974
FW6_YAW5,ellipse,0.4,2.0,30,t_ss_c,r_pack,0.008613593401510376
FW6_YAW5,ellipse,0.4,2.0,30,t_ss_c,r_wire,0.04277869764207751
FW6_YAW5,ellipse,0.4,2.0,30,t_ss_c,i_elec,0.01002497178055242
FW6_YAW5,ellipse,0.4,2.0,30,i_peak_a,tau_s,-0.45456117984013106
FW6_YAW5,ellipse,0.4,2.0,30,i_peak_a,rpm0,-0.008367108929678768
FW6_YAW5,ellipse,0.4,2.0,30,i_peak_a,i_s,0.6711595576843952
FW6_YAW5,ellipse,0.4,2.0,30,i_peak_a,i0,0.4843007591445287
FW6_YAW5,ellipse,0.4,2.0,30,i_peak_a,r_th,0.03436073581785953
FW6_YAW5,ellipse,0.4,2.0,30,i_peak_a,cap_err,0.00885755965083996
FW6_YAW5,ellipse,0.4,2.0,30,i_peak_a,v_oc,-0.10260815584535066
FW6_YAW5,ellipse,0.4,2.0,30,i_peak_a,r_pack,0.009332024592447176
FW6_YAW5,ellipse,0.4,2.0,30,i_peak_a,r_wire,0.010492682054742448
FW6_YAW5,ellipse,0.4,2.0,30,i_peak_a,i_elec,0.1889155365461707
FW6_YAW5,ellipse,0.4,2.0,30,runtime_min,tau_s,0.3545835260648362
FW6_YAW5,ellipse,0.4,2.0,30,runtime_min,rpm0,0.00037194404132711564
FW6_YAW5,ellipse,0.4,2.0,30,runtime_min,i_s,-0.5017168379685375
FW6_YAW5,ellipse,0.4,2.0,30,runtime_min,i0,-0.5088847129871903
FW6_YAW5,ellipse,0.4,2.0,30,runtime_min,r_th,-0.035449527938836434
FW6_YAW5,ellipse,0.4,2.0,30,runtime_min,cap_err,-0.012687848520872057
FW6_YAW5,ellipse,0.4,2.0,30,runtime_min,v_oc,0.05179856886650765
FW6_YAW5,ellipse,0.4,2.0,30,runtime_min,r_pack,-0.017888225098691677
FW6_YAW5,ellipse,0.4,2.0,30,runtime_min,r_wire,0.001328377925375325
FW6_YAW5,ellipse,0.4,2.0,30,runtime_min,i_elec,-0.20139744237749355
FW6_YAW5,ellipse,0.4,2.0,40,margin_nm,tau_s,0.5550155496683943
FW6_YAW5,ellipse,0.4,2.0,40,margin_nm,rpm0,0.00983322687035854
FW6_YAW5,ellipse,0.4,2.0,40,margin_nm,i_s,0.006881043431227047
FW6_YAW5,ellipse,0.4,2.0,40,margin_nm,i0,-0.023353285705920632
FW6_YAW5,ellipse,0.4,2.0,40,margin_nm,r_th,-0.02533056237006248
FW6_YAW5,ellipse,0.4,2.0,40,margin_nm,cap_err,0.7739746437749604
FW6_YAW5,ellipse,0.4,2.0,40,margin_nm,v_oc,0.11984636709404078
FW6_YAW5,ellipse,0.4,2.0,40,margin_nm,r_pack,-0.011217939468659939
FW6_YAW5,ellipse,0.4,2.0,40,margin_nm,r_wire,-0.0065226411691823504
FW6_YAW5,ellipse,0.4,2.0,40,margin_nm,i_elec,0.007854878650542073
FW6_YAW5,ellipse,0.4,2.0,40,t_ss_c,tau_s,-0.4674900990544554
FW6_YAW5,ellipse,0.4,2.0,40,t_ss_c,rpm0,0.012125322236146914
FW6_YAW5,ellipse,0.4,2.0,40,t_ss_c,i_s,0.10493167788129752
FW6_YAW5,ellipse,0.4,2.0,40,t_ss_c,i0,0.4818108117567568
FW6_YAW5,ellipse,0.4,2.0,40,t_ss_c,r_th,0.5529462876606986
FW6_YAW5,ellipse,0.4,2.0,40,t_ss_c,cap_err,-0.027674198186022014
FW6_YAW5,ellipse,0.4,2.0,40,t_ss_c,v_oc,-0.10736042081782453
FW6_YAW5,ellipse,0.4,2.0,40,t_ss_c,r_pack,0.007723168413685379
FW6_YAW5,ellipse,0.4,2.0,40,t_ss_c,r_wire,0.04273607897067543
FW6_YAW5,ellipse,0.4,2.0,40,t_ss_c,i_elec,0.010899410544378946
FW6_YAW5,ellipse,0.4,2.0,40,i_peak_a,tau_s,-0.44166971307441255
FW6_YAW5,ellipse,0.4,2.0,40,i_peak_a,rpm0,-0.007896042210671356
FW6_YAW5,ellipse,0.4,2.0,40,i_peak_a,i_s,0.6501782620198069
FW6_YAW5,ellipse,0.4,2.0,40,i_peak_a,i0,0.519415423935047
FW6_YAW5,ellipse,0.4,2.0,40,i_peak_a,r_th,0.03524553547172616
FW6_YAW5,ellipse,0.4,2.0,40,i_peak_a,cap_err,0.00683978209330912
FW6_YAW5,ellipse,0.4,2.0,40,i_peak_a,v_oc,-0.09807205045245004
FW6_YAW5,ellipse,0.4,2.0,40,i_peak_a,r_pack,0.008772330752481194
FW6_YAW5,ellipse,0.4,2.0,40,i_peak_a,r_wire,0.010913345657038404
FW6_YAW5,ellipse,0.4,2.0,40,i_peak_a,i_elec,0.20181516775724084
FW6_YAW5,ellipse,0.4,2.0,40,runtime_min,tau_s,0.34226934158548233
FW6_YAW5,ellipse,0.4,2.0,40,runtime_min,rpm0,-0.0003631244847916094
FW6_YAW5,ellipse,0.4,2.0,40,runtime_min,i_s,-0.48337232615248066
FW6_YAW5,ellipse,0.4,2.0,40,runtime_min,i0,-0.5285986707331856
FW6_YAW5,ellipse,0.4,2.0,40,runtime_min,r_th,-0.03539238215470912
FW6_YAW5,ellipse,0.4,2.0,40,runtime_min,cap_err,-0.011769432863270318
FW6_YAW5,ellipse,0.4,2.0,40,runtime_min,v_oc,0.047880196431132935
FW6_YAW5,ellipse,0.4,2.0,40,runtime_min,r_pack,-0.017431262825695865
FW6_YAW5,ellipse,0.4,2.0,40,runtime_min,r_wire,0.0015506695056299448
FW6_YAW5,ellipse,0.4,2.0,40,runtime_min,i_elec,-0.2091130676792297
FW6_YAW5,ellipse,0.4,4.0,30,margin_nm,tau_s,0.558859473206608
FW6_YAW5,ellipse,0.4,4.0,30,margin_nm,rpm0,0.010056104672900518
FW6_YAW5,ellipse,0.4,4.0,30,margin_nm,i_s,-0.0006492640721404524
FW6_YAW5,ellipse,0.4,4.0,30,margin_nm,i0,-0.023038770559863392
FW6_YAW5,ellipse,0.4,4.0,30,margin_nm,r_th,-0.025548021060891227
FW6_YAW5,ellipse,0.4,4.0,30,margin_nm,cap_err,0.7703895718210635
FW6_YAW5,ellipse,0.4,4.0,30,margin_nm,v_oc,0.12209975978886217
FW6_YAW5,ellipse,0.4,4.0,30,margin_nm,r_pack,-0.01655424139491571
FW6_YAW5,ellipse,0.4,4.0,30,margin_nm,r_wire,-0.009999588222176467
FW6_YAW5,ellipse,0.4,4.0,30,margin_nm,i_elec,0.0079832742203638
FW6_YAW5,ellipse,0.4,4.0,30,t_ss_c,tau_s,-0.6079720102191122
FW6_YAW5,ellipse,0.4,4.0,30,t_ss_c,rpm0,0.008152067128007458
FW6_YAW5,ellipse,0.4,4.0,30,t_ss_c,i_s,0.27658067428674155
FW6_YAW5,ellipse,0.4,4.0,30,t_ss_c,i0,0.3325252871694763
FW6_YAW5,ellipse,0.4,4.0,30,t_ss_c,r_th,0.5739556646617404
FW6_YAW5,ellipse,0.4,4.0,30,t_ss_c,cap_err,-0.0075645639516182155
FW6_YAW5,ellipse,0.4,4.0,30,t_ss_c,v_oc,-0.14758591328732368
FW6_YAW5,ellipse,0.4,4.0,30,t_ss_c,r_pack,0.016448035605337287
FW6_YAW5,ellipse,0.4,4.0,30,t_ss_c,r_wire,0.04073871030430114
FW6_YAW5,ellipse,0.4,4.0,30,t_ss_c,i_elec,0.00330244525582725
FW6_YAW5,ellipse,0.4,4.0,30,i_peak_a,tau_s,-0.5000565666729517
FW6_YAW5,ellipse,0.4,4.0,30,i_peak_a,rpm0,-0.010173292241476914
FW6_YAW5,ellipse,0.4,4.0,30,i_peak_a,i_s,0.7464396491599609
FW6_YAW5,ellipse,0.4,4.0,30,i_peak_a,i0,0.32274130208236684
FW6_YAW5,ellipse,0.4,4.0,30,i_peak_a,r_th,0.030870922985658106
FW6_YAW5,ellipse,0.4,4.0,30,i_peak_a,cap_err,0.016962417440268603
FW6_YAW5,ellipse,0.4,4.0,30,i_peak_a,v_oc,-0.11952069150229903
FW6_YAW5,ellipse,0.4,4.0,30,i_peak_a,r_pack,0.014300350922261212
FW6_YAW5,ellipse,0.4,4.0,30,i_peak_a,r_wire,0.009394717043857448
FW6_YAW5,ellipse,0.4,4.0,30,i_peak_a,i_elec,0.12719983013331443
FW6_YAW5,ellipse,0.4,4.0,30,runtime_min,tau_s,0.431863878651542
FW6_YAW5,ellipse,0.4,4.0,30,runtime_min,rpm0,0.004255853806205978
FW6_YAW5,ellipse,0.4,4.0,30,runtime_min,i_s,-0.6200113248901472
FW6_YAW5,ellipse,0.4,4.0,30,runtime_min,i0,-0.35526385102931674
FW6_YAW5,ellipse,0.4,4.0,30,runtime_min,r_th,-0.034316061590673505
FW6_YAW5,ellipse,0.4,4.0,30,runtime_min,cap_err,-0.01919847991094221
FW6_YAW5,ellipse,0.4,4.0,30,runtime_min,v_oc,0.07727004591889398
FW6_YAW5,ellipse,0.4,4.0,30,runtime_min,r_pack,-0.02106550367394485
FW6_YAW5,ellipse,0.4,4.0,30,runtime_min,r_wire,-3.144889238321026e-05
FW6_YAW5,ellipse,0.4,4.0,30,runtime_min,i_elec,-0.1411940259104473
FW6_YAW5,ellipse,0.4,4.0,40,margin_nm,tau_s,0.5576659624073291
FW6_YAW5,ellipse,0.4,4.0,40,margin_nm,rpm0,0.009947981105331233
FW6_YAW5,ellipse,0.4,4.0,40,margin_nm,i_s,0.0016347455149717234
FW6_YAW5,ellipse,0.4,4.0,40,margin_nm,i0,-0.023154095461566156
FW6_YAW5,ellipse,0.4,4.0,40,margin_nm,r_th,-0.025452078383564263
FW6_YAW5,ellipse,0.4,4.0,40,margin_nm,cap_err,0.7715201003911221
FW6_YAW5,ellipse,0.4,4.0,40,margin_nm,v_oc,0.1213883819320424
FW6_YAW5,ellipse,0.4,4.0,40,margin_nm,r_pack,-0.01492328788036532
FW6_YAW5,ellipse,0.4,4.0,40,margin_nm,r_wire,-0.008973220108135565
FW6_YAW5,ellipse,0.4,4.0,40,margin_nm,i_elec,0.007955507106167456
FW6_YAW5,ellipse,0.4,4.0,40,t_ss_c,tau_s,-0.5763138773682085
FW6_YAW5,ellipse,0.4,4.0,40,t_ss_c,rpm0,0.00928306725367414
FW6_YAW5,ellipse,0.4,4.0,40,t_ss_c,i_s,0.23067405540822836
FW6_YAW5,ellipse,0.4,4.0,40,t_ss_c,i0,0.3799433422159269
FW6_YAW5,ellipse,0.4,4.0,40,t_ss_c,r_th,0.5767165085240564
FW6_YAW5,ellipse,0.4,4.0,40,t_ss_c,cap_err,-0.013000665444518378
FW6_YAW5,ellipse,0.4,4.0,40,t_ss_c,v_oc,-0.13758325973147328
FW6_YAW5,ellipse,0.4,4.0,40,t_ss_c,r_pack,0.01388919976546664
FW6_YAW5,ellipse,0.4,4.0,40,t_ss_c,r_wire,0.04154562194951354
FW6_YAW5,ellipse,0.4,4.0,40,t_ss_c,i_elec,0.005512246390249599
FW6_YAW5,ellipse,0.4,4.0,40,i_peak_a,tau_s,-0.4893502165944685
FW6_YAW5,ellipse,0.4,4.0,40,i_peak_a,rpm0,-0.009565204618356067
FW6_YAW5,ellipse,0.4,4.0,40,i_peak_a,i_s,0.7288249516472168
FW6_YAW5,ellipse,0.4,4.0,40,i_peak_a,i0,0.36796698888522095
FW6_YAW5,ellipse,0.4,4.0,40,i_peak_a,r_th,0.031719849746649965
FW6_YAW5,ellipse,0.4,4.0,40,i_peak_a,cap_err,0.014967192329688035
FW6_YAW5,ellipse,0.4,4.0,40,i_peak_a,v_oc,-0.11522123280235919
FW6_YAW5,ellipse,0.4,4.0,40,i_peak_a,r_pack,0.012504294278254918
FW6_YAW5,ellipse,0.4,4.0,40,i_peak_a,r_wire,0.00971678107964234
FW6_YAW5,ellipse,0.4,4.0,40,i_peak_a,i_elec,0.14472278852475426
FW6_YAW5,ellipse,0.4,4.0,40,runtime_min,tau_s,0.41451926783547416
FW6_YAW5,ellipse,0.4,4.0,40,runtime_min,rpm0,0.003355611928401325
FW6_YAW5,ellipse,0.4,4.0,40,runtime_min,i_s,-0.5926202285133586
FW6_YAW5,ellipse,0.4,4.0,40,runtime_min,i0,-0.39548221905357983
FW6_YAW5,ellipse,0.4,4.0,40,runtime_min,r_th,-0.03479357497706388
FW6_YAW5,ellipse,0.4,4.0,40,runtime_min,cap_err,-0.017521901502433497
FW6_YAW5,ellipse,0.4,4.0,40,runtime_min,v_oc,0.07075925675102851
FW6_YAW5,ellipse,0.4,4.0,40,runtime_min,r_pack,-0.0199140102126678
FW6_YAW5,ellipse,0.4,4.0,40,runtime_min,r_wire,0.000628281403142378
FW6_YAW5,ellipse,0.4,4.0,40,runtime_min,i_elec,-0.15725537925059765
FW6_YAW5,ellipse,0.4,8.0,30,margin_nm,tau_s,0.5641333013481445
FW6_YAW5,ellipse,0.4,8.0,30,margin_nm,rpm0,0.01037425048602783
FW6_YAW5,ellipse,0.4,8.0,30,margin_nm,i_s,-0.011106535456281716
FW6_YAW5,ellipse,0.4,8.0,30,margin_nm,i0,-0.022486981165220125
FW6_YAW5,ellipse,0.4,8.0,30,margin_nm,r_th,-0.02578977708775301
FW6_YAW5,ellipse,0.4,8.0,30,margin_nm,cap_err,0.7651776832419647
FW6_YAW5,ellipse,0.4,8.0,30,margin_nm,v_oc,0.12512846901427432
FW6_YAW5,ellipse,0.4,8.0,30,margin_nm,r_pack,-0.023902049322449923
FW6_YAW5,ellipse,0.4,8.0,30,margin_nm,r_wire,-0.014848207427578601
FW6_YAW5,ellipse,0.4,8.0,30,margin_nm,i_elec,0.008005861778429086
FW6_YAW5,ellipse,0.4,8.0,30,t_ss_c,tau_s,-0.6542487260276361
FW6_YAW5,ellipse,0.4,8.0,30,t_ss_c,rpm0,0.00609881356653484
FW6_YAW5,ellipse,0.4,8.0,30,t_ss_c,i_s,0.36692621899180206
FW6_YAW5,ellipse,0.4,8.0,30,t_ss_c,i0,0.22929574814397197
FW6_YAW5,ellipse,0.4,8.0,30,t_ss_c,r_th,0.5491112810123645
FW6_YAW5,ellipse,0.4,8.0,30,t_ss_c,cap_err,0.0026210518467835384
FW6_YAW5,ellipse,0.4,8.0,30,t_ss_c,v_oc,-0.16531543570171506
FW6_YAW5,ellipse,0.4,8.0,30,t_ss_c,r_pack,0.02672802208089134
FW6_YAW5,ellipse,0.4,8.0,30,t_ss_c,r_wire,0.041555498395055374
FW6_YAW5,ellipse,0.4,8.0,30,t_ss_c,i_elec,-0.0011134014570446061
FW6_YAW5,ellipse,0.4,8.0,30,i_peak_a,tau_s,-0.521479238386582
FW6_YAW5,ellipse,0.4,8.0,30,i_peak_a,rpm0,-0.011471210607912289
FW6_YAW5,ellipse,0.4,8.0,30,i_peak_a,i_s,0.7814928321658701
FW6_YAW5,ellipse,0.4,8.0,30,i_peak_a,i0,0.20127745658638402
FW6_YAW5,ellipse,0.4,8.0,30,i_peak_a,r_th,0.027904709322745476
FW6_YAW5,ellipse,0.4,8.0,30,i_peak_a,cap_err,0.022342417593601952
FW6_YAW5,ellipse,0.4,8.0,30,i_peak_a,v_oc,-0.13005568245063134
FW6_YAW5,ellipse,0.4,8.0,30,i_peak_a,r_pack,0.021804399756044417
FW6_YAW5,ellipse,0.4,8.0,30,i_peak_a,r_wire,0.01128544169838241
FW6_YAW5,ellipse,0.4,8.0,30,i_peak_a,i_elec,0.07973365152596128
FW6_YAW5,ellipse,0.4,8.0,30,runtime_min,tau_s,0.4721796857977428
FW6_YAW5,ellipse,0.4,8.0,30,runtime_min,rpm0,0.007159341684371296
FW6_YAW5,ellipse,0.4,8.0,30,runtime_min,i_s,-0.6862628131403125
FW6_YAW5,ellipse,0.4,8.0,30,runtime_min,i0,-0.24017006446334044
FW6_YAW5,ellipse,0.4,8.0,30,runtime_min,r_th,-0.032566708951856545
FW6_YAW5,ellipse,0.4,8.0,30,runtime_min,cap_err,-0.02361607862400873
FW6_YAW5,ellipse,0.4,8.0,30,runtime_min,v_oc,0.09453225717025078
FW6_YAW5,ellipse,0.4,8.0,30,runtime_min,r_pack,-0.02651938161326462
FW6_YAW5,ellipse,0.4,8.0,30,runtime_min,r_wire,-0.003849447983271997
FW6_YAW5,ellipse,0.4,8.0,30,runtime_min,i_elec,-0.09499322477702496
FW6_YAW5,ellipse,0.4,8.0,40,margin_nm,tau_s,0.5628460349828928
FW6_YAW5,ellipse,0.4,8.0,40,margin_nm,rpm0,0.01023653669294852
FW6_YAW5,ellipse,0.4,8.0,40,margin_nm,i_s,-0.008388557376506374
FW6_YAW5,ellipse,0.4,8.0,40,margin_nm,i0,-0.02263835318203924
FW6_YAW5,ellipse,0.4,8.0,40,margin_nm,r_th,-0.025687055743006188
FW6_YAW5,ellipse,0.4,8.0,40,margin_nm,cap_err,0.766499263388807
FW6_YAW5,ellipse,0.4,8.0,40,margin_nm,v_oc,0.12428119425346601
FW6_YAW5,ellipse,0.4,8.0,40,margin_nm,r_pack,-0.022006202445133603
FW6_YAW5,ellipse,0.4,8.0,40,margin_nm,r_wire,-0.013683753075972561
FW6_YAW5,ellipse,0.4,8.0,40,margin_nm,i_elec,0.007921061769006862
FW6_YAW5,ellipse,0.4,8.0,40,t_ss_c,tau_s,-0.6431295967921773
FW6_YAW5,ellipse,0.4,8.0,40,t_ss_c,rpm0,0.006653358517039834
FW6_YAW5,ellipse,0.4,8.0,40,t_ss_c,i_s,0.34186908465212046
FW6_YAW5,ellipse,0.4,8.0,40,t_ss_c,i0,0.26031160314573365
FW6_YAW5,ellipse,0.4,8.0,40,t_ss_c,r_th,0.5584091322676813
FW6_YAW5,ellipse,0.4,8.0,40,t_ss_c,cap_err,-0.00010208490023165557
FW6_YAW5,ellipse,0.4,8.0,40,t_ss_c,v_oc,-0.16101678855742094
FW6_YAW5,ellipse,0.4,8.0,40,t_ss_c,r_pack,0.02402199378022153
FW6_YAW5,ellipse,0.4,8.0,40,t_ss_c,r_wire,0.04147313838590426
FW6_YAW5,ellipse,0.4,8.0,40,t_ss_c,i_elec,7.356711928523547e-05
FW6_YAW5,ellipse,0.4,8.0,40,i_peak_a,tau_s,-0.518304499811611
FW6_YAW5,ellipse,0.4,8.0,40,i_peak_a,rpm0,-0.011280000364444485
FW6_YAW5,ellipse,0.4,8.0,40,i_peak_a,i_s,0.7764381680486853
FW6_YAW5,ellipse,0.4,8.0,40,i_peak_a,i0,0.22349298083255337
FW6_YAW5,ellipse,0.4,8.0,40,i_peak_a,r_th,0.028416183157353683
FW6_YAW5,ellipse,0.4,8.0,40,i_peak_a,cap_err,0.02135351837261315
FW6_YAW5,ellipse,0.4,8.0,40,i_peak_a,v_oc,-0.12820755468972828
FW6_YAW5,ellipse,0.4,8.0,40,i_peak_a,r_pack,0.02014739157193239
FW6_YAW5,ellipse,0.4,8.0,40,i_peak_a,r_wire,0.010556750061861117
FW6_YAW5,ellipse,0.4,8.0,40,i_peak_a,i_elec,0.08846599694066631
FW6_YAW5,ellipse,0.4,8.0,40,runtime_min,tau_s,0.46248532160948014
FW6_YAW5,ellipse,0.4,8.0,40,runtime_min,rpm0,0.006273317141479682
FW6_YAW5,ellipse,0.4,8.0,40,runtime_min,i_s,-0.6698175095352787
FW6_YAW5,ellipse,0.4,8.0,40,runtime_min,i0,-0.2720106808900756
FW6_YAW5,ellipse,0.4,8.0,40,runtime_min,r_th,-0.03300490366721152
FW6_YAW5,ellipse,0.4,8.0,40,runtime_min,cap_err,-0.022253683805964864
FW6_YAW5,ellipse,0.4,8.0,40,runtime_min,v_oc,0.09023443224827024
FW6_YAW5,ellipse,0.4,8.0,40,runtime_min,r_pack,-0.02514036279337364
FW6_YAW5,ellipse,0.4,8.0,40,runtime_min,r_wire,-0.002849449205494356
FW6_YAW5,ellipse,0.4,8.0,40,runtime_min,i_elec,-0.10783177198130797
FW6_YAW5,ellipse,0.8,2.0,30,margin_nm,tau_s,0.5618383926487103
FW6_YAW5,ellipse,0.8,2.0,30,margin_nm,rpm0,0.010159570017730001
FW6_YAW5,ellipse,0.8,2.0,30,margin_nm,i_s,-0.006514262057140226
FW6_YAW5,ellipse,0.8,2.0,30,margin_nm,i0,-0.02270046474449608
FW6_YAW5,ellipse,0.8,2.0,30,margin_nm,r_th,-0.025637493959721546
FW6_YAW5,ellipse,0.8,2.0,30,margin_nm,cap_err,0.767493644832627
FW6_YAW5,ellipse,0.8,2.0,30,margin_nm,v_oc,0.12375348130594234
FW6_YAW5,ellipse,0.8,2.0,30,margin_nm,r_pack,-0.020716284079587116
FW6_YAW5,ellipse,0.8,2.0,30,margin_nm,r_wire,-0.012826108536234278
FW6_YAW5,ellipse,0.8,2.0,30,margin_nm,i_elec,0.008016764446307159
FW6_YAW5,ellipse,0.8,2.0,30,t_ss_c,tau_s,-0.6403400262600029
FW6_YAW5,ellipse,0.8,2.0,30,t_ss_c,rpm0,0.00673424874824986
FW6_YAW5,ellipse,0.8,2.0,30,t_ss_c,i_s,0.33519038302115367
FW6_YAW5,ellipse,0.8,2.0,30,t_ss_c,i0,0.26654042206004686
FW6_YAW5,ellipse,0.8,2.0,30,t_ss_c,r_th,0.5605664236184915
FW6_YAW5,ellipse,0.8,2.0,30,t_ss_c,cap_err,-0.0008339183148798127
FW6_YAW5,ellipse,0.8,2.0,30,t_ss_c,v_oc,-0.15971473196830355
FW6_YAW5,ellipse,0.8,2.0,30,t_ss_c,r_pack,0.022297820699757855
FW6_YAW5,ellipse,0.8,2.0,30,t_ss_c,r_wire,0.04080984542331615
FW6_YAW5,ellipse,0.8,2.0,30,t_ss_c,i_elec,0.000513761834862426
FW6_YAW5,ellipse,0.8,2.0,30,i_peak_a,tau_s,-0.5152767172529684
FW6_YAW5,ellipse,0.8,2.0,30,i_peak_a,rpm0,-0.011076560786284531
FW6_YAW5,ellipse,0.8,2.0,30,i_peak_a,i_s,0.771526695502966
FW6_YAW5,ellipse,0.8,2.0,30,i_peak_a,i0,0.2428115429790603
FW6_YAW5,ellipse,0.8,2.0,30,i_peak_a,r_th,0.028860091651121293
FW6_YAW5,ellipse,0.8,2.0,30,i_peak_a,cap_err,0.02052803294755921
FW6_YAW5,ellipse,0.8,2.0,30,i_peak_a,v_oc,-0.12667482118609122
FW6_YAW5,ellipse,0.8,2.0,30,i_peak_a,r_pack,0.0186995562999507
FW6_YAW5,ellipse,0.8,2.0,30,i_peak_a,r_wire,0.010137916237546247
FW6_YAW5,ellipse,0.8,2.0,30,i_peak_a,i_elec,0.09596930132992235
FW6_YAW5,ellipse,0.8,2.0,30,runtime_min,tau_s,0.4534064966007218
FW6_YAW5,ellipse,0.8,2.0,30,runtime_min,rpm0,0.005618996179888464
FW6_YAW5,ellipse,0.8,2.0,30,runtime_min,i_s,-0.6547384056376006
FW6_YAW5,ellipse,0.8,2.0,30,runtime_min,i0,-0.2992397719155302
FW6_YAW5,ellipse,0.8,2.0,30,runtime_min,r_th,-0.03357835128648347
FW6_YAW5,ellipse,0.8,2.0,30,runtime_min,cap_err,-0.021278748586527615
FW6_YAW5,ellipse,0.8,2.0,30,runtime_min,v_oc,0.0863001349222372
FW6_YAW5,ellipse,0.8,2.0,30,runtime_min,r_pack,-0.024258607584289726
FW6_YAW5,ellipse,0.8,2.0,30,runtime_min,r_wire,-0.002104351344927927
FW6_YAW5,ellipse,0.8,2.0,30,runtime_min,i_elec,-0.11861124384569376
FW6_YAW5,ellipse,0.8,2.0,40,margin_nm,tau_s,0.5607008174112018
FW6_YAW5,ellipse,0.8,2.0,40,margin_nm,rpm0,0.010106843345204815
FW6_YAW5,ellipse,0.8,2.0,40,margin_nm,i_s,-0.004330287592254176
FW6_YAW5,ellipse,0.8,2.0,40,margin_nm,i0,-0.022828542980949214
FW6_YAW5,ellipse,0.8,2.0,40,margin_nm,r_th,-0.025614967290551918
FW6_YAW5,ellipse,0.8,2.0,40,margin_nm,cap_err,0.7685941489549054
FW6_YAW5,ellipse,0.8,2.0,40,margin_nm,v_oc,0.12316115279568363
FW6_YAW5,ellipse,0.8,2.0,40,margin_nm,r_pack,-0.019210483912275988
FW6_YAW5,ellipse,0.8,2.0,40,margin_nm,r_wire,-0.011771871085763453
FW6_YAW5,ellipse,0.8,2.0,40,margin_nm,i_elec,0.007969692441076936
FW6_YAW5,ellipse,0.8,2.0,40,t_ss_c,tau_s,-0.6310845825649536
FW6_YAW5,ellipse,0.8,2.0,40,t_ss_c,rpm0,0.007020845668982851
FW6_YAW5,ellipse,0.8,2.0,40,t_ss_c,i_s,0.31645985782887304
FW6_YAW5,ellipse,0.8,2.0,40,t_ss_c,i0,0.288210994245666
FW6_YAW5,ellipse,0.8,2.0,40,t_ss_c,r_th,0.565830170870019
FW6_YAW5,ellipse,0.8,2.0,40,t_ss_c,cap_err,-0.0027209380801042305
FW6_YAW5,ellipse,0.8,2.0,40,t_ss_c,v_oc,-0.156054322228258
FW6_YAW5,ellipse,0.8,2.0,40,t_ss_c,r_pack,0.020075302230589134
FW6_YAW5,ellipse,0.8,2.0,40,t_ss_c,r_wire,0.040510828056758666
FW6_YAW5,ellipse,0.8,2.0,40,t_ss_c,i_elec,0.001348445483160609
FW6_YAW5,ellipse,0.8,2.0,40,i_peak_a,tau_s,-0.5108832852092539
FW6_YAW5,ellipse,0.8,2.0,40,i_peak_a,rpm0,-0.010747273194141463
FW6_YAW5,ellipse,0.8,2.0,40,i_peak_a,i_s,0.7644085031565003
FW6_YAW5,ellipse,0.8,2.0,40,i_peak_a,i0,0.26816769646307737
FW6_YAW5,ellipse,0.8,2.0,40,i_peak_a,r_th,0.029470377941153102
FW6_YAW5,ellipse,0.8,2.0,40,i_peak_a,cap_err,0.01928660658740073
FW6_YAW5,ellipse,0.8,2.0,40,i_peak_a,v_oc,-0.12462448273605362
FW6_YAW5,ellipse,0.8,2.0,40,i_peak_a,r_pack,0.01717921124213458
FW6_YAW5,ellipse,0.8,2.0,40,i_peak_a,r_wire,0.009831672203519133
FW6_YAW5,ellipse,0.8,2.0,40,i_peak_a,i_elec,0.10589636598848509
FW6_YAW5,ellipse,0.8,2.0,40,runtime_min,tau_s,0.446253385139265
FW6_YAW5,ellipse,0.8,2.0,40,runtime_min,rpm0,0.005249573916619323
FW6_YAW5,ellipse,0.8,2.0,40,runtime_min,i_s,-0.6430855678983963
FW6_YAW5,ellipse,0.8,2.0,40,runtime_min,i0,-0.31892986743665186
FW6_YAW5,ellipse,0.8,2.0,40,runtime_min,r_th,-0.03381537797948644
FW6_YAW5,ellipse,0.8,2.0,40,runtime_min,cap_err,-0.020496475166275015
FW6_YAW5,ellipse,0.8,2.0,40,runtime_min,v_oc,0.08309023545447058
FW6_YAW5,ellipse,0.8,2.0,40,runtime_min,r_pack,-0.023169197241021913
FW6_YAW5,ellipse,0.8,2.0,40,runtime_min,r_wire,-0.0013938694882077206
FW6_YAW5,ellipse,0.8,2.0,40,runtime_min,i_elec,-0.12658484250942692
FW6_YAW5,ellipse,0.8,4.0,30,margin_nm,tau_s,0.5693585343731704
FW6_YAW5,ellipse,0.8,4.0,30,margin_nm,rpm0,0.010743072749230302
FW6_YAW5,ellipse,0.8,4.0,30,margin_nm,i_s,-0.021522232169136905
FW6_YAW5,ellipse,0.8,4.0,30,margin_nm,i0,-0.02198234244248249
FW6_YAW5,ellipse,0.8,4.0,30,margin_nm,r_th,-0.02611071712341301
FW6_YAW5,ellipse,0.8,4.0,30,margin_nm,cap_err,0.7595971626219067
FW6_YAW5,ellipse,0.8,4.0,30,margin_nm,v_oc,0.12827838091982008
FW6_YAW5,ellipse,0.8,4.0,30,margin_nm,r_pack,-0.03118364879818319
FW6_YAW5,ellipse,0.8,4.0,30,margin_nm,r_wire,-0.019880472875608096
FW6_YAW5,ellipse,0.8,4.0,30,margin_nm,i_elec,0.008235773803974866
FW6_YAW5,ellipse,0.8,4.0,30,t_ss_c,tau_s,-0.6738099793122199
FW6_YAW5,ellipse,0.8,4.0,30,t_ss_c,rpm0,0.0046850436316715136
FW6_YAW5,ellipse,0.8,4.0,30,t_ss_c,i_s,0.4279491902165767
FW6_YAW5,ellipse,0.8,4.0,30,t_ss_c,i0,0.14756028528447612
FW6_YAW5,ellipse,0.8,4.0,30,t_ss_c,r_th,0.5156919941879993
FW6_YAW5,ellipse,0.8,4.0,30,t_ss_c,cap_err,0.009011629445736604
FW6_YAW5,ellipse,0.8,4.0,30,t_ss_c,v_oc,-0.17496390477376716
FW6_YAW5,ellipse,0.8,4.0,30,t_ss_c,r_pack,0.035931983992442657
FW6_YAW5,ellipse,0.8,4.0,30,t_ss_c,r_wire,0.04305560656173406
FW6_YAW5,ellipse,0.8,4.0,30,t_ss_c,i_elec,-0.003981011997890221
FW6_YAW5,ellipse,0.8,4.0,30,i_peak_a,tau_s,-0.5285099507233277
FW6_YAW5,ellipse,0.8,4.0,30,i_peak_a,rpm0,-0.012183684464853826
FW6_YAW5,ellipse,0.8,4.0,30,i_peak_a,i_s,0.7924596231621802
FW6_YAW5,ellipse,0.8,4.0,30,i_peak_a,i0,0.14001740000193333
FW6_YAW5,ellipse,0.8,4.0,30,i_peak_a,r_th,0.02631654159072684
FW6_YAW5,ellipse,0.8,4.0,30,i_peak_a,cap_err,0.02487545787505087
FW6_YAW5,ellipse,0.8,4.0,30,i_peak_a,v_oc,-0.13498701099855676
FW6_YAW5,ellipse,0.8,4.0,30,i_peak_a,r_pack,0.028440479160053236
FW6_YAW5,ellipse,0.8,4.0,30,i_peak_a,r_wire,0.014666316296257365
FW6_YAW5,ellipse,0.8,4.0,30,i_peak_a,i_elec,0.05530533325614813
FW6_YAW5,ellipse,0.8,4.0,30,runtime_min,tau_s,0.49004648467183154
FW6_YAW5,ellipse,0.8,4.0,30,runtime_min,rpm0,0.008763112529234724
FW6_YAW5,ellipse,0.8,4.0,30,runtime_min,i_s,-0.7164525698280632
FW6_YAW5,ellipse,0.8,4.0,30,runtime_min,i0,-0.1733342170371352
FW6_YAW5,ellipse,0.8,4.0,30,runtime_min,r_th,-0.03110621634513515
FW6_YAW5,ellipse,0.8,4.0,30,runtime_min,cap_err,-0.025776776197419575
FW6_YAW5,ellipse,0.8,4.0,30,runtime_min,v_oc,0.10434881692764632
FW6_YAW5,ellipse,0.8,4.0,30,runtime_min,r_pack,-0.032136522681835845
FW6_YAW5,ellipse,0.8,4.0,30,runtime_min,r_wire,-0.00744979416108824
FW6_YAW5,ellipse,0.8,4.0,30,runtime_min,i_elec,-0.06792425821380646
FW6_YAW5,ellipse,0.8,4.0,40,margin_nm,tau_s,0.5666277976253108
FW6_YAW5,ellipse,0.8,4.0,40,margin_nm,rpm0,0.01059596384399598
FW6_YAW5,ellipse,0.8,4.0,40,margin_nm,i_s,-0.01612239112471012
FW6_YAW5,ellipse,0.8,4.0,40,margin_nm,i0,-0.02221004380111597
FW6_YAW5,ellipse,0.8,4.0,40,margin_nm,r_th,-0.025899503766611525
FW6_YAW5,ellipse,0.8,4.0,40,margin_nm,cap_err,0.7625209745023304
FW6_YAW5,ellipse,0.8,4.0,40,margin_nm,v_oc,0.12675273052808114
FW6_YAW5,ellipse,0.8,4.0,40,margin_nm,r_pack,-0.027419994157777124
FW6_YAW5,ellipse,0.8,4.0,40,margin_nm,r_wire,-0.017339296593255175
FW6_YAW5,ellipse,0.8,4.0,40,margin_nm,i_elec,0.00810859112317679
FW6_YAW5,ellipse,0.8,4.0,40,t_ss_c,tau_s,-0.6669068136563125
FW6_YAW5,ellipse,0.8,4.0,40,t_ss_c,rpm0,0.005345308149478683
FW6_YAW5,ellipse,0.8,4.0,40,t_ss_c,i_s,0.401756039750671
FW6_YAW5,ellipse,0.8,4.0,40,t_ss_c,i0,0.1830493030054781
FW6_YAW5,ellipse,0.8,4.0,40,t_ss_c,r_th,0.5318105164233906
FW6_YAW5,ellipse,0.8,4.0,40,t_ss_c,cap_err,0.0065297900588655615
FW6_YAW5,ellipse,0.8,4.0,40,t_ss_c,v_oc,-0.17117873901985986
FW6_YAW5,ellipse,0.8,4.0,40,t_ss_c,r_pack,0.031302780811420086
FW6_YAW5,ellipse,0.8,4.0,40,t_ss_c,r_wire,0.04210836378981819
FW6_YAW5,ellipse,0.8,4.0,40,t_ss_c,i_elec,-0.0027717420857491207
FW6_YAW5,ellipse,0.8,4.0,40,i_peak_a,tau_s,-0.5257102833011426
FW6_YAW5,ellipse,0.8,4.0,40,i_peak_a,rpm0,-0.011919511546612393
FW6_YAW5,ellipse,0.8,4.0,40,i_peak_a,i_s,0.7881957200217466
FW6_YAW5,ellipse,0.8,4.0,40,i_peak_a,i0,0.1669718096635344
FW6_YAW5,ellipse,0.8,4.0,40,i_peak_a,r_th,0.02699123855458206
FW6_YAW5,ellipse,0.8,4.0,40,i_peak_a,cap_err,0.023756991084110116
FW6_YAW5,ellipse,0.8,4.0,40,i_peak_a,v_oc,-0.13282924809213867
FW6_YAW5,ellipse,0.8,4.0,40,i_peak_a,r_pack,0.025069713896634874
FW6_YAW5,ellipse,0.8,4.0,40,i_peak_a,r_wire,0.012887617876401986
FW6_YAW5,ellipse,0.8,4.0,40,i_peak_a,i_elec,0.06617304246367138
FW6_YAW5,ellipse,0.8,4.0,40,runtime_min,tau_s,0.48268993363221474
FW6_YAW5,ellipse,0.8,4.0,40,runtime_min,rpm0,0.00814872757208084
FW6_YAW5,ellipse,0.8,4.0,40,runtime_min,i_s,-0.7040914057879339
FW6_YAW5,ellipse,0.8,4.0,40,runtime_min,i0,-0.20234924381658265
FW6_YAW5,ellipse,0.8,4.0,40,runtime_min,r_th,-0.03187016976335219
FW6_YAW5,ellipse,0.8,4.0,40,runtime_min,cap_err,-0.02508561123173458
FW6_YAW5,ellipse,0.8,4.0,40,runtime_min,v_oc,0.10001945644660626
FW6_YAW5,ellipse,0.8,4.0,40,runtime_min,r_pack,-0.029431549936838875
FW6_YAW5,ellipse,0.8,4.0,40,runtime_min,r_wire,-0.005895877099541899
FW6_YAW5,ellipse,0.8,4.0,40,runtime_min,i_elec,-0.07971647285738585
FW6_YAW5,ellipse,0.8,8.0,30,margin_nm,tau_s,0.5813784943753881
FW6_YAW5,ellipse,0.8,8.0,30,margin_nm,rpm0,0.011741343082371451
FW6_YAW5,ellipse,0.8,8.0,30,margin_nm,i_s,-0.04706042211782467
FW6_YAW5,ellipse,0.8,8.0,30,margin_nm,i0,-0.020231798692422073
FW6_YAW5,ellipse,0.8,8.0,30,margin_nm,r_th,-0.026855749650638847
FW6_YAW5,ellipse,0.8,8.0,30,margin_nm,cap_err,0.7448484663164961
FW6_YAW5,ellipse,0.8,8.0,30,margin_nm,v_oc,0.1357337199704133
FW6_YAW5,ellipse,0.8,8.0,30,margin_nm,r_pack,-0.049332476148052896
FW6_YAW5,ellipse,0.8,8.0,30,margin_nm,r_wire,-0.03187708265300918
FW6_YAW5,ellipse,0.8,8.0,30,margin_nm,i_elec,0.008701647189071909
FW6_YAW5,ellipse,0.8,8.0,30,t_ss_c,tau_s,-0.6793136812570757
FW6_YAW5,ellipse,0.8,8.0,30,t_ss_c,rpm0,0.003214865246096138
FW6_YAW5,ellipse,0.8,8.0,30,t_ss_c,i_s,0.4794380310486701
FW6_YAW5,ellipse,0.8,8.0,30,t_ss_c,i0,0.08182919486991053
FW6_YAW5,ellipse,0.8,8.0,30,t_ss_c,r_th,0.47361512951279205
FW6_YAW5,ellipse,0.8,8.0,30,t_ss_c,cap_err,0.014191810465756717
FW6_YAW5,ellipse,0.8,8.0,30,t_ss_c,v_oc,-0.1828408403156489
FW6_YAW5,ellipse,0.8,8.0,30,t_ss_c,r_pack,0.05471525541280615
FW6_YAW5,ellipse,0.8,8.0,30,t_ss_c,r_wire,0.05195816132868458
FW6_YAW5,ellipse,0.8,8.0,30,t_ss_c,i_elec,-0.006570488730054303
FW6_YAW5,ellipse,0.8,8.0,30,i_peak_a,tau_s,-0.5332656605850733
FW6_YAW5,ellipse,0.8,8.0,30,i_peak_a,rpm0,-0.013251289472365495
FW6_YAW5,ellipse,0.8,8.0,30,i_peak_a,i_s,0.7987470167496684
FW6_YAW5,ellipse,0.8,8.0,30,i_peak_a,i0,0.07186790220754467
FW6_YAW5,ellipse,0.8,8.0,30,i_peak_a,r_th,0.024768448974272106
FW6_YAW5,ellipse,0.8,8.0,30,i_peak_a,cap_err,0.0277001479666831
FW6_YAW5,ellipse,0.8,8.0,30,i_peak_a,v_oc,-0.14138658059850895
FW6_YAW5,ellipse,0.8,8.0,30,i_peak_a,r_pack,0.04342020482446719
FW6_YAW5,ellipse,0.8,8.0,30,i_peak_a,r_wire,0.023491663054629224
FW6_YAW5,ellipse,0.8,8.0,30,i_peak_a,i_elec,0.027734624859402757
FW6_YAW5,ellipse,0.8,8.0,30,runtime_min,tau_s,0.5057618886402098
FW6_YAW5,ellipse,0.8,8.0,30,runtime_min,rpm0,0.010380289597809955
FW6_YAW5,ellipse,0.8,8.0,30,runtime_min,i_s,-0.7432746985860775
FW6_YAW5,ellipse,0.8,8.0,30,runtime_min,i0,-0.09821351713483521
FW6_YAW5,ellipse,0.8,8.0,30,runtime_min,r_th,-0.029438354382039372
FW6_YAW5,ellipse,0.8,8.0,30,runtime_min,cap_err,-0.027970330663370072
FW6_YAW5,ellipse,0.8,8.0,30,runtime_min,v_oc,0.11629429381047707
FW6_YAW5,ellipse,0.8,8.0,30,runtime_min,r_pack,-0.04573688997076555
FW6_YAW5,ellipse,0.8,8.0,30,runtime_min,r_wire,-0.016621455624606176
FW6_YAW5,ellipse,0.8,8.0,30,runtime_min,i_elec,-0.037097342344149145
FW6_YAW5,ellipse,0.8,8.0,40,margin_nm,tau_s,0.5783887927098658
FW6_YAW5,ellipse,0.8,8.0,40,margin_nm,rpm0,0.011727800414200044
FW6_YAW5,ellipse,0.8,8.0,40,margin_nm,i_s,-0.040489840054426664
FW6_YAW5,ellipse,0.8,8.0,40,margin_nm,i0,-0.020531781836864646
FW6_YAW5,ellipse,0.8,8.0,40,margin_nm,r_th,-0.02672773052530339
FW6_YAW5,ellipse,0.8,8.0,40,margin_nm,cap_err,0.7487072947452549
FW6_YAW5,ellipse,0.8,8.0,40,margin_nm,v_oc,0.13386384865153872
FW6_YAW5,ellipse,0.8,8.0,40,margin_nm,r_pack,-0.04460450717827857
FW6_YAW5,ellipse,0.8,8.0,40,margin_nm,r_wire,-0.02896517299613033
FW6_YAW5,ellipse,0.8,8.0,40,margin_nm,i_elec,0.00858010228667803
FW6_YAW5,ellipse,0.8,8.0,40,t_ss_c,tau_s,-0.6786021931780213
FW6_YAW5,ellipse,0.8,8.0,40,t_ss_c,rpm0,0.0037024275224919463
FW6_YAW5,ellipse,0.8,8.0,40,t_ss_c,i_s,0.466185307353923
FW6_YAW5,ellipse,0.8,8.0,40,t_ss_c,i0,0.0997100119677791
FW6_YAW5,ellipse,0.8,8.0,40,t_ss_c,r_th,0.485410761934529
FW6_YAW5,ellipse,0.8,8.0,40,t_ss_c,cap_err,0.012869508985500995
FW6_YAW5,ellipse,0.8,8.0,40,t_ss_c,v_oc,-0.18094194943799438
FW6_YAW5,ellipse,0.8,8.0,40,t_ss_c,r_pack,0.050299629588847726
FW6_YAW5,ellipse,0.8,8.0,40,t_ss_c,r_wire,0.04975204686133853
FW6_YAW5,ellipse,0.8,8.0,40,t_ss_c,i_elec,-0.006057222895246987
FW6_YAW5,ellipse,0.8,8.0,40,i_peak_a,tau_s,-0.5328477023164112
FW6_YAW5,ellipse,0.8,8.0,40,i_peak_a,rpm0,-0.012854536094948453
FW6_YAW5,ellipse,0.8,8.0,40,i_peak_a,i_s,0.7980849726761079
FW6_YAW5,ellipse,0.8,8.0,40,i_peak_a,i0,0.08379886175542908
FW6_YAW5,ellipse,0.8,8.0,40,i_peak_a,r_th,0.02496477388497487
FW6_YAW5,ellipse,0.8,8.0,40,i_peak_a,cap_err,0.027252983472553716
FW6_YAW5,ellipse,0.8,8.0,40,i_peak_a,v_oc,-0.14003182578131396
FW6_YAW5,ellipse,0.8,8.0,40,i_peak_a,r_pack,0.039678289297587696
FW6_YAW5,ellipse,0.8,8.0,40,i_peak_a,r_wire,0.021114845012760553
FW6_YAW5,ellipse,0.8,8.0,40,i_peak_a,i_elec,0.03261595029066114
FW6_YAW5,ellipse,0.8,8.0,40,runtime_min,tau_s,0.5020632775625863
FW6_YAW5,ellipse,0.8,8.0,40,runtime_min,rpm0,0.010027326447480715
FW6_YAW5,ellipse,0.8,8.0,40,runtime_min,i_s,-0.7373863352651483
FW6_YAW5,ellipse,0.8,8.0,40,runtime_min,i0,-0.11737506770834084
FW6_YAW5,ellipse,0.8,8.0,40,runtime_min,r_th,-0.029907263323029253
FW6_YAW5,ellipse,0.8,8.0,40,runtime_min,cap_err,-0.027422047935783102
FW6_YAW5,ellipse,0.8,8.0,40,runtime_min,v_oc,0.11332930325881146
FW6_YAW5,ellipse,0.8,8.0,40,runtime_min,r_pack,-0.042312712256968026
FW6_YAW5,ellipse,0.8,8.0,40,runtime_min,r_wire,-0.014304230033803336
FW6_YAW5,ellipse,0.8,8.0,40,runtime_min,i_elec,-0.04489778632197625
