c_floor,c_texture_contrast,c_floor_height_sigma_mm,c_blur_sigma_px,c_ambient_lux,c_ambient_drift,c_auto_exposure,c_shot_noise_k,c_line_width_mm,c_line_scatter_mm,c_raking_led_height_mm,c_cam_height_err_mm,c_cam_pitch_err_deg,c_fov_err_deg,c_aim_err_mm,c_clutter,c_sides,c_pose_from_line,c_reaim,target,negative,seed,patrol,inspect,fa_patrol,fa_inspect,height_est,height_reason,diameter_est,critical_flag,loc_err_mm
wood,1.0,0.0,0.0,8.0,0.0,False,0.0,3.0,0.0,6.0,0.0,0.0,0.0,0.0,False,True,True,False,coin_1yen,,0,True,True,0,0,1.4422672181255276,measured,18.38645127841774,False,9.777200565516944
wood,1.0,0.0,0.0,8.0,0.0,False,0.0,3.0,0.0,6.0,0.0,0.0,0.0,0.0,False,True,True,False,coin_10yen,,1,True,True,0,0,0.7208946323165186,measured,17.20192246733948,False,17.049918162518445
wood,1.0,0.0,0.0,8.0,0.0,False,0.0,3.0,0.0,6.0,0.0,0.0,0.0,0.0,False,True,True,False,button_cr2032,,2,True,True,0,0,,specular_break,18.138210049055655,True,10.153564164760812
wood,1.0,0.0,0.0,8.0,0.0,False,0.0,3.0,0.0,6.0,0.0,0.0,0.0,0.0,False,True,True,False,button_lr44,,3,True,True,0,0,,specular_break,11.204181288334333,True,5.921968377213232
wood,1.0,0.0,0.0,8.0,0.0,False,0.0,3.0,0.0,6.0,0.0,0.0,0.0,0.0,False,True,True,False,bead_6,,4,True,True,0,0,,specular_break,6.667077599679816,True,20.56405895586514
wood,1.0,0.0,0.0,8.0,0.0,False,0.0,3.0,0.0,6.0,0.0,0.0,0.0,0.0,False,True,True,False,bead_10_dark,,5,True,True,0,0,,specular_break,12.32710156574814,True,5.8871045424724215
wood,1.0,0.0,0.0,8.0,0.0,False,0.0,3.0,0.0,6.0,0.0,0.0,0.0,0.0,False,True,True,False,magnet_disc_10x3,,6,True,True,0,0,,specular_break,9.734143048424597,True,3.263070127564006
wood,1.0,0.0,0.0,8.0,0.0,False,0.0,3.0,0.0,6.0,0.0,0.0,0.0,0.0,False,True,True,False,magnet_ball_5,,7,True,True,0,0,,specular_break,4.178040636262877,True,14.237633651910471
wood,1.0,0.0,0.0,8.0,0.0,False,0.0,3.0,0.0,6.0,0.0,0.0,0.0,0.0,False,True,True,False,pill_8,,8,True,True,0,0,2.4101362417908305,measured,7.93490375348779,False,4.018406823693704
wood,1.0,0.0,0.0,8.0,0.0,False,0.0,3.0,0.0,6.0,0.0,0.0,0.0,0.0,False,True,True,False,plastic_part_8,,9,True,True,0,0,2.7133917318337666,measured,8.209857552657377,True,4.724035537161922
wood,1.0,0.0,0.0,8.0,0.0,False,0.0,3.0,0.0,6.0,0.0,0.0,0.0,0.0,False,True,True,False,floor_colored_12,,10,True,True,0,0,0.4809412226878145,measured,11.502850281066157,False,5.739680169228808
wood,1.0,0.0,0.0,8.0,0.0,False,0.0,3.0,0.0,6.0,0.0,0.0,0.0,0.0,False,True,True,False,,empty,11,False,False,0,0,,,,False,
wood,1.0,0.0,0.0,8.0,0.0,False,0.0,3.0,0.0,6.0,0.0,0.0,0.0,0.0,False,True,True,False,,stain,12,False,False,0,0,,,,False,
wood,1.0,0.0,0.0,8.0,0.0,False,0.0,3.0,0.0,6.0,0.0,0.0,0.0,0.0,False,True,True,False,,seam,13,False,False,0,0,,,,False,
wood,1.0,0.0,0.0,8.0,0.0,False,0.0,3.0,0.0,6.0,0.0,0.0,0.0,0.0,False,True,True,False,coin_1yen,,14,True,True,0,0,1.4515321796280833,measured,18.363805767031995,False,9.979948098999216
wood,1.0,0.0,0.0,8.0,0.0,False,0.0,3.0,0.0,6.0,0.0,0.0,0.0,0.0,False,True,True,False,coin_10yen,,15,True,True,0,0,0.7196470704040046,measured,17.268641290329683,False,18.762851830851382
wood,1.0,0.0,0.0,8.0,0.0,False,0.0,3.0,0.0,6.0,0.0,0.0,0.0,0.0,False,True,True,False,button_cr2032,,16,True,True,0,0,,specular_break,18.27221185202208,True,10.098650788664612
wood,1.0,0.0,0.0,8.0,0.0,False,0.0,3.0,0.0,6.0,0.0,0.0,0.0,0.0,False,True,True,False,button_lr44,,17,True,True,0,0,,specular_break,11.52791274462276,True,5.904923828583547
wood,1.0,0.0,0.0,8.0,0.0,False,0.0,3.0,0.0,6.0,0.0,0.0,0.0,0.0,False,True,True,False,bead_6,,18,True,True,0,0,,specular_break,7.000908554061587,True,14.116749984973458
wood,1.0,0.0,0.0,8.0,0.0,False,0.0,3.0,0.0,6.0,0.0,0.0,0.0,0.0,False,True,True,False,bead_10_dark,,19,True,True,0,0,,specular_break,12.4996760168063,True,5.407177240023629
wood,1.0,0.0,0.0,8.0,0.0,False,0.0,3.0,0.0,6.0,0.0,0.0,0.0,0.0,False,True,True,False,magnet_disc_10x3,,20,True,True,0,0,,specular_break,9.796758755764168,True,3.5602363689361622
wood,1.0,0.0,0.0,8.0,0.0,False,0.0,3.0,0.0,6.0,0.0,0.0,0.0,0.0,False,True,True,False,magnet_ball_5,,21,True,True,0,0,,specular_break,4.51744162616792,True,11.795281861138822
wood,1.0,0.0,0.0,8.0,0.0,False,0.0,3.0,0.0,6.0,0.0,0.0,0.0,0.0,False,True,True,False,pill_8,,22,True,True,0,0,2.4049016759110717,measured,7.872006888297905,False,4.067572903779058
wood,1.0,0.0,0.0,8.0,0.0,False,0.0,3.0,0.0,6.0,0.0,0.0,0.0,0.0,False,True,True,False,plastic_part_8,,23,True,True,0,0,2.747404063333054,measured,7.899709797932632,True,4.183854653403142
wood,1.0,0.0,0.0,8.0,0.0,False,0.0,3.0,0.0,6.0,0.0,0.0,0.0,0.0,False,True,True,False,floor_colored_12,,24,True,True,0,0,0.6162318243628881,measured,11.37324867048484,False,5.818742876869936
wood,1.0,0.0,0.0,8.0,0.0,False,0.0,3.0,0.0,6.0,0.0,0.0,0.0,0.0,False,True,True,False,,empty,25,False,False,0,0,,,,False,
wood,1.0,0.0,0.0,8.0,0.0,False,0.0,3.0,0.0,6.0,0.0,0.0,0.0,0.0,False,True,True,False,,stain,26,False,False,0,0,,,,False,
wood,1.0,0.0,0.0,8.0,0.0,False,0.0,3.0,0.0,6.0,0.0,0.0,0.0,0.0,False,True,True,False,,seam,27,False,False,0,0,,,,False,
wood,1.0,0.0,0.0,8.0,0.0,False,0.0,3.0,0.0,6.0,0.0,0.0,0.0,0.0,False,True,True,False,coin_1yen,,28,True,True,0,0,1.471212768694322,measured,18.612931518457636,False,9.621456840127966
wood,1.0,0.0,0.0,8.0,0.0,False,0.0,3.0,0.0,6.0,0.0,0.0,0.0,0.0,False,True,True,False,coin_10yen,,29,True,True,0,0,0.7644963416040387,measured,20.07960269445917,False,11.787943501610435
wood,1.0,0.0,0.0,8.0,0.0,False,0.0,3.0,0.0,6.0,0.0,0.0,0.0,0.0,False,True,True,False,button_cr2032,,30,True,True,0,0,,specular_break,18.21244285142547,True,9.872241936589548
wood,1.0,0.0,0.0,8.0,0.0,False,0.0,3.0,0.0,6.0,0.0,0.0,0.0,0.0,False,True,True,False,button_lr44,,31,True,True,0,0,,specular_break,11.331241255880277,True,6.3114934635051965
wood,1.0,0.0,0.0,8.0,0.0,False,0.0,3.0,0.0,6.0,0.0,0.0,0.0,0.0,False,True,True,False,bead_6,,32,True,True,0,0,,specular_break,7.075630343129815,True,11.36201799731496
wood,1.0,0.0,0.0,8.0,0.0,False,0.0,3.0,0.0,6.0,0.0,0.0,0.0,0.0,False,True,True,False,bead_10_dark,,33,True,True,0,0,,specular_break,12.52362934410978,True,5.506661454541529
wood,1.0,0.0,0.0,8.0,0.0,False,0.0,3.0,0.0,6.0,0.0,0.0,0.0,0.0,False,True,True,False,magnet_disc_10x3,,34,True,True,0,0,,specular_break,9.570661334272733,True,4.154107857928887
wood,1.0,0.0,0.0,8.0,0.0,False,0.0,3.0,0.0,6.0,0.0,0.0,0.0,0.0,False,True,True,False,magnet_ball_5,,35,True,True,0,0,,specular_break,4.714422677384662,True,9.132796650652029
wood,1.0,0.0,0.0,8.0,0.0,False,0.0,3.0,0.0,6.0,0.0,0.0,0.0,0.0,False,True,True,False,pill_8,,36,True,True,0,0,2.461439492471202,measured,7.908777605544375,False,4.049502742626637
wood,1.0,0.0,0.0,8.0,0.0,False,0.0,3.0,0.0,6.0,0.0,0.0,0.0,0.0,False,True,True,False,plastic_part_8,,37,True,True,0,0,2.676412974782142,measured,8.068059371382345,True,4.2775947511685075
wood,1.0,0.0,0.0,8.0,0.0,False,0.0,3.0,0.0,6.0,0.0,0.0,0.0,0.0,False,True,True,False,floor_colored_12,,38,True,True,0,0,0.5568024897937214,measured,11.521942329772402,False,5.903508962312642
wood,1.0,0.0,0.0,8.0,0.0,False,0.0,3.0,0.0,6.0,0.0,0.0,0.0,0.0,False,True,True,False,,empty,39,False,False,0,0,,,,False,
wood,1.0,0.0,0.0,8.0,0.0,False,0.0,3.0,0.0,6.0,0.0,0.0,0.0,0.0,False,True,True,False,,stain,40,False,False,0,0,,,,False,
wood,1.0,0.0,0.0,8.0,0.0,False,0.0,3.0,0.0,6.0,0.0,0.0,0.0,0.0,False,True,True,False,,seam,41,False,False,0,0,,,,False,
tile,1.0,0.0,0.0,8.0,0.0,False,0.0,3.0,0.0,6.0,0.0,0.0,0.0,0.0,False,True,True,False,coin_1yen,,1000,True,True,0,0,0.7277520056624542,measured,15.210426254080076,False,14.385851202584563
tile,1.0,0.0,0.0,8.0,0.0,False,0.0,3.0,0.0,6.0,0.0,0.0,0.0,0.0,False,True,True,False,coin_10yen,,1001,True,True,0,0,0.7134038957284687,measured,17.126786119490685,False,17.963273370330963
tile,1.0,0.0,0.0,8.0,0.0,False,0.0,3.0,0.0,6.0,0.0,0.0,0.0,0.0,False,True,True,False,button_cr2032,,1002,True,True,0,0,,specular_break,45.047998737060496,False,47.10778274795079
tile,1.0,0.0,0.0,8.0,0.0,False,0.0,3.0,0.0,6.0,0.0,0.0,0.0,0.0,False,True,True,False,button_lr44,,1003,True,True,0,0,,specular_break,9.782791581249068,True,4.233243298654965
tile,1.0,0.0,0.0,8.0,0.0,False,0.0,3.0,0.0,6.0,0.0,0.0,0.0,0.0,False,True,True,False,bead_6,,1004,True,True,0,0,,specular_break,5.538720266296455,True,9.29575905489536
tile,1.0,0.0,0.0,8.0,0.0,False,0.0,3.0,0.0,6.0,0.0,0.0,0.0,0.0,False,True,True,False,bead_10_dark,,1005,True,True,0,0,,specular_break,12.91885462048184,True,5.382395189054738
tile,1.0,0.0,0.0,8.0,0.0,False,0.0,3.0,0.0,6.0,0.0,0.0,0.0,0.0,False,True,True,False,magnet_disc_10x3,,1006,True,True,0,0,,specular_break,9.741039722016177,True,4.74193187967057
tile,1.0,0.0,0.0,8.0,0.0,False,0.0,3.0,0.0,6.0,0.0,0.0,0.0,0.0,False,True,True,False,magnet_ball_5,,1007,True,True,0,0,,specular_break,6.623454613329885,True,2.6861370983975092
tile,1.0,0.0,0.0,8.0,0.0,False,0.0,3.0,0.0,6.0,0.0,0.0,0.0,0.0,False,True,True,False,pill_8,,1008,True,True,0,0,2.352421337590343,measured,8.019108026443806,False,4.352135444992419
tile,1.0,0.0,0.0,8.0,0.0,False,0.0,3.0,0.0,6.0,0.0,0.0,0.0,0.0,False,True,True,False,plastic_part_8,,1009,True,True,0,1,,specular_break,44.65061718198058,False,32.8520795168697
tile,1.0,0.0,0.0,8.0,0.0,False,0.0,3.0,0.0,6.0,0.0,0.0,0.0,0.0,False,True,True,False,floor_colored_12,,1010,True,True,0,0,2.511311512932071,measured,11.392906473697083,False,6.363022300241492
tile,1.0,0.0,0.0,8.0,0.0,False,0.0,3.0,0.0,6.0,0.0,0.0,0.0,0.0,False,True,True,False,,empty,1011,False,False,0,0,,,,False,
tile,1.0,0.0,0.0,8.0,0.0,False,0.0,3.0,0.0,6.0,0.0,0.0,0.0,0.0,False,True,True,False,,stain,1012,False,False,0,0,,,,False,
tile,1.0,0.0,0.0,8.0,0.0,False,0.0,3.0,0.0,6.0,0.0,0.0,0.0,0.0,False,True,True,False,,seam,1013,False,False,2,2,,,,False,
tile,1.0,0.0,0.0,8.0,0.0,False,0.0,3.0,0.0,6.0,0.0,0.0,0.0,0.0,False,True,True,False,coin_1yen,,1014,True,True,0,0,1.4589180373423378,measured,19.96412706878781,False,11.360332288136759
tile,1.0,0.0,0.0,8.0,0.0,False,0.0,3.0,0.0,6.0,0.0,0.0,0.0,0.0,False,True,True,False,coin_10yen,,1015,True,True,0,0,1.4414615730214688,measured,20.67243552090888,False,12.101333362087928
tile,1.0,0.0,0.0,8.0,0.0,False,0.0,3.0,0.0,6.0,0.0,0.0,0.0,0.0,False,True,True,False,button_cr2032,,1016,True,True,0,0,,specular_break,18.100052724297573,True,10.337721936947526
tile,1.0,0.0,0.0,8.0,0.0,False,0.0,3.0,0.0,6.0,0.0,0.0,0.0,0.0,False,True,True,False,button_lr44,,1017,True,True,0,1,,specular_break,11.432387995667156,True,8.755445446667824
tile,1.0,0.0,0.0,8.0,0.0,False,0.0,3.0,0.0,6.0,0.0,0.0,0.0,0.0,False,True,True,False,bead_6,,1018,True,True,0,1,,specular_break,44.668065645123214,False,57.0288054653981
tile,1.0,0.0,0.0,8.0,0.0,False,0.0,3.0,0.0,6.0,0.0,0.0,0.0,0.0,False,True,True,False,bead_10_dark,,1019,True,True,0,0,,specular_break,13.816780883872779,True,5.667655264458626
tile,1.0,0.0,0.0,8.0,0.0,False,0.0,3.0,0.0,6.0,0.0,0.0,0.0,0.0,False,True,True,False,magnet_disc_10x3,,1020,True,True,0,0,,specular_break,9.741753793575825,True,5.027573163241722
tile,1.0,0.0,0.0,8.0,0.0,False,0.0,3.0,0.0,6.0,0.0,0.0,0.0,0.0,False,True,True,False,magnet_ball_5,,1021,True,True,0,0,,specular_break,6.383216314185203,True,2.38336726519535
tile,1.0,0.0,0.0,8.0,0.0,False,0.0,3.0,0.0,6.0,0.0,0.0,0.0,0.0,False,True,True,False,pill_8,,1022,True,True,0,0,2.5179578802054383,measured,8.045176638366048,True,4.191132028866043
tile,1.0,0.0,0.0,8.0,0.0,False,0.0,3.0,0.0,6.0,0.0,0.0,0.0,0.0,False,True,True,False,plastic_part_8,,1023,True,True,0,0,,specular_break,13.45483679939234,True,4.553714611050001
tile,1.0,0.0,0.0,8.0,0.0,False,0.0,3.0,0.0,6.0,0.0,0.0,0.0,0.0,False,True,True,False,floor_colored_12,,1024,True,True,0,0,-0.03777860269052269,measured,12.859116009143495,False,9.29158362808541
tile,1.0,0.0,0.0,8.0,0.0,False,0.0,3.0,0.0,6.0,0.0,0.0,0.0,0.0,False,True,True,False,,empty,1025,False,False,0,0,,,,False,
tile,1.0,0.0,0.0,8.0,0.0,False,0.0,3.0,0.0,6.0,0.0,0.0,0.0,0.0,False,True,True,False,,stain,1026,False,False,0,0,,,,False,
tile,1.0,0.0,0.0,8.0,0.0,False,0.0,3.0,0.0,6.0,0.0,0.0,0.0,0.0,False,True,True,False,,seam,1027,False,False,0,0,,,,False,
tile,1.0,0.0,0.0,8.0,0.0,False,0.0,3.0,0.0,6.0,0.0,0.0,0.0,0.0,False,True,True,False,coin_1yen,,1028,True,True,0,0,0.7069275293954185,measured,15.215978892693387,False,17.11143234992766
tile,1.0,0.0,0.0,8.0,0.0,False,0.0,3.0,0.0,6.0,0.0,0.0,0.0,0.0,False,True,True,False,coin_10yen,,1029,True,True,0,0,0.6558950731339763,measured,17.123027260585953,False,20.039118444947686
tile,1.0,0.0,0.0,8.0,0.0,False,0.0,3.0,0.0,6.0,0.0,0.0,0.0,0.0,False,True,True,False,button_cr2032,,1030,True,True,0,0,,specular_break,15.468826342305075,True,7.710869994337421
tile,1.0,0.0,0.0,8.0,0.0,False,0.0,3.0,0.0,6.0,0.0,0.0,0.0,0.0,False,True,True,False,button_lr44,,1031,True,True,0,0,,specular_break,11.579486770268389,True,6.857534859192498
tile,1.0,0.0,0.0,8.0,0.0,False,0.0,3.0,0.0,6.0,0.0,0.0,0.0,0.0,False,True,True,False,bead_6,,1032,True,True,0,1,,specular_break,72.87939420501584,False,28.412904572305965
tile,1.0,0.0,0.0,8.0,0.0,False,0.0,3.0,0.0,6.0,0.0,0.0,0.0,0.0,False,True,True,False,bead_10_dark,,1033,True,True,0,1,,specular_break,54.28215072674769,False,59.238870158576916
tile,1.0,0.0,0.0,8.0,0.0,False,0.0,3.0,0.0,6.0,0.0,0.0,0.0,0.0,False,True,True,False,magnet_disc_10x3,,1034,True,True,0,0,,specular_break,44.668065645123214,False,74.41167055999986
tile,1.0,0.0,0.0,8.0,0.0,False,0.0,3.0,0.0,6.0,0.0,0.0,0.0,0.0,False,True,True,False,magnet_ball_5,,1035,True,True,0,0,,specular_break,6.529612023899424,True,2.6259307036079815
tile,1.0,0.0,0.0,8.0,0.0,False,0.0,3.0,0.0,6.0,0.0,0.0,0.0,0.0,False,True,True,False,pill_8,,1036,True,True,0,0,1.2123593876193812,measured,9.318273468422381,False,4.430130803661202
tile,1.0,0.0,0.0,8.0,0.0,False,0.0,3.0,0.0,6.0,0.0,0.0,0.0,0.0,False,True,True,False,plastic_part_8,,1037,True,True,0,0,1.5801156624055555,measured,10.392661988337322,True,4.359473705480668
tile,1.0,0.0,0.0,8.0,0.0,False,0.0,3.0,0.0,6.0,0.0,0.0,0.0,0.0,False,True,True,False,floor_colored_12,,1038,True,True,1,1,0.617287545243876,measured,12.598644153738364,False,6.451813038403442
tile,1.0,0.0,0.0,8.0,0.0,False,0.0,3.0,0.0,6.0,0.0,0.0,0.0,0.0,False,True,True,False,,empty,1039,False,False,0,0,,,,False,
tile,1.0,0.0,0.0,8.0,0.0,False,0.0,3.0,0.0,6.0,0.0,0.0,0.0,0.0,False,True,True,False,,stain,1040,False,False,0,0,,,,False,
tile,1.0,0.0,0.0,8.0,0.0,False,0.0,3.0,0.0,6.0,0.0,0.0,0.0,0.0,False,True,True,False,,seam,1041,False,False,0,0,,,,False,
rug,1.0,0.0,0.0,8.0,0.0,False,0.0,3.0,0.0,6.0,0.0,0.0,0.0,0.0,False,True,True,False,coin_1yen,,2000,True,True,0,0,1.3026551902449288,measured,18.525161406049513,False,6.944265441944225
rug,1.0,0.0,0.0,8.0,0.0,False,0.0,3.0,0.0,6.0,0.0,0.0,0.0,0.0,False,True,True,False,coin_10yen,,2001,True,True,0,0,1.4500648350867777,measured,17.28673849573063,False,16.327491890095146
rug,1.0,0.0,0.0,8.0,0.0,False,0.0,3.0,0.0,6.0,0.0,0.0,0.0,0.0,False,True,True,False,button_cr2032,,2002,True,True,0,0,,specular_break,20.083587859802766,True,1.1345942732387244
rug,1.0,0.0,0.0,8.0,0.0,False,0.0,3.0,0.0,6.0,0.0,0.0,0.0,0.0,False,True,True,False,button_lr44,,2003,True,True,0,0,,specular_break,13.025305655790387,True,7.098883151270914
rug,1.0,0.0,0.0,8.0,0.0,False,0.0,3.0,0.0,6.0,0.0,0.0,0.0,0.0,False,True,True,False,bead_6,,2004,True,True,0,0,,specular_break,5.690363175604345,True,18.174103771168983
rug,1.0,0.0,0.0,8.0,0.0,False,0.0,3.0,0.0,6.0,0.0,0.0,0.0,0.0,False,True,True,False,bead_10_dark,,2005,True,True,0,0,,specular_break,12.858809784827827,True,8.465588004586222
rug,1.0,0.0,0.0,8.0,0.0,False,0.0,3.0,0.0,6.0,0.0,0.0,0.0,0.0,False,True,True,False,magnet_disc_10x3,,2006,True,True,0,0,,specular_break,8.69711197978101,True,2.4931447755284637
rug,1.0,0.0,0.0,8.0,0.0,False,0.0,3.0,0.0,6.0,0.0,0.0,0.0,0.0,False,True,True,False,magnet_ball_5,,2007,True,True,0,1,,specular_break,4.4724417490054025,True,11.592745266505467
rug,1.0,0.0,0.0,8.0,0.0,False,0.0,3.0,0.0,6.0,0.0,0.0,0.0,0.0,False,True,True,False,pill_8,,2008,True,True,0,0,1.8796282561480346,measured,6.947802530009741,False,2.6976239661499783
rug,1.0,0.0,0.0,8.0,0.0,False,0.0,3.0,0.0,6.0,0.0,0.0,0.0,0.0,False,True,True,False,plastic_part_8,,2009,True,True,0,0,1.4629680131896805,measured,10.843781302440082,True,4.166122173496485
rug,1.0,0.0,0.0,8.0,0.0,False,0.0,3.0,0.0,6.0,0.0,0.0,0.0,0.0,False,True,True,False,floor_colored_12,,2010,True,True,0,0,1.805111860269248,measured,10.541023020057796,False,4.672772825635191
rug,1.0,0.0,0.0,8.0,0.0,False,0.0,3.0,0.0,6.0,0.0,0.0,0.0,0.0,False,True,True,False,,empty,2011,False,False,0,0,,,,False,
rug,1.0,0.0,0.0,8.0,0.0,False,0.0,3.0,0.0,6.0,0.0,0.0,0.0,0.0,False,True,True,False,,stain,2012,False,False,0,0,,,,False,
rug,1.0,0.0,0.0,8.0,0.0,False,0.0,3.0,0.0,6.0,0.0,0.0,0.0,0.0,False,True,True,False,,seam,2013,False,False,2,3,,,,False,
rug,1.0,0.0,0.0,8.0,0.0,False,0.0,3.0,0.0,6.0,0.0,0.0,0.0,0.0,False,True,True,False,coin_1yen,,2014,True,True,0,0,1.3218376934703908,measured,18.94949962822302,False,6.100554412874486
rug,1.0,0.0,0.0,8.0,0.0,False,0.0,3.0,0.0,6.0,0.0,0.0,0.0,0.0,False,True,True,False,coin_10yen,,2015,True,True,0,0,1.3671890297244023,measured,17.145861149808546,False,16.9455092137732
rug,1.0,0.0,0.0,8.0,0.0,False,0.0,3.0,0.0,6.0,0.0,0.0,0.0,0.0,False,True,True,False,button_cr2032,,2016,True,True,0,0,,specular_break,20.22305979631434,True,0.4328313937423082
rug,1.0,0.0,0.0,8.0,0.0,False,0.0,3.0,0.0,6.0,0.0,0.0,0.0,0.0,False,True,True,False,button_lr44,,2017,True,True,0,0,,specular_break,12.903823037917526,True,12.798310981258709
rug,1.0,0.0,0.0,8.0,0.0,False,0.0,3.0,0.0,6.0,0.0,0.0,0.0,0.0,False,True,True,False,bead_6,,2018,True,True,0,0,,specular_break,6.031368922691954,True,16.257525126231663
rug,1.0,0.0,0.0,8.0,0.0,False,0.0,3.0,0.0,6.0,0.0,0.0,0.0,0.0,False,True,True,False,bead_10_dark,,2019,True,True,0,0,,specular_break,13.088418536344086,True,6.815321646807308
rug,1.0,0.0,0.0,8.0,0.0,False,0.0,3.0,0.0,6.0,0.0,0.0,0.0,0.0,False,True,True,False,magnet_disc_10x3,,2020,True,True,0,0,,specular_break,8.570327496871382,True,1.4297266750841024
rug,1.0,0.0,0.0,8.0,0.0,False,0.0,3.0,0.0,6.0,0.0,0.0,0.0,0.0,False,True,True,False,magnet_ball_5,,2021,True,True,0,0,,specular_break,5.629764557152592,True,11.684970699483463
rug,1.0,0.0,0.0,8.0,0.0,False,0.0,3.0,0.0,6.0,0.0,0.0,0.0,0.0,False,True,True,False,pill_8,,2022,True,True,0,0,1.9683593627170293,measured,8.279428778116175,False,3.0170116259425965
rug,1.0,0.0,0.0,8.0,0.0,False,0.0,3.0,0.0,6.0,0.0,0.0,0.0,0.0,False,True,True,False,plastic_part_8,,2023,True,True,0,0,0.7780080227089048,measured,13.206693161703095,True,3.61947377823728
rug,1.0,0.0,0.0,8.0,0.0,False,0.0,3.0,0.0,6.0,0.0,0.0,0.0,0.0,False,True,True,False,floor_colored_12,,2024,True,True,0,0,2.530194251080598,measured,11.593138492143574,False,3.7716304702374193
rug,1.0,0.0,0.0,8.0,0.0,False,0.0,3.0,0.0,6.0,0.0,0.0,0.0,0.0,False,True,True,False,,empty,2025,False,False,0,0,,,,False,
rug,1.0,0.0,0.0,8.0,0.0,False,0.0,3.0,0.0,6.0,0.0,0.0,0.0,0.0,False,True,True,False,,stain,2026,False,False,0,0,,,,False,
rug,1.0,0.0,0.0,8.0,0.0,False,0.0,3.0,0.0,6.0,0.0,0.0,0.0,0.0,False,True,True,False,,seam,2027,False,False,0,0,,,,False,
rug,1.0,0.0,0.0,8.0,0.0,False,0.0,3.0,0.0,6.0,0.0,0.0,0.0,0.0,False,True,True,False,coin_1yen,,2028,True,True,0,0,1.1569821801713864,measured,18.550771583844742,False,7.035084621623213
rug,1.0,0.0,0.0,8.0,0.0,False,0.0,3.0,0.0,6.0,0.0,0.0,0.0,0.0,False,True,True,False,coin_10yen,,2029,True,True,0,0,0.7240095683813834,measured,17.12788203889662,False,19.57727887768017
rug,1.0,0.0,0.0,8.0,0.0,False,0.0,3.0,0.0,6.0,0.0,0.0,0.0,0.0,False,True,True,False,button_cr2032,,2030,True,True,0,0,,specular_break,19.622335906768345,True,3.3924141683392537
rug,1.0,0.0,0.0,8.0,0.0,False,0.0,3.0,0.0,6.0,0.0,0.0,0.0,0.0,False,True,True,False,button_lr44,,2031,True,True,0,0,,specular_break,13.901856027156539,True,8.107775862126783
rug,1.0,0.0,0.0,8.0,0.0,False,0.0,3.0,0.0,6.0,0.0,0.0,0.0,0.0,False,True,True,False,bead_6,,2032,True,True,0,0,,specular_break,5.970528852629337,True,16.61800171187012
rug,1.0,0.0,0.0,8.0,0.0,False,0.0,3.0,0.0,6.0,0.0,0.0,0.0,0.0,False,True,True,False,bead_10_dark,,2033,True,True,1,0,,specular_break,15.835216352538474,True,5.338549622470482
rug,1.0,0.0,0.0,8.0,0.0,False,0.0,3.0,0.0,6.0,0.0,0.0,0.0,0.0,False,True,True,False,magnet_disc_10x3,,2034,True,True,0,0,,specular_break,8.63492281781834,True,1.0235725122768373
rug,1.0,0.0,0.0,8.0,0.0,False,0.0,3.0,0.0,6.0,0.0,0.0,0.0,0.0,False,True,True,False,magnet_ball_5,,2035,True,True,0,0,,specular_break,2.5318001967015906,False,5.1639980822624185
rug,1.0,0.0,0.0,8.0,0.0,False,0.0,3.0,0.0,6.0,0.0,0.0,0.0,0.0,False,True,True,False,pill_8,,2036,True,True,0,0,1.9839760923721972,measured,8.325582346476608,False,7.3966721321905595
rug,1.0,0.0,0.0,8.0,0.0,False,0.0,3.0,0.0,6.0,0.0,0.0,0.0,0.0,False,True,True,False,plastic_part_8,,2037,True,True,0,0,2.4482477108558953,measured,10.829009701886774,False,3.7652691744698767
rug,1.0,0.0,0.0,8.0,0.0,False,0.0,3.0,0.0,6.0,0.0,0.0,0.0,0.0,False,True,True,False,floor_colored_12,,2038,True,True,0,0,2.4940286653895996,measured,9.989370985798871,False,3.8044070354797213
rug,1.0,0.0,0.0,8.0,0.0,False,0.0,3.0,0.0,6.0,0.0,0.0,0.0,0.0,False,True,True,False,,empty,2039,False,False,0,0,,,,False,
rug,1.0,0.0,0.0,8.0,0.0,False,0.0,3.0,0.0,6.0,0.0,0.0,0.0,0.0,False,True,True,False,,stain,2040,False,False,0,0,,,,False,
rug,1.0,0.0,0.0,8.0,0.0,False,0.0,3.0,0.0,6.0,0.0,0.0,0.0,0.0,False,True,True,False,,seam,2041,False,False,3,3,,,,False,
carpet,1.0,0.0,0.0,8.0,0.0,False,0.0,3.0,0.0,6.0,0.0,0.0,0.0,0.0,False,True,True,False,coin_1yen,,3000,True,True,0,0,0.6462109149155602,measured,18.39445072110053,False,6.405945122297095
carpet,1.0,0.0,0.0,8.0,0.0,False,0.0,3.0,0.0,6.0,0.0,0.0,0.0,0.0,False,True,True,False,coin_10yen,,3001,True,True,1,0,0.9797177671358988,measured,17.1475505283054,False,20.95374103702798
carpet,1.0,0.0,0.0,8.0,0.0,False,0.0,3.0,0.0,6.0,0.0,0.0,0.0,0.0,False,True,True,False,button_cr2032,,3002,True,True,0,0,,specular_break,15.2322608704293,True,7.528068272378477
carpet,1.0,0.0,0.0,8.0,0.0,False,0.0,3.0,0.0,6.0,0.0,0.0,0.0,0.0,False,True,True,False,button_lr44,,3003,True,True,0,0,,specular_break,12.63850306768107,True,5.714318734365089
carpet,1.0,0.0,0.0,8.0,0.0,False,0.0,3.0,0.0,6.0,0.0,0.0,0.0,0.0,False,True,True,False,bead_6,,3004,True,True,0,0,,specular_break,5.464947254404858,True,14.842588016131266
carpet,1.0,0.0,0.0,8.0,0.0,False,0.0,3.0,0.0,6.0,0.0,0.0,0.0,0.0,False,True,True,False,bead_10_dark,,3005,True,True,1,0,,specular_break,18.097865002381774,False,4.781005102162008
carpet,1.0,0.0,0.0,8.0,0.0,False,0.0,3.0,0.0,6.0,0.0,0.0,0.0,0.0,False,True,True,False,magnet_disc_10x3,,3006,True,True,1,0,,specular_break,11.156139991763219,True,10.229521033951109
carpet,1.0,0.0,0.0,8.0,0.0,False,0.0,3.0,0.0,6.0,0.0,0.0,0.0,0.0,False,True,True,False,magnet_ball_5,,3007,True,True,0,0,,specular_break,3.23412948709354,True,4.372480037961322
carpet,1.0,0.0,0.0,8.0,0.0,False,0.0,3.0,0.0,6.0,0.0,0.0,0.0,0.0,False,True,True,False,pill_8,,3008,True,True,0,1,1.6327128786377614,measured,8.084538621484821,False,7.831961049023677
carpet,1.0,0.0,0.0,8.0,0.0,False,0.0,3.0,0.0,6.0,0.0,0.0,0.0,0.0,False,True,True,False,plastic_part_8,,3009,True,True,0,0,,specular_break,7.922256437175219,True,7.963918032355906
carpet,1.0,0.0,0.0,8.0,0.0,False,0.0,3.0,0.0,6.0,0.0,0.0,0.0,0.0,False,True,True,False,floor_colored_12,,3010,True,True,0,1,1.165973580493219,measured,10.054613710667777,False,2.5520128754102913
carpet,1.0,0.0,0.0,8.0,0.0,False,0.0,3.0,0.0,6.0,0.0,0.0,0.0,0.0,False,True,True,False,,empty,3011,False,False,0,0,,,,False,
carpet,1.0,0.0,0.0,8.0,0.0,False,0.0,3.0,0.0,6.0,0.0,0.0,0.0,0.0,False,True,True,False,,stain,3012,False,False,0,0,,,,False,
carpet,1.0,0.0,0.0,8.0,0.0,False,0.0,3.0,0.0,6.0,0.0,0.0,0.0,0.0,False,True,True,False,,seam,3013,False,False,0,0,,,,False,
carpet,1.0,0.0,0.0,8.0,0.0,False,0.0,3.0,0.0,6.0,0.0,0.0,0.0,0.0,False,True,True,False,coin_1yen,,3014,True,True,0,0,0.7207712663811687,measured,15.237307722105978,False,15.127899495873848
carpet,1.0,0.0,0.0,8.0,0.0,False,0.0,3.0,0.0,6.0,0.0,0.0,0.0,0.0,False,True,True,False,coin_10yen,,3015,True,True,1,0,1.4872669369847031,measured,17.24647303956096,False,12.818835716608659
carpet,1.0,0.0,0.0,8.0,0.0,False,0.0,3.0,0.0,6.0,0.0,0.0,0.0,0.0,False,True,True,False,button_cr2032,,3016,True,True,1,0,,specular_break,19.86573857749386,True,0.43739055538997956
carpet,1.0,0.0,0.0,8.0,0.0,False,0.0,3.0,0.0,6.0,0.0,0.0,0.0,0.0,False,True,True,False,button_lr44,,3017,True,True,0,0,,specular_break,12.61029785006807,True,8.536737584645222
carpet,1.0,0.0,0.0,8.0,0.0,False,0.0,3.0,0.0,6.0,0.0,0.0,0.0,0.0,False,True,True,False,bead_6,,3018,True,True,0,0,,specular_break,7.219462599197175,True,12.470763321590043
carpet,1.0,0.0,0.0,8.0,0.0,False,0.0,3.0,0.0,6.0,0.0,0.0,0.0,0.0,False,True,True,False,bead_10_dark,,3019,True,True,0,0,,specular_break,11.979035149367622,True,4.5579561103235875
carpet,1.0,0.0,0.0,8.0,0.0,False,0.0,3.0,0.0,6.0,0.0,0.0,0.0,0.0,False,True,True,False,magnet_disc_10x3,,3020,True,True,0,0,,specular_break,8.668537905189114,True,2.3177851791484967
carpet,1.0,0.0,0.0,8.0,0.0,False,0.0,3.0,0.0,6.0,0.0,0.0,0.0,0.0,False,True,True,False,magnet_ball_5,,3021,True,True,0,0,,specular_break,15.17895876182298,False,8.379993718485613
carpet,1.0,0.0,0.0,8.0,0.0,False,0.0,3.0,0.0,6.0,0.0,0.0,0.0,0.0,False,True,True,False,pill_8,,3022,True,True,0,0,-0.02638086131362627,measured,8.346753184841642,False,4.692145742441316
carpet,1.0,0.0,0.0,8.0,0.0,False,0.0,3.0,0.0,6.0,0.0,0.0,0.0,0.0,False,True,True,False,plastic_part_8,,3023,True,True,1,0,,specular_break,19.682156908410104,False,5.24482199484415
carpet,1.0,0.0,0.0,8.0,0.0,False,0.0,3.0,0.0,6.0,0.0,0.0,0.0,0.0,False,True,True,False,floor_colored_12,,3024,True,True,0,0,2.009936442005948,measured,10.020203498488364,False,2.989763189511465
carpet,1.0,0.0,0.0,8.0,0.0,False,0.0,3.0,0.0,6.0,0.0,0.0,0.0,0.0,False,True,True,False,,empty,3025,False,False,0,1,,,,False,
carpet,1.0,0.0,0.0,8.0,0.0,False,0.0,3.0,0.0,6.0,0.0,0.0,0.0,0.0,False,True,True,False,,stain,3026,False,False,0,0,,,,False,
carpet,1.0,0.0,0.0,8.0,0.0,False,0.0,3.0,0.0,6.0,0.0,0.0,0.0,0.0,False,True,True,False,,seam,3027,False,False,1,2,,,,False,
carpet,1.0,0.0,0.0,8.0,0.0,False,0.0,3.0,0.0,6.0,0.0,0.0,0.0,0.0,False,True,True,False,coin_1yen,,3028,True,True,0,0,0.7856978622234898,measured,16.182962324254056,False,12.540805519967646
carpet,1.0,0.0,0.0,8.0,0.0,False,0.0,3.0,0.0,6.0,0.0,0.0,0.0,0.0,False,True,True,False,coin_10yen,,3029,True,True,0,0,1.4646821104992735,measured,17.242250711261942,False,18.696263926586887
carpet,1.0,0.0,0.0,8.0,0.0,False,0.0,3.0,0.0,6.0,0.0,0.0,0.0,0.0,False,True,True,False,button_cr2032,,3030,True,True,0,0,,specular_break,19.705665558908695,True,2.222076330118836
carpet,1.0,0.0,0.0,8.0,0.0,False,0.0,3.0,0.0,6.0,0.0,0.0,0.0,0.0,False,True,True,False,button_lr44,,3031,True,True,0,0,,specular_break,14.420172647516068,True,6.41473611015111
carpet,1.0,0.0,0.0,8.0,0.0,False,0.0,3.0,0.0,6.0,0.0,0.0,0.0,0.0,False,True,True,False,bead_6,,3032,True,True,0,1,,specular_break,6.9421112358725985,True,13.560261092048679
carpet,1.0,0.0,0.0,8.0,0.0,False,0.0,3.0,0.0,6.0,0.0,0.0,0.0,0.0,False,True,True,False,bead_10_dark,,3033,True,True,0,0,,specular_break,16.115427169812435,False,4.886191335206406
carpet,1.0,0.0,0.0,8.0,0.0,False,0.0,3.0,0.0,6.0,0.0,0.0,0.0,0.0,False,True,True,False,magnet_disc_10x3,,3034,True,True,0,0,,specular_break,8.608711904293607,True,1.5352866522839026
carpet,1.0,0.0,0.0,8.0,0.0,False,0.0,3.0,0.0,6.0,0.0,0.0,0.0,0.0,False,True,True,False,magnet_ball_5,,3035,True,True,0,0,,specular_break,4.697867552185938,True,8.568562652115094
carpet,1.0,0.0,0.0,8.0,0.0,False,0.0,3.0,0.0,6.0,0.0,0.0,0.0,0.0,False,True,True,False,pill_8,,3036,True,True,0,0,0.697722434261788,measured,8.136438092965456,False,5.498329921770152
carpet,1.0,0.0,0.0,8.0,0.0,False,0.0,3.0,0.0,6.0,0.0,0.0,0.0,0.0,False,True,True,False,plastic_part_8,,3037,True,True,0,0,1.808330982270693,measured,7.014941928717841,True,6.916801986530706
carpet,1.0,0.0,0.0,8.0,0.0,False,0.0,3.0,0.0,6.0,0.0,0.0,0.0,0.0,False,True,True,False,floor_colored_12,,3038,True,True,0,0,0.23330029886548154,measured,11.787895572544944,False,4.668999308075405
carpet,1.0,0.0,0.0,8.0,0.0,False,0.0,3.0,0.0,6.0,0.0,0.0,0.0,0.0,False,True,True,False,,empty,3039,False,False,0,0,,,,False,
carpet,1.0,0.0,0.0,8.0,0.0,False,0.0,3.0,0.0,6.0,0.0,0.0,0.0,0.0,False,True,True,False,,stain,3040,False,False,0,0,,,,False,
carpet,1.0,0.0,0.0,8.0,0.0,False,0.0,3.0,0.0,6.0,0.0,0.0,0.0,0.0,False,True,True,False,,seam,3041,False,False,0,0,,,,False,
pattern,1.0,0.0,0.0,8.0,0.0,False,0.0,3.0,0.0,6.0,0.0,0.0,0.0,0.0,False,True,True,False,coin_1yen,,4000,True,True,0,0,0.7361852545480865,measured,15.310556625864383,False,14.205630598776683
pattern,1.0,0.0,0.0,8.0,0.0,False,0.0,3.0,0.0,6.0,0.0,0.0,0.0,0.0,False,True,True,False,coin_10yen,,4001,True,True,0,0,0.7795681118233624,measured,17.28101694316177,False,12.992283657712731
pattern,1.0,0.0,0.0,8.0,0.0,False,0.0,3.0,0.0,6.0,0.0,0.0,0.0,0.0,False,True,True,False,button_cr2032,,4002,True,True,0,0,,specular_break,15.206976354088603,True,9.94457948486418
pattern,1.0,0.0,0.0,8.0,0.0,False,0.0,3.0,0.0,6.0,0.0,0.0,0.0,0.0,False,True,True,False,button_lr44,,4003,True,True,0,0,,specular_break,9.991883598669784,True,4.188164079436807
pattern,1.0,0.0,0.0,8.0,0.0,False,0.0,3.0,0.0,6.0,0.0,0.0,0.0,0.0,False,True,True,False,bead_6,,4004,True,True,0,0,,specular_break,5.376938598766142,True,15.047921197548874
pattern,1.0,0.0,0.0,8.0,0.0,False,0.0,3.0,0.0,6.0,0.0,0.0,0.0,0.0,False,True,True,False,bead_10_dark,,4005,True,True,0,0,,specular_break,11.655335249207047,True,4.468925043579528
pattern,1.0,0.0,0.0,8.0,0.0,False,0.0,3.0,0.0,6.0,0.0,0.0,0.0,0.0,False,True,True,False,magnet_disc_10x3,,4006,True,True,0,0,,specular_break,8.495590676544595,True,1.5518843315454862
pattern,1.0,0.0,0.0,8.0,0.0,False,0.0,3.0,0.0,6.0,0.0,0.0,0.0,0.0,False,True,True,False,magnet_ball_5,,4007,True,True,0,0,,specular_break,4.6741016630155885,True,9.428985292131067
pattern,1.0,0.0,0.0,8.0,0.0,False,0.0,3.0,0.0,6.0,0.0,0.0,0.0,0.0,False,True,True,False,pill_8,,4008,True,True,0,0,0.5734625295573323,measured,7.824868269117113,False,5.229509867781473
pattern,1.0,0.0,0.0,8.0,0.0,False,0.0,3.0,0.0,6.0,0.0,0.0,0.0,0.0,False,True,True,False,plastic_part_8,,4009,True,True,0,0,1.0433908535902354,measured,6.9939500606654,True,6.767469273706469
pattern,1.0,0.0,0.0,8.0,0.0,False,0.0,3.0,0.0,6.0,0.0,0.0,0.0,0.0,False,True,True,False,floor_colored_12,,4010,True,True,0,0,1.3056696619176211,measured,10.032630234752709,False,2.7562971745641827
pattern,1.0,0.0,0.0,8.0,0.0,False,0.0,3.0,0.0,6.0,0.0,0.0,0.0,0.0,False,True,True,False,,empty,4011,False,False,0,0,,,,False,
pattern,1.0,0.0,0.0,8.0,0.0,False,0.0,3.0,0.0,6.0,0.0,0.0,0.0,0.0,False,True,True,False,,stain,4012,False,False,0,0,,,,False,
pattern,1.0,0.0,0.0,8.0,0.0,False,0.0,3.0,0.0,6.0,0.0,0.0,0.0,0.0,False,True,True,False,,seam,4013,False,False,0,0,,,,False,
pattern,1.0,0.0,0.0,8.0,0.0,False,0.0,3.0,0.0,6.0,0.0,0.0,0.0,0.0,False,True,True,False,coin_1yen,,4014,True,True,0,0,0.7340474514318274,measured,15.160134485357931,False,13.229072117435512
pattern,1.0,0.0,0.0,8.0,0.0,False,0.0,3.0,0.0,6.0,0.0,0.0,0.0,0.0,False,True,True,False,coin_10yen,,4015,True,True,0,0,0.4686246436100383,measured,17.264177460438447,False,21.39625136745704
pattern,1.0,0.0,0.0,8.0,0.0,False,0.0,3.0,0.0,6.0,0.0,0.0,0.0,0.0,False,True,True,False,button_cr2032,,4016,True,True,0,0,,specular_break,15.260496149515111,True,8.449510794824837
pattern,1.0,0.0,0.0,8.0,0.0,False,0.0,3.0,0.0,6.0,0.0,0.0,0.0,0.0,False,True,True,False,button_lr44,,4017,True,True,0,0,,specular_break,12.292954241227958,True,8.424498083576884
pattern,1.0,0.0,0.0,8.0,0.0,False,0.0,3.0,0.0,6.0,0.0,0.0,0.0,0.0,False,True,True,False,bead_6,,4018,True,True,0,0,,specular_break,5.373864188405784,True,12.38051650467616
pattern,1.0,0.0,0.0,8.0,0.0,False,0.0,3.0,0.0,6.0,0.0,0.0,0.0,0.0,False,True,True,False,bead_10_dark,,4019,True,True,0,0,,specular_break,8.38571860662018,True,32.749090351809265
pattern,1.0,0.0,0.0,8.0,0.0,False,0.0,3.0,0.0,6.0,0.0,0.0,0.0,0.0,False,True,True,False,magnet_disc_10x3,,4020,True,True,0,0,,specular_break,8.627706074172725,True,1.7751806494209068
pattern,1.0,0.0,0.0,8.0,0.0,False,0.0,3.0,0.0,6.0,0.0,0.0,0.0,0.0,False,True,True,False,magnet_ball_5,,4021,True,True,0,0,,specular_break,4.554677753358068,True,11.183324685747804
pattern,1.0,0.0,0.0,8.0,0.0,False,0.0,3.0,0.0,6.0,0.0,0.0,0.0,0.0,False,True,True,False,pill_8,,4022,True,True,0,0,2.0203524732439995,measured,7.017102295060491,False,2.301743392725835
pattern,1.0,0.0,0.0,8.0,0.0,False,0.0,3.0,0.0,6.0,0.0,0.0,0.0,0.0,False,True,True,False,plastic_part_8,,4023,True,True,0,0,0.8615752897404185,measured,7.003910653367523,True,5.947470301930031
pattern,1.0,0.0,0.0,8.0,0.0,False,0.0,3.0,0.0,6.0,0.0,0.0,0.0,0.0,False,True,True,False,floor_colored_12,,4024,True,True,0,0,2.2761553591167463,measured,10.102740884256573,False,3.537197892735021
pattern,1.0,0.0,0.0,8.0,0.0,False,0.0,3.0,0.0,6.0,0.0,0.0,0.0,0.0,False,True,True,False,,empty,4025,False,False,0,0,,,,False,
pattern,1.0,0.0,0.0,8.0,0.0,False,0.0,3.0,0.0,6.0,0.0,0.0,0.0,0.0,False,True,True,False,,stain,4026,False,False,0,0,,,,False,
pattern,1.0,0.0,0.0,8.0,0.0,False,0.0,3.0,0.0,6.0,0.0,0.0,0.0,0.0,False,True,True,False,,seam,4027,False,False,0,0,,,,False,
pattern,1.0,0.0,0.0,8.0,0.0,False,0.0,3.0,0.0,6.0,0.0,0.0,0.0,0.0,False,True,True,False,coin_1yen,,4028,True,True,0,0,0.7015143633127465,measured,15.215978389107299,False,12.39447680058621
pattern,1.0,0.0,0.0,8.0,0.0,False,0.0,3.0,0.0,6.0,0.0,0.0,0.0,0.0,False,True,True,False,coin_10yen,,4029,True,True,0,0,0.7198482859497535,measured,17.108840340267903,False,19.398074413323783
pattern,1.0,0.0,0.0,8.0,0.0,False,0.0,3.0,0.0,6.0,0.0,0.0,0.0,0.0,False,True,True,False,button_cr2032,,4030,True,True,0,0,,specular_break,15.22273565925793,True,7.1205158732685545
pattern,1.0,0.0,0.0,8.0,0.0,False,0.0,3.0,0.0,6.0,0.0,0.0,0.0,0.0,False,True,True,False,button_lr44,,4031,True,True,0,0,,specular_break,12.383098556364121,True,12.266794694143163
pattern,1.0,0.0,0.0,8.0,0.0,False,0.0,3.0,0.0,6.0,0.0,0.0,0.0,0.0,False,True,True,False,bead_6,,4032,True,True,0,0,,specular_break,5.499754613900272,True,10.003801251630213
pattern,1.0,0.0,0.0,8.0,0.0,False,0.0,3.0,0.0,6.0,0.0,0.0,0.0,0.0,False,True,True,False,bead_10_dark,,4033,True,True,0,0,,specular_break,11.753161284345685,True,4.406241650448278
pattern,1.0,0.0,0.0,8.0,0.0,False,0.0,3.0,0.0,6.0,0.0,0.0,0.0,0.0,False,True,True,False,magnet_disc_10x3,,4034,True,True,0,0,,specular_break,8.698709785591557,True,1.2448644555464174
pattern,1.0,0.0,0.0,8.0,0.0,False,0.0,3.0,0.0,6.0,0.0,0.0,0.0,0.0,False,True,True,False,magnet_ball_5,,4035,True,True,0,0,,specular_break,4.575809545558792,True,9.39476876525028
pattern,1.0,0.0,0.0,8.0,0.0,False,0.0,3.0,0.0,6.0,0.0,0.0,0.0,0.0,False,True,True,False,pill_8,,4036,True,True,0,0,0.6084814828169343,measured,8.052992148899595,False,3.7990557541856766
pattern,1.0,0.0,0.0,8.0,0.0,False,0.0,3.0,0.0,6.0,0.0,0.0,0.0,0.0,False,True,True,False,plastic_part_8,,4037,True,True,0,0,1.4055281097155934,measured,7.086979411602179,True,8.257262128644726
pattern,1.0,0.0,0.0,8.0,0.0,False,0.0,3.0,0.0,6.0,0.0,0.0,0.0,0.0,False,True,True,False,floor_colored_12,,4038,True,True,0,0,1.4111298718805383,measured,10.165143643442834,False,2.934046918664845
pattern,1.0,0.0,0.0,8.0,0.0,False,0.0,3.0,0.0,6.0,0.0,0.0,0.0,0.0,False,True,True,False,,empty,4039,False,False,0,0,,,,False,
pattern,1.0,0.0,0.0,8.0,0.0,False,0.0,3.0,0.0,6.0,0.0,0.0,0.0,0.0,False,True,True,False,,stain,4040,False,False,0,0,,,,False,
pattern,1.0,0.0,0.0,8.0,0.0,False,0.0,3.0,0.0,6.0,0.0,0.0,0.0,0.0,False,True,True,False,,seam,4041,False,False,0,0,,,,False,
wood,1.0,0.0,0.0,8.0,0.0,False,0.0,3.0,0.0,6.0,0.0,0.0,0.0,0.0,False,True,True,False,coin_1yen,,5000,True,True,0,0,1.4920130077888025,measured,17.66058284277117,False,9.980002936980194
wood,1.0,0.0,0.0,8.0,0.0,False,0.0,3.0,0.0,6.0,0.0,0.0,0.0,0.0,False,True,True,False,coin_10yen,,5001,True,True,0,0,0.7325905188497455,measured,17.154493744907555,False,14.441823739259526
wood,1.0,0.0,0.0,8.0,0.0,False,0.0,3.0,0.0,6.0,0.0,0.0,0.0,0.0,False,True,True,False,button_cr2032,,5002,True,True,0,0,0.7017714777374451,measured,18.375754284150577,True,10.218051520924003
wood,1.0,0.0,0.0,8.0,0.0,False,0.0,3.0,0.0,6.0,0.0,0.0,0.0,0.0,False,True,True,False,button_lr44,,5003,True,True,0,0,,specular_break,11.23245688323533,True,5.626869041991457
wood,1.0,0.0,0.0,8.0,0.0,False,0.0,3.0,0.0,6.0,0.0,0.0,0.0,0.0,False,True,True,False,bead_6,,5004,True,True,0,0,,specular_break,7.107527640508392,True,10.719433061960554
wood,1.0,0.0,0.0,8.0,0.0,False,0.0,3.0,0.0,6.0,0.0,0.0,0.0,0.0,False,True,True,False,bead_10_dark,,5005,True,True,0,0,,specular_break,12.677205426809948,True,5.3952337766399925
wood,1.0,0.0,0.0,8.0,0.0,False,0.0,3.0,0.0,6.0,0.0,0.0,0.0,0.0,False,True,True,False,magnet_disc_10x3,,5006,True,True,0,0,,specular_break,9.61409502313987,True,2.0484481718286243
wood,1.0,0.0,0.0,8.0,0.0,False,0.0,3.0,0.0,6.0,0.0,0.0,0.0,0.0,False,True,True,False,magnet_ball_5,,5007,True,True,0,0,,specular_break,4.425613234499859,True,12.450308681011917
wood,1.0,0.0,0.0,8.0,0.0,False,0.0,3.0,0.0,6.0,0.0,0.0,0.0,0.0,False,True,True,False,pill_8,,5008,True,True,0,0,2.3063603786958033,measured,8.016504794610436,False,4.231029643174069
wood,1.0,0.0,0.0,8.0,0.0,False,0.0,3.0,0.0,6.0,0.0,0.0,0.0,0.0,False,True,True,False,plastic_part_8,,5009,True,True,0,0,2.842235107744761,measured,7.866714490999058,True,4.240284912523862
wood,1.0,0.0,0.0,8.0,0.0,False,0.0,3.0,0.0,6.0,0.0,0.0,0.0,0.0,False,True,True,False,floor_colored_12,,5010,True,True,0,0,0.592292812760693,measured,11.507379388111653,False,5.698961924154813
wood,1.0,0.0,0.0,8.0,0.0,False,0.0,3.0,0.0,6.0,0.0,0.0,0.0,0.0,False,True,True,False,,empty,5011,False,False,0,0,,,,False,
wood,1.0,0.0,0.0,8.0,0.0,False,0.0,3.0,0.0,6.0,0.0,0.0,0.0,0.0,False,True,True,False,,stain,5012,False,False,0,0,,,,False,
wood,1.0,0.0,0.0,8.0,0.0,False,0.0,3.0,0.0,6.0,0.0,0.0,0.0,0.0,False,True,True,False,,seam,5013,False,False,0,0,,,,False,
wood,1.0,0.0,0.0,8.0,0.0,False,0.0,3.0,0.0,6.0,0.0,0.0,0.0,0.0,False,True,True,False,coin_1yen,,5014,True,True,0,0,1.4381782817844222,measured,18.181909713464613,False,10.187302908052592
wood,1.0,0.0,0.0,8.0,0.0,False,0.0,3.0,0.0,6.0,0.0,0.0,0.0,0.0,False,True,True,False,coin_10yen,,5015,True,True,0,0,0.7293599126068759,measured,17.23348417403138,False,15.390498001473029
wood,1.0,0.0,0.0,8.0,0.0,False,0.0,3.0,0.0,6.0,0.0,0.0,0.0,0.0,False,True,True,False,button_cr2032,,5016,True,True,0,0,,specular_break,18.564652483227842,True,10.12635258835439
wood,1.0,0.0,0.0,8.0,0.0,False,0.0,3.0,0.0,6.0,0.0,0.0,0.0,0.0,False,True,True,False,button_lr44,,5017,True,True,0,0,,specular_break,11.230212956498244,True,5.708219074779978
wood,1.0,0.0,0.0,8.0,0.0,False,0.0,3.0,0.0,6.0,0.0,0.0,0.0,0.0,False,True,True,False,bead_6,,5018,True,True,0,0,,specular_break,7.058960865066455,True,14.145459384075597
wood,1.0,0.0,0.0,8.0,0.0,False,0.0,3.0,0.0,6.0,0.0,0.0,0.0,0.0,False,True,True,False,bead_10_dark,,5019,True,True,0,0,,specular_break,12.306993159037603,True,5.532913276181129
wood,1.0,0.0,0.0,8.0,0.0,False,0.0,3.0,0.0,6.0,0.0,0.0,0.0,0.0,False,True,True,False,magnet_disc_10x3,,5020,True,True,0,0,,specular_break,9.718764119717646,True,2.3245967825831144
wood,1.0,0.0,0.0,8.0,0.0,False,0.0,3.0,0.0,6.0,0.0,0.0,0.0,0.0,False,True,True,False,magnet_ball_5,,5021,True,True,0,0,,specular_break,5.042640112738822,True,1.1503734763241027
wood,1.0,0.0,0.0,8.0,0.0,False,0.0,3.0,0.0,6.0,0.0,0.0,0.0,0.0,False,True,True,False,pill_8,,5022,True,True,0,0,2.3927252947502176,measured,7.785717992061484,False,3.724588673631703
wood,1.0,0.0,0.0,8.0,0.0,False,0.0,3.0,0.0,6.0,0.0,0.0,0.0,0.0,False,True,True,False,plastic_part_8,,5023,True,True,0,0,2.6221962785754336,measured,8.093739182568763,True,4.711621715294537
wood,1.0,0.0,0.0,8.0,0.0,False,0.0,3.0,0.0,6.0,0.0,0.0,0.0,0.0,False,True,True,False,floor_colored_12,,5024,True,True,0,0,0.49324338478889196,measured,11.604755074175173,False,5.388995786700207
wood,1.0,0.0,0.0,8.0,0.0,False,0.0,3.0,0.0,6.0,0.0,0.0,0.0,0.0,False,True,True,False,,empty,5025,False,False,0,0,,,,False,
wood,1.0,0.0,0.0,8.0,0.0,False,0.0,3.0,0.0,6.0,0.0,0.0,0.0,0.0,False,True,True,False,,stain,5026,False,False,0,0,,,,False,
wood,1.0,0.0,0.0,8.0,0.0,False,0.0,3.0,0.0,6.0,0.0,0.0,0.0,0.0,False,True,True,False,,seam,5027,False,False,0,0,,,,False,
wood,1.0,0.0,0.0,8.0,0.0,False,0.0,3.0,0.0,6.0,0.0,0.0,0.0,0.0,False,True,True,False,coin_1yen,,5028,True,True,0,0,1.4468266005585875,measured,18.350695536140485,False,9.60511775808766
wood,1.0,0.0,0.0,8.0,0.0,False,0.0,3.0,0.0,6.0,0.0,0.0,0.0,0.0,False,True,True,False,coin_10yen,,5029,True,True,0,0,0.7410772354246813,measured,17.24336362645573,False,15.271334872007472
wood,1.0,0.0,0.0,8.0,0.0,False,0.0,3.0,0.0,6.0,0.0,0.0,0.0,0.0,False,True,True,False,button_cr2032,,5030,True,True,0,0,,specular_break,18.01482243563313,True,10.172239207250705
wood,1.0,0.0,0.0,8.0,0.0,False,0.0,3.0,0.0,6.0,0.0,0.0,0.0,0.0,False,True,True,False,button_lr44,,5031,True,True,0,0,,specular_break,11.499860512301142,True,5.66415807909459
wood,1.0,0.0,0.0,8.0,0.0,False,0.0,3.0,0.0,6.0,0.0,0.0,0.0,0.0,False,True,True,False,bead_6,,5032,True,True,0,0,,specular_break,6.960258456383671,True,17.61771426783524
wood,1.0,0.0,0.0,8.0,0.0,False,0.0,3.0,0.0,6.0,0.0,0.0,0.0,0.0,False,True,True,False,bead_10_dark,,5033,True,True,0,0,,specular_break,12.580053283309054,True,5.438469399019586
wood,1.0,0.0,0.0,8.0,0.0,False,0.0,3.0,0.0,6.0,0.0,0.0,0.0,0.0,False,True,True,False,magnet_disc_10x3,,5034,True,True,0,0,,specular_break,9.932363566004415,True,2.129804131873416
wood,1.0,0.0,0.0,8.0,0.0,False,0.0,3.0,0.0,6.0,0.0,0.0,0.0,0.0,False,True,True,False,magnet_ball_5,,5035,True,True,0,0,,specular_break,5.429982513784717,True,0.9384327449173476
wood,1.0,0.0,0.0,8.0,0.0,False,0.0,3.0,0.0,6.0,0.0,0.0,0.0,0.0,False,True,True,False,pill_8,,5036,True,True,0,0,2.307149376443725,measured,8.012352811038642,False,4.200731786743881
wood,1.0,0.0,0.0,8.0,0.0,False,0.0,3.0,0.0,6.0,0.0,0.0,0.0,0.0,False,True,True,False,plastic_part_8,,5037,True,True,0,0,2.703137222373508,measured,7.8213433909152545,True,4.458172916769354
wood,1.0,0.0,0.0,8.0,0.0,False,0.0,3.0,0.0,6.0,0.0,0.0,0.0,0.0,False,True,True,False,floor_colored_12,,5038,True,True,0,0,0.4038559921994409,measured,11.497482615666444,False,5.349212339778232
wood,1.0,0.0,0.0,8.0,0.0,False,0.0,3.0,0.0,6.0,0.0,0.0,0.0,0.0,False,True,True,False,,empty,5039,False,False,0,0,,,,False,
wood,1.0,0.0,0.0,8.0,0.0,False,0.0,3.0,0.0,6.0,0.0,0.0,0.0,0.0,False,True,True,False,,stain,5040,False,False,0,0,,,,False,
wood,1.0,0.0,0.0,8.0,0.0,False,0.0,3.0,0.0,6.0,0.0,0.0,0.0,0.0,False,True,True,False,,seam,5041,False,False,0,0,,,,False,
wood,0.5,0.0,0.0,8.0,0.0,False,0.0,3.0,0.0,6.0,0.0,0.0,0.0,0.0,False,True,True,False,coin_1yen,,6000,True,True,0,0,1.4476232271068898,measured,18.2966211076664,False,10.540099621162238
wood,0.5,0.0,0.0,8.0,0.0,False,0.0,3.0,0.0,6.0,0.0,0.0,0.0,0.0,False,True,True,False,coin_10yen,,6001,True,True,0,0,0.6682661154453271,measured,17.116338578062287,False,20.021071942672187
wood,0.5,0.0,0.0,8.0,0.0,False,0.0,3.0,0.0,6.0,0.0,0.0,0.0,0.0,False,True,True,False,button_cr2032,,6002,True,True,0,0,,specular_break,18.527729179103865,True,10.445453954994008
wood,0.5,0.0,0.0,8.0,0.0,False,0.0,3.0,0.0,6.0,0.0,0.0,0.0,0.0,False,True,True,False,button_lr44,,6003,True,True,0,0,,specular_break,11.282961054099633,True,6.118090519940205
wood,0.5,0.0,0.0,8.0,0.0,False,0.0,3.0,0.0,6.0,0.0,0.0,0.0,0.0,False,True,True,False,bead_6,,6004,True,True,0,0,2.1433477925576607,measured,7.287703711387398,True,1.6622815104560762
wood,0.5,0.0,0.0,8.0,0.0,False,0.0,3.0,0.0,6.0,0.0,0.0,0.0,0.0,False,True,True,False,bead_10_dark,,6005,True,True,0,0,,specular_break,12.573146499473086,True,5.986753532500913
wood,0.5,0.0,0.0,8.0,0.0,False,0.0,3.0,0.0,6.0,0.0,0.0,0.0,0.0,False,True,True,False,magnet_disc_10x3,,6006,True,True,0,0,,specular_break,9.738381846153334,True,4.3470603658551
wood,0.5,0.0,0.0,8.0,0.0,False,0.0,3.0,0.0,6.0,0.0,0.0,0.0,0.0,False,True,True,False,magnet_ball_5,,6007,True,True,0,0,,specular_break,6.0065193780698705,True,2.281616317478987
wood,0.5,0.0,0.0,8.0,0.0,False,0.0,3.0,0.0,6.0,0.0,0.0,0.0,0.0,False,True,True,False,pill_8,,6008,True,True,0,0,2.263219570151577,measured,7.932026791303451,False,4.5239121937699345
wood,0.5,0.0,0.0,8.0,0.0,False,0.0,3.0,0.0,6.0,0.0,0.0,0.0,0.0,False,True,True,False,plastic_part_8,,6009,True,True,0,0,2.743646223340944,measured,8.252194981086696,True,4.473642899973794
wood,0.5,0.0,0.0,8.0,0.0,False,0.0,3.0,0.0,6.0,0.0,0.0,0.0,0.0,False,True,True,False,floor_colored_12,,6010,True,True,0,0,0.5787749313631547,measured,11.613391921135431,False,6.575570145304773
wood,0.5,0.0,0.0,8.0,0.0,False,0.0,3.0,0.0,6.0,0.0,0.0,0.0,0.0,False,True,True,False,,empty,6011,False,False,0,0,,,,False,
wood,0.5,0.0,0.0,8.0,0.0,False,0.0,3.0,0.0,6.0,0.0,0.0,0.0,0.0,False,True,True,False,,stain,6012,False,False,0,0,,,,False,
wood,0.5,0.0,0.0,8.0,0.0,False,0.0,3.0,0.0,6.0,0.0,0.0,0.0,0.0,False,True,True,False,,seam,6013,False,False,0,0,,,,False,
wood,0.5,0.0,0.0,8.0,0.0,False,0.0,3.0,0.0,6.0,0.0,0.0,0.0,0.0,False,True,True,False,coin_1yen,,6014,True,True,0,0,1.4432979762163942,measured,18.649879540301956,False,10.408091276866077
wood,0.5,0.0,0.0,8.0,0.0,False,0.0,3.0,0.0,6.0,0.0,0.0,0.0,0.0,False,True,True,False,coin_10yen,,6015,True,True,0,0,0.6234675101638416,measured,17.197736200002772,False,20.888447394169148
wood,0.5,0.0,0.0,8.0,0.0,False,0.0,3.0,0.0,6.0,0.0,0.0,0.0,0.0,False,True,True,False,button_cr2032,,6016,True,True,0,0,,specular_break,18.45279491547134,True,10.472979429752616
wood,0.5,0.0,0.0,8.0,0.0,False,0.0,3.0,0.0,6.0,0.0,0.0,0.0,0.0,False,True,True,False,button_lr44,,6017,True,True,0,0,,specular_break,11.534535299377037,True,6.308771203220615
wood,0.5,0.0,0.0,8.0,0.0,False,0.0,3.0,0.0,6.0,0.0,0.0,0.0,0.0,False,True,True,False,bead_6,,6018,True,True,0,0,2.0861178104214098,measured,7.17659566832217,True,1.3815427259440056
wood,0.5,0.0,0.0,8.0,0.0,False,0.0,3.0,0.0,6.0,0.0,0.0,0.0,0.0,False,True,True,False,bead_10_dark,,6019,True,True,0,0,,specular_break,12.708188443790588,True,5.325845439486471
wood,0.5,0.0,0.0,8.0,0.0,False,0.0,3.0,0.0,6.0,0.0,0.0,0.0,0.0,False,True,True,False,magnet_disc_10x3,,6020,True,True,0,0,,specular_break,9.859288820708802,True,4.241657539939431
wood,0.5,0.0,0.0,8.0,0.0,False,0.0,3.0,0.0,6.0,0.0,0.0,0.0,0.0,False,True,True,False,magnet_ball_5,,6021,True,True,0,0,,specular_break,6.297959463121519,True,2.0652705912823612
wood,0.5,0.0,0.0,8.0,0.0,False,0.0,3.0,0.0,6.0,0.0,0.0,0.0,0.0,False,True,True,False,pill_8,,6022,True,True,0,0,2.1536991756619717,measured,8.175860389618126,False,4.443760633287377
wood,0.5,0.0,0.0,8.0,0.0,False,0.0,3.0,0.0,6.0,0.0,0.0,0.0,0.0,False,True,True,False,plastic_part_8,,6023,True,True,0,0,2.7022667517950225,measured,8.15840108514598,True,4.548538129578629
wood,0.5,0.0,0.0,8.0,0.0,False,0.0,3.0,0.0,6.0,0.0,0.0,0.0,0.0,False,True,True,False,floor_colored_12,,6024,True,True,0,0,0.6037124986741915,measured,11.357841792551158,False,6.290292664883961
wood,0.5,0.0,0.0,8.0,0.0,False,0.0,3.0,0.0,6.0,0.0,0.0,0.0,0.0,False,True,True,False,,empty,6025,False,False,0,0,,,,False,
wood,0.5,0.0,0.0,8.0,0.0,False,0.0,3.0,0.0,6.0,0.0,0.0,0.0,0.0,False,True,True,False,,stain,6026,False,False,0,0,,,,False,
wood,0.5,0.0,0.0,8.0,0.0,False,0.0,3.0,0.0,6.0,0.0,0.0,0.0,0.0,False,True,True,False,,seam,6027,False,False,0,0,,,,False,
wood,0.5,0.0,0.0,8.0,0.0,False,0.0,3.0,0.0,6.0,0.0,0.0,0.0,0.0,False,True,True,False,coin_1yen,,6028,True,True,0,0,1.46264150937985,measured,18.281393908789806,False,10.400928262840672
wood,0.5,0.0,0.0,8.0,0.0,False,0.0,3.0,0.0,6.0,0.0,0.0,0.0,0.0,False,True,True,False,coin_10yen,,6029,True,True,0,0,0.7214814517778354,measured,17.20757021764653,False,18.87794568252127
wood,0.5,0.0,0.0,8.0,0.0,False,0.0,3.0,0.0,6.0,0.0,0.0,0.0,0.0,False,True,True,False,button_cr2032,,6030,True,True,0,0,0.5784629911479637,measured,18.565275705489665,True,10.234479528283984
wood,0.5,0.0,0.0,8.0,0.0,False,0.0,3.0,0.0,6.0,0.0,0.0,0.0,0.0,False,True,True,False,button_lr44,,6031,True,True,0,0,,specular_break,11.644859771074461,True,6.27642827025469
wood,0.5,0.0,0.0,8.0,0.0,False,0.0,3.0,0.0,6.0,0.0,0.0,0.0,0.0,False,True,True,False,bead_6,,6032,True,True,0,0,2.0452173238495046,measured,7.116061073476792,True,1.6172381988030136
wood,0.5,0.0,0.0,8.0,0.0,False,0.0,3.0,0.0,6.0,0.0,0.0,0.0,0.0,False,True,True,False,bead_10_dark,,6033,True,True,0,0,,specular_break,12.571538883256059,True,6.058746912769074
wood,0.5,0.0,0.0,8.0,0.0,False,0.0,3.0,0.0,6.0,0.0,0.0,0.0,0.0,False,True,True,False,magnet_disc_10x3,,6034,True,True,0,0,,specular_break,9.79110612943792,True,4.337279050665899
wood,0.5,0.0,0.0,8.0,0.0,False,0.0,3.0,0.0,6.0,0.0,0.0,0.0,0.0,False,True,True,False,magnet_ball_5,,6035,True,True,0,0,,specular_break,6.241545544972593,True,2.1134156835185816
wood,0.5,0.0,0.0,8.0,0.0,False,0.0,3.0,0.0,6.0,0.0,0.0,0.0,0.0,False,True,True,False,pill_8,,6036,True,True,0,0,2.485182656665101,measured,7.923811526939184,True,4.318641019192432
wood,0.5,0.0,0.0,8.0,0.0,False,0.0,3.0,0.0,6.0,0.0,0.0,0.0,0.0,False,True,True,False,plastic_part_8,,6037,True,True,0,0,2.6846736154333026,measured,8.017161797420545,True,4.553295955642998
wood,0.5,0.0,0.0,8.0,0.0,False,0.0,3.0,0.0,6.0,0.0,0.0,0.0,0.0,False,True,True,False,floor_colored_12,,6038,True,True,0,0,0.5570207060886236,measured,11.707532058317364,False,6.14744501712421
wood,0.5,0.0,0.0,8.0,0.0,False,0.0,3.0,0.0,6.0,0.0,0.0,0.0,0.0,False,True,True,False,,empty,6039,False,False,0,0,,,,False,
wood,0.5,0.0,0.0,8.0,0.0,False,0.0,3.0,0.0,6.0,0.0,0.0,0.0,0.0,False,True,True,False,,stain,6040,False,False,0,0,,,,False,
wood,0.5,0.0,0.0,8.0,0.0,False,0.0,3.0,0.0,6.0,0.0,0.0,0.0,0.0,False,True,True,False,,seam,6041,False,False,0,0,,,,False,
wood,2.0,0.0,0.0,8.0,0.0,False,0.0,3.0,0.0,6.0,0.0,0.0,0.0,0.0,False,True,True,False,coin_1yen,,7000,True,True,0,0,1.2217876741897928,measured,18.53429311156646,False,6.78102643985866
wood,2.0,0.0,0.0,8.0,0.0,False,0.0,3.0,0.0,6.0,0.0,0.0,0.0,0.0,False,True,True,False,coin_10yen,,7001,True,True,0,0,0.7127898670992607,measured,17.162465724937544,False,19.355971055230466
wood,2.0,0.0,0.0,8.0,0.0,False,0.0,3.0,0.0,6.0,0.0,0.0,0.0,0.0,False,True,True,False,button_cr2032,,7002,True,True,0,0,,specular_break,18.420658002637037,True,9.430853593782372
wood,2.0,0.0,0.0,8.0,0.0,False,0.0,3.0,0.0,6.0,0.0,0.0,0.0,0.0,False,True,True,False,button_lr44,,7003,True,True,0,0,,specular_break,13.054838972335906,True,9.541816642291975
wood,2.0,0.0,0.0,8.0,0.0,False,0.0,3.0,0.0,6.0,0.0,0.0,0.0,0.0,False,True,True,False,bead_6,,7004,True,True,0,0,,specular_break,5.465803179456223,True,14.088584390060166
wood,2.0,0.0,0.0,8.0,0.0,False,0.0,3.0,0.0,6.0,0.0,0.0,0.0,0.0,False,True,True,False,bead_10_dark,,7005,True,True,0,0,,specular_break,12.482665923468026,True,5.162379275429233
wood,2.0,0.0,0.0,8.0,0.0,False,0.0,3.0,0.0,6.0,0.0,0.0,0.0,0.0,False,True,True,False,magnet_disc_10x3,,7006,True,True,0,0,,specular_break,8.68482386118332,True,1.822741888620129
wood,2.0,0.0,0.0,8.0,0.0,False,0.0,3.0,0.0,6.0,0.0,0.0,0.0,0.0,False,True,True,False,magnet_ball_5,,7007,True,True,0,0,,specular_break,4.626086696247687,True,8.0370115544404
wood,2.0,0.0,0.0,8.0,0.0,False,0.0,3.0,0.0,6.0,0.0,0.0,0.0,0.0,False,True,True,False,pill_8,,7008,True,True,0,0,2.0028474005385615,measured,8.159909022421092,False,6.956246272307128
wood,2.0,0.0,0.0,8.0,0.0,False,0.0,3.0,0.0,6.0,0.0,0.0,0.0,0.0,False,True,True,False,plastic_part_8,,7009,True,True,0,0,0.6307732172188665,measured,7.85060178828359,False,3.6713947868860672
wood,2.0,0.0,0.0,8.0,0.0,False,0.0,3.0,0.0,6.0,0.0,0.0,0.0,0.0,False,True,True,False,floor_colored_12,,7010,True,True,0,0,1.3079066567258284,measured,10.034470875418297,False,2.7481581190002915
wood,2.0,0.0,0.0,8.0,0.0,False,0.0,3.0,0.0,6.0,0.0,0.0,0.0,0.0,False,True,True,False,,empty,7011,False,False,0,0,,,,False,
wood,2.0,0.0,0.0,8.0,0.0,False,0.0,3.0,0.0,6.0,0.0,0.0,0.0,0.0,False,True,True,False,,stain,7012,False,False,0,0,,,,False,
wood,2.0,0.0,0.0,8.0,0.0,False,0.0,3.0,0.0,6.0,0.0,0.0,0.0,0.0,False,True,True,False,,seam,7013,False,False,0,0,,,,False,
wood,2.0,0.0,0.0,8.0,0.0,False,0.0,3.0,0.0,6.0,0.0,0.0,0.0,0.0,False,True,True,False,coin_1yen,,7014,True,True,0,0,0.8986502011615247,measured,18.567978720211396,False,6.465506891152343
wood,2.0,0.0,0.0,8.0,0.0,False,0.0,3.0,0.0,6.0,0.0,0.0,0.0,0.0,False,True,True,False,coin_10yen,,7015,True,True,0,0,0.7584892456070307,measured,17.22265849878848,False,14.157854419227228
wood,2.0,0.0,0.0,8.0,0.0,False,0.0,3.0,0.0,6.0,0.0,0.0,0.0,0.0,False,True,True,False,button_cr2032,,7016,True,True,0,0,,specular_break,18.352937451464182,True,9.241171436106647
wood,2.0,0.0,0.0,8.0,0.0,False,0.0,3.0,0.0,6.0,0.0,0.0,0.0,0.0,False,True,True,False,button_lr44,,7017,True,True,0,0,,specular_break,13.154308360681714,True,8.836437328941214
wood,2.0,0.0,0.0,8.0,0.0,False,0.0,3.0,0.0,6.0,0.0,0.0,0.0,0.0,False,True,True,False,bead_6,,7018,True,True,0,0,,specular_break,5.515132832212795,True,15.215611384717283
wood,2.0,0.0,0.0,8.0,0.0,False,0.0,3.0,0.0,6.0,0.0,0.0,0.0,0.0,False,True,True,False,bead_10_dark,,7019,True,True,0,0,,specular_break,12.470595512498475,True,5.1743536412440605
wood,2.0,0.0,0.0,8.0,0.0,False,0.0,3.0,0.0,6.0,0.0,0.0,0.0,0.0,False,True,True,False,magnet_disc_10x3,,7020,True,True,0,0,,specular_break,8.632366070423634,True,2.067893789625179
wood,2.0,0.0,0.0,8.0,0.0,False,0.0,3.0,0.0,6.0,0.0,0.0,0.0,0.0,False,True,True,False,magnet_ball_5,,7021,True,True,0,0,,specular_break,4.5031652307764265,True,12.571870395279346
wood,2.0,0.0,0.0,8.0,0.0,False,0.0,3.0,0.0,6.0,0.0,0.0,0.0,0.0,False,True,True,False,pill_8,,7022,True,True,0,0,1.9257597281303447,measured,8.556568311592414,False,4.999312803210118
wood,2.0,0.0,0.0,8.0,0.0,False,0.0,3.0,0.0,6.0,0.0,0.0,0.0,0.0,False,True,True,False,plastic_part_8,,7023,True,True,0,0,2.493754811997256,measured,7.499471949835551,False,3.693589327596875
wood,2.0,0.0,0.0,8.0,0.0,False,0.0,3.0,0.0,6.0,0.0,0.0,0.0,0.0,False,True,True,False,floor_colored_12,,7024,True,True,0,0,2.360765885953125,measured,10.045693047915142,False,4.00434758588926
wood,2.0,0.0,0.0,8.0,0.0,False,0.0,3.0,0.0,6.0,0.0,0.0,0.0,0.0,False,True,True,False,,empty,7025,False,False,0,0,,,,False,
wood,2.0,0.0,0.0,8.0,0.0,False,0.0,3.0,0.0,6.0,0.0,0.0,0.0,0.0,False,True,True,False,,stain,7026,False,False,0,0,,,,False,
wood,2.0,0.0,0.0,8.0,0.0,False,0.0,3.0,0.0,6.0,0.0,0.0,0.0,0.0,False,True,True,False,,seam,7027,False,False,0,0,,,,False,
wood,2.0,0.0,0.0,8.0,0.0,False,0.0,3.0,0.0,6.0,0.0,0.0,0.0,0.0,False,True,True,False,coin_1yen,,7028,True,True,0,0,1.204036551748473,measured,18.79147020874374,False,6.338995954722409
wood,2.0,0.0,0.0,8.0,0.0,False,0.0,3.0,0.0,6.0,0.0,0.0,0.0,0.0,False,True,True,False,coin_10yen,,7029,True,True,0,0,0.7267616748714953,measured,17.168674075530934,False,17.547773901359452
wood,2.0,0.0,0.0,8.0,0.0,False,0.0,3.0,0.0,6.0,0.0,0.0,0.0,0.0,False,True,True,False,button_cr2032,,7030,True,True,0,0,,specular_break,19.415852260283888,True,4.622412758003889
wood,2.0,0.0,0.0,8.0,0.0,False,0.0,3.0,0.0,6.0,0.0,0.0,0.0,0.0,False,True,True,False,button_lr44,,7031,True,True,0,0,,specular_break,13.036258755112774,True,8.264626303867951
wood,2.0,0.0,0.0,8.0,0.0,False,0.0,3.0,0.0,6.0,0.0,0.0,0.0,0.0,False,True,True,False,bead_6,,7032,True,True,0,0,,specular_break,5.289772699195215,True,14.911533220907154
wood,2.0,0.0,0.0,8.0,0.0,False,0.0,3.0,0.0,6.0,0.0,0.0,0.0,0.0,False,True,True,False,bead_10_dark,,7033,True,True,0,0,,specular_break,12.405341466046425,True,5.279608446028348
wood,2.0,0.0,0.0,8.0,0.0,False,0.0,3.0,0.0,6.0,0.0,0.0,0.0,0.0,False,True,True,False,magnet_disc_10x3,,7034,True,True,0,0,,specular_break,8.550101371725058,True,1.6889770893889475
wood,2.0,0.0,0.0,8.0,0.0,False,0.0,3.0,0.0,6.0,0.0,0.0,0.0,0.0,False,True,True,False,magnet_ball_5,,7035,True,True,0,0,,specular_break,4.657586158744012,True,9.082787158522722
wood,2.0,0.0,0.0,8.0,0.0,False,0.0,3.0,0.0,6.0,0.0,0.0,0.0,0.0,False,True,True,False,pill_8,,7036,True,True,0,0,1.9272987787528777,measured,8.43607239626257,False,2.512217741791563
wood,2.0,0.0,0.0,8.0,0.0,False,0.0,3.0,0.0,6.0,0.0,0.0,0.0,0.0,False,True,True,False,plastic_part_8,,7037,True,True,0,0,2.562581957689398,measured,7.7306303691044285,False,3.6726207717596253
wood,2.0,0.0,0.0,8.0,0.0,False,0.0,3.0,0.0,6.0,0.0,0.0,0.0,0.0,False,True,True,False,floor_colored_12,,7038,True,True,0,0,1.7916665400700147,measured,11.44023102996269,False,3.98958735728727
wood,2.0,0.0,0.0,8.0,0.0,False,0.0,3.0,0.0,6.0,0.0,0.0,0.0,0.0,False,True,True,False,,empty,7039,False,False,0,0,,,,False,
wood,2.0,0.0,0.0,8.0,0.0,False,0.0,3.0,0.0,6.0,0.0,0.0,0.0,0.0,False,True,True,False,,stain,7040,False,False,0,0,,,,False,
wood,2.0,0.0,0.0,8.0,0.0,False,0.0,3.0,0.0,6.0,0.0,0.0,0.0,0.0,False,True,True,False,,seam,7041,False,False,0,0,,,,False,
wood,3.0,0.0,0.0,8.0,0.0,False,0.0,3.0,0.0,6.0,0.0,0.0,0.0,0.0,False,True,True,False,coin_1yen,,8000,True,True,0,0,0.7372384034457049,measured,15.292171331109413,False,12.534319519745079
wood,3.0,0.0,0.0,8.0,0.0,False,0.0,3.0,0.0,6.0,0.0,0.0,0.0,0.0,False,True,True,False,coin_10yen,,8001,True,True,0,0,0.7381871224136969,measured,17.28809060428347,False,17.78663489891058
wood,3.0,0.0,0.0,8.0,0.0,False,0.0,3.0,0.0,6.0,0.0,0.0,0.0,0.0,False,True,True,False,button_cr2032,,8002,True,True,0,0,,specular_break,19.082105510895083,True,4.878969859731724
wood,3.0,0.0,0.0,8.0,0.0,False,0.0,3.0,0.0,6.0,0.0,0.0,0.0,0.0,False,True,True,False,button_lr44,,8003,True,True,0,0,,specular_break,12.98595410380468,True,11.79756066203402
wood,3.0,0.0,0.0,8.0,0.0,False,0.0,3.0,0.0,6.0,0.0,0.0,0.0,0.0,False,True,True,False,bead_6,,8004,True,True,0,0,,specular_break,5.55637821413632,True,10.945498752358782
wood,3.0,0.0,0.0,8.0,0.0,False,0.0,3.0,0.0,6.0,0.0,0.0,0.0,0.0,False,True,True,False,bead_10_dark,,8005,True,True,0,0,,specular_break,11.962054597870393,True,4.703378095132166
wood,3.0,0.0,0.0,8.0,0.0,False,0.0,3.0,0.0,6.0,0.0,0.0,0.0,0.0,False,True,True,False,magnet_disc_10x3,,8006,True,True,0,0,,specular_break,8.623089277432335,True,1.045651110366145
wood,3.0,0.0,0.0,8.0,0.0,False,0.0,3.0,0.0,6.0,0.0,0.0,0.0,0.0,False,True,True,False,magnet_ball_5,,8007,True,True,0,0,,specular_break,4.620450425174994,True,9.127063967102146
wood,3.0,0.0,0.0,8.0,0.0,False,0.0,3.0,0.0,6.0,0.0,0.0,0.0,0.0,False,True,True,False,pill_8,,8008,True,True,0,0,1.8720166255909358,measured,8.289305635643046,False,3.033018717611923
wood,3.0,0.0,0.0,8.0,0.0,False,0.0,3.0,0.0,6.0,0.0,0.0,0.0,0.0,False,True,True,False,plastic_part_8,,8009,True,True,0,0,1.426823354821984,measured,7.169173458114161,True,7.7990264891119505
wood,3.0,0.0,0.0,8.0,0.0,False,0.0,3.0,0.0,6.0,0.0,0.0,0.0,0.0,False,True,True,False,floor_colored_12,,8010,True,True,0,0,2.7186804923302503,measured,9.907680204123029,False,4.335896361797316
wood,3.0,0.0,0.0,8.0,0.0,False,0.0,3.0,0.0,6.0,0.0,0.0,0.0,0.0,False,True,True,False,,empty,8011,False,False,0,0,,,,False,
wood,3.0,0.0,0.0,8.0,0.0,False,0.0,3.0,0.0,6.0,0.0,0.0,0.0,0.0,False,True,True,False,,stain,8012,False,False,0,0,,,,False,
wood,3.0,0.0,0.0,8.0,0.0,False,0.0,3.0,0.0,6.0,0.0,0.0,0.0,0.0,False,True,True,False,,seam,8013,False,False,0,0,,,,False,
wood,3.0,0.0,0.0,8.0,0.0,False,0.0,3.0,0.0,6.0,0.0,0.0,0.0,0.0,False,True,True,False,coin_1yen,,8014,True,True,0,0,0.5811015238834578,measured,18.677133865840606,False,4.390092679234701
wood,3.0,0.0,0.0,8.0,0.0,False,0.0,3.0,0.0,6.0,0.0,0.0,0.0,0.0,False,True,True,False,coin_10yen,,8015,True,True,0,0,0.7934012839560189,measured,17.29451773764862,False,12.821364297323695
wood,3.0,0.0,0.0,8.0,0.0,False,0.0,3.0,0.0,6.0,0.0,0.0,0.0,0.0,False,True,True,False,button_cr2032,,8016,True,True,0,0,,specular_break,19.980633360847087,True,0.1830363934915378
wood,3.0,0.0,0.0,8.0,0.0,False,0.0,3.0,0.0,6.0,0.0,0.0,0.0,0.0,False,True,True,False,button_lr44,,8017,True,True,0,0,,specular_break,12.711148637666108,True,11.063912416707968
wood,3.0,0.0,0.0,8.0,0.0,False,0.0,3.0,0.0,6.0,0.0,0.0,0.0,0.0,False,True,True,False,bead_6,,8018,True,True,0,0,,specular_break,5.44062610692148,True,9.6866821221082
wood,3.0,0.0,0.0,8.0,0.0,False,0.0,3.0,0.0,6.0,0.0,0.0,0.0,0.0,False,True,True,False,bead_10_dark,,8019,True,True,0,0,,specular_break,12.481908417170258,True,4.966290464425896
wood,3.0,0.0,0.0,8.0,0.0,False,0.0,3.0,0.0,6.0,0.0,0.0,0.0,0.0,False,True,True,False,magnet_disc_10x3,,8020,True,True,0,0,,specular_break,8.60478909625619,True,1.703096103109076
wood,3.0,0.0,0.0,8.0,0.0,False,0.0,3.0,0.0,6.0,0.0,0.0,0.0,0.0,False,True,True,False,magnet_ball_5,,8021,True,True,0,0,,specular_break,4.703309200558656,True,8.002754673376456
wood,3.0,0.0,0.0,8.0,0.0,False,0.0,3.0,0.0,6.0,0.0,0.0,0.0,0.0,False,True,True,False,pill_8,,8022,True,True,0,0,0.7931481076675073,measured,8.243743512278181,False,3.795527002157193
wood,3.0,0.0,0.0,8.0,0.0,False,0.0,3.0,0.0,6.0,0.0,0.0,0.0,0.0,False,True,True,False,plastic_part_8,,8023,True,True,0,0,-0.00048231196587167346,measured,7.4877494458108,False,2.409680663336345
wood,3.0,0.0,0.0,8.0,0.0,False,0.0,3.0,0.0,6.0,0.0,0.0,0.0,0.0,False,True,True,False,floor_colored_12,,8024,True,True,0,0,2.3619217800804453,measured,9.97256860285316,False,3.5395221329396156
wood,3.0,0.0,0.0,8.0,0.0,False,0.0,3.0,0.0,6.0,0.0,0.0,0.0,0.0,False,True,True,False,,empty,8025,False,False,0,0,,,,False,
wood,3.0,0.0,0.0,8.0,0.0,False,0.0,3.0,0.0,6.0,0.0,0.0,0.0,0.0,False,True,True,False,,stain,8026,False,False,0,0,,,,False,
wood,3.0,0.0,0.0,8.0,0.0,False,0.0,3.0,0.0,6.0,0.0,0.0,0.0,0.0,False,True,True,False,,seam,8027,False,False,0,0,,,,False,
wood,3.0,0.0,0.0,8.0,0.0,False,0.0,3.0,0.0,6.0,0.0,0.0,0.0,0.0,False,True,True,False,coin_1yen,,8028,True,True,0,0,0.7247949630921635,measured,15.222572042589139,False,14.42542405780747
wood,3.0,0.0,0.0,8.0,0.0,False,0.0,3.0,0.0,6.0,0.0,0.0,0.0,0.0,False,True,True,False,coin_10yen,,8029,True,True,0,0,0.7025704761549427,measured,17.21802133572596,False,18.66936964668399
wood,3.0,0.0,0.0,8.0,0.0,False,0.0,3.0,0.0,6.0,0.0,0.0,0.0,0.0,False,True,True,False,button_cr2032,,8030,True,True,0,0,,specular_break,19.81484110942963,True,1.1347566344034532
wood,3.0,0.0,0.0,8.0,0.0,False,0.0,3.0,0.0,6.0,0.0,0.0,0.0,0.0,False,True,True,False,button_lr44,,8031,True,True,0,0,,specular_break,12.832225103467017,True,6.194193352579866
wood,3.0,0.0,0.0,8.0,0.0,False,0.0,3.0,0.0,6.0,0.0,0.0,0.0,0.0,False,True,True,False,bead_6,,8032,True,True,0,0,,specular_break,5.427790116228152,True,11.953994294910462
wood,3.0,0.0,0.0,8.0,0.0,False,0.0,3.0,0.0,6.0,0.0,0.0,0.0,0.0,False,True,True,False,bead_10_dark,,8033,True,True,0,0,,specular_break,12.491659908121173,True,5.036504201096875
wood,3.0,0.0,0.0,8.0,0.0,False,0.0,3.0,0.0,6.0,0.0,0.0,0.0,0.0,False,True,True,False,magnet_disc_10x3,,8034,True,True,0,0,,specular_break,8.6930222343792,True,1.6381390587985667
wood,3.0,0.0,0.0,8.0,0.0,False,0.0,3.0,0.0,6.0,0.0,0.0,0.0,0.0,False,True,True,False,magnet_ball_5,,8035,True,True,0,0,,specular_break,4.549649311867607,True,8.392904834580037
wood,3.0,0.0,0.0,8.0,0.0,False,0.0,3.0,0.0,6.0,0.0,0.0,0.0,0.0,False,True,True,False,pill_8,,8036,True,True,0,0,0.7582926299875759,measured,8.292337118742658,False,4.349944031103359
wood,3.0,0.0,0.0,8.0,0.0,False,0.0,3.0,0.0,6.0,0.0,0.0,0.0,0.0,False,True,True,False,plastic_part_8,,8037,True,True,0,0,0.4617582754559333,measured,7.660334841309483,False,2.380107762180793
wood,3.0,0.0,0.0,8.0,0.0,False,0.0,3.0,0.0,6.0,0.0,0.0,0.0,0.0,False,True,True,False,floor_colored_12,,8038,True,True,0,0,1.3162937441050158,measured,10.012663243718524,False,2.863836409743592
wood,3.0,0.0,0.0,8.0,0.0,False,0.0,3.0,0.0,6.0,0.0,0.0,0.0,0.0,False,True,True,False,,empty,8039,False,False,0,0,,,,False,
wood,3.0,0.0,0.0,8.0,0.0,False,0.0,3.0,0.0,6.0,0.0,0.0,0.0,0.0,False,True,True,False,,stain,8040,False,False,0,0,,,,False,
wood,3.0,0.0,0.0,8.0,0.0,False,0.0,3.0,0.0,6.0,0.0,0.0,0.0,0.0,False,True,True,False,,seam,8041,False,False,0,0,,,,False,
wood,1.0,0.0,0.0,8.0,0.0,False,0.0,3.0,0.0,6.0,0.0,0.0,0.0,0.0,False,True,True,False,coin_1yen,,9000,True,True,0,0,1.4747691515215102,measured,18.03067267391495,False,9.688916625057445
wood,1.0,0.0,0.0,8.0,0.0,False,0.0,3.0,0.0,6.0,0.0,0.0,0.0,0.0,False,True,True,False,coin_10yen,,9001,True,True,0,0,0.7307679590532974,measured,17.19238634124803,False,18.301931974901013
wood,1.0,0.0,0.0,8.0,0.0,False,0.0,3.0,0.0,6.0,0.0,0.0,0.0,0.0,False,True,True,False,button_cr2032,,9002,True,True,0,0,,specular_break,18.659543703025975,True,10.411606448899688
wood,1.0,0.0,0.0,8.0,0.0,False,0.0,3.0,0.0,6.0,0.0,0.0,0.0,0.0,False,True,True,False,button_lr44,,9003,True,True,0,0,,specular_break,11.518906562791026,True,5.913682390370974
wood,1.0,0.0,0.0,8.0,0.0,False,0.0,3.0,0.0,6.0,0.0,0.0,0.0,0.0,False,True,True,False,bead_6,,9004,True,True,0,0,1.8948754807018666,measured,6.716118344171974,True,10.237641022918964
wood,1.0,0.0,0.0,8.0,0.0,False,0.0,3.0,0.0,6.0,0.0,0.0,0.0,0.0,False,True,True,False,bead_10_dark,,9005,True,True,0,0,,specular_break,12.748406337255012,True,5.433420918698523
wood,1.0,0.0,0.0,8.0,0.0,False,0.0,3.0,0.0,6.0,0.0,0.0,0.0,0.0,False,True,True,False,magnet_disc_10x3,,9006,True,True,0,0,,specular_break,9.924140358119843,True,2.7384752047822065
wood,1.0,0.0,0.0,8.0,0.0,False,0.0,3.0,0.0,6.0,0.0,0.0,0.0,0.0,False,True,True,False,magnet_ball_5,,9007,True,True,0,0,,specular_break,4.542164890735428,True,12.102508120703789
wood,1.0,0.0,0.0,8.0,0.0,False,0.0,3.0,0.0,6.0,0.0,0.0,0.0,0.0,False,True,True,False,pill_8,,9008,True,True,0,0,2.395315733921496,measured,8.025492630756087,False,4.0626784445618105
wood,1.0,0.0,0.0,8.0,0.0,False,0.0,3.0,0.0,6.0,0.0,0.0,0.0,0.0,False,True,True,False,plastic_part_8,,9009,True,True,0,0,2.7597303306341594,measured,7.81881780942822,True,4.340279613918554
wood,1.0,0.0,0.0,8.0,0.0,False,0.0,3.0,0.0,6.0,0.0,0.0,0.0,0.0,False,True,True,False,floor_colored_12,,9010,True,True,0,0,0.6098917519868046,measured,11.294393223260746,False,5.880121583997136
wood,1.0,0.0,0.0,8.0,0.0,False,0.0,3.0,0.0,6.0,0.0,0.0,0.0,0.0,False,True,True,False,,empty,9011,False,False,0,0,,,,False,
wood,1.0,0.0,0.0,8.0,0.0,False,0.0,3.0,0.0,6.0,0.0,0.0,0.0,0.0,False,True,True,False,,stain,9012,False,False,0,0,,,,False,
wood,1.0,0.0,0.0,8.0,0.0,False,0.0,3.0,0.0,6.0,0.0,0.0,0.0,0.0,False,True,True,False,,seam,9013,False,False,0,0,,,,False,
wood,1.0,0.0,0.0,8.0,0.0,False,0.0,3.0,0.0,6.0,0.0,0.0,0.0,0.0,False,True,True,False,coin_1yen,,9014,True,True,0,0,1.4602655107830333,measured,18.580181897865163,False,9.871648268739708
wood,1.0,0.0,0.0,8.0,0.0,False,0.0,3.0,0.0,6.0,0.0,0.0,0.0,0.0,False,True,True,False,coin_10yen,,9015,True,True,0,0,0.660313977505929,measured,17.116338578062287,False,20.140760921168997
wood,1.0,0.0,0.0,8.0,0.0,False,0.0,3.0,0.0,6.0,0.0,0.0,0.0,0.0,False,True,True,False,button_cr2032,,9016,True,True,0,0,0.6063616161213723,measured,18.507261837005814,True,10.39070718452672
wood,1.0,0.0,0.0,8.0,0.0,False,0.0,3.0,0.0,6.0,0.0,0.0,0.0,0.0,False,True,True,False,button_lr44,,9017,True,True,0,0,,specular_break,11.246429269396263,True,5.868949821076011
wood,1.0,0.0,0.0,8.0,0.0,False,0.0,3.0,0.0,6.0,0.0,0.0,0.0,0.0,False,True,True,False,bead_6,,9018,True,True,0,0,,specular_break,6.729067580586748,True,17.909736771161338
wood,1.0,0.0,0.0,8.0,0.0,False,0.0,3.0,0.0,6.0,0.0,0.0,0.0,0.0,False,True,True,False,bead_10_dark,,9019,True,True,0,0,,specular_break,12.33008570722519,True,5.467590892333817
wood,1.0,0.0,0.0,8.0,0.0,False,0.0,3.0,0.0,6.0,0.0,0.0,0.0,0.0,False,True,True,False,magnet_disc_10x3,,9020,True,True,0,0,,specular_break,9.821585006408172,True,3.0291638451943346
wood,1.0,0.0,0.0,8.0,0.0,False,0.0,3.0,0.0,6.0,0.0,0.0,0.0,0.0,False,True,True,False,magnet_ball_5,,9021,True,True,0,0,,specular_break,4.451245572195263,True,12.883776825075799
wood,1.0,0.0,0.0,8.0,0.0,False,0.0,3.0,0.0,6.0,0.0,0.0,0.0,0.0,False,True,True,False,pill_8,,9022,True,True,0,0,2.3152565297220615,measured,7.908546767916144,False,4.491065464995696
wood,1.0,0.0,0.0,8.0,0.0,False,0.0,3.0,0.0,6.0,0.0,0.0,0.0,0.0,False,True,True,False,plastic_part_8,,9023,True,True,0,0,2.7016067979698537,measured,7.843693662961626,True,4.544745597261354
wood,1.0,0.0,0.0,8.0,0.0,False,0.0,3.0,0.0,6.0,0.0,0.0,0.0,0.0,False,True,True,False,floor_colored_12,,9024,True,True,0,0,0.576524778956232,measured,11.753748004550555,False,5.718794023297619
wood,1.0,0.0,0.0,8.0,0.0,False,0.0,3.0,0.0,6.0,0.0,0.0,0.0,0.0,False,True,True,False,,empty,9025,False,False,0,0,,,,False,
wood,1.0,0.0,0.0,8.0,0.0,False,0.0,3.0,0.0,6.0,0.0,0.0,0.0,0.0,False,True,True,False,,stain,9026,False,False,0,0,,,,False,
wood,1.0,0.0,0.0,8.0,0.0,False,0.0,3.0,0.0,6.0,0.0,0.0,0.0,0.0,False,True,True,False,,seam,9027,False,False,0,0,,,,False,
wood,1.0,0.0,0.0,8.0,0.0,False,0.0,3.0,0.0,6.0,0.0,0.0,0.0,0.0,False,True,True,False,coin_1yen,,9028,True,True,0,0,1.4468256175388863,measured,18.477900780713075,False,9.797883060708918
wood,1.0,0.0,0.0,8.0,0.0,False,0.0,3.0,0.0,6.0,0.0,0.0,0.0,0.0,False,True,True,False,coin_10yen,,9029,True,True,0,0,0.7084280193118282,measured,17.159876353503773,False,19.72400321670462
wood,1.0,0.0,0.0,8.0,0.0,False,0.0,3.0,0.0,6.0,0.0,0.0,0.0,0.0,False,True,True,False,button_cr2032,,9030,True,True,0,0,,specular_break,18.230761062230215,True,10.17737527275287
wood,1.0,0.0,0.0,8.0,0.0,False,0.0,3.0,0.0,6.0,0.0,0.0,0.0,0.0,False,True,True,False,button_lr44,,9031,True,True,0,0,,specular_break,11.146631353787777,True,6.010036099373555
wood,1.0,0.0,0.0,8.0,0.0,False,0.0,3.0,0.0,6.0,0.0,0.0,0.0,0.0,False,True,True,False,bead_6,,9032,True,True,0,0,,specular_break,6.968451285783653,True,15.2188029616259
wood,1.0,0.0,0.0,8.0,0.0,False,0.0,3.0,0.0,6.0,0.0,0.0,0.0,0.0,False,True,True,False,bead_10_dark,,9033,True,True,0,0,,specular_break,12.528930980935232,True,5.39351587612405
wood,1.0,0.0,0.0,8.0,0.0,False,0.0,3.0,0.0,6.0,0.0,0.0,0.0,0.0,False,True,True,False,magnet_disc_10x3,,9034,True,True,0,0,,specular_break,9.785455774745841,True,2.9570630238423794
wood,1.0,0.0,0.0,8.0,0.0,False,0.0,3.0,0.0,6.0,0.0,0.0,0.0,0.0,False,True,True,False,magnet_ball_5,,9035,True,True,0,0,,specular_break,4.615007969064932,True,10.97106100089764
wood,1.0,0.0,0.0,8.0,0.0,False,0.0,3.0,0.0,6.0,0.0,0.0,0.0,0.0,False,True,True,False,pill_8,,9036,True,True,0,0,2.2967636710717514,measured,7.881088658517837,False,4.402991850347935
wood,1.0,0.0,0.0,8.0,0.0,False,0.0,3.0,0.0,6.0,0.0,0.0,0.0,0.0,False,True,True,False,plastic_part_8,,9037,True,True,0,0,2.74293921130376,measured,8.049640635860177,True,4.167424026509176
wood,1.0,0.0,0.0,8.0,0.0,False,0.0,3.0,0.0,6.0,0.0,0.0,0.0,0.0,False,True,True,False,floor_colored_12,,9038,True,True,0,0,0.7303550315274645,measured,11.353916786754679,False,6.140193813240509
wood,1.0,0.0,0.0,8.0,0.0,False,0.0,3.0,0.0,6.0,0.0,0.0,0.0,0.0,False,True,True,False,,empty,9039,False,False,0,0,,,,False,
wood,1.0,0.0,0.0,8.0,0.0,False,0.0,3.0,0.0,6.0,0.0,0.0,0.0,0.0,False,True,True,False,,stain,9040,False,False,0,0,,,,False,
wood,1.0,0.0,0.0,8.0,0.0,False,0.0,3.0,0.0,6.0,0.0,0.0,0.0,0.0,False,True,True,False,,seam,9041,False,False,0,0,,,,False,
wood,1.0,0.1,0.0,8.0,0.0,False,0.0,3.0,0.0,6.0,0.0,0.0,0.0,0.0,False,True,True,False,coin_1yen,,10000,True,True,0,0,1.5406475417337528,measured,18.391632082277766,False,9.531210430282112
wood,1.0,0.1,0.0,8.0,0.0,False,0.0,3.0,0.0,6.0,0.0,0.0,0.0,0.0,False,True,True,False,coin_10yen,,10001,True,True,0,0,0.7489790329833017,measured,17.203556701668774,False,18.933067433518605
wood,1.0,0.1,0.0,8.0,0.0,False,0.0,3.0,0.0,6.0,0.0,0.0,0.0,0.0,False,True,True,False,button_cr2032,,10002,True,True,0,0,,specular_break,18.516323066765604,True,10.21349537319774
wood,1.0,0.1,0.0,8.0,0.0,False,0.0,3.0,0.0,6.0,0.0,0.0,0.0,0.0,False,True,True,False,button_lr44,,10003,True,True,0,0,,specular_break,11.437837352837327,True,5.595027526412884
wood,1.0,0.1,0.0,8.0,0.0,False,0.0,3.0,0.0,6.0,0.0,0.0,0.0,0.0,False,True,True,False,bead_6,,10004,True,True,0,0,,specular_break,6.729949093512933,True,19.287799130763542
wood,1.0,0.1,0.0,8.0,0.0,False,0.0,3.0,0.0,6.0,0.0,0.0,0.0,0.0,False,True,True,False,bead_10_dark,,10005,True,True,0,0,,specular_break,12.651649194357264,True,5.436327393223756
wood,1.0,0.1,0.0,8.0,0.0,False,0.0,3.0,0.0,6.0,0.0,0.0,0.0,0.0,False,True,True,False,magnet_disc_10x3,,10006,True,True,0,0,,specular_break,9.658855416853084,True,3.3042633162705655
wood,1.0,0.1,0.0,8.0,0.0,False,0.0,3.0,0.0,6.0,0.0,0.0,0.0,0.0,False,True,True,False,magnet_ball_5,,10007,True,True,0,0,,specular_break,4.586997368126761,True,11.682022682285435
wood,1.0,0.1,0.0,8.0,0.0,False,0.0,3.0,0.0,6.0,0.0,0.0,0.0,0.0,False,True,True,False,pill_8,,10008,True,True,0,0,2.3332552585939297,measured,7.979728112748599,False,4.271836813603758
wood,1.0,0.1,0.0,8.0,0.0,False,0.0,3.0,0.0,6.0,0.0,0.0,0.0,0.0,False,True,True,False,plastic_part_8,,10009,True,True,0,0,2.818364372566201,measured,7.892224611849472,True,4.288409353832222
wood,1.0,0.1,0.0,8.0,0.0,False,0.0,3.0,0.0,6.0,0.0,0.0,0.0,0.0,False,True,True,False,floor_colored_12,,10010,True,True,0,0,0.6752888310820957,measured,11.299019814184446,False,5.96947330623987
wood,1.0,0.1,0.0,8.0,0.0,False,0.0,3.0,0.0,6.0,0.0,0.0,0.0,0.0,False,True,True,False,,empty,10011,False,False,0,0,,,,False,
wood,1.0,0.1,0.0,8.0,0.0,False,0.0,3.0,0.0,6.0,0.0,0.0,0.0,0.0,False,True,True,False,,stain,10012,False,False,0,0,,,,False,
wood,1.0,0.1,0.0,8.0,0.0,False,0.0,3.0,0.0,6.0,0.0,0.0,0.0,0.0,False,True,True,False,,seam,10013,False,False,0,0,,,,False,
wood,1.0,0.1,0.0,8.0,0.0,False,0.0,3.0,0.0,6.0,0.0,0.0,0.0,0.0,False,True,True,False,coin_1yen,,10014,True,True,0,0,1.4149905505347018,measured,17.831853493318373,False,9.554164759900793
wood,1.0,0.1,0.0,8.0,0.0,False,0.0,3.0,0.0,6.0,0.0,0.0,0.0,0.0,False,True,True,False,coin_10yen,,10015,True,True,0,0,0.6942845952762795,measured,17.186712615267346,False,16.753629317510182
wood,1.0,0.1,0.0,8.0,0.0,False,0.0,3.0,0.0,6.0,0.0,0.0,0.0,0.0,False,True,True,False,button_cr2032,,10016,True,True,0,0,0.7227713130235323,measured,17.99878105598633,True,10.071034837419111
wood,1.0,0.1,0.0,8.0,0.0,False,0.0,3.0,0.0,6.0,0.0,0.0,0.0,0.0,False,True,True,False,button_lr44,,10017,True,True,0,0,,specular_break,11.21455382571077,True,5.654320192490888
wood,1.0,0.1,0.0,8.0,0.0,False,0.0,3.0,0.0,6.0,0.0,0.0,0.0,0.0,False,True,True,False,bead_6,,10018,True,True,0,0,,specular_break,6.984823042344218,True,14.124154635699881
wood,1.0,0.1,0.0,8.0,0.0,False,0.0,3.0,0.0,6.0,0.0,0.0,0.0,0.0,False,True,True,False,bead_10_dark,,10019,True,True,0,0,,specular_break,12.450621458758196,True,5.415593100303967
wood,1.0,0.1,0.0,8.0,0.0,False,0.0,3.0,0.0,6.0,0.0,0.0,0.0,0.0,False,True,True,False,magnet_disc_10x3,,10020,True,True,0,0,,specular_break,9.617436336878127,True,3.560607931288614
wood,1.0,0.1,0.0,8.0,0.0,False,0.0,3.0,0.0,6.0,0.0,0.0,0.0,0.0,False,True,True,False,magnet_ball_5,,10021,True,True,0,0,,specular_break,5.651729034498723,True,1.1324714246406764
wood,1.0,0.1,0.0,8.0,0.0,False,0.0,3.0,0.0,6.0,0.0,0.0,0.0,0.0,False,True,True,False,pill_8,,10022,True,True,0,0,2.2783482068257204,measured,7.859003586933049,False,4.018612059013244
wood,1.0,0.1,0.0,8.0,0.0,False,0.0,3.0,0.0,6.0,0.0,0.0,0.0,0.0,False,True,True,False,plastic_part_8,,10023,True,True,0,0,2.75559997326644,measured,8.041539085215184,True,4.239685503432511
wood,1.0,0.1,0.0,8.0,0.0,False,0.0,3.0,0.0,6.0,0.0,0.0,0.0,0.0,False,True,True,False,floor_colored_12,,10024,True,True,0,0,0.7941984370342752,measured,11.382297037629671,False,5.974104506913805
wood,1.0,0.1,0.0,8.0,0.0,False,0.0,3.0,0.0,6.0,0.0,0.0,0.0,0.0,False,True,True,False,,empty,10025,False,False,0,0,,,,False,
wood,1.0,0.1,0.0,8.0,0.0,False,0.0,3.0,0.0,6.0,0.0,0.0,0.0,0.0,False,True,True,False,,stain,10026,False,False,0,0,,,,False,
wood,1.0,0.1,0.0,8.0,0.0,False,0.0,3.0,0.0,6.0,0.0,0.0,0.0,0.0,False,True,True,False,,seam,10027,False,False,0,0,,,,False,
wood,1.0,0.1,0.0,8.0,0.0,False,0.0,3.0,0.0,6.0,0.0,0.0,0.0,0.0,False,True,True,False,coin_1yen,,10028,True,True,0,0,1.3975180449966746,measured,17.963455591944665,False,9.865307205552275
wood,1.0,0.1,0.0,8.0,0.0,False,0.0,3.0,0.0,6.0,0.0,0.0,0.0,0.0,False,True,True,False,coin_10yen,,10029,True,True,0,0,0.7949169901564197,measured,17.27771308313813,False,12.920267948355553
wood,1.0,0.1,0.0,8.0,0.0,False,0.0,3.0,0.0,6.0,0.0,0.0,0.0,0.0,False,True,True,False,button_cr2032,,10030,True,True,0,0,,specular_break,18.179972278672793,True,9.745987055614732
wood,1.0,0.1,0.0,8.0,0.0,False,0.0,3.0,0.0,6.0,0.0,0.0,0.0,0.0,False,True,True,False,button_lr44,,10031,True,True,0,0,,specular_break,11.301603120869979,True,5.670953469654118
wood,1.0,0.1,0.0,8.0,0.0,False,0.0,3.0,0.0,6.0,0.0,0.0,0.0,0.0,False,True,True,False,bead_6,,10032,True,True,0,0,,specular_break,6.69275196816338,True,19.665884818825017
wood,1.0,0.1,0.0,8.0,0.0,False,0.0,3.0,0.0,6.0,0.0,0.0,0.0,0.0,False,True,True,False,bead_10_dark,,10033,True,True,0,0,,specular_break,12.7171707845078,True,5.35053462390922
wood,1.0,0.1,0.0,8.0,0.0,False,0.0,3.0,0.0,6.0,0.0,0.0,0.0,0.0,False,True,True,False,magnet_disc_10x3,,10034,True,True,0,0,,specular_break,9.712412620733547,True,3.748924457947325
wood,1.0,0.1,0.0,8.0,0.0,False,0.0,3.0,0.0,6.0,0.0,0.0,0.0,0.0,False,True,True,False,magnet_ball_5,,10035,True,True,0,0,,specular_break,4.603002556690575,True,7.4289614092462735
wood,1.0,0.1,0.0,8.0,0.0,False,0.0,3.0,0.0,6.0,0.0,0.0,0.0,0.0,False,True,True,False,pill_8,,10036,True,True,0,0,2.515668323332081,measured,7.836278841476968,True,4.002432660776193
wood,1.0,0.1,0.0,8.0,0.0,False,0.0,3.0,0.0,6.0,0.0,0.0,0.0,0.0,False,True,True,False,plastic_part_8,,10037,True,True,0,0,2.7181328252151307,measured,7.984082963304827,True,3.916432100294742
wood,1.0,0.1,0.0,8.0,0.0,False,0.0,3.0,0.0,6.0,0.0,0.0,0.0,0.0,False,True,True,False,floor_colored_12,,10038,True,True,0,0,0.4546085737037622,measured,11.43228460929265,False,5.18898502634545
wood,1.0,0.1,0.0,8.0,0.0,False,0.0,3.0,0.0,6.0,0.0,0.0,0.0,0.0,False,True,True,False,,empty,10039,False,False,0,0,,,,False,
wood,1.0,0.1,0.0,8.0,0.0,False,0.0,3.0,0.0,6.0,0.0,0.0,0.0,0.0,False,True,True,False,,stain,10040,False,False,0,0,,,,False,
wood,1.0,0.1,0.0,8.0,0.0,False,0.0,3.0,0.0,6.0,0.0,0.0,0.0,0.0,False,True,True,False,,seam,10041,False,False,0,0,,,,False,
wood,1.0,0.2,0.0,8.0,0.0,False,0.0,3.0,0.0,6.0,0.0,0.0,0.0,0.0,False,True,True,False,coin_1yen,,11000,True,True,0,0,1.3891525372969387,measured,18.32264201596816,False,9.502397901646765
wood,1.0,0.2,0.0,8.0,0.0,False,0.0,3.0,0.0,6.0,0.0,0.0,0.0,0.0,False,True,True,False,coin_10yen,,11001,True,True,0,0,0.7164181968338372,measured,17.221460651436264,False,20.75979547491823
wood,1.0,0.2,0.0,8.0,0.0,False,0.0,3.0,0.0,6.0,0.0,0.0,0.0,0.0,False,True,True,False,button_cr2032,,11002,True,True,0,0,,specular_break,18.518459546039995,True,10.150123956781302
wood,1.0,0.2,0.0,8.0,0.0,False,0.0,3.0,0.0,6.0,0.0,0.0,0.0,0.0,False,True,True,False,button_lr44,,11003,True,True,0,0,,specular_break,11.280564556640991,True,5.867853792769993
wood,1.0,0.2,0.0,8.0,0.0,False,0.0,3.0,0.0,6.0,0.0,0.0,0.0,0.0,False,True,True,False,bead_6,,11004,True,True,0,0,,specular_break,6.962627446541465,True,19.721282373511595
wood,1.0,0.2,0.0,8.0,0.0,False,0.0,3.0,0.0,6.0,0.0,0.0,0.0,0.0,False,True,True,False,bead_10_dark,,11005,True,True,0,0,,specular_break,12.280103454473322,True,4.840732942063804
wood,1.0,0.2,0.0,8.0,0.0,False,0.0,3.0,0.0,6.0,0.0,0.0,0.0,0.0,False,True,True,False,magnet_disc_10x3,,11006,True,True,0,0,,specular_break,9.54969750190696,True,3.6206259985346994
wood,1.0,0.2,0.0,8.0,0.0,False,0.0,3.0,0.0,6.0,0.0,0.0,0.0,0.0,False,True,True,False,magnet_ball_5,,11007,True,True,0,0,,specular_break,5.614914551931545,True,1.2368619202413953
wood,1.0,0.2,0.0,8.0,0.0,False,0.0,3.0,0.0,6.0,0.0,0.0,0.0,0.0,False,True,True,False,pill_8,,11008,True,True,0,0,2.5251749847453073,measured,7.910718329863189,False,4.435608234580104
wood,1.0,0.2,0.0,8.0,0.0,False,0.0,3.0,0.0,6.0,0.0,0.0,0.0,0.0,False,True,True,False,plastic_part_8,,11009,True,True,0,0,2.6482043408980527,measured,8.02587601607992,True,3.552773863834816
wood,1.0,0.2,0.0,8.0,0.0,False,0.0,3.0,0.0,6.0,0.0,0.0,0.0,0.0,False,True,True,False,floor_colored_12,,11010,True,True,0,0,0.5064501219046864,measured,11.672949470081104,False,5.722079654144611
wood,1.0,0.2,0.0,8.0,0.0,False,0.0,3.0,0.0,6.0,0.0,0.0,0.0,0.0,False,True,True,False,,empty,11011,False,False,0,0,,,,False,
wood,1.0,0.2,0.0,8.0,0.0,False,0.0,3.0,0.0,6.0,0.0,0.0,0.0,0.0,False,True,True,False,,stain,11012,False,False,0,0,,,,False,
wood,1.0,0.2,0.0,8.0,0.0,False,0.0,3.0,0.0,6.0,0.0,0.0,0.0,0.0,False,True,True,False,,seam,11013,False,False,0,0,,,,False,
wood,1.0,0.2,0.0,8.0,0.0,False,0.0,3.0,0.0,6.0,0.0,0.0,0.0,0.0,False,True,True,False,coin_1yen,,11014,True,True,0,0,1.6408586132146414,measured,17.912302705129296,False,10.01865983841586
wood,1.0,0.2,0.0,8.0,0.0,False,0.0,3.0,0.0,6.0,0.0,0.0,0.0,0.0,False,True,True,False,coin_10yen,,11015,True,True,0,0,0.7024763128358185,measured,17.219632693078598,False,15.91812295837144
wood,1.0,0.2,0.0,8.0,0.0,False,0.0,3.0,0.0,6.0,0.0,0.0,0.0,0.0,False,True,True,False,button_cr2032,,11016,True,True,0,0,,specular_break,18.445340429786963,True,10.018815510945554
wood,1.0,0.2,0.0,8.0,0.0,False,0.0,3.0,0.0,6.0,0.0,0.0,0.0,0.0,False,True,True,False,button_lr44,,11017,True,True,0,0,,specular_break,11.297595149736654,True,5.758793659498802
wood,1.0,0.2,0.0,8.0,0.0,False,0.0,3.0,0.0,6.0,0.0,0.0,0.0,0.0,False,True,True,False,bead_6,,11018,True,True,0,0,,specular_break,6.8359843485220475,True,16.629837267998454
wood,1.0,0.2,0.0,8.0,0.0,False,0.0,3.0,0.0,6.0,0.0,0.0,0.0,0.0,False,True,True,False,bead_10_dark,,11019,True,True,0,0,,specular_break,12.228140259491616,True,5.3963762073574495
wood,1.0,0.2,0.0,8.0,0.0,False,0.0,3.0,0.0,6.0,0.0,0.0,0.0,0.0,False,True,True,False,magnet_disc_10x3,,11020,True,True,0,0,,specular_break,9.879509010136418,True,2.8346118654815062
wood,1.0,0.2,0.0,8.0,0.0,False,0.0,3.0,0.0,6.0,0.0,0.0,0.0,0.0,False,True,True,False,magnet_ball_5,,11021,True,True,0,0,,specular_break,4.477457978789587,True,9.38931183303015
wood,1.0,0.2,0.0,8.0,0.0,False,0.0,3.0,0.0,6.0,0.0,0.0,0.0,0.0,False,True,True,False,pill_8,,11022,True,True,0,0,2.4746571425407407,measured,7.825731337539987,False,4.244309154060856
wood,1.0,0.2,0.0,8.0,0.0,False,0.0,3.0,0.0,6.0,0.0,0.0,0.0,0.0,False,True,True,False,plastic_part_8,,11023,True,True,0,0,2.847797994254556,measured,7.992206607547044,True,3.954636233022678
wood,1.0,0.2,0.0,8.0,0.0,False,0.0,3.0,0.0,6.0,0.0,0.0,0.0,0.0,False,True,True,False,floor_colored_12,,11024,True,True,0,0,0.6489450924438263,measured,11.49747505862981,False,5.905623126790502
wood,1.0,0.2,0.0,8.0,0.0,False,0.0,3.0,0.0,6.0,0.0,0.0,0.0,0.0,False,True,True,False,,empty,11025,False,False,0,0,,,,False,
wood,1.0,0.2,0.0,8.0,0.0,False,0.0,3.0,0.0,6.0,0.0,0.0,0.0,0.0,False,True,True,False,,stain,11026,False,False,0,0,,,,False,
wood,1.0,0.2,0.0,8.0,0.0,False,0.0,3.0,0.0,6.0,0.0,0.0,0.0,0.0,False,True,True,False,,seam,11027,False,False,0,0,,,,False,
wood,1.0,0.2,0.0,8.0,0.0,False,0.0,3.0,0.0,6.0,0.0,0.0,0.0,0.0,False,True,True,False,coin_1yen,,11028,True,True,0,0,1.4353780880464715,measured,17.941367265882747,False,10.275881770299678
wood,1.0,0.2,0.0,8.0,0.0,False,0.0,3.0,0.0,6.0,0.0,0.0,0.0,0.0,False,True,True,False,coin_10yen,,11029,True,True,0,0,0.6713722179747492,measured,17.277740818665787,False,16.172955041502387
wood,1.0,0.2,0.0,8.0,0.0,False,0.0,3.0,0.0,6.0,0.0,0.0,0.0,0.0,False,True,True,False,button_cr2032,,11030,True,True,0,0,,specular_break,18.237272067273466,True,9.417520076781372
wood,1.0,0.2,0.0,8.0,0.0,False,0.0,3.0,0.0,6.0,0.0,0.0,0.0,0.0,False,True,True,False,button_lr44,,11031,True,True,0,0,,specular_break,11.386358756645336,True,6.068594744739951
wood,1.0,0.2,0.0,8.0,0.0,False,0.0,3.0,0.0,6.0,0.0,0.0,0.0,0.0,False,True,True,False,bead_6,,11032,True,True,0,0,,specular_break,6.68855402992862,True,19.965227258065354
wood,1.0,0.2,0.0,8.0,0.0,False,0.0,3.0,0.0,6.0,0.0,0.0,0.0,0.0,False,True,True,False,bead_10_dark,,11033,True,True,0,0,,specular_break,12.404868079982167,True,5.239362919884272
wood,1.0,0.2,0.0,8.0,0.0,False,0.0,3.0,0.0,6.0,0.0,0.0,0.0,0.0,False,True,True,False,magnet_disc_10x3,,11034,True,True,0,0,,specular_break,10.030375269838517,True,3.5608601223350433
wood,1.0,0.2,0.0,8.0,0.0,False,0.0,3.0,0.0,6.0,0.0,0.0,0.0,0.0,False,True,True,False,magnet_ball_5,,11035,True,True,0,0,,specular_break,5.152949955429991,True,0.8443309316101465
wood,1.0,0.2,0.0,8.0,0.0,False,0.0,3.0,0.0,6.0,0.0,0.0,0.0,0.0,False,True,True,False,pill_8,,11036,True,True,0,0,2.233417512552432,measured,7.719373606646559,False,4.152928160635634
wood,1.0,0.2,0.0,8.0,0.0,False,0.0,3.0,0.0,6.0,0.0,0.0,0.0,0.0,False,True,True,False,plastic_part_8,,11037,True,True,0,0,2.768317187474352,measured,8.12724053015209,True,3.4744700941767945
wood,1.0,0.2,0.0,8.0,0.0,False,0.0,3.0,0.0,6.0,0.0,0.0,0.0,0.0,False,True,True,False,floor_colored_12,,11038,True,True,0,0,0.46156541691889075,measured,11.716667689158024,False,4.9853380897345785
wood,1.0,0.2,0.0,8.0,0.0,False,0.0,3.0,0.0,6.0,0.0,0.0,0.0,0.0,False,True,True,False,,empty,11039,False,False,0,0,,,,False,
wood,1.0,0.2,0.0,8.0,0.0,False,0.0,3.0,0.0,6.0,0.0,0.0,0.0,0.0,False,True,True,False,,stain,11040,False,False,0,0,,,,False,
wood,1.0,0.2,0.0,8.0,0.0,False,0.0,3.0,0.0,6.0,0.0,0.0,0.0,0.0,False,True,True,False,,seam,11041,False,False,0,0,,,,False,
wood,1.0,0.4,0.0,8.0,0.0,False,0.0,3.0,0.0,6.0,0.0,0.0,0.0,0.0,False,True,True,False,coin_1yen,,12000,True,True,0,0,1.7781296593435574,measured,18.413936765379475,False,9.569104103385534
wood,1.0,0.4,0.0,8.0,0.0,False,0.0,3.0,0.0,6.0,0.0,0.0,0.0,0.0,False,True,True,False,coin_10yen,,12001,True,True,0,0,0.9329865241473954,measured,17.160768770900177,False,15.584266518561039
wood,1.0,0.4,0.0,8.0,0.0,False,0.0,3.0,0.0,6.0,0.0,0.0,0.0,0.0,False,True,True,False,button_cr2032,,12002,True,True,0,0,,specular_break,17.97922909041721,True,9.740756938474895
wood,1.0,0.4,0.0,8.0,0.0,False,0.0,3.0,0.0,6.0,0.0,0.0,0.0,0.0,False,True,True,False,button_lr44,,12003,True,True,0,0,,specular_break,11.17860624082354,True,6.017607308392109
wood,1.0,0.4,0.0,8.0,0.0,False,0.0,3.0,0.0,6.0,0.0,0.0,0.0,0.0,False,True,True,False,bead_6,,12004,True,True,0,0,,specular_break,7.001708925155273,True,13.946300273032406
wood,1.0,0.4,0.0,8.0,0.0,False,0.0,3.0,0.0,6.0,0.0,0.0,0.0,0.0,False,True,True,False,bead_10_dark,,12005,True,True,0,0,,specular_break,12.578547564849263,True,5.299025743736978
wood,1.0,0.4,0.0,8.0,0.0,False,0.0,3.0,0.0,6.0,0.0,0.0,0.0,0.0,False,True,True,False,magnet_disc_10x3,,12006,True,True,0,0,,specular_break,9.687836166744848,True,2.6320801190523753
wood,1.0,0.4,0.0,8.0,0.0,False,0.0,3.0,0.0,6.0,0.0,0.0,0.0,0.0,False,True,True,False,magnet_ball_5,,12007,True,True,0,0,,specular_break,4.509396015723403,True,11.592661156295753
wood,1.0,0.4,0.0,8.0,0.0,False,0.0,3.0,0.0,6.0,0.0,0.0,0.0,0.0,False,True,True,False,pill_8,,12008,True,True,0,0,2.6287048400845237,measured,7.983017102283776,False,3.753112473714204
wood,1.0,0.4,0.0,8.0,0.0,False,0.0,3.0,0.0,6.0,0.0,0.0,0.0,0.0,False,True,True,False,plastic_part_8,,12009,True,True,0,0,2.616129677538636,measured,8.195728280014917,True,4.193515197707245
wood,1.0,0.4,0.0,8.0,0.0,False,0.0,3.0,0.0,6.0,0.0,0.0,0.0,0.0,False,True,True,False,floor_colored_12,,12010,True,True,0,0,0.5804712655814015,measured,11.501755757284956,False,6.32460582609466
wood,1.0,0.4,0.0,8.0,0.0,False,0.0,3.0,0.0,6.0,0.0,0.0,0.0,0.0,False,True,True,False,,empty,12011,False,False,0,0,,,,False,
wood,1.0,0.4,0.0,8.0,0.0,False,0.0,3.0,0.0,6.0,0.0,0.0,0.0,0.0,False,True,True,False,,stain,12012,False,False,0,0,,,,False,
wood,1.0,0.4,0.0,8.0,0.0,False,0.0,3.0,0.0,6.0,0.0,0.0,0.0,0.0,False,True,True,False,,seam,12013,False,False,0,0,,,,False,
wood,1.0,0.4,0.0,8.0,0.0,False,0.0,3.0,0.0,6.0,0.0,0.0,0.0,0.0,False,True,True,False,coin_1yen,,12014,True,True,0,0,1.291207006702388,measured,18.342623744009256,False,10.114824435446108
wood,1.0,0.4,0.0,8.0,0.0,False,0.0,3.0,0.0,6.0,0.0,0.0,0.0,0.0,False,True,True,False,coin_10yen,,12015,True,True,0,0,0.6638629562318279,measured,17.112343077027834,False,15.116248076551187
wood,1.0,0.4,0.0,8.0,0.0,False,0.0,3.0,0.0,6.0,0.0,0.0,0.0,0.0,False,True,True,False,button_cr2032,,12016,True,True,0,0,,specular_break,17.943217260876366,True,9.701723431309949
wood,1.0,0.4,0.0,8.0,0.0,False,0.0,3.0,0.0,6.0,0.0,0.0,0.0,0.0,False,True,True,False,button_lr44,,12017,True,True,0,0,,specular_break,11.479222797303114,True,4.863258629449175
wood,1.0,0.4,0.0,8.0,0.0,False,0.0,3.0,0.0,6.0,0.0,0.0,0.0,0.0,False,True,True,False,bead_6,,12018,True,True,0,0,,specular_break,7.00496643949994,True,15.20936859180086
wood,1.0,0.4,0.0,8.0,0.0,False,0.0,3.0,0.0,6.0,0.0,0.0,0.0,0.0,False,True,True,False,bead_10_dark,,12019,True,True,0,0,1.0984824362663854,measured,12.704515299442377,True,4.748239441310476
wood,1.0,0.4,0.0,8.0,0.0,False,0.0,3.0,0.0,6.0,0.0,0.0,0.0,0.0,False,True,True,False,magnet_disc_10x3,,12020,True,True,0,0,,specular_break,9.746226245070421,True,3.816911097273106
wood,1.0,0.4,0.0,8.0,0.0,False,0.0,3.0,0.0,6.0,0.0,0.0,0.0,0.0,False,True,True,False,magnet_ball_5,,12021,True,True,0,0,,specular_break,4.47050823600221,True,2.846281003336688
wood,1.0,0.4,0.0,8.0,0.0,False,0.0,3.0,0.0,6.0,0.0,0.0,0.0,0.0,False,True,True,False,pill_8,,12022,True,True,0,0,2.2059050074809576,measured,7.868465002999656,False,3.122933718802912
wood,1.0,0.4,0.0,8.0,0.0,False,0.0,3.0,0.0,6.0,0.0,0.0,0.0,0.0,False,True,True,False,plastic_part_8,,12023,True,True,0,0,2.627417835707252,measured,8.15107841956868,True,3.2861188544828512
wood,1.0,0.4,0.0,8.0,0.0,False,0.0,3.0,0.0,6.0,0.0,0.0,0.0,0.0,False,True,True,False,floor_colored_12,,12024,True,True,0,0,0.5954792989461968,measured,11.378838493371854,False,5.843527758337325
wood,1.0,0.4,0.0,8.0,0.0,False,0.0,3.0,0.0,6.0,0.0,0.0,0.0,0.0,False,True,True,False,,empty,12025,False,False,0,0,,,,False,
wood,1.0,0.4,0.0,8.0,0.0,False,0.0,3.0,0.0,6.0,0.0,0.0,0.0,0.0,False,True,True,False,,stain,12026,False,False,0,0,,,,False,
wood,1.0,0.4,0.0,8.0,0.0,False,0.0,3.0,0.0,6.0,0.0,0.0,0.0,0.0,False,True,True,False,,seam,12027,False,False,0,0,,,,False,
wood,1.0,0.4,0.0,8.0,0.0,False,0.0,3.0,0.0,6.0,0.0,0.0,0.0,0.0,False,True,True,False,coin_1yen,,12028,True,True,0,0,1.5590599196967112,measured,17.96569494821013,False,9.935455758981757
wood,1.0,0.4,0.0,8.0,0.0,False,0.0,3.0,0.0,6.0,0.0,0.0,0.0,0.0,False,True,True,False,coin_10yen,,12029,True,True,0,0,0.5243646753298723,measured,17.257712152300357,False,14.600647890078736
wood,1.0,0.4,0.0,8.0,0.0,False,0.0,3.0,0.0,6.0,0.0,0.0,0.0,0.0,False,True,True,False,button_cr2032,,12030,True,True,0,0,,specular_break,18.338800643921513,True,9.322220114810921
wood,1.0,0.4,0.0,8.0,0.0,False,0.0,3.0,0.0,6.0,0.0,0.0,0.0,0.0,False,True,True,False,button_lr44,,12031,True,True,0,0,,specular_break,11.338609535570807,True,5.649320300323712
wood,1.0,0.4,0.0,8.0,0.0,False,0.0,3.0,0.0,6.0,0.0,0.0,0.0,0.0,False,True,True,False,bead_6,,12032,True,True,0,0,,specular_break,6.684402329404722,True,17.54423341741292
wood,1.0,0.4,0.0,8.0,0.0,False,0.0,3.0,0.0,6.0,0.0,0.0,0.0,0.0,False,True,True,False,bead_10_dark,,12033,True,True,0,0,,specular_break,12.385572801887152,True,5.45784108950582
wood,1.0,0.4,0.0,8.0,0.0,False,0.0,3.0,0.0,6.0,0.0,0.0,0.0,0.0,False,True,True,False,magnet_disc_10x3,,12034,True,True,0,0,,specular_break,9.78497930075033,True,3.35020844413463
wood,1.0,0.4,0.0,8.0,0.0,False,0.0,3.0,0.0,6.0,0.0,0.0,0.0,0.0,False,True,True,False,magnet_ball_5,,12035,True,True,0,0,,specular_break,4.9237836373956005,True,1.9452434124387654
wood,1.0,0.4,0.0,8.0,0.0,False,0.0,3.0,0.0,6.0,0.0,0.0,0.0,0.0,False,True,True,False,pill_8,,12036,True,True,0,0,2.8170237423959605,measured,7.910083026036481,False,4.0388002829817315
wood,1.0,0.4,0.0,8.0,0.0,False,0.0,3.0,0.0,6.0,0.0,0.0,0.0,0.0,False,True,True,False,plastic_part_8,,12037,True,True,0,0,3.0422814739526007,measured,7.724132161073254,True,4.083520597056681
wood,1.0,0.4,0.0,8.0,0.0,False,0.0,3.0,0.0,6.0,0.0,0.0,0.0,0.0,False,True,True,False,floor_colored_12,,12038,True,True,0,0,0.5555981556926444,measured,11.215171297379028,False,5.902562383140661
wood,1.0,0.4,0.0,8.0,0.0,False,0.0,3.0,0.0,6.0,0.0,0.0,0.0,0.0,False,True,True,False,,empty,12039,False,False,0,0,,,,False,
wood,1.0,0.4,0.0,8.0,0.0,False,0.0,3.0,0.0,6.0,0.0,0.0,0.0,0.0,False,True,True,False,,stain,12040,False,False,0,0,,,,False,
wood,1.0,0.4,0.0,8.0,0.0,False,0.0,3.0,0.0,6.0,0.0,0.0,0.0,0.0,False,True,True,False,,seam,12041,False,False,0,0,,,,False,
wood,1.0,0.8,0.0,8.0,0.0,False,0.0,3.0,0.0,6.0,0.0,0.0,0.0,0.0,False,True,True,False,coin_1yen,,13000,True,True,0,0,1.7817397707983904,measured,17.58714007045115,False,11.309373758477868
wood,1.0,0.8,0.0,8.0,0.0,False,0.0,3.0,0.0,6.0,0.0,0.0,0.0,0.0,False,True,True,False,coin_10yen,,13001,True,True,0,0,1.1002999569775724,measured,17.212920190889637,False,13.294612601535436
wood,1.0,0.8,0.0,8.0,0.0,False,0.0,3.0,0.0,6.0,0.0,0.0,0.0,0.0,False,True,True,False,button_cr2032,,13002,True,True,0,0,1.3882390509808769,measured,18.709776444519488,True,8.642937814381504
wood,1.0,0.8,0.0,8.0,0.0,False,0.0,3.0,0.0,6.0,0.0,0.0,0.0,0.0,False,True,True,False,button_lr44,,13003,True,True,0,0,0.5822198168942148,measured,11.36449479702589,True,6.065112748119524
wood,1.0,0.8,0.0,8.0,0.0,False,0.0,3.0,0.0,6.0,0.0,0.0,0.0,0.0,False,True,True,False,bead_6,,13004,True,True,0,0,,specular_break,6.886758669276594,True,19.406674966674725
wood,1.0,0.8,0.0,8.0,0.0,False,0.0,3.0,0.0,6.0,0.0,0.0,0.0,0.0,False,True,True,False,bead_10_dark,,13005,True,True,0,0,,specular_break,12.546896929773602,True,5.206689730976956
wood,1.0,0.8,0.0,8.0,0.0,False,0.0,3.0,0.0,6.0,0.0,0.0,0.0,0.0,False,True,True,False,magnet_disc_10x3,,13006,True,True,0,0,,specular_break,9.646731397015738,True,3.7463750283766926
wood,1.0,0.8,0.0,8.0,0.0,False,0.0,3.0,0.0,6.0,0.0,0.0,0.0,0.0,False,True,True,False,magnet_ball_5,,13007,True,True,0,0,1.3422348127783685,measured,5.086579836394703,True,1.4605115303101235
wood,1.0,0.8,0.0,8.0,0.0,False,0.0,3.0,0.0,6.0,0.0,0.0,0.0,0.0,False,True,True,False,pill_8,,13008,True,True,0,0,2.539170824166625,measured,7.899709797932632,False,3.6829817111470353
wood,1.0,0.8,0.0,8.0,0.0,False,0.0,3.0,0.0,6.0,0.0,0.0,0.0,0.0,False,True,True,False,plastic_part_8,,13009,True,True,0,0,2.3181425416235726,measured,8.312381740211103,True,2.3426701227460494
wood,1.0,0.8,0.0,8.0,0.0,False,0.0,3.0,0.0,6.0,0.0,0.0,0.0,0.0,False,True,True,False,floor_colored_12,,13010,True,True,0,0,0.6737300066840479,measured,11.282842505949064,False,5.898798025754232
wood,1.0,0.8,0.0,8.0,0.0,False,0.0,3.0,0.0,6.0,0.0,0.0,0.0,0.0,False,True,True,False,,empty,13011,False,False,0,0,,,,False,
wood,1.0,0.8,0.0,8.0,0.0,False,0.0,3.0,0.0,6.0,0.0,0.0,0.0,0.0,False,True,True,False,,stain,13012,False,False,0,0,,,,False,
wood,1.0,0.8,0.0,8.0,0.0,False,0.0,3.0,0.0,6.0,0.0,0.0,0.0,0.0,False,True,True,False,,seam,13013,False,False,0,0,,,,False,
wood,1.0,0.8,0.0,8.0,0.0,False,0.0,3.0,0.0,6.0,0.0,0.0,0.0,0.0,False,True,True,False,coin_1yen,,13014,True,True,0,0,1.3868810082244742,measured,18.252555870927477,False,9.731143632086717
wood,1.0,0.8,0.0,8.0,0.0,False,0.0,3.0,0.0,6.0,0.0,0.0,0.0,0.0,False,True,True,False,coin_10yen,,13015,True,True,0,0,0.6961457487624063,measured,17.177058321308728,False,17.61268169202168
wood,1.0,0.8,0.0,8.0,0.0,False,0.0,3.0,0.0,6.0,0.0,0.0,0.0,0.0,False,True,True,False,button_cr2032,,13016,True,True,0,0,,specular_break,18.06249145388185,True,9.567291303095718
wood,1.0,0.8,0.0,8.0,0.0,False,0.0,3.0,0.0,6.0,0.0,0.0,0.0,0.0,False,True,True,False,button_lr44,,13017,True,True,0,0,,specular_break,11.374217345847839,True,5.676695754601304
wood,1.0,0.8,0.0,8.0,0.0,False,0.0,3.0,0.0,6.0,0.0,0.0,0.0,0.0,False,True,True,False,bead_6,,13018,True,True,0,0,,specular_break,7.079385665310238,True,11.483015125108455
wood,1.0,0.8,0.0,8.0,0.0,False,0.0,3.0,0.0,6.0,0.0,0.0,0.0,0.0,False,True,True,False,bead_10_dark,,13019,True,True,0,0,,specular_break,12.367256225603285,True,6.012458136313683
wood,1.0,0.8,0.0,8.0,0.0,False,0.0,3.0,0.0,6.0,0.0,0.0,0.0,0.0,False,True,True,False,magnet_disc_10x3,,13020,True,True,0,0,,specular_break,9.831622567135064,True,3.3678018374112355
wood,1.0,0.8,0.0,8.0,0.0,False,0.0,3.0,0.0,6.0,0.0,0.0,0.0,0.0,False,True,True,False,magnet_ball_5,,13021,True,True,0,0,,specular_break,5.014626025815084,True,1.4666613205859174
wood,1.0,0.8,0.0,8.0,0.0,False,0.0,3.0,0.0,6.0,0.0,0.0,0.0,0.0,False,True,True,False,pill_8,,13022,True,True,0,0,1.9439651305624288,measured,7.971366272244289,False,3.1828728642853945
wood,1.0,0.8,0.0,8.0,0.0,False,0.0,3.0,0.0,6.0,0.0,0.0,0.0,0.0,False,True,True,False,plastic_part_8,,13023,True,True,0,0,3.917243325071004,measured,7.880150298849178,True,4.204184736888463
wood,1.0,0.8,0.0,8.0,0.0,False,0.0,3.0,0.0,6.0,0.0,0.0,0.0,0.0,False,True,True,False,floor_colored_12,,13024,True,True,0,0,0.16115806141700517,measured,11.700279303185459,False,5.06314005633365
wood,1.0,0.8,0.0,8.0,0.0,False,0.0,3.0,0.0,6.0,0.0,0.0,0.0,0.0,False,True,True,False,,empty,13025,False,False,0,0,,,,False,
wood,1.0,0.8,0.0,8.0,0.0,False,0.0,3.0,0.0,6.0,0.0,0.0,0.0,0.0,False,True,True,False,,stain,13026,False,False,0,0,,,,False,
wood,1.0,0.8,0.0,8.0,0.0,False,0.0,3.0,0.0,6.0,0.0,0.0,0.0,0.0,False,True,True,False,,seam,13027,False,False,0,0,,,,False,
wood,1.0,0.8,0.0,8.0,0.0,False,0.0,3.0,0.0,6.0,0.0,0.0,0.0,0.0,False,True,True,False,coin_1yen,,13028,True,True,0,0,1.1717732543066255,measured,17.690475286995344,False,9.84816621622836
wood,1.0,0.8,0.0,8.0,0.0,False,0.0,3.0,0.0,6.0,0.0,0.0,0.0,0.0,False,True,True,False,coin_10yen,,13029,True,True,0,0,0.8658451764705752,measured,17.252152365469254,False,12.412969020476801
wood,1.0,0.8,0.0,8.0,0.0,False,0.0,3.0,0.0,6.0,0.0,0.0,0.0,0.0,False,True,True,False,button_cr2032,,13030,True,True,0,0,,specular_break,18.651481430196732,True,10.357101998837718
wood,1.0,0.8,0.0,8.0,0.0,False,0.0,3.0,0.0,6.0,0.0,0.0,0.0,0.0,False,True,True,False,button_lr44,,13031,True,True,0,0,,specular_break,11.44484157526527,True,5.66071534274559
wood,1.0,0.8,0.0,8.0,0.0,False,0.0,3.0,0.0,6.0,0.0,0.0,0.0,0.0,False,True,True,False,bead_6,,13032,True,True,0,0,,specular_break,7.050162213626235,True,12.378966387887502
wood,1.0,0.8,0.0,8.0,0.0,False,0.0,3.0,0.0,6.0,0.0,0.0,0.0,0.0,False,True,True,False,bead_10_dark,,13033,True,True,0,0,,specular_break,12.60605140496211,True,5.305198687351847
wood,1.0,0.8,0.0,8.0,0.0,False,0.0,3.0,0.0,6.0,0.0,0.0,0.0,0.0,False,True,True,False,magnet_disc_10x3,,13034,True,True,0,0,,specular_break,9.82012815012435,True,2.36448851116782
wood,1.0,0.8,0.0,8.0,0.0,False,0.0,3.0,0.0,6.0,0.0,0.0,0.0,0.0,False,True,True,False,magnet_ball_5,,13035,True,True,0,0,,specular_break,5.16060764334224,True,3.5544879851794344
wood,1.0,0.8,0.0,8.0,0.0,False,0.0,3.0,0.0,6.0,0.0,0.0,0.0,0.0,False,True,True,False,pill_8,,13036,True,True,0,0,2.8071953243539696,measured,7.9210058616720165,False,3.9295997206623023
wood,1.0,0.8,0.0,8.0,0.0,False,0.0,3.0,0.0,6.0,0.0,0.0,0.0,0.0,False,True,True,False,plastic_part_8,,13037,True,True,0,0,2.4892998256568983,measured,7.9395697242672085,True,3.4361228353169366
wood,1.0,0.8,0.0,8.0,0.0,False,0.0,3.0,0.0,6.0,0.0,0.0,0.0,0.0,False,True,True,False,floor_colored_12,,13038,True,True,0,0,0.6689547027983505,measured,11.33739566247211,False,5.614781955031667
wood,1.0,0.8,0.0,8.0,0.0,False,0.0,3.0,0.0,6.0,0.0,0.0,0.0,0.0,False,True,True,False,,empty,13039,False,False,0,0,,,,False,
wood,1.0,0.8,0.0,8.0,0.0,False,0.0,3.0,0.0,6.0,0.0,0.0,0.0,0.0,False,True,True,False,,stain,13040,False,False,0,1,,,,False,
wood,1.0,0.8,0.0,8.0,0.0,False,0.0,3.0,0.0,6.0,0.0,0.0,0.0,0.0,False,True,True,False,,seam,13041,False,False,0,0,,,,False,
wood,1.0,0.0,0.0,8.0,0.0,False,0.0,3.0,0.0,6.0,0.0,0.0,0.0,0.0,False,True,True,False,coin_1yen,,14000,True,True,0,0,1.4476313446497358,measured,18.307343031480393,False,10.062746066628222
wood,1.0,0.0,0.0,8.0,0.0,False,0.0,3.0,0.0,6.0,0.0,0.0,0.0,0.0,False,True,True,False,coin_10yen,,14001,True,True,0,0,0.6680016796255863,measured,17.253319061516244,False,20.401346835449992
wood,1.0,0.0,0.0,8.0,0.0,False,0.0,3.0,0.0,6.0,0.0,0.0,0.0,0.0,False,True,True,False,button_cr2032,,14002,True,True,0,0,,specular_break,17.984476129010794,True,9.797926999595333
wood,1.0,0.0,0.0,8.0,0.0,False,0.0,3.0,0.0,6.0,0.0,0.0,0.0,0.0,False,True,True,False,button_lr44,,14003,True,True,0,0,,specular_break,11.357841792551158,True,5.581146390004483
wood,1.0,0.0,0.0,8.0,0.0,False,0.0,3.0,0.0,6.0,0.0,0.0,0.0,0.0,False,True,True,False,bead_6,,14004,True,True,0,0,,specular_break,7.066783148901413,True,11.944997364875125
wood,1.0,0.0,0.0,8.0,0.0,False,0.0,3.0,0.0,6.0,0.0,0.0,0.0,0.0,False,True,True,False,bead_10_dark,,14005,True,True,0,0,,specular_break,12.532221125861426,True,5.654610661954393
wood,1.0,0.0,0.0,8.0,0.0,False,0.0,3.0,0.0,6.0,0.0,0.0,0.0,0.0,False,True,True,False,magnet_disc_10x3,,14006,True,True,0,0,,specular_break,9.978341320670904,True,3.0957398003474252
wood,1.0,0.0,0.0,8.0,0.0,False,0.0,3.0,0.0,6.0,0.0,0.0,0.0,0.0,False,True,True,False,magnet_ball_5,,14007,True,True,0,0,,specular_break,4.949187931404456,True,1.368926017837494
wood,1.0,0.0,0.0,8.0,0.0,False,0.0,3.0,0.0,6.0,0.0,0.0,0.0,0.0,False,True,True,False,pill_8,,14008,True,True,0,0,2.4799977821036343,measured,7.939397610717854,False,4.058748380567058
wood,1.0,0.0,0.0,8.0,0.0,False,0.0,3.0,0.0,6.0,0.0,0.0,0.0,0.0,False,True,True,False,plastic_part_8,,14009,True,True,0,0,2.837106793740247,measured,8.131674634863415,True,4.060011996322356
wood,1.0,0.0,0.0,8.0,0.0,False,0.0,3.0,0.0,6.0,0.0,0.0,0.0,0.0,False,True,True,False,floor_colored_12,,14010,True,True,0,0,0.46618658062065244,measured,11.394023847306801,False,5.069552763321349
wood,1.0,0.0,0.0,8.0,0.0,False,0.0,3.0,0.0,6.0,0.0,0.0,0.0,0.0,False,True,True,False,,empty,14011,False,False,0,0,,,,False,
wood,1.0,0.0,0.0,8.0,0.0,False,0.0,3.0,0.0,6.0,0.0,0.0,0.0,0.0,False,True,True,False,,stain,14012,False,False,0,0,,,,False,
wood,1.0,0.0,0.0,8.0,0.0,False,0.0,3.0,0.0,6.0,0.0,0.0,0.0,0.0,False,True,True,False,,seam,14013,False,False,0,0,,,,False,
wood,1.0,0.0,0.0,8.0,0.0,False,0.0,3.0,0.0,6.0,0.0,0.0,0.0,0.0,False,True,True,False,coin_1yen,,14014,True,True,0,0,1.4623129737329492,measured,18.516685028556147,False,10.20137472377773
wood,1.0,0.0,0.0,8.0,0.0,False,0.0,3.0,0.0,6.0,0.0,0.0,0.0,0.0,False,True,True,False,coin_10yen,,14015,True,True,0,0,0.6873328615598009,measured,17.19464028145378,False,20.184591633287084
wood,1.0,0.0,0.0,8.0,0.0,False,0.0,3.0,0.0,6.0,0.0,0.0,0.0,0.0,False,True,True,False,button_cr2032,,14016,True,True,0,0,,specular_break,18.22655559875381,True,9.997778173263024
wood,1.0,0.0,0.0,8.0,0.0,False,0.0,3.0,0.0,6.0,0.0,0.0,0.0,0.0,False,True,True,False,button_lr44,,14017,True,True,0,0,,specular_break,11.446642621016137,True,6.13402131696784
wood,1.0,0.0,0.0,8.0,0.0,False,0.0,3.0,0.0,6.0,0.0,0.0,0.0,0.0,False,True,True,False,bead_6,,14018,True,True,0,0,,specular_break,6.620961801954492,True,19.196455897237723
wood,1.0,0.0,0.0,8.0,0.0,False,0.0,3.0,0.0,6.0,0.0,0.0,0.0,0.0,False,True,True,False,bead_10_dark,,14019,True,True,0,0,,specular_break,12.183162012062784,True,5.650018616949765
wood,1.0,0.0,0.0,8.0,0.0,False,0.0,3.0,0.0,6.0,0.0,0.0,0.0,0.0,False,True,True,False,magnet_disc_10x3,,14020,True,True,0,0,,specular_break,9.936036091784617,True,3.1201978697879866
wood,1.0,0.0,0.0,8.0,0.0,False,0.0,3.0,0.0,6.0,0.0,0.0,0.0,0.0,False,True,True,False,magnet_ball_5,,14021,True,True,0,0,,specular_break,4.525378365844268,True,2.227882309181567
wood,1.0,0.0,0.0,8.0,0.0,False,0.0,3.0,0.0,6.0,0.0,0.0,0.0,0.0,False,True,True,False,pill_8,,14022,True,True,0,0,2.434293827804172,measured,8.052992148899595,False,3.7601585893807696
wood,1.0,0.0,0.0,8.0,0.0,False,0.0,3.0,0.0,6.0,0.0,0.0,0.0,0.0,False,True,True,False,plastic_part_8,,14023,True,True,0,0,2.840507162637861,measured,7.816850497916197,True,4.199923710159467
wood,1.0,0.0,0.0,8.0,0.0,False,0.0,3.0,0.0,6.0,0.0,0.0,0.0,0.0,False,True,True,False,floor_colored_12,,14024,True,True,0,0,0.4595649335171199,measured,11.59116106198364,False,5.624918112681359
wood,1.0,0.0,0.0,8.0,0.0,False,0.0,3.0,0.0,6.0,0.0,0.0,0.0,0.0,False,True,True,False,,empty,14025,False,False,0,0,,,,False,
wood,1.0,0.0,0.0,8.0,0.0,False,0.0,3.0,0.0,6.0,0.0,0.0,0.0,0.0,False,True,True,False,,stain,14026,False,False,0,0,,,,False,
wood,1.0,0.0,0.0,8.0,0.0,False,0.0,3.0,0.0,6.0,0.0,0.0,0.0,0.0,False,True,True,False,,seam,14027,False,False,0,0,,,,False,
wood,1.0,0.0,0.0,8.0,0.0,False,0.0,3.0,0.0,6.0,0.0,0.0,0.0,0.0,False,True,True,False,coin_1yen,,14028,True,True,0,0,1.4590977283894002,measured,18.54012155443161,False,9.821264943476328
wood,1.0,0.0,0.0,8.0,0.0,False,0.0,3.0,0.0,6.0,0.0,0.0,0.0,0.0,False,True,True,False,coin_10yen,,14029,True,True,0,0,0.7253757556778595,measured,17.210638557357466,False,17.333907317173626
wood,1.0,0.0,0.0,8.0,0.0,False,0.0,3.0,0.0,6.0,0.0,0.0,0.0,0.0,False,True,True,False,button_cr2032,,14030,True,True,0,0,0.5824168497167506,measured,18.05795305731691,True,10.179213555079786
wood,1.0,0.0,0.0,8.0,0.0,False,0.0,3.0,0.0,6.0,0.0,0.0,0.0,0.0,False,True,True,False,button_lr44,,14031,True,True,0,0,,specular_break,11.259739041158904,True,6.002431950246157
wood,1.0,0.0,0.0,8.0,0.0,False,0.0,3.0,0.0,6.0,0.0,0.0,0.0,0.0,False,True,True,False,bead_6,,14032,True,True,0,0,,specular_break,6.830873166462829,True,14.594988369200948
wood,1.0,0.0,0.0,8.0,0.0,False,0.0,3.0,0.0,6.0,0.0,0.0,0.0,0.0,False,True,True,False,bead_10_dark,,14033,True,True,0,0,,specular_break,12.295576383643521,True,5.571242282271612
wood,1.0,0.0,0.0,8.0,0.0,False,0.0,3.0,0.0,6.0,0.0,0.0,0.0,0.0,False,True,True,False,magnet_disc_10x3,,14034,True,True,0,0,,specular_break,9.732516151193243,True,2.288339495022323
wood,1.0,0.0,0.0,8.0,0.0,False,0.0,3.0,0.0,6.0,0.0,0.0,0.0,0.0,False,True,True,False,magnet_ball_5,,14035,True,True,0,0,,specular_break,4.52318766846781,True,10.389135239461817
wood,1.0,0.0,0.0,8.0,0.0,False,0.0,3.0,0.0,6.0,0.0,0.0,0.0,0.0,False,True,True,False,pill_8,,14036,True,True,0,0,2.1807681688404514,measured,7.897772366967879,False,4.465047174138627
wood,1.0,0.0,0.0,8.0,0.0,False,0.0,3.0,0.0,6.0,0.0,0.0,0.0,0.0,False,True,True,False,plastic_part_8,,14037,True,True,0,0,2.715426569281794,measured,8.024614580409295,True,4.315017822124446
wood,1.0,0.0,0.0,8.0,0.0,False,0.0,3.0,0.0,6.0,0.0,0.0,0.0,0.0,False,True,True,False,floor_colored_12,,14038,True,True,0,0,0.6105060905480837,measured,11.44164381662503,False,5.310991115048836
wood,1.0,0.0,0.0,8.0,0.0,False,0.0,3.0,0.0,6.0,0.0,0.0,0.0,0.0,False,True,True,False,,empty,14039,False,False,0,0,,,,False,
wood,1.0,0.0,0.0,8.0,0.0,False,0.0,3.0,0.0,6.0,0.0,0.0,0.0,0.0,False,True,True,False,,stain,14040,False,False,0,0,,,,False,
wood,1.0,0.0,0.0,8.0,0.0,False,0.0,3.0,0.0,6.0,0.0,0.0,0.0,0.0,False,True,True,False,,seam,14041,False,False,0,0,,,,False,
wood,1.0,0.0,1.0,8.0,0.0,False,0.0,3.0,0.0,6.0,0.0,0.0,0.0,0.0,False,True,True,False,coin_1yen,,15000,True,True,0,0,1.468808777303508,measured,17.9175782117444,False,10.116655393574888
wood,1.0,0.0,1.0,8.0,0.0,False,0.0,3.0,0.0,6.0,0.0,0.0,0.0,0.0,False,True,True,False,coin_10yen,,15001,True,True,0,0,0.5156440794300234,measured,17.22501686964157,False,21.62060545078007
wood,1.0,0.0,1.0,8.0,0.0,False,0.0,3.0,0.0,6.0,0.0,0.0,0.0,0.0,False,True,True,False,button_cr2032,,15002,True,True,0,0,,specular_break,18.31993555113289,True,9.884084689249054
wood,1.0,0.0,1.0,8.0,0.0,False,0.0,3.0,0.0,6.0,0.0,0.0,0.0,0.0,False,True,True,False,button_lr44,,15003,True,True,0,0,,specular_break,11.363032042554195,True,5.700166526481279
wood,1.0,0.0,1.0,8.0,0.0,False,0.0,3.0,0.0,6.0,0.0,0.0,0.0,0.0,False,True,True,False,bead_6,,15004,True,True,0,0,,specular_break,7.250285727996381,True,10.303266307335027
wood,1.0,0.0,1.0,8.0,0.0,False,0.0,3.0,0.0,6.0,0.0,0.0,0.0,0.0,False,True,True,False,bead_10_dark,,15005,True,True,0,0,,specular_break,12.614773301141366,True,5.557396903283035
wood,1.0,0.0,1.0,8.0,0.0,False,0.0,3.0,0.0,6.0,0.0,0.0,0.0,0.0,False,True,True,False,magnet_disc_10x3,,15006,True,True,0,0,,specular_break,10.049951341294184,True,2.85657612302208
wood,1.0,0.0,1.0,8.0,0.0,False,0.0,3.0,0.0,6.0,0.0,0.0,0.0,0.0,False,True,True,False,magnet_ball_5,,15007,True,True,0,0,,specular_break,5.122315663115142,True,1.7999325418097685
wood,1.0,0.0,1.0,8.0,0.0,False,0.0,3.0,0.0,6.0,0.0,0.0,0.0,0.0,False,True,True,False,pill_8,,15008,True,True,0,0,2.304244255114712,measured,7.967280365843278,False,3.964959854717451
wood,1.0,0.0,1.0,8.0,0.0,False,0.0,3.0,0.0,6.0,0.0,0.0,0.0,0.0,False,True,True,False,plastic_part_8,,15009,True,True,0,0,2.770142443313066,measured,7.884397734338389,True,4.295069510361792
wood,1.0,0.0,1.0,8.0,0.0,False,0.0,3.0,0.0,6.0,0.0,0.0,0.0,0.0,False,True,True,False,floor_colored_12,,15010,True,True,0,0,0.45276003146504706,measured,11.426114573181554,False,5.2387126919760965
wood,1.0,0.0,1.0,8.0,0.0,False,0.0,3.0,0.0,6.0,0.0,0.0,0.0,0.0,False,True,True,False,,empty,15011,False,False,0,0,,,,False,
wood,1.0,0.0,1.0,8.0,0.0,False,0.0,3.0,0.0,6.0,0.0,0.0,0.0,0.0,False,True,True,False,,stain,15012,False,False,0,0,,,,False,
wood,1.0,0.0,1.0,8.0,0.0,False,0.0,3.0,0.0,6.0,0.0,0.0,0.0,0.0,False,True,True,False,,seam,15013,False,False,0,0,,,,False,
wood,1.0,0.0,1.0,8.0,0.0,False,0.0,3.0,0.0,6.0,0.0,0.0,0.0,0.0,False,True,True,False,coin_1yen,,15014,True,True,0,0,1.4773104956339722,measured,18.03328346608997,False,9.842990678494768
wood,1.0,0.0,1.0,8.0,0.0,False,0.0,3.0,0.0,6.0,0.0,0.0,0.0,0.0,False,True,True,False,coin_10yen,,15015,True,True,0,0,0.5557600126979132,measured,17.207852903520273,False,21.211218767233593
wood,1.0,0.0,1.0,8.0,0.0,False,0.0,3.0,0.0,6.0,0.0,0.0,0.0,0.0,False,True,True,False,button_cr2032,,15016,True,True,0,0,,specular_break,18.76591719034165,True,10.335902184448027
wood,1.0,0.0,1.0,8.0,0.0,False,0.0,3.0,0.0,6.0,0.0,0.0,0.0,0.0,False,True,True,False,button_lr44,,15017,True,True,0,0,,specular_break,11.243284580396361,True,5.989271569903469
wood,1.0,0.0,1.0,8.0,0.0,False,0.0,3.0,0.0,6.0,0.0,0.0,0.0,0.0,False,True,True,False,bead_6,,15018,True,True,0,0,,specular_break,6.403928960147623,True,19.533440039759494
wood,1.0,0.0,1.0,8.0,0.0,False,0.0,3.0,0.0,6.0,0.0,0.0,0.0,0.0,False,True,True,False,bead_10_dark,,15019,True,True,0,0,,specular_break,12.627282868455005,True,5.401612117879594
wood,1.0,0.0,1.0,8.0,0.0,False,0.0,3.0,0.0,6.0,0.0,0.0,0.0,0.0,False,True,True,False,magnet_disc_10x3,,15020,True,True,0,0,,specular_break,9.796429947104738,True,2.3725738303329917
wood,1.0,0.0,1.0,8.0,0.0,False,0.0,3.0,0.0,6.0,0.0,0.0,0.0,0.0,False,True,True,False,magnet_ball_5,,15021,True,True,0,0,,specular_break,4.489026191648907,True,10.816303999469405
wood,1.0,0.0,1.0,8.0,0.0,False,0.0,3.0,0.0,6.0,0.0,0.0,0.0,0.0,False,True,True,False,pill_8,,15022,True,True,0,0,2.458847011362863,measured,7.920716288061475,False,3.895947604185036
wood,1.0,0.0,1.0,8.0,0.0,False,0.0,3.0,0.0,6.0,0.0,0.0,0.0,0.0,False,True,True,False,plastic_part_8,,15023,True,True,0,0,2.748521331154791,measured,7.881592988623116,True,4.070963317698158
wood,1.0,0.0,1.0,8.0,0.0,False,0.0,3.0,0.0,6.0,0.0,0.0,0.0,0.0,False,True,True,False,floor_colored_12,,15024,True,True,0,0,0.7543007433823021,measured,11.261124384793042,False,5.613807774501936
wood,1.0,0.0,1.0,8.0,0.0,False,0.0,3.0,0.0,6.0,0.0,0.0,0.0,0.0,False,True,True,False,,empty,15025,False,False,0,0,,,,False,
wood,1.0,0.0,1.0,8.0,0.0,False,0.0,3.0,0.0,6.0,0.0,0.0,0.0,0.0,False,True,True,False,,stain,15026,False,False,0,0,,,,False,
wood,1.0,0.0,1.0,8.0,0.0,False,0.0,3.0,0.0,6.0,0.0,0.0,0.0,0.0,False,True,True,False,,seam,15027,False,False,0,0,,,,False,
wood,1.0,0.0,1.0,8.0,0.0,False,0.0,3.0,0.0,6.0,0.0,0.0,0.0,0.0,False,True,True,False,coin_1yen,,15028,True,True,0,0,1.4669959204986487,measured,17.976359124455573,False,9.889652516760618
wood,1.0,0.0,1.0,8.0,0.0,False,0.0,3.0,0.0,6.0,0.0,0.0,0.0,0.0,False,True,True,False,coin_10yen,,15029,True,True,0,0,0.7144936234660904,measured,17.1625153146599,False,16.127038890126233
wood,1.0,0.0,1.0,8.0,0.0,False,0.0,3.0,0.0,6.0,0.0,0.0,0.0,0.0,False,True,True,False,button_cr2032,,15030,True,True,0,0,0.5728785474153391,measured,17.89216444825623,True,10.172383769636188
wood,1.0,0.0,1.0,8.0,0.0,False,0.0,3.0,0.0,6.0,0.0,0.0,0.0,0.0,False,True,True,False,button_lr44,,15031,True,True,0,0,,specular_break,11.134327840529991,True,5.999641347243026
wood,1.0,0.0,1.0,8.0,0.0,False,0.0,3.0,0.0,6.0,0.0,0.0,0.0,0.0,False,True,True,False,bead_6,,15032,True,True,0,0,,specular_break,6.78129368067641,True,20.935001552978118
wood,1.0,0.0,1.0,8.0,0.0,False,0.0,3.0,0.0,6.0,0.0,0.0,0.0,0.0,False,True,True,False,bead_10_dark,,15033,True,True,0,0,,specular_break,12.461685316275807,True,5.7810758175536625
wood,1.0,0.0,1.0,8.0,0.0,False,0.0,3.0,0.0,6.0,0.0,0.0,0.0,0.0,False,True,True,False,magnet_disc_10x3,,15034,True,True,0,0,,specular_break,9.643225594506376,True,1.6440867979422276
wood,1.0,0.0,1.0,8.0,0.0,False,0.0,3.0,0.0,6.0,0.0,0.0,0.0,0.0,False,True,True,False,magnet_ball_5,,15035,True,True,0,0,,specular_break,5.515386550372315,True,0.798094075018712
wood,1.0,0.0,1.0,8.0,0.0,False,0.0,3.0,0.0,6.0,0.0,0.0,0.0,0.0,False,True,True,False,pill_8,,15036,True,True,0,0,2.3941487003715753,measured,7.907830203664919,False,4.110364149780405
wood,1.0,0.0,1.0,8.0,0.0,False,0.0,3.0,0.0,6.0,0.0,0.0,0.0,0.0,False,True,True,False,plastic_part_8,,15037,True,True,0,0,2.6845601314834813,measured,8.058150282703194,True,4.191947481917902
wood,1.0,0.0,1.0,8.0,0.0,False,0.0,3.0,0.0,6.0,0.0,0.0,0.0,0.0,False,True,True,False,floor_colored_12,,15038,True,True,0,0,0.6467718192060428,measured,11.713042365951873,False,5.660720737978542
wood,1.0,0.0,1.0,8.0,0.0,False,0.0,3.0,0.0,6.0,0.0,0.0,0.0,0.0,False,True,True,False,,empty,15039,False,False,0,0,,,,False,
wood,1.0,0.0,1.0,8.0,0.0,False,0.0,3.0,0.0,6.0,0.0,0.0,0.0,0.0,False,True,True,False,,stain,15040,False,False,0,0,,,,False,
wood,1.0,0.0,1.0,8.0,0.0,False,0.0,3.0,0.0,6.0,0.0,0.0,0.0,0.0,False,True,True,False,,seam,15041,False,False,0,0,,,,False,
wood,1.0,0.0,2.0,8.0,0.0,False,0.0,3.0,0.0,6.0,0.0,0.0,0.0,0.0,False,True,True,False,coin_1yen,,16000,True,True,0,0,1.4781247857901985,measured,18.295101034487878,False,9.82197683381082
wood,1.0,0.0,2.0,8.0,0.0,False,0.0,3.0,0.0,6.0,0.0,0.0,0.0,0.0,False,True,True,False,coin_10yen,,16001,True,True,0,0,0.749581297510387,measured,17.2129749459929,False,14.216485970884985
wood,1.0,0.0,2.0,8.0,0.0,False,0.0,3.0,0.0,6.0,0.0,0.0,0.0,0.0,False,True,True,False,button_cr2032,,16002,True,True,0,0,,specular_break,18.246407222178366,True,9.93092310335766
wood,1.0,0.0,2.0,8.0,0.0,False,0.0,3.0,0.0,6.0,0.0,0.0,0.0,0.0,False,True,True,False,button_lr44,,16003,True,True,0,0,,specular_break,11.47166575914536,True,5.967653937974282
wood,1.0,0.0,2.0,8.0,0.0,False,0.0,3.0,0.0,6.0,0.0,0.0,0.0,0.0,False,True,True,False,bead_6,,16004,True,True,0,0,1.0904746809567492,measured,6.79578276342673,True,14.063552788947906
wood,1.0,0.0,2.0,8.0,0.0,False,0.0,3.0,0.0,6.0,0.0,0.0,0.0,0.0,False,True,True,False,bead_10_dark,,16005,True,True,0,0,,specular_break,12.404364258538635,True,5.542979231539962
wood,1.0,0.0,2.0,8.0,0.0,False,0.0,3.0,0.0,6.0,0.0,0.0,0.0,0.0,False,True,True,False,magnet_disc_10x3,,16006,True,True,0,0,,specular_break,9.670741818848816,True,2.768433581750492
wood,1.0,0.0,2.0,8.0,0.0,False,0.0,3.0,0.0,6.0,0.0,0.0,0.0,0.0,False,True,True,False,magnet_ball_5,,16007,True,True,0,0,,specular_break,2.383125977948315,False,10.895825569640577
wood,1.0,0.0,2.0,8.0,0.0,False,0.0,3.0,0.0,6.0,0.0,0.0,0.0,0.0,False,True,True,False,pill_8,,16008,True,True,0,0,2.3740835564262035,measured,8.024507210170027,False,3.695142465426834
wood,1.0,0.0,2.0,8.0,0.0,False,0.0,3.0,0.0,6.0,0.0,0.0,0.0,0.0,False,True,True,False,plastic_part_8,,16009,True,True,0,0,2.735553059896933,measured,7.99480819800993,True,4.107818540677201
wood,1.0,0.0,2.0,8.0,0.0,False,0.0,3.0,0.0,6.0,0.0,0.0,0.0,0.0,False,True,True,False,floor_colored_12,,16010,True,True,0,0,0.6662254526290639,measured,11.32815885892269,False,5.726025689814766
wood,1.0,0.0,2.0,8.0,0.0,False,0.0,3.0,0.0,6.0,0.0,0.0,0.0,0.0,False,True,True,False,,empty,16011,False,False,0,0,,,,False,
wood,1.0,0.0,2.0,8.0,0.0,False,0.0,3.0,0.0,6.0,0.0,0.0,0.0,0.0,False,True,True,False,,stain,16012,False,False,0,0,,,,False,
wood,1.0,0.0,2.0,8.0,0.0,False,0.0,3.0,0.0,6.0,0.0,0.0,0.0,0.0,False,True,True,False,,seam,16013,False,False,0,0,,,,False,
wood,1.0,0.0,2.0,8.0,0.0,False,0.0,3.0,0.0,6.0,0.0,0.0,0.0,0.0,False,True,True,False,coin_1yen,,16014,True,True,0,0,1.462886912888676,measured,18.486543025701977,False,9.769900012866083
wood,1.0,0.0,2.0,8.0,0.0,False,0.0,3.0,0.0,6.0,0.0,0.0,0.0,0.0,False,True,True,False,coin_10yen,,16015,True,True,0,0,0.7220433103362787,measured,17.22366453723328,False,16.968818059178744
wood,1.0,0.0,2.0,8.0,0.0,False,0.0,3.0,0.0,6.0,0.0,0.0,0.0,0.0,False,True,True,False,button_cr2032,,16016,True,True,0,0,,specular_break,18.539972572317367,True,10.387453171532139
wood,1.0,0.0,2.0,8.0,0.0,False,0.0,3.0,0.0,6.0,0.0,0.0,0.0,0.0,False,True,True,False,button_lr44,,16017,True,True,0,0,,specular_break,11.241188155809622,True,5.906265041937542
wood,1.0,0.0,2.0,8.0,0.0,False,0.0,3.0,0.0,6.0,0.0,0.0,0.0,0.0,False,True,True,False,bead_6,,16018,True,True,0,0,,specular_break,6.625662865071989,True,17.534659575203886
wood,1.0,0.0,2.0,8.0,0.0,False,0.0,3.0,0.0,6.0,0.0,0.0,0.0,0.0,False,True,True,False,bead_10_dark,,16019,True,True,0,0,,specular_break,12.583461059991786,True,5.343647485400837
wood,1.0,0.0,2.0,8.0,0.0,False,0.0,3.0,0.0,6.0,0.0,0.0,0.0,0.0,False,True,True,False,magnet_disc_10x3,,16020,True,True,0,0,,specular_break,9.610091763619518,True,1.742409086638571
wood,1.0,0.0,2.0,8.0,0.0,False,0.0,3.0,0.0,6.0,0.0,0.0,0.0,0.0,False,True,True,False,magnet_ball_5,,16021,True,True,0,0,,specular_break,4.508355390703544,True,10.786248669257716
wood,1.0,0.0,2.0,8.0,0.0,False,0.0,3.0,0.0,6.0,0.0,0.0,0.0,0.0,False,True,True,False,pill_8,,16022,True,True,0,0,2.3884536421853113,measured,8.04186122406602,False,4.102247217168994
wood,1.0,0.0,2.0,8.0,0.0,False,0.0,3.0,0.0,6.0,0.0,0.0,0.0,0.0,False,True,True,False,plastic_part_8,,16023,True,True,0,0,2.6046410169561725,measured,8.352599671477854,True,4.284797474671194
wood,1.0,0.0,2.0,8.0,0.0,False,0.0,3.0,0.0,6.0,0.0,0.0,0.0,0.0,False,True,True,False,floor_colored_12,,16024,True,True,0,0,0.5844851880172559,measured,11.580323791473553,False,5.45597876568155
wood,1.0,0.0,2.0,8.0,0.0,False,0.0,3.0,0.0,6.0,0.0,0.0,0.0,0.0,False,True,True,False,,empty,16025,False,False,0,0,,,,False,
wood,1.0,0.0,2.0,8.0,0.0,False,0.0,3.0,0.0,6.0,0.0,0.0,0.0,0.0,False,True,True,False,,stain,16026,False,False,0,0,,,,False,
wood,1.0,0.0,2.0,8.0,0.0,False,0.0,3.0,0.0,6.0,0.0,0.0,0.0,0.0,False,True,True,False,,seam,16027,False,False,0,0,,,,False,
wood,1.0,0.0,2.0,8.0,0.0,False,0.0,3.0,0.0,6.0,0.0,0.0,0.0,0.0,False,True,True,False,coin_1yen,,16028,True,True,0,0,1.4508662019755487,measured,18.32427465150039,False,9.695026263072563
wood,1.0,0.0,2.0,8.0,0.0,False,0.0,3.0,0.0,6.0,0.0,0.0,0.0,0.0,False,True,True,False,coin_10yen,,16029,True,True,0,0,0.7226497303661912,measured,17.219362775023157,False,16.37160848669496
wood,1.0,0.0,2.0,8.0,0.0,False,0.0,3.0,0.0,6.0,0.0,0.0,0.0,0.0,False,True,True,False,button_cr2032,,16030,True,True,0,0,,specular_break,18.087437392381027,True,10.03278317199723
wood,1.0,0.0,2.0,8.0,0.0,False,0.0,3.0,0.0,6.0,0.0,0.0,0.0,0.0,False,True,True,False,button_lr44,,16031,True,True,0,0,,specular_break,11.353879537324973,True,5.978582549372745
wood,1.0,0.0,2.0,8.0,0.0,False,0.0,3.0,0.0,6.0,0.0,0.0,0.0,0.0,False,True,True,False,bead_6,,16032,True,True,0,0,2.128405477427723,measured,6.9993728986417,True,0.8984140941647508
wood,1.0,0.0,2.0,8.0,0.0,False,0.0,3.0,0.0,6.0,0.0,0.0,0.0,0.0,False,True,True,False,bead_10_dark,,16033,True,True,0,0,,specular_break,12.583297106050127,True,5.576325236017905
wood,1.0,0.0,2.0,8.0,0.0,False,0.0,3.0,0.0,6.0,0.0,0.0,0.0,0.0,False,True,True,False,magnet_disc_10x3,,16034,True,True,0,0,,specular_break,9.826683296619244,True,1.985163240802592
wood,1.0,0.0,2.0,8.0,0.0,False,0.0,3.0,0.0,6.0,0.0,0.0,0.0,0.0,False,True,True,False,magnet_ball_5,,16035,True,True,0,0,,specular_break,5.8106423441259665,True,0.9067160220259396
wood,1.0,0.0,2.0,8.0,0.0,False,0.0,3.0,0.0,6.0,0.0,0.0,0.0,0.0,False,True,True,False,pill_8,,16036,True,True,0,0,2.3910589592991993,measured,7.919012608725319,False,4.220408904271151
wood,1.0,0.0,2.0,8.0,0.0,False,0.0,3.0,0.0,6.0,0.0,0.0,0.0,0.0,False,True,True,False,plastic_part_8,,16037,True,True,0,0,2.7562434462908936,measured,8.026942223984372,True,4.240890041031448
wood,1.0,0.0,2.0,8.0,0.0,False,0.0,3.0,0.0,6.0,0.0,0.0,0.0,0.0,False,True,True,False,floor_colored_12,,16038,True,True,0,0,0.6248378975515632,measured,11.405932040885586,False,5.721641581535424
wood,1.0,0.0,2.0,8.0,0.0,False,0.0,3.0,0.0,6.0,0.0,0.0,0.0,0.0,False,True,True,False,,empty,16039,False,False,0,0,,,,False,
wood,1.0,0.0,2.0,8.0,0.0,False,0.0,3.0,0.0,6.0,0.0,0.0,0.0,0.0,False,True,True,False,,stain,16040,False,False,0,0,,,,False,
wood,1.0,0.0,2.0,8.0,0.0,False,0.0,3.0,0.0,6.0,0.0,0.0,0.0,0.0,False,True,True,False,,seam,16041,False,False,0,0,,,,False,
wood,1.0,0.0,4.0,8.0,0.0,False,0.0,3.0,0.0,6.0,0.0,0.0,0.0,0.0,False,True,True,False,coin_1yen,,17000,True,True,0,0,1.4642651324769904,measured,18.317294171029733,False,9.590457783572653
wood,1.0,0.0,4.0,8.0,0.0,False,0.0,3.0,0.0,6.0,0.0,0.0,0.0,0.0,False,True,True,False,coin_10yen,,17001,True,True,0,0,0.7220146841387098,measured,17.210638557357466,False,17.43669814535621
wood,1.0,0.0,4.0,8.0,0.0,False,0.0,3.0,0.0,6.0,0.0,0.0,0.0,0.0,False,True,True,False,button_cr2032,,17002,True,True,0,0,,specular_break,18.65783960199883,True,10.27795776249439
wood,1.0,0.0,4.0,8.0,0.0,False,0.0,3.0,0.0,6.0,0.0,0.0,0.0,0.0,False,True,True,False,button_lr44,,17003,True,True,0,0,,specular_break,11.3384859549552,True,5.994630187832606
wood,1.0,0.0,4.0,8.0,0.0,False,0.0,3.0,0.0,6.0,0.0,0.0,0.0,0.0,False,True,True,False,bead_6,,17004,True,True,0,0,,specular_break,5.877835942641162,True,18.991830243605875
wood,1.0,0.0,4.0,8.0,0.0,False,0.0,3.0,0.0,6.0,0.0,0.0,0.0,0.0,False,True,True,False,bead_10_dark,,17005,True,True,0,0,,specular_break,12.876005272578173,True,5.490418981709418
wood,1.0,0.0,4.0,8.0,0.0,False,0.0,3.0,0.0,6.0,0.0,0.0,0.0,0.0,False,True,True,False,magnet_disc_10x3,,17006,True,True,0,0,,specular_break,9.644841875735803,True,1.9587256410634923
wood,1.0,0.0,4.0,8.0,0.0,False,0.0,3.0,0.0,6.0,0.0,0.0,0.0,0.0,False,True,True,False,magnet_ball_5,,17007,True,True,0,0,,specular_break,4.201297799405654,True,10.360794392434002
wood,1.0,0.0,4.0,8.0,0.0,False,0.0,3.0,0.0,6.0,0.0,0.0,0.0,0.0,False,True,True,False,pill_8,,17008,True,True,0,0,2.4461718517592654,measured,8.188806431842107,False,3.9718647942791407
wood,1.0,0.0,4.0,8.0,0.0,False,0.0,3.0,0.0,6.0,0.0,0.0,0.0,0.0,False,True,True,False,plastic_part_8,,17009,True,True,0,0,2.670900352623182,measured,8.275185794303267,True,4.189882494483754
wood,1.0,0.0,4.0,8.0,0.0,False,0.0,3.0,0.0,6.0,0.0,0.0,0.0,0.0,False,True,True,False,floor_colored_12,,17010,True,True,0,0,0.49288856988196983,measured,11.56344700397876,False,5.070174009069106
wood,1.0,0.0,4.0,8.0,0.0,False,0.0,3.0,0.0,6.0,0.0,0.0,0.0,0.0,False,True,True,False,,empty,17011,False,False,0,0,,,,False,
wood,1.0,0.0,4.0,8.0,0.0,False,0.0,3.0,0.0,6.0,0.0,0.0,0.0,0.0,False,True,True,False,,stain,17012,False,False,0,0,,,,False,
wood,1.0,0.0,4.0,8.0,0.0,False,0.0,3.0,0.0,6.0,0.0,0.0,0.0,0.0,False,True,True,False,,seam,17013,False,False,0,0,,,,False,
wood,1.0,0.0,4.0,8.0,0.0,False,0.0,3.0,0.0,6.0,0.0,0.0,0.0,0.0,False,True,True,False,coin_1yen,,17014,True,True,0,0,1.432292204409789,measured,18.7441661447544,False,9.408800727008774
wood,1.0,0.0,4.0,8.0,0.0,False,0.0,3.0,0.0,6.0,0.0,0.0,0.0,0.0,False,True,True,False,coin_10yen,,17015,True,True,0,0,0.7225070836646434,measured,17.1736848999066,False,16.23961655886536
wood,1.0,0.0,4.0,8.0,0.0,False,0.0,3.0,0.0,6.0,0.0,0.0,0.0,0.0,False,True,True,False,button_cr2032,,17016,True,True,0,0,,specular_break,18.632580173831123,True,10.082520167103235
wood,1.0,0.0,4.0,8.0,0.0,False,0.0,3.0,0.0,6.0,0.0,0.0,0.0,0.0,False,True,True,False,button_lr44,,17017,True,True,0,0,,specular_break,11.352057756665118,True,5.880914548753707
wood,1.0,0.0,4.0,8.0,0.0,False,0.0,3.0,0.0,6.0,0.0,0.0,0.0,0.0,False,True,True,False,bead_6,,17018,True,True,0,0,,specular_break,6.258017758058543,True,19.217473014299898
wood,1.0,0.0,4.0,8.0,0.0,False,0.0,3.0,0.0,6.0,0.0,0.0,0.0,0.0,False,True,True,False,bead_10_dark,,17019,True,True,0,0,,specular_break,12.713154519774875,True,5.5274978606497385
wood,1.0,0.0,4.0,8.0,0.0,False,0.0,3.0,0.0,6.0,0.0,0.0,0.0,0.0,False,True,True,False,magnet_disc_10x3,,17020,True,True,0,0,,specular_break,9.516273355473418,True,1.8499263384180225
wood,1.0,0.0,4.0,8.0,0.0,False,0.0,3.0,0.0,6.0,0.0,0.0,0.0,0.0,False,True,True,False,magnet_ball_5,,17021,True,True,0,0,,specular_break,4.5699431392727865,True,9.807053937859333
wood,1.0,0.0,4.0,8.0,0.0,False,0.0,3.0,0.0,6.0,0.0,0.0,0.0,0.0,False,True,True,False,pill_8,,17022,True,True,0,0,2.400000398927956,measured,8.01168641112723,False,4.199905043753717
wood,1.0,0.0,4.0,8.0,0.0,False,0.0,3.0,0.0,6.0,0.0,0.0,0.0,0.0,False,True,True,False,plastic_part_8,,17023,True,True,0,0,2.6077366793608086,measured,8.156654777214216,True,4.343272348691684
wood,1.0,0.0,4.0,8.0,0.0,False,0.0,3.0,0.0,6.0,0.0,0.0,0.0,0.0,False,True,True,False,floor_colored_12,,17024,True,True,0,0,0.3894982710092343,measured,11.769000856282558,False,5.524199448934861
wood,1.0,0.0,4.0,8.0,0.0,False,0.0,3.0,0.0,6.0,0.0,0.0,0.0,0.0,False,True,True,False,,empty,17025,False,False,0,0,,,,False,
wood,1.0,0.0,4.0,8.0,0.0,False,0.0,3.0,0.0,6.0,0.0,0.0,0.0,0.0,False,True,True,False,,stain,17026,False,False,0,0,,,,False,
wood,1.0,0.0,4.0,8.0,0.0,False,0.0,3.0,0.0,6.0,0.0,0.0,0.0,0.0,False,True,True,False,,seam,17027,False,False,0,0,,,,False,
wood,1.0,0.0,4.0,8.0,0.0,False,0.0,3.0,0.0,6.0,0.0,0.0,0.0,0.0,False,True,True,False,coin_1yen,,17028,True,True,0,0,1.4463000596463456,measured,18.21461924322809,False,9.383391474590967
wood,1.0,0.0,4.0,8.0,0.0,False,0.0,3.0,0.0,6.0,0.0,0.0,0.0,0.0,False,True,True,False,coin_10yen,,17029,True,True,0,0,0.7078553505691403,measured,17.20899607216966,False,18.936427664221096
wood,1.0,0.0,4.0,8.0,0.0,False,0.0,3.0,0.0,6.0,0.0,0.0,0.0,0.0,False,True,True,False,button_cr2032,,17030,True,True,0,0,,specular_break,18.438225962639553,True,10.14667033227262
wood,1.0,0.0,4.0,8.0,0.0,False,0.0,3.0,0.0,6.0,0.0,0.0,0.0,0.0,False,True,True,False,button_lr44,,17031,True,True,0,0,,specular_break,11.460343557880904,True,5.7102777150803075
wood,1.0,0.0,4.0,8.0,0.0,False,0.0,3.0,0.0,6.0,0.0,0.0,0.0,0.0,False,True,True,False,bead_6,,17032,True,True,0,0,,specular_break,6.789079902004764,True,13.144118597646374
wood,1.0,0.0,4.0,8.0,0.0,False,0.0,3.0,0.0,6.0,0.0,0.0,0.0,0.0,False,True,True,False,bead_10_dark,,17033,True,True,0,0,,specular_break,12.84398010016094,True,5.5689047733937755
wood,1.0,0.0,4.0,8.0,0.0,False,0.0,3.0,0.0,6.0,0.0,0.0,0.0,0.0,False,True,True,False,magnet_disc_10x3,,17034,True,True,0,1,,specular_break,8.239842430622108,True,2.265813329853262
wood,1.0,0.0,4.0,8.0,0.0,False,0.0,3.0,0.0,6.0,0.0,0.0,0.0,0.0,False,True,True,False,magnet_ball_5,,17035,True,True,0,0,,specular_break,4.746559153063425,True,9.425569715321105
wood,1.0,0.0,4.0,8.0,0.0,False,0.0,3.0,0.0,6.0,0.0,0.0,0.0,0.0,False,True,True,False,pill_8,,17036,True,True,0,0,2.4347140653262045,measured,7.910370735041667,False,4.179394043431772
wood,1.0,0.0,4.0,8.0,0.0,False,0.0,3.0,0.0,6.0,0.0,0.0,0.0,0.0,False,True,True,False,plastic_part_8,,17037,True,True,0,0,2.5348768448493626,measured,8.125844297755235,True,4.534129026243306
wood,1.0,0.0,4.0,8.0,0.0,False,0.0,3.0,0.0,6.0,0.0,0.0,0.0,0.0,False,True,True,False,floor_colored_12,,17038,True,True,0,0,0.23089370145329546,measured,11.460746456092792,False,4.9953469986612875
wood,1.0,0.0,4.0,8.0,0.0,False,0.0,3.0,0.0,6.0,0.0,0.0,0.0,0.0,False,True,True,False,,empty,17039,False,False,0,0,,,,False,
wood,1.0,0.0,4.0,8.0,0.0,False,0.0,3.0,0.0,6.0,0.0,0.0,0.0,0.0,False,True,True,False,,stain,17040,False,False,0,0,,,,False,
wood,1.0,0.0,4.0,8.0,0.0,False,0.0,3.0,0.0,6.0,0.0,0.0,0.0,0.0,False,True,True,False,,seam,17041,False,False,0,0,,,,False,
wood,1.0,0.0,8.0,8.0,0.0,False,0.0,3.0,0.0,6.0,0.0,0.0,0.0,0.0,False,True,True,False,coin_1yen,,18000,True,True,0,0,1.3518108545625314,measured,17.999951546667834,False,9.309438874342982
wood,1.0,0.0,8.0,8.0,0.0,False,0.0,3.0,0.0,6.0,0.0,0.0,0.0,0.0,False,True,True,False,coin_10yen,,18001,True,True,0,0,0.7164618155365421,measured,17.1092201810449,False,14.8687711816299
wood,1.0,0.0,8.0,8.0,0.0,False,0.0,3.0,0.0,6.0,0.0,0.0,0.0,0.0,False,True,True,False,button_cr2032,,18002,True,True,0,0,,specular_break,18.677582546872838,True,10.52402422936823
wood,1.0,0.0,8.0,8.0,0.0,False,0.0,3.0,0.0,6.0,0.0,0.0,0.0,0.0,False,True,True,False,button_lr44,,18003,True,True,0,0,,specular_break,11.23404142714715,True,5.846491757723449
wood,1.0,0.0,8.0,8.0,0.0,False,0.0,3.0,0.0,6.0,0.0,0.0,0.0,0.0,False,True,True,False,bead_6,,18004,True,True,0,0,,specular_break,4.843140668165582,True,19.718468372709822
wood,1.0,0.0,8.0,8.0,0.0,False,0.0,3.0,0.0,6.0,0.0,0.0,0.0,0.0,False,True,True,False,bead_10_dark,,18005,True,True,0,0,,specular_break,12.881990150529903,True,5.958803494868221
wood,1.0,0.0,8.0,8.0,0.0,False,0.0,3.0,0.0,6.0,0.0,0.0,0.0,0.0,False,True,True,False,magnet_disc_10x3,,18006,True,True,0,0,,specular_break,7.9931360224663415,True,4.697479590789174
wood,1.0,0.0,8.0,8.0,0.0,False,0.0,3.0,0.0,6.0,0.0,0.0,0.0,0.0,False,True,True,False,magnet_ball_5,,18007,True,True,0,0,,specular_break,4.571323933401406,True,11.493209050858969
wood,1.0,0.0,8.0,8.0,0.0,False,0.0,3.0,0.0,6.0,0.0,0.0,0.0,0.0,False,True,True,False,pill_8,,18008,True,True,0,0,2.222543367839126,measured,8.058046937051467,False,4.230372012203344
wood,1.0,0.0,8.0,8.0,0.0,False,0.0,3.0,0.0,6.0,0.0,0.0,0.0,0.0,False,True,True,False,plastic_part_8,,18009,True,True,0,0,1.9167830186647645,measured,8.341468686688701,True,4.3129215850359515
wood,1.0,0.0,8.0,8.0,0.0,False,0.0,3.0,0.0,6.0,0.0,0.0,0.0,0.0,False,True,True,False,floor_colored_12,,18010,True,True,0,0,0.4845180700472902,measured,11.822815458051723,False,5.245103912448201
wood,1.0,0.0,8.0,8.0,0.0,False,0.0,3.0,0.0,6.0,0.0,0.0,0.0,0.0,False,True,True,False,,empty,18011,False,False,0,0,,,,False,
wood,1.0,0.0,8.0,8.0,0.0,False,0.0,3.0,0.0,6.0,0.0,0.0,0.0,0.0,False,True,True,False,,stain,18012,False,False,0,0,,,,False,
wood,1.0,0.0,8.0,8.0,0.0,False,0.0,3.0,0.0,6.0,0.0,0.0,0.0,0.0,False,True,True,False,,seam,18013,False,False,0,0,,,,False,
wood,1.0,0.0,8.0,8.0,0.0,False,0.0,3.0,0.0,6.0,0.0,0.0,0.0,0.0,False,True,True,False,coin_1yen,,18014,True,True,0,0,1.3926675632526457,measured,18.214791014385828,False,9.15099228576216
wood,1.0,0.0,8.0,8.0,0.0,False,0.0,3.0,0.0,6.0,0.0,0.0,0.0,0.0,False,True,True,False,coin_10yen,,18015,True,True,0,0,0.8680349245821724,measured,16.85334488910061,False,17.951339261195873
wood,1.0,0.0,8.0,8.0,0.0,False,0.0,3.0,0.0,6.0,0.0,0.0,0.0,0.0,False,True,True,False,button_cr2032,,18016,True,True,0,0,,specular_break,18.615427517571256,True,10.08776758811549
wood,1.0,0.0,8.0,8.0,0.0,False,0.0,3.0,0.0,6.0,0.0,0.0,0.0,0.0,False,True,True,False,button_lr44,,18017,True,True,0,0,,specular_break,11.516557131255668,True,5.692850939439362
wood,1.0,0.0,8.0,8.0,0.0,False,0.0,3.0,0.0,6.0,0.0,0.0,0.0,0.0,False,True,True,False,bead_6,,18018,True,True,0,0,,specular_break,6.0360591566835184,True,14.285125578985483
wood,1.0,0.0,8.0,8.0,0.0,False,0.0,3.0,0.0,6.0,0.0,0.0,0.0,0.0,False,True,True,False,bead_10_dark,,18019,True,True,0,0,,specular_break,12.786296926263164,True,6.17789678767727
wood,1.0,0.0,8.0,8.0,0.0,False,0.0,3.0,0.0,6.0,0.0,0.0,0.0,0.0,False,True,True,False,magnet_disc_10x3,,18020,True,True,0,0,,specular_break,8.525781014525645,True,4.40052741921366
wood,1.0,0.0,8.0,8.0,0.0,False,0.0,3.0,0.0,6.0,0.0,0.0,0.0,0.0,False,True,True,False,magnet_ball_5,,18021,True,True,0,0,,specular_break,4.5556719024561225,True,12.544380766166986
wood,1.0,0.0,8.0,8.0,0.0,False,0.0,3.0,0.0,6.0,0.0,0.0,0.0,0.0,False,True,True,False,pill_8,,18022,True,True,0,0,2.1171652361777245,measured,7.728758994762382,False,4.33467999643502
wood,1.0,0.0,8.0,8.0,0.0,False,0.0,3.0,0.0,6.0,0.0,0.0,0.0,0.0,False,True,True,False,plastic_part_8,,18023,True,True,0,0,1.6747095240777554,measured,8.725617243769076,True,5.0247265354576935
wood,1.0,0.0,8.0,8.0,0.0,False,0.0,3.0,0.0,6.0,0.0,0.0,0.0,0.0,False,True,True,False,floor_colored_12,,18024,True,True,0,0,0.38316049822257625,measured,11.344174829928225,False,5.578309520636296
wood,1.0,0.0,8.0,8.0,0.0,False,0.0,3.0,0.0,6.0,0.0,0.0,0.0,0.0,False,True,True,False,,empty,18025,False,False,0,0,,,,False,
wood,1.0,0.0,8.0,8.0,0.0,False,0.0,3.0,0.0,6.0,0.0,0.0,0.0,0.0,False,True,True,False,,stain,18026,False,False,0,0,,,,False,
wood,1.0,0.0,8.0,8.0,0.0,False,0.0,3.0,0.0,6.0,0.0,0.0,0.0,0.0,False,True,True,False,,seam,18027,False,False,1,1,,,,False,
wood,1.0,0.0,8.0,8.0,0.0,False,0.0,3.0,0.0,6.0,0.0,0.0,0.0,0.0,False,True,True,False,coin_1yen,,18028,True,True,0,0,1.3048780685507282,measured,18.457665110727376,False,9.030705695361856
wood,1.0,0.0,8.0,8.0,0.0,False,0.0,3.0,0.0,6.0,0.0,0.0,0.0,0.0,False,True,True,False,coin_10yen,,18029,True,True,0,0,0.758928354846736,measured,17.086266553153642,False,15.421596799142057
wood,1.0,0.0,8.0,8.0,0.0,False,0.0,3.0,0.0,6.0,0.0,0.0,0.0,0.0,False,True,True,False,button_cr2032,,18030,True,True,0,0,,specular_break,18.994438600419745,True,9.760468604307816
wood,1.0,0.0,8.0,8.0,0.0,False,0.0,3.0,0.0,6.0,0.0,0.0,0.0,0.0,False,True,True,False,button_lr44,,18031,True,True,0,0,,specular_break,11.749590421688247,True,5.664051573663856
wood,1.0,0.0,8.0,8.0,0.0,False,0.0,3.0,0.0,6.0,0.0,0.0,0.0,0.0,False,True,True,False,bead_6,,18032,True,True,0,0,,specular_break,5.5752661529521745,True,18.15468483335259
wood,1.0,0.0,8.0,8.0,0.0,False,0.0,3.0,0.0,6.0,0.0,0.0,0.0,0.0,False,True,True,False,bead_10_dark,,18033,True,True,0,0,,specular_break,12.944084874863579,True,6.029776634944227
wood,1.0,0.0,8.0,8.0,0.0,False,0.0,3.0,0.0,6.0,0.0,0.0,0.0,0.0,False,True,True,False,magnet_disc_10x3,,18034,True,True,0,1,,specular_break,2.1070386005429285,False,4.614604209047814
wood,1.0,0.0,8.0,8.0,0.0,False,0.0,3.0,0.0,6.0,0.0,0.0,0.0,0.0,False,True,True,False,magnet_ball_5,,18035,True,True,0,0,,specular_break,3.9183534284785466,True,9.866583783975914
wood,1.0,0.0,8.0,8.0,0.0,False,0.0,3.0,0.0,6.0,0.0,0.0,0.0,0.0,False,True,True,False,pill_8,,18036,True,True,0,0,2.0535489428661773,measured,8.063044755440467,False,3.8402432179818553
wood,1.0,0.0,8.0,8.0,0.0,False,0.0,3.0,0.0,6.0,0.0,0.0,0.0,0.0,False,True,True,False,plastic_part_8,,18037,True,True,0,0,1.8209014263684953,measured,7.969026524257858,True,4.694812267900706
wood,1.0,0.0,8.0,8.0,0.0,False,0.0,3.0,0.0,6.0,0.0,0.0,0.0,0.0,False,True,True,False,floor_colored_12,,18038,True,True,0,0,0.4378137043637693,measured,11.222450021504555,False,5.596116230537049
wood,1.0,0.0,8.0,8.0,0.0,False,0.0,3.0,0.0,6.0,0.0,0.0,0.0,0.0,False,True,True,False,,empty,18039,False,False,0,0,,,,False,
wood,1.0,0.0,8.0,8.0,0.0,False,0.0,3.0,0.0,6.0,0.0,0.0,0.0,0.0,False,True,True,False,,stain,18040,False,False,0,0,,,,False,
wood,1.0,0.0,8.0,8.0,0.0,False,0.0,3.0,0.0,6.0,0.0,0.0,0.0,0.0,False,True,True,False,,seam,18041,False,False,1,1,,,,False,
wood,1.0,0.0,0.0,8.0,0.0,True,0.0,3.0,0.0,6.0,0.0,0.0,0.0,0.0,False,True,True,False,coin_1yen,,19000,True,True,0,0,1.4673947476808564,measured,18.28477821455882,False,9.899342478745217
wood,1.0,0.0,0.0,8.0,0.0,True,0.0,3.0,0.0,6.0,0.0,0.0,0.0,0.0,False,True,True,False,coin_10yen,,19001,True,True,0,0,0.6907085231206,measured,17.264177460438447,False,20.805196740066553
wood,1.0,0.0,0.0,8.0,0.0,True,0.0,3.0,0.0,6.0,0.0,0.0,0.0,0.0,False,True,True,False,button_cr2032,,19002,True,True,0,0,,specular_break,18.203845875872023,True,10.341524966145165
wood,1.0,0.0,0.0,8.0,0.0,True,0.0,3.0,0.0,6.0,0.0,0.0,0.0,0.0,False,True,True,False,button_lr44,,19003,True,True,0,0,,specular_break,11.071291791169779,True,5.938479445110622
wood,1.0,0.0,0.0,8.0,0.0,True,0.0,3.0,0.0,6.0,0.0,0.0,0.0,0.0,False,True,True,False,bead_6,,19004,True,True,0,0,,specular_break,6.718983147903685,True,16.030005964779203
wood,1.0,0.0,0.0,8.0,0.0,True,0.0,3.0,0.0,6.0,0.0,0.0,0.0,0.0,False,True,True,False,bead_10_dark,,19005,True,True,0,0,2.4040011642050096,measured,12.454013250761466,True,5.718755166670341
wood,1.0,0.0,0.0,8.0,0.0,True,0.0,3.0,0.0,6.0,0.0,0.0,0.0,0.0,False,True,True,False,magnet_disc_10x3,,19006,True,True,0,0,,specular_break,9.783321223788674,True,2.4392106092528536
wood,1.0,0.0,0.0,8.0,0.0,True,0.0,3.0,0.0,6.0,0.0,0.0,0.0,0.0,False,True,True,False,magnet_ball_5,,19007,True,True,0,0,,specular_break,4.5101171552173005,True,10.951216635039742
wood,1.0,0.0,0.0,8.0,0.0,True,0.0,3.0,0.0,6.0,0.0,0.0,0.0,0.0,False,True,True,False,pill_8,,19008,True,True,0,0,2.36649787924134,measured,7.246054226531727,False,3.8192978814132785
wood,1.0,0.0,0.0,8.0,0.0,True,0.0,3.0,0.0,6.0,0.0,0.0,0.0,0.0,False,True,True,False,plastic_part_8,,19009,True,True,0,0,2.812741464739551,measured,7.95283051935296,True,4.31770290567786
wood,1.0,0.0,0.0,8.0,0.0,True,0.0,3.0,0.0,6.0,0.0,0.0,0.0,0.0,False,True,True,False,floor_colored_12,,19010,True,True,0,0,0.5031354128543839,measured,11.657342308773913,False,5.801746209758932
wood,1.0,0.0,0.0,8.0,0.0,True,0.0,3.0,0.0,6.0,0.0,0.0,0.0,0.0,False,True,True,False,,empty,19011,False,False,0,0,,,,False,
wood,1.0,0.0,0.0,8.0,0.0,True,0.0,3.0,0.0,6.0,0.0,0.0,0.0,0.0,False,True,True,False,,stain,19012,False,False,0,0,,,,False,
wood,1.0,0.0,0.0,8.0,0.0,True,0.0,3.0,0.0,6.0,0.0,0.0,0.0,0.0,False,True,True,False,,seam,19013,False,False,0,0,,,,False,
wood,1.0,0.0,0.0,8.0,0.0,True,0.0,3.0,0.0,6.0,0.0,0.0,0.0,0.0,False,True,True,False,coin_1yen,,19014,True,True,0,0,1.4626344260384556,measured,18.34425194666963,False,9.568069665719898
wood,1.0,0.0,0.0,8.0,0.0,True,0.0,3.0,0.0,6.0,0.0,0.0,0.0,0.0,False,True,True,False,coin_10yen,,19015,True,True,0,0,0.7344878230441712,measured,17.160768770900177,False,15.664365468786157
wood,1.0,0.0,0.0,8.0,0.0,True,0.0,3.0,0.0,6.0,0.0,0.0,0.0,0.0,False,True,True,False,button_cr2032,,19016,True,True,0,0,,specular_break,18.175181538282764,True,10.025993389881316
wood,1.0,0.0,0.0,8.0,0.0,True,0.0,3.0,0.0,6.0,0.0,0.0,0.0,0.0,False,True,True,False,button_lr44,,19017,True,True,0,0,,specular_break,11.131464153258666,True,5.589571165893267
wood,1.0,0.0,0.0,8.0,0.0,True,0.0,3.0,0.0,6.0,0.0,0.0,0.0,0.0,False,True,True,False,bead_6,,19018,True,True,0,0,,specular_break,6.823810131965217,True,14.156202835019968
wood,1.0,0.0,0.0,8.0,0.0,True,0.0,3.0,0.0,6.0,0.0,0.0,0.0,0.0,False,True,True,False,bead_10_dark,,19019,True,True,0,0,2.4648411423366063,measured,12.837143267405095,True,5.253186154822005
wood,1.0,0.0,0.0,8.0,0.0,True,0.0,3.0,0.0,6.0,0.0,0.0,0.0,0.0,False,True,True,False,magnet_disc_10x3,,19020,True,True,0,0,,specular_break,10.075060392732926,True,3.2036996448850914
wood,1.0,0.0,0.0,8.0,0.0,True,0.0,3.0,0.0,6.0,0.0,0.0,0.0,0.0,False,True,True,False,magnet_ball_5,,19021,True,True,0,0,,specular_break,5.48323697140293,True,0.5349962421053238
wood,1.0,0.0,0.0,8.0,0.0,True,0.0,3.0,0.0,6.0,0.0,0.0,0.0,0.0,False,True,True,False,pill_8,,19022,True,True,0,0,2.3426838181355016,measured,7.475022920243909,False,4.30950200236817
wood,1.0,0.0,0.0,8.0,0.0,True,0.0,3.0,0.0,6.0,0.0,0.0,0.0,0.0,False,True,True,False,plastic_part_8,,19023,True,True,0,0,2.7637776370803664,measured,7.896952240285392,True,4.490782203106144
wood,1.0,0.0,0.0,8.0,0.0,True,0.0,3.0,0.0,6.0,0.0,0.0,0.0,0.0,False,True,True,False,floor_colored_12,,19024,True,True,0,0,0.7028787883462133,measured,11.267582862574594,False,5.928638287983078
wood,1.0,0.0,0.0,8.0,0.0,True,0.0,3.0,0.0,6.0,0.0,0.0,0.0,0.0,False,True,True,False,,empty,19025,False,False,0,0,,,,False,
wood,1.0,0.0,0.0,8.0,0.0,True,0.0,3.0,0.0,6.0,0.0,0.0,0.0,0.0,False,True,True,False,,stain,19026,False,False,0,0,,,,False,
wood,1.0,0.0,0.0,8.0,0.0,True,0.0,3.0,0.0,6.0,0.0,0.0,0.0,0.0,False,True,True,False,,seam,19027,False,False,0,0,,,,False,
wood,1.0,0.0,0.0,8.0,0.0,True,0.0,3.0,0.0,6.0,0.0,0.0,0.0,0.0,False,True,True,False,coin_1yen,,19028,True,True,0,0,1.4641761152293746,measured,18.26507705629697,False,9.968745608439555
wood,1.0,0.0,0.0,8.0,0.0,True,0.0,3.0,0.0,6.0,0.0,0.0,0.0,0.0,False,True,True,False,coin_10yen,,19029,True,True,0,0,0.37475245564744597,measured,17.218290974729566,False,21.910131485180635
wood,1.0,0.0,0.0,8.0,0.0,True,0.0,3.0,0.0,6.0,0.0,0.0,0.0,0.0,False,True,True,False,button_cr2032,,19030,True,True,0,0,,specular_break,17.96934329509089,True,9.970574544466738
wood,1.0,0.0,0.0,8.0,0.0,True,0.0,3.0,0.0,6.0,0.0,0.0,0.0,0.0,False,True,True,False,button_lr44,,19031,True,True,0,0,,specular_break,11.179990638858891,True,5.8071472583972135
wood,1.0,0.0,0.0,8.0,0.0,True,0.0,3.0,0.0,6.0,0.0,0.0,0.0,0.0,False,True,True,False,bead_6,,19032,True,True,0,0,,specular_break,6.657001184826435,True,16.503074987147265
wood,1.0,0.0,0.0,8.0,0.0,True,0.0,3.0,0.0,6.0,0.0,0.0,0.0,0.0,False,True,True,False,bead_10_dark,,19033,True,True,0,0,2.477361578466617,measured,12.662964890023176,True,5.457338600493792
wood,1.0,0.0,0.0,8.0,0.0,True,0.0,3.0,0.0,6.0,0.0,0.0,0.0,0.0,False,True,True,False,magnet_disc_10x3,,19034,True,True,0,0,,specular_break,9.706630647940493,True,3.290463160291616
wood,1.0,0.0,0.0,8.0,0.0,True,0.0,3.0,0.0,6.0,0.0,0.0,0.0,0.0,False,True,True,False,magnet_ball_5,,19035,True,True,0,0,,specular_break,5.597722075328466,True,0.9481725837370083
wood,1.0,0.0,0.0,8.0,0.0,True,0.0,3.0,0.0,6.0,0.0,0.0,0.0,0.0,False,True,True,False,pill_8,,19036,True,True,0,0,2.3993853273143966,measured,7.527970817699144,False,3.876987955004396
wood,1.0,0.0,0.0,8.0,0.0,True,0.0,3.0,0.0,6.0,0.0,0.0,0.0,0.0,False,True,True,False,plastic_part_8,,19037,True,True,0,0,2.802968697760999,measured,7.886240141097511,True,4.245494723813948
wood,1.0,0.0,0.0,8.0,0.0,True,0.0,3.0,0.0,6.0,0.0,0.0,0.0,0.0,False,True,True,False,floor_colored_12,,19038,True,True,0,0,0.5393329251815846,measured,11.53453529937704,False,5.670276135455964
wood,1.0,0.0,0.0,8.0,0.0,True,0.0,3.0,0.0,6.0,0.0,0.0,0.0,0.0,False,True,True,False,,empty,19039,False,False,0,0,,,,False,
wood,1.0,0.0,0.0,8.0,0.0,True,0.0,3.0,0.0,6.0,0.0,0.0,0.0,0.0,False,True,True,False,,stain,19040,False,False,0,0,,,,False,
wood,1.0,0.0,0.0,8.0,0.0,True,0.0,3.0,0.0,6.0,0.0,0.0,0.0,0.0,False,True,True,False,,seam,19041,False,False,0,0,,,,False,
wood,1.0,0.0,0.0,50.0,0.0,True,0.0,3.0,0.0,6.0,0.0,0.0,0.0,0.0,False,True,True,False,coin_1yen,,20000,True,True,0,0,1.4641524745181727,measured,18.29389728665465,False,9.843747950252157
wood,1.0,0.0,0.0,50.0,0.0,True,0.0,3.0,0.0,6.0,0.0,0.0,0.0,0.0,False,True,True,False,coin_10yen,,20001,True,True,0,0,0.7842265559093509,measured,17.28101694316177,False,13.115664519322845
wood,1.0,0.0,0.0,50.0,0.0,True,0.0,3.0,0.0,6.0,0.0,0.0,0.0,0.0,False,True,True,False,button_cr2032,,20002,True,True,0,0,,specular_break,18.32619098402342,True,10.212956133786632
wood,1.0,0.0,0.0,50.0,0.0,True,0.0,3.0,0.0,6.0,0.0,0.0,0.0,0.0,False,True,True,False,button_lr44,,20003,True,True,0,0,,specular_break,11.0019751893417,True,6.036365517827222
wood,1.0,0.0,0.0,50.0,0.0,True,0.0,3.0,0.0,6.0,0.0,0.0,0.0,0.0,False,True,True,False,bead_6,,20004,True,True,0,0,,specular_break,6.525193460020329,True,17.556716729576067
wood,1.0,0.0,0.0,50.0,0.0,True,0.0,3.0,0.0,6.0,0.0,0.0,0.0,0.0,False,True,True,False,bead_10_dark,,20005,True,True,0,0,1.3840741639180543,measured,12.597744182770287,True,5.443267859001561
wood,1.0,0.0,0.0,50.0,0.0,True,0.0,3.0,0.0,6.0,0.0,0.0,0.0,0.0,False,True,True,False,magnet_disc_10x3,,20006,True,True,0,0,,specular_break,9.753302434564306,True,3.480983242343463
wood,1.0,0.0,0.0,50.0,0.0,True,0.0,3.0,0.0,6.0,0.0,0.0,0.0,0.0,False,True,True,False,magnet_ball_5,,20007,True,True,0,0,,specular_break,4.586997368126761,True,11.9408584371735
wood,1.0,0.0,0.0,50.0,0.0,True,0.0,3.0,0.0,6.0,0.0,0.0,0.0,0.0,False,True,True,False,pill_8,,20008,True,True,0,0,2.0021784795465223,measured,6.008866591582209,False,3.8198607223215233
wood,1.0,0.0,0.0,50.0,0.0,True,0.0,3.0,0.0,6.0,0.0,0.0,0.0,0.0,False,True,True,False,plastic_part_8,,20009,True,True,0,0,2.827784808518567,measured,7.990423416116752,True,4.4873748730547645
wood,1.0,0.0,0.0,50.0,0.0,True,0.0,3.0,0.0,6.0,0.0,0.0,0.0,0.0,False,True,True,False,floor_colored_12,,20010,True,True,0,0,0.5104624850968165,measured,11.538712841792524,False,5.769990051547715
wood,1.0,0.0,0.0,50.0,0.0,True,0.0,3.0,0.0,6.0,0.0,0.0,0.0,0.0,False,True,True,False,,empty,20011,False,False,0,0,,,,False,
wood,1.0,0.0,0.0,50.0,0.0,True,0.0,3.0,0.0,6.0,0.0,0.0,0.0,0.0,False,True,True,False,,stain,20012,False,False,0,0,,,,False,
wood,1.0,0.0,0.0,50.0,0.0,True,0.0,3.0,0.0,6.0,0.0,0.0,0.0,0.0,False,True,True,False,,seam,20013,False,False,0,0,,,,False,
wood,1.0,0.0,0.0,50.0,0.0,True,0.0,3.0,0.0,6.0,0.0,0.0,0.0,0.0,False,True,True,False,coin_1yen,,20014,True,True,0,0,1.4599679717543985,measured,17.60110779539376,False,9.944905831925272
wood,1.0,0.0,0.0,50.0,0.0,True,0.0,3.0,0.0,6.0,0.0,0.0,0.0,0.0,False,True,True,False,coin_10yen,,20015,True,True,0,0,0.7127931113558557,measured,17.23551526259679,False,18.217599699816663
wood,1.0,0.0,0.0,50.0,0.0,True,0.0,3.0,0.0,6.0,0.0,0.0,0.0,0.0,False,True,True,False,button_cr2032,,20016,True,True,0,0,,specular_break,18.265032854340692,True,10.189775934497332
wood,1.0,0.0,0.0,50.0,0.0,True,0.0,3.0,0.0,6.0,0.0,0.0,0.0,0.0,False,True,True,False,button_lr44,,20017,True,True,0,0,,specular_break,10.637251103586873,True,6.0453229393909895
wood,1.0,0.0,0.0,50.0,0.0,True,0.0,3.0,0.0,6.0,0.0,0.0,0.0,0.0,False,True,True,False,bead_6,,20018,True,True,0,0,,specular_break,6.712455522185409,True,14.430815269985473
wood,1.0,0.0,0.0,50.0,0.0,True,0.0,3.0,0.0,6.0,0.0,0.0,0.0,0.0,False,True,True,False,bead_10_dark,,20019,True,True,0,0,1.567283406792308,measured,12.752529938114504,True,5.33771883751998
wood,1.0,0.0,0.0,50.0,0.0,True,0.0,3.0,0.0,6.0,0.0,0.0,0.0,0.0,False,True,True,False,magnet_disc_10x3,,20020,True,True,0,0,,specular_break,9.650146389831917,True,3.1693067405811024
wood,1.0,0.0,0.0,50.0,0.0,True,0.0,3.0,0.0,6.0,0.0,0.0,0.0,0.0,False,True,True,False,magnet_ball_5,,20021,True,True,0,0,,specular_break,5.798620607687133,True,1.320453982407464
wood,1.0,0.0,0.0,50.0,0.0,True,0.0,3.0,0.0,6.0,0.0,0.0,0.0,0.0,False,True,True,False,pill_8,,20022,True,True,0,0,0.8519713944982659,measured,5.830294614890653,False,3.9030900571669647
wood,1.0,0.0,0.0,50.0,0.0,True,0.0,3.0,0.0,6.0,0.0,0.0,0.0,0.0,False,True,True,False,plastic_part_8,,20023,True,True,0,0,2.7260658877235677,measured,7.955619408266887,True,4.3462038176253515
wood,1.0,0.0,0.0,50.0,0.0,True,0.0,3.0,0.0,6.0,0.0,0.0,0.0,0.0,False,True,True,False,floor_colored_12,,20024,True,True,0,0,0.7544521824971095,measured,11.161655188401646,False,5.938415380202123
wood,1.0,0.0,0.0,50.0,0.0,True,0.0,3.0,0.0,6.0,0.0,0.0,0.0,0.0,False,True,True,False,,empty,20025,False,False,0,0,,,,False,
wood,1.0,0.0,0.0,50.0,0.0,True,0.0,3.0,0.0,6.0,0.0,0.0,0.0,0.0,False,True,True,False,,stain,20026,False,False,0,0,,,,False,
wood,1.0,0.0,0.0,50.0,0.0,True,0.0,3.0,0.0,6.0,0.0,0.0,0.0,0.0,False,True,True,False,,seam,20027,False,False,0,0,,,,False,
wood,1.0,0.0,0.0,50.0,0.0,True,0.0,3.0,0.0,6.0,0.0,0.0,0.0,0.0,False,True,True,False,coin_1yen,,20028,True,True,0,0,1.489678048343455,measured,17.87643367256781,False,9.795027194912947
wood,1.0,0.0,0.0,50.0,0.0,True,0.0,3.0,0.0,6.0,0.0,0.0,0.0,0.0,False,True,True,False,coin_10yen,,20029,True,True,0,0,0.7680060029288498,measured,17.22720665937924,False,13.608215010531357
wood,1.0,0.0,0.0,50.0,0.0,True,0.0,3.0,0.0,6.0,0.0,0.0,0.0,0.0,False,True,True,False,button_cr2032,,20030,True,True,0,0,,specular_break,18.33995324867072,True,10.014760268362847
wood,1.0,0.0,0.0,50.0,0.0,True,0.0,3.0,0.0,6.0,0.0,0.0,0.0,0.0,False,True,True,False,button_lr44,,20031,True,True,0,0,,specular_break,8.068621638169416,True,5.781942801990185
wood,1.0,0.0,0.0,50.0,0.0,True,0.0,3.0,0.0,6.0,0.0,0.0,0.0,0.0,False,True,True,False,bead_6,,20032,True,True,0,0,,specular_break,6.653073982350221,True,14.103683421311263
wood,1.0,0.0,0.0,50.0,0.0,True,0.0,3.0,0.0,6.0,0.0,0.0,0.0,0.0,False,True,True,False,bead_10_dark,,20033,True,True,0,0,1.5108249347195972,measured,12.404364258538635,True,5.677574365199064
wood,1.0,0.0,0.0,50.0,0.0,True,0.0,3.0,0.0,6.0,0.0,0.0,0.0,0.0,False,True,True,False,magnet_disc_10x3,,20034,True,True,0,0,,specular_break,9.662810577460244,True,3.9990811038371468
wood,1.0,0.0,0.0,50.0,0.0,True,0.0,3.0,0.0,6.0,0.0,0.0,0.0,0.0,False,True,True,False,magnet_ball_5,,20035,True,True,0,0,,specular_break,4.552899277077959,True,11.083965401829037
wood,1.0,0.0,0.0,50.0,0.0,True,0.0,3.0,0.0,6.0,0.0,0.0,0.0,0.0,False,True,True,False,pill_8,,20036,True,True,0,0,0.2701250864627678,measured,5.662190623276785,False,3.765529631693724
wood,1.0,0.0,0.0,50.0,0.0,True,0.0,3.0,0.0,6.0,0.0,0.0,0.0,0.0,False,True,True,False,plastic_part_8,,20037,True,True,0,0,2.661759956695592,measured,7.889798311692921,True,4.406885441768324
wood,1.0,0.0,0.0,50.0,0.0,True,0.0,3.0,0.0,6.0,0.0,0.0,0.0,0.0,False,True,True,False,floor_colored_12,,20038,True,True,0,0,0.4751215201877059,measured,11.571810048388203,False,5.983224167489553
wood,1.0,0.0,0.0,50.0,0.0,True,0.0,3.0,0.0,6.0,0.0,0.0,0.0,0.0,False,True,True,False,,empty,20039,False,False,0,0,,,,False,
wood,1.0,0.0,0.0,50.0,0.0,True,0.0,3.0,0.0,6.0,0.0,0.0,0.0,0.0,False,True,True,False,,stain,20040,False,False,0,0,,,,False,
wood,1.0,0.0,0.0,50.0,0.0,True,0.0,3.0,0.0,6.0,0.0,0.0,0.0,0.0,False,True,True,False,,seam,20041,False,False,0,0,,,,False,
wood,1.0,0.0,0.0,150.0,0.0,True,0.0,3.0,0.0,6.0,0.0,0.0,0.0,0.0,False,True,True,False,coin_1yen,,21000,True,True,0,0,1.4591213811542012,measured,18.125757107211673,False,9.962348861477205
wood,1.0,0.0,0.0,150.0,0.0,True,0.0,3.0,0.0,6.0,0.0,0.0,0.0,0.0,False,True,True,False,coin_10yen,,21001,True,True,0,0,0.7297499364058151,measured,17.15256136909334,False,16.993714223275163
wood,1.0,0.0,0.0,150.0,0.0,True,0.0,3.0,0.0,6.0,0.0,0.0,0.0,0.0,False,True,True,False,button_cr2032,,21002,True,True,0,0,,specular_break,18.079676764699162,True,10.010613387912015
wood,1.0,0.0,0.0,150.0,0.0,True,0.0,3.0,0.0,6.0,0.0,0.0,0.0,0.0,False,True,True,False,button_lr44,,21003,True,True,0,0,,specular_break,8.502451061643553,True,5.577498488283495
wood,1.0,0.0,0.0,150.0,0.0,True,0.0,3.0,0.0,6.0,0.0,0.0,0.0,0.0,False,True,True,False,bead_6,,21004,True,True,0,0,,specular_break,6.3051489250340325,True,13.273216740631224
wood,1.0,0.0,0.0,150.0,0.0,True,0.0,3.0,0.0,6.0,0.0,0.0,0.0,0.0,False,True,True,False,bead_10_dark,,21005,True,True,0,0,,specular_break,12.426355543927361,True,5.552686467861708
wood,1.0,0.0,0.0,150.0,0.0,True,0.0,3.0,0.0,6.0,0.0,0.0,0.0,0.0,False,True,True,False,magnet_disc_10x3,,21006,True,True,0,0,,specular_break,10.147316984941728,True,2.819427681698045
wood,1.0,0.0,0.0,150.0,0.0,True,0.0,3.0,0.0,6.0,0.0,0.0,0.0,0.0,False,True,True,False,magnet_ball_5,,21007,True,True,0,0,,specular_break,5.6196939377305135,True,0.9021397744577873
wood,1.0,0.0,0.0,150.0,0.0,True,0.0,3.0,0.0,6.0,0.0,0.0,0.0,0.0,False,True,True,False,pill_8,,21008,True,True,0,0,0.17350849015526038,measured,6.120886622102706,False,4.0070166373517235
wood,1.0,0.0,0.0,150.0,0.0,True,0.0,3.0,0.0,6.0,0.0,0.0,0.0,0.0,False,True,True,False,plastic_part_8,,21009,True,True,0,0,2.7335015403817167,measured,7.908228126403415,True,4.400734387205954
wood,1.0,0.0,0.0,150.0,0.0,True,0.0,3.0,0.0,6.0,0.0,0.0,0.0,0.0,False,True,True,False,floor_colored_12,,21010,True,True,0,0,0.3991636876503133,measured,11.449822058343194,False,5.816344417785004
wood,1.0,0.0,0.0,150.0,0.0,True,0.0,3.0,0.0,6.0,0.0,0.0,0.0,0.0,False,True,True,False,,empty,21011,False,False,0,0,,,,False,
wood,1.0,0.0,0.0,150.0,0.0,True,0.0,3.0,0.0,6.0,0.0,0.0,0.0,0.0,False,True,True,False,,stain,21012,False,False,0,0,,,,False,
wood,1.0,0.0,0.0,150.0,0.0,True,0.0,3.0,0.0,6.0,0.0,0.0,0.0,0.0,False,True,True,False,,seam,21013,False,False,0,0,,,,False,
wood,1.0,0.0,0.0,150.0,0.0,True,0.0,3.0,0.0,6.0,0.0,0.0,0.0,0.0,False,True,True,False,coin_1yen,,21014,True,True,0,0,0.5947289340382049,measured,15.149192560877362,False,18.010225438688018
wood,1.0,0.0,0.0,150.0,0.0,True,0.0,3.0,0.0,6.0,0.0,0.0,0.0,0.0,False,True,True,False,coin_10yen,,21015,True,True,0,0,0.7585882846783267,measured,19.852067165264952,False,11.770003956996703
wood,1.0,0.0,0.0,150.0,0.0,True,0.0,3.0,0.0,6.0,0.0,0.0,0.0,0.0,False,True,True,False,button_cr2032,,21016,True,True,0,0,0.638684961925879,measured,18.30206391723788,True,10.233140538988827
wood,1.0,0.0,0.0,150.0,0.0,True,0.0,3.0,0.0,6.0,0.0,0.0,0.0,0.0,False,True,True,False,button_lr44,,21017,True,True,0,0,,specular_break,8.062072432699901,True,5.8309539977685265
wood,1.0,0.0,0.0,150.0,0.0,True,0.0,3.0,0.0,6.0,0.0,0.0,0.0,0.0,False,True,True,False,bead_6,,21018,True,True,0,0,,specular_break,6.548431695083623,True,12.696661368284762
wood,1.0,0.0,0.0,150.0,0.0,True,0.0,3.0,0.0,6.0,0.0,0.0,0.0,0.0,False,True,True,False,bead_10_dark,,21019,True,True,0,0,,specular_break,12.606321288516263,True,5.288480994473055
wood,1.0,0.0,0.0,150.0,0.0,True,0.0,3.0,0.0,6.0,0.0,0.0,0.0,0.0,False,True,True,False,magnet_disc_10x3,,21020,True,True,0,0,,specular_break,9.912632841727492,True,4.021704335611005
wood,1.0,0.0,0.0,150.0,0.0,True,0.0,3.0,0.0,6.0,0.0,0.0,0.0,0.0,False,True,True,False,magnet_ball_5,,21021,True,True,0,0,,specular_break,4.499649879308216,True,12.644758778482856
wood,1.0,0.0,0.0,150.0,0.0,True,0.0,3.0,0.0,6.0,0.0,0.0,0.0,0.0,False,True,True,False,pill_8,,21022,True,True,0,0,0.22673099243157502,measured,5.727378244517571,False,3.6256308443777208
wood,1.0,0.0,0.0,150.0,0.0,True,0.0,3.0,0.0,6.0,0.0,0.0,0.0,0.0,False,True,True,False,plastic_part_8,,21023,True,True,0,0,2.7620245808405244,measured,8.10343120068185,True,4.050345287015119
wood,1.0,0.0,0.0,150.0,0.0,True,0.0,3.0,0.0,6.0,0.0,0.0,0.0,0.0,False,True,True,False,floor_colored_12,,21024,True,True,0,0,0.5982700993198957,measured,11.424968815303869,False,5.8609388022499616
wood,1.0,0.0,0.0,150.0,0.0,True,0.0,3.0,0.0,6.0,0.0,0.0,0.0,0.0,False,True,True,False,,empty,21025,False,False,0,0,,,,False,
wood,1.0,0.0,0.0,150.0,0.0,True,0.0,3.0,0.0,6.0,0.0,0.0,0.0,0.0,False,True,True,False,,stain,21026,False,False,0,0,,,,False,
wood,1.0,0.0,0.0,150.0,0.0,True,0.0,3.0,0.0,6.0,0.0,0.0,0.0,0.0,False,True,True,False,,seam,21027,False,False,0,0,,,,False,
wood,1.0,0.0,0.0,150.0,0.0,True,0.0,3.0,0.0,6.0,0.0,0.0,0.0,0.0,False,True,True,False,coin_1yen,,21028,True,True,0,0,1.5039960407126447,measured,17.684505232036717,False,9.934614519534248
wood,1.0,0.0,0.0,150.0,0.0,True,0.0,3.0,0.0,6.0,0.0,0.0,0.0,0.0,False,True,True,False,coin_10yen,,21029,True,True,0,0,0.7369283506331836,measured,17.271839947626745,False,17.147244743091306
wood,1.0,0.0,0.0,150.0,0.0,True,0.0,3.0,0.0,6.0,0.0,0.0,0.0,0.0,False,True,True,False,button_cr2032,,21030,True,True,0,0,,specular_break,18.157918657112255,True,10.096103968516022
wood,1.0,0.0,0.0,150.0,0.0,True,0.0,3.0,0.0,6.0,0.0,0.0,0.0,0.0,False,True,True,False,button_lr44,,21031,True,True,0,0,,specular_break,10.579645823908262,True,5.8648219877651675
wood,1.0,0.0,0.0,150.0,0.0,True,0.0,3.0,0.0,6.0,0.0,0.0,0.0,0.0,False,True,True,False,bead_6,,21032,True,True,0,0,,specular_break,5.577703199230825,True,14.268076791449715
wood,1.0,0.0,0.0,150.0,0.0,True,0.0,3.0,0.0,6.0,0.0,0.0,0.0,0.0,False,True,True,False,bead_10_dark,,21033,True,True,0,0,,specular_break,12.384942013346588,True,5.5638979383357565
wood,1.0,0.0,0.0,150.0,0.0,True,0.0,3.0,0.0,6.0,0.0,0.0,0.0,0.0,False,True,True,False,magnet_disc_10x3,,21034,True,True,0,0,,specular_break,9.907870064849504,True,2.769372199054092
wood,1.0,0.0,0.0,150.0,0.0,True,0.0,3.0,0.0,6.0,0.0,0.0,0.0,0.0,False,True,True,False,magnet_ball_5,,21035,True,True,0,0,,specular_break,4.526016249054388,True,13.120527710185616
wood,1.0,0.0,0.0,150.0,0.0,True,0.0,3.0,0.0,6.0,0.0,0.0,0.0,0.0,False,True,True,False,pill_8,,21036,True,True,0,0,0.19175836726270035,measured,5.477026495490771,False,3.713533019214692
wood,1.0,0.0,0.0,150.0,0.0,True,0.0,3.0,0.0,6.0,0.0,0.0,0.0,0.0,False,True,True,False,plastic_part_8,,21037,True,True,0,0,2.9507093538298097,measured,7.888077307910894,True,3.9850145813782945
wood,1.0,0.0,0.0,150.0,0.0,True,0.0,3.0,0.0,6.0,0.0,0.0,0.0,0.0,False,True,True,False,floor_colored_12,,21038,True,True,0,0,0.6734927425368671,measured,11.468168796685504,False,5.968243464732897
wood,1.0,0.0,0.0,150.0,0.0,True,0.0,3.0,0.0,6.0,0.0,0.0,0.0,0.0,False,True,True,False,,empty,21039,False,False,0,0,,,,False,
wood,1.0,0.0,0.0,150.0,0.0,True,0.0,3.0,0.0,6.0,0.0,0.0,0.0,0.0,False,True,True,False,,stain,21040,False,False,0,0,,,,False,
wood,1.0,0.0,0.0,150.0,0.0,True,0.0,3.0,0.0,6.0,0.0,0.0,0.0,0.0,False,True,True,False,,seam,21041,False,False,0,0,,,,False,
wood,1.0,0.0,0.0,400.0,0.0,True,0.0,3.0,0.0,6.0,0.0,0.0,0.0,0.0,False,True,True,False,coin_1yen,,22000,True,True,0,0,1.467012478768325,measured,18.393931104628464,False,9.859498644794577
wood,1.0,0.0,0.0,400.0,0.0,True,0.0,3.0,0.0,6.0,0.0,0.0,0.0,0.0,False,True,True,False,coin_10yen,,22001,True,True,0,0,0.7426454810018779,measured,17.164921167347572,False,14.347406055687387
wood,1.0,0.0,0.0,400.0,0.0,True,0.0,3.0,0.0,6.0,0.0,0.0,0.0,0.0,False,True,True,False,button_cr2032,,22002,True,True,0,0,,specular_break,18.22560082621142,True,10.37566401583625
wood,1.0,0.0,0.0,400.0,0.0,True,0.0,3.0,0.0,6.0,0.0,0.0,0.0,0.0,False,True,True,False,button_lr44,,22003,True,True,0,0,1.108985497493686,measured,7.976375707744504,True,6.001490403937294
wood,1.0,0.0,0.0,400.0,0.0,True,0.0,3.0,0.0,6.0,0.0,0.0,0.0,0.0,False,True,True,False,bead_6,,22004,True,True,0,0,,specular_break,5.409157045813398,True,9.647222320268048
wood,1.0,0.0,0.0,400.0,0.0,True,0.0,3.0,0.0,6.0,0.0,0.0,0.0,0.0,False,True,True,False,bead_10_dark,,22005,True,True,0,0,,specular_break,12.677205426809953,True,5.2219379661310015
wood,1.0,0.0,0.0,400.0,0.0,True,0.0,3.0,0.0,6.0,0.0,0.0,0.0,0.0,False,True,True,False,magnet_disc_10x3,,22006,True,True,0,0,,specular_break,9.71220503007613,True,4.007526801296649
wood,1.0,0.0,0.0,400.0,0.0,True,0.0,3.0,0.0,6.0,0.0,0.0,0.0,0.0,False,True,True,False,magnet_ball_5,,22007,True,True,0,0,,specular_break,4.501997821995522,True,10.04888032683506
wood,1.0,0.0,0.0,400.0,0.0,True,0.0,3.0,0.0,6.0,0.0,0.0,0.0,0.0,False,True,True,False,pill_8,,22008,True,True,0,0,2.057552339338283,measured,7.843887635526207,True,3.6185344942940247
wood,1.0,0.0,0.0,400.0,0.0,True,0.0,3.0,0.0,6.0,0.0,0.0,0.0,0.0,False,True,True,False,plastic_part_8,,22009,True,True,0,0,2.636150257060706,measured,7.948490869795053,True,4.289555272077209
wood,1.0,0.0,0.0,400.0,0.0,True,0.0,3.0,0.0,6.0,0.0,0.0,0.0,0.0,False,True,True,False,floor_colored_12,,22010,True,True,0,0,0.7163291326618495,measured,11.274326171879554,False,5.805473087607211
wood,1.0,0.0,0.0,400.0,0.0,True,0.0,3.0,0.0,6.0,0.0,0.0,0.0,0.0,False,True,True,False,,empty,22011,False,False,0,0,,,,False,
wood,1.0,0.0,0.0,400.0,0.0,True,0.0,3.0,0.0,6.0,0.0,0.0,0.0,0.0,False,True,True,False,,stain,22012,False,False,0,0,,,,False,
wood,1.0,0.0,0.0,400.0,0.0,True,0.0,3.0,0.0,6.0,0.0,0.0,0.0,0.0,False,True,True,False,,seam,22013,False,False,0,0,,,,False,
wood,1.0,0.0,0.0,400.0,0.0,True,0.0,3.0,0.0,6.0,0.0,0.0,0.0,0.0,False,True,True,False,coin_1yen,,22014,True,True,0,0,1.4993765218559378,measured,17.69826393306544,False,9.940386813299638
wood,1.0,0.0,0.0,400.0,0.0,True,0.0,3.0,0.0,6.0,0.0,0.0,0.0,0.0,False,True,True,False,coin_10yen,,22015,True,True,0,0,0.6895829586305826,measured,17.261824794231995,False,20.829382415526815
wood,1.0,0.0,0.0,400.0,0.0,True,0.0,3.0,0.0,6.0,0.0,0.0,0.0,0.0,False,True,True,False,button_cr2032,,22016,True,True,0,0,,specular_break,18.37256878254085,True,10.238764122190393
wood,1.0,0.0,0.0,400.0,0.0,True,0.0,3.0,0.0,6.0,0.0,0.0,0.0,0.0,False,True,True,False,button_lr44,,22017,True,True,0,0,,specular_break,11.458864987701716,True,5.1442094961310545
wood,1.0,0.0,0.0,400.0,0.0,True,0.0,3.0,0.0,6.0,0.0,0.0,0.0,0.0,False,True,True,False,bead_6,,22018,True,True,0,0,,specular_break,5.43351093806923,True,11.040825538558984
wood,1.0,0.0,0.0,400.0,0.0,True,0.0,3.0,0.0,6.0,0.0,0.0,0.0,0.0,False,True,True,False,bead_10_dark,,22019,True,True,0,0,,specular_break,12.436420955836839,True,5.546057562724042
wood,1.0,0.0,0.0,400.0,0.0,True,0.0,3.0,0.0,6.0,0.0,0.0,0.0,0.0,False,True,True,False,magnet_disc_10x3,,22020,True,True,0,0,,specular_break,9.634395895863692,True,3.3018065154277627
wood,1.0,0.0,0.0,400.0,0.0,True,0.0,3.0,0.0,6.0,0.0,0.0,0.0,0.0,False,True,True,False,magnet_ball_5,,22021,True,True,0,0,,specular_break,4.6474530227300965,True,8.099374011050148
wood,1.0,0.0,0.0,400.0,0.0,True,0.0,3.0,0.0,6.0,0.0,0.0,0.0,0.0,False,True,True,False,pill_8,,22022,True,True,0,0,2.104593476401506,measured,7.904390072202664,True,3.468767091023281
wood,1.0,0.0,0.0,400.0,0.0,True,0.0,3.0,0.0,6.0,0.0,0.0,0.0,0.0,False,True,True,False,plastic_part_8,,22023,True,True,0,0,2.6122506763429474,measured,7.885995215551177,True,3.972603573052652
wood,1.0,0.0,0.0,400.0,0.0,True,0.0,3.0,0.0,6.0,0.0,0.0,0.0,0.0,False,True,True,False,floor_colored_12,,22024,True,True,0,0,0.6332087410581675,measured,11.34667302670107,False,5.753101215157571
wood,1.0,0.0,0.0,400.0,0.0,True,0.0,3.0,0.0,6.0,0.0,0.0,0.0,0.0,False,True,True,False,,empty,22025,False,False,0,0,,,,False,
wood,1.0,0.0,0.0,400.0,0.0,True,0.0,3.0,0.0,6.0,0.0,0.0,0.0,0.0,False,True,True,False,,stain,22026,False,False,0,0,,,,False,
wood,1.0,0.0,0.0,400.0,0.0,True,0.0,3.0,0.0,6.0,0.0,0.0,0.0,0.0,False,True,True,False,,seam,22027,False,False,0,0,,,,False,
wood,1.0,0.0,0.0,400.0,0.0,True,0.0,3.0,0.0,6.0,0.0,0.0,0.0,0.0,False,True,True,False,coin_1yen,,22028,True,True,0,0,1.4443452406356077,measured,18.15271845072636,False,10.134455548870942
wood,1.0,0.0,0.0,400.0,0.0,True,0.0,3.0,0.0,6.0,0.0,0.0,0.0,0.0,False,True,True,False,coin_10yen,,22029,True,True,0,0,0.7954302379634264,measured,17.27978300292742,False,12.42528441975451
wood,1.0,0.0,0.0,400.0,0.0,True,0.0,3.0,0.0,6.0,0.0,0.0,0.0,0.0,False,True,True,False,button_cr2032,,22030,True,True,0,0,,specular_break,18.297467283318454,True,10.364561790522844
wood,1.0,0.0,0.0,400.0,0.0,True,0.0,3.0,0.0,6.0,0.0,0.0,0.0,0.0,False,True,True,False,button_lr44,,22031,True,True,0,0,,specular_break,11.555512676119633,True,5.158956003115518
wood,1.0,0.0,0.0,400.0,0.0,True,0.0,3.0,0.0,6.0,0.0,0.0,0.0,0.0,False,True,True,False,bead_6,,22032,True,True,0,0,,specular_break,5.351444780546412,True,12.607348245256269
wood,1.0,0.0,0.0,400.0,0.0,True,0.0,3.0,0.0,6.0,0.0,0.0,0.0,0.0,False,True,True,False,bead_10_dark,,22033,True,True,0,0,,specular_break,12.482153522706604,True,5.497490265382993
wood,1.0,0.0,0.0,400.0,0.0,True,0.0,3.0,0.0,6.0,0.0,0.0,0.0,0.0,False,True,True,False,magnet_disc_10x3,,22034,True,True,0,0,,specular_break,9.792282350541642,True,2.625312726810378
wood,1.0,0.0,0.0,400.0,0.0,True,0.0,3.0,0.0,6.0,0.0,0.0,0.0,0.0,False,True,True,False,magnet_ball_5,,22035,True,True,0,0,,specular_break,4.989006531006143,True,1.4853293899320028
wood,1.0,0.0,0.0,400.0,0.0,True,0.0,3.0,0.0,6.0,0.0,0.0,0.0,0.0,False,True,True,False,pill_8,,22036,True,True,0,0,2.1980044803988186,measured,8.033671593854109,True,3.526897616761744
wood,1.0,0.0,0.0,400.0,0.0,True,0.0,3.0,0.0,6.0,0.0,0.0,0.0,0.0,False,True,True,False,plastic_part_8,,22037,True,True,0,0,2.774950336922686,measured,8.050104459974142,True,4.041302617708983
wood,1.0,0.0,0.0,400.0,0.0,True,0.0,3.0,0.0,6.0,0.0,0.0,0.0,0.0,False,True,True,False,floor_colored_12,,22038,True,True,0,0,0.4617418868303975,measured,11.625323700917365,False,5.707542048911206
wood,1.0,0.0,0.0,400.0,0.0,True,0.0,3.0,0.0,6.0,0.0,0.0,0.0,0.0,False,True,True,False,,empty,22039,False,False,0,0,,,,False,
wood,1.0,0.0,0.0,400.0,0.0,True,0.0,3.0,0.0,6.0,0.0,0.0,0.0,0.0,False,True,True,False,,stain,22040,False,False,0,0,,,,False,
wood,1.0,0.0,0.0,400.0,0.0,True,0.0,3.0,0.0,6.0,0.0,0.0,0.0,0.0,False,True,True,False,,seam,22041,False,False,0,0,,,,False,
wood,1.0,0.0,0.0,8.0,0.0,False,0.0,3.0,0.0,6.0,0.0,0.0,0.0,0.0,False,True,True,False,coin_1yen,,23000,True,True,0,0,1.4694020690921352,measured,18.364196854476393,False,9.746165255453235
wood,1.0,0.0,0.0,8.0,0.0,False,0.0,3.0,0.0,6.0,0.0,0.0,0.0,0.0,False,True,True,False,coin_10yen,,23001,True,True,0,0,0.7336430306352675,measured,17.248431442522847,False,15.363132095353734
wood,1.0,0.0,0.0,8.0,0.0,False,0.0,3.0,0.0,6.0,0.0,0.0,0.0,0.0,False,True,True,False,button_cr2032,,23002,True,True,0,0,,specular_break,18.44307864845521,True,10.157872335037842
wood,1.0,0.0,0.0,8.0,0.0,False,0.0,3.0,0.0,6.0,0.0,0.0,0.0,0.0,False,True,True,False,button_lr44,,23003,True,True,0,0,,specular_break,11.29195826127268,True,6.16303827695294
wood,1.0,0.0,0.0,8.0,0.0,False,0.0,3.0,0.0,6.0,0.0,0.0,0.0,0.0,False,True,True,False,bead_6,,23004,True,True,0,0,,specular_break,6.89213187695457,True,14.923810715372477
wood,1.0,0.0,0.0,8.0,0.0,False,0.0,3.0,0.0,6.0,0.0,0.0,0.0,0.0,False,True,True,False,bead_10_dark,,23005,True,True,0,0,,specular_break,12.713154519774875,True,5.434036757559717
wood,1.0,0.0,0.0,8.0,0.0,False,0.0,3.0,0.0,6.0,0.0,0.0,0.0,0.0,False,True,True,False,magnet_disc_10x3,,23006,True,True,0,0,,specular_break,9.665433568630823,True,3.2554647819426896
wood,1.0,0.0,0.0,8.0,0.0,False,0.0,3.0,0.0,6.0,0.0,0.0,0.0,0.0,False,True,True,False,magnet_ball_5,,23007,True,True,0,0,,specular_break,4.571989325291778,True,7.461153904590686
wood,1.0,0.0,0.0,8.0,0.0,False,0.0,3.0,0.0,6.0,0.0,0.0,0.0,0.0,False,True,True,False,pill_8,,23008,True,True,0,0,2.472387345339312,measured,7.911871983638884,False,4.028833561678103
wood,1.0,0.0,0.0,8.0,0.0,False,0.0,3.0,0.0,6.0,0.0,0.0,0.0,0.0,False,True,True,False,plastic_part_8,,23009,True,True,0,0,2.739388089285738,measured,7.867323492921443,True,4.438333211178929
wood,1.0,0.0,0.0,8.0,0.0,False,0.0,3.0,0.0,6.0,0.0,0.0,0.0,0.0,False,True,True,False,floor_colored_12,,23010,True,True,0,0,0.6040361698329342,measured,11.4242182413332,False,5.764142415641288
wood,1.0,0.0,0.0,8.0,0.0,False,0.0,3.0,0.0,6.0,0.0,0.0,0.0,0.0,False,True,True,False,,empty,23011,False,False,0,0,,,,False,
wood,1.0,0.0,0.0,8.0,0.0,False,0.0,3.0,0.0,6.0,0.0,0.0,0.0,0.0,False,True,True,False,,stain,23012,False,False,0,0,,,,False,
wood,1.0,0.0,0.0,8.0,0.0,False,0.0,3.0,0.0,6.0,0.0,0.0,0.0,0.0,False,True,True,False,,seam,23013,False,False,0,0,,,,False,
wood,1.0,0.0,0.0,8.0,0.0,False,0.0,3.0,0.0,6.0,0.0,0.0,0.0,0.0,False,True,True,False,coin_1yen,,23014,True,True,0,0,1.451885111155196,measured,18.23781034957172,False,9.828212165607457
wood,1.0,0.0,0.0,8.0,0.0,False,0.0,3.0,0.0,6.0,0.0,0.0,0.0,0.0,False,True,True,False,coin_10yen,,23015,True,True,0,0,0.6249610480062682,measured,17.069283266062406,False,20.89110905955697
wood,1.0,0.0,0.0,8.0,0.0,False,0.0,3.0,0.0,6.0,0.0,0.0,0.0,0.0,False,True,True,False,button_cr2032,,23016,True,True,0,0,0.57493412983594,measured,17.8879079768903,True,10.143336344386977
wood,1.0,0.0,0.0,8.0,0.0,False,0.0,3.0,0.0,6.0,0.0,0.0,0.0,0.0,False,True,True,False,button_lr44,,23017,True,True,0,0,,specular_break,11.344299939506545,True,5.672056570799071
wood,1.0,0.0,0.0,8.0,0.0,False,0.0,3.0,0.0,6.0,0.0,0.0,0.0,0.0,False,True,True,False,bead_6,,23018,True,True,0,0,,specular_break,7.1345792103199255,True,10.520569144942762
wood,1.0,0.0,0.0,8.0,0.0,False,0.0,3.0,0.0,6.0,0.0,0.0,0.0,0.0,False,True,True,False,bead_10_dark,,23019,True,True,0,0,,specular_break,12.353835241602628,True,5.504772065285437
wood,1.0,0.0,0.0,8.0,0.0,False,0.0,3.0,0.0,6.0,0.0,0.0,0.0,0.0,False,True,True,False,magnet_disc_10x3,,23020,True,True,0,0,,specular_break,9.648881474296484,True,3.1891154780357756
wood,1.0,0.0,0.0,8.0,0.0,False,0.0,3.0,0.0,6.0,0.0,0.0,0.0,0.0,False,True,True,False,magnet_ball_5,,23021,True,True,0,0,,specular_break,5.125309085449262,True,1.3202533214147187
wood,1.0,0.0,0.0,8.0,0.0,False,0.0,3.0,0.0,6.0,0.0,0.0,0.0,0.0,False,True,True,False,pill_8,,23022,True,True,0,0,2.484977859001571,measured,7.865934796376017,True,4.161076220767258
wood,1.0,0.0,0.0,8.0,0.0,False,0.0,3.0,0.0,6.0,0.0,0.0,0.0,0.0,False,True,True,False,plastic_part_8,,23023,True,True,0,0,2.7111667424370864,measured,8.105822253905101,True,4.352133300536957
wood,1.0,0.0,0.0,8.0,0.0,False,0.0,3.0,0.0,6.0,0.0,0.0,0.0,0.0,False,True,True,False,floor_colored_12,,23024,True,True,0,0,0.49938793257542713,measured,11.823396946285015,False,5.640411248722728
wood,1.0,0.0,0.0,8.0,0.0,False,0.0,3.0,0.0,6.0,0.0,0.0,0.0,0.0,False,True,True,False,,empty,23025,False,False,0,0,,,,False,
wood,1.0,0.0,0.0,8.0,0.0,False,0.0,3.0,0.0,6.0,0.0,0.0,0.0,0.0,False,True,True,False,,stain,23026,False,False,0,0,,,,False,
wood,1.0,0.0,0.0,8.0,0.0,False,0.0,3.0,0.0,6.0,0.0,0.0,0.0,0.0,False,True,True,False,,seam,23027,False,False,0,0,,,,False,
wood,1.0,0.0,0.0,8.0,0.0,False,0.0,3.0,0.0,6.0,0.0,0.0,0.0,0.0,False,True,True,False,coin_1yen,,23028,True,True,0,0,1.4413754546980169,measured,18.10515495855007,False,10.136259684733725
wood,1.0,0.0,0.0,8.0,0.0,False,0.0,3.0,0.0,6.0,0.0,0.0,0.0,0.0,False,True,True,False,coin_10yen,,23029,True,True,0,0,0.672531315028861,measured,17.191018334299645,False,20.81771253119692
wood,1.0,0.0,0.0,8.0,0.0,False,0.0,3.0,0.0,6.0,0.0,0.0,0.0,0.0,False,True,True,False,button_cr2032,,23030,True,True,0,0,,specular_break,18.264858224805216,True,10.017830037793187
wood,1.0,0.0,0.0,8.0,0.0,False,0.0,3.0,0.0,6.0,0.0,0.0,0.0,0.0,False,True,True,False,button_lr44,,23031,True,True,0,0,,specular_break,11.205647490997434,True,5.706182147281537
wood,1.0,0.0,0.0,8.0,0.0,False,0.0,3.0,0.0,6.0,0.0,0.0,0.0,0.0,False,True,True,False,bead_6,,23032,True,True,0,0,,specular_break,7.172096174437292,True,12.110959931093928
wood,1.0,0.0,0.0,8.0,0.0,False,0.0,3.0,0.0,6.0,0.0,0.0,0.0,0.0,False,True,True,False,bead_10_dark,,23033,True,True,0,0,,specular_break,12.477277681486798,True,5.647377977837705
wood,1.0,0.0,0.0,8.0,0.0,False,0.0,3.0,0.0,6.0,0.0,0.0,0.0,0.0,False,True,True,False,magnet_disc_10x3,,23034,True,True,0,0,,specular_break,9.600231643566081,True,2.9099460434189126
wood,1.0,0.0,0.0,8.0,0.0,False,0.0,3.0,0.0,6.0,0.0,0.0,0.0,0.0,False,True,True,False,magnet_ball_5,,23035,True,True,0,0,,specular_break,5.022072504293187,True,1.7281747540638177
wood,1.0,0.0,0.0,8.0,0.0,False,0.0,3.0,0.0,6.0,0.0,0.0,0.0,0.0,False,True,True,False,pill_8,,23036,True,True,0,0,2.4654118673732928,measured,7.840955532351442,False,3.9908526722112465
wood,1.0,0.0,0.0,8.0,0.0,False,0.0,3.0,0.0,6.0,0.0,0.0,0.0,0.0,False,True,True,False,plastic_part_8,,23037,True,True,0,0,2.7567645385138686,measured,7.98533790794796,True,4.0540516546106184
wood,1.0,0.0,0.0,8.0,0.0,False,0.0,3.0,0.0,6.0,0.0,0.0,0.0,0.0,False,True,True,False,floor_colored_12,,23038,True,True,0,0,0.5633237415001435,measured,11.394168575730443,False,4.96808486349927
wood,1.0,0.0,0.0,8.0,0.0,False,0.0,3.0,0.0,6.0,0.0,0.0,0.0,0.0,False,True,True,False,,empty,23039,False,False,0,0,,,,False,
wood,1.0,0.0,0.0,8.0,0.0,False,0.0,3.0,0.0,6.0,0.0,0.0,0.0,0.0,False,True,True,False,,stain,23040,False,False,0,0,,,,False,
wood,1.0,0.0,0.0,8.0,0.0,False,0.0,3.0,0.0,6.0,0.0,0.0,0.0,0.0,False,True,True,False,,seam,23041,False,False,0,0,,,,False,
wood,1.0,0.0,0.0,8.0,0.02,False,0.0,3.0,0.0,6.0,0.0,0.0,0.0,0.0,False,True,True,False,coin_1yen,,24000,True,True,0,0,1.466226052835987,measured,17.87936959924739,False,9.93010791736901
wood,1.0,0.0,0.0,8.0,0.02,False,0.0,3.0,0.0,6.0,0.0,0.0,0.0,0.0,False,True,True,False,coin_10yen,,24001,True,True,0,0,0.7293322130714763,measured,17.21395168826716,False,14.878614678208347
wood,1.0,0.0,0.0,8.0,0.02,False,0.0,3.0,0.0,6.0,0.0,0.0,0.0,0.0,False,True,True,False,button_cr2032,,24002,True,True,0,0,0.6209487206878883,measured,18.313531812291682,True,10.252530211197818
wood,1.0,0.0,0.0,8.0,0.02,False,0.0,3.0,0.0,6.0,0.0,0.0,0.0,0.0,False,True,True,False,button_lr44,,24003,True,True,0,0,,specular_break,11.339868572342674,True,5.625428647186254
wood,1.0,0.0,0.0,8.0,0.02,False,0.0,3.0,0.0,6.0,0.0,0.0,0.0,0.0,False,True,True,False,bead_6,,24004,True,True,0,0,,specular_break,6.868761972850544,True,12.531595054074922
wood,1.0,0.0,0.0,8.0,0.02,False,0.0,3.0,0.0,6.0,0.0,0.0,0.0,0.0,False,True,True,False,bead_10_dark,,24005,True,True,0,0,,specular_break,12.372987175071401,True,5.405221086827219
wood,1.0,0.0,0.0,8.0,0.02,False,0.0,3.0,0.0,6.0,0.0,0.0,0.0,0.0,False,True,True,False,magnet_disc_10x3,,24006,True,True,0,0,,specular_break,9.650146389831917,True,3.140540080987336
wood,1.0,0.0,0.0,8.0,0.02,False,0.0,3.0,0.0,6.0,0.0,0.0,0.0,0.0,False,True,True,False,magnet_ball_5,,24007,True,True,0,0,,specular_break,4.6871456765683055,True,10.297468944657883
wood,1.0,0.0,0.0,8.0,0.02,False,0.0,3.0,0.0,6.0,0.0,0.0,0.0,0.0,False,True,True,False,pill_8,,24008,True,True,0,0,2.4263874170360076,measured,7.923381054260699,False,4.131721798553265
wood,1.0,0.0,0.0,8.0,0.02,False,0.0,3.0,0.0,6.0,0.0,0.0,0.0,0.0,False,True,True,False,plastic_part_8,,24009,True,True,0,0,2.7079664622017923,measured,8.16063040143063,True,4.345301852082599
wood,1.0,0.0,0.0,8.0,0.02,False,0.0,3.0,0.0,6.0,0.0,0.0,0.0,0.0,False,True,True,False,floor_colored_12,,24010,True,True,0,0,0.4792790150005608,measured,11.731152045621467,False,5.619677563879111
wood,1.0,0.0,0.0,8.0,0.02,False,0.0,3.0,0.0,6.0,0.0,0.0,0.0,0.0,False,True,True,False,,empty,24011,False,False,0,0,,,,False,
wood,1.0,0.0,0.0,8.0,0.02,False,0.0,3.0,0.0,6.0,0.0,0.0,0.0,0.0,False,True,True,False,,stain,24012,False,False,0,0,,,,False,
wood,1.0,0.0,0.0,8.0,0.02,False,0.0,3.0,0.0,6.0,0.0,0.0,0.0,0.0,False,True,True,False,,seam,24013,False,False,0,0,,,,False,
wood,1.0,0.0,0.0,8.0,0.02,False,0.0,3.0,0.0,6.0,0.0,0.0,0.0,0.0,False,True,True,False,coin_1yen,,24014,True,True,0,0,1.4420020130608222,measured,17.982672408102125,False,10.089016626297834
wood,1.0,0.0,0.0,8.0,0.02,False,0.0,3.0,0.0,6.0,0.0,0.0,0.0,0.0,False,True,True,False,coin_10yen,,24015,True,True,0,0,0.7237728827453243,measured,17.238502611404094,False,15.614602715074545
wood,1.0,0.0,0.0,8.0,0.02,False,0.0,3.0,0.0,6.0,0.0,0.0,0.0,0.0,False,True,True,False,button_cr2032,,24016,True,True,0,0,,specular_break,18.449705510801188,True,9.76792296797765
wood,1.0,0.0,0.0,8.0,0.02,False,0.0,3.0,0.0,6.0,0.0,0.0,0.0,0.0,False,True,True,False,button_lr44,,24017,True,True,0,0,,specular_break,11.24881661862769,True,6.185878819424554
wood,1.0,0.0,0.0,8.0,0.02,False,0.0,3.0,0.0,6.0,0.0,0.0,0.0,0.0,False,True,True,False,bead_6,,24018,True,True,0,0,,specular_break,7.00119142716888,True,15.153897643217809
wood,1.0,0.0,0.0,8.0,0.02,False,0.0,3.0,0.0,6.0,0.0,0.0,0.0,0.0,False,True,True,False,bead_10_dark,,24019,True,True,0,0,,specular_break,12.657762776596792,True,5.5362329807438435
wood,1.0,0.0,0.0,8.0,0.02,False,0.0,3.0,0.0,6.0,0.0,0.0,0.0,0.0,False,True,True,False,magnet_disc_10x3,,24020,True,True,0,0,,specular_break,9.660337961545093,True,2.86071276065249
wood,1.0,0.0,0.0,8.0,0.02,False,0.0,3.0,0.0,6.0,0.0,0.0,0.0,0.0,False,True,True,False,magnet_ball_5,,24021,True,True,0,0,,specular_break,4.924796929930036,True,1.6435308366317705
wood,1.0,0.0,0.0,8.0,0.02,False,0.0,3.0,0.0,6.0,0.0,0.0,0.0,0.0,False,True,True,False,pill_8,,24022,True,True,0,0,2.418220513179355,measured,7.9008494123108095,False,3.924777930252128
wood,1.0,0.0,0.0,8.0,0.02,False,0.0,3.0,0.0,6.0,0.0,0.0,0.0,0.0,False,True,True,False,plastic_part_8,,24023,True,True,0,0,2.893259022915455,measured,7.89103081210686,True,4.027977392643433
wood,1.0,0.0,0.0,8.0,0.02,False,0.0,3.0,0.0,6.0,0.0,0.0,0.0,0.0,False,True,True,False,floor_colored_12,,24024,True,True,0,0,0.574213288633322,measured,11.389309118860623,False,5.435527775924738
wood,1.0,0.0,0.0,8.0,0.02,False,0.0,3.0,0.0,6.0,0.0,0.0,0.0,0.0,False,True,True,False,,empty,24025,False,False,0,0,,,,False,
wood,1.0,0.0,0.0,8.0,0.02,False,0.0,3.0,0.0,6.0,0.0,0.0,0.0,0.0,False,True,True,False,,stain,24026,False,False,0,0,,,,False,
wood,1.0,0.0,0.0,8.0,0.02,False,0.0,3.0,0.0,6.0,0.0,0.0,0.0,0.0,False,True,True,False,,seam,24027,False,False,0,0,,,,False,
wood,1.0,0.0,0.0,8.0,0.02,False,0.0,3.0,0.0,6.0,0.0,0.0,0.0,0.0,False,True,True,False,coin_1yen,,24028,True,True,0,0,1.4526657531841298,measured,17.962329073035917,False,9.822435973078266
wood,1.0,0.0,0.0,8.0,0.02,False,0.0,3.0,0.0,6.0,0.0,0.0,0.0,0.0,False,True,True,False,coin_10yen,,24029,True,True,0,0,0.738368474761911,measured,17.182225513271703,False,14.787885649018
wood,1.0,0.0,0.0,8.0,0.02,False,0.0,3.0,0.0,6.0,0.0,0.0,0.0,0.0,False,True,True,False,button_cr2032,,24030,True,True,0,0,,specular_break,18.83141319980358,True,10.174056265138281
wood,1.0,0.0,0.0,8.0,0.02,False,0.0,3.0,0.0,6.0,0.0,0.0,0.0,0.0,False,True,True,False,button_lr44,,24031,True,True,0,0,,specular_break,11.495557272033299,True,6.0924905973312296
wood,1.0,0.0,0.0,8.0,0.02,False,0.0,3.0,0.0,6.0,0.0,0.0,0.0,0.0,False,True,True,False,bead_6,,24032,True,True,0,0,,specular_break,7.103750273657694,True,11.508882607885104
wood,1.0,0.0,0.0,8.0,0.02,False,0.0,3.0,0.0,6.0,0.0,0.0,0.0,0.0,False,True,True,False,bead_10_dark,,24033,True,True,0,0,,specular_break,12.659780705182445,True,5.43301696823745
wood,1.0,0.0,0.0,8.0,0.02,False,0.0,3.0,0.0,6.0,0.0,0.0,0.0,0.0,False,True,True,False,magnet_disc_10x3,,24034,True,True,0,0,,specular_break,10.161665434199486,True,2.4996510788098902
wood,1.0,0.0,0.0,8.0,0.02,False,0.0,3.0,0.0,6.0,0.0,0.0,0.0,0.0,False,True,True,False,magnet_ball_5,,24035,True,True,0,0,,specular_break,4.548149186204379,True,7.952296898498785
wood,1.0,0.0,0.0,8.0,0.02,False,0.0,3.0,0.0,6.0,0.0,0.0,0.0,0.0,False,True,True,False,pill_8,,24036,True,True,0,0,2.397678817523534,measured,7.883140918749716,False,4.1437114765203376
wood,1.0,0.0,0.0,8.0,0.02,False,0.0,3.0,0.0,6.0,0.0,0.0,0.0,0.0,False,True,True,False,plastic_part_8,,24037,True,True,0,0,2.7652773709902085,measured,8.08501663915894,True,4.272937781036832
wood,1.0,0.0,0.0,8.0,0.02,False,0.0,3.0,0.0,6.0,0.0,0.0,0.0,0.0,False,True,True,False,floor_colored_12,,24038,True,True,0,0,0.6412457487455114,measured,11.398134023080797,False,5.300215896828975
wood,1.0,0.0,0.0,8.0,0.02,False,0.0,3.0,0.0,6.0,0.0,0.0,0.0,0.0,False,True,True,False,,empty,24039,False,False,0,0,,,,False,
wood,1.0,0.0,0.0,8.0,0.02,False,0.0,3.0,0.0,6.0,0.0,0.0,0.0,0.0,False,True,True,False,,stain,24040,False,False,0,0,,,,False,
wood,1.0,0.0,0.0,8.0,0.02,False,0.0,3.0,0.0,6.0,0.0,0.0,0.0,0.0,False,True,True,False,,seam,24041,False,False,0,0,,,,False,
wood,1.0,0.0,0.0,8.0,0.05,False,0.0,3.0,0.0,6.0,0.0,0.0,0.0,0.0,False,True,True,False,coin_1yen,,25000,True,True,0,0,1.4495514779781011,measured,18.405417876210166,False,9.920949173270385
wood,1.0,0.0,0.0,8.0,0.05,False,0.0,3.0,0.0,6.0,0.0,0.0,0.0,0.0,False,True,True,False,coin_10yen,,25001,True,True,0,0,0.49479454140111123,measured,17.204839184905556,False,21.8206885806146
wood,1.0,0.0,0.0,8.0,0.05,False,0.0,3.0,0.0,6.0,0.0,0.0,0.0,0.0,False,True,True,False,button_cr2032,,25002,True,True,0,0,0.6267763453568769,measured,18.29259353505242,True,10.048007460143474
wood,1.0,0.0,0.0,8.0,0.05,False,0.0,3.0,0.0,6.0,0.0,0.0,0.0,0.0,False,True,True,False,button_lr44,,25003,True,True,0,0,,specular_break,11.199806363973405,True,5.662889563336421
wood,1.0,0.0,0.0,8.0,0.05,False,0.0,3.0,0.0,6.0,0.0,0.0,0.0,0.0,False,True,True,False,bead_6,,25004,True,True,0,0,,specular_break,6.941337596788639,True,12.30733963368334
wood,1.0,0.0,0.0,8.0,0.05,False,0.0,3.0,0.0,6.0,0.0,0.0,0.0,0.0,False,True,True,False,bead_10_dark,,25005,True,True,0,0,,specular_break,12.386495393443731,True,5.420808152631199
wood,1.0,0.0,0.0,8.0,0.05,False,0.0,3.0,0.0,6.0,0.0,0.0,0.0,0.0,False,True,True,False,magnet_disc_10x3,,25006,True,True,0,0,,specular_break,9.583228865122708,True,2.621221443964693
wood,1.0,0.0,0.0,8.0,0.05,False,0.0,3.0,0.0,6.0,0.0,0.0,0.0,0.0,False,True,True,False,magnet_ball_5,,25007,True,True,0,0,,specular_break,4.937809405709259,True,1.591023973775337
wood,1.0,0.0,0.0,8.0,0.05,False,0.0,3.0,0.0,6.0,0.0,0.0,0.0,0.0,False,True,True,False,pill_8,,25008,True,True,0,0,2.3235575884986908,measured,7.895134346122804,False,4.196350155995014
wood,1.0,0.0,0.0,8.0,0.05,False,0.0,3.0,0.0,6.0,0.0,0.0,0.0,0.0,False,True,True,False,plastic_part_8,,25009,True,True,0,0,2.872868457190153,measured,7.944125999882384,True,4.019429864796548
wood,1.0,0.0,0.0,8.0,0.05,False,0.0,3.0,0.0,6.0,0.0,0.0,0.0,0.0,False,True,True,False,floor_colored_12,,25010,True,True,0,0,0.5559808764142868,measured,11.8041142015049,False,5.598752573467092
wood,1.0,0.0,0.0,8.0,0.05,False,0.0,3.0,0.0,6.0,0.0,0.0,0.0,0.0,False,True,True,False,,empty,25011,False,False,0,0,,,,False,
wood,1.0,0.0,0.0,8.0,0.05,False,0.0,3.0,0.0,6.0,0.0,0.0,0.0,0.0,False,True,True,False,,stain,25012,False,False,0,0,,,,False,
wood,1.0,0.0,0.0,8.0,0.05,False,0.0,3.0,0.0,6.0,0.0,0.0,0.0,0.0,False,True,True,False,,seam,25013,False,False,0,0,,,,False,
wood,1.0,0.0,0.0,8.0,0.05,False,0.0,3.0,0.0,6.0,0.0,0.0,0.0,0.0,False,True,True,False,coin_1yen,,25014,True,True,0,0,1.4762756201168745,measured,17.694718524076887,False,10.103798080281159
wood,1.0,0.0,0.0,8.0,0.05,False,0.0,3.0,0.0,6.0,0.0,0.0,0.0,0.0,False,True,True,False,coin_10yen,,25015,True,True,0,0,0.776387962812116,measured,17.28101694316177,False,13.166001984894022
wood,1.0,0.0,0.0,8.0,0.05,False,0.0,3.0,0.0,6.0,0.0,0.0,0.0,0.0,False,True,True,False,button_cr2032,,25016,True,True,0,0,,specular_break,18.390344081229333,True,10.017317917726922
wood,1.0,0.0,0.0,8.0,0.05,False,0.0,3.0,0.0,6.0,0.0,0.0,0.0,0.0,False,True,True,False,button_lr44,,25017,True,True,0,0,,specular_break,11.485119628292127,True,5.578242404649006
wood,1.0,0.0,0.0,8.0,0.05,False,0.0,3.0,0.0,6.0,0.0,0.0,0.0,0.0,False,True,True,False,bead_6,,25018,True,True,0,0,,specular_break,6.845584664440531,True,19.309262928938637
wood,1.0,0.0,0.0,8.0,0.05,False,0.0,3.0,0.0,6.0,0.0,0.0,0.0,0.0,False,True,True,False,bead_10_dark,,25019,True,True,0,0,,specular_break,12.327536014204965,True,5.450016268577291
wood,1.0,0.0,0.0,8.0,0.05,False,0.0,3.0,0.0,6.0,0.0,0.0,0.0,0.0,False,True,True,False,magnet_disc_10x3,,25020,True,True,0,0,,specular_break,9.81712825797254,True,2.8300847860630256
wood,1.0,0.0,0.0,8.0,0.05,False,0.0,3.0,0.0,6.0,0.0,0.0,0.0,0.0,False,True,True,False,magnet_ball_5,,25021,True,True,0,0,,specular_break,4.664485837065411,True,7.404221319937072
wood,1.0,0.0,0.0,8.0,0.05,False,0.0,3.0,0.0,6.0,0.0,0.0,0.0,0.0,False,True,True,False,pill_8,,25022,True,True,0,0,2.468175329248652,measured,7.876706863950966,False,4.063215024164192
wood,1.0,0.0,0.0,8.0,0.05,False,0.0,3.0,0.0,6.0,0.0,0.0,0.0,0.0,False,True,True,False,plastic_part_8,,25023,True,True,0,0,2.9189980327641702,measured,8.010530410890293,True,4.139647278100862
wood,1.0,0.0,0.0,8.0,0.05,False,0.0,3.0,0.0,6.0,0.0,0.0,0.0,0.0,False,True,True,False,floor_colored_12,,25024,True,True,0,0,0.46701978366388275,measured,11.515029386566196,False,4.980776733670992
wood,1.0,0.0,0.0,8.0,0.05,False,0.0,3.0,0.0,6.0,0.0,0.0,0.0,0.0,False,True,True,False,,empty,25025,False,False,0,0,,,,False,
wood,1.0,0.0,0.0,8.0,0.05,False,0.0,3.0,0.0,6.0,0.0,0.0,0.0,0.0,False,True,True,False,,stain,25026,False,False,0,0,,,,False,
wood,1.0,0.0,0.0,8.0,0.05,False,0.0,3.0,0.0,6.0,0.0,0.0,0.0,0.0,False,True,True,False,,seam,25027,False,False,0,0,,,,False,
wood,1.0,0.0,0.0,8.0,0.05,False,0.0,3.0,0.0,6.0,0.0,0.0,0.0,0.0,False,True,True,False,coin_1yen,,25028,True,True,0,0,1.4530978167037052,measured,18.51489607742113,False,9.781064279465882
wood,1.0,0.0,0.0,8.0,0.05,False,0.0,3.0,0.0,6.0,0.0,0.0,0.0,0.0,False,True,True,False,coin_10yen,,25029,True,True,0,0,0.5292407680151481,measured,17.09782207297546,False,21.500068555064647
wood,1.0,0.0,0.0,8.0,0.05,False,0.0,3.0,0.0,6.0,0.0,0.0,0.0,0.0,False,True,True,False,button_cr2032,,25030,True,True,0,0,,specular_break,18.632710868224443,True,10.164581426887079
wood,1.0,0.0,0.0,8.0,0.05,False,0.0,3.0,0.0,6.0,0.0,0.0,0.0,0.0,False,True,True,False,button_lr44,,25031,True,True,0,0,,specular_break,11.546938474724664,True,5.729777061954095
wood,1.0,0.0,0.0,8.0,0.05,False,0.0,3.0,0.0,6.0,0.0,0.0,0.0,0.0,False,True,True,False,bead_6,,25032,True,True,0,0,2.1511754513468073,measured,6.936577244290083,True,0.7850498475777793
wood,1.0,0.0,0.0,8.0,0.05,False,0.0,3.0,0.0,6.0,0.0,0.0,0.0,0.0,False,True,True,False,bead_10_dark,,25033,True,True,0,0,,specular_break,12.361729535861874,True,5.538876220933389
wood,1.0,0.0,0.0,8.0,0.05,False,0.0,3.0,0.0,6.0,0.0,0.0,0.0,0.0,False,True,True,False,magnet_disc_10x3,,25034,True,True,0,0,,specular_break,9.748081286027142,True,2.362712259829149
wood,1.0,0.0,0.0,8.0,0.05,False,0.0,3.0,0.0,6.0,0.0,0.0,0.0,0.0,False,True,True,False,magnet_ball_5,,25035,True,True,0,0,,specular_break,5.6728738589882495,True,1.2935633271822045
wood,1.0,0.0,0.0,8.0,0.05,False,0.0,3.0,0.0,6.0,0.0,0.0,0.0,0.0,False,True,True,False,pill_8,,25036,True,True,0,0,2.368217356651691,measured,7.908906996538106,False,3.739739132463096
wood,1.0,0.0,0.0,8.0,0.05,False,0.0,3.0,0.0,6.0,0.0,0.0,0.0,0.0,False,True,True,False,plastic_part_8,,25037,True,True,0,0,2.782489814439078,measured,7.910921615003333,True,4.370428429921755
wood,1.0,0.0,0.0,8.0,0.05,False,0.0,3.0,0.0,6.0,0.0,0.0,0.0,0.0,False,True,True,False,floor_colored_12,,25038,True,True,0,0,0.45908144663284034,measured,11.522328661893027,False,5.370146836755868
wood,1.0,0.0,0.0,8.0,0.05,False,0.0,3.0,0.0,6.0,0.0,0.0,0.0,0.0,False,True,True,False,,empty,25039,False,False,0,0,,,,False,
wood,1.0,0.0,0.0,8.0,0.05,False,0.0,3.0,0.0,6.0,0.0,0.0,0.0,0.0,False,True,True,False,,stain,25040,False,False,0,0,,,,False,
wood,1.0,0.0,0.0,8.0,0.05,False,0.0,3.0,0.0,6.0,0.0,0.0,0.0,0.0,False,True,True,False,,seam,25041,False,False,0,0,,,,False,
wood,1.0,0.0,0.0,8.0,0.1,False,0.0,3.0,0.0,6.0,0.0,0.0,0.0,0.0,False,True,True,False,coin_1yen,,26000,True,True,0,0,1.4589529842212325,measured,17.83269709774822,False,10.045259672932845
wood,1.0,0.0,0.0,8.0,0.1,False,0.0,3.0,0.0,6.0,0.0,0.0,0.0,0.0,False,True,True,False,coin_10yen,,26001,True,True,0,0,0.6283310671087108,measured,17.14349245381638,False,21.18018742529838
wood,1.0,0.0,0.0,8.0,0.1,False,0.0,3.0,0.0,6.0,0.0,0.0,0.0,0.0,False,True,True,False,button_cr2032,,26002,True,True,0,0,,specular_break,18.089668413992875,True,10.012122782074364
wood,1.0,0.0,0.0,8.0,0.1,False,0.0,3.0,0.0,6.0,0.0,0.0,0.0,0.0,False,True,True,False,button_lr44,,26003,True,True,0,0,,specular_break,11.262040908165512,True,5.680975116380404
wood,1.0,0.0,0.0,8.0,0.1,False,0.0,3.0,0.0,6.0,0.0,0.0,0.0,0.0,False,True,True,False,bead_6,,26004,True,True,0,0,,specular_break,6.965440447896193,True,17.326720628909907
wood,1.0,0.0,0.0,8.0,0.1,False,0.0,3.0,0.0,6.0,0.0,0.0,0.0,0.0,False,True,True,False,bead_10_dark,,26005,True,True,0,0,,specular_break,12.814382920626565,True,5.359246693372451
wood,1.0,0.0,0.0,8.0,0.1,False,0.0,3.0,0.0,6.0,0.0,0.0,0.0,0.0,False,True,True,False,magnet_disc_10x3,,26006,True,True,0,0,,specular_break,9.789383796126602,True,2.464744020091885
wood,1.0,0.0,0.0,8.0,0.1,False,0.0,3.0,0.0,6.0,0.0,0.0,0.0,0.0,False,True,True,False,magnet_ball_5,,26007,True,True,0,0,,specular_break,5.038671093754644,True,1.3588572917129604
wood,1.0,0.0,0.0,8.0,0.1,False,0.0,3.0,0.0,6.0,0.0,0.0,0.0,0.0,False,True,True,False,pill_8,,26008,True,True,0,0,2.5004931341664136,measured,7.7921892133041615,False,3.8963956905994075
wood,1.0,0.0,0.0,8.0,0.1,False,0.0,3.0,0.0,6.0,0.0,0.0,0.0,0.0,False,True,True,False,plastic_part_8,,26009,True,True,0,0,2.6906050766610505,measured,8.106439873322643,True,4.36019899761983
wood,1.0,0.0,0.0,8.0,0.1,False,0.0,3.0,0.0,6.0,0.0,0.0,0.0,0.0,False,True,True,False,floor_colored_12,,26010,True,True,0,0,0.31946636041060117,measured,11.516359796059087,False,4.776863106381312
wood,1.0,0.0,0.0,8.0,0.1,False,0.0,3.0,0.0,6.0,0.0,0.0,0.0,0.0,False,True,True,False,,empty,26011,False,False,0,0,,,,False,
wood,1.0,0.0,0.0,8.0,0.1,False,0.0,3.0,0.0,6.0,0.0,0.0,0.0,0.0,False,True,True,False,,stain,26012,False,False,0,0,,,,False,
wood,1.0,0.0,0.0,8.0,0.1,False,0.0,3.0,0.0,6.0,0.0,0.0,0.0,0.0,False,True,True,False,,seam,26013,False,False,0,0,,,,False,
wood,1.0,0.0,0.0,8.0,0.1,False,0.0,3.0,0.0,6.0,0.0,0.0,0.0,0.0,False,True,True,False,coin_1yen,,26014,True,True,0,0,1.457453643448389,measured,18.521516018640476,False,9.619147799245036
wood,1.0,0.0,0.0,8.0,0.1,False,0.0,3.0,0.0,6.0,0.0,0.0,0.0,0.0,False,True,True,False,coin_10yen,,26015,True,True,0,0,0.760332332322065,measured,17.248858314388148,False,13.880174332087934
wood,1.0,0.0,0.0,8.0,0.1,False,0.0,3.0,0.0,6.0,0.0,0.0,0.0,0.0,False,True,True,False,button_cr2032,,26016,True,True,0,0,,specular_break,18.168743708227378,True,10.17381145665064
wood,1.0,0.0,0.0,8.0,0.1,False,0.0,3.0,0.0,6.0,0.0,0.0,0.0,0.0,False,True,True,False,button_lr44,,26017,True,True,0,0,,specular_break,11.435415658813769,True,5.694693788213921
wood,1.0,0.0,0.0,8.0,0.1,False,0.0,3.0,0.0,6.0,0.0,0.0,0.0,0.0,False,True,True,False,bead_6,,26018,True,True,0,0,,specular_break,6.7332326176653226,True,19.6612700801637
wood,1.0,0.0,0.0,8.0,0.1,False,0.0,3.0,0.0,6.0,0.0,0.0,0.0,0.0,False,True,True,False,bead_10_dark,,26019,True,True,0,0,0.5819512951173031,measured,12.662009727692624,True,5.4742058255629304
wood,1.0,0.0,0.0,8.0,0.1,False,0.0,3.0,0.0,6.0,0.0,0.0,0.0,0.0,False,True,True,False,magnet_disc_10x3,,26020,True,True,0,0,,specular_break,9.996440625282284,True,2.064537802338535
wood,1.0,0.0,0.0,8.0,0.1,False,0.0,3.0,0.0,6.0,0.0,0.0,0.0,0.0,False,True,True,False,magnet_ball_5,,26021,True,True,0,0,,specular_break,5.74642680493659,True,1.365980439588046
wood,1.0,0.0,0.0,8.0,0.1,False,0.0,3.0,0.0,6.0,0.0,0.0,0.0,0.0,False,True,True,False,pill_8,,26022,True,True,0,0,2.430060496870361,measured,7.9204400820039,False,3.814570719085722
wood,1.0,0.0,0.0,8.0,0.1,False,0.0,3.0,0.0,6.0,0.0,0.0,0.0,0.0,False,True,True,False,plastic_part_8,,26023,True,True,0,0,2.808563582431617,measured,7.896952240285392,True,4.251938172896
wood,1.0,0.0,0.0,8.0,0.1,False,0.0,3.0,0.0,6.0,0.0,0.0,0.0,0.0,False,True,True,False,floor_colored_12,,26024,True,True,0,0,0.49108118395876943,measured,11.534205532088698,False,5.581303320741225
wood,1.0,0.0,0.0,8.0,0.1,False,0.0,3.0,0.0,6.0,0.0,0.0,0.0,0.0,False,True,True,False,,empty,26025,False,False,0,0,,,,False,
wood,1.0,0.0,0.0,8.0,0.1,False,0.0,3.0,0.0,6.0,0.0,0.0,0.0,0.0,False,True,True,False,,stain,26026,False,False,0,0,,,,False,
wood,1.0,0.0,0.0,8.0,0.1,False,0.0,3.0,0.0,6.0,0.0,0.0,0.0,0.0,False,True,True,False,,seam,26027,False,False,0,0,,,,False,
wood,1.0,0.0,0.0,8.0,0.1,False,0.0,3.0,0.0,6.0,0.0,0.0,0.0,0.0,False,True,True,False,coin_1yen,,26028,True,True,0,0,1.4737966011206431,measured,18.158293970703816,False,9.85605849031906
wood,1.0,0.0,0.0,8.0,0.1,False,0.0,3.0,0.0,6.0,0.0,0.0,0.0,0.0,False,True,True,False,coin_10yen,,26029,True,True,0,0,0.7738211536979271,measured,17.222758447103516,False,13.544059284455846
wood,1.0,0.0,0.0,8.0,0.1,False,0.0,3.0,0.0,6.0,0.0,0.0,0.0,0.0,False,True,True,False,button_cr2032,,26030,True,True,0,0,0.6399632743831969,measured,18.734119968949106,True,10.153077752812143
wood,1.0,0.0,0.0,8.0,0.1,False,0.0,3.0,0.0,6.0,0.0,0.0,0.0,0.0,False,True,True,False,button_lr44,,26031,True,True,0,0,0.5012548818512315,measured,11.335437205178806,True,6.315692711020644
wood,1.0,0.0,0.0,8.0,0.1,False,0.0,3.0,0.0,6.0,0.0,0.0,0.0,0.0,False,True,True,False,bead_6,,26032,True,True,0,0,2.259608147562316,measured,6.964042478032032,True,1.00458781322034
wood,1.0,0.0,0.0,8.0,0.1,False,0.0,3.0,0.0,6.0,0.0,0.0,0.0,0.0,False,True,True,False,bead_10_dark,,26033,True,True,0,0,,specular_break,12.28618121593678,True,5.970170420115565
wood,1.0,0.0,0.0,8.0,0.1,False,0.0,3.0,0.0,6.0,0.0,0.0,0.0,0.0,False,True,True,False,magnet_disc_10x3,,26034,True,True,0,0,,specular_break,9.9135890712851,True,2.59199112181368
wood,1.0,0.0,0.0,8.0,0.1,False,0.0,3.0,0.0,6.0,0.0,0.0,0.0,0.0,False,True,True,False,magnet_ball_5,,26035,True,True,0,0,,specular_break,5.062846154997097,True,13.458591463077799
wood,1.0,0.0,0.0,8.0,0.1,False,0.0,3.0,0.0,6.0,0.0,0.0,0.0,0.0,False,True,True,False,pill_8,,26036,True,True,0,0,2.43419771451207,measured,7.934161091118022,False,3.914155340302066
wood,1.0,0.0,0.0,8.0,0.1,False,0.0,3.0,0.0,6.0,0.0,0.0,0.0,0.0,False,True,True,False,plastic_part_8,,26037,True,True,0,0,2.7384895668782967,measured,7.945267328266633,True,4.262063852966023
wood,1.0,0.0,0.0,8.0,0.1,False,0.0,3.0,0.0,6.0,0.0,0.0,0.0,0.0,False,True,True,False,floor_colored_12,,26038,True,True,0,0,0.6213074494245063,measured,11.31212084003847,False,5.874504150978311
wood,1.0,0.0,0.0,8.0,0.1,False,0.0,3.0,0.0,6.0,0.0,0.0,0.0,0.0,False,True,True,False,,empty,26039,False,False,0,0,,,,False,
wood,1.0,0.0,0.0,8.0,0.1,False,0.0,3.0,0.0,6.0,0.0,0.0,0.0,0.0,False,True,True,False,,stain,26040,False,False,0,0,,,,False,
wood,1.0,0.0,0.0,8.0,0.1,False,0.0,3.0,0.0,6.0,0.0,0.0,0.0,0.0,False,True,True,False,,seam,26041,False,False,0,0,,,,False,
wood,1.0,0.0,0.0,8.0,0.2,False,0.0,3.0,0.0,6.0,0.0,0.0,0.0,0.0,False,True,True,False,coin_1yen,,27000,True,True,0,0,1.4506277745886305,measured,18.191024428379325,False,9.91478749600497
wood,1.0,0.0,0.0,8.0,0.2,False,0.0,3.0,0.0,6.0,0.0,0.0,0.0,0.0,False,True,True,False,coin_10yen,,27001,True,True,0,0,0.7249419008237581,measured,17.185673187659102,False,18.16605764942113
wood,1.0,0.0,0.0,8.0,0.2,False,0.0,3.0,0.0,6.0,0.0,0.0,0.0,0.0,False,True,True,False,button_cr2032,,27002,True,True,0,0,,specular_break,18.011024405941622,True,10.040674987558766
wood,1.0,0.0,0.0,8.0,0.2,False,0.0,3.0,0.0,6.0,0.0,0.0,0.0,0.0,False,True,True,False,button_lr44,,27003,True,True,0,0,,specular_break,11.351724349121751,True,5.601513620379144
wood,1.0,0.0,0.0,8.0,0.2,False,0.0,3.0,0.0,6.0,0.0,0.0,0.0,0.0,False,True,True,False,bead_6,,27004,True,True,0,0,,specular_break,6.835154541184669,True,14.912693720077007
wood,1.0,0.0,0.0,8.0,0.2,False,0.0,3.0,0.0,6.0,0.0,0.0,0.0,0.0,False,True,True,False,bead_10_dark,,27005,True,True,0,0,,specular_break,12.411799094637326,True,5.545412640430425
wood,1.0,0.0,0.0,8.0,0.2,False,0.0,3.0,0.0,6.0,0.0,0.0,0.0,0.0,False,True,True,False,magnet_disc_10x3,,27006,True,True,0,0,,specular_break,9.64672734425132,True,2.484069982442911
wood,1.0,0.0,0.0,8.0,0.2,False,0.0,3.0,0.0,6.0,0.0,0.0,0.0,0.0,False,True,True,False,magnet_ball_5,,27007,True,True,0,0,,specular_break,4.49472278613679,True,11.809511985788706
wood,1.0,0.0,0.0,8.0,0.2,False,0.0,3.0,0.0,6.0,0.0,0.0,0.0,0.0,False,True,True,False,pill_8,,27008,True,True,0,0,2.3953547846221372,measured,7.877168645371578,False,3.967380825427426
wood,1.0,0.0,0.0,8.0,0.2,False,0.0,3.0,0.0,6.0,0.0,0.0,0.0,0.0,False,True,True,False,plastic_part_8,,27009,True,True,0,0,2.8038546904908017,measured,7.876520149521888,True,4.389466621450944
wood,1.0,0.0,0.0,8.0,0.2,False,0.0,3.0,0.0,6.0,0.0,0.0,0.0,0.0,False,True,True,False,floor_colored_12,,27010,True,True,0,0,0.5087395932288015,measured,11.340520508547565,False,5.4653495933374
wood,1.0,0.0,0.0,8.0,0.2,False,0.0,3.0,0.0,6.0,0.0,0.0,0.0,0.0,False,True,True,False,,empty,27011,False,False,0,0,,,,False,
wood,1.0,0.0,0.0,8.0,0.2,False,0.0,3.0,0.0,6.0,0.0,0.0,0.0,0.0,False,True,True,False,,stain,27012,False,False,0,0,,,,False,
wood,1.0,0.0,0.0,8.0,0.2,False,0.0,3.0,0.0,6.0,0.0,0.0,0.0,0.0,False,True,True,False,,seam,27013,False,False,0,0,,,,False,
wood,1.0,0.0,0.0,8.0,0.2,False,0.0,3.0,0.0,6.0,0.0,0.0,0.0,0.0,False,True,True,False,coin_1yen,,27014,True,True,0,0,1.465500255386953,measured,18.54012155443161,False,9.756906897878226
wood,1.0,0.0,0.0,8.0,0.2,False,0.0,3.0,0.0,6.0,0.0,0.0,0.0,0.0,False,True,True,False,coin_10yen,,27015,True,True,0,0,0.7368286187766362,measured,17.15151322450758,False,16.646593186132463
wood,1.0,0.0,0.0,8.0,0.2,False,0.0,3.0,0.0,6.0,0.0,0.0,0.0,0.0,False,True,True,False,button_cr2032,,27016,True,True,0,0,,specular_break,18.409143979850317,True,10.08855353930033
wood,1.0,0.0,0.0,8.0,0.2,False,0.0,3.0,0.0,6.0,0.0,0.0,0.0,0.0,False,True,True,False,button_lr44,,27017,True,True,0,0,0.6352419623964174,measured,11.389571317471978,True,6.1177498126006835
wood,1.0,0.0,0.0,8.0,0.2,False,0.0,3.0,0.0,6.0,0.0,0.0,0.0,0.0,False,True,True,False,bead_6,,27018,True,True,0,0,2.155798223590711,measured,6.856825353464662,True,0.8284799639979546
wood,1.0,0.0,0.0,8.0,0.2,False,0.0,3.0,0.0,6.0,0.0,0.0,0.0,0.0,False,True,True,False,bead_10_dark,,27019,True,True,0,0,,specular_break,12.553944237664812,True,5.567768154395438
wood,1.0,0.0,0.0,8.0,0.2,False,0.0,3.0,0.0,6.0,0.0,0.0,0.0,0.0,False,True,True,False,magnet_disc_10x3,,27020,True,True,0,0,,specular_break,10.12831136184867,True,2.2861443650700437
wood,1.0,0.0,0.0,8.0,0.2,False,0.0,3.0,0.0,6.0,0.0,0.0,0.0,0.0,False,True,True,False,magnet_ball_5,,27021,True,True,0,0,,specular_break,4.485827986091736,True,10.362137927729425
wood,1.0,0.0,0.0,8.0,0.2,False,0.0,3.0,0.0,6.0,0.0,0.0,0.0,0.0,False,True,True,False,pill_8,,27022,True,True,0,0,2.50974885328816,measured,7.856616292414881,False,3.955164236204523
wood,1.0,0.0,0.0,8.0,0.2,False,0.0,3.0,0.0,6.0,0.0,0.0,0.0,0.0,False,True,True,False,plastic_part_8,,27023,True,True,0,0,2.8697024872563883,measured,7.877213884008026,True,4.1611670726444085
wood,1.0,0.0,0.0,8.0,0.2,False,0.0,3.0,0.0,6.0,0.0,0.0,0.0,0.0,False,True,True,False,floor_colored_12,,27024,True,True,0,0,0.6062780042982201,measured,11.247103522950317,False,5.974714457441191
wood,1.0,0.0,0.0,8.0,0.2,False,0.0,3.0,0.0,6.0,0.0,0.0,0.0,0.0,False,True,True,False,,empty,27025,False,False,0,0,,,,False,
wood,1.0,0.0,0.0,8.0,0.2,False,0.0,3.0,0.0,6.0,0.0,0.0,0.0,0.0,False,True,True,False,,stain,27026,False,False,0,0,,,,False,
wood,1.0,0.0,0.0,8.0,0.2,False,0.0,3.0,0.0,6.0,0.0,0.0,0.0,0.0,False,True,True,False,,seam,27027,False,False,0,0,,,,False,
wood,1.0,0.0,0.0,8.0,0.2,False,0.0,3.0,0.0,6.0,0.0,0.0,0.0,0.0,False,True,True,False,coin_1yen,,27028,True,True,0,0,1.4679092445666342,measured,18.325905042798855,False,9.482761840370932
wood,1.0,0.0,0.0,8.0,0.2,False,0.0,3.0,0.0,6.0,0.0,0.0,0.0,0.0,False,True,True,False,coin_10yen,,27029,True,True,0,0,0.5924453442107147,measured,17.246579483757838,False,21.006506763440058
wood,1.0,0.0,0.0,8.0,0.2,False,0.0,3.0,0.0,6.0,0.0,0.0,0.0,0.0,False,True,True,False,button_cr2032,,27030,True,True,0,0,,specular_break,18.573788207756916,True,10.076391089722133
wood,1.0,0.0,0.0,8.0,0.2,False,0.0,3.0,0.0,6.0,0.0,0.0,0.0,0.0,False,True,True,False,button_lr44,,27031,True,True,0,0,1.2680953442775706,measured,11.197817066209398,True,5.917912856240112
wood,1.0,0.0,0.0,8.0,0.2,False,0.0,3.0,0.0,6.0,0.0,0.0,0.0,0.0,False,True,True,False,bead_6,,27032,True,True,0,0,1.8179606117040805,measured,6.462373060839989,True,4.570917936437965
wood,1.0,0.0,0.0,8.0,0.2,False,0.0,3.0,0.0,6.0,0.0,0.0,0.0,0.0,False,True,True,False,bead_10_dark,,27033,True,True,0,0,,specular_break,12.278723091153255,True,5.720834904259121
wood,1.0,0.0,0.0,8.0,0.2,False,0.0,3.0,0.0,6.0,0.0,0.0,0.0,0.0,False,True,True,False,magnet_disc_10x3,,27034,True,True,0,0,,specular_break,9.92317911723077,True,1.7232772880528515
wood,1.0,0.0,0.0,8.0,0.2,False,0.0,3.0,0.0,6.0,0.0,0.0,0.0,0.0,False,True,True,False,magnet_ball_5,,27035,True,True,0,0,,specular_break,5.245580509903602,True,0.28184321207459107
wood,1.0,0.0,0.0,8.0,0.2,False,0.0,3.0,0.0,6.0,0.0,0.0,0.0,0.0,False,True,True,False,pill_8,,27036,True,True,0,0,2.3729412747386966,measured,7.93790318447852,False,4.072508201936296
wood,1.0,0.0,0.0,8.0,0.2,False,0.0,3.0,0.0,6.0,0.0,0.0,0.0,0.0,False,True,True,False,plastic_part_8,,27037,True,True,0,0,2.7721831651811666,measured,7.953215686708765,True,4.300451252377329
wood,1.0,0.0,0.0,8.0,0.2,False,0.0,3.0,0.0,6.0,0.0,0.0,0.0,0.0,False,True,True,False,floor_colored_12,,27038,True,True,0,0,0.5493469375137234,measured,11.540618047562877,False,5.895116683865027
wood,1.0,0.0,0.0,8.0,0.2,False,0.0,3.0,0.0,6.0,0.0,0.0,0.0,0.0,False,True,True,False,,empty,27039,False,False,0,0,,,,False,
wood,1.0,0.0,0.0,8.0,0.2,False,0.0,3.0,0.0,6.0,0.0,0.0,0.0,0.0,False,True,True,False,,stain,27040,False,False,0,0,,,,False,
wood,1.0,0.0,0.0,8.0,0.2,False,0.0,3.0,0.0,6.0,0.0,0.0,0.0,0.0,False,True,True,False,,seam,27041,False,False,0,0,,,,False,
wood,1.0,0.0,0.0,8.0,0.0,False,0.0,3.0,0.0,6.0,0.0,0.0,0.0,0.0,False,True,True,False,coin_1yen,,28000,True,True,0,0,1.4570074612811563,measured,18.386536816433754,False,9.608023098968236
wood,1.0,0.0,0.0,8.0,0.0,False,0.0,3.0,0.0,6.0,0.0,0.0,0.0,0.0,False,True,True,False,coin_10yen,,28001,True,True,0,0,0.7700670403399528,measured,17.28053424075727,False,13.612848102722726
wood,1.0,0.0,0.0,8.0,0.0,False,0.0,3.0,0.0,6.0,0.0,0.0,0.0,0.0,False,True,True,False,button_cr2032,,28002,True,True,0,0,,specular_break,18.549840335173734,True,10.058218289640536
wood,1.0,0.0,0.0,8.0,0.0,False,0.0,3.0,0.0,6.0,0.0,0.0,0.0,0.0,False,True,True,False,button_lr44,,28003,True,True,0,0,0.5103172014787436,measured,11.481557246498099,True,6.173465709608361
wood,1.0,0.0,0.0,8.0,0.0,False,0.0,3.0,0.0,6.0,0.0,0.0,0.0,0.0,False,True,True,False,bead_6,,28004,True,True,0,0,2.0482245992252786,measured,6.163768007102481,True,2.0236504424154163
wood,1.0,0.0,0.0,8.0,0.0,False,0.0,3.0,0.0,6.0,0.0,0.0,0.0,0.0,False,True,True,False,bead_10_dark,,28005,True,True,0,0,,specular_break,12.332355222967362,True,5.402539486592026
wood,1.0,0.0,0.0,8.0,0.0,False,0.0,3.0,0.0,6.0,0.0,0.0,0.0,0.0,False,True,True,False,magnet_disc_10x3,,28006,True,True,0,0,,specular_break,9.767278825152452,True,2.401912871008203
wood,1.0,0.0,0.0,8.0,0.0,False,0.0,3.0,0.0,6.0,0.0,0.0,0.0,0.0,False,True,True,False,magnet_ball_5,,28007,True,True,0,0,,specular_break,4.552635222572817,True,12.69132576443123
wood,1.0,0.0,0.0,8.0,0.0,False,0.0,3.0,0.0,6.0,0.0,0.0,0.0,0.0,False,True,True,False,pill_8,,28008,True,True,0,0,2.2092799654389577,measured,8.097885685015687,False,4.221066013424914
wood,1.0,0.0,0.0,8.0,0.0,False,0.0,3.0,0.0,6.0,0.0,0.0,0.0,0.0,False,True,True,False,plastic_part_8,,28009,True,True,0,0,2.7719115625872135,measured,7.967839381718429,True,4.3293650613451575
wood,1.0,0.0,0.0,8.0,0.0,False,0.0,3.0,0.0,6.0,0.0,0.0,0.0,0.0,False,True,True,False,floor_colored_12,,28010,True,True,0,0,0.42446900772687,measured,11.588347503538083,False,5.8267831968953665
wood,1.0,0.0,0.0,8.0,0.0,False,0.0,3.0,0.0,6.0,0.0,0.0,0.0,0.0,False,True,True,False,,empty,28011,False,False,0,0,,,,False,
wood,1.0,0.0,0.0,8.0,0.0,False,0.0,3.0,0.0,6.0,0.0,0.0,0.0,0.0,False,True,True,False,,stain,28012,False,False,0,0,,,,False,
wood,1.0,0.0,0.0,8.0,0.0,False,0.0,3.0,0.0,6.0,0.0,0.0,0.0,0.0,False,True,True,False,,seam,28013,False,False,0,0,,,,False,
wood,1.0,0.0,0.0,8.0,0.0,False,0.0,3.0,0.0,6.0,0.0,0.0,0.0,0.0,False,True,True,False,coin_1yen,,28014,True,True,0,0,1.466848384577439,measured,18.37815809666625,False,9.708286331981347
wood,1.0,0.0,0.0,8.0,0.0,False,0.0,3.0,0.0,6.0,0.0,0.0,0.0,0.0,False,True,True,False,coin_10yen,,28015,True,True,0,0,0.730274791998518,measured,17.238037661083027,False,16.731613491345705
wood,1.0,0.0,0.0,8.0,0.0,False,0.0,3.0,0.0,6.0,0.0,0.0,0.0,0.0,False,True,True,False,button_cr2032,,28016,True,True,0,0,0.6545921463526714,measured,18.07666484814236,True,10.164530289019208
wood,1.0,0.0,0.0,8.0,0.0,False,0.0,3.0,0.0,6.0,0.0,0.0,0.0,0.0,False,True,True,False,button_lr44,,28017,True,True,0,0,1.0665445869202337,measured,11.286643576589185,True,5.970694093208662
wood,1.0,0.0,0.0,8.0,0.0,False,0.0,3.0,0.0,6.0,0.0,0.0,0.0,0.0,False,True,True,False,bead_6,,28018,True,True,0,0,2.1952016723241243,measured,6.80659099342601,True,0.6047584405755762
wood,1.0,0.0,0.0,8.0,0.0,False,0.0,3.0,0.0,6.0,0.0,0.0,0.0,0.0,False,True,True,False,bead_10_dark,,28019,True,True,0,0,,specular_break,12.325880187860946,True,5.933092394291478
wood,1.0,0.0,0.0,8.0,0.0,False,0.0,3.0,0.0,6.0,0.0,0.0,0.0,0.0,False,True,True,False,magnet_disc_10x3,,28020,True,True,0,0,,specular_break,9.71439398823751,True,2.6344230883856232
wood,1.0,0.0,0.0,8.0,0.0,False,0.0,3.0,0.0,6.0,0.0,0.0,0.0,0.0,False,True,True,False,magnet_ball_5,,28021,True,True,0,0,,specular_break,4.576022480315389,True,13.111802890713452
wood,1.0,0.0,0.0,8.0,0.0,False,0.0,3.0,0.0,6.0,0.0,0.0,0.0,0.0,False,True,True,False,pill_8,,28022,True,True,0,0,2.4573113178877346,measured,7.880295946315737,False,4.030619943754244
wood,1.0,0.0,0.0,8.0,0.0,False,0.0,3.0,0.0,6.0,0.0,0.0,0.0,0.0,False,True,True,False,plastic_part_8,,28023,True,True,0,0,2.794786472197984,measured,7.992829148280817,True,4.089382016916559
wood,1.0,0.0,0.0,8.0,0.0,False,0.0,3.0,0.0,6.0,0.0,0.0,0.0,0.0,False,True,True,False,floor_colored_12,,28024,True,True,0,0,0.6466381143468549,measured,11.393442703055568,False,5.816084113937059
wood,1.0,0.0,0.0,8.0,0.0,False,0.0,3.0,0.0,6.0,0.0,0.0,0.0,0.0,False,True,True,False,,empty,28025,False,False,0,0,,,,False,
wood,1.0,0.0,0.0,8.0,0.0,False,0.0,3.0,0.0,6.0,0.0,0.0,0.0,0.0,False,True,True,False,,stain,28026,False,False,0,0,,,,False,
wood,1.0,0.0,0.0,8.0,0.0,False,0.0,3.0,0.0,6.0,0.0,0.0,0.0,0.0,False,True,True,False,,seam,28027,False,False,0,0,,,,False,
wood,1.0,0.0,0.0,8.0,0.0,False,0.0,3.0,0.0,6.0,0.0,0.0,0.0,0.0,False,True,True,False,coin_1yen,,28028,True,True,0,0,1.4553505680519567,measured,18.169345192432647,False,9.75199863674659
wood,1.0,0.0,0.0,8.0,0.0,False,0.0,3.0,0.0,6.0,0.0,0.0,0.0,0.0,False,True,True,False,coin_10yen,,28029,True,True,0,0,0.6582195788720586,measured,17.109649895538624,False,20.104311881539473
wood,1.0,0.0,0.0,8.0,0.0,False,0.0,3.0,0.0,6.0,0.0,0.0,0.0,0.0,False,True,True,False,button_cr2032,,28030,True,True,0,0,,specular_break,18.079377018762393,True,10.069447529812331
wood,1.0,0.0,0.0,8.0,0.0,False,0.0,3.0,0.0,6.0,0.0,0.0,0.0,0.0,False,True,True,False,button_lr44,,28031,True,True,0,0,,specular_break,11.269793767073718,True,5.83545012295154
wood,1.0,0.0,0.0,8.0,0.0,False,0.0,3.0,0.0,6.0,0.0,0.0,0.0,0.0,False,True,True,False,bead_6,,28032,True,True,0,0,,specular_break,7.02219578586602,True,19.12278270022616
wood,1.0,0.0,0.0,8.0,0.0,False,0.0,3.0,0.0,6.0,0.0,0.0,0.0,0.0,False,True,True,False,bead_10_dark,,28033,True,True,0,0,,specular_break,12.29181077202542,True,5.772292333672122
wood,1.0,0.0,0.0,8.0,0.0,False,0.0,3.0,0.0,6.0,0.0,0.0,0.0,0.0,False,True,True,False,magnet_disc_10x3,,28034,True,True,0,0,,specular_break,9.678592003860594,True,3.1838499237924025
wood,1.0,0.0,0.0,8.0,0.0,False,0.0,3.0,0.0,6.0,0.0,0.0,0.0,0.0,False,True,True,False,magnet_ball_5,,28035,True,True,0,0,,specular_break,5.359483232263719,True,11.25268713947791
wood,1.0,0.0,0.0,8.0,0.0,False,0.0,3.0,0.0,6.0,0.0,0.0,0.0,0.0,False,True,True,False,pill_8,,28036,True,True,0,0,2.209676672128932,measured,7.902049823179662,False,4.507569792047068
wood,1.0,0.0,0.0,8.0,0.0,False,0.0,3.0,0.0,6.0,0.0,0.0,0.0,0.0,False,True,True,False,plastic_part_8,,28037,True,True,0,0,2.7576143136267017,measured,8.166633138821831,True,4.477131254215168
wood,1.0,0.0,0.0,8.0,0.0,False,0.0,3.0,0.0,6.0,0.0,0.0,0.0,0.0,False,True,True,False,floor_colored_12,,28038,True,True,0,0,0.6290641412100406,measured,11.353975993812949,False,6.136307140957129
wood,1.0,0.0,0.0,8.0,0.0,False,0.0,3.0,0.0,6.0,0.0,0.0,0.0,0.0,False,True,True,False,,empty,28039,False,False,0,0,,,,False,
wood,1.0,0.0,0.0,8.0,0.0,False,0.0,3.0,0.0,6.0,0.0,0.0,0.0,0.0,False,True,True,False,,stain,28040,False,False,0,0,,,,False,
wood,1.0,0.0,0.0,8.0,0.0,False,0.0,3.0,0.0,6.0,0.0,0.0,0.0,0.0,False,True,True,False,,seam,28041,False,False,0,0,,,,False,
wood,1.0,0.0,0.0,8.0,0.0,False,0.5,3.0,0.0,6.0,0.0,0.0,0.0,0.0,False,True,True,False,coin_1yen,,29000,True,True,0,0,1.47132532407322,measured,18.524281526904925,False,9.705748270203056
wood,1.0,0.0,0.0,8.0,0.0,False,0.5,3.0,0.0,6.0,0.0,0.0,0.0,0.0,False,True,True,False,coin_10yen,,29001,True,True,0,0,0.7397794400241366,measured,17.232820659177147,False,16.1085134498358
wood,1.0,0.0,0.0,8.0,0.0,False,0.5,3.0,0.0,6.0,0.0,0.0,0.0,0.0,False,True,True,False,button_cr2032,,29002,True,True,0,0,,specular_break,18.047820468716804,True,10.022615519240052
wood,1.0,0.0,0.0,8.0,0.0,False,0.5,3.0,0.0,6.0,0.0,0.0,0.0,0.0,False,True,True,False,button_lr44,,29003,True,True,0,0,0.6708876777263306,measured,11.343188961542722,True,5.985330104680269
wood,1.0,0.0,0.0,8.0,0.0,False,0.5,3.0,0.0,6.0,0.0,0.0,0.0,0.0,False,True,True,False,bead_6,,29004,True,True,0,0,,specular_break,6.585096503772143,True,20.85086764015952
wood,1.0,0.0,0.0,8.0,0.0,False,0.5,3.0,0.0,6.0,0.0,0.0,0.0,0.0,False,True,True,False,bead_10_dark,,29005,True,True,0,0,,specular_break,12.469444855777056,True,5.690785074529655
wood,1.0,0.0,0.0,8.0,0.0,False,0.5,3.0,0.0,6.0,0.0,0.0,0.0,0.0,False,True,True,False,magnet_disc_10x3,,29006,True,True,0,0,,specular_break,9.700908870249252,True,2.8488092440848294
wood,1.0,0.0,0.0,8.0,0.0,False,0.5,3.0,0.0,6.0,0.0,0.0,0.0,0.0,False,True,True,False,magnet_ball_5,,29007,True,True,0,0,,specular_break,4.809223087196653,True,15.98082744145277
wood,1.0,0.0,0.0,8.0,0.0,False,0.5,3.0,0.0,6.0,0.0,0.0,0.0,0.0,False,True,True,False,pill_8,,29008,True,True,0,0,2.3674633307600477,measured,7.930908813698859,False,4.063323588161458
wood,1.0,0.0,0.0,8.0,0.0,False,0.5,3.0,0.0,6.0,0.0,0.0,0.0,0.0,False,True,True,False,plastic_part_8,,29009,True,True,0,0,2.8864859043014786,measured,7.855446716994962,True,4.360763743927976
wood,1.0,0.0,0.0,8.0,0.0,False,0.5,3.0,0.0,6.0,0.0,0.0,0.0,0.0,False,True,True,False,floor_colored_12,,29010,True,True,0,0,0.5990337299031783,measured,11.469274027209137,False,5.869345912142754
wood,1.0,0.0,0.0,8.0,0.0,False,0.5,3.0,0.0,6.0,0.0,0.0,0.0,0.0,False,True,True,False,,empty,29011,False,False,0,0,,,,False,
wood,1.0,0.0,0.0,8.0,0.0,False,0.5,3.0,0.0,6.0,0.0,0.0,0.0,0.0,False,True,True,False,,stain,29012,False,False,0,0,,,,False,
wood,1.0,0.0,0.0,8.0,0.0,False,0.5,3.0,0.0,6.0,0.0,0.0,0.0,0.0,False,True,True,False,,seam,29013,False,False,0,0,,,,False,
wood,1.0,0.0,0.0,8.0,0.0,False,0.5,3.0,0.0,6.0,0.0,0.0,0.0,0.0,False,True,True,False,coin_1yen,,29014,True,True,0,0,1.501062735317431,measured,17.65746749444628,False,9.925989179591026
wood,1.0,0.0,0.0,8.0,0.0,False,0.5,3.0,0.0,6.0,0.0,0.0,0.0,0.0,False,True,True,False,coin_10yen,,29015,True,True,0,0,0.6745264519537777,measured,17.244147291695818,False,20.349602685504355
wood,1.0,0.0,0.0,8.0,0.0,False,0.5,3.0,0.0,6.0,0.0,0.0,0.0,0.0,False,True,True,False,button_cr2032,,29016,True,True,0,0,0.5712904475541869,measured,17.83712536214511,True,10.062412521494865
wood,1.0,0.0,0.0,8.0,0.0,False,0.5,3.0,0.0,6.0,0.0,0.0,0.0,0.0,False,True,True,False,button_lr44,,29017,True,True,0,0,,specular_break,11.249290077173185,True,6.076500765831825
wood,1.0,0.0,0.0,8.0,0.0,False,0.5,3.0,0.0,6.0,0.0,0.0,0.0,0.0,False,True,True,False,bead_6,,29018,True,True,0,1,,specular_break,6.868487190684287,True,14.042625555116013
wood,1.0,0.0,0.0,8.0,0.0,False,0.5,3.0,0.0,6.0,0.0,0.0,0.0,0.0,False,True,True,False,bead_10_dark,,29019,True,True,0,0,,specular_break,12.375871793234088,True,5.4741005066604105
wood,1.0,0.0,0.0,8.0,0.0,False,0.5,3.0,0.0,6.0,0.0,0.0,0.0,0.0,False,True,True,False,magnet_disc_10x3,,29020,True,True,0,0,,specular_break,9.701538324399626,True,3.0006519417245014
wood,1.0,0.0,0.0,8.0,0.0,False,0.5,3.0,0.0,6.0,0.0,0.0,0.0,0.0,False,True,True,False,magnet_ball_5,,29021,True,True,0,0,,specular_break,4.427343341315535,True,12.690013042959803
wood,1.0,0.0,0.0,8.0,0.0,False,0.5,3.0,0.0,6.0,0.0,0.0,0.0,0.0,False,True,True,False,pill_8,,29022,True,True,0,0,2.280107072075065,measured,7.835191142673994,False,4.307951875787252
wood,1.0,0.0,0.0,8.0,0.0,False,0.5,3.0,0.0,6.0,0.0,0.0,0.0,0.0,False,True,True,False,plastic_part_8,,29023,True,True,0,0,2.649293064166061,measured,8.203446105915749,True,4.44973673646434
wood,1.0,0.0,0.0,8.0,0.0,False,0.5,3.0,0.0,6.0,0.0,0.0,0.0,0.0,False,True,True,False,floor_colored_12,,29024,True,True,0,0,0.7405234189251306,measured,11.291840142279709,False,5.978618496683632
wood,1.0,0.0,0.0,8.0,0.0,False,0.5,3.0,0.0,6.0,0.0,0.0,0.0,0.0,False,True,True,False,,empty,29025,False,False,0,0,,,,False,
wood,1.0,0.0,0.0,8.0,0.0,False,0.5,3.0,0.0,6.0,0.0,0.0,0.0,0.0,False,True,True,False,,stain,29026,False,False,0,0,,,,False,
wood,1.0,0.0,0.0,8.0,0.0,False,0.5,3.0,0.0,6.0,0.0,0.0,0.0,0.0,False,True,True,False,,seam,29027,False,False,0,0,,,,False,
wood,1.0,0.0,0.0,8.0,0.0,False,0.5,3.0,0.0,6.0,0.0,0.0,0.0,0.0,False,True,True,False,coin_1yen,,29028,True,True,0,0,1.4546455171179602,measured,17.98653891493031,False,9.886096550193956
wood,1.0,0.0,0.0,8.0,0.0,False,0.5,3.0,0.0,6.0,0.0,0.0,0.0,0.0,False,True,True,False,coin_10yen,,29029,True,True,0,0,0.7309389152879966,measured,17.258351591556753,False,17.42336625411925
wood,1.0,0.0,0.0,8.0,0.0,False,0.5,3.0,0.0,6.0,0.0,0.0,0.0,0.0,False,True,True,False,button_cr2032,,29030,True,True,0,0,,specular_break,18.72237749122476,True,10.036198776136244
wood,1.0,0.0,0.0,8.0,0.0,False,0.5,3.0,0.0,6.0,0.0,0.0,0.0,0.0,False,True,True,False,button_lr44,,29031,True,True,0,0,0.6934955145982613,measured,11.254011696804097,True,5.7938557303555
wood,1.0,0.0,0.0,8.0,0.0,False,0.5,3.0,0.0,6.0,0.0,0.0,0.0,0.0,False,True,True,False,bead_6,,29032,True,True,0,0,,specular_break,6.889448809381781,True,19.67535835739823
wood,1.0,0.0,0.0,8.0,0.0,False,0.5,3.0,0.0,6.0,0.0,0.0,0.0,0.0,False,True,True,False,bead_10_dark,,29033,True,True,0,0,,specular_break,12.331185944457633,True,5.527315669776691
wood,1.0,0.0,0.0,8.0,0.0,False,0.5,3.0,0.0,6.0,0.0,0.0,0.0,0.0,False,True,True,False,magnet_disc_10x3,,29034,True,True,0,0,,specular_break,9.503182210162766,True,3.079137659595361
wood,1.0,0.0,0.0,8.0,0.0,False,0.5,3.0,0.0,6.0,0.0,0.0,0.0,0.0,False,True,True,False,magnet_ball_5,,29035,True,True,0,0,,specular_break,3.59018910543984,True,10.937985576948554
wood,1.0,0.0,0.0,8.0,0.0,False,0.5,3.0,0.0,6.0,0.0,0.0,0.0,0.0,False,True,True,False,pill_8,,29036,True,True,0,0,2.326071404128758,measured,7.683892553806565,False,4.0420255766824
wood,1.0,0.0,0.0,8.0,0.0,False,0.5,3.0,0.0,6.0,0.0,0.0,0.0,0.0,False,True,True,False,plastic_part_8,,29037,True,True,0,0,2.848048025590483,measured,7.919442628798132,True,4.300169146920842
wood,1.0,0.0,0.0,8.0,0.0,False,0.5,3.0,0.0,6.0,0.0,0.0,0.0,0.0,False,True,True,False,floor_colored_12,,29038,True,True,0,0,0.5702440567585256,measured,11.51952744492032,False,6.035887636782069
wood,1.0,0.0,0.0,8.0,0.0,False,0.5,3.0,0.0,6.0,0.0,0.0,0.0,0.0,False,True,True,False,,empty,29039,False,False,0,0,,,,False,
wood,1.0,0.0,0.0,8.0,0.0,False,0.5,3.0,0.0,6.0,0.0,0.0,0.0,0.0,False,True,True,False,,stain,29040,False,False,0,0,,,,False,
wood,1.0,0.0,0.0,8.0,0.0,False,0.5,3.0,0.0,6.0,0.0,0.0,0.0,0.0,False,True,True,False,,seam,29041,False,False,0,0,,,,False,
wood,1.0,0.0,0.0,8.0,0.0,False,1.0,3.0,0.0,6.0,0.0,0.0,0.0,0.0,False,True,True,False,coin_1yen,,30000,True,True,0,0,1.46547414931889,measured,18.02968004381857,False,9.889436771721911
wood,1.0,0.0,0.0,8.0,0.0,False,1.0,3.0,0.0,6.0,0.0,0.0,0.0,0.0,False,True,True,False,coin_10yen,,30001,True,True,0,0,0.7063689291926742,measured,17.20623053919202,False,15.520056681577383
wood,1.0,0.0,0.0,8.0,0.0,False,1.0,3.0,0.0,6.0,0.0,0.0,0.0,0.0,False,True,True,False,button_cr2032,,30002,True,True,0,0,,specular_break,18.276659481459667,True,10.114816163197023
wood,1.0,0.0,0.0,8.0,0.0,False,1.0,3.0,0.0,6.0,0.0,0.0,0.0,0.0,False,True,True,False,button_lr44,,30003,True,True,0,0,,specular_break,11.18651741715784,True,6.042763769588529
wood,1.0,0.0,0.0,8.0,0.0,False,1.0,3.0,0.0,6.0,0.0,0.0,0.0,0.0,False,True,True,False,bead_6,,30004,True,True,0,0,,specular_break,6.856354512638307,True,12.074017064556667
wood,1.0,0.0,0.0,8.0,0.0,False,1.0,3.0,0.0,6.0,0.0,0.0,0.0,0.0,False,True,True,False,bead_10_dark,,30005,True,True,0,0,,specular_break,12.603052283648225,True,5.287448565166573
wood,1.0,0.0,0.0,8.0,0.0,False,1.0,3.0,0.0,6.0,0.0,0.0,0.0,0.0,False,True,True,False,magnet_disc_10x3,,30006,True,True,0,0,,specular_break,9.78390245080479,True,3.0654692538152677
wood,1.0,0.0,0.0,8.0,0.0,False,1.0,3.0,0.0,6.0,0.0,0.0,0.0,0.0,False,True,True,False,magnet_ball_5,,30007,True,True,0,0,,specular_break,5.570407447191055,True,9.470614015993533
wood,1.0,0.0,0.0,8.0,0.0,False,1.0,3.0,0.0,6.0,0.0,0.0,0.0,0.0,False,True,True,False,pill_8,,30008,True,True,0,0,2.166444245724989,measured,7.859236462257304,False,4.29644782570684
wood,1.0,0.0,0.0,8.0,0.0,False,1.0,3.0,0.0,6.0,0.0,0.0,0.0,0.0,False,True,True,False,plastic_part_8,,30009,True,True,0,0,2.8366321525250786,measured,8.05824792475396,True,4.060869486523208
wood,1.0,0.0,0.0,8.0,0.0,False,1.0,3.0,0.0,6.0,0.0,0.0,0.0,0.0,False,True,True,False,floor_colored_12,,30010,True,True,0,0,0.5311879193776772,measured,11.602735149345751,False,5.821695419158272
wood,1.0,0.0,0.0,8.0,0.0,False,1.0,3.0,0.0,6.0,0.0,0.0,0.0,0.0,False,True,True,False,,empty,30011,False,False,0,0,,,,False,
wood,1.0,0.0,0.0,8.0,0.0,False,1.0,3.0,0.0,6.0,0.0,0.0,0.0,0.0,False,True,True,False,,stain,30012,False,False,0,0,,,,False,
wood,1.0,0.0,0.0,8.0,0.0,False,1.0,3.0,0.0,6.0,0.0,0.0,0.0,0.0,False,True,True,False,,seam,30013,False,False,0,0,,,,False,
wood,1.0,0.0,0.0,8.0,0.0,False,1.0,3.0,0.0,6.0,0.0,0.0,0.0,0.0,False,True,True,False,coin_1yen,,30014,True,True,0,0,1.4347117159695006,measured,18.66529761238423,False,9.676591285704555
wood,1.0,0.0,0.0,8.0,0.0,False,1.0,3.0,0.0,6.0,0.0,0.0,0.0,0.0,False,True,True,False,coin_10yen,,30015,True,True,0,0,0.7120213833037212,measured,17.15893226134052,False,17.669365383084436
wood,1.0,0.0,0.0,8.0,0.0,False,1.0,3.0,0.0,6.0,0.0,0.0,0.0,0.0,False,True,True,False,button_cr2032,,30016,True,True,0,0,,specular_break,18.519527855220183,True,9.792478440467383
wood,1.0,0.0,0.0,8.0,0.0,False,1.0,3.0,0.0,6.0,0.0,0.0,0.0,0.0,False,True,True,False,button_lr44,,30017,True,True,0,0,,specular_break,11.241640370836128,True,6.039907599058341
wood,1.0,0.0,0.0,8.0,0.0,False,1.0,3.0,0.0,6.0,0.0,0.0,0.0,0.0,False,True,True,False,bead_6,,30018,True,True,0,0,,specular_break,6.812831788895983,True,19.42025443268507
wood,1.0,0.0,0.0,8.0,0.0,False,1.0,3.0,0.0,6.0,0.0,0.0,0.0,0.0,False,True,True,False,bead_10_dark,,30019,True,True,0,0,,specular_break,12.554635392802206,True,5.392532022875202
wood,1.0,0.0,0.0,8.0,0.0,False,1.0,3.0,0.0,6.0,0.0,0.0,0.0,0.0,False,True,True,False,magnet_disc_10x3,,30020,True,True,0,0,,specular_break,9.641644961875496,True,3.299073543774321
wood,1.0,0.0,0.0,8.0,0.0,False,1.0,3.0,0.0,6.0,0.0,0.0,0.0,0.0,False,True,True,False,magnet_ball_5,,30021,True,True,0,0,,specular_break,5.633948218093456,True,0.9609433570465598
wood,1.0,0.0,0.0,8.0,0.0,False,1.0,3.0,0.0,6.0,0.0,0.0,0.0,0.0,False,True,True,False,pill_8,,30022,True,True,0,0,2.2967483320688338,measured,7.9008494123108095,False,4.178046367195804
wood,1.0,0.0,0.0,8.0,0.0,False,1.0,3.0,0.0,6.0,0.0,0.0,0.0,0.0,False,True,True,False,plastic_part_8,,30023,True,True,0,0,2.6156641370713913,measured,7.980173037467331,True,4.469041722190771
wood,1.0,0.0,0.0,8.0,0.0,False,1.0,3.0,0.0,6.0,0.0,0.0,0.0,0.0,False,True,True,False,floor_colored_12,,30024,True,True,0,0,0.6773000224095718,measured,11.456395302924943,False,5.9865668058279295
wood,1.0,0.0,0.0,8.0,0.0,False,1.0,3.0,0.0,6.0,0.0,0.0,0.0,0.0,False,True,True,False,,empty,30025,False,False,0,0,,,,False,
wood,1.0,0.0,0.0,8.0,0.0,False,1.0,3.0,0.0,6.0,0.0,0.0,0.0,0.0,False,True,True,False,,stain,30026,False,False,0,0,,,,False,
wood,1.0,0.0,0.0,8.0,0.0,False,1.0,3.0,0.0,6.0,0.0,0.0,0.0,0.0,False,True,True,False,,seam,30027,False,False,0,0,,,,False,
wood,1.0,0.0,0.0,8.0,0.0,False,1.0,3.0,0.0,6.0,0.0,0.0,0.0,0.0,False,True,True,False,coin_1yen,,30028,True,True,0,0,1.4492912878596957,measured,18.11456441826624,False,9.840125074045805
wood,1.0,0.0,0.0,8.0,0.0,False,1.0,3.0,0.0,6.0,0.0,0.0,0.0,0.0,False,True,True,False,coin_10yen,,30029,True,True,0,0,0.7138573149745344,measured,17.25584276884454,False,17.249025204540864
wood,1.0,0.0,0.0,8.0,0.0,False,1.0,3.0,0.0,6.0,0.0,0.0,0.0,0.0,False,True,True,False,button_cr2032,,30030,True,True,0,0,,specular_break,18.044558841353275,True,9.959604682297734
wood,1.0,0.0,0.0,8.0,0.0,False,1.0,3.0,0.0,6.0,0.0,0.0,0.0,0.0,False,True,True,False,button_lr44,,30031,True,True,0,0,,specular_break,11.3035564614908,True,6.036083621791861
wood,1.0,0.0,0.0,8.0,0.0,False,1.0,3.0,0.0,6.0,0.0,0.0,0.0,0.0,False,True,True,False,bead_6,,30032,True,True,0,0,,specular_break,7.016474926067647,True,10.847446811171242
wood,1.0,0.0,0.0,8.0,0.0,False,1.0,3.0,0.0,6.0,0.0,0.0,0.0,0.0,False,True,True,False,bead_10_dark,,30033,True,True,0,0,,specular_break,12.528535687384746,True,5.456600060846932
wood,1.0,0.0,0.0,8.0,0.0,False,1.0,3.0,0.0,6.0,0.0,0.0,0.0,0.0,False,True,True,False,magnet_disc_10x3,,30034,True,True,0,0,,specular_break,9.74506867948072,True,4.033380273372316
wood,1.0,0.0,0.0,8.0,0.0,False,1.0,3.0,0.0,6.0,0.0,0.0,0.0,0.0,False,True,True,False,magnet_ball_5,,30035,True,True,0,0,,specular_break,4.571729669037944,True,9.682660026993428
wood,1.0,0.0,0.0,8.0,0.0,False,1.0,3.0,0.0,6.0,0.0,0.0,0.0,0.0,False,True,True,False,pill_8,,30036,True,True,0,0,2.3962365471243743,measured,7.944089997855948,False,4.151590824992903
wood,1.0,0.0,0.0,8.0,0.0,False,1.0,3.0,0.0,6.0,0.0,0.0,0.0,0.0,False,True,True,False,plastic_part_8,,30037,True,True,0,0,2.8712190864802114,measured,8.106992168545604,True,4.1981705199765065
wood,1.0,0.0,0.0,8.0,0.0,False,1.0,3.0,0.0,6.0,0.0,0.0,0.0,0.0,False,True,True,False,floor_colored_12,,30038,True,True,0,0,0.39334776875449684,measured,11.501975574875376,False,5.70909994026106
wood,1.0,0.0,0.0,8.0,0.0,False,1.0,3.0,0.0,6.0,0.0,0.0,0.0,0.0,False,True,True,False,,empty,30039,False,False,0,0,,,,False,
wood,1.0,0.0,0.0,8.0,0.0,False,1.0,3.0,0.0,6.0,0.0,0.0,0.0,0.0,False,True,True,False,,stain,30040,False,False,0,0,,,,False,
wood,1.0,0.0,0.0,8.0,0.0,False,1.0,3.0,0.0,6.0,0.0,0.0,0.0,0.0,False,True,True,False,,seam,30041,False,False,0,0,,,,False,
wood,1.0,0.0,0.0,8.0,0.0,False,2.0,3.0,0.0,6.0,0.0,0.0,0.0,0.0,False,True,True,False,coin_1yen,,31000,True,True,0,0,1.4510436378785592,measured,18.07118617816445,False,9.870921375959707
wood,1.0,0.0,0.0,8.0,0.0,False,2.0,3.0,0.0,6.0,0.0,0.0,0.0,0.0,False,True,True,False,coin_10yen,,31001,True,True,0,0,0.7650474486551406,measured,17.23706467444053,False,12.927456995255065
wood,1.0,0.0,0.0,8.0,0.0,False,2.0,3.0,0.0,6.0,0.0,0.0,0.0,0.0,False,True,True,False,button_cr2032,,31002,True,True,0,0,,specular_break,18.198888559787324,True,10.044997920157156
wood,1.0,0.0,0.0,8.0,0.0,False,2.0,3.0,0.0,6.0,0.0,0.0,0.0,0.0,False,True,True,False,button_lr44,,31003,True,True,0,0,,specular_break,11.24736567142311,True,5.925771526181195
wood,1.0,0.0,0.0,8.0,0.0,False,2.0,3.0,0.0,6.0,0.0,0.0,0.0,0.0,False,True,True,False,bead_6,,31004,True,True,0,0,,specular_break,6.59204638429934,True,19.32930739579716
wood,1.0,0.0,0.0,8.0,0.0,False,2.0,3.0,0.0,6.0,0.0,0.0,0.0,0.0,False,True,True,False,bead_10_dark,,31005,True,True,0,0,1.394797761571711,measured,12.296236151775553,True,5.719225174730836
wood,1.0,0.0,0.0,8.0,0.0,False,2.0,3.0,0.0,6.0,0.0,0.0,0.0,0.0,False,True,True,False,magnet_disc_10x3,,31006,True,True,0,0,,specular_break,9.694998753298558,True,3.6842724133002194
wood,1.0,0.0,0.0,8.0,0.0,False,2.0,3.0,0.0,6.0,0.0,0.0,0.0,0.0,False,True,True,False,magnet_ball_5,,31007,True,True,0,0,,specular_break,5.052753496613724,True,0.903199671433536
wood,1.0,0.0,0.0,8.0,0.0,False,2.0,3.0,0.0,6.0,0.0,0.0,0.0,0.0,False,True,True,False,pill_8,,31008,True,True,0,0,2.331750353423562,measured,7.8188178094282215,False,4.306407298790632
wood,1.0,0.0,0.0,8.0,0.0,False,2.0,3.0,0.0,6.0,0.0,0.0,0.0,0.0,False,True,True,False,plastic_part_8,,31009,True,True,0,0,2.77981710812095,measured,8.147904198622024,True,4.074164188022497
wood,1.0,0.0,0.0,8.0,0.0,False,2.0,3.0,0.0,6.0,0.0,0.0,0.0,0.0,False,True,True,False,floor_colored_12,,31010,True,True,0,0,0.5294988239535368,measured,11.560214501709979,False,6.105834791576057
wood,1.0,0.0,0.0,8.0,0.0,False,2.0,3.0,0.0,6.0,0.0,0.0,0.0,0.0,False,True,True,False,,empty,31011,False,False,0,0,,,,False,
wood,1.0,0.0,0.0,8.0,0.0,False,2.0,3.0,0.0,6.0,0.0,0.0,0.0,0.0,False,True,True,False,,stain,31012,False,False,0,0,,,,False,
wood,1.0,0.0,0.0,8.0,0.0,False,2.0,3.0,0.0,6.0,0.0,0.0,0.0,0.0,False,True,True,False,,seam,31013,False,False,0,0,,,,False,
wood,1.0,0.0,0.0,8.0,0.0,False,2.0,3.0,0.0,6.0,0.0,0.0,0.0,0.0,False,True,True,False,coin_1yen,,31014,True,True,0,0,1.4312719891092467,measured,18.454728851341912,False,10.320612227220812
wood,1.0,0.0,0.0,8.0,0.0,False,2.0,3.0,0.0,6.0,0.0,0.0,0.0,0.0,False,True,True,False,coin_10yen,,31015,True,True,0,0,0.6646422509003891,measured,17.253319061516244,False,20.320090063450333
wood,1.0,0.0,0.0,8.0,0.0,False,2.0,3.0,0.0,6.0,0.0,0.0,0.0,0.0,False,True,True,False,button_cr2032,,31016,True,True,0,0,,specular_break,18.103221895818308,True,10.23254279734101
wood,1.0,0.0,0.0,8.0,0.0,False,2.0,3.0,0.0,6.0,0.0,0.0,0.0,0.0,False,True,True,False,button_lr44,,31017,True,True,0,0,0.6541640278695713,measured,11.221871113905145,True,5.849605800877691
wood,1.0,0.0,0.0,8.0,0.0,False,2.0,3.0,0.0,6.0,0.0,0.0,0.0,0.0,False,True,True,False,bead_6,,31018,True,True,0,0,,specular_break,7.039370655557844,True,9.924278133411681
wood,1.0,0.0,0.0,8.0,0.0,False,2.0,3.0,0.0,6.0,0.0,0.0,0.0,0.0,False,True,True,False,bead_10_dark,,31019,True,True,0,0,,specular_break,13.042665205100938,True,5.352360564171825
wood,1.0,0.0,0.0,8.0,0.0,False,2.0,3.0,0.0,6.0,0.0,0.0,0.0,0.0,False,True,True,False,magnet_disc_10x3,,31020,True,True,0,0,,specular_break,9.49148461358347,True,3.643189082378072
wood,1.0,0.0,0.0,8.0,0.0,False,2.0,3.0,0.0,6.0,0.0,0.0,0.0,0.0,False,True,True,False,magnet_ball_5,,31021,True,True,0,0,,specular_break,4.644551793265891,True,7.54246853832065
wood,1.0,0.0,0.0,8.0,0.0,False,2.0,3.0,0.0,6.0,0.0,0.0,0.0,0.0,False,True,True,False,pill_8,,31022,True,True,0,0,2.3399616960919776,measured,7.693703168941822,False,4.292428091793924
wood,1.0,0.0,0.0,8.0,0.0,False,2.0,3.0,0.0,6.0,0.0,0.0,0.0,0.0,False,True,True,False,plastic_part_8,,31023,True,True,0,0,2.6973710667843047,measured,7.954849162272025,True,4.193777547957314
wood,1.0,0.0,0.0,8.0,0.0,False,2.0,3.0,0.0,6.0,0.0,0.0,0.0,0.0,False,True,True,False,floor_colored_12,,31024,True,True,0,0,0.45608584655851736,measured,11.455845406476994,False,6.08047453365144
wood,1.0,0.0,0.0,8.0,0.0,False,2.0,3.0,0.0,6.0,0.0,0.0,0.0,0.0,False,True,True,False,,empty,31025,False,False,0,0,,,,False,
wood,1.0,0.0,0.0,8.0,0.0,False,2.0,3.0,0.0,6.0,0.0,0.0,0.0,0.0,False,True,True,False,,stain,31026,False,False,0,0,,,,False,
wood,1.0,0.0,0.0,8.0,0.0,False,2.0,3.0,0.0,6.0,0.0,0.0,0.0,0.0,False,True,True,False,,seam,31027,False,False,0,0,,,,False,
wood,1.0,0.0,0.0,8.0,0.0,False,2.0,3.0,0.0,6.0,0.0,0.0,0.0,0.0,False,True,True,False,coin_1yen,,31028,True,True,0,0,1.454566643770658,measured,18.128907093891335,False,10.230571947578039
wood,1.0,0.0,0.0,8.0,0.0,False,2.0,3.0,0.0,6.0,0.0,0.0,0.0,0.0,False,True,True,False,coin_10yen,,31029,True,True,0,0,0.7245853161344264,measured,17.20686904132122,False,16.562418095635056
wood,1.0,0.0,0.0,8.0,0.0,False,2.0,3.0,0.0,6.0,0.0,0.0,0.0,0.0,False,True,True,False,button_cr2032,,31030,True,True,0,0,,specular_break,18.221889360180636,True,9.850655462893076
wood,1.0,0.0,0.0,8.0,0.0,False,2.0,3.0,0.0,6.0,0.0,0.0,0.0,0.0,False,True,True,False,button_lr44,,31031,True,True,0,0,0.5381097344868859,measured,11.426057774680176,True,6.212833936836056
wood,1.0,0.0,0.0,8.0,0.0,False,2.0,3.0,0.0,6.0,0.0,0.0,0.0,0.0,False,True,True,False,bead_6,,31032,True,True,0,0,,specular_break,6.963457627712448,True,11.982499338895684
wood,1.0,0.0,0.0,8.0,0.0,False,2.0,3.0,0.0,6.0,0.0,0.0,0.0,0.0,False,True,True,False,bead_10_dark,,31033,True,True,0,0,1.2022284506508445,measured,12.393411344328829,True,5.906196798390752
wood,1.0,0.0,0.0,8.0,0.0,False,2.0,3.0,0.0,6.0,0.0,0.0,0.0,0.0,False,True,True,False,magnet_disc_10x3,,31034,True,True,0,0,,specular_break,9.991420028082928,True,3.866569225725698
wood,1.0,0.0,0.0,8.0,0.0,False,2.0,3.0,0.0,6.0,0.0,0.0,0.0,0.0,False,True,True,False,magnet_ball_5,,31035,True,True,0,0,,specular_break,5.131449548024183,True,1.0687758720639957
wood,1.0,0.0,0.0,8.0,0.0,False,2.0,3.0,0.0,6.0,0.0,0.0,0.0,0.0,False,True,True,False,pill_8,,31036,True,True,0,0,2.4536256277550734,measured,7.868543132805274,False,3.9904139798951803
wood,1.0,0.0,0.0,8.0,0.0,False,2.0,3.0,0.0,6.0,0.0,0.0,0.0,0.0,False,True,True,False,plastic_part_8,,31037,True,True,0,0,2.8251273889409045,measured,7.830924490116615,True,4.106932697047253
wood,1.0,0.0,0.0,8.0,0.0,False,2.0,3.0,0.0,6.0,0.0,0.0,0.0,0.0,False,True,True,False,floor_colored_12,,31038,True,True,0,0,0.5331463295670016,measured,11.303225811059171,False,6.032123480665978
wood,1.0,0.0,0.0,8.0,0.0,False,2.0,3.0,0.0,6.0,0.0,0.0,0.0,0.0,False,True,True,False,,empty,31039,False,False,0,0,,,,False,
wood,1.0,0.0,0.0,8.0,0.0,False,2.0,3.0,0.0,6.0,0.0,0.0,0.0,0.0,False,True,True,False,,stain,31040,False,False,0,0,,,,False,
wood,1.0,0.0,0.0,8.0,0.0,False,2.0,3.0,0.0,6.0,0.0,0.0,0.0,0.0,False,True,True,False,,seam,31041,False,False,0,0,,,,False,
wood,1.0,0.0,0.0,8.0,0.0,False,0.0,3.0,0.0,6.0,0.0,0.0,0.0,0.0,False,True,True,False,coin_1yen,,32000,True,True,0,0,1.4494737742909347,measured,18.022219125418566,False,9.897307035378573
wood,1.0,0.0,0.0,8.0,0.0,False,0.0,3.0,0.0,6.0,0.0,0.0,0.0,0.0,False,True,True,False,coin_10yen,,32001,True,True,0,0,0.622774221050733,measured,17.171698987392723,False,20.230655654391747
wood,1.0,0.0,0.0,8.0,0.0,False,0.0,3.0,0.0,6.0,0.0,0.0,0.0,0.0,False,True,True,False,button_cr2032,,32002,True,True,0,0,,specular_break,17.910706666171183,True,9.960838700486677
wood,1.0,0.0,0.0,8.0,0.0,False,0.0,3.0,0.0,6.0,0.0,0.0,0.0,0.0,False,True,True,False,button_lr44,,32003,True,True,0,0,,specular_break,11.344530436399289,True,5.924953589332017
wood,1.0,0.0,0.0,8.0,0.0,False,0.0,3.0,0.0,6.0,0.0,0.0,0.0,0.0,False,True,True,False,bead_6,,32004,True,True,0,0,,specular_break,7.0070374696943585,True,13.820056900025136
wood,1.0,0.0,0.0,8.0,0.0,False,0.0,3.0,0.0,6.0,0.0,0.0,0.0,0.0,False,True,True,False,bead_10_dark,,32005,True,True,0,0,,specular_break,12.732531468226998,True,5.248088043955925
wood,1.0,0.0,0.0,8.0,0.0,False,0.0,3.0,0.0,6.0,0.0,0.0,0.0,0.0,False,True,True,False,magnet_disc_10x3,,32006,True,True,0,0,,specular_break,9.8133627469846,True,3.1836174749564004
wood,1.0,0.0,0.0,8.0,0.0,False,0.0,3.0,0.0,6.0,0.0,0.0,0.0,0.0,False,True,True,False,magnet_ball_5,,32007,True,True,0,0,,specular_break,4.664388627189709,True,10.182953156293205
wood,1.0,0.0,0.0,8.0,0.0,False,0.0,3.0,0.0,6.0,0.0,0.0,0.0,0.0,False,True,True,False,pill_8,,32008,True,True,0,0,2.4300459769492626,measured,7.770093238248508,False,4.083367188682399
wood,1.0,0.0,0.0,8.0,0.0,False,0.0,3.0,0.0,6.0,0.0,0.0,0.0,0.0,False,True,True,False,plastic_part_8,,32009,True,True,0,0,2.7443388697243716,measured,8.245263659909286,True,4.644584892831092
wood,1.0,0.0,0.0,8.0,0.0,False,0.0,3.0,0.0,6.0,0.0,0.0,0.0,0.0,False,True,True,False,floor_colored_12,,32010,True,True,0,0,0.5587762844425388,measured,11.531089305029964,False,5.902702233661796
wood,1.0,0.0,0.0,8.0,0.0,False,0.0,3.0,0.0,6.0,0.0,0.0,0.0,0.0,False,True,True,False,,empty,32011,False,False,0,0,,,,False,
wood,1.0,0.0,0.0,8.0,0.0,False,0.0,3.0,0.0,6.0,0.0,0.0,0.0,0.0,False,True,True,False,,stain,32012,False,False,0,0,,,,False,
wood,1.0,0.0,0.0,8.0,0.0,False,0.0,3.0,0.0,6.0,0.0,0.0,0.0,0.0,False,True,True,False,,seam,32013,False,False,0,0,,,,False,
wood,1.0,0.0,0.0,8.0,0.0,False,0.0,3.0,0.0,6.0,0.0,0.0,0.0,0.0,False,True,True,False,coin_1yen,,32014,True,True,0,0,1.454581697218714,measured,17.88889276356752,False,10.072816823300116
wood,1.0,0.0,0.0,8.0,0.0,False,0.0,3.0,0.0,6.0,0.0,0.0,0.0,0.0,False,True,True,False,coin_10yen,,32015,True,True,0,0,0.7362026803731307,measured,17.189637254710973,False,15.078188787488216
wood,1.0,0.0,0.0,8.0,0.0,False,0.0,3.0,0.0,6.0,0.0,0.0,0.0,0.0,False,True,True,False,button_cr2032,,32016,True,True,0,0,,specular_break,18.420658002637037,True,9.85463715757911
wood,1.0,0.0,0.0,8.0,0.0,False,0.0,3.0,0.0,6.0,0.0,0.0,0.0,0.0,False,True,True,False,button_lr44,,32017,True,True,0,0,0.6334036515645831,measured,11.392801825904987,True,6.016693402954963
wood,1.0,0.0,0.0,8.0,0.0,False,0.0,3.0,0.0,6.0,0.0,0.0,0.0,0.0,False,True,True,False,bead_6,,32018,True,True,0,0,,specular_break,6.691764128310685,True,17.278764334113998
wood,1.0,0.0,0.0,8.0,0.0,False,0.0,3.0,0.0,6.0,0.0,0.0,0.0,0.0,False,True,True,False,bead_10_dark,,32019,True,True,0,0,,specular_break,12.225812933976082,True,5.606912955925462
wood,1.0,0.0,0.0,8.0,0.0,False,0.0,3.0,0.0,6.0,0.0,0.0,0.0,0.0,False,True,True,False,magnet_disc_10x3,,32020,True,True,0,0,,specular_break,9.839777548242525,True,3.7423541920820185
wood,1.0,0.0,0.0,8.0,0.0,False,0.0,3.0,0.0,6.0,0.0,0.0,0.0,0.0,False,True,True,False,magnet_ball_5,,32021,True,True,0,0,,specular_break,4.541391207075924,True,7.480267474447239
wood,1.0,0.0,0.0,8.0,0.0,False,0.0,3.0,0.0,6.0,0.0,0.0,0.0,0.0,False,True,True,False,pill_8,,32022,True,True,0,0,2.3968213501720914,measured,7.88303851608376,False,4.074518244916432
wood,1.0,0.0,0.0,8.0,0.0,False,0.0,3.0,0.0,6.0,0.0,0.0,0.0,0.0,False,True,True,False,plastic_part_8,,32023,True,True,0,0,2.766525750817472,measured,7.8744008516865165,True,4.338562376511334
wood,1.0,0.0,0.0,8.0,0.0,False,0.0,3.0,0.0,6.0,0.0,0.0,0.0,0.0,False,True,True,False,floor_colored_12,,32024,True,True,0,0,0.5559297466066813,measured,11.228526220667733,False,5.843944217168489
wood,1.0,0.0,0.0,8.0,0.0,False,0.0,3.0,0.0,6.0,0.0,0.0,0.0,0.0,False,True,True,False,,empty,32025,False,False,0,0,,,,False,
wood,1.0,0.0,0.0,8.0,0.0,False,0.0,3.0,0.0,6.0,0.0,0.0,0.0,0.0,False,True,True,False,,stain,32026,False,False,0,0,,,,False,
wood,1.0,0.0,0.0,8.0,0.0,False,0.0,3.0,0.0,6.0,0.0,0.0,0.0,0.0,False,True,True,False,,seam,32027,False,False,0,0,,,,False,
wood,1.0,0.0,0.0,8.0,0.0,False,0.0,3.0,0.0,6.0,0.0,0.0,0.0,0.0,False,True,True,False,coin_1yen,,32028,True,True,0,0,1.4696184065635638,measured,18.005307926956057,False,10.239457020885386
wood,1.0,0.0,0.0,8.0,0.0,False,0.0,3.0,0.0,6.0,0.0,0.0,0.0,0.0,False,True,True,False,coin_10yen,,32029,True,True,0,0,0.7793015516472312,measured,17.257800172238742,False,13.210193564147644
wood,1.0,0.0,0.0,8.0,0.0,False,0.0,3.0,0.0,6.0,0.0,0.0,0.0,0.0,False,True,True,False,button_cr2032,,32030,True,True,0,0,,specular_break,17.87463367655386,True,9.897592571609648
wood,1.0,0.0,0.0,8.0,0.0,False,0.0,3.0,0.0,6.0,0.0,0.0,0.0,0.0,False,True,True,False,button_lr44,,32031,True,True,0,0,,specular_break,11.330468999364578,True,5.875539813202811
wood,1.0,0.0,0.0,8.0,0.0,False,0.0,3.0,0.0,6.0,0.0,0.0,0.0,0.0,False,True,True,False,bead_6,,32032,True,True,0,0,,specular_break,6.968586683112658,True,12.674572828423983
wood,1.0,0.0,0.0,8.0,0.0,False,0.0,3.0,0.0,6.0,0.0,0.0,0.0,0.0,False,True,True,False,bead_10_dark,,32033,True,True,0,0,0.6967787964492054,measured,12.24705805813009,True,5.827471667788458
wood,1.0,0.0,0.0,8.0,0.0,False,0.0,3.0,0.0,6.0,0.0,0.0,0.0,0.0,False,True,True,False,magnet_disc_10x3,,32034,True,True,0,0,,specular_break,9.926340948109297,True,3.3082639063845676
wood,1.0,0.0,0.0,8.0,0.0,False,0.0,3.0,0.0,6.0,0.0,0.0,0.0,0.0,False,True,True,False,magnet_ball_5,,32035,True,True,0,0,,specular_break,4.550983788532015,True,2.2757556728659916
wood,1.0,0.0,0.0,8.0,0.0,False,0.0,3.0,0.0,6.0,0.0,0.0,0.0,0.0,False,True,True,False,pill_8,,32036,True,True,0,0,2.4826433948090063,measured,7.97643979338169,False,3.9263582716340957
wood,1.0,0.0,0.0,8.0,0.0,False,0.0,3.0,0.0,6.0,0.0,0.0,0.0,0.0,False,True,True,False,plastic_part_8,,32037,True,True,0,0,2.857185176617195,measured,7.853547301675656,True,4.2230248950998295
wood,1.0,0.0,0.0,8.0,0.0,False,0.0,3.0,0.0,6.0,0.0,0.0,0.0,0.0,False,True,True,False,floor_colored_12,,32038,True,True,0,0,0.5730316234787463,measured,11.253906422482213,False,5.734586043681493
wood,1.0,0.0,0.0,8.0,0.0,False,0.0,3.0,0.0,6.0,0.0,0.0,0.0,0.0,False,True,True,False,,empty,32039,False,False,0,0,,,,False,
wood,1.0,0.0,0.0,8.0,0.0,False,0.0,3.0,0.0,6.0,0.0,0.0,0.0,0.0,False,True,True,False,,stain,32040,False,False,0,0,,,,False,
wood,1.0,0.0,0.0,8.0,0.0,False,0.0,3.0,0.0,6.0,0.0,0.0,0.0,0.0,False,True,True,False,,seam,32041,False,False,0,0,,,,False,
wood,1.0,0.0,0.0,8.0,0.0,False,0.0,1.5,0.0,6.0,0.0,0.0,0.0,0.0,False,True,True,False,coin_1yen,,33000,True,True,0,0,1.4826831724699332,measured,18.337782413676894,False,10.049655302577946
wood,1.0,0.0,0.0,8.0,0.0,False,0.0,1.5,0.0,6.0,0.0,0.0,0.0,0.0,False,True,True,False,coin_10yen,,33001,True,True,0,0,0.7424753075753312,measured,17.264674084891443,False,19.23007395018594
wood,1.0,0.0,0.0,8.0,0.0,False,0.0,1.5,0.0,6.0,0.0,0.0,0.0,0.0,False,True,True,False,button_cr2032,,33002,True,True,0,0,,specular_break,18.373433724377325,True,10.176509629409283
wood,1.0,0.0,0.0,8.0,0.0,False,0.0,1.5,0.0,6.0,0.0,0.0,0.0,0.0,False,True,True,False,button_lr44,,33003,True,True,0,0,,specular_break,11.44893226446923,True,6.107120274423756
wood,1.0,0.0,0.0,8.0,0.0,False,0.0,1.5,0.0,6.0,0.0,0.0,0.0,0.0,False,True,True,False,bead_6,,33004,True,True,0,0,,specular_break,7.050162213626235,True,12.07151440135969
wood,1.0,0.0,0.0,8.0,0.0,False,0.0,1.5,0.0,6.0,0.0,0.0,0.0,0.0,False,True,True,False,bead_10_dark,,33005,True,True,0,0,,specular_break,12.248052098517984,True,5.617113384234353
wood,1.0,0.0,0.0,8.0,0.0,False,0.0,1.5,0.0,6.0,0.0,0.0,0.0,0.0,False,True,True,False,magnet_disc_10x3,,33006,True,True,0,0,,specular_break,9.783393978464021,True,3.8320759016417156
wood,1.0,0.0,0.0,8.0,0.0,False,0.0,1.5,0.0,6.0,0.0,0.0,0.0,0.0,False,True,True,False,magnet_ball_5,,33007,True,True,0,0,,specular_break,4.663491788948856,True,11.246300776101606
wood,1.0,0.0,0.0,8.0,0.0,False,0.0,1.5,0.0,6.0,0.0,0.0,0.0,0.0,False,True,True,False,pill_8,,33008,True,True,0,0,2.415856493618435,measured,7.768161073978964,True,4.045408578903531
wood,1.0,0.0,0.0,8.0,0.0,False,0.0,1.5,0.0,6.0,0.0,0.0,0.0,0.0,False,True,True,False,plastic_part_8,,33009,True,True,0,0,2.5829908461440265,measured,8.090830834477991,True,4.127874721731684
wood,1.0,0.0,0.0,8.0,0.0,False,0.0,1.5,0.0,6.0,0.0,0.0,0.0,0.0,False,True,True,False,floor_colored_12,,33010,True,True,0,0,0.7189107445290261,measured,11.285462248659446,False,5.794918630081313
wood,1.0,0.0,0.0,8.0,0.0,False,0.0,1.5,0.0,6.0,0.0,0.0,0.0,0.0,False,True,True,False,,empty,33011,False,False,0,0,,,,False,
wood,1.0,0.0,0.0,8.0,0.0,False,0.0,1.5,0.0,6.0,0.0,0.0,0.0,0.0,False,True,True,False,,stain,33012,False,False,0,0,,,,False,
wood,1.0,0.0,0.0,8.0,0.0,False,0.0,1.5,0.0,6.0,0.0,0.0,0.0,0.0,False,True,True,False,,seam,33013,False,False,0,0,,,,False,
wood,1.0,0.0,0.0,8.0,0.0,False,0.0,1.5,0.0,6.0,0.0,0.0,0.0,0.0,False,True,True,False,coin_1yen,,33014,True,True,0,0,1.4952124612951199,measured,18.15511415960012,False,9.998554254414435
wood,1.0,0.0,0.0,8.0,0.0,False,0.0,1.5,0.0,6.0,0.0,0.0,0.0,0.0,False,True,True,False,coin_10yen,,33015,True,True,0,0,0.4895439684082241,measured,17.218290974729566,False,21.633047117465946
wood,1.0,0.0,0.0,8.0,0.0,False,0.0,1.5,0.0,6.0,0.0,0.0,0.0,0.0,False,True,True,False,button_cr2032,,33016,True,True,0,0,,specular_break,17.907635167792336,True,9.831261950622833
wood,1.0,0.0,0.0,8.0,0.0,False,0.0,1.5,0.0,6.0,0.0,0.0,0.0,0.0,False,True,True,False,button_lr44,,33017,True,True,0,0,,specular_break,11.437754267111151,True,6.113076089511141
wood,1.0,0.0,0.0,8.0,0.0,False,0.0,1.5,0.0,6.0,0.0,0.0,0.0,0.0,False,True,True,False,bead_6,,33018,True,True,0,0,,specular_break,7.065965685029716,True,14.288536680640785
wood,1.0,0.0,0.0,8.0,0.0,False,0.0,1.5,0.0,6.0,0.0,0.0,0.0,0.0,False,True,True,False,bead_10_dark,,33019,True,True,0,0,,specular_break,12.40109026536423,True,5.4920945979694125
wood,1.0,0.0,0.0,8.0,0.0,False,0.0,1.5,0.0,6.0,0.0,0.0,0.0,0.0,False,True,True,False,magnet_disc_10x3,,33020,True,True,0,0,,specular_break,9.66850172081934,True,3.5161478537060047
wood,1.0,0.0,0.0,8.0,0.0,False,0.0,1.5,0.0,6.0,0.0,0.0,0.0,0.0,False,True,True,False,magnet_ball_5,,33021,True,True,0,0,,specular_break,4.974156373590448,True,1.7801135669534667
wood,1.0,0.0,0.0,8.0,0.0,False,0.0,1.5,0.0,6.0,0.0,0.0,0.0,0.0,False,True,True,False,pill_8,,33022,True,True,0,0,2.441043086683502,measured,7.966418710799345,True,4.1475282499220905
wood,1.0,0.0,0.0,8.0,0.0,False,0.0,1.5,0.0,6.0,0.0,0.0,0.0,0.0,False,True,True,False,plastic_part_8,,33023,True,True,0,0,2.503455807292644,measured,7.874620178202017,True,4.009916533160663
wood,1.0,0.0,0.0,8.0,0.0,False,0.0,1.5,0.0,6.0,0.0,0.0,0.0,0.0,False,True,True,False,floor_colored_12,,33024,True,True,0,0,0.5564444090037881,measured,11.467252171476698,False,5.638702975450042
wood,1.0,0.0,0.0,8.0,0.0,False,0.0,1.5,0.0,6.0,0.0,0.0,0.0,0.0,False,True,True,False,,empty,33025,False,False,0,0,,,,False,
wood,1.0,0.0,0.0,8.0,0.0,False,0.0,1.5,0.0,6.0,0.0,0.0,0.0,0.0,False,True,True,False,,stain,33026,False,False,0,0,,,,False,
wood,1.0,0.0,0.0,8.0,0.0,False,0.0,1.5,0.0,6.0,0.0,0.0,0.0,0.0,False,True,True,False,,seam,33027,False,False,0,0,,,,False,
wood,1.0,0.0,0.0,8.0,0.0,False,0.0,1.5,0.0,6.0,0.0,0.0,0.0,0.0,False,True,True,False,coin_1yen,,33028,True,True,0,0,1.4887792561345226,measured,18.44854859343007,False,9.764752465867259
wood,1.0,0.0,0.0,8.0,0.0,False,0.0,1.5,0.0,6.0,0.0,0.0,0.0,0.0,False,True,True,False,coin_10yen,,33029,True,True,0,0,0.7397470307167371,measured,17.204995171997144,False,15.565436426190665
wood,1.0,0.0,0.0,8.0,0.0,False,0.0,1.5,0.0,6.0,0.0,0.0,0.0,0.0,False,True,True,False,button_cr2032,,33030,True,True,0,0,,specular_break,18.500530238731038,True,10.10371951560925
wood,1.0,0.0,0.0,8.0,0.0,False,0.0,1.5,0.0,6.0,0.0,0.0,0.0,0.0,False,True,True,False,button_lr44,,33031,True,True,0,0,,specular_break,11.39107567721801,True,6.046376288892082
wood,1.0,0.0,0.0,8.0,0.0,False,0.0,1.5,0.0,6.0,0.0,0.0,0.0,0.0,False,True,True,False,bead_6,,33032,True,True,0,0,,specular_break,6.473985551155462,True,20.35306930751475
wood,1.0,0.0,0.0,8.0,0.0,False,0.0,1.5,0.0,6.0,0.0,0.0,0.0,0.0,False,True,True,False,bead_10_dark,,33033,True,True,0,0,,specular_break,12.61144503422674,True,5.4658640566831025
wood,1.0,0.0,0.0,8.0,0.0,False,0.0,1.5,0.0,6.0,0.0,0.0,0.0,0.0,False,True,True,False,magnet_disc_10x3,,33034,True,True,0,0,,specular_break,9.792604710889545,True,2.8283288449755246
wood,1.0,0.0,0.0,8.0,0.0,False,0.0,1.5,0.0,6.0,0.0,0.0,0.0,0.0,False,True,True,False,magnet_ball_5,,33035,True,True,0,0,,specular_break,4.658728526166588,True,11.726378245159461
wood,1.0,0.0,0.0,8.0,0.0,False,0.0,1.5,0.0,6.0,0.0,0.0,0.0,0.0,False,True,True,False,pill_8,,33036,True,True,0,0,2.5290708419698635,measured,8.02561022666796,True,3.9161623698852193
wood,1.0,0.0,0.0,8.0,0.0,False,0.0,1.5,0.0,6.0,0.0,0.0,0.0,0.0,False,True,True,False,plastic_part_8,,33037,True,True,0,0,2.4915817708419254,measured,7.8713261149228755,True,4.142813975990961
wood,1.0,0.0,0.0,8.0,0.0,False,0.0,1.5,0.0,6.0,0.0,0.0,0.0,0.0,False,True,True,False,floor_colored_12,,33038,True,True,0,0,0.5502651527926812,measured,11.554089391063734,False,5.601435448738371
wood,1.0,0.0,0.0,8.0,0.0,False,0.0,1.5,0.0,6.0,0.0,0.0,0.0,0.0,False,True,True,False,,empty,33039,False,False,0,0,,,,False,
wood,1.0,0.0,0.0,8.0,0.0,False,0.0,1.5,0.0,6.0,0.0,0.0,0.0,0.0,False,True,True,False,,stain,33040,False,False,0,0,,,,False,
wood,1.0,0.0,0.0,8.0,0.0,False,0.0,1.5,0.0,6.0,0.0,0.0,0.0,0.0,False,True,True,False,,seam,33041,False,False,0,0,,,,False,
wood,1.0,0.0,0.0,8.0,0.0,False,0.0,5.0,0.0,6.0,0.0,0.0,0.0,0.0,False,True,True,False,coin_1yen,,34000,True,True,0,0,1.4756912904772488,measured,17.75827055938531,False,10.101398277322147
wood,1.0,0.0,0.0,8.0,0.0,False,0.0,5.0,0.0,6.0,0.0,0.0,0.0,0.0,False,True,True,False,coin_10yen,,34001,True,True,0,0,0.5826224409513792,measured,17.142817664007577,False,20.361770636564767
wood,1.0,0.0,0.0,8.0,0.0,False,0.0,5.0,0.0,6.0,0.0,0.0,0.0,0.0,False,True,True,False,button_cr2032,,34002,True,True,0,0,,specular_break,18.76126147216513,True,9.891823939401162
wood,1.0,0.0,0.0,8.0,0.0,False,0.0,5.0,0.0,6.0,0.0,0.0,0.0,0.0,False,True,True,False,button_lr44,,34003,True,True,0,0,,specular_break,11.546938474724664,True,5.824778257805448
wood,1.0,0.0,0.0,8.0,0.0,False,0.0,5.0,0.0,6.0,0.0,0.0,0.0,0.0,False,True,True,False,bead_6,,34004,True,True,0,0,1.270114579424117,measured,6.814655224189685,True,16.6695916664437
wood,1.0,0.0,0.0,8.0,0.0,False,0.0,5.0,0.0,6.0,0.0,0.0,0.0,0.0,False,True,True,False,bead_10_dark,,34005,True,True,0,0,1.866930039999346,measured,12.80910158992512,True,5.410832005201013
wood,1.0,0.0,0.0,8.0,0.0,False,0.0,5.0,0.0,6.0,0.0,0.0,0.0,0.0,False,True,True,False,magnet_disc_10x3,,34006,True,True,0,0,,specular_break,9.819324403913066,True,3.28574755599999
wood,1.0,0.0,0.0,8.0,0.0,False,0.0,5.0,0.0,6.0,0.0,0.0,0.0,0.0,False,True,True,False,magnet_ball_5,,34007,True,True,0,0,,specular_break,5.013720441523792,True,1.7434071108295384
wood,1.0,0.0,0.0,8.0,0.0,False,0.0,5.0,0.0,6.0,0.0,0.0,0.0,0.0,False,True,True,False,pill_8,,34008,True,True,0,0,2.0132079599666053,measured,7.918064762021933,False,3.995068229829472
wood,1.0,0.0,0.0,8.0,0.0,False,0.0,5.0,0.0,6.0,0.0,0.0,0.0,0.0,False,True,True,False,plastic_part_8,,34009,True,True,0,0,2.4876360855031816,measured,7.741037533735176,False,4.1057123307961865
wood,1.0,0.0,0.0,8.0,0.0,False,0.0,5.0,0.0,6.0,0.0,0.0,0.0,0.0,False,True,True,False,floor_colored_12,,34010,True,True,0,0,0.4696070542777182,measured,11.272726494894275,False,5.699091020804403
wood,1.0,0.0,0.0,8.0,0.0,False,0.0,5.0,0.0,6.0,0.0,0.0,0.0,0.0,False,True,True,False,,empty,34011,False,False,0,0,,,,False,
wood,1.0,0.0,0.0,8.0,0.0,False,0.0,5.0,0.0,6.0,0.0,0.0,0.0,0.0,False,True,True,False,,stain,34012,False,False,0,0,,,,False,
wood,1.0,0.0,0.0,8.0,0.0,False,0.0,5.0,0.0,6.0,0.0,0.0,0.0,0.0,False,True,True,False,,seam,34013,False,False,0,0,,,,False,
wood,1.0,0.0,0.0,8.0,0.0,False,0.0,5.0,0.0,6.0,0.0,0.0,0.0,0.0,False,True,True,False,coin_1yen,,34014,True,True,0,0,1.511005156575136,measured,18.418169483545928,False,9.996696371161741
wood,1.0,0.0,0.0,8.0,0.0,False,0.0,5.0,0.0,6.0,0.0,0.0,0.0,0.0,False,True,True,False,coin_10yen,,34015,True,True,0,0,0.45792775747546166,measured,17.161957945081394,False,21.58556401059335
wood,1.0,0.0,0.0,8.0,0.0,False,0.0,5.0,0.0,6.0,0.0,0.0,0.0,0.0,False,True,True,False,button_cr2032,,34016,True,True,0,0,1.751707855565531,measured,17.876725518882512,True,9.962759749152452
wood,1.0,0.0,0.0,8.0,0.0,False,0.0,5.0,0.0,6.0,0.0,0.0,0.0,0.0,False,True,True,False,button_lr44,,34017,True,True,0,0,1.9392074956501286,measured,11.228009740621097,True,6.072674172029096
wood,1.0,0.0,0.0,8.0,0.0,False,0.0,5.0,0.0,6.0,0.0,0.0,0.0,0.0,False,True,True,False,bead_6,,34018,True,True,0,0,1.2503137268117648,measured,6.978459566530404,True,11.978645701092594
wood,1.0,0.0,0.0,8.0,0.0,False,0.0,5.0,0.0,6.0,0.0,0.0,0.0,0.0,False,True,True,False,bead_10_dark,,34019,True,True,0,0,,specular_break,12.624581927866021,True,5.4049114598646
wood,1.0,0.0,0.0,8.0,0.0,False,0.0,5.0,0.0,6.0,0.0,0.0,0.0,0.0,False,True,True,False,magnet_disc_10x3,,34020,True,True,0,0,,specular_break,9.826483016089949,True,3.158296282958199
wood,1.0,0.0,0.0,8.0,0.0,False,0.0,5.0,0.0,6.0,0.0,0.0,0.0,0.0,False,True,True,False,magnet_ball_5,,34021,True,True,0,0,,specular_break,4.5660123094311995,True,7.997076551847779
wood,1.0,0.0,0.0,8.0,0.0,False,0.0,5.0,0.0,6.0,0.0,0.0,0.0,0.0,False,True,True,False,pill_8,,34022,True,True,0,0,2.0601406221055694,measured,7.980475920755381,False,3.9310120728348603
wood,1.0,0.0,0.0,8.0,0.0,False,0.0,5.0,0.0,6.0,0.0,0.0,0.0,0.0,False,True,True,False,plastic_part_8,,34023,True,True,0,0,2.350458759135778,measured,8.000997933981067,False,4.315432893645749
wood,1.0,0.0,0.0,8.0,0.0,False,0.0,5.0,0.0,6.0,0.0,0.0,0.0,0.0,False,True,True,False,floor_colored_12,,34024,True,True,0,0,0.47194069714698195,measured,11.4460773625517,False,5.739657478963579
wood,1.0,0.0,0.0,8.0,0.0,False,0.0,5.0,0.0,6.0,0.0,0.0,0.0,0.0,False,True,True,False,,empty,34025,False,False,0,0,,,,False,
wood,1.0,0.0,0.0,8.0,0.0,False,0.0,5.0,0.0,6.0,0.0,0.0,0.0,0.0,False,True,True,False,,stain,34026,False,False,0,0,,,,False,
wood,1.0,0.0,0.0,8.0,0.0,False,0.0,5.0,0.0,6.0,0.0,0.0,0.0,0.0,False,True,True,False,,seam,34027,False,False,0,0,,,,False,
wood,1.0,0.0,0.0,8.0,0.0,False,0.0,5.0,0.0,6.0,0.0,0.0,0.0,0.0,False,True,True,False,coin_1yen,,34028,True,True,0,0,1.4826538317146234,measured,17.76429441538396,False,9.946748456197811
wood,1.0,0.0,0.0,8.0,0.0,False,0.0,5.0,0.0,6.0,0.0,0.0,0.0,0.0,False,True,True,False,coin_10yen,,34029,True,True,0,0,0.7252430207837577,measured,17.215182292688834,False,14.037274418294038
wood,1.0,0.0,0.0,8.0,0.0,False,0.0,5.0,0.0,6.0,0.0,0.0,0.0,0.0,False,True,True,False,button_cr2032,,34030,True,True,0,0,0.9522043520956256,measured,18.549760906919225,True,10.372123602762747
wood,1.0,0.0,0.0,8.0,0.0,False,0.0,5.0,0.0,6.0,0.0,0.0,0.0,0.0,False,True,True,False,button_lr44,,34031,True,True,0,0,1.5194820521107921,measured,11.224650380285844,True,5.837412737387946
wood,1.0,0.0,0.0,8.0,0.0,False,0.0,5.0,0.0,6.0,0.0,0.0,0.0,0.0,False,True,True,False,bead_6,,34032,True,True,0,0,,specular_break,6.594405987641756,True,17.33481227862649
wood,1.0,0.0,0.0,8.0,0.0,False,0.0,5.0,0.0,6.0,0.0,0.0,0.0,0.0,False,True,True,False,bead_10_dark,,34033,True,True,0,0,,specular_break,12.521182107683714,True,5.425016663633843
wood,1.0,0.0,0.0,8.0,0.0,False,0.0,5.0,0.0,6.0,0.0,0.0,0.0,0.0,False,True,True,False,magnet_disc_10x3,,34034,True,True,0,0,,specular_break,9.591209700243581,True,1.7383873935424716
wood,1.0,0.0,0.0,8.0,0.0,False,0.0,5.0,0.0,6.0,0.0,0.0,0.0,0.0,False,True,True,False,magnet_ball_5,,34035,True,True,0,0,,specular_break,4.504510049580748,True,10.803085046948294
wood,1.0,0.0,0.0,8.0,0.0,False,0.0,5.0,0.0,6.0,0.0,0.0,0.0,0.0,False,True,True,False,pill_8,,34036,True,True,0,0,2.011283046011899,measured,7.901029838635492,False,4.21924479255809
wood,1.0,0.0,0.0,8.0,0.0,False,0.0,5.0,0.0,6.0,0.0,0.0,0.0,0.0,False,True,True,False,plastic_part_8,,34037,True,True,0,0,2.3072366156364783,measured,8.427904751964434,False,4.595157662262366
wood,1.0,0.0,0.0,8.0,0.0,False,0.0,5.0,0.0,6.0,0.0,0.0,0.0,0.0,False,True,True,False,floor_colored_12,,34038,True,True,0,0,0.4916729992114153,measured,11.397895005792204,False,5.540917074354496
wood,1.0,0.0,0.0,8.0,0.0,False,0.0,5.0,0.0,6.0,0.0,0.0,0.0,0.0,False,True,True,False,,empty,34039,False,False,0,0,,,,False,
wood,1.0,0.0,0.0,8.0,0.0,False,0.0,5.0,0.0,6.0,0.0,0.0,0.0,0.0,False,True,True,False,,stain,34040,False,False,0,0,,,,False,
wood,1.0,0.0,0.0,8.0,0.0,False,0.0,5.0,0.0,6.0,0.0,0.0,0.0,0.0,False,True,True,False,,seam,34041,False,False,0,0,,,,False,
wood,1.0,0.0,0.0,8.0,0.0,False,0.0,3.0,0.0,6.0,0.0,0.0,0.0,0.0,False,True,True,False,coin_1yen,,35000,True,True,0,0,1.4636478171016414,measured,18.501040312978414,False,9.966961391137032
wood,1.0,0.0,0.0,8.0,0.0,False,0.0,3.0,0.0,6.0,0.0,0.0,0.0,0.0,False,True,True,False,coin_10yen,,35001,True,True,0,0,0.7175255306244814,measured,17.242247885746238,False,18.29120733580425
wood,1.0,0.0,0.0,8.0,0.0,False,0.0,3.0,0.0,6.0,0.0,0.0,0.0,0.0,False,True,True,False,button_cr2032,,35002,True,True,0,0,,specular_break,18.232370174067597,True,9.842287728453556
wood,1.0,0.0,0.0,8.0,0.0,False,0.0,3.0,0.0,6.0,0.0,0.0,0.0,0.0,False,True,True,False,button_lr44,,35003,True,True,0,0,,specular_break,11.462772776097216,True,5.919897799614613
wood,1.0,0.0,0.0,8.0,0.0,False,0.0,3.0,0.0,6.0,0.0,0.0,0.0,0.0,False,True,True,False,bead_6,,35004,True,True,0,0,,specular_break,6.759446296504051,True,18.03579019687898
wood,1.0,0.0,0.0,8.0,0.0,False,0.0,3.0,0.0,6.0,0.0,0.0,0.0,0.0,False,True,True,False,bead_10_dark,,35005,True,True,0,0,,specular_break,12.701645430443046,True,5.30508103288043
wood,1.0,0.0,0.0,8.0,0.0,False,0.0,3.0,0.0,6.0,0.0,0.0,0.0,0.0,False,True,True,False,magnet_disc_10x3,,35006,True,True,0,0,,specular_break,9.848353468195995,True,3.1559909729182607
wood,1.0,0.0,0.0,8.0,0.0,False,0.0,3.0,0.0,6.0,0.0,0.0,0.0,0.0,False,True,True,False,magnet_ball_5,,35007,True,True,0,0,,specular_break,5.142562732917228,True,1.6489465177733469
wood,1.0,0.0,0.0,8.0,0.0,False,0.0,3.0,0.0,6.0,0.0,0.0,0.0,0.0,False,True,True,False,pill_8,,35008,True,True,0,0,2.3695338489335,measured,8.034263862285504,False,3.626814739579424
wood,1.0,0.0,0.0,8.0,0.0,False,0.0,3.0,0.0,6.0,0.0,0.0,0.0,0.0,False,True,True,False,plastic_part_8,,35009,True,True,0,0,2.8111595370594333,measured,7.952272325632361,True,4.1216738740053955
wood,1.0,0.0,0.0,8.0,0.0,False,0.0,3.0,0.0,6.0,0.0,0.0,0.0,0.0,False,True,True,False,floor_colored_12,,35010,True,True,0,0,0.5932590854629396,measured,11.281547094655544,False,5.674615268231924
wood,1.0,0.0,0.0,8.0,0.0,False,0.0,3.0,0.0,6.0,0.0,0.0,0.0,0.0,False,True,True,False,,empty,35011,False,False,0,0,,,,False,
wood,1.0,0.0,0.0,8.0,0.0,False,0.0,3.0,0.0,6.0,0.0,0.0,0.0,0.0,False,True,True,False,,stain,35012,False,False,0,0,,,,False,
wood,1.0,0.0,0.0,8.0,0.0,False,0.0,3.0,0.0,6.0,0.0,0.0,0.0,0.0,False,True,True,False,,seam,35013,False,False,0,0,,,,False,
wood,1.0,0.0,0.0,8.0,0.0,False,0.0,3.0,0.0,6.0,0.0,0.0,0.0,0.0,False,True,True,False,coin_1yen,,35014,True,True,0,0,1.468214966164508,measured,18.40357905187565,False,9.96723386543986
wood,1.0,0.0,0.0,8.0,0.0,False,0.0,3.0,0.0,6.0,0.0,0.0,0.0,0.0,False,True,True,False,coin_10yen,,35015,True,True,0,0,0.5820978383507871,measured,17.257433641117956,False,21.148958000752486
wood,1.0,0.0,0.0,8.0,0.0,False,0.0,3.0,0.0,6.0,0.0,0.0,0.0,0.0,False,True,True,False,button_cr2032,,35016,True,True,0,0,0.5893667160244966,measured,18.143816346159944,True,10.221922030605054
wood,1.0,0.0,0.0,8.0,0.0,False,0.0,3.0,0.0,6.0,0.0,0.0,0.0,0.0,False,True,True,False,button_lr44,,35017,True,True,0,0,0.5179824147920744,measured,11.133516442209748,True,6.243846418734276
wood,1.0,0.0,0.0,8.0,0.0,False,0.0,3.0,0.0,6.0,0.0,0.0,0.0,0.0,False,True,True,False,bead_6,,35018,True,True,0,0,,specular_break,6.626280036655049,True,19.938725172055427
wood,1.0,0.0,0.0,8.0,0.0,False,0.0,3.0,0.0,6.0,0.0,0.0,0.0,0.0,False,True,True,False,bead_10_dark,,35019,True,True,0,0,,specular_break,12.273566436356603,True,5.56473292480176
wood,1.0,0.0,0.0,8.0,0.0,False,0.0,3.0,0.0,6.0,0.0,0.0,0.0,0.0,False,True,True,False,magnet_disc_10x3,,35020,True,True,0,0,,specular_break,9.555610438825521,True,1.8902306056738958
wood,1.0,0.0,0.0,8.0,0.0,False,0.0,3.0,0.0,6.0,0.0,0.0,0.0,0.0,False,True,True,False,magnet_ball_5,,35021,True,True,0,0,,specular_break,4.730376810458749,True,10.05944787977172
wood,1.0,0.0,0.0,8.0,0.0,False,0.0,3.0,0.0,6.0,0.0,0.0,0.0,0.0,False,True,True,False,pill_8,,35022,True,True,0,0,2.3534337374178733,measured,7.894048056372002,False,4.253462572533396
wood,1.0,0.0,0.0,8.0,0.0,False,0.0,3.0,0.0,6.0,0.0,0.0,0.0,0.0,False,True,True,False,plastic_part_8,,35023,True,True,0,0,2.7536234586855173,measured,8.024264484259431,True,4.223996720398162
wood,1.0,0.0,0.0,8.0,0.0,False,0.0,3.0,0.0,6.0,0.0,0.0,0.0,0.0,False,True,True,False,floor_colored_12,,35024,True,True,0,0,0.4045075183403526,measured,11.760605326958906,False,4.93029242341909
wood,1.0,0.0,0.0,8.0,0.0,False,0.0,3.0,0.0,6.0,0.0,0.0,0.0,0.0,False,True,True,False,,empty,35025,False,False,0,0,,,,False,
wood,1.0,0.0,0.0,8.0,0.0,False,0.0,3.0,0.0,6.0,0.0,0.0,0.0,0.0,False,True,True,False,,stain,35026,False,False,0,0,,,,False,
wood,1.0,0.0,0.0,8.0,0.0,False,0.0,3.0,0.0,6.0,0.0,0.0,0.0,0.0,False,True,True,False,,seam,35027,False,False,0,0,,,,False,
wood,1.0,0.0,0.0,8.0,0.0,False,0.0,3.0,0.0,6.0,0.0,0.0,0.0,0.0,False,True,True,False,coin_1yen,,35028,True,True,0,0,1.4331631133409228,measured,18.565671798764914,False,9.685154618712394
wood,1.0,0.0,0.0,8.0,0.0,False,0.0,3.0,0.0,6.0,0.0,0.0,0.0,0.0,False,True,True,False,coin_10yen,,35029,True,True,0,0,0.7298980931793011,measured,17.20325009660949,False,14.353364714555013
wood,1.0,0.0,0.0,8.0,0.0,False,0.0,3.0,0.0,6.0,0.0,0.0,0.0,0.0,False,True,True,False,button_cr2032,,35030,True,True,0,0,0.5400312220825843,measured,18.551270149637354,True,10.179833993826225
wood,1.0,0.0,0.0,8.0,0.0,False,0.0,3.0,0.0,6.0,0.0,0.0,0.0,0.0,False,True,True,False,button_lr44,,35031,True,True,0,0,0.6067291558902301,measured,11.148867221840533,True,5.959071837307749
wood,1.0,0.0,0.0,8.0,0.0,False,0.0,3.0,0.0,6.0,0.0,0.0,0.0,0.0,False,True,True,False,bead_6,,35032,True,True,0,0,,specular_break,6.897361500746391,True,17.50913160231497
wood,1.0,0.0,0.0,8.0,0.0,False,0.0,3.0,0.0,6.0,0.0,0.0,0.0,0.0,False,True,True,False,bead_10_dark,,35033,True,True,0,0,,specular_break,12.286181215936786,True,5.686661520020335
wood,1.0,0.0,0.0,8.0,0.0,False,0.0,3.0,0.0,6.0,0.0,0.0,0.0,0.0,False,True,True,False,magnet_disc_10x3,,35034,True,True,0,0,,specular_break,9.703639562127373,True,1.975112922131226
wood,1.0,0.0,0.0,8.0,0.0,False,0.0,3.0,0.0,6.0,0.0,0.0,0.0,0.0,False,True,True,False,magnet_ball_5,,35035,True,True,0,0,,specular_break,3.7367206313475454,True,11.450604339883125
wood,1.0,0.0,0.0,8.0,0.0,False,0.0,3.0,0.0,6.0,0.0,0.0,0.0,0.0,False,True,True,False,pill_8,,35036,True,True,0,0,2.2750305698367814,measured,7.929825217581998,False,4.198464997304753
wood,1.0,0.0,0.0,8.0,0.0,False,0.0,3.0,0.0,6.0,0.0,0.0,0.0,0.0,False,True,True,False,plastic_part_8,,35037,True,True,0,0,2.8357333223099577,measured,8.10856045243901,True,4.109755620074809
wood,1.0,0.0,0.0,8.0,0.0,False,0.0,3.0,0.0,6.0,0.0,0.0,0.0,0.0,False,True,True,False,floor_colored_12,,35038,True,True,0,0,0.579183476413764,measured,11.441678196462751,False,5.703328008305959
wood,1.0,0.0,0.0,8.0,0.0,False,0.0,3.0,0.0,6.0,0.0,0.0,0.0,0.0,False,True,True,False,,empty,35039,False,False,0,0,,,,False,
wood,1.0,0.0,0.0,8.0,0.0,False,0.0,3.0,0.0,6.0,0.0,0.0,0.0,0.0,False,True,True,False,,stain,35040,False,False,0,0,,,,False,
wood,1.0,0.0,0.0,8.0,0.0,False,0.0,3.0,0.0,6.0,0.0,0.0,0.0,0.0,False,True,True,False,,seam,35041,False,False,0,0,,,,False,
wood,1.0,0.0,0.0,8.0,0.0,False,0.0,3.0,0.5,6.0,0.0,0.0,0.0,0.0,False,True,True,False,coin_1yen,,36000,True,True,0,0,1.475454248236348,measured,18.2615915099011,False,9.91595083660149
wood,1.0,0.0,0.0,8.0,0.0,False,0.0,3.0,0.5,6.0,0.0,0.0,0.0,0.0,False,True,True,False,coin_10yen,,36001,True,True,0,0,0.6819463839436306,measured,17.257423984396883,False,19.506153152840316
wood,1.0,0.0,0.0,8.0,0.0,False,0.0,3.0,0.5,6.0,0.0,0.0,0.0,0.0,False,True,True,False,button_cr2032,,36002,True,True,0,0,1.7758236843536128,measured,18.62233849046205,True,10.441599293205837
wood,1.0,0.0,0.0,8.0,0.0,False,0.0,3.0,0.5,6.0,0.0,0.0,0.0,0.0,False,True,True,False,button_lr44,,36003,True,True,0,0,0.9364623211661538,measured,11.299169383861928,True,5.898411935337279
wood,1.0,0.0,0.0,8.0,0.0,False,0.0,3.0,0.5,6.0,0.0,0.0,0.0,0.0,False,True,True,False,bead_6,,36004,True,True,0,0,,specular_break,6.75814163525667,True,13.176072842235666
wood,1.0,0.0,0.0,8.0,0.0,False,0.0,3.0,0.5,6.0,0.0,0.0,0.0,0.0,False,True,True,False,bead_10_dark,,36005,True,True,0,0,,specular_break,12.330694984809332,True,5.687627720783766
wood,1.0,0.0,0.0,8.0,0.0,False,0.0,3.0,0.5,6.0,0.0,0.0,0.0,0.0,False,True,True,False,magnet_disc_10x3,,36006,True,True,0,0,,specular_break,9.79032063895014,True,2.0861975996339743
wood,1.0,0.0,0.0,8.0,0.0,False,0.0,3.0,0.5,6.0,0.0,0.0,0.0,0.0,False,True,True,False,magnet_ball_5,,36007,True,True,0,0,,specular_break,4.706094999066056,True,11.963786379005583
wood,1.0,0.0,0.0,8.0,0.0,False,0.0,3.0,0.5,6.0,0.0,0.0,0.0,0.0,False,True,True,False,pill_8,,36008,True,True,0,0,2.2376664568413567,measured,8.017539599020903,False,4.135059296252985
wood,1.0,0.0,0.0,8.0,0.0,False,0.0,3.0,0.5,6.0,0.0,0.0,0.0,0.0,False,True,True,False,plastic_part_8,,36009,True,True,0,0,2.7926870149680756,measured,8.00949828613573,True,4.221224816239001
wood,1.0,0.0,0.0,8.0,0.0,False,0.0,3.0,0.5,6.0,0.0,0.0,0.0,0.0,False,True,True,False,floor_colored_12,,36010,True,True,0,0,0.5724577483191773,measured,11.555529788309304,False,5.418985091924483
wood,1.0,0.0,0.0,8.0,0.0,False,0.0,3.0,0.5,6.0,0.0,0.0,0.0,0.0,False,True,True,False,,empty,36011,False,False,0,0,,,,False,
wood,1.0,0.0,0.0,8.0,0.0,False,0.0,3.0,0.5,6.0,0.0,0.0,0.0,0.0,False,True,True,False,,stain,36012,False,False,0,0,,,,False,
wood,1.0,0.0,0.0,8.0,0.0,False,0.0,3.0,0.5,6.0,0.0,0.0,0.0,0.0,False,True,True,False,,seam,36013,False,False,0,0,,,,False,
wood,1.0,0.0,0.0,8.0,0.0,False,0.0,3.0,0.5,6.0,0.0,0.0,0.0,0.0,False,True,True,False,coin_1yen,,36014,True,True,0,0,1.4143234481399674,measured,18.422772666274067,False,10.058313545187996
wood,1.0,0.0,0.0,8.0,0.0,False,0.0,3.0,0.5,6.0,0.0,0.0,0.0,0.0,False,True,True,False,coin_10yen,,36015,True,True,0,0,0.6822371764985355,measured,17.076913883266432,False,19.360628982690518
wood,1.0,0.0,0.0,8.0,0.0,False,0.0,3.0,0.5,6.0,0.0,0.0,0.0,0.0,False,True,True,False,button_cr2032,,36016,True,True,0,0,0.892358412600851,measured,18.287759842273257,True,10.210909444183226
wood,1.0,0.0,0.0,8.0,0.0,False,0.0,3.0,0.5,6.0,0.0,0.0,0.0,0.0,False,True,True,False,button_lr44,,36017,True,True,0,0,,specular_break,11.174730996619356,True,5.496743363123124
wood,1.0,0.0,0.0,8.0,0.0,False,0.0,3.0,0.5,6.0,0.0,0.0,0.0,0.0,False,True,True,False,bead_6,,36018,True,True,0,0,,specular_break,6.777766001304128,True,19.34236075416478
wood,1.0,0.0,0.0,8.0,0.0,False,0.0,3.0,0.5,6.0,0.0,0.0,0.0,0.0,False,True,True,False,bead_10_dark,,36019,True,True,0,0,,specular_break,12.445439467111932,True,5.294819751815851
wood,1.0,0.0,0.0,8.0,0.0,False,0.0,3.0,0.5,6.0,0.0,0.0,0.0,0.0,False,True,True,False,magnet_disc_10x3,,36020,True,True,0,0,,specular_break,9.584427582029688,True,2.123251706021213
wood,1.0,0.0,0.0,8.0,0.0,False,0.0,3.0,0.5,6.0,0.0,0.0,0.0,0.0,False,True,True,False,magnet_ball_5,,36021,True,True,0,0,,specular_break,2.544476132069766,False,10.573448513522548
wood,1.0,0.0,0.0,8.0,0.0,False,0.0,3.0,0.5,6.0,0.0,0.0,0.0,0.0,False,True,True,False,pill_8,,36022,True,True,0,0,2.2086263200643135,measured,7.992278623434244,False,4.14214897077015
wood,1.0,0.0,0.0,8.0,0.0,False,0.0,3.0,0.5,6.0,0.0,0.0,0.0,0.0,False,True,True,False,plastic_part_8,,36023,True,True,0,0,2.756223897240382,measured,8.132641226830618,True,4.096626024977439
wood,1.0,0.0,0.0,8.0,0.0,False,0.0,3.0,0.5,6.0,0.0,0.0,0.0,0.0,False,True,True,False,floor_colored_12,,36024,True,True,0,0,0.47679056394801833,measured,11.69024417009689,False,5.607795678555243
wood,1.0,0.0,0.0,8.0,0.0,False,0.0,3.0,0.5,6.0,0.0,0.0,0.0,0.0,False,True,True,False,,empty,36025,False,False,0,0,,,,False,
wood,1.0,0.0,0.0,8.0,0.0,False,0.0,3.0,0.5,6.0,0.0,0.0,0.0,0.0,False,True,True,False,,stain,36026,False,False,0,0,,,,False,
wood,1.0,0.0,0.0,8.0,0.0,False,0.0,3.0,0.5,6.0,0.0,0.0,0.0,0.0,False,True,True,False,,seam,36027,False,False,0,0,,,,False,
wood,1.0,0.0,0.0,8.0,0.0,False,0.0,3.0,0.5,6.0,0.0,0.0,0.0,0.0,False,True,True,False,coin_1yen,,36028,True,True,0,0,1.4654669270332867,measured,17.743426492575445,False,9.759508529989663
wood,1.0,0.0,0.0,8.0,0.0,False,0.0,3.0,0.5,6.0,0.0,0.0,0.0,0.0,False,True,True,False,coin_10yen,,36029,True,True,0,0,0.7245672056496772,measured,17.147787531559274,False,14.381573815761106
wood,1.0,0.0,0.0,8.0,0.0,False,0.0,3.0,0.5,6.0,0.0,0.0,0.0,0.0,False,True,True,False,button_cr2032,,36030,True,True,0,0,,specular_break,17.90188836608677,True,10.1259397770505
wood,1.0,0.0,0.0,8.0,0.0,False,0.0,3.0,0.5,6.0,0.0,0.0,0.0,0.0,False,True,True,False,button_lr44,,36031,True,True,0,0,,specular_break,11.269535927163604,True,5.895395458430159
wood,1.0,0.0,0.0,8.0,0.0,False,0.0,3.0,0.5,6.0,0.0,0.0,0.0,0.0,False,True,True,False,bead_6,,36032,True,True,0,0,1.7596724197838487,measured,6.62698023298298,True,8.451594575617463
wood,1.0,0.0,0.0,8.0,0.0,False,0.0,3.0,0.5,6.0,0.0,0.0,0.0,0.0,False,True,True,False,bead_10_dark,,36033,True,True,0,0,,specular_break,12.34552677243048,True,5.83153984747008
wood,1.0,0.0,0.0,8.0,0.0,False,0.0,3.0,0.5,6.0,0.0,0.0,0.0,0.0,False,True,True,False,magnet_disc_10x3,,36034,True,True,0,0,,specular_break,9.881634925040956,True,2.4408179358473676
wood,1.0,0.0,0.0,8.0,0.0,False,0.0,3.0,0.5,6.0,0.0,0.0,0.0,0.0,False,True,True,False,magnet_ball_5,,36035,True,True,0,0,,specular_break,5.5547161401807745,True,0.9754684548635144
wood,1.0,0.0,0.0,8.0,0.0,False,0.0,3.0,0.5,6.0,0.0,0.0,0.0,0.0,False,True,True,False,pill_8,,36036,True,True,0,0,2.36326854787926,measured,7.809421310181007,False,4.1495008834617
wood,1.0,0.0,0.0,8.0,0.0,False,0.0,3.0,0.5,6.0,0.0,0.0,0.0,0.0,False,True,True,False,plastic_part_8,,36037,True,True,0,0,2.762303425297116,measured,7.941102897045201,True,4.357227389708385
wood,1.0,0.0,0.0,8.0,0.0,False,0.0,3.0,0.5,6.0,0.0,0.0,0.0,0.0,False,True,True,False,floor_colored_12,,36038,True,True,0,0,0.4137083612970702,measured,11.489678159900478,False,5.773507955012222
wood,1.0,0.0,0.0,8.0,0.0,False,0.0,3.0,0.5,6.0,0.0,0.0,0.0,0.0,False,True,True,False,,empty,36039,False,False,0,0,,,,False,
wood,1.0,0.0,0.0,8.0,0.0,False,0.0,3.0,0.5,6.0,0.0,0.0,0.0,0.0,False,True,True,False,,stain,36040,False,False,0,0,,,,False,
wood,1.0,0.0,0.0,8.0,0.0,False,0.0,3.0,0.5,6.0,0.0,0.0,0.0,0.0,False,True,True,False,,seam,36041,False,False,0,0,,,,False,
wood,1.0,0.0,0.0,8.0,0.0,False,0.0,3.0,1.0,6.0,0.0,0.0,0.0,0.0,False,True,True,False,coin_1yen,,37000,True,True,0,0,1.4312075804456867,measured,17.96178393311442,False,9.911470276253276
wood,1.0,0.0,0.0,8.0,0.0,False,0.0,3.0,1.0,6.0,0.0,0.0,0.0,0.0,False,True,True,False,coin_10yen,,37001,True,True,0,0,0.6002708413102091,measured,17.152540322075495,False,20.64024332959226
wood,1.0,0.0,0.0,8.0,0.0,False,0.0,3.0,1.0,6.0,0.0,0.0,0.0,0.0,False,True,True,False,button_cr2032,,37002,True,True,0,0,1.0433690883371476,measured,17.873311249847355,True,10.292973196386527
wood,1.0,0.0,0.0,8.0,0.0,False,0.0,3.0,1.0,6.0,0.0,0.0,0.0,0.0,False,True,True,False,button_lr44,,37003,True,True,0,0,2.1754639483110783,measured,11.257290034932524,True,5.782047597318578
wood,1.0,0.0,0.0,8.0,0.0,False,0.0,3.0,1.0,6.0,0.0,0.0,0.0,0.0,False,True,True,False,bead_6,,37004,True,True,0,0,,specular_break,6.762960957643133,True,16.726910342650655
wood,1.0,0.0,0.0,8.0,0.0,False,0.0,3.0,1.0,6.0,0.0,0.0,0.0,0.0,False,True,True,False,bead_10_dark,,37005,True,True,0,0,,specular_break,12.572940624870036,True,5.5383003292804265
wood,1.0,0.0,0.0,8.0,0.0,False,0.0,3.0,1.0,6.0,0.0,0.0,0.0,0.0,False,True,True,False,magnet_disc_10x3,,37006,True,True,0,0,,specular_break,9.6216060348767,True,1.526584411993568
wood,1.0,0.0,0.0,8.0,0.0,False,0.0,3.0,1.0,6.0,0.0,0.0,0.0,0.0,False,True,True,False,magnet_ball_5,,37007,True,True,0,0,,specular_break,2.3848202498380955,False,9.964559231055048
wood,1.0,0.0,0.0,8.0,0.0,False,0.0,3.0,1.0,6.0,0.0,0.0,0.0,0.0,False,True,True,False,pill_8,,37008,True,True,0,0,2.212214541385949,measured,7.757838910577171,False,4.50882861721603
wood,1.0,0.0,0.0,8.0,0.0,False,0.0,3.0,1.0,6.0,0.0,0.0,0.0,0.0,False,True,True,False,plastic_part_8,,37009,True,True,0,0,2.677418264375925,measured,8.090348058890866,True,4.377381212632727
wood,1.0,0.0,0.0,8.0,0.0,False,0.0,3.0,1.0,6.0,0.0,0.0,0.0,0.0,False,True,True,False,floor_colored_12,,37010,True,True,0,0,0.49011486750263167,measured,11.975138653508006,False,5.30018640150398
wood,1.0,0.0,0.0,8.0,0.0,False,0.0,3.0,1.0,6.0,0.0,0.0,0.0,0.0,False,True,True,False,,empty,37011,False,False,0,0,,,,False,
wood,1.0,0.0,0.0,8.0,0.0,False,0.0,3.0,1.0,6.0,0.0,0.0,0.0,0.0,False,True,True,False,,stain,37012,False,False,0,0,,,,False,
wood,1.0,0.0,0.0,8.0,0.0,False,0.0,3.0,1.0,6.0,0.0,0.0,0.0,0.0,False,True,True,False,,seam,37013,False,False,0,0,,,,False,
wood,1.0,0.0,0.0,8.0,0.0,False,0.0,3.0,1.0,6.0,0.0,0.0,0.0,0.0,False,True,True,False,coin_1yen,,37014,True,True,0,0,1.3834998250923345,measured,18.129933591300837,False,10.03461740128707
wood,1.0,0.0,0.0,8.0,0.0,False,0.0,3.0,1.0,6.0,0.0,0.0,0.0,0.0,False,True,True,False,coin_10yen,,37015,True,True,0,0,0.7290453136894719,measured,17.13136429386351,False,13.233214610532697
wood,1.0,0.0,0.0,8.0,0.0,False,0.0,3.0,1.0,6.0,0.0,0.0,0.0,0.0,False,True,True,False,button_cr2032,,37016,True,True,0,0,1.216881445780965,measured,18.215377103188715,True,10.204915491922133
wood,1.0,0.0,0.0,8.0,0.0,False,0.0,3.0,1.0,6.0,0.0,0.0,0.0,0.0,False,True,True,False,button_lr44,,37017,True,True,0,0,,specular_break,11.369461418417249,True,5.738670992354246
wood,1.0,0.0,0.0,8.0,0.0,False,0.0,3.0,1.0,6.0,0.0,0.0,0.0,0.0,False,True,True,False,bead_6,,37018,True,True,0,0,,specular_break,5.314406607725031,True,15.897037828663064
wood,1.0,0.0,0.0,8.0,0.0,False,0.0,3.0,1.0,6.0,0.0,0.0,0.0,0.0,False,True,True,False,bead_10_dark,,37019,True,True,0,0,1.2278925898337008,measured,12.38407003014607,True,5.761099065549426
wood,1.0,0.0,0.0,8.0,0.0,False,0.0,3.0,1.0,6.0,0.0,0.0,0.0,0.0,False,True,True,False,magnet_disc_10x3,,37020,True,True,0,0,,specular_break,9.75508528659898,True,2.3876888935037783
wood,1.0,0.0,0.0,8.0,0.0,False,0.0,3.0,1.0,6.0,0.0,0.0,0.0,0.0,False,True,True,False,magnet_ball_5,,37021,True,True,0,0,1.8631626964722319,measured,5.761748203891967,True,1.2136157919972348
wood,1.0,0.0,0.0,8.0,0.0,False,0.0,3.0,1.0,6.0,0.0,0.0,0.0,0.0,False,True,True,False,pill_8,,37022,True,True,0,0,2.159023975465024,measured,7.691683524904199,False,4.365651312225332
wood,1.0,0.0,0.0,8.0,0.0,False,0.0,3.0,1.0,6.0,0.0,0.0,0.0,0.0,False,True,True,False,plastic_part_8,,37023,True,True,0,0,2.6299423762093035,measured,8.213063276028192,True,4.726091123639825
wood,1.0,0.0,0.0,8.0,0.0,False,0.0,3.0,1.0,6.0,0.0,0.0,0.0,0.0,False,True,True,False,floor_colored_12,,37024,True,True,0,0,0.5974548878965535,measured,11.344861860719606,False,5.856203165874488
wood,1.0,0.0,0.0,8.0,0.0,False,0.0,3.0,1.0,6.0,0.0,0.0,0.0,0.0,False,True,True,False,,empty,37025,False,False,0,0,,,,False,
wood,1.0,0.0,0.0,8.0,0.0,False,0.0,3.0,1.0,6.0,0.0,0.0,0.0,0.0,False,True,True,False,,stain,37026,False,False,0,0,,,,False,
wood,1.0,0.0,0.0,8.0,0.0,False,0.0,3.0,1.0,6.0,0.0,0.0,0.0,0.0,False,True,True,False,,seam,37027,False,False,0,0,,,,False,
wood,1.0,0.0,0.0,8.0,0.0,False,0.0,3.0,1.0,6.0,0.0,0.0,0.0,0.0,False,True,True,False,coin_1yen,,37028,True,True,0,0,1.2770980716443692,measured,18.288033950887776,False,8.07461934634523
wood,1.0,0.0,0.0,8.0,0.0,False,0.0,3.0,1.0,6.0,0.0,0.0,0.0,0.0,False,True,True,False,coin_10yen,,37029,True,True,0,0,0.7394697889934001,measured,17.20861289435447,False,14.118604369058158
wood,1.0,0.0,0.0,8.0,0.0,False,0.0,3.0,1.0,6.0,0.0,0.0,0.0,0.0,False,True,True,False,button_cr2032,,37030,True,True,0,0,,specular_break,18.433666514845598,True,10.098728130268883
wood,1.0,0.0,0.0,8.0,0.0,False,0.0,3.0,1.0,6.0,0.0,0.0,0.0,0.0,False,True,True,False,button_lr44,,37031,True,True,0,0,1.1902252090832253,measured,11.236690819306384,True,5.664982115063119
wood,1.0,0.0,0.0,8.0,0.0,False,0.0,3.0,1.0,6.0,0.0,0.0,0.0,0.0,False,True,True,False,bead_6,,37032,True,True,0,0,2.0985444747987607,measured,6.976889413163325,True,13.482079552132438
wood,1.0,0.0,0.0,8.0,0.0,False,0.0,3.0,1.0,6.0,0.0,0.0,0.0,0.0,False,True,True,False,bead_10_dark,,37033,True,True,0,0,,specular_break,12.374031498598836,True,5.878290197464928
wood,1.0,0.0,0.0,8.0,0.0,False,0.0,3.0,1.0,6.0,0.0,0.0,0.0,0.0,False,True,True,False,magnet_disc_10x3,,37034,True,True,0,0,,specular_break,9.903247170069093,True,2.8356858694324387
wood,1.0,0.0,0.0,8.0,0.0,False,0.0,3.0,1.0,6.0,0.0,0.0,0.0,0.0,False,True,True,False,magnet_ball_5,,37035,True,True,0,0,,specular_break,4.573411257295606,True,11.100751519163031
wood,1.0,0.0,0.0,8.0,0.0,False,0.0,3.0,1.0,6.0,0.0,0.0,0.0,0.0,False,True,True,False,pill_8,,37036,True,True,0,0,2.5043473316588667,measured,7.88470127004602,False,4.109495343833196
wood,1.0,0.0,0.0,8.0,0.0,False,0.0,3.0,1.0,6.0,0.0,0.0,0.0,0.0,False,True,True,False,plastic_part_8,,37037,True,True,0,0,2.7261251693160915,measured,8.017279817345868,True,4.113904020202597
wood,1.0,0.0,0.0,8.0,0.0,False,0.0,3.0,1.0,6.0,0.0,0.0,0.0,0.0,False,True,True,False,floor_colored_12,,37038,True,True,0,0,0.36225149680001856,measured,11.46914100732135,False,5.903666620571369
wood,1.0,0.0,0.0,8.0,0.0,False,0.0,3.0,1.0,6.0,0.0,0.0,0.0,0.0,False,True,True,False,,empty,37039,False,False,0,0,,,,False,
wood,1.0,0.0,0.0,8.0,0.0,False,0.0,3.0,1.0,6.0,0.0,0.0,0.0,0.0,False,True,True,False,,stain,37040,False,False,0,0,,,,False,
wood,1.0,0.0,0.0,8.0,0.0,False,0.0,3.0,1.0,6.0,0.0,0.0,0.0,0.0,False,True,True,False,,seam,37041,False,False,0,0,,,,False,
wood,1.0,0.0,0.0,8.0,0.0,False,0.0,3.0,2.0,6.0,0.0,0.0,0.0,0.0,False,True,True,False,coin_1yen,,38000,True,True,0,0,1.3057945800567001,measured,18.549481141125344,False,10.377898956457397
wood,1.0,0.0,0.0,8.0,0.0,False,0.0,3.0,2.0,6.0,0.0,0.0,0.0,0.0,False,True,True,False,coin_10yen,,38001,True,True,0,0,0.6208559650392509,measured,17.13785104956552,False,19.624619423284848
wood,1.0,0.0,0.0,8.0,0.0,False,0.0,3.0,2.0,6.0,0.0,0.0,0.0,0.0,False,True,True,False,button_cr2032,,38002,True,True,0,0,,specular_break,18.4696992191426,True,10.437961832876162
wood,1.0,0.0,0.0,8.0,0.0,False,0.0,3.0,2.0,6.0,0.0,0.0,0.0,0.0,False,True,True,False,button_lr44,,38003,True,True,0,0,,specular_break,11.173667534100636,True,5.8719607577017205
wood,1.0,0.0,0.0,8.0,0.0,False,0.0,3.0,2.0,6.0,0.0,0.0,0.0,0.0,False,True,True,False,bead_6,,38004,True,True,0,0,-4.677137797966335,measured,6.752535190876936,False,18.11527328299836
wood,1.0,0.0,0.0,8.0,0.0,False,0.0,3.0,2.0,6.0,0.0,0.0,0.0,0.0,False,True,True,False,bead_10_dark,,38005,True,True,0,0,2.8431013247278756,measured,12.294193099307192,True,5.423438009722662
wood,1.0,0.0,0.0,8.0,0.0,False,0.0,3.0,2.0,6.0,0.0,0.0,0.0,0.0,False,True,True,False,magnet_disc_10x3,,38006,True,True,0,0,,specular_break,9.820914071646833,True,2.0910160094489214
wood,1.0,0.0,0.0,8.0,0.0,False,0.0,3.0,2.0,6.0,0.0,0.0,0.0,0.0,False,True,True,False,magnet_ball_5,,38007,True,True,0,0,1.6961787431554018,measured,5.56534130519699,False,1.1393202422849456
wood,1.0,0.0,0.0,8.0,0.0,False,0.0,3.0,2.0,6.0,0.0,0.0,0.0,0.0,False,True,True,False,pill_8,,38008,True,True,0,0,2.3506525716850817,measured,7.857524214369546,False,4.2190632888154465
wood,1.0,0.0,0.0,8.0,0.0,False,0.0,3.0,2.0,6.0,0.0,0.0,0.0,0.0,False,True,True,False,plastic_part_8,,38009,True,True,0,0,2.6478379748291125,measured,8.131237764086247,True,4.060810635886498
wood,1.0,0.0,0.0,8.0,0.0,False,0.0,3.0,2.0,6.0,0.0,0.0,0.0,0.0,False,True,True,False,floor_colored_12,,38010,True,True,0,0,0.6260189767860638,measured,11.521996513463002,False,5.6154639624962
wood,1.0,0.0,0.0,8.0,0.0,False,0.0,3.0,2.0,6.0,0.0,0.0,0.0,0.0,False,True,True,False,,empty,38011,False,False,0,0,,,,False,
wood,1.0,0.0,0.0,8.0,0.0,False,0.0,3.0,2.0,6.0,0.0,0.0,0.0,0.0,False,True,True,False,,stain,38012,False,False,0,0,,,,False,
wood,1.0,0.0,0.0,8.0,0.0,False,0.0,3.0,2.0,6.0,0.0,0.0,0.0,0.0,False,True,True,False,,seam,38013,False,False,0,0,,,,False,
wood,1.0,0.0,0.0,8.0,0.0,False,0.0,3.0,2.0,6.0,0.0,0.0,0.0,0.0,False,True,True,False,coin_1yen,,38014,True,True,0,0,1.3447000320705111,measured,18.47013398998354,False,9.917471961531247
wood,1.0,0.0,0.0,8.0,0.0,False,0.0,3.0,2.0,6.0,0.0,0.0,0.0,0.0,False,True,True,False,coin_10yen,,38015,True,True,0,0,0.6810515468842784,measured,17.204460101347067,False,17.40996822980033
wood,1.0,0.0,0.0,8.0,0.0,False,0.0,3.0,2.0,6.0,0.0,0.0,0.0,0.0,False,True,True,False,button_cr2032,,38016,True,True,0,0,,specular_break,18.005585083388244,True,9.970900660881409
wood,1.0,0.0,0.0,8.0,0.0,False,0.0,3.0,2.0,6.0,0.0,0.0,0.0,0.0,False,True,True,False,button_lr44,,38017,True,True,0,0,,specular_break,11.402921150826147,True,5.658037424239313
wood,1.0,0.0,0.0,8.0,0.0,False,0.0,3.0,2.0,6.0,0.0,0.0,0.0,0.0,False,True,True,False,bead_6,,38018,True,True,0,0,-2.430676943144668,measured,6.934394165388243,False,16.710469520685088
wood,1.0,0.0,0.0,8.0,0.0,False,0.0,3.0,2.0,6.0,0.0,0.0,0.0,0.0,False,True,True,False,bead_10_dark,,38019,True,True,0,0,2.7456709168477467,measured,12.30007061543954,True,6.146475482874565
wood,1.0,0.0,0.0,8.0,0.0,False,0.0,3.0,2.0,6.0,0.0,0.0,0.0,0.0,False,True,True,False,magnet_disc_10x3,,38020,True,True,0,0,,specular_break,10.093819211415791,True,3.147173714059946
wood,1.0,0.0,0.0,8.0,0.0,False,0.0,3.0,2.0,6.0,0.0,0.0,0.0,0.0,False,True,True,False,magnet_ball_5,,38021,True,True,0,0,2.4135827711000264,measured,5.469626278920451,False,0.8035247430863113
wood,1.0,0.0,0.0,8.0,0.0,False,0.0,3.0,2.0,6.0,0.0,0.0,0.0,0.0,False,True,True,False,pill_8,,38022,True,True,0,0,2.3628158799097942,measured,7.90625950209143,False,3.968586152318476
wood,1.0,0.0,0.0,8.0,0.0,False,0.0,3.0,2.0,6.0,0.0,0.0,0.0,0.0,False,True,True,False,plastic_part_8,,38023,True,True,0,0,2.6650343030935115,measured,8.04610326627948,False,4.063535789774816
wood,1.0,0.0,0.0,8.0,0.0,False,0.0,3.0,2.0,6.0,0.0,0.0,0.0,0.0,False,True,True,False,floor_colored_12,,38024,True,True,0,0,0.5319943628471187,measured,11.247329584785222,False,5.922291852909626
wood,1.0,0.0,0.0,8.0,0.0,False,0.0,3.0,2.0,6.0,0.0,0.0,0.0,0.0,False,True,True,False,,empty,38025,False,False,0,0,,,,False,
wood,1.0,0.0,0.0,8.0,0.0,False,0.0,3.0,2.0,6.0,0.0,0.0,0.0,0.0,False,True,True,False,,stain,38026,False,False,0,0,,,,False,
wood,1.0,0.0,0.0,8.0,0.0,False,0.0,3.0,2.0,6.0,0.0,0.0,0.0,0.0,False,True,True,False,,seam,38027,False,False,0,0,,,,False,
wood,1.0,0.0,0.0,8.0,0.0,False,0.0,3.0,2.0,6.0,0.0,0.0,0.0,0.0,False,True,True,False,coin_1yen,,38028,True,True,0,0,1.4778383818280023,measured,18.59744573796236,False,9.776170146112875
wood,1.0,0.0,0.0,8.0,0.0,False,0.0,3.0,2.0,6.0,0.0,0.0,0.0,0.0,False,True,True,False,coin_10yen,,38029,True,True,0,0,0.7824251307345982,measured,17.262992593633417,False,13.9796226113991
wood,1.0,0.0,0.0,8.0,0.0,False,0.0,3.0,2.0,6.0,0.0,0.0,0.0,0.0,False,True,True,False,button_cr2032,,38030,True,True,0,0,0.7230826399374539,measured,18.3734452575206,True,10.030096476647719
wood,1.0,0.0,0.0,8.0,0.0,False,0.0,3.0,2.0,6.0,0.0,0.0,0.0,0.0,False,True,True,False,button_lr44,,38031,True,True,0,0,1.479923692762755,measured,11.282909423510006,True,6.402138158817857
wood,1.0,0.0,0.0,8.0,0.0,False,0.0,3.0,2.0,6.0,0.0,0.0,0.0,0.0,False,True,True,False,bead_6,,38032,True,True,0,0,2.004254226906994,measured,7.010752421776353,False,17.768091794887
wood,1.0,0.0,0.0,8.0,0.0,False,0.0,3.0,2.0,6.0,0.0,0.0,0.0,0.0,False,True,True,False,bead_10_dark,,38033,True,True,0,0,2.858544224412281,measured,12.354735843952799,True,5.785748576293386
wood,1.0,0.0,0.0,8.0,0.0,False,0.0,3.0,2.0,6.0,0.0,0.0,0.0,0.0,False,True,True,False,magnet_disc_10x3,,38034,True,True,1,0,,specular_break,9.741579699492565,True,2.860559234306416
wood,1.0,0.0,0.0,8.0,0.0,False,0.0,3.0,2.0,6.0,0.0,0.0,0.0,0.0,False,True,True,False,magnet_ball_5,,38035,True,True,0,0,-3.6323180946852514,measured,5.665680944473599,False,0.6181827802436688
wood,1.0,0.0,0.0,8.0,0.0,False,0.0,3.0,2.0,6.0,0.0,0.0,0.0,0.0,False,True,True,False,pill_8,,38036,True,True,0,0,2.6105955064715793,measured,7.884281344352195,False,3.9784599535583705
wood,1.0,0.0,0.0,8.0,0.0,False,0.0,3.0,2.0,6.0,0.0,0.0,0.0,0.0,False,True,True,False,plastic_part_8,,38037,True,True,0,0,2.6949729456758025,measured,7.8719320998521,False,4.572344664287164
wood,1.0,0.0,0.0,8.0,0.0,False,0.0,3.0,2.0,6.0,0.0,0.0,0.0,0.0,False,True,True,False,floor_colored_12,,38038,True,True,0,0,0.45183514206541275,measured,11.220186491804908,False,6.189265608960852
wood,1.0,0.0,0.0,8.0,0.0,False,0.0,3.0,2.0,6.0,0.0,0.0,0.0,0.0,False,True,True,False,,empty,38039,False,False,0,0,,,,False,
wood,1.0,0.0,0.0,8.0,0.0,False,0.0,3.0,2.0,6.0,0.0,0.0,0.0,0.0,False,True,True,False,,stain,38040,False,False,0,0,,,,False,
wood,1.0,0.0,0.0,8.0,0.0,False,0.0,3.0,2.0,6.0,0.0,0.0,0.0,0.0,False,True,True,False,,seam,38041,False,False,0,0,,,,False,
wood,1.0,0.0,0.0,8.0,0.0,False,0.0,3.0,0.0,6.0,0.0,0.0,0.0,0.0,False,True,True,False,coin_1yen,,39000,True,True,0,0,1.4371945423713584,measured,18.573100384453568,False,9.811923748713197
wood,1.0,0.0,0.0,8.0,0.0,False,0.0,3.0,0.0,6.0,0.0,0.0,0.0,0.0,False,True,True,False,coin_10yen,,39001,True,True,0,0,0.7770953536112994,measured,17.216166055229742,False,12.358252171375021
wood,1.0,0.0,0.0,8.0,0.0,False,0.0,3.0,0.0,6.0,0.0,0.0,0.0,0.0,False,True,True,False,button_cr2032,,39002,True,True,0,0,,specular_break,17.911922026052668,True,10.098894527361557
wood,1.0,0.0,0.0,8.0,0.0,False,0.0,3.0,0.0,6.0,0.0,0.0,0.0,0.0,False,True,True,False,button_lr44,,39003,True,True,0,0,,specular_break,11.464938747980298,True,5.79792443848274
wood,1.0,0.0,0.0,8.0,0.0,False,0.0,3.0,0.0,6.0,0.0,0.0,0.0,0.0,False,True,True,False,bead_6,,39004,True,True,0,0,,specular_break,6.825319786355866,True,17.00198166898828
wood,1.0,0.0,0.0,8.0,0.0,False,0.0,3.0,0.0,6.0,0.0,0.0,0.0,0.0,False,True,True,False,bead_10_dark,,39005,True,True,0,0,,specular_break,12.573634069706742,True,5.472233421805897
wood,1.0,0.0,0.0,8.0,0.0,False,0.0,3.0,0.0,6.0,0.0,0.0,0.0,0.0,False,True,True,False,magnet_disc_10x3,,39006,True,True,0,0,,specular_break,9.70727804790765,True,2.9064573994803737
wood,1.0,0.0,0.0,8.0,0.0,False,0.0,3.0,0.0,6.0,0.0,0.0,0.0,0.0,False,True,True,False,magnet_ball_5,,39007,True,True,0,0,,specular_break,5.499615840504627,True,0.6769367796471499
wood,1.0,0.0,0.0,8.0,0.0,False,0.0,3.0,0.0,6.0,0.0,0.0,0.0,0.0,False,True,True,False,pill_8,,39008,True,True,0,0,2.3362844696889127,measured,7.818949109543478,False,4.131116545509507
wood,1.0,0.0,0.0,8.0,0.0,False,0.0,3.0,0.0,6.0,0.0,0.0,0.0,0.0,False,True,True,False,plastic_part_8,,39009,True,True,0,0,2.807337381883915,measured,8.078329470532122,True,4.5003218045125655
wood,1.0,0.0,0.0,8.0,0.0,False,0.0,3.0,0.0,6.0,0.0,0.0,0.0,0.0,False,True,True,False,floor_colored_12,,39010,True,True,0,0,0.4274573196946925,measured,11.39009208357586,False,5.925558299402239
wood,1.0,0.0,0.0,8.0,0.0,False,0.0,3.0,0.0,6.0,0.0,0.0,0.0,0.0,False,True,True,False,,empty,39011,False,False,0,0,,,,False,
wood,1.0,0.0,0.0,8.0,0.0,False,0.0,3.0,0.0,6.0,0.0,0.0,0.0,0.0,False,True,True,False,,stain,39012,False,False,0,0,,,,False,
wood,1.0,0.0,0.0,8.0,0.0,False,0.0,3.0,0.0,6.0,0.0,0.0,0.0,0.0,False,True,True,False,,seam,39013,False,False,0,0,,,,False,
wood,1.0,0.0,0.0,8.0,0.0,False,0.0,3.0,0.0,6.0,0.0,0.0,0.0,0.0,False,True,True,False,coin_1yen,,39014,True,True,0,0,1.4832784846343028,measured,17.99074657467878,False,8.883245951334187
wood,1.0,0.0,0.0,8.0,0.0,False,0.0,3.0,0.0,6.0,0.0,0.0,0.0,0.0,False,True,True,False,coin_10yen,,39015,True,True,0,0,0.7181824756628412,measured,17.121196682909538,False,19.830672069984097
wood,1.0,0.0,0.0,8.0,0.0,False,0.0,3.0,0.0,6.0,0.0,0.0,0.0,0.0,False,True,True,False,button_cr2032,,39016,True,True,0,0,,specular_break,18.509497027809367,True,10.307349436873844
wood,1.0,0.0,0.0,8.0,0.0,False,0.0,3.0,0.0,6.0,0.0,0.0,0.0,0.0,False,True,True,False,button_lr44,,39017,True,True,0,0,0.6968804666370652,measured,11.428976298565118,True,6.097735771778917
wood,1.0,0.0,0.0,8.0,0.0,False,0.0,3.0,0.0,6.0,0.0,0.0,0.0,0.0,False,True,True,False,bead_6,,39018,True,True,0,0,,specular_break,6.810277634101455,True,20.07131955554692
wood,1.0,0.0,0.0,8.0,0.0,False,0.0,3.0,0.0,6.0,0.0,0.0,0.0,0.0,False,True,True,False,bead_10_dark,,39019,True,True,0,0,,specular_break,12.829921585482497,True,5.261570135169911
wood,1.0,0.0,0.0,8.0,0.0,False,0.0,3.0,0.0,6.0,0.0,0.0,0.0,0.0,False,True,True,False,magnet_disc_10x3,,39020,True,True,0,0,,specular_break,9.80640179316469,True,2.5296197431298
wood,1.0,0.0,0.0,8.0,0.0,False,0.0,3.0,0.0,6.0,0.0,0.0,0.0,0.0,False,True,True,False,magnet_ball_5,,39021,True,True,0,0,,specular_break,5.5228588181850435,True,0.7666592741203995
wood,1.0,0.0,0.0,8.0,0.0,False,0.0,3.0,0.0,6.0,0.0,0.0,0.0,0.0,False,True,True,False,pill_8,,39022,True,True,0,0,2.3687906014123783,measured,7.877168645371578,False,4.049565653674212
wood,1.0,0.0,0.0,8.0,0.0,False,0.0,3.0,0.0,6.0,0.0,0.0,0.0,0.0,False,True,True,False,plastic_part_8,,39023,True,True,0,0,2.7981627482965834,measured,7.920093900838065,True,4.0912653089632585
wood,1.0,0.0,0.0,8.0,0.0,False,0.0,3.0,0.0,6.0,0.0,0.0,0.0,0.0,False,True,True,False,floor_colored_12,,39024,True,True,0,0,0.49757971243595733,measured,11.427578554850866,False,5.87408872153315
wood,1.0,0.0,0.0,8.0,0.0,False,0.0,3.0,0.0,6.0,0.0,0.0,0.0,0.0,False,True,True,False,,empty,39025,False,False,0,0,,,,False,
wood,1.0,0.0,0.0,8.0,0.0,False,0.0,3.0,0.0,6.0,0.0,0.0,0.0,0.0,False,True,True,False,,stain,39026,False,False,0,0,,,,False,
wood,1.0,0.0,0.0,8.0,0.0,False,0.0,3.0,0.0,6.0,0.0,0.0,0.0,0.0,False,True,True,False,,seam,39027,False,False,0,0,,,,False,
wood,1.0,0.0,0.0,8.0,0.0,False,0.0,3.0,0.0,6.0,0.0,0.0,0.0,0.0,False,True,True,False,coin_1yen,,39028,True,True,0,0,1.5168156178651895,measured,17.61020638935308,False,9.93918372086878
wood,1.0,0.0,0.0,8.0,0.0,False,0.0,3.0,0.0,6.0,0.0,0.0,0.0,0.0,False,True,True,False,coin_10yen,,39029,True,True,0,0,0.783121782574483,measured,17.23668859477283,False,12.778219892961893
wood,1.0,0.0,0.0,8.0,0.0,False,0.0,3.0,0.0,6.0,0.0,0.0,0.0,0.0,False,True,True,False,button_cr2032,,39030,True,True,0,0,0.6039809211883647,measured,18.202598267852107,True,10.123061894027119
wood,1.0,0.0,0.0,8.0,0.0,False,0.0,3.0,0.0,6.0,0.0,0.0,0.0,0.0,False,True,True,False,button_lr44,,39031,True,True,0,0,0.5816345951048838,measured,11.243284580396361,True,5.926594898998406
wood,1.0,0.0,0.0,8.0,0.0,False,0.0,3.0,0.0,6.0,0.0,0.0,0.0,0.0,False,True,True,False,bead_6,,39032,True,True,0,0,,specular_break,6.998815159638781,True,12.58189495208503
wood,1.0,0.0,0.0,8.0,0.0,False,0.0,3.0,0.0,6.0,0.0,0.0,0.0,0.0,False,True,True,False,bead_10_dark,,39033,True,True,0,0,,specular_break,12.403101267193824,True,5.895700141209659
wood,1.0,0.0,0.0,8.0,0.0,False,0.0,3.0,0.0,6.0,0.0,0.0,0.0,0.0,False,True,True,False,magnet_disc_10x3,,39034,True,True,0,0,,specular_break,9.708838814664837,True,3.7278339067440287
wood,1.0,0.0,0.0,8.0,0.0,False,0.0,3.0,0.0,6.0,0.0,0.0,0.0,0.0,False,True,True,False,magnet_ball_5,,39035,True,True,0,0,,specular_break,5.5396689595647155,True,0.7093339294287043
wood,1.0,0.0,0.0,8.0,0.0,False,0.0,3.0,0.0,6.0,0.0,0.0,0.0,0.0,False,True,True,False,pill_8,,39036,True,True,0,0,2.3517088393552736,measured,7.9611978153203165,False,4.315173124723076
wood,1.0,0.0,0.0,8.0,0.0,False,0.0,3.0,0.0,6.0,0.0,0.0,0.0,0.0,False,True,True,False,plastic_part_8,,39037,True,True,0,0,2.6854902586196214,measured,7.895314284661715,True,4.50047526922198
wood,1.0,0.0,0.0,8.0,0.0,False,0.0,3.0,0.0,6.0,0.0,0.0,0.0,0.0,False,True,True,False,floor_colored_12,,39038,True,True,0,0,0.5484249127697058,measured,11.649432401914021,False,5.812626034400907
wood,1.0,0.0,0.0,8.0,0.0,False,0.0,3.0,0.0,6.0,0.0,0.0,0.0,0.0,False,True,True,False,,empty,39039,False,False,0,0,,,,False,
wood,1.0,0.0,0.0,8.0,0.0,False,0.0,3.0,0.0,6.0,0.0,0.0,0.0,0.0,False,True,True,False,,stain,39040,False,False,0,0,,,,False,
wood,1.0,0.0,0.0,8.0,0.0,False,0.0,3.0,0.0,6.0,0.0,0.0,0.0,0.0,False,True,True,False,,seam,39041,False,False,0,0,,,,False,
wood,1.0,0.0,0.0,8.0,0.0,False,0.0,3.0,0.0,3.0,0.0,0.0,0.0,0.0,False,True,True,False,coin_1yen,,40000,True,True,0,0,1.4542299436041617,measured,18.490643135424953,False,9.162087107068828
wood,1.0,0.0,0.0,8.0,0.0,False,0.0,3.0,0.0,3.0,0.0,0.0,0.0,0.0,False,True,True,False,coin_10yen,,40001,True,True,0,0,0.7808595094439958,measured,17.25106147634954,False,13.336078151263228
wood,1.0,0.0,0.0,8.0,0.0,False,0.0,3.0,0.0,3.0,0.0,0.0,0.0,0.0,False,True,True,False,button_cr2032,,40002,True,True,0,0,,specular_break,18.501040312978414,True,10.329483144202356
wood,1.0,0.0,0.0,8.0,0.0,False,0.0,3.0,0.0,3.0,0.0,0.0,0.0,0.0,False,True,True,False,button_lr44,,40003,True,True,0,0,,specular_break,11.521463071522929,True,5.836790878284243
wood,1.0,0.0,0.0,8.0,0.0,False,0.0,3.0,0.0,3.0,0.0,0.0,0.0,0.0,False,True,True,False,bead_6,,40004,True,True,0,0,,specular_break,7.056219854924849,True,12.97795573224339
wood,1.0,0.0,0.0,8.0,0.0,False,0.0,3.0,0.0,3.0,0.0,0.0,0.0,0.0,False,True,True,False,bead_10_dark,,40005,True,True,0,0,,specular_break,12.394389028787176,True,5.577815894588601
wood,1.0,0.0,0.0,8.0,0.0,False,0.0,3.0,0.0,3.0,0.0,0.0,0.0,0.0,False,True,True,False,magnet_disc_10x3,,40006,True,True,0,0,,specular_break,9.721888736483098,True,3.0651542633600815
wood,1.0,0.0,0.0,8.0,0.0,False,0.0,3.0,0.0,3.0,0.0,0.0,0.0,0.0,False,True,True,False,magnet_ball_5,,40007,True,True,0,0,,specular_break,4.550857543844752,True,12.857031070420724
wood,1.0,0.0,0.0,8.0,0.0,False,0.0,3.0,0.0,3.0,0.0,0.0,0.0,0.0,False,True,True,False,pill_8,,40008,True,True,0,0,2.3663633108135294,measured,7.889772944752465,False,4.25141120369713
wood,1.0,0.0,0.0,8.0,0.0,False,0.0,3.0,0.0,3.0,0.0,0.0,0.0,0.0,False,True,True,False,plastic_part_8,,40009,True,True,0,0,2.7653380022931735,measured,7.946214831336904,True,4.131698087586148
wood,1.0,0.0,0.0,8.0,0.0,False,0.0,3.0,0.0,3.0,0.0,0.0,0.0,0.0,False,True,True,False,floor_colored_12,,40010,True,True,0,0,0.5646295773673824,measured,11.253772119068094,False,5.9427238611632225
wood,1.0,0.0,0.0,8.0,0.0,False,0.0,3.0,0.0,3.0,0.0,0.0,0.0,0.0,False,True,True,False,,empty,40011,False,False,0,0,,,,False,
wood,1.0,0.0,0.0,8.0,0.0,False,0.0,3.0,0.0,3.0,0.0,0.0,0.0,0.0,False,True,True,False,,stain,40012,False,False,0,0,,,,False,
wood,1.0,0.0,0.0,8.0,0.0,False,0.0,3.0,0.0,3.0,0.0,0.0,0.0,0.0,False,True,True,False,,seam,40013,False,False,0,0,,,,False,
wood,1.0,0.0,0.0,8.0,0.0,False,0.0,3.0,0.0,3.0,0.0,0.0,0.0,0.0,False,True,True,False,coin_1yen,,40014,True,True,0,0,1.4691494549484219,measured,18.359303848226606,False,9.700465341077894
wood,1.0,0.0,0.0,8.0,0.0,False,0.0,3.0,0.0,3.0,0.0,0.0,0.0,0.0,False,True,True,False,coin_10yen,,40015,True,True,0,0,0.7225095479854406,measured,17.17587914090076,False,19.6596449670227
wood,1.0,0.0,0.0,8.0,0.0,False,0.0,3.0,0.0,3.0,0.0,0.0,0.0,0.0,False,True,True,False,button_cr2032,,40016,True,True,0,0,1.0410167126797294,measured,18.30623370986089,True,10.237709919956211
wood,1.0,0.0,0.0,8.0,0.0,False,0.0,3.0,0.0,3.0,0.0,0.0,0.0,0.0,False,True,True,False,button_lr44,,40017,True,True,0,0,1.15030327282469,measured,11.274443118528811,True,5.915759466433075
wood,1.0,0.0,0.0,8.0,0.0,False,0.0,3.0,0.0,3.0,0.0,0.0,0.0,0.0,False,True,True,False,bead_6,,40018,True,True,0,0,,specular_break,7.025269482136137,True,10.57083560666792
wood,1.0,0.0,0.0,8.0,0.0,False,0.0,3.0,0.0,3.0,0.0,0.0,0.0,0.0,False,True,True,False,bead_10_dark,,40019,True,True,0,0,,specular_break,12.43393522343244,True,5.834652440418424
wood,1.0,0.0,0.0,8.0,0.0,False,0.0,3.0,0.0,3.0,0.0,0.0,0.0,0.0,False,True,True,False,magnet_disc_10x3,,40020,True,True,0,0,,specular_break,9.765653712983006,True,3.5394875198731324
wood,1.0,0.0,0.0,8.0,0.0,False,0.0,3.0,0.0,3.0,0.0,0.0,0.0,0.0,False,True,True,False,magnet_ball_5,,40021,True,True,0,0,,specular_break,5.676575204172753,True,0.8435565272645735
wood,1.0,0.0,0.0,8.0,0.0,False,0.0,3.0,0.0,3.0,0.0,0.0,0.0,0.0,False,True,True,False,pill_8,,40022,True,True,0,0,2.402307706939741,measured,7.944089997855948,False,4.023337089931518
wood,1.0,0.0,0.0,8.0,0.0,False,0.0,3.0,0.0,3.0,0.0,0.0,0.0,0.0,False,True,True,False,plastic_part_8,,40023,True,True,0,0,2.686144014149015,measured,7.9653608141808405,True,4.2995812373870415
wood,1.0,0.0,0.0,8.0,0.0,False,0.0,3.0,0.0,3.0,0.0,0.0,0.0,0.0,False,True,True,False,floor_colored_12,,40024,True,True,0,0,0.5959638448048103,measured,11.327172209900082,False,5.975498451518533
wood,1.0,0.0,0.0,8.0,0.0,False,0.0,3.0,0.0,3.0,0.0,0.0,0.0,0.0,False,True,True,False,,empty,40025,False,False,0,0,,,,False,
wood,1.0,0.0,0.0,8.0,0.0,False,0.0,3.0,0.0,3.0,0.0,0.0,0.0,0.0,False,True,True,False,,stain,40026,False,False,0,0,,,,False,
wood,1.0,0.0,0.0,8.0,0.0,False,0.0,3.0,0.0,3.0,0.0,0.0,0.0,0.0,False,True,True,False,,seam,40027,False,False,0,0,,,,False,
wood,1.0,0.0,0.0,8.0,0.0,False,0.0,3.0,0.0,3.0,0.0,0.0,0.0,0.0,False,True,True,False,coin_1yen,,40028,True,True,0,0,1.4532140366323887,measured,18.560867140704847,False,9.827400837563177
wood,1.0,0.0,0.0,8.0,0.0,False,0.0,3.0,0.0,3.0,0.0,0.0,0.0,0.0,False,True,True,False,coin_10yen,,40029,True,True,0,0,0.7247786000298664,measured,17.17709049079495,False,16.502419642722963
wood,1.0,0.0,0.0,8.0,0.0,False,0.0,3.0,0.0,3.0,0.0,0.0,0.0,0.0,False,True,True,False,button_cr2032,,40030,True,True,0,0,0.6000365849145677,measured,18.36116139337871,True,10.15514367574145
wood,1.0,0.0,0.0,8.0,0.0,False,0.0,3.0,0.0,3.0,0.0,0.0,0.0,0.0,False,True,True,False,button_lr44,,40031,True,True,0,0,,specular_break,11.22646712311377,True,6.075426173262898
wood,1.0,0.0,0.0,8.0,0.0,False,0.0,3.0,0.0,3.0,0.0,0.0,0.0,0.0,False,True,True,False,bead_6,,40032,True,True,0,0,,specular_break,7.021943641386784,True,12.170383516670086
wood,1.0,0.0,0.0,8.0,0.0,False,0.0,3.0,0.0,3.0,0.0,0.0,0.0,0.0,False,True,True,False,bead_10_dark,,40033,True,True,0,0,,specular_break,12.371051222303775,True,5.389884434505219
wood,1.0,0.0,0.0,8.0,0.0,False,0.0,3.0,0.0,3.0,0.0,0.0,0.0,0.0,False,True,True,False,magnet_disc_10x3,,40034,True,True,0,0,,specular_break,9.692344901612305,True,3.3138550244495666
wood,1.0,0.0,0.0,8.0,0.0,False,0.0,3.0,0.0,3.0,0.0,0.0,0.0,0.0,False,True,True,False,magnet_ball_5,,40035,True,True,0,0,,specular_break,4.466386204205802,True,10.880720649184756
wood,1.0,0.0,0.0,8.0,0.0,False,0.0,3.0,0.0,3.0,0.0,0.0,0.0,0.0,False,True,True,False,pill_8,,40036,True,True,0,0,2.1716239091183613,measured,7.934572303202687,False,4.315958216795281
wood,1.0,0.0,0.0,8.0,0.0,False,0.0,3.0,0.0,3.0,0.0,0.0,0.0,0.0,False,True,True,False,plastic_part_8,,40037,True,True,0,0,2.912197253405573,measured,7.965889174363823,True,4.079925594373108
wood,1.0,0.0,0.0,8.0,0.0,False,0.0,3.0,0.0,3.0,0.0,0.0,0.0,0.0,False,True,True,False,floor_colored_12,,40038,True,True,0,0,0.626405517732552,measured,11.798295107179271,False,5.891858993142296
wood,1.0,0.0,0.0,8.0,0.0,False,0.0,3.0,0.0,3.0,0.0,0.0,0.0,0.0,False,True,True,False,,empty,40039,False,False,0,0,,,,False,
wood,1.0,0.0,0.0,8.0,0.0,False,0.0,3.0,0.0,3.0,0.0,0.0,0.0,0.0,False,True,True,False,,stain,40040,False,False,0,0,,,,False,
wood,1.0,0.0,0.0,8.0,0.0,False,0.0,3.0,0.0,3.0,0.0,0.0,0.0,0.0,False,True,True,False,,seam,40041,False,False,0,0,,,,False,
wood,1.0,0.0,0.0,8.0,0.0,False,0.0,3.0,0.0,10.0,0.0,0.0,0.0,0.0,False,True,True,False,coin_1yen,,41000,True,True,0,0,1.4684543598120818,measured,18.151203656775387,False,9.772835518809488
wood,1.0,0.0,0.0,8.0,0.0,False,0.0,3.0,0.0,10.0,0.0,0.0,0.0,0.0,False,True,True,False,coin_10yen,,41001,False,True,0,0,1.4727533159855124,measured,10.645911219986315,False,10.49677454493665
wood,1.0,0.0,0.0,8.0,0.0,False,0.0,3.0,0.0,10.0,0.0,0.0,0.0,0.0,False,True,True,False,button_cr2032,,41002,True,True,0,0,,specular_break,18.31168741102093,True,10.206122287021632
wood,1.0,0.0,0.0,8.0,0.0,False,0.0,3.0,0.0,10.0,0.0,0.0,0.0,0.0,False,True,True,False,button_lr44,,41003,True,True,0,0,,specular_break,11.36171962932538,True,6.133023402430283
wood,1.0,0.0,0.0,8.0,0.0,False,0.0,3.0,0.0,10.0,0.0,0.0,0.0,0.0,False,True,True,False,bead_6,,41004,True,True,0,0,,specular_break,7.092630119184248,True,14.343376082943829
wood,1.0,0.0,0.0,8.0,0.0,False,0.0,3.0,0.0,10.0,0.0,0.0,0.0,0.0,False,True,True,False,bead_10_dark,,41005,True,True,0,0,,specular_break,12.517481437362061,True,5.371237877927015
wood,1.0,0.0,0.0,8.0,0.0,False,0.0,3.0,0.0,10.0,0.0,0.0,0.0,0.0,False,True,True,False,magnet_disc_10x3,,41006,True,True,0,0,,specular_break,10.055748722533831,True,2.9975308503172613
wood,1.0,0.0,0.0,8.0,0.0,False,0.0,3.0,0.0,10.0,0.0,0.0,0.0,0.0,False,True,True,False,magnet_ball_5,,41007,True,True,0,0,,specular_break,5.7868032436175465,True,1.0038891059737092
wood,1.0,0.0,0.0,8.0,0.0,False,0.0,3.0,0.0,10.0,0.0,0.0,0.0,0.0,False,True,True,False,pill_8,,41008,True,True,0,0,2.1553555388601975,measured,7.8734282226859635,False,4.339102127083078
wood,1.0,0.0,0.0,8.0,0.0,False,0.0,3.0,0.0,10.0,0.0,0.0,0.0,0.0,False,True,True,False,plastic_part_8,,41009,True,True,0,0,2.7904639313052293,measured,7.9008494123108095,True,4.334172026086412
wood,1.0,0.0,0.0,8.0,0.0,False,0.0,3.0,0.0,10.0,0.0,0.0,0.0,0.0,False,True,True,False,floor_colored_12,,41010,True,True,0,0,0.6366846145182272,measured,11.361927715164637,False,5.888145501720797
wood,1.0,0.0,0.0,8.0,0.0,False,0.0,3.0,0.0,10.0,0.0,0.0,0.0,0.0,False,True,True,False,,empty,41011,False,False,0,0,,,,False,
wood,1.0,0.0,0.0,8.0,0.0,False,0.0,3.0,0.0,10.0,0.0,0.0,0.0,0.0,False,True,True,False,,stain,41012,False,False,0,0,,,,False,
wood,1.0,0.0,0.0,8.0,0.0,False,0.0,3.0,0.0,10.0,0.0,0.0,0.0,0.0,False,True,True,False,,seam,41013,False,False,0,0,,,,False,
wood,1.0,0.0,0.0,8.0,0.0,False,0.0,3.0,0.0,10.0,0.0,0.0,0.0,0.0,False,True,True,False,coin_1yen,,41014,True,True,0,0,1.467467224502423,measured,18.481801700699982,False,9.960048367789232
wood,1.0,0.0,0.0,8.0,0.0,False,0.0,3.0,0.0,10.0,0.0,0.0,0.0,0.0,False,True,True,False,coin_10yen,,41015,False,True,0,0,1.4705552640186568,measured,9.011814721200851,False,10.729929519934963
wood,1.0,0.0,0.0,8.0,0.0,False,0.0,3.0,0.0,10.0,0.0,0.0,0.0,0.0,False,True,True,False,button_cr2032,,41016,True,True,0,0,0.5530529622111224,measured,18.58340332179784,True,10.478481882748849
wood,1.0,0.0,0.0,8.0,0.0,False,0.0,3.0,0.0,10.0,0.0,0.0,0.0,0.0,False,True,True,False,button_lr44,,41017,True,True,0,0,0.5062169405271231,measured,11.20088773357135,True,6.0114572189183315
wood,1.0,0.0,0.0,8.0,0.0,False,0.0,3.0,0.0,10.0,0.0,0.0,0.0,0.0,False,True,True,False,bead_6,,41018,True,True,0,0,,specular_break,6.857139148957062,True,17.086121081352147
wood,1.0,0.0,0.0,8.0,0.0,False,0.0,3.0,0.0,10.0,0.0,0.0,0.0,0.0,False,True,True,False,bead_10_dark,,41019,True,True,0,0,,specular_break,12.368716926103117,True,5.639546261739284
wood,1.0,0.0,0.0,8.0,0.0,False,0.0,3.0,0.0,10.0,0.0,0.0,0.0,0.0,False,True,True,False,magnet_disc_10x3,,41020,True,True,0,0,,specular_break,9.926959159836594,True,3.056511461334639
wood,1.0,0.0,0.0,8.0,0.0,False,0.0,3.0,0.0,10.0,0.0,0.0,0.0,0.0,False,True,True,False,magnet_ball_5,,41021,True,True,0,0,,specular_break,4.686258163959038,True,11.279881120643058
wood,1.0,0.0,0.0,8.0,0.0,False,0.0,3.0,0.0,10.0,0.0,0.0,0.0,0.0,False,True,True,False,pill_8,,41022,True,True,0,0,2.3941907433812695,measured,7.961995594473882,False,4.29023573219168
wood,1.0,0.0,0.0,8.0,0.0,False,0.0,3.0,0.0,10.0,0.0,0.0,0.0,0.0,False,True,True,False,plastic_part_8,,41023,True,True,0,0,2.7049635159489807,measured,7.843693662961626,True,4.547754278935059
wood,1.0,0.0,0.0,8.0,0.0,False,0.0,3.0,0.0,10.0,0.0,0.0,0.0,0.0,False,True,True,False,floor_colored_12,,41024,True,True,0,0,0.6053752624308206,measured,11.474039989350306,False,5.835814294588644
wood,1.0,0.0,0.0,8.0,0.0,False,0.0,3.0,0.0,10.0,0.0,0.0,0.0,0.0,False,True,True,False,,empty,41025,False,False,0,0,,,,False,
wood,1.0,0.0,0.0,8.0,0.0,False,0.0,3.0,0.0,10.0,0.0,0.0,0.0,0.0,False,True,True,False,,stain,41026,False,False,0,0,,,,False,
wood,1.0,0.0,0.0,8.0,0.0,False,0.0,3.0,0.0,10.0,0.0,0.0,0.0,0.0,False,True,True,False,,seam,41027,False,False,0,0,,,,False,
wood,1.0,0.0,0.0,8.0,0.0,False,0.0,3.0,0.0,10.0,0.0,0.0,0.0,0.0,False,True,True,False,coin_1yen,,41028,True,True,0,0,1.447497538185642,measured,18.525425009574626,False,9.848755390926113
wood,1.0,0.0,0.0,8.0,0.0,False,0.0,3.0,0.0,10.0,0.0,0.0,0.0,0.0,False,True,True,False,coin_10yen,,41029,False,True,0,0,1.462508727688693,measured,9.440839639984352,False,10.835200486035504
wood,1.0,0.0,0.0,8.0,0.0,False,0.0,3.0,0.0,10.0,0.0,0.0,0.0,0.0,False,True,True,False,button_cr2032,,41030,True,True,0,0,0.7011644801173436,measured,18.338604817765265,True,10.23947252692439
wood,1.0,0.0,0.0,8.0,0.0,False,0.0,3.0,0.0,10.0,0.0,0.0,0.0,0.0,False,True,True,False,button_lr44,,41031,True,True,0,0,0.5045900078102843,measured,11.300434400547957,True,5.809369132278527
wood,1.0,0.0,0.0,8.0,0.0,False,0.0,3.0,0.0,10.0,0.0,0.0,0.0,0.0,False,True,True,False,bead_6,,41032,True,True,0,0,,specular_break,6.943477818214168,True,15.307259151411671
wood,1.0,0.0,0.0,8.0,0.0,False,0.0,3.0,0.0,10.0,0.0,0.0,0.0,0.0,False,True,True,False,bead_10_dark,,41033,True,True,0,0,,specular_break,12.521485953883976,True,5.3174589463476964
wood,1.0,0.0,0.0,8.0,0.0,False,0.0,3.0,0.0,10.0,0.0,0.0,0.0,0.0,False,True,True,False,magnet_disc_10x3,,41034,True,True,0,0,,specular_break,9.587731613643573,True,2.8831529639523836
wood,1.0,0.0,0.0,8.0,0.0,False,0.0,3.0,0.0,10.0,0.0,0.0,0.0,0.0,False,True,True,False,magnet_ball_5,,41035,True,True,0,0,,specular_break,4.706821977394483,True,10.247487966524028
wood,1.0,0.0,0.0,8.0,0.0,False,0.0,3.0,0.0,10.0,0.0,0.0,0.0,0.0,False,True,True,False,pill_8,,41036,True,True,0,0,2.393524280922948,measured,7.839477235265681,False,4.230285258399703
wood,1.0,0.0,0.0,8.0,0.0,False,0.0,3.0,0.0,10.0,0.0,0.0,0.0,0.0,False,True,True,False,plastic_part_8,,41037,True,True,0,0,2.8031274767602863,measured,8.13080628326396,True,4.2330592950426835
wood,1.0,0.0,0.0,8.0,0.0,False,0.0,3.0,0.0,10.0,0.0,0.0,0.0,0.0,False,True,True,False,floor_colored_12,,41038,True,True,0,0,0.7838004115797208,measured,11.379796411007009,False,5.893329424179528
wood,1.0,0.0,0.0,8.0,0.0,False,0.0,3.0,0.0,10.0,0.0,0.0,0.0,0.0,False,True,True,False,,empty,41039,False,False,0,0,,,,False,
wood,1.0,0.0,0.0,8.0,0.0,False,0.0,3.0,0.0,10.0,0.0,0.0,0.0,0.0,False,True,True,False,,stain,41040,False,False,0,0,,,,False,
wood,1.0,0.0,0.0,8.0,0.0,False,0.0,3.0,0.0,10.0,0.0,0.0,0.0,0.0,False,True,True,False,,seam,41041,False,False,0,0,,,,False,
wood,1.0,0.0,0.0,8.0,0.0,False,0.0,3.0,0.0,15.0,0.0,0.0,0.0,0.0,False,True,True,False,coin_1yen,,42000,False,True,0,0,1.478501541015806,measured,17.994514004784776,False,9.825991872788055
wood,1.0,0.0,0.0,8.0,0.0,False,0.0,3.0,0.0,15.0,0.0,0.0,0.0,0.0,False,True,True,False,coin_10yen,,42001,False,True,0,0,1.4662270290486799,measured,10.036745254168318,False,10.566760114736567
wood,1.0,0.0,0.0,8.0,0.0,False,0.0,3.0,0.0,15.0,0.0,0.0,0.0,0.0,False,True,True,False,button_cr2032,,42002,False,True,0,0,0.6200931696554921,measured,18.476054388350004,True,10.294887330669054
wood,1.0,0.0,0.0,8.0,0.0,False,0.0,3.0,0.0,15.0,0.0,0.0,0.0,0.0,False,True,True,False,button_lr44,,42003,True,True,0,0,1.1159318526773507,measured,11.281547094655544,True,5.941173893519286
wood,1.0,0.0,0.0,8.0,0.0,False,0.0,3.0,0.0,15.0,0.0,0.0,0.0,0.0,False,True,True,False,bead_6,,42004,True,True,0,0,,specular_break,6.935801829988343,True,15.708394713943136
wood,1.0,0.0,0.0,8.0,0.0,False,0.0,3.0,0.0,15.0,0.0,0.0,0.0,0.0,False,True,True,False,bead_10_dark,,42005,True,True,0,0,,specular_break,12.681251615139502,True,5.3292995848599105
wood,1.0,0.0,0.0,8.0,0.0,False,0.0,3.0,0.0,15.0,0.0,0.0,0.0,0.0,False,True,True,False,magnet_disc_10x3,,42006,True,True,0,0,,specular_break,9.72948693010286,True,3.5115060599671177
wood,1.0,0.0,0.0,8.0,0.0,False,0.0,3.0,0.0,15.0,0.0,0.0,0.0,0.0,False,True,True,False,magnet_ball_5,,42007,True,True,0,0,,specular_break,5.573298743823936,True,1.13774478512431
wood,1.0,0.0,0.0,8.0,0.0,False,0.0,3.0,0.0,15.0,0.0,0.0,0.0,0.0,False,True,True,False,pill_8,,42008,True,True,0,0,2.3169947936962956,measured,7.965913623271819,False,4.332221306743126
wood,1.0,0.0,0.0,8.0,0.0,False,0.0,3.0,0.0,15.0,0.0,0.0,0.0,0.0,False,True,True,False,plastic_part_8,,42009,True,True,0,0,2.745564190526018,measured,7.975080310637932,True,4.073573701411405
wood,1.0,0.0,0.0,8.0,0.0,False,0.0,3.0,0.0,15.0,0.0,0.0,0.0,0.0,False,True,True,False,floor_colored_12,,42010,True,True,0,0,0.6284040364834826,measured,11.56761278536131,False,5.867782900847956
wood,1.0,0.0,0.0,8.0,0.0,False,0.0,3.0,0.0,15.0,0.0,0.0,0.0,0.0,False,True,True,False,,empty,42011,False,False,0,0,,,,False,
wood,1.0,0.0,0.0,8.0,0.0,False,0.0,3.0,0.0,15.0,0.0,0.0,0.0,0.0,False,True,True,False,,stain,42012,False,False,0,0,,,,False,
wood,1.0,0.0,0.0,8.0,0.0,False,0.0,3.0,0.0,15.0,0.0,0.0,0.0,0.0,False,True,True,False,,seam,42013,False,False,0,0,,,,False,
wood,1.0,0.0,0.0,8.0,0.0,False,0.0,3.0,0.0,15.0,0.0,0.0,0.0,0.0,False,True,True,False,coin_1yen,,42014,False,True,0,0,1.474586134527227,measured,17.748048763282764,False,9.846785353147423
wood,1.0,0.0,0.0,8.0,0.0,False,0.0,3.0,0.0,15.0,0.0,0.0,0.0,0.0,False,True,True,False,coin_10yen,,42015,False,True,0,0,1.4480666398164797,measured,9.08614638594921,False,10.714135635716005
wood,1.0,0.0,0.0,8.0,0.0,False,0.0,3.0,0.0,15.0,0.0,0.0,0.0,0.0,False,True,True,False,button_cr2032,,42016,True,True,0,0,,specular_break,18.60144878906036,True,10.11932239085998
wood,1.0,0.0,0.0,8.0,0.0,False,0.0,3.0,0.0,15.0,0.0,0.0,0.0,0.0,False,True,True,False,button_lr44,,42017,True,True,0,0,,specular_break,11.065691776361689,True,5.974763404769568
wood,1.0,0.0,0.0,8.0,0.0,False,0.0,3.0,0.0,15.0,0.0,0.0,0.0,0.0,False,True,True,False,bead_6,,42018,True,True,0,0,,specular_break,7.110184106738549,True,13.580482073724227
wood,1.0,0.0,0.0,8.0,0.0,False,0.0,3.0,0.0,15.0,0.0,0.0,0.0,0.0,False,True,True,False,bead_10_dark,,42019,True,True,0,0,,specular_break,12.426071852000423,True,5.46703882887773
wood,1.0,0.0,0.0,8.0,0.0,False,0.0,3.0,0.0,15.0,0.0,0.0,0.0,0.0,False,True,True,False,magnet_disc_10x3,,42020,True,True,0,0,,specular_break,9.836720479179668,True,3.178635409183619
wood,1.0,0.0,0.0,8.0,0.0,False,0.0,3.0,0.0,15.0,0.0,0.0,0.0,0.0,False,True,True,False,magnet_ball_5,,42021,True,True,0,0,,specular_break,4.640181400880952,True,8.282306006300765
wood,1.0,0.0,0.0,8.0,0.0,False,0.0,3.0,0.0,15.0,0.0,0.0,0.0,0.0,False,True,True,False,pill_8,,42022,True,True,0,0,2.3104095210925415,measured,7.861792960426897,False,4.104592851442515
wood,1.0,0.0,0.0,8.0,0.0,False,0.0,3.0,0.0,15.0,0.0,0.0,0.0,0.0,False,True,True,False,plastic_part_8,,42023,True,True,0,0,2.789138033993545,measured,8.084703252426744,True,4.265376705418225
wood,1.0,0.0,0.0,8.0,0.0,False,0.0,3.0,0.0,15.0,0.0,0.0,0.0,0.0,False,True,True,False,floor_colored_12,,42024,True,True,0,0,0.4661817953596845,measured,11.754237124855077,False,5.94610411094161
wood,1.0,0.0,0.0,8.0,0.0,False,0.0,3.0,0.0,15.0,0.0,0.0,0.0,0.0,False,True,True,False,,empty,42025,False,False,0,0,,,,False,
wood,1.0,0.0,0.0,8.0,0.0,False,0.0,3.0,0.0,15.0,0.0,0.0,0.0,0.0,False,True,True,False,,stain,42026,False,False,0,0,,,,False,
wood,1.0,0.0,0.0,8.0,0.0,False,0.0,3.0,0.0,15.0,0.0,0.0,0.0,0.0,False,True,True,False,,seam,42027,False,False,0,0,,,,False,
wood,1.0,0.0,0.0,8.0,0.0,False,0.0,3.0,0.0,15.0,0.0,0.0,0.0,0.0,False,True,True,False,coin_1yen,,42028,False,True,0,0,1.4344921827537398,measured,18.539972572317367,False,10.131037695417277
wood,1.0,0.0,0.0,8.0,0.0,False,0.0,3.0,0.0,15.0,0.0,0.0,0.0,0.0,False,True,True,False,coin_10yen,,42029,False,True,0,0,1.4837182222697791,measured,9.803256948995864,False,10.903552012438738
wood,1.0,0.0,0.0,8.0,0.0,False,0.0,3.0,0.0,15.0,0.0,0.0,0.0,0.0,False,True,True,False,button_cr2032,,42030,False,True,0,0,,specular_break,18.508611417047597,True,9.892143569094106
wood,1.0,0.0,0.0,8.0,0.0,False,0.0,3.0,0.0,15.0,0.0,0.0,0.0,0.0,False,True,True,False,button_lr44,,42031,True,True,0,0,,specular_break,11.172771045354876,True,5.840249233050362
wood,1.0,0.0,0.0,8.0,0.0,False,0.0,3.0,0.0,15.0,0.0,0.0,0.0,0.0,False,True,True,False,bead_6,,42032,True,True,0,0,,specular_break,6.628868427294368,True,19.687150827788873
wood,1.0,0.0,0.0,8.0,0.0,False,0.0,3.0,0.0,15.0,0.0,0.0,0.0,0.0,False,True,True,False,bead_10_dark,,42033,True,True,0,0,,specular_break,12.416102603771202,True,5.761209606258601
wood,1.0,0.0,0.0,8.0,0.0,False,0.0,3.0,0.0,15.0,0.0,0.0,0.0,0.0,False,True,True,False,magnet_disc_10x3,,42034,True,True,0,0,,specular_break,9.659413343465548,True,3.5933603775213596
wood,1.0,0.0,0.0,8.0,0.0,False,0.0,3.0,0.0,15.0,0.0,0.0,0.0,0.0,False,True,True,False,magnet_ball_5,,42035,True,True,0,0,,specular_break,5.002033697719323,True,1.752889566895295
wood,1.0,0.0,0.0,8.0,0.0,False,0.0,3.0,0.0,15.0,0.0,0.0,0.0,0.0,False,True,True,False,pill_8,,42036,True,True,0,0,2.390007275327015,measured,7.798253973684315,False,4.054371140199387
wood,1.0,0.0,0.0,8.0,0.0,False,0.0,3.0,0.0,15.0,0.0,0.0,0.0,0.0,False,True,True,False,plastic_part_8,,42037,True,True,0,0,2.813487336848299,measured,8.02686726794071,True,4.210010625661459
wood,1.0,0.0,0.0,8.0,0.0,False,0.0,3.0,0.0,15.0,0.0,0.0,0.0,0.0,False,True,True,False,floor_colored_12,,42038,True,True,0,0,0.45914706929741733,measured,11.378132487758945,False,5.682078114353521
wood,1.0,0.0,0.0,8.0,0.0,False,0.0,3.0,0.0,15.0,0.0,0.0,0.0,0.0,False,True,True,False,,empty,42039,False,False,0,0,,,,False,
wood,1.0,0.0,0.0,8.0,0.0,False,0.0,3.0,0.0,15.0,0.0,0.0,0.0,0.0,False,True,True,False,,stain,42040,False,False,0,0,,,,False,
wood,1.0,0.0,0.0,8.0,0.0,False,0.0,3.0,0.0,15.0,0.0,0.0,0.0,0.0,False,True,True,False,,seam,42041,False,False,0,0,,,,False,
wood,1.0,0.0,0.0,8.0,0.0,False,0.0,3.0,0.0,6.0,0.0,0.0,0.0,0.0,False,True,True,False,coin_1yen,,43000,True,True,0,0,1.4785843235689846,measured,17.765210094578503,False,9.954939551272949
wood,1.0,0.0,0.0,8.0,0.0,False,0.0,3.0,0.0,6.0,0.0,0.0,0.0,0.0,False,True,True,False,coin_10yen,,43001,True,True,0,0,0.7461739580968736,measured,17.23538790570842,False,14.024631251110035
wood,1.0,0.0,0.0,8.0,0.0,False,0.0,3.0,0.0,6.0,0.0,0.0,0.0,0.0,False,True,True,False,button_cr2032,,43002,True,True,0,0,0.9105816262778372,measured,18.528518697486177,True,10.31483041637545
wood,1.0,0.0,0.0,8.0,0.0,False,0.0,3.0,0.0,6.0,0.0,0.0,0.0,0.0,False,True,True,False,button_lr44,,43003,True,True,0,0,,specular_break,11.271755056792,True,5.832800341488078
wood,1.0,0.0,0.0,8.0,0.0,False,0.0,3.0,0.0,6.0,0.0,0.0,0.0,0.0,False,True,True,False,bead_6,,43004,True,True,0,0,,specular_break,6.929873671771632,True,17.17396103189188
wood,1.0,0.0,0.0,8.0,0.0,False,0.0,3.0,0.0,6.0,0.0,0.0,0.0,0.0,False,True,True,False,bead_10_dark,,43005,True,True,0,0,,specular_break,12.491424447449994,True,5.517181428077791
wood,1.0,0.0,0.0,8.0,0.0,False,0.0,3.0,0.0,6.0,0.0,0.0,0.0,0.0,False,True,True,False,magnet_disc_10x3,,43006,True,True,0,0,,specular_break,9.630544055161414,True,3.5759457599570834
wood,1.0,0.0,0.0,8.0,0.0,False,0.0,3.0,0.0,6.0,0.0,0.0,0.0,0.0,False,True,True,False,magnet_ball_5,,43007,True,True,0,0,,specular_break,4.562278365507641,True,8.928399742266054
wood,1.0,0.0,0.0,8.0,0.0,False,0.0,3.0,0.0,6.0,0.0,0.0,0.0,0.0,False,True,True,False,pill_8,,43008,True,True,0,0,2.348338982597646,measured,7.943159714622967,False,4.168857853012118
wood,1.0,0.0,0.0,8.0,0.0,False,0.0,3.0,0.0,6.0,0.0,0.0,0.0,0.0,False,True,True,False,plastic_part_8,,43009,True,True,0,0,2.718208214210714,measured,8.200946823747767,True,4.455327532242045
wood,1.0,0.0,0.0,8.0,0.0,False,0.0,3.0,0.0,6.0,0.0,0.0,0.0,0.0,False,True,True,False,floor_colored_12,,43010,True,True,0,0,0.7053346434632921,measured,11.485466985399436,False,5.930528344846642
wood,1.0,0.0,0.0,8.0,0.0,False,0.0,3.0,0.0,6.0,0.0,0.0,0.0,0.0,False,True,True,False,,empty,43011,False,False,0,0,,,,False,
wood,1.0,0.0,0.0,8.0,0.0,False,0.0,3.0,0.0,6.0,0.0,0.0,0.0,0.0,False,True,True,False,,stain,43012,False,False,0,0,,,,False,
wood,1.0,0.0,0.0,8.0,0.0,False,0.0,3.0,0.0,6.0,0.0,0.0,0.0,0.0,False,True,True,False,,seam,43013,False,False,0,0,,,,False,
wood,1.0,0.0,0.0,8.0,0.0,False,0.0,3.0,0.0,6.0,0.0,0.0,0.0,0.0,False,True,True,False,coin_1yen,,43014,True,True,0,0,1.4441291736331987,measured,18.102844760273356,False,9.924623534022162
wood,1.0,0.0,0.0,8.0,0.0,False,0.0,3.0,0.0,6.0,0.0,0.0,0.0,0.0,False,True,True,False,coin_10yen,,43015,True,True,0,0,0.6656931521042768,measured,17.11842015576824,False,20.41298076389655
wood,1.0,0.0,0.0,8.0,0.0,False,0.0,3.0,0.0,6.0,0.0,0.0,0.0,0.0,False,True,True,False,button_cr2032,,43016,True,True,0,0,,specular_break,18.177028404653896,True,9.819898577822194
wood,1.0,0.0,0.0,8.0,0.0,False,0.0,3.0,0.0,6.0,0.0,0.0,0.0,0.0,False,True,True,False,button_lr44,,43017,True,True,0,0,,specular_break,11.24216880976319,True,6.155078596425165
wood,1.0,0.0,0.0,8.0,0.0,False,0.0,3.0,0.0,6.0,0.0,0.0,0.0,0.0,False,True,True,False,bead_6,,43018,True,True,0,0,,specular_break,6.8332771746110215,True,17.099969467092848
wood,1.0,0.0,0.0,8.0,0.0,False,0.0,3.0,0.0,6.0,0.0,0.0,0.0,0.0,False,True,True,False,bead_10_dark,,43019,True,True,0,0,,specular_break,12.578547564849263,True,5.3429166147650475
wood,1.0,0.0,0.0,8.0,0.0,False,0.0,3.0,0.0,6.0,0.0,0.0,0.0,0.0,False,True,True,False,magnet_disc_10x3,,43020,True,True,0,0,,specular_break,9.58206733780201,True,2.891543126556442
wood,1.0,0.0,0.0,8.0,0.0,False,0.0,3.0,0.0,6.0,0.0,0.0,0.0,0.0,False,True,True,False,magnet_ball_5,,43021,True,True,0,0,,specular_break,5.033594625900551,True,1.2394691438632177
wood,1.0,0.0,0.0,8.0,0.0,False,0.0,3.0,0.0,6.0,0.0,0.0,0.0,0.0,False,True,True,False,pill_8,,43022,True,True,0,0,2.4416553454203864,measured,7.928158777574281,False,4.03607851105855
wood,1.0,0.0,0.0,8.0,0.0,False,0.0,3.0,0.0,6.0,0.0,0.0,0.0,0.0,False,True,True,False,plastic_part_8,,43023,True,True,0,0,2.878722477666786,measured,7.968963718626437,True,4.064599547752064
wood,1.0,0.0,0.0,8.0,0.0,False,0.0,3.0,0.0,6.0,0.0,0.0,0.0,0.0,False,True,True,False,floor_colored_12,,43024,True,True,0,0,0.7581994915347217,measured,11.407975075653535,False,5.808830330071304
wood,1.0,0.0,0.0,8.0,0.0,False,0.0,3.0,0.0,6.0,0.0,0.0,0.0,0.0,False,True,True,False,,empty,43025,False,False,0,0,,,,False,
wood,1.0,0.0,0.0,8.0,0.0,False,0.0,3.0,0.0,6.0,0.0,0.0,0.0,0.0,False,True,True,False,,stain,43026,False,False,0,0,,,,False,
wood,1.0,0.0,0.0,8.0,0.0,False,0.0,3.0,0.0,6.0,0.0,0.0,0.0,0.0,False,True,True,False,,seam,43027,False,False,0,0,,,,False,
wood,1.0,0.0,0.0,8.0,0.0,False,0.0,3.0,0.0,6.0,0.0,0.0,0.0,0.0,False,True,True,False,coin_1yen,,43028,True,True,0,0,1.4372211506109114,measured,18.344966242722336,False,10.366175220890769
wood,1.0,0.0,0.0,8.0,0.0,False,0.0,3.0,0.0,6.0,0.0,0.0,0.0,0.0,False,True,True,False,coin_10yen,,43029,True,True,0,0,0.768036664177222,measured,17.212920190889637,False,13.170178416350451
wood,1.0,0.0,0.0,8.0,0.0,False,0.0,3.0,0.0,6.0,0.0,0.0,0.0,0.0,False,True,True,False,button_cr2032,,43030,True,True,0,0,,specular_break,18.70553290536591,True,10.03314043314454
wood,1.0,0.0,0.0,8.0,0.0,False,0.0,3.0,0.0,6.0,0.0,0.0,0.0,0.0,False,True,True,False,button_lr44,,43031,True,True,0,0,,specular_break,11.378132487758945,True,5.5501582281659925
wood,1.0,0.0,0.0,8.0,0.0,False,0.0,3.0,0.0,6.0,0.0,0.0,0.0,0.0,False,True,True,False,bead_6,,43032,True,True,0,0,,specular_break,6.963516312015142,True,15.364528423742081
wood,1.0,0.0,0.0,8.0,0.0,False,0.0,3.0,0.0,6.0,0.0,0.0,0.0,0.0,False,True,True,False,bead_10_dark,,43033,True,True,0,0,,specular_break,12.512589885413105,True,5.520298840552915
wood,1.0,0.0,0.0,8.0,0.0,False,0.0,3.0,0.0,6.0,0.0,0.0,0.0,0.0,False,True,True,False,magnet_disc_10x3,,43034,True,True,0,0,,specular_break,9.71935329914328,True,3.0623820926544623
wood,1.0,0.0,0.0,8.0,0.0,False,0.0,3.0,0.0,6.0,0.0,0.0,0.0,0.0,False,True,True,False,magnet_ball_5,,43035,True,True,0,0,,specular_break,5.067382624874819,True,1.5810031167268344
wood,1.0,0.0,0.0,8.0,0.0,False,0.0,3.0,0.0,6.0,0.0,0.0,0.0,0.0,False,True,True,False,pill_8,,43036,True,True,0,0,2.404216523126781,measured,7.733507026779054,False,4.121240188927973
wood,1.0,0.0,0.0,8.0,0.0,False,0.0,3.0,0.0,6.0,0.0,0.0,0.0,0.0,False,True,True,False,plastic_part_8,,43037,True,True,0,0,2.7924919794900234,measured,8.096665716805001,True,4.1993905072334945
wood,1.0,0.0,0.0,8.0,0.0,False,0.0,3.0,0.0,6.0,0.0,0.0,0.0,0.0,False,True,True,False,floor_colored_12,,43038,True,True,0,0,0.48460714182311904,measured,11.649410321981486,False,4.698048110379936
wood,1.0,0.0,0.0,8.0,0.0,False,0.0,3.0,0.0,6.0,0.0,0.0,0.0,0.0,False,True,True,False,,empty,43039,False,False,0,0,,,,False,
wood,1.0,0.0,0.0,8.0,0.0,False,0.0,3.0,0.0,6.0,0.0,0.0,0.0,0.0,False,True,True,False,,stain,43040,False,False,0,0,,,,False,
wood,1.0,0.0,0.0,8.0,0.0,False,0.0,3.0,0.0,6.0,0.0,0.0,0.0,0.0,False,True,True,False,,seam,43041,False,False,0,0,,,,False,
wood,1.0,0.0,0.0,8.0,0.0,False,0.0,3.0,0.0,6.0,-10.0,0.0,0.0,0.0,False,True,True,False,coin_1yen,,44000,True,True,0,0,0.2677149906881464,measured,17.879993837077063,False,10.122937387623022
wood,1.0,0.0,0.0,8.0,0.0,False,0.0,3.0,0.0,6.0,-10.0,0.0,0.0,0.0,False,True,True,False,coin_10yen,,44001,False,False,0,0,,,,False,
wood,1.0,0.0,0.0,8.0,0.0,False,0.0,3.0,0.0,6.0,-10.0,0.0,0.0,0.0,False,True,True,False,button_cr2032,,44002,True,True,0,0,,specular_break,17.917966587557437,True,10.255865546538852
wood,1.0,0.0,0.0,8.0,0.0,False,0.0,3.0,0.0,6.0,-10.0,0.0,0.0,0.0,False,True,True,False,button_lr44,,44003,True,True,0,0,0.0006383704398604806,measured,11.16186544423046,False,6.007518029984734
wood,1.0,0.0,0.0,8.0,0.0,False,0.0,3.0,0.0,6.0,-10.0,0.0,0.0,0.0,False,True,True,False,bead_6,,44004,True,True,0,0,-0.006849118312517888,measured,7.715355441281705,False,15.226927505008863
wood,1.0,0.0,0.0,8.0,0.0,False,0.0,3.0,0.0,6.0,-10.0,0.0,0.0,0.0,False,True,True,False,bead_10_dark,,44005,True,True,0,0,0.26279318861913303,measured,7.8723570598364905,False,68.22714107665816
wood,1.0,0.0,0.0,8.0,0.0,False,0.0,3.0,0.0,6.0,-10.0,0.0,0.0,0.0,False,True,True,False,magnet_disc_10x3,,44006,True,True,0,0,0.003294929454815687,measured,9.916205730273107,False,2.772690534886959
wood,1.0,0.0,0.0,8.0,0.0,False,0.0,3.0,0.0,6.0,-10.0,0.0,0.0,0.0,False,True,True,False,magnet_ball_5,,44007,True,True,0,0,-0.006653551744401298,measured,5.098298412932489,False,1.5434452655717914
wood,1.0,0.0,0.0,8.0,0.0,False,0.0,3.0,0.0,6.0,-10.0,0.0,0.0,0.0,False,True,True,False,pill_8,,44008,True,True,0,0,-0.0020869317286464906,measured,7.798642651601175,False,4.15250685702819
wood,1.0,0.0,0.0,8.0,0.0,False,0.0,3.0,0.0,6.0,-10.0,0.0,0.0,0.0,False,True,True,False,plastic_part_8,,44009,True,True,0,0,0.005830578548945198,measured,8.121043639905308,False,4.527326552503297
wood,1.0,0.0,0.0,8.0,0.0,False,0.0,3.0,0.0,6.0,-10.0,0.0,0.0,0.0,False,True,True,False,floor_colored_12,,44010,True,True,0,0,0.001521678392794712,measured,11.762198606293518,False,5.891315606612619
wood,1.0,0.0,0.0,8.0,0.0,False,0.0,3.0,0.0,6.0,-10.0,0.0,0.0,0.0,False,True,True,False,,empty,44011,False,False,0,0,,,,False,
wood,1.0,0.0,0.0,8.0,0.0,False,0.0,3.0,0.0,6.0,-10.0,0.0,0.0,0.0,False,True,True,False,,stain,44012,False,False,0,0,,,,False,
wood,1.0,0.0,0.0,8.0,0.0,False,0.0,3.0,0.0,6.0,-10.0,0.0,0.0,0.0,False,True,True,False,,seam,44013,False,False,0,0,,,,False,
wood,1.0,0.0,0.0,8.0,0.0,False,0.0,3.0,0.0,6.0,-10.0,0.0,0.0,0.0,False,True,True,False,coin_1yen,,44014,True,True,0,0,0.2499590429735914,measured,17.35950383821016,False,10.158280060394825
wood,1.0,0.0,0.0,8.0,0.0,False,0.0,3.0,0.0,6.0,-10.0,0.0,0.0,0.0,False,True,True,False,coin_10yen,,44015,False,True,0,0,0.8337367629266961,measured,14.881511107390676,False,11.005317082634658
wood,1.0,0.0,0.0,8.0,0.0,False,0.0,3.0,0.0,6.0,-10.0,0.0,0.0,0.0,False,True,True,False,button_cr2032,,44016,True,True,0,0,,specular_break,18.004808761160117,True,10.277912860903427
wood,1.0,0.0,0.0,8.0,0.0,False,0.0,3.0,0.0,6.0,-10.0,0.0,0.0,0.0,False,True,True,False,button_lr44,,44017,True,True,0,0,-0.010162472710264936,measured,11.362519457489189,False,6.037798027430946
wood,1.0,0.0,0.0,8.0,0.0,False,0.0,3.0,0.0,6.0,-10.0,0.0,0.0,0.0,False,True,True,False,bead_6,,44018,True,True,0,0,0.003659250150461091,measured,5.296903172542948,False,25.41784709013564
wood,1.0,0.0,0.0,8.0,0.0,False,0.0,3.0,0.0,6.0,-10.0,0.0,0.0,0.0,False,True,True,False,bead_10_dark,,44019,True,True,0,0,0.2564352072805782,measured,7.9965006049920575,False,42.05877900999477
wood,1.0,0.0,0.0,8.0,0.0,False,0.0,3.0,0.0,6.0,-10.0,0.0,0.0,0.0,False,True,True,False,magnet_disc_10x3,,44020,True,True,0,0,-0.0014031068290236703,measured,9.83721580393573,False,3.135479835606934
wood,1.0,0.0,0.0,8.0,0.0,False,0.0,3.0,0.0,6.0,-10.0,0.0,0.0,0.0,False,True,True,False,magnet_ball_5,,44021,True,True,0,0,0.010036139421274015,measured,5.229948972104791,False,1.2209592485129832
wood,1.0,0.0,0.0,8.0,0.0,False,0.0,3.0,0.0,6.0,-10.0,0.0,0.0,0.0,False,True,True,False,pill_8,,44022,True,True,0,0,-0.009258598702325926,measured,7.756854021681177,False,4.146313101882582
wood,1.0,0.0,0.0,8.0,0.0,False,0.0,3.0,0.0,6.0,-10.0,0.0,0.0,0.0,False,True,True,False,plastic_part_8,,44023,True,True,0,0,0.004293338615910969,measured,7.950305867801843,False,4.481117942106816
wood,1.0,0.0,0.0,8.0,0.0,False,0.0,3.0,0.0,6.0,-10.0,0.0,0.0,0.0,False,True,True,False,floor_colored_12,,44024,True,True,0,0,-0.000694280249060597,measured,11.31617241971215,False,5.604343279139741
wood,1.0,0.0,0.0,8.0,0.0,False,0.0,3.0,0.0,6.0,-10.0,0.0,0.0,0.0,False,True,True,False,,empty,44025,False,False,0,0,,,,False,
wood,1.0,0.0,0.0,8.0,0.0,False,0.0,3.0,0.0,6.0,-10.0,0.0,0.0,0.0,False,True,True,False,,stain,44026,False,False,0,0,,,,False,
wood,1.0,0.0,0.0,8.0,0.0,False,0.0,3.0,0.0,6.0,-10.0,0.0,0.0,0.0,False,True,True,False,,seam,44027,False,False,0,0,,,,False,
wood,1.0,0.0,0.0,8.0,0.0,False,0.0,3.0,0.0,6.0,-10.0,0.0,0.0,0.0,False,True,True,False,coin_1yen,,44028,False,False,0,0,,,,False,
wood,1.0,0.0,0.0,8.0,0.0,False,0.0,3.0,0.0,6.0,-10.0,0.0,0.0,0.0,False,True,True,False,coin_10yen,,44029,False,True,0,0,0.7878283923437994,measured,13.006604573683926,False,10.921753754086234
wood,1.0,0.0,0.0,8.0,0.0,False,0.0,3.0,0.0,6.0,-10.0,0.0,0.0,0.0,False,True,True,False,button_cr2032,,44030,True,True,0,0,,specular_break,18.160270248709487,True,10.336183789574884
wood,1.0,0.0,0.0,8.0,0.0,False,0.0,3.0,0.0,6.0,-10.0,0.0,0.0,0.0,False,True,True,False,button_lr44,,44031,True,True,0,0,-0.005346269251264246,measured,11.37267422465289,False,5.822301428154203
wood,1.0,0.0,0.0,8.0,0.0,False,0.0,3.0,0.0,6.0,-10.0,0.0,0.0,0.0,False,True,True,False,bead_6,,44032,True,True,0,0,0.0031896112990956738,measured,5.296903172542948,False,25.841575222032954
wood,1.0,0.0,0.0,8.0,0.0,False,0.0,3.0,0.0,6.0,-10.0,0.0,0.0,0.0,False,True,True,False,bead_10_dark,,44033,True,True,0,0,0.272140915245922,measured,7.951378636267577,False,47.261391017179655
wood,1.0,0.0,0.0,8.0,0.0,False,0.0,3.0,0.0,6.0,-10.0,0.0,0.0,0.0,False,True,True,False,magnet_disc_10x3,,44034,True,True,0,0,0.0006133641353240904,measured,9.831128339926224,False,3.146083746127296
wood,1.0,0.0,0.0,8.0,0.0,False,0.0,3.0,0.0,6.0,-10.0,0.0,0.0,0.0,False,True,True,False,magnet_ball_5,,44035,True,True,0,0,-0.014200345532856318,measured,5.703478949477331,False,1.9307421992835387
wood,1.0,0.0,0.0,8.0,0.0,False,0.0,3.0,0.0,6.0,-10.0,0.0,0.0,0.0,False,True,True,False,pill_8,,44036,True,True,0,0,0.008198095565258967,measured,7.885071766202258,False,4.050876139098571
wood,1.0,0.0,0.0,8.0,0.0,False,0.0,3.0,0.0,6.0,-10.0,0.0,0.0,0.0,False,True,True,False,plastic_part_8,,44037,True,True,0,0,-0.011247728175677096,measured,7.897476521526014,False,4.591089379062678
wood,1.0,0.0,0.0,8.0,0.0,False,0.0,3.0,0.0,6.0,-10.0,0.0,0.0,0.0,False,True,True,False,floor_colored_12,,44038,True,True,0,0,0.0006319739075593134,measured,11.239157279093758,False,5.842061361443166
wood,1.0,0.0,0.0,8.0,0.0,False,0.0,3.0,0.0,6.0,-10.0,0.0,0.0,0.0,False,True,True,False,,empty,44039,False,False,0,0,,,,False,
wood,1.0,0.0,0.0,8.0,0.0,False,0.0,3.0,0.0,6.0,-10.0,0.0,0.0,0.0,False,True,True,False,,stain,44040,False,False,0,0,,,,False,
wood,1.0,0.0,0.0,8.0,0.0,False,0.0,3.0,0.0,6.0,-10.0,0.0,0.0,0.0,False,True,True,False,,seam,44041,False,False,1,0,,,,False,
wood,1.0,0.0,0.0,8.0,0.0,False,0.0,3.0,0.0,6.0,-5.0,0.0,0.0,0.0,False,True,True,False,coin_1yen,,45000,True,True,0,0,1.404710064724032,measured,18.058063287536122,False,10.196242008563974
wood,1.0,0.0,0.0,8.0,0.0,False,0.0,3.0,0.0,6.0,-5.0,0.0,0.0,0.0,False,True,True,False,coin_10yen,,45001,True,True,0,0,0.31521230254303667,measured,16.344558002933088,False,23.308663651598703
wood,1.0,0.0,0.0,8.0,0.0,False,0.0,3.0,0.0,6.0,-5.0,0.0,0.0,0.0,False,True,True,False,button_cr2032,,45002,True,True,0,0,,specular_break,18.105870913673684,True,9.999016433770489
wood,1.0,0.0,0.0,8.0,0.0,False,0.0,3.0,0.0,6.0,-5.0,0.0,0.0,0.0,False,True,True,False,button_lr44,,45003,True,True,0,0,0.8749703496463646,measured,11.182067673918302,True,5.974118488007874
wood,1.0,0.0,0.0,8.0,0.0,False,0.0,3.0,0.0,6.0,-5.0,0.0,0.0,0.0,False,True,True,False,bead_6,,45004,True,True,0,0,0.10121385683947359,measured,7.325964150358686,False,17.442685403362198
wood,1.0,0.0,0.0,8.0,0.0,False,0.0,3.0,0.0,6.0,-5.0,0.0,0.0,0.0,False,True,True,False,bead_10_dark,,45005,True,True,0,0,0.7541169017306331,measured,12.05321665495025,True,5.5371951984510535
wood,1.0,0.0,0.0,8.0,0.0,False,0.0,3.0,0.0,6.0,-5.0,0.0,0.0,0.0,False,True,True,False,magnet_disc_10x3,,45006,True,True,0,0,0.6760884917246255,measured,9.750818491213034,False,3.105175413073411
wood,1.0,0.0,0.0,8.0,0.0,False,0.0,3.0,0.0,6.0,-5.0,0.0,0.0,0.0,False,True,True,False,magnet_ball_5,,45007,True,True,0,0,-0.002362214116036654,measured,4.905692002738518,False,1.6874084993510805
wood,1.0,0.0,0.0,8.0,0.0,False,0.0,3.0,0.0,6.0,-5.0,0.0,0.0,0.0,False,True,True,False,pill_8,,45008,True,True,0,0,0.29751927844280956,measured,7.69107168887627,False,4.3234629023551125
wood,1.0,0.0,0.0,8.0,0.0,False,0.0,3.0,0.0,6.0,-5.0,0.0,0.0,0.0,False,True,True,False,plastic_part_8,,45009,True,True,0,0,0.3176373071549836,measured,8.02427428577792,False,4.322446618164097
wood,1.0,0.0,0.0,8.0,0.0,False,0.0,3.0,0.0,6.0,-5.0,0.0,0.0,0.0,False,True,True,False,floor_colored_12,,45010,True,True,0,0,1.0360247589868266,measured,11.678471152837888,True,5.59866470295276
wood,1.0,0.0,0.0,8.0,0.0,False,0.0,3.0,0.0,6.0,-5.0,0.0,0.0,0.0,False,True,True,False,,empty,45011,False,False,0,0,,,,False,
wood,1.0,0.0,0.0,8.0,0.0,False,0.0,3.0,0.0,6.0,-5.0,0.0,0.0,0.0,False,True,True,False,,stain,45012,False,False,0,0,,,,False,
wood,1.0,0.0,0.0,8.0,0.0,False,0.0,3.0,0.0,6.0,-5.0,0.0,0.0,0.0,False,True,True,False,,seam,45013,False,False,0,0,,,,False,
wood,1.0,0.0,0.0,8.0,0.0,False,0.0,3.0,0.0,6.0,-5.0,0.0,0.0,0.0,False,True,True,False,coin_1yen,,45014,True,True,0,0,1.4500285006430929,measured,18.449950502529706,False,9.535575926772719
wood,1.0,0.0,0.0,8.0,0.0,False,0.0,3.0,0.0,6.0,-5.0,0.0,0.0,0.0,False,True,True,False,coin_10yen,,45015,True,True,0,0,0.7421103160837319,measured,16.400037382602946,False,14.082315989674406
wood,1.0,0.0,0.0,8.0,0.0,False,0.0,3.0,0.0,6.0,-5.0,0.0,0.0,0.0,False,True,True,False,button_cr2032,,45016,True,True,0,0,0.5425115020126885,measured,18.59354739737424,True,10.042477036168233
wood,1.0,0.0,0.0,8.0,0.0,False,0.0,3.0,0.0,6.0,-5.0,0.0,0.0,0.0,False,True,True,False,button_lr44,,45017,True,True,0,0,0.9510549931546137,measured,11.442909831433553,True,5.975157335228161
wood,1.0,0.0,0.0,8.0,0.0,False,0.0,3.0,0.0,6.0,-5.0,0.0,0.0,0.0,False,True,True,False,bead_6,,45018,True,True,0,0,0.11556602777798908,measured,5.280382185106144,False,18.532292347806614
wood,1.0,0.0,0.0,8.0,0.0,False,0.0,3.0,0.0,6.0,-5.0,0.0,0.0,0.0,False,True,True,False,bead_10_dark,,45019,True,True,0,0,0.8083661540683202,measured,12.221394228318825,True,5.968896855616876
wood,1.0,0.0,0.0,8.0,0.0,False,0.0,3.0,0.0,6.0,-5.0,0.0,0.0,0.0,False,True,True,False,magnet_disc_10x3,,45020,True,True,0,0,0.6665839294915585,measured,9.87242832229906,False,3.199961326979924
wood,1.0,0.0,0.0,8.0,0.0,False,0.0,3.0,0.0,6.0,-5.0,0.0,0.0,0.0,False,True,True,False,magnet_ball_5,,45021,True,True,0,0,-0.004784580838197883,measured,5.071586540784408,False,1.4602679747235585
wood,1.0,0.0,0.0,8.0,0.0,False,0.0,3.0,0.0,6.0,-5.0,0.0,0.0,0.0,False,True,True,False,pill_8,,45022,True,True,0,0,0.29344954056790407,measured,7.731622538395741,False,4.497172382984261
wood,1.0,0.0,0.0,8.0,0.0,False,0.0,3.0,0.0,6.0,-5.0,0.0,0.0,0.0,False,True,True,False,plastic_part_8,,45023,True,True,0,0,0.344524907696691,measured,7.928612896295097,False,4.6333897950789495
wood,1.0,0.0,0.0,8.0,0.0,False,0.0,3.0,0.0,6.0,-5.0,0.0,0.0,0.0,False,True,True,False,floor_colored_12,,45024,True,True,0,0,1.0154609684438167,measured,11.500930128685445,True,5.22919600331797
wood,1.0,0.0,0.0,8.0,0.0,False,0.0,3.0,0.0,6.0,-5.0,0.0,0.0,0.0,False,True,True,False,,empty,45025,False,False,0,0,,,,False,
wood,1.0,0.0,0.0,8.0,0.0,False,0.0,3.0,0.0,6.0,-5.0,0.0,0.0,0.0,False,True,True,False,,stain,45026,False,False,0,0,,,,False,
wood,1.0,0.0,0.0,8.0,0.0,False,0.0,3.0,0.0,6.0,-5.0,0.0,0.0,0.0,False,True,True,False,,seam,45027,False,False,0,0,,,,False,
wood,1.0,0.0,0.0,8.0,0.0,False,0.0,3.0,0.0,6.0,-5.0,0.0,0.0,0.0,False,True,True,False,coin_1yen,,45028,True,True,0,0,1.464504630967669,measured,17.575734615618412,False,10.007002206369883
wood,1.0,0.0,0.0,8.0,0.0,False,0.0,3.0,0.0,6.0,-5.0,0.0,0.0,0.0,False,True,True,False,coin_10yen,,45029,True,True,0,0,0.3482869212212929,measured,16.25308341708448,False,19.819863340711194
wood,1.0,0.0,0.0,8.0,0.0,False,0.0,3.0,0.0,6.0,-5.0,0.0,0.0,0.0,False,True,True,False,button_cr2032,,45030,True,True,0,0,,specular_break,18.210812720684007,True,10.062782723761972
wood,1.0,0.0,0.0,8.0,0.0,False,0.0,3.0,0.0,6.0,-5.0,0.0,0.0,0.0,False,True,True,False,button_lr44,,45031,True,True,0,0,0.9126730876203357,measured,11.39781747865769,True,5.8530251639066435
wood,1.0,0.0,0.0,8.0,0.0,False,0.0,3.0,0.0,6.0,-5.0,0.0,0.0,0.0,False,True,True,False,bead_6,,45032,True,True,0,0,0.0016642553681691652,measured,6.869505680552959,False,0.9336463570714102
wood,1.0,0.0,0.0,8.0,0.0,False,0.0,3.0,0.0,6.0,-5.0,0.0,0.0,0.0,False,True,True,False,bead_10_dark,,45033,True,True,0,0,0.7549471273952513,measured,12.283144427757723,True,5.498807559756017
wood,1.0,0.0,0.0,8.0,0.0,False,0.0,3.0,0.0,6.0,-5.0,0.0,0.0,0.0,False,True,True,False,magnet_disc_10x3,,45034,True,True,0,0,0.719263112771209,measured,10.133396685730201,False,3.121833546753013
wood,1.0,0.0,0.0,8.0,0.0,False,0.0,3.0,0.0,6.0,-5.0,0.0,0.0,0.0,False,True,True,False,magnet_ball_5,,45035,True,True,0,0,0.0013772454149059143,measured,5.628080594900626,False,1.224128642111889
wood,1.0,0.0,0.0,8.0,0.0,False,0.0,3.0,0.0,6.0,-5.0,0.0,0.0,0.0,False,True,True,False,pill_8,,45036,True,True,0,0,0.2569453197724183,measured,7.9801290067702615,False,3.9129051015509964
wood,1.0,0.0,0.0,8.0,0.0,False,0.0,3.0,0.0,6.0,-5.0,0.0,0.0,0.0,False,True,True,False,plastic_part_8,,45037,True,True,0,0,0.34997526320979944,measured,7.922636649864171,False,4.39605658652755
wood,1.0,0.0,0.0,8.0,0.0,False,0.0,3.0,0.0,6.0,-5.0,0.0,0.0,0.0,False,True,True,False,floor_colored_12,,45038,True,True,0,0,1.034433525017544,measured,11.627851808444031,True,5.816769319830186
wood,1.0,0.0,0.0,8.0,0.0,False,0.0,3.0,0.0,6.0,-5.0,0.0,0.0,0.0,False,True,True,False,,empty,45039,False,False,0,0,,,,False,
wood,1.0,0.0,0.0,8.0,0.0,False,0.0,3.0,0.0,6.0,-5.0,0.0,0.0,0.0,False,True,True,False,,stain,45040,False,False,0,0,,,,False,
wood,1.0,0.0,0.0,8.0,0.0,False,0.0,3.0,0.0,6.0,-5.0,0.0,0.0,0.0,False,True,True,False,,seam,45041,False,False,0,0,,,,False,
wood,1.0,0.0,0.0,8.0,0.0,False,0.0,3.0,0.0,6.0,5.0,0.0,0.0,0.0,False,True,True,False,coin_1yen,,46000,True,True,0,0,1.4744063155052984,measured,18.294198524805815,False,10.075695359245513
wood,1.0,0.0,0.0,8.0,0.0,False,0.0,3.0,0.0,6.0,5.0,0.0,0.0,0.0,False,True,True,False,coin_10yen,,46001,True,True,0,0,0.7277089834763188,measured,17.85929158349192,False,16.40815827615509
wood,1.0,0.0,0.0,8.0,0.0,False,0.0,3.0,0.0,6.0,5.0,0.0,0.0,0.0,False,True,True,False,button_cr2032,,46002,True,True,0,0,,specular_break,18.20179453754655,True,10.156890990410846
wood,1.0,0.0,0.0,8.0,0.0,False,0.0,3.0,0.0,6.0,5.0,0.0,0.0,0.0,False,True,True,False,button_lr44,,46003,True,True,0,0,,specular_break,11.385897064312635,True,5.788900785816579
wood,1.0,0.0,0.0,8.0,0.0,False,0.0,3.0,0.0,6.0,5.0,0.0,0.0,0.0,False,True,True,False,bead_6,,46004,True,True,0,0,5.855353323636688,measured,6.7458688176390496,False,15.49975381759884
wood,1.0,0.0,0.0,8.0,0.0,False,0.0,3.0,0.0,6.0,5.0,0.0,0.0,0.0,False,True,True,False,bead_10_dark,,46005,True,True,0,0,,specular_break,12.566511147831962,True,5.551056843733611
wood,1.0,0.0,0.0,8.0,0.0,False,0.0,3.0,0.0,6.0,5.0,0.0,0.0,0.0,False,True,True,False,magnet_disc_10x3,,46006,True,True,0,0,-0.9920059632163749,measured,10.063629338085752,False,2.6747820595468994
wood,1.0,0.0,0.0,8.0,0.0,False,0.0,3.0,0.0,6.0,5.0,0.0,0.0,0.0,False,True,True,False,magnet_ball_5,,46007,True,True,0,0,-0.01955486190116673,measured,4.572493499414739,False,10.065279357802797
wood,1.0,0.0,0.0,8.0,0.0,False,0.0,3.0,0.0,6.0,5.0,0.0,0.0,0.0,False,True,True,False,pill_8,,46008,True,True,0,0,1.9182180906974153,measured,7.7501574116512435,False,3.857493750289291
wood,1.0,0.0,0.0,8.0,0.0,False,0.0,3.0,0.0,6.0,5.0,0.0,0.0,0.0,False,True,True,False,plastic_part_8,,46009,True,True,0,0,-0.4217459811214326,measured,8.066812463808388,False,4.078104691033329
wood,1.0,0.0,0.0,8.0,0.0,False,0.0,3.0,0.0,6.0,5.0,0.0,0.0,0.0,False,True,True,False,floor_colored_12,,46010,True,True,0,0,-0.6513645897523723,measured,11.567266474785093,False,4.799586745741319
wood,1.0,0.0,0.0,8.0,0.0,False,0.0,3.0,0.0,6.0,5.0,0.0,0.0,0.0,False,True,True,False,,empty,46011,False,False,0,0,,,,False,
wood,1.0,0.0,0.0,8.0,0.0,False,0.0,3.0,0.0,6.0,5.0,0.0,0.0,0.0,False,True,True,False,,stain,46012,False,False,0,0,,,,False,
wood,1.0,0.0,0.0,8.0,0.0,False,0.0,3.0,0.0,6.0,5.0,0.0,0.0,0.0,False,True,True,False,,seam,46013,False,False,0,0,,,,False,
wood,1.0,0.0,0.0,8.0,0.0,False,0.0,3.0,0.0,6.0,5.0,0.0,0.0,0.0,False,True,True,False,coin_1yen,,46014,True,True,0,0,1.4751816612602155,measured,17.775415065670366,False,9.960994643859813
wood,1.0,0.0,0.0,8.0,0.0,False,0.0,3.0,0.0,6.0,5.0,0.0,0.0,0.0,False,True,True,False,coin_10yen,,46015,True,True,0,0,0.7441134450041602,measured,17.955168095872168,False,15.38665045109101
wood,1.0,0.0,0.0,8.0,0.0,False,0.0,3.0,0.0,6.0,5.0,0.0,0.0,0.0,False,True,True,False,button_cr2032,,46016,True,True,0,0,,specular_break,17.894720724001733,True,9.987784874488291
wood,1.0,0.0,0.0,8.0,0.0,False,0.0,3.0,0.0,6.0,5.0,0.0,0.0,0.0,False,True,True,False,button_lr44,,46017,True,True,0,0,,specular_break,11.436003015202028,True,5.679278173744477
wood,1.0,0.0,0.0,8.0,0.0,False,0.0,3.0,0.0,6.0,5.0,0.0,0.0,0.0,False,True,True,False,bead_6,,46018,True,True,0,0,3.5131403732786417,measured,6.733861459102992,False,13.130771770428563
wood,1.0,0.0,0.0,8.0,0.0,False,0.0,3.0,0.0,6.0,5.0,0.0,0.0,0.0,False,True,True,False,bead_10_dark,,46019,True,True,0,0,,specular_break,13.019464100236247,True,5.25459126059071
wood,1.0,0.0,0.0,8.0,0.0,False,0.0,3.0,0.0,6.0,5.0,0.0,0.0,0.0,False,True,True,False,magnet_disc_10x3,,46020,True,True,0,0,-0.9275941992879986,measured,9.7302070277802,False,2.347303432266884
wood,1.0,0.0,0.0,8.0,0.0,False,0.0,3.0,0.0,6.0,5.0,0.0,0.0,0.0,False,True,True,False,magnet_ball_5,,46021,True,True,0,0,-0.006005883059451378,measured,4.633481926689428,False,9.651340491878827
wood,1.0,0.0,0.0,8.0,0.0,False,0.0,3.0,0.0,6.0,5.0,0.0,0.0,0.0,False,True,True,False,pill_8,,46022,True,True,0,0,1.9731283940993016,measured,7.942433924777097,False,3.9490558981514767
wood,1.0,0.0,0.0,8.0,0.0,False,0.0,3.0,0.0,6.0,5.0,0.0,0.0,0.0,False,True,True,False,plastic_part_8,,46023,True,True,0,0,-0.42221699806940194,measured,7.895793299689512,False,4.014539128515267
wood,1.0,0.0,0.0,8.0,0.0,False,0.0,3.0,0.0,6.0,5.0,0.0,0.0,0.0,False,True,True,False,floor_colored_12,,46024,True,True,0,0,-0.4317291469201976,measured,11.23667895897251,False,5.714911572613388
wood,1.0,0.0,0.0,8.0,0.0,False,0.0,3.0,0.0,6.0,5.0,0.0,0.0,0.0,False,True,True,False,,empty,46025,False,False,0,0,,,,False,
wood,1.0,0.0,0.0,8.0,0.0,False,0.0,3.0,0.0,6.0,5.0,0.0,0.0,0.0,False,True,True,False,,stain,46026,False,False,0,0,,,,False,
wood,1.0,0.0,0.0,8.0,0.0,False,0.0,3.0,0.0,6.0,5.0,0.0,0.0,0.0,False,True,True,False,,seam,46027,False,False,0,0,,,,False,
wood,1.0,0.0,0.0,8.0,0.0,False,0.0,3.0,0.0,6.0,5.0,0.0,0.0,0.0,False,True,True,False,coin_1yen,,46028,True,True,0,0,1.4886020938813722,measured,18.137656548753792,False,9.871344874938124
wood,1.0,0.0,0.0,8.0,0.0,False,0.0,3.0,0.0,6.0,5.0,0.0,0.0,0.0,False,True,True,False,coin_10yen,,46029,True,True,0,0,0.671894722652592,measured,17.934023320033823,False,19.937562684826823
wood,1.0,0.0,0.0,8.0,0.0,False,0.0,3.0,0.0,6.0,5.0,0.0,0.0,0.0,False,True,True,False,button_cr2032,,46030,True,True,0,0,,specular_break,18.569811853746728,True,9.972233491000425
wood,1.0,0.0,0.0,8.0,0.0,False,0.0,3.0,0.0,6.0,5.0,0.0,0.0,0.0,False,True,True,False,button_lr44,,46031,True,True,0,0,,specular_break,11.327279774685104,True,6.094230478472616
wood,1.0,0.0,0.0,8.0,0.0,False,0.0,3.0,0.0,6.0,5.0,0.0,0.0,0.0,False,True,True,False,bead_6,,46032,True,True,0,0,3.5069402090194224,measured,6.622861788138335,False,10.650652943796528
wood,1.0,0.0,0.0,8.0,0.0,False,0.0,3.0,0.0,6.0,5.0,0.0,0.0,0.0,False,True,True,False,bead_10_dark,,46033,True,True,0,0,,specular_break,12.687332826694744,True,5.39919428249263
wood,1.0,0.0,0.0,8.0,0.0,False,0.0,3.0,0.0,6.0,5.0,0.0,0.0,0.0,False,True,True,False,magnet_disc_10x3,,46034,True,True,0,0,-0.9166782385421577,measured,9.706407171711398,False,2.4261839645492818
wood,1.0,0.0,0.0,8.0,0.0,False,0.0,3.0,0.0,6.0,5.0,0.0,0.0,0.0,False,True,True,False,magnet_ball_5,,46035,True,True,0,0,-0.013325770931093217,measured,4.63783651757956,False,9.676271816254417
wood,1.0,0.0,0.0,8.0,0.0,False,0.0,3.0,0.0,6.0,5.0,0.0,0.0,0.0,False,True,True,False,pill_8,,46036,True,True,0,0,1.8262120163325086,measured,7.881472041760526,False,3.682979224366025
wood,1.0,0.0,0.0,8.0,0.0,False,0.0,3.0,0.0,6.0,5.0,0.0,0.0,0.0,False,True,True,False,plastic_part_8,,46037,True,True,0,0,-0.420165504033438,measured,7.878834333580553,False,4.304194860531837
wood,1.0,0.0,0.0,8.0,0.0,False,0.0,3.0,0.0,6.0,5.0,0.0,0.0,0.0,False,True,True,False,floor_colored_12,,46038,True,True,0,0,-0.5866228128243627,measured,11.722326056681421,False,5.54374479274378
wood,1.0,0.0,0.0,8.0,0.0,False,0.0,3.0,0.0,6.0,5.0,0.0,0.0,0.0,False,True,True,False,,empty,46039,False,False,0,0,,,,False,
wood,1.0,0.0,0.0,8.0,0.0,False,0.0,3.0,0.0,6.0,5.0,0.0,0.0,0.0,False,True,True,False,,stain,46040,False,False,0,0,,,,False,
wood,1.0,0.0,0.0,8.0,0.0,False,0.0,3.0,0.0,6.0,5.0,0.0,0.0,0.0,False,True,True,False,,seam,46041,False,False,0,0,,,,False,
wood,1.0,0.0,0.0,8.0,0.0,False,0.0,3.0,0.0,6.0,0.0,0.0,0.0,0.0,False,True,True,False,coin_1yen,,47000,True,True,0,0,1.4716590947192554,measured,17.955095976725964,False,9.915665100975312
wood,1.0,0.0,0.0,8.0,0.0,False,0.0,3.0,0.0,6.0,0.0,0.0,0.0,0.0,False,True,True,False,coin_10yen,,47001,True,True,0,0,0.7387723873787717,measured,17.253563428117165,False,16.68588211604843
wood,1.0,0.0,0.0,8.0,0.0,False,0.0,3.0,0.0,6.0,0.0,0.0,0.0,0.0,False,True,True,False,button_cr2032,,47002,True,True,0,0,,specular_break,18.802307199317006,True,10.150906423850893
wood,1.0,0.0,0.0,8.0,0.0,False,0.0,3.0,0.0,6.0,0.0,0.0,0.0,0.0,False,True,True,False,button_lr44,,47003,True,True,0,0,,specular_break,11.577890313371837,True,5.751049534244877
wood,1.0,0.0,0.0,8.0,0.0,False,0.0,3.0,0.0,6.0,0.0,0.0,0.0,0.0,False,True,True,False,bead_6,,47004,True,True,0,0,,specular_break,6.698020582117106,True,19.661920791270834
wood,1.0,0.0,0.0,8.0,0.0,False,0.0,3.0,0.0,6.0,0.0,0.0,0.0,0.0,False,True,True,False,bead_10_dark,,47005,True,True,0,0,,specular_break,12.463049260182249,True,5.533392940109238
wood,1.0,0.0,0.0,8.0,0.0,False,0.0,3.0,0.0,6.0,0.0,0.0,0.0,0.0,False,True,True,False,magnet_disc_10x3,,47006,True,True,0,0,,specular_break,9.7514963069338,True,2.39177871688036
wood,1.0,0.0,0.0,8.0,0.0,False,0.0,3.0,0.0,6.0,0.0,0.0,0.0,0.0,False,True,True,False,magnet_ball_5,,47007,True,True,0,0,,specular_break,5.498226167860704,True,1.2777625222438482
wood,1.0,0.0,0.0,8.0,0.0,False,0.0,3.0,0.0,6.0,0.0,0.0,0.0,0.0,False,True,True,False,pill_8,,47008,True,True,0,0,2.357370134877206,measured,8.020809382046838,False,3.8703037401197307
wood,1.0,0.0,0.0,8.0,0.0,False,0.0,3.0,0.0,6.0,0.0,0.0,0.0,0.0,False,True,True,False,plastic_part_8,,47009,True,True,0,0,2.689209248110245,measured,7.886692205609651,True,4.312638298855596
wood,1.0,0.0,0.0,8.0,0.0,False,0.0,3.0,0.0,6.0,0.0,0.0,0.0,0.0,False,True,True,False,floor_colored_12,,47010,True,True,0,0,0.642167530625148,measured,11.26962182989953,False,5.706915000974574
wood,1.0,0.0,0.0,8.0,0.0,False,0.0,3.0,0.0,6.0,0.0,0.0,0.0,0.0,False,True,True,False,,empty,47011,False,False,0,0,,,,False,
wood,1.0,0.0,0.0,8.0,0.0,False,0.0,3.0,0.0,6.0,0.0,0.0,0.0,0.0,False,True,True,False,,stain,47012,False,False,0,0,,,,False,
wood,1.0,0.0,0.0,8.0,0.0,False,0.0,3.0,0.0,6.0,0.0,0.0,0.0,0.0,False,True,True,False,,seam,47013,False,False,0,0,,,,False,
wood,1.0,0.0,0.0,8.0,0.0,False,0.0,3.0,0.0,6.0,0.0,0.0,0.0,0.0,False,True,True,False,coin_1yen,,47014,True,True,0,0,1.4626119811575862,measured,18.509497027809367,False,9.948242883855755
wood,1.0,0.0,0.0,8.0,0.0,False,0.0,3.0,0.0,6.0,0.0,0.0,0.0,0.0,False,True,True,False,coin_10yen,,47015,True,True,0,0,0.7375189054887432,measured,17.27402032673549,False,14.925911396375609
wood,1.0,0.0,0.0,8.0,0.0,False,0.0,3.0,0.0,6.0,0.0,0.0,0.0,0.0,False,True,True,False,button_cr2032,,47016,True,True,0,0,,specular_break,18.62455166103226,True,10.210669524946109
wood,1.0,0.0,0.0,8.0,0.0,False,0.0,3.0,0.0,6.0,0.0,0.0,0.0,0.0,False,True,True,False,button_lr44,,47017,True,True,0,0,,specular_break,11.394054713886224,True,6.006726655108249
wood,1.0,0.0,0.0,8.0,0.0,False,0.0,3.0,0.0,6.0,0.0,0.0,0.0,0.0,False,True,True,False,bead_6,,47018,True,True,0,0,2.2039537482649862,measured,6.8925216210486635,True,0.7993912297480342
wood,1.0,0.0,0.0,8.0,0.0,False,0.0,3.0,0.0,6.0,0.0,0.0,0.0,0.0,False,True,True,False,bead_10_dark,,47019,True,True,0,0,,specular_break,12.52555654104266,True,5.3677772259820244
wood,1.0,0.0,0.0,8.0,0.0,False,0.0,3.0,0.0,6.0,0.0,0.0,0.0,0.0,False,True,True,False,magnet_disc_10x3,,47020,True,True,0,0,,specular_break,9.793103649520944,True,2.6031535671232655
wood,1.0,0.0,0.0,8.0,0.0,False,0.0,3.0,0.0,6.0,0.0,0.0,0.0,0.0,False,True,True,False,magnet_ball_5,,47021,True,True,0,0,,specular_break,5.193665049059881,True,11.966649031894148
wood,1.0,0.0,0.0,8.0,0.0,False,0.0,3.0,0.0,6.0,0.0,0.0,0.0,0.0,False,True,True,False,pill_8,,47022,True,True,0,0,2.2850160726087463,measured,8.006095604626275,False,4.1809450140525355
wood,1.0,0.0,0.0,8.0,0.0,False,0.0,3.0,0.0,6.0,0.0,0.0,0.0,0.0,False,True,True,False,plastic_part_8,,47023,True,True,0,0,2.7576142115321503,measured,7.858776030864152,True,4.205516707664714
wood,1.0,0.0,0.0,8.0,0.0,False,0.0,3.0,0.0,6.0,0.0,0.0,0.0,0.0,False,True,True,False,floor_colored_12,,47024,True,True,0,0,0.7383116275434496,measured,11.32815885892269,False,5.885757761067377
wood,1.0,0.0,0.0,8.0,0.0,False,0.0,3.0,0.0,6.0,0.0,0.0,0.0,0.0,False,True,True,False,,empty,47025,False,False,0,0,,,,False,
wood,1.0,0.0,0.0,8.0,0.0,False,0.0,3.0,0.0,6.0,0.0,0.0,0.0,0.0,False,True,True,False,,stain,47026,False,False,0,0,,,,False,
wood,1.0,0.0,0.0,8.0,0.0,False,0.0,3.0,0.0,6.0,0.0,0.0,0.0,0.0,False,True,True,False,,seam,47027,False,False,0,0,,,,False,
wood,1.0,0.0,0.0,8.0,0.0,False,0.0,3.0,0.0,6.0,0.0,0.0,0.0,0.0,False,True,True,False,coin_1yen,,47028,True,True,0,0,1.4505126540704616,measured,18.56215534364899,False,9.770340885924249
wood,1.0,0.0,0.0,8.0,0.0,False,0.0,3.0,0.0,6.0,0.0,0.0,0.0,0.0,False,True,True,False,coin_10yen,,47029,True,True,0,0,0.7298394606864829,measured,17.272073354569905,False,15.178065124918838
wood,1.0,0.0,0.0,8.0,0.0,False,0.0,3.0,0.0,6.0,0.0,0.0,0.0,0.0,False,True,True,False,button_cr2032,,47030,True,True,0,0,,specular_break,18.593092256541514,True,10.199190226895093
wood,1.0,0.0,0.0,8.0,0.0,False,0.0,3.0,0.0,6.0,0.0,0.0,0.0,0.0,False,True,True,False,button_lr44,,47031,True,True,0,0,0.5658019159006802,measured,11.232794150359464,True,6.047738034629958
wood,1.0,0.0,0.0,8.0,0.0,False,0.0,3.0,0.0,6.0,0.0,0.0,0.0,0.0,False,True,True,False,bead_6,,47032,True,True,0,0,,specular_break,6.911917435013516,True,18.472251096763024
wood,1.0,0.0,0.0,8.0,0.0,False,0.0,3.0,0.0,6.0,0.0,0.0,0.0,0.0,False,True,True,False,bead_10_dark,,47033,True,True,0,0,,specular_break,12.750110929342489,True,5.287096279989179
wood,1.0,0.0,0.0,8.0,0.0,False,0.0,3.0,0.0,6.0,0.0,0.0,0.0,0.0,False,True,True,False,magnet_disc_10x3,,47034,True,True,0,0,,specular_break,9.572955793515375,True,1.7768579404502556
wood,1.0,0.0,0.0,8.0,0.0,False,0.0,3.0,0.0,6.0,0.0,0.0,0.0,0.0,False,True,True,False,magnet_ball_5,,47035,True,True,0,0,,specular_break,4.643275096113391,True,10.179722573713025
wood,1.0,0.0,0.0,8.0,0.0,False,0.0,3.0,0.0,6.0,0.0,0.0,0.0,0.0,False,True,True,False,pill_8,,47036,True,True,0,0,2.350144410830353,measured,7.90868323476692,False,4.346792314634747
wood,1.0,0.0,0.0,8.0,0.0,False,0.0,3.0,0.0,6.0,0.0,0.0,0.0,0.0,False,True,True,False,plastic_part_8,,47037,True,True,0,0,2.8805138584878094,measured,7.973323996587399,True,4.201002562529599
wood,1.0,0.0,0.0,8.0,0.0,False,0.0,3.0,0.0,6.0,0.0,0.0,0.0,0.0,False,True,True,False,floor_colored_12,,47038,True,True,0,0,0.5164708541090768,measured,11.396193605479361,False,5.983981084862691
wood,1.0,0.0,0.0,8.0,0.0,False,0.0,3.0,0.0,6.0,0.0,0.0,0.0,0.0,False,True,True,False,,empty,47039,False,False,0,0,,,,False,
wood,1.0,0.0,0.0,8.0,0.0,False,0.0,3.0,0.0,6.0,0.0,0.0,0.0,0.0,False,True,True,False,,stain,47040,False,False,0,0,,,,False,
wood,1.0,0.0,0.0,8.0,0.0,False,0.0,3.0,0.0,6.0,0.0,0.0,0.0,0.0,False,True,True,False,,seam,47041,False,False,0,0,,,,False,
wood,1.0,0.0,0.0,8.0,0.0,False,0.0,3.0,0.0,6.0,0.0,-5.0,0.0,0.0,False,True,True,False,coin_1yen,,48000,True,True,0,0,1.4466926833358826,measured,18.382361055883177,False,9.920846066713185
wood,1.0,0.0,0.0,8.0,0.0,False,0.0,3.0,0.0,6.0,0.0,-5.0,0.0,0.0,False,True,True,False,coin_10yen,,48001,True,True,0,0,0.34610003281417967,measured,17.04877047009711,False,21.54646616501587
wood,1.0,0.0,0.0,8.0,0.0,False,0.0,3.0,0.0,6.0,0.0,-5.0,0.0,0.0,False,True,True,False,button_cr2032,,48002,True,True,0,0,,specular_break,18.15087504465051,True,9.898153682179352
wood,1.0,0.0,0.0,8.0,0.0,False,0.0,3.0,0.0,6.0,0.0,-5.0,0.0,0.0,False,True,True,False,button_lr44,,48003,True,True,0,0,0.030876252285324313,measured,11.369693935530824,False,6.077614311199007
wood,1.0,0.0,0.0,8.0,0.0,False,0.0,3.0,0.0,6.0,0.0,-5.0,0.0,0.0,False,True,True,False,bead_6,,48004,True,True,0,0,,off_line,5.45694490300243,False,15.488046373143113
wood,1.0,0.0,0.0,8.0,0.0,False,0.0,3.0,0.0,6.0,0.0,-5.0,0.0,0.0,False,True,True,False,bead_10_dark,,48005,True,True,0,0,-0.41332617733980825,measured,12.460328624007017,False,5.099145636034163
wood,1.0,0.0,0.0,8.0,0.0,False,0.0,3.0,0.0,6.0,0.0,-5.0,0.0,0.0,False,True,True,False,magnet_disc_10x3,,48006,True,True,0,0,-0.8745750831484056,measured,9.720592613253705,False,3.045187718908446
wood,1.0,0.0,0.0,8.0,0.0,False,0.0,3.0,0.0,6.0,0.0,-5.0,0.0,0.0,False,True,True,False,magnet_ball_5,,48007,True,True,0,0,,off_line,5.555033012662847,False,0.9905318235654237
wood,1.0,0.0,0.0,8.0,0.0,False,0.0,3.0,0.0,6.0,0.0,-5.0,0.0,0.0,False,True,True,False,pill_8,,48008,True,True,0,0,,off_line,8.037722223705236,False,3.9171301182428895
wood,1.0,0.0,0.0,8.0,0.0,False,0.0,3.0,0.0,6.0,0.0,-5.0,0.0,0.0,False,True,True,False,plastic_part_8,,48009,True,True,0,0,-0.02504729197252331,measured,7.893988702492788,False,4.178055291911377
wood,1.0,0.0,0.0,8.0,0.0,False,0.0,3.0,0.0,6.0,0.0,-5.0,0.0,0.0,False,True,True,False,floor_colored_12,,48010,True,True,0,0,-1.6248884268531398,measured,11.549210372891233,False,5.796611317252612
wood,1.0,0.0,0.0,8.0,0.0,False,0.0,3.0,0.0,6.0,0.0,-5.0,0.0,0.0,False,True,True,False,,empty,48011,False,False,0,0,,,,False,
wood,1.0,0.0,0.0,8.0,0.0,False,0.0,3.0,0.0,6.0,0.0,-5.0,0.0,0.0,False,True,True,False,,stain,48012,False,False,0,0,,,,False,
wood,1.0,0.0,0.0,8.0,0.0,False,0.0,3.0,0.0,6.0,0.0,-5.0,0.0,0.0,False,True,True,False,,seam,48013,False,False,0,0,,,,False,
wood,1.0,0.0,0.0,8.0,0.0,False,0.0,3.0,0.0,6.0,0.0,-5.0,0.0,0.0,False,True,True,False,coin_1yen,,48014,True,True,0,0,1.113352994918925,measured,18.52828866051702,False,9.99447253422605
wood,1.0,0.0,0.0,8.0,0.0,False,0.0,3.0,0.0,6.0,0.0,-5.0,0.0,0.0,False,True,True,False,coin_10yen,,48015,True,True,0,0,0.7260365809246689,measured,17.1026544187675,False,16.14890691488859
wood,1.0,0.0,0.0,8.0,0.0,False,0.0,3.0,0.0,6.0,0.0,-5.0,0.0,0.0,False,True,True,False,button_cr2032,,48016,True,True,0,0,,specular_break,17.877361147471476,True,10.14345291048492
wood,1.0,0.0,0.0,8.0,0.0,False,0.0,3.0,0.0,6.0,0.0,-5.0,0.0,0.0,False,True,True,False,button_lr44,,48017,True,True,0,0,-0.020171766763009913,measured,11.311690021324017,False,5.883034224300381
wood,1.0,0.0,0.0,8.0,0.0,False,0.0,3.0,0.0,6.0,0.0,-5.0,0.0,0.0,False,True,True,False,bead_6,,48018,True,True,0,0,5.132453324456671,measured,6.152540642634296,False,2.4653302112662616
wood,1.0,0.0,0.0,8.0,0.0,False,0.0,3.0,0.0,6.0,0.0,-5.0,0.0,0.0,False,True,True,False,bead_10_dark,,48019,True,True,0,0,0.017009995194580796,measured,12.331604694919449,False,5.498825900684723
wood,1.0,0.0,0.0,8.0,0.0,False,0.0,3.0,0.0,6.0,0.0,-5.0,0.0,0.0,False,True,True,False,magnet_disc_10x3,,48020,True,True,0,0,-0.020373917815566855,measured,9.64775383191542,False,2.859915952102391
wood,1.0,0.0,0.0,8.0,0.0,False,0.0,3.0,0.0,6.0,0.0,-5.0,0.0,0.0,False,True,True,False,magnet_ball_5,,48021,True,True,0,0,,off_line,4.503256833309351,False,7.959321819637962
wood,1.0,0.0,0.0,8.0,0.0,False,0.0,3.0,0.0,6.0,0.0,-5.0,0.0,0.0,False,True,True,False,pill_8,,48022,True,True,0,0,2.0021208138995252,measured,7.816152002001551,False,4.08350805832996
wood,1.0,0.0,0.0,8.0,0.0,False,0.0,3.0,0.0,6.0,0.0,-5.0,0.0,0.0,False,True,True,False,plastic_part_8,,48023,True,True,0,0,0.006124844229887572,measured,8.061797587596335,False,4.04150764148757
wood,1.0,0.0,0.0,8.0,0.0,False,0.0,3.0,0.0,6.0,0.0,-5.0,0.0,0.0,False,True,True,False,floor_colored_12,,48024,True,True,0,0,-1.1163208012781975,measured,11.354446877383475,False,5.281872026859948
wood,1.0,0.0,0.0,8.0,0.0,False,0.0,3.0,0.0,6.0,0.0,-5.0,0.0,0.0,False,True,True,False,,empty,48025,False,False,0,0,,,,False,
wood,1.0,0.0,0.0,8.0,0.0,False,0.0,3.0,0.0,6.0,0.0,-5.0,0.0,0.0,False,True,True,False,,stain,48026,False,False,0,0,,,,False,
wood,1.0,0.0,0.0,8.0,0.0,False,0.0,3.0,0.0,6.0,0.0,-5.0,0.0,0.0,False,True,True,False,,seam,48027,False,False,0,0,,,,False,
wood,1.0,0.0,0.0,8.0,0.0,False,0.0,3.0,0.0,6.0,0.0,-5.0,0.0,0.0,False,True,True,False,coin_1yen,,48028,True,True,0,0,1.4481938421262157,measured,18.254240751892016,False,9.906728585511923
wood,1.0,0.0,0.0,8.0,0.0,False,0.0,3.0,0.0,6.0,0.0,-5.0,0.0,0.0,False,True,True,False,coin_10yen,,48029,True,True,0,0,0.7425480912961202,measured,17.009722163799953,False,13.689663942187506
wood,1.0,0.0,0.0,8.0,0.0,False,0.0,3.0,0.0,6.0,0.0,-5.0,0.0,0.0,False,True,True,False,button_cr2032,,48030,True,True,0,0,,specular_break,18.589015913525873,True,10.10271207313354
wood,1.0,0.0,0.0,8.0,0.0,False,0.0,3.0,0.0,6.0,0.0,-5.0,0.0,0.0,False,True,True,False,button_lr44,,48031,True,True,0,0,0.050663163584539816,measured,11.21852644748345,False,6.249947583450566
wood,1.0,0.0,0.0,8.0,0.0,False,0.0,3.0,0.0,6.0,0.0,-5.0,0.0,0.0,False,True,True,False,bead_6,,48032,True,True,0,0,,off_line,6.78584270435661,False,20.632700168081524
wood,1.0,0.0,0.0,8.0,0.0,False,0.0,3.0,0.0,6.0,0.0,-5.0,0.0,0.0,False,True,True,False,bead_10_dark,,48033,True,True,0,0,-0.016834925587120964,measured,12.38578676020434,False,5.558205395074052
wood,1.0,0.0,0.0,8.0,0.0,False,0.0,3.0,0.0,6.0,0.0,-5.0,0.0,0.0,False,True,True,False,magnet_disc_10x3,,48034,True,True,0,0,0.024903735652772596,measured,9.75759986053951,False,2.6931986099700658
wood,1.0,0.0,0.0,8.0,0.0,False,0.0,3.0,0.0,6.0,0.0,-5.0,0.0,0.0,False,True,True,False,magnet_ball_5,,48035,True,True,0,0,,off_line,5.843008380233434,False,1.3112205813099536
wood,1.0,0.0,0.0,8.0,0.0,False,0.0,3.0,0.0,6.0,0.0,-5.0,0.0,0.0,False,True,True,False,pill_8,,48036,True,True,0,0,0.02219263290925788,measured,7.8468502579018695,False,4.447223407386728
wood,1.0,0.0,0.0,8.0,0.0,False,0.0,3.0,0.0,6.0,0.0,-5.0,0.0,0.0,False,True,True,False,plastic_part_8,,48037,True,True,0,0,-0.006633226396296266,measured,7.988742399310914,False,4.16481922051045
wood,1.0,0.0,0.0,8.0,0.0,False,0.0,3.0,0.0,6.0,0.0,-5.0,0.0,0.0,False,True,True,False,floor_colored_12,,48038,True,True,0,0,-0.7037756174373442,measured,11.252941467965536,False,6.001099563020304
wood,1.0,0.0,0.0,8.0,0.0,False,0.0,3.0,0.0,6.0,0.0,-5.0,0.0,0.0,False,True,True,False,,empty,48039,False,False,0,0,,,,False,
wood,1.0,0.0,0.0,8.0,0.0,False,0.0,3.0,0.0,6.0,0.0,-5.0,0.0,0.0,False,True,True,False,,stain,48040,False,False,0,0,,,,False,
wood,1.0,0.0,0.0,8.0,0.0,False,0.0,3.0,0.0,6.0,0.0,-5.0,0.0,0.0,False,True,True,False,,seam,48041,False,False,0,0,,,,False,
wood,1.0,0.0,0.0,8.0,0.0,False,0.0,3.0,0.0,6.0,0.0,-2.0,0.0,0.0,False,True,True,False,coin_1yen,,49000,True,True,0,0,1.5100433609070052,measured,17.898901719999337,False,9.573244627073151
wood,1.0,0.0,0.0,8.0,0.0,False,0.0,3.0,0.0,6.0,0.0,-2.0,0.0,0.0,False,True,True,False,coin_10yen,,49001,True,True,0,0,0.7185763321319545,measured,17.206368147625806,False,16.43487515613716
wood,1.0,0.0,0.0,8.0,0.0,False,0.0,3.0,0.0,6.0,0.0,-2.0,0.0,0.0,False,True,True,False,button_cr2032,,49002,True,True,0,0,,specular_break,18.537992762975836,True,10.262254776952613
wood,1.0,0.0,0.0,8.0,0.0,False,0.0,3.0,0.0,6.0,0.0,-2.0,0.0,0.0,False,True,True,False,button_lr44,,49003,True,True,0,0,,specular_break,11.270045936231021,True,5.93705463403799
wood,1.0,0.0,0.0,8.0,0.0,False,0.0,3.0,0.0,6.0,0.0,-2.0,0.0,0.0,False,True,True,False,bead_6,,49004,True,True,0,0,5.175525951686092,measured,6.727760187147473,False,16.58544293529098
wood,1.0,0.0,0.0,8.0,0.0,False,0.0,3.0,0.0,6.0,0.0,-2.0,0.0,0.0,False,True,True,False,bead_10_dark,,49005,True,True,0,0,,specular_break,12.656762131687554,True,5.21712363471224
wood,1.0,0.0,0.0,8.0,0.0,False,0.0,3.0,0.0,6.0,0.0,-2.0,0.0,0.0,False,True,True,False,magnet_disc_10x3,,49006,True,True,0,0,,specular_break,9.727686807391018,True,2.7333998729319
wood,1.0,0.0,0.0,8.0,0.0,False,0.0,3.0,0.0,6.0,0.0,-2.0,0.0,0.0,False,True,True,False,magnet_ball_5,,49007,True,True,0,0,-0.34304515795844104,measured,5.308906252134895,False,7.457775189186432
wood,1.0,0.0,0.0,8.0,0.0,False,0.0,3.0,0.0,6.0,0.0,-2.0,0.0,0.0,False,True,True,False,pill_8,,49008,True,True,0,0,2.7390051290271007,measured,8.010680556687346,False,3.9084980863929757
wood,1.0,0.0,0.0,8.0,0.0,False,0.0,3.0,0.0,6.0,0.0,-2.0,0.0,0.0,False,True,True,False,plastic_part_8,,49009,True,True,0,0,2.926595980471699,measured,7.930322961245012,False,4.1877321770662235
wood,1.0,0.0,0.0,8.0,0.0,False,0.0,3.0,0.0,6.0,0.0,-2.0,0.0,0.0,False,True,True,False,floor_colored_12,,49010,True,True,0,0,0.6038096570096911,measured,11.688497204773096,False,5.561550351612453
wood,1.0,0.0,0.0,8.0,0.0,False,0.0,3.0,0.0,6.0,0.0,-2.0,0.0,0.0,False,True,True,False,,empty,49011,False,False,0,0,,,,False,
wood,1.0,0.0,0.0,8.0,0.0,False,0.0,3.0,0.0,6.0,0.0,-2.0,0.0,0.0,False,True,True,False,,stain,49012,False,False,0,0,,,,False,
wood,1.0,0.0,0.0,8.0,0.0,False,0.0,3.0,0.0,6.0,0.0,-2.0,0.0,0.0,False,True,True,False,,seam,49013,False,False,0,0,,,,False,
wood,1.0,0.0,0.0,8.0,0.0,False,0.0,3.0,0.0,6.0,0.0,-2.0,0.0,0.0,False,True,True,False,coin_1yen,,49014,True,True,0,0,1.482633292934013,measured,18.199130699414116,False,9.618691376034318
wood,1.0,0.0,0.0,8.0,0.0,False,0.0,3.0,0.0,6.0,0.0,-2.0,0.0,0.0,False,True,True,False,coin_10yen,,49015,True,True,0,0,0.32834936547169136,measured,17.114406931250727,False,22.003549174733926
wood,1.0,0.0,0.0,8.0,0.0,False,0.0,3.0,0.0,6.0,0.0,-2.0,0.0,0.0,False,True,True,False,button_cr2032,,49016,True,True,0,0,,specular_break,18.29487299724308,True,10.02801927133464
wood,1.0,0.0,0.0,8.0,0.0,False,0.0,3.0,0.0,6.0,0.0,-2.0,0.0,0.0,False,True,True,False,button_lr44,,49017,True,True,0,0,,specular_break,11.188498412295502,True,6.046791462672381
wood,1.0,0.0,0.0,8.0,0.0,False,0.0,3.0,0.0,6.0,0.0,-2.0,0.0,0.0,False,True,True,False,bead_6,,49018,True,True,0,0,2.42395860484193,measured,6.985301062755573,False,0.9432879219074094
wood,1.0,0.0,0.0,8.0,0.0,False,0.0,3.0,0.0,6.0,0.0,-2.0,0.0,0.0,False,True,True,False,bead_10_dark,,49019,True,True,0,0,,specular_break,12.300424692597813,True,5.382860550993294
wood,1.0,0.0,0.0,8.0,0.0,False,0.0,3.0,0.0,6.0,0.0,-2.0,0.0,0.0,False,True,True,False,magnet_disc_10x3,,49020,True,True,0,0,,specular_break,9.66391193024201,True,2.7070842234759027
wood,1.0,0.0,0.0,8.0,0.0,False,0.0,3.0,0.0,6.0,0.0,-2.0,0.0,0.0,False,True,True,False,magnet_ball_5,,49021,True,True,0,0,-0.2583620792707837,measured,4.508734659464391,False,10.828614889599818
wood,1.0,0.0,0.0,8.0,0.0,False,0.0,3.0,0.0,6.0,0.0,-2.0,0.0,0.0,False,True,True,False,pill_8,,49022,True,True,0,0,2.964268542521449,measured,7.870083916586374,False,4.1095559063326155
wood,1.0,0.0,0.0,8.0,0.0,False,0.0,3.0,0.0,6.0,0.0,-2.0,0.0,0.0,False,True,True,False,plastic_part_8,,49023,True,True,0,0,2.988482654940114,measured,7.983284942451995,False,4.187038733677788
wood,1.0,0.0,0.0,8.0,0.0,False,0.0,3.0,0.0,6.0,0.0,-2.0,0.0,0.0,False,True,True,False,floor_colored_12,,49024,True,True,0,0,0.6179000625725362,measured,11.61463672583362,False,5.58197657099835
wood,1.0,0.0,0.0,8.0,0.0,False,0.0,3.0,0.0,6.0,0.0,-2.0,0.0,0.0,False,True,True,False,,empty,49025,False,False,0,0,,,,False,
wood,1.0,0.0,0.0,8.0,0.0,False,0.0,3.0,0.0,6.0,0.0,-2.0,0.0,0.0,False,True,True,False,,stain,49026,False,False,0,0,,,,False,
wood,1.0,0.0,0.0,8.0,0.0,False,0.0,3.0,0.0,6.0,0.0,-2.0,0.0,0.0,False,True,True,False,,seam,49027,False,False,0,0,,,,False,
wood,1.0,0.0,0.0,8.0,0.0,False,0.0,3.0,0.0,6.0,0.0,-2.0,0.0,0.0,False,True,True,False,coin_1yen,,49028,True,True,0,0,1.4983116302335233,measured,18.553965614985167,False,9.88968262310771
wood,1.0,0.0,0.0,8.0,0.0,False,0.0,3.0,0.0,6.0,0.0,-2.0,0.0,0.0,False,True,True,False,coin_10yen,,49029,True,True,0,0,0.7146756746324066,measured,17.130650703448847,False,15.972900618244482
wood,1.0,0.0,0.0,8.0,0.0,False,0.0,3.0,0.0,6.0,0.0,-2.0,0.0,0.0,False,True,True,False,button_cr2032,,49030,True,True,0,0,,specular_break,18.227062837396478,True,10.145661229228377
wood,1.0,0.0,0.0,8.0,0.0,False,0.0,3.0,0.0,6.0,0.0,-2.0,0.0,0.0,False,True,True,False,button_lr44,,49031,True,True,0,0,,specular_break,11.349310972672196,True,5.916691324365718
wood,1.0,0.0,0.0,8.0,0.0,False,0.0,3.0,0.0,6.0,0.0,-2.0,0.0,0.0,False,True,True,False,bead_6,,49032,True,True,0,0,5.352284367711777,measured,6.890712652835776,False,18.260307930745302
wood,1.0,0.0,0.0,8.0,0.0,False,0.0,3.0,0.0,6.0,0.0,-2.0,0.0,0.0,False,True,True,False,bead_10_dark,,49033,True,True,0,0,,specular_break,12.498399604133501,True,5.536663240171999
wood,1.0,0.0,0.0,8.0,0.0,False,0.0,3.0,0.0,6.0,0.0,-2.0,0.0,0.0,False,True,True,False,magnet_disc_10x3,,49034,True,True,0,0,,specular_break,9.611434750425031,True,3.536684654004042
wood,1.0,0.0,0.0,8.0,0.0,False,0.0,3.0,0.0,6.0,0.0,-2.0,0.0,0.0,False,True,True,False,magnet_ball_5,,49035,True,True,0,0,-0.14565004272747473,measured,4.639302416731755,False,11.46624174989206
wood,1.0,0.0,0.0,8.0,0.0,False,0.0,3.0,0.0,6.0,0.0,-2.0,0.0,0.0,False,True,True,False,pill_8,,49036,True,True,0,0,2.701129878818417,measured,7.740733814135394,False,4.301488117105605
wood,1.0,0.0,0.0,8.0,0.0,False,0.0,3.0,0.0,6.0,0.0,-2.0,0.0,0.0,False,True,True,False,plastic_part_8,,49037,True,True,0,0,-1.228703964666499,measured,8.087487378779707,False,4.559711688256694
wood,1.0,0.0,0.0,8.0,0.0,False,0.0,3.0,0.0,6.0,0.0,-2.0,0.0,0.0,False,True,True,False,floor_colored_12,,49038,True,True,0,0,0.7321363406532626,measured,11.160291240639353,False,6.179225745468307
wood,1.0,0.0,0.0,8.0,0.0,False,0.0,3.0,0.0,6.0,0.0,-2.0,0.0,0.0,False,True,True,False,,empty,49039,False,False,0,0,,,,False,
wood,1.0,0.0,0.0,8.0,0.0,False,0.0,3.0,0.0,6.0,0.0,-2.0,0.0,0.0,False,True,True,False,,stain,49040,False,False,0,0,,,,False,
wood,1.0,0.0,0.0,8.0,0.0,False,0.0,3.0,0.0,6.0,0.0,-2.0,0.0,0.0,False,True,True,False,,seam,49041,False,False,0,0,,,,False,
wood,1.0,0.0,0.0,8.0,0.0,False,0.0,3.0,0.0,6.0,0.0,2.0,0.0,0.0,False,True,True,False,coin_1yen,,50000,True,True,0,0,1.5113562561743574,measured,17.975546466163454,False,9.734826065369683
wood,1.0,0.0,0.0,8.0,0.0,False,0.0,3.0,0.0,6.0,0.0,2.0,0.0,0.0,False,True,True,False,coin_10yen,,50001,True,True,0,0,0.4561486764178877,measured,17.283582564708496,False,21.13635432676217
wood,1.0,0.0,0.0,8.0,0.0,False,0.0,3.0,0.0,6.0,0.0,2.0,0.0,0.0,False,True,True,False,button_cr2032,,50002,True,True,0,0,0.7353130044958807,measured,18.619405116550116,True,10.051934054974746
wood,1.0,0.0,0.0,8.0,0.0,False,0.0,3.0,0.0,6.0,0.0,2.0,0.0,0.0,False,True,True,False,button_lr44,,50003,True,True,0,0,0.794278783059406,measured,11.30593754587315,True,5.8574577619671935
wood,1.0,0.0,0.0,8.0,0.0,False,0.0,3.0,0.0,6.0,0.0,2.0,0.0,0.0,False,True,True,False,bead_6,,50004,True,True,0,0,0.20337437261977698,measured,5.584994067840602,False,15.299572093240785
wood,1.0,0.0,0.0,8.0,0.0,False,0.0,3.0,0.0,6.0,0.0,2.0,0.0,0.0,False,True,True,False,bead_10_dark,,50005,True,True,0,0,0.6349011572373602,measured,12.559540190738367,True,5.499937498223558
wood,1.0,0.0,0.0,8.0,0.0,False,0.0,3.0,0.0,6.0,0.0,2.0,0.0,0.0,False,True,True,False,magnet_disc_10x3,,50006,True,True,0,0,,specular_break,9.82724306085616,True,2.9520934284007496
wood,1.0,0.0,0.0,8.0,0.0,False,0.0,3.0,0.0,6.0,0.0,2.0,0.0,0.0,False,True,True,False,magnet_ball_5,,50007,True,True,0,0,0.002362185213627299,measured,4.500508702600888,False,12.700705721356334
wood,1.0,0.0,0.0,8.0,0.0,False,0.0,3.0,0.0,6.0,0.0,2.0,0.0,0.0,False,True,True,False,pill_8,,50008,True,True,0,0,0.9169328786468522,measured,7.896553218180016,False,4.280947877889452
wood,1.0,0.0,0.0,8.0,0.0,False,0.0,3.0,0.0,6.0,0.0,2.0,0.0,0.0,False,True,True,False,plastic_part_8,,50009,True,True,0,0,1.1393724985171136,measured,7.953702899062174,True,4.1249630997742734
wood,1.0,0.0,0.0,8.0,0.0,False,0.0,3.0,0.0,6.0,0.0,2.0,0.0,0.0,False,True,True,False,floor_colored_12,,50010,True,True,0,0,0.3124823251693485,measured,11.566768782897578,False,5.842265249445232
wood,1.0,0.0,0.0,8.0,0.0,False,0.0,3.0,0.0,6.0,0.0,2.0,0.0,0.0,False,True,True,False,,empty,50011,False,False,0,0,,,,False,
wood,1.0,0.0,0.0,8.0,0.0,False,0.0,3.0,0.0,6.0,0.0,2.0,0.0,0.0,False,True,True,False,,stain,50012,False,False,0,0,,,,False,
wood,1.0,0.0,0.0,8.0,0.0,False,0.0,3.0,0.0,6.0,0.0,2.0,0.0,0.0,False,True,True,False,,seam,50013,False,False,0,0,,,,False,
wood,1.0,0.0,0.0,8.0,0.0,False,0.0,3.0,0.0,6.0,0.0,2.0,0.0,0.0,False,True,True,False,coin_1yen,,50014,True,True,0,0,1.4583894543301916,measured,18.160958102078617,False,9.824260701455545
wood,1.0,0.0,0.0,8.0,0.0,False,0.0,3.0,0.0,6.0,0.0,2.0,0.0,0.0,False,True,True,False,coin_10yen,,50015,True,True,0,0,0.7334922624511258,measured,17.308305907177317,False,14.982976874980459
wood,1.0,0.0,0.0,8.0,0.0,False,0.0,3.0,0.0,6.0,0.0,2.0,0.0,0.0,False,True,True,False,button_cr2032,,50016,True,True,0,0,0.6259868288368615,measured,18.44343147209656,True,10.151771835682982
wood,1.0,0.0,0.0,8.0,0.0,False,0.0,3.0,0.0,6.0,0.0,2.0,0.0,0.0,False,True,True,False,button_lr44,,50017,True,True,0,0,0.8093126732085789,measured,11.4407437453252,True,6.092474495831853
wood,1.0,0.0,0.0,8.0,0.0,False,0.0,3.0,0.0,6.0,0.0,2.0,0.0,0.0,False,True,True,False,bead_6,,50018,True,True,0,0,0.5061643598198255,measured,7.08058101775818,False,12.592707358740025
wood,1.0,0.0,0.0,8.0,0.0,False,0.0,3.0,0.0,6.0,0.0,2.0,0.0,0.0,False,True,True,False,bead_10_dark,,50019,True,True,0,0,0.6829329288894321,measured,12.665285178503044,True,5.501812071672442
wood,1.0,0.0,0.0,8.0,0.0,False,0.0,3.0,0.0,6.0,0.0,2.0,0.0,0.0,False,True,True,False,magnet_disc_10x3,,50020,True,True,0,0,,specular_break,9.657129122251188,True,3.597166202193447
wood,1.0,0.0,0.0,8.0,0.0,False,0.0,3.0,0.0,6.0,0.0,2.0,0.0,0.0,False,True,True,False,magnet_ball_5,,50021,True,True,0,0,0.13385590569648365,measured,4.569050917667061,False,11.738562140783861
wood,1.0,0.0,0.0,8.0,0.0,False,0.0,3.0,0.0,6.0,0.0,2.0,0.0,0.0,False,True,True,False,pill_8,,50022,True,True,0,0,0.8599900269836969,measured,7.788866001454344,True,4.254223055994448
wood,1.0,0.0,0.0,8.0,0.0,False,0.0,3.0,0.0,6.0,0.0,2.0,0.0,0.0,False,True,True,False,plastic_part_8,,50023,True,True,0,0,1.175452476156428,measured,8.102357234155422,False,4.372488409808671
wood,1.0,0.0,0.0,8.0,0.0,False,0.0,3.0,0.0,6.0,0.0,2.0,0.0,0.0,False,True,True,False,floor_colored_12,,50024,True,True,0,0,0.40792336920694794,measured,11.289408378662891,False,6.164161734008772
wood,1.0,0.0,0.0,8.0,0.0,False,0.0,3.0,0.0,6.0,0.0,2.0,0.0,0.0,False,True,True,False,,empty,50025,False,False,0,0,,,,False,
wood,1.0,0.0,0.0,8.0,0.0,False,0.0,3.0,0.0,6.0,0.0,2.0,0.0,0.0,False,True,True,False,,stain,50026,False,False,0,0,,,,False,
wood,1.0,0.0,0.0,8.0,0.0,False,0.0,3.0,0.0,6.0,0.0,2.0,0.0,0.0,False,True,True,False,,seam,50027,False,False,1,1,,,,False,
wood,1.0,0.0,0.0,8.0,0.0,False,0.0,3.0,0.0,6.0,0.0,2.0,0.0,0.0,False,True,True,False,coin_1yen,,50028,True,True,0,0,1.5057416079698012,measured,17.982570907924362,False,9.821224783202165
wood,1.0,0.0,0.0,8.0,0.0,False,0.0,3.0,0.0,6.0,0.0,2.0,0.0,0.0,False,True,True,False,coin_10yen,,50029,True,True,0,0,0.7554742261923817,measured,17.292080780042728,False,15.784332900228527
wood,1.0,0.0,0.0,8.0,0.0,False,0.0,3.0,0.0,6.0,0.0,2.0,0.0,0.0,False,True,True,False,button_cr2032,,50030,True,True,0,0,0.571680347592034,measured,18.60396712188032,True,10.073052588798303
wood,1.0,0.0,0.0,8.0,0.0,False,0.0,3.0,0.0,6.0,0.0,2.0,0.0,0.0,False,True,True,False,button_lr44,,50031,True,True,0,0,0.802732027492917,measured,11.355725639576846,True,6.050082498266097
wood,1.0,0.0,0.0,8.0,0.0,False,0.0,3.0,0.0,6.0,0.0,2.0,0.0,0.0,False,True,True,False,bead_6,,50032,True,True,0,0,0.36147976391280245,measured,7.005933094242335,False,17.749409073408525
wood,1.0,0.0,0.0,8.0,0.0,False,0.0,3.0,0.0,6.0,0.0,2.0,0.0,0.0,False,True,True,False,bead_10_dark,,50033,True,True,0,0,0.7014557576194296,measured,12.593268280446498,True,5.63533016936488
wood,1.0,0.0,0.0,8.0,0.0,False,0.0,3.0,0.0,6.0,0.0,2.0,0.0,0.0,False,True,True,False,magnet_disc_10x3,,50034,True,True,0,0,0.9496716753901886,measured,10.099638304557207,True,3.2866204314515386
wood,1.0,0.0,0.0,8.0,0.0,False,0.0,3.0,0.0,6.0,0.0,2.0,0.0,0.0,False,True,True,False,magnet_ball_5,,50035,True,True,0,0,0.32867127985143796,measured,4.572425524429151,False,9.770590799407419
wood,1.0,0.0,0.0,8.0,0.0,False,0.0,3.0,0.0,6.0,0.0,2.0,0.0,0.0,False,True,True,False,pill_8,,50036,True,True,0,0,0.9092275667572967,measured,7.919878865915803,True,4.039755255429495
wood,1.0,0.0,0.0,8.0,0.0,False,0.0,3.0,0.0,6.0,0.0,2.0,0.0,0.0,False,True,True,False,plastic_part_8,,50037,True,True,0,0,1.2060840181413361,measured,7.832503015661093,False,4.3825550169345355
wood,1.0,0.0,0.0,8.0,0.0,False,0.0,3.0,0.0,6.0,0.0,2.0,0.0,0.0,False,True,True,False,floor_colored_12,,50038,True,True,0,0,0.3199437933964244,measured,11.346553682451635,False,5.856543053234193
wood,1.0,0.0,0.0,8.0,0.0,False,0.0,3.0,0.0,6.0,0.0,2.0,0.0,0.0,False,True,True,False,,empty,50039,False,False,0,0,,,,False,
wood,1.0,0.0,0.0,8.0,0.0,False,0.0,3.0,0.0,6.0,0.0,2.0,0.0,0.0,False,True,True,False,,stain,50040,False,False,0,0,,,,False,
wood,1.0,0.0,0.0,8.0,0.0,False,0.0,3.0,0.0,6.0,0.0,2.0,0.0,0.0,False,True,True,False,,seam,50041,False,False,0,0,,,,False,
wood,1.0,0.0,0.0,8.0,0.0,False,0.0,3.0,0.0,6.0,0.0,5.0,0.0,0.0,False,True,True,False,coin_1yen,,51000,True,True,0,0,1.0750868893586922,measured,18.235237496009464,False,9.855323756412457
wood,1.0,0.0,0.0,8.0,0.0,False,0.0,3.0,0.0,6.0,0.0,5.0,0.0,0.0,False,True,True,False,coin_10yen,,51001,True,True,0,0,0.7395755529602273,measured,17.431440248845938,False,13.436398937264036
wood,1.0,0.0,0.0,8.0,0.0,False,0.0,3.0,0.0,6.0,0.0,5.0,0.0,0.0,False,True,True,False,button_cr2032,,51002,True,True,0,0,0.526753031047857,measured,18.117422009542,True,10.009995212686961
wood,1.0,0.0,0.0,8.0,0.0,False,0.0,3.0,0.0,6.0,0.0,5.0,0.0,0.0,False,True,True,False,button_lr44,,51003,True,True,0,0,0.23349185556236485,measured,11.368123402988395,False,5.847016076653783
wood,1.0,0.0,0.0,8.0,0.0,False,0.0,3.0,0.0,6.0,0.0,5.0,0.0,0.0,False,True,True,False,bead_6,,51004,True,True,0,0,,off_line,6.8041586445946285,False,18.66253352000298
wood,1.0,0.0,0.0,8.0,0.0,False,0.0,3.0,0.0,6.0,0.0,5.0,0.0,0.0,False,True,True,False,bead_10_dark,,51005,True,True,0,0,0.4382184781332885,measured,12.925504259669271,False,5.333096472871887
wood,1.0,0.0,0.0,8.0,0.0,False,0.0,3.0,0.0,6.0,0.0,5.0,0.0,0.0,False,True,True,False,magnet_disc_10x3,,51006,True,True,0,0,0.005644770798902243,measured,9.544104316433428,False,3.294936429712635
wood,1.0,0.0,0.0,8.0,0.0,False,0.0,3.0,0.0,6.0,0.0,5.0,0.0,0.0,False,True,True,False,magnet_ball_5,,51007,True,True,0,0,,off_line,4.618991346558454,False,11.438018536025757
wood,1.0,0.0,0.0,8.0,0.0,False,0.0,3.0,0.0,6.0,0.0,5.0,0.0,0.0,False,True,True,False,pill_8,,51008,True,True,0,0,-0.016768532496092448,measured,7.829971939182573,False,4.149975830461701
wood,1.0,0.0,0.0,8.0,0.0,False,0.0,3.0,0.0,6.0,0.0,5.0,0.0,0.0,False,True,True,False,plastic_part_8,,51009,True,True,0,0,0.01937441493343961,measured,7.965037388546734,False,4.200769304840951
wood,1.0,0.0,0.0,8.0,0.0,False,0.0,3.0,0.0,6.0,0.0,5.0,0.0,0.0,False,True,True,False,floor_colored_12,,51010,True,True,0,0,0.4944350365772898,measured,11.436268228770226,False,6.0630970420197166
wood,1.0,0.0,0.0,8.0,0.0,False,0.0,3.0,0.0,6.0,0.0,5.0,0.0,0.0,False,True,True,False,,empty,51011,False,False,0,0,,,,False,
wood,1.0,0.0,0.0,8.0,0.0,False,0.0,3.0,0.0,6.0,0.0,5.0,0.0,0.0,False,True,True,False,,stain,51012,False,False,0,0,,,,False,
wood,1.0,0.0,0.0,8.0,0.0,False,0.0,3.0,0.0,6.0,0.0,5.0,0.0,0.0,False,True,True,False,,seam,51013,False,False,0,0,,,,False,
wood,1.0,0.0,0.0,8.0,0.0,False,0.0,3.0,0.0,6.0,0.0,5.0,0.0,0.0,False,True,True,False,coin_1yen,,51014,True,True,0,0,1.098387950899328,measured,18.285069902584894,False,9.81633567055163
wood,1.0,0.0,0.0,8.0,0.0,False,0.0,3.0,0.0,6.0,0.0,5.0,0.0,0.0,False,True,True,False,coin_10yen,,51015,True,True,0,0,0.6708338639408993,measured,17.402275561504272,False,17.253630570249594
wood,1.0,0.0,0.0,8.0,0.0,False,0.0,3.0,0.0,6.0,0.0,5.0,0.0,0.0,False,True,True,False,button_cr2032,,51016,True,True,0,0,,specular_break,18.36960114762391,True,10.047463903863877
wood,1.0,0.0,0.0,8.0,0.0,False,0.0,3.0,0.0,6.0,0.0,5.0,0.0,0.0,False,True,True,False,button_lr44,,51017,True,True,0,0,-0.021212254610354364,measured,11.38142268729843,False,5.833554840145114
wood,1.0,0.0,0.0,8.0,0.0,False,0.0,3.0,0.0,6.0,0.0,5.0,0.0,0.0,False,True,True,False,bead_6,,51018,True,True,0,0,0.01102350986710654,measured,7.034970523883456,False,11.018708332389203
wood,1.0,0.0,0.0,8.0,0.0,False,0.0,3.0,0.0,6.0,0.0,5.0,0.0,0.0,False,True,True,False,bead_10_dark,,51019,True,True,0,0,-0.022618723654098005,measured,12.737013473859827,False,5.538019068168077
wood,1.0,0.0,0.0,8.0,0.0,False,0.0,3.0,0.0,6.0,0.0,5.0,0.0,0.0,False,True,True,False,magnet_disc_10x3,,51020,True,True,0,0,-0.008920620495429077,measured,9.917455815888925,False,3.8641116396922115
wood,1.0,0.0,0.0,8.0,0.0,False,0.0,3.0,0.0,6.0,0.0,5.0,0.0,0.0,False,True,True,False,magnet_ball_5,,51021,True,True,0,0,-0.010399583381826005,measured,4.603301944253085,False,8.00587965850202
wood,1.0,0.0,0.0,8.0,0.0,False,0.0,3.0,0.0,6.0,0.0,5.0,0.0,0.0,False,True,True,False,pill_8,,51022,True,True,0,0,0.0153894595750792,measured,7.887180666171573,False,4.06178262295244
wood,1.0,0.0,0.0,8.0,0.0,False,0.0,3.0,0.0,6.0,0.0,5.0,0.0,0.0,False,True,True,False,plastic_part_8,,51023,True,True,0,0,0.016686073208447283,measured,8.019654997946594,False,4.216395995144241
wood,1.0,0.0,0.0,8.0,0.0,False,0.0,3.0,0.0,6.0,0.0,5.0,0.0,0.0,False,True,True,False,floor_colored_12,,51024,True,True,0,0,0.3619268140046099,measured,11.416537219646584,False,5.91221783705566
wood,1.0,0.0,0.0,8.0,0.0,False,0.0,3.0,0.0,6.0,0.0,5.0,0.0,0.0,False,True,True,False,,empty,51025,False,False,0,0,,,,False,
wood,1.0,0.0,0.0,8.0,0.0,False,0.0,3.0,0.0,6.0,0.0,5.0,0.0,0.0,False,True,True,False,,stain,51026,False,False,0,0,,,,False,
wood,1.0,0.0,0.0,8.0,0.0,False,0.0,3.0,0.0,6.0,0.0,5.0,0.0,0.0,False,True,True,False,,seam,51027,False,False,0,0,,,,False,
wood,1.0,0.0,0.0,8.0,0.0,False,0.0,3.0,0.0,6.0,0.0,5.0,0.0,0.0,False,True,True,False,coin_1yen,,51028,True,True,0,0,1.3095235823016047,measured,17.936995229657956,False,9.869254200626527
wood,1.0,0.0,0.0,8.0,0.0,False,0.0,3.0,0.0,6.0,0.0,5.0,0.0,0.0,False,True,True,False,coin_10yen,,51029,True,True,0,0,0.5803526312634055,measured,17.344568377038897,False,19.079900703012335
wood,1.0,0.0,0.0,8.0,0.0,False,0.0,3.0,0.0,6.0,0.0,5.0,0.0,0.0,False,True,True,False,button_cr2032,,51030,True,True,0,0,0.5132989243812354,measured,18.242959591455403,True,9.982945471445102
wood,1.0,0.0,0.0,8.0,0.0,False,0.0,3.0,0.0,6.0,0.0,5.0,0.0,0.0,False,True,True,False,button_lr44,,51031,True,True,0,0,-0.017460242656886393,measured,11.436080729082652,False,5.887386992719807
wood,1.0,0.0,0.0,8.0,0.0,False,0.0,3.0,0.0,6.0,0.0,5.0,0.0,0.0,False,True,True,False,bead_6,,51032,True,True,0,0,0.013566910565504742,measured,7.0718419254233975,False,12.170658505721697
wood,1.0,0.0,0.0,8.0,0.0,False,0.0,3.0,0.0,6.0,0.0,5.0,0.0,0.0,False,True,True,False,bead_10_dark,,51033,True,True,0,0,0.019457441821225885,measured,12.872035412550039,False,5.45372751486169
wood,1.0,0.0,0.0,8.0,0.0,False,0.0,3.0,0.0,6.0,0.0,5.0,0.0,0.0,False,True,True,False,magnet_disc_10x3,,51034,True,True,0,0,0.3064371653447413,measured,9.6583820467389,False,3.9269868549809885
wood,1.0,0.0,0.0,8.0,0.0,False,0.0,3.0,0.0,6.0,0.0,5.0,0.0,0.0,False,True,True,False,magnet_ball_5,,51035,True,True,0,0,,off_line,5.693244761065067,False,1.4801228842601273
wood,1.0,0.0,0.0,8.0,0.0,False,0.0,3.0,0.0,6.0,0.0,5.0,0.0,0.0,False,True,True,False,pill_8,,51036,True,True,0,0,0.2188505122270179,measured,8.007543370766895,False,4.164289535210229
wood,1.0,0.0,0.0,8.0,0.0,False,0.0,3.0,0.0,6.0,0.0,5.0,0.0,0.0,False,True,True,False,plastic_part_8,,51037,True,True,0,0,0.12299618631664089,measured,7.888170260670514,False,4.056279057748612
wood,1.0,0.0,0.0,8.0,0.0,False,0.0,3.0,0.0,6.0,0.0,5.0,0.0,0.0,False,True,True,False,floor_colored_12,,51038,True,True,0,0,-0.024403138107855327,measured,11.477624728230973,False,5.955090685097385
wood,1.0,0.0,0.0,8.0,0.0,False,0.0,3.0,0.0,6.0,0.0,5.0,0.0,0.0,False,True,True,False,,empty,51039,False,False,0,0,,,,False,
wood,1.0,0.0,0.0,8.0,0.0,False,0.0,3.0,0.0,6.0,0.0,5.0,0.0,0.0,False,True,True,False,,stain,51040,False,False,0,0,,,,False,
wood,1.0,0.0,0.0,8.0,0.0,False,0.0,3.0,0.0,6.0,0.0,5.0,0.0,0.0,False,True,True,False,,seam,51041,False,False,0,0,,,,False,
wood,1.0,0.0,0.0,8.0,0.0,False,0.0,3.0,0.0,6.0,0.0,0.0,0.0,0.0,False,True,True,False,coin_1yen,,52000,True,True,0,0,1.4363220016808445,measured,18.423408334182483,False,10.031144579080355
wood,1.0,0.0,0.0,8.0,0.0,False,0.0,3.0,0.0,6.0,0.0,0.0,0.0,0.0,False,True,True,False,coin_10yen,,52001,True,True,0,0,0.5482116907732593,measured,17.246579483757838,False,20.834146740250308
wood,1.0,0.0,0.0,8.0,0.0,False,0.0,3.0,0.0,6.0,0.0,0.0,0.0,0.0,False,True,True,False,button_cr2032,,52002,True,True,0,0,,specular_break,18.537535648645388,True,10.052860000730599
wood,1.0,0.0,0.0,8.0,0.0,False,0.0,3.0,0.0,6.0,0.0,0.0,0.0,0.0,False,True,True,False,button_lr44,,52003,True,True,0,0,,specular_break,11.332582957008086,True,5.9540091424239305
wood,1.0,0.0,0.0,8.0,0.0,False,0.0,3.0,0.0,6.0,0.0,0.0,0.0,0.0,False,True,True,False,bead_6,,52004,True,True,0,0,,specular_break,6.984114472773471,True,18.947094974348225
wood,1.0,0.0,0.0,8.0,0.0,False,0.0,3.0,0.0,6.0,0.0,0.0,0.0,0.0,False,True,True,False,bead_10_dark,,52005,True,True,0,0,,specular_break,12.39663226285724,True,5.525920435892567
wood,1.0,0.0,0.0,8.0,0.0,False,0.0,3.0,0.0,6.0,0.0,0.0,0.0,0.0,False,True,True,False,magnet_disc_10x3,,52006,True,True,0,0,,specular_break,9.652820145178307,True,3.5913509040578786
wood,1.0,0.0,0.0,8.0,0.0,False,0.0,3.0,0.0,6.0,0.0,0.0,0.0,0.0,False,True,True,False,magnet_ball_5,,52007,True,True,0,0,,specular_break,4.59850975414973,True,8.871084607174705
wood,1.0,0.0,0.0,8.0,0.0,False,0.0,3.0,0.0,6.0,0.0,0.0,0.0,0.0,False,True,True,False,pill_8,,52008,True,True,0,0,2.484507880170286,measured,7.843432184205895,False,4.156436211784525
wood,1.0,0.0,0.0,8.0,0.0,False,0.0,3.0,0.0,6.0,0.0,0.0,0.0,0.0,False,True,True,False,plastic_part_8,,52009,True,True,0,0,2.8880465796975407,measured,7.9934695177185136,True,4.182438021860638
wood,1.0,0.0,0.0,8.0,0.0,False,0.0,3.0,0.0,6.0,0.0,0.0,0.0,0.0,False,True,True,False,floor_colored_12,,52010,True,True,0,0,0.5643819445999423,measured,11.515029386566196,False,5.815939642818994
wood,1.0,0.0,0.0,8.0,0.0,False,0.0,3.0,0.0,6.0,0.0,0.0,0.0,0.0,False,True,True,False,,empty,52011,False,False,0,0,,,,False,
wood,1.0,0.0,0.0,8.0,0.0,False,0.0,3.0,0.0,6.0,0.0,0.0,0.0,0.0,False,True,True,False,,stain,52012,False,False,0,0,,,,False,
wood,1.0,0.0,0.0,8.0,0.0,False,0.0,3.0,0.0,6.0,0.0,0.0,0.0,0.0,False,True,True,False,,seam,52013,False,False,0,0,,,,False,
wood,1.0,0.0,0.0,8.0,0.0,False,0.0,3.0,0.0,6.0,0.0,0.0,0.0,0.0,False,True,True,False,coin_1yen,,52014,True,True,0,0,1.4614055666091215,measured,18.064588311066892,False,9.795060003697287
wood,1.0,0.0,0.0,8.0,0.0,False,0.0,3.0,0.0,6.0,0.0,0.0,0.0,0.0,False,True,True,False,coin_10yen,,52015,True,True,0,0,0.5881884706862817,measured,17.260058639274643,False,20.732166946174633
wood,1.0,0.0,0.0,8.0,0.0,False,0.0,3.0,0.0,6.0,0.0,0.0,0.0,0.0,False,True,True,False,button_cr2032,,52016,True,True,0,0,,specular_break,17.81540581359359,True,9.988510609907497
wood,1.0,0.0,0.0,8.0,0.0,False,0.0,3.0,0.0,6.0,0.0,0.0,0.0,0.0,False,True,True,False,button_lr44,,52017,True,True,0,0,0.5607612467402987,measured,11.406586044900049,True,5.8699128228691055
wood,1.0,0.0,0.0,8.0,0.0,False,0.0,3.0,0.0,6.0,0.0,0.0,0.0,0.0,False,True,True,False,bead_6,,52018,True,True,0,0,,specular_break,7.092630119184248,True,14.02488021995511
wood,1.0,0.0,0.0,8.0,0.0,False,0.0,3.0,0.0,6.0,0.0,0.0,0.0,0.0,False,True,True,False,bead_10_dark,,52019,True,True,0,0,,specular_break,12.472401840266992,True,5.379467960779474
wood,1.0,0.0,0.0,8.0,0.0,False,0.0,3.0,0.0,6.0,0.0,0.0,0.0,0.0,False,True,True,False,magnet_disc_10x3,,52020,True,True,0,0,,specular_break,9.874400059778864,True,3.6047013338426694
wood,1.0,0.0,0.0,8.0,0.0,False,0.0,3.0,0.0,6.0,0.0,0.0,0.0,0.0,False,True,True,False,magnet_ball_5,,52021,True,True,0,0,,specular_break,4.968554905682081,True,1.7140669351989628
wood,1.0,0.0,0.0,8.0,0.0,False,0.0,3.0,0.0,6.0,0.0,0.0,0.0,0.0,False,True,True,False,pill_8,,52022,True,True,0,0,2.337723145088347,measured,7.930163383084604,False,4.019549614032144
wood,1.0,0.0,0.0,8.0,0.0,False,0.0,3.0,0.0,6.0,0.0,0.0,0.0,0.0,False,True,True,False,plastic_part_8,,52023,True,True,0,0,2.7212359910563038,measured,7.72949005641249,True,4.218642236256603
wood,1.0,0.0,0.0,8.0,0.0,False,0.0,3.0,0.0,6.0,0.0,0.0,0.0,0.0,False,True,True,False,floor_colored_12,,52024,True,True,0,0,0.37602337423390786,measured,11.588347503538083,False,5.918982324362634
wood,1.0,0.0,0.0,8.0,0.0,False,0.0,3.0,0.0,6.0,0.0,0.0,0.0,0.0,False,True,True,False,,empty,52025,False,False,0,0,,,,False,
wood,1.0,0.0,0.0,8.0,0.0,False,0.0,3.0,0.0,6.0,0.0,0.0,0.0,0.0,False,True,True,False,,stain,52026,False,False,0,0,,,,False,
wood,1.0,0.0,0.0,8.0,0.0,False,0.0,3.0,0.0,6.0,0.0,0.0,0.0,0.0,False,True,True,False,,seam,52027,False,False,0,0,,,,False,
wood,1.0,0.0,0.0,8.0,0.0,False,0.0,3.0,0.0,6.0,0.0,0.0,0.0,0.0,False,True,True,False,coin_1yen,,52028,True,True,0,0,1.4707674445127328,measured,18.379470754816694,False,9.796206297317742
wood,1.0,0.0,0.0,8.0,0.0,False,0.0,3.0,0.0,6.0,0.0,0.0,0.0,0.0,False,True,True,False,coin_10yen,,52029,True,True,0,0,0.7271888651886496,measured,17.160511312048655,False,17.206759269542935
wood,1.0,0.0,0.0,8.0,0.0,False,0.0,3.0,0.0,6.0,0.0,0.0,0.0,0.0,False,True,True,False,button_cr2032,,52030,True,True,0,0,0.5926812953196041,measured,18.65225481876698,True,9.896413416487215
wood,1.0,0.0,0.0,8.0,0.0,False,0.0,3.0,0.0,6.0,0.0,0.0,0.0,0.0,False,True,True,False,button_lr44,,52031,True,True,0,0,1.107223151248375,measured,11.278658255818625,True,5.973141608585457
wood,1.0,0.0,0.0,8.0,0.0,False,0.0,3.0,0.0,6.0,0.0,0.0,0.0,0.0,False,True,True,False,bead_6,,52032,True,True,0,0,,specular_break,6.9490214614696635,True,13.04049803015592
wood,1.0,0.0,0.0,8.0,0.0,False,0.0,3.0,0.0,6.0,0.0,0.0,0.0,0.0,False,True,True,False,bead_10_dark,,52033,True,True,0,0,,specular_break,12.438794127388455,True,5.611370576312396
wood,1.0,0.0,0.0,8.0,0.0,False,0.0,3.0,0.0,6.0,0.0,0.0,0.0,0.0,False,True,True,False,magnet_disc_10x3,,52034,True,True,0,0,,specular_break,9.606764459620997,True,3.750243856544967
wood,1.0,0.0,0.0,8.0,0.0,False,0.0,3.0,0.0,6.0,0.0,0.0,0.0,0.0,False,True,True,False,magnet_ball_5,,52035,True,True,0,0,,specular_break,4.6878239712467815,True,11.183399591303374
wood,1.0,0.0,0.0,8.0,0.0,False,0.0,3.0,0.0,6.0,0.0,0.0,0.0,0.0,False,True,True,False,pill_8,,52036,True,True,0,0,2.3368691061736975,measured,8.072305128032916,False,4.12786090381926
wood,1.0,0.0,0.0,8.0,0.0,False,0.0,3.0,0.0,6.0,0.0,0.0,0.0,0.0,False,True,True,False,plastic_part_8,,52037,True,True,0,0,2.7312918718283363,measured,7.89972047988633,True,4.445574753242724
wood,1.0,0.0,0.0,8.0,0.0,False,0.0,3.0,0.0,6.0,0.0,0.0,0.0,0.0,False,True,True,False,floor_colored_12,,52038,True,True,0,0,0.4135238572982267,measured,11.526553141257025,False,6.013550181835342
wood,1.0,0.0,0.0,8.0,0.0,False,0.0,3.0,0.0,6.0,0.0,0.0,0.0,0.0,False,True,True,False,,empty,52039,False,False,0,0,,,,False,
wood,1.0,0.0,0.0,8.0,0.0,False,0.0,3.0,0.0,6.0,0.0,0.0,0.0,0.0,False,True,True,False,,stain,52040,False,False,0,0,,,,False,
wood,1.0,0.0,0.0,8.0,0.0,False,0.0,3.0,0.0,6.0,0.0,0.0,0.0,0.0,False,True,True,False,,seam,52041,False,False,0,0,,,,False,
wood,1.0,0.0,0.0,8.0,0.0,False,0.0,3.0,0.0,6.0,0.0,0.0,-10.0,0.0,False,True,True,False,coin_1yen,,53000,True,True,0,0,1.8405584478172035,measured,22.38559438403196,False,9.374798147518929
wood,1.0,0.0,0.0,8.0,0.0,False,0.0,3.0,0.0,6.0,0.0,0.0,-10.0,0.0,False,True,True,False,coin_10yen,,53001,True,True,0,0,0.8268312287239254,measured,21.546482423404267,False,18.5104014300569
wood,1.0,0.0,0.0,8.0,0.0,False,0.0,3.0,0.0,6.0,0.0,0.0,-10.0,0.0,False,True,True,False,button_cr2032,,53002,True,True,0,0,,specular_break,20.92301749230069,True,12.562472201002457
wood,1.0,0.0,0.0,8.0,0.0,False,0.0,3.0,0.0,6.0,0.0,0.0,-10.0,0.0,False,True,True,False,button_lr44,,53003,True,True,0,0,,specular_break,13.693098983542985,True,6.768428225888018
wood,1.0,0.0,0.0,8.0,0.0,False,0.0,3.0,0.0,6.0,0.0,0.0,-10.0,0.0,False,True,True,False,bead_6,,53004,True,True,0,0,,specular_break,9.328003560216455,True,19.35636791088834
wood,1.0,0.0,0.0,8.0,0.0,False,0.0,3.0,0.0,6.0,0.0,0.0,-10.0,0.0,False,True,True,False,bead_10_dark,,53005,True,True,0,1,,specular_break,15.368748418273482,True,5.478407002339955
wood,1.0,0.0,0.0,8.0,0.0,False,0.0,3.0,0.0,6.0,0.0,0.0,-10.0,0.0,False,True,True,False,magnet_disc_10x3,,53006,True,True,0,0,,specular_break,12.638988538191473,True,1.9455678748873737
wood,1.0,0.0,0.0,8.0,0.0,False,0.0,3.0,0.0,6.0,0.0,0.0,-10.0,0.0,False,True,True,False,magnet_ball_5,,53007,True,True,0,0,,specular_break,6.142244218543989,True,25.25378690583008
wood,1.0,0.0,0.0,8.0,0.0,False,0.0,3.0,0.0,6.0,0.0,0.0,-10.0,0.0,False,True,True,False,pill_8,,53008,True,True,0,0,3.0371668541048855,measured,10.488761441693383,False,2.253558034040306
wood,1.0,0.0,0.0,8.0,0.0,False,0.0,3.0,0.0,6.0,0.0,0.0,-10.0,0.0,False,True,True,False,plastic_part_8,,53009,True,True,0,0,3.5881535680994663,measured,10.051432857013317,True,0.28565180104864407
wood,1.0,0.0,0.0,8.0,0.0,False,0.0,3.0,0.0,6.0,0.0,0.0,-10.0,0.0,False,True,True,False,floor_colored_12,,53010,True,True,0,0,0.5107643234529302,measured,14.97502667838392,False,1.4190439768535397
wood,1.0,0.0,0.0,8.0,0.0,False,0.0,3.0,0.0,6.0,0.0,0.0,-10.0,0.0,False,True,True,False,,empty,53011,False,False,0,0,,,,False,
wood,1.0,0.0,0.0,8.0,0.0,False,0.0,3.0,0.0,6.0,0.0,0.0,-10.0,0.0,False,True,True,False,,stain,53012,False,False,0,0,,,,False,
wood,1.0,0.0,0.0,8.0,0.0,False,0.0,3.0,0.0,6.0,0.0,0.0,-10.0,0.0,False,True,True,False,,seam,53013,False,False,0,0,,,,False,
wood,1.0,0.0,0.0,8.0,0.0,False,0.0,3.0,0.0,6.0,0.0,0.0,-10.0,0.0,False,True,True,False,coin_1yen,,53014,True,True,0,0,1.9606818594444384,measured,24.044855220378178,False,3.3978341981158056
wood,1.0,0.0,0.0,8.0,0.0,False,0.0,3.0,0.0,6.0,0.0,0.0,-10.0,0.0,False,True,True,False,coin_10yen,,53015,True,True,0,0,0.8868256943066513,measured,21.013199027984967,False,18.2300288285323
wood,1.0,0.0,0.0,8.0,0.0,False,0.0,3.0,0.0,6.0,0.0,0.0,-10.0,0.0,False,True,True,False,button_cr2032,,53016,True,True,0,0,0.6027097715030632,measured,21.83064170233569,True,11.202912994231722
wood,1.0,0.0,0.0,8.0,0.0,False,0.0,3.0,0.0,6.0,0.0,0.0,-10.0,0.0,False,True,True,False,button_lr44,,53017,True,True,0,0,0.7456799998485266,measured,15.046374582991595,True,3.156228791737358
wood,1.0,0.0,0.0,8.0,0.0,False,0.0,3.0,0.0,6.0,0.0,0.0,-10.0,0.0,False,True,True,False,bead_6,,53018,True,True,0,0,,specular_break,8.885676598799689,True,13.475403913985764
wood,1.0,0.0,0.0,8.0,0.0,False,0.0,3.0,0.0,6.0,0.0,0.0,-10.0,0.0,False,True,True,False,bead_10_dark,,53019,True,True,0,1,,specular_break,16.022244035424798,False,0.7539967641668426
wood,1.0,0.0,0.0,8.0,0.0,False,0.0,3.0,0.0,6.0,0.0,0.0,-10.0,0.0,False,True,True,False,magnet_disc_10x3,,53020,True,True,0,0,,specular_break,12.608704603716564,True,1.7773241778477598
wood,1.0,0.0,0.0,8.0,0.0,False,0.0,3.0,0.0,6.0,0.0,0.0,-10.0,0.0,False,True,True,False,magnet_ball_5,,53021,True,True,0,0,,specular_break,6.286028732591929,True,26.675149813617576
wood,1.0,0.0,0.0,8.0,0.0,False,0.0,3.0,0.0,6.0,0.0,0.0,-10.0,0.0,False,True,True,False,pill_8,,53022,True,True,0,0,2.976549122172168,measured,9.924140358119843,False,3.2359872297901133
wood,1.0,0.0,0.0,8.0,0.0,False,0.0,3.0,0.0,6.0,0.0,0.0,-10.0,0.0,False,True,True,False,plastic_part_8,,53023,True,True,0,0,3.4270014540012586,measured,9.545861337182853,True,5.002714537268396
wood,1.0,0.0,0.0,8.0,0.0,False,0.0,3.0,0.0,6.0,0.0,0.0,-10.0,0.0,False,True,True,False,floor_colored_12,,53024,True,True,0,0,0.7550166974203787,measured,13.80696204514794,False,6.265784619743464
wood,1.0,0.0,0.0,8.0,0.0,False,0.0,3.0,0.0,6.0,0.0,0.0,-10.0,0.0,False,True,True,False,,empty,53025,False,False,0,0,,,,False,
wood,1.0,0.0,0.0,8.0,0.0,False,0.0,3.0,0.0,6.0,0.0,0.0,-10.0,0.0,False,True,True,False,,stain,53026,False,False,0,0,,,,False,
wood,1.0,0.0,0.0,8.0,0.0,False,0.0,3.0,0.0,6.0,0.0,0.0,-10.0,0.0,False,True,True,False,,seam,53027,False,False,0,0,,,,False,
wood,1.0,0.0,0.0,8.0,0.0,False,0.0,3.0,0.0,6.0,0.0,0.0,-10.0,0.0,False,True,True,False,coin_1yen,,53028,True,True,0,0,1.868395913496249,measured,22.735719773289567,False,8.69201915179841
wood,1.0,0.0,0.0,8.0,0.0,False,0.0,3.0,0.0,6.0,0.0,0.0,-10.0,0.0,False,True,True,False,coin_10yen,,53029,True,True,0,0,0.738605046298332,measured,21.598256210545088,False,18.78665328976688
wood,1.0,0.0,0.0,8.0,0.0,False,0.0,3.0,0.0,6.0,0.0,0.0,-10.0,0.0,False,True,True,False,button_cr2032,,53030,True,True,0,0,,specular_break,23.370483925562088,True,6.989077375890907
wood,1.0,0.0,0.0,8.0,0.0,False,0.0,3.0,0.0,6.0,0.0,0.0,-10.0,0.0,False,True,True,False,button_lr44,,53031,True,True,0,0,,specular_break,14.69501417562883,True,0.8501236335649346
wood,1.0,0.0,0.0,8.0,0.0,False,0.0,3.0,0.0,6.0,0.0,0.0,-10.0,0.0,False,True,True,False,bead_6,,53032,True,True,0,0,,specular_break,8.808507186169104,True,10.821171855786709
wood,1.0,0.0,0.0,8.0,0.0,False,0.0,3.0,0.0,6.0,0.0,0.0,-10.0,0.0,False,True,True,False,bead_10_dark,,53033,True,True,0,0,,specular_break,16.245129181244522,False,2.9346067793484307
wood,1.0,0.0,0.0,8.0,0.0,False,0.0,3.0,0.0,6.0,0.0,0.0,-10.0,0.0,False,True,True,False,magnet_disc_10x3,,53034,True,True,0,0,,specular_break,13.082010786693997,True,8.242720952242799
wood,1.0,0.0,0.0,8.0,0.0,False,0.0,3.0,0.0,6.0,0.0,0.0,-10.0,0.0,False,True,True,False,magnet_ball_5,,53035,True,True,0,0,,specular_break,5.936652642177364,True,3.1306594829538845
wood,1.0,0.0,0.0,8.0,0.0,False,0.0,3.0,0.0,6.0,0.0,0.0,-10.0,0.0,False,True,True,False,pill_8,,53036,True,True,0,0,2.9653379708614374,measured,9.571122021408732,False,5.373711438091771
wood,1.0,0.0,0.0,8.0,0.0,False,0.0,3.0,0.0,6.0,0.0,0.0,-10.0,0.0,False,True,True,False,plastic_part_8,,53037,True,True,0,0,3.416753120063367,measured,9.456648656184973,True,5.3615844764146985
wood,1.0,0.0,0.0,8.0,0.0,False,0.0,3.0,0.0,6.0,0.0,0.0,-10.0,0.0,False,True,True,False,floor_colored_12,,53038,True,True,0,0,0.9452750116179676,measured,13.386836715671455,False,8.173738730083606
wood,1.0,0.0,0.0,8.0,0.0,False,0.0,3.0,0.0,6.0,0.0,0.0,-10.0,0.0,False,True,True,False,,empty,53039,False,False,0,0,,,,False,
wood,1.0,0.0,0.0,8.0,0.0,False,0.0,3.0,0.0,6.0,0.0,0.0,-10.0,0.0,False,True,True,False,,stain,53040,False,False,0,0,,,,False,
wood,1.0,0.0,0.0,8.0,0.0,False,0.0,3.0,0.0,6.0,0.0,0.0,-10.0,0.0,False,True,True,False,,seam,53041,False,False,1,1,,,,False,
wood,1.0,0.0,0.0,8.0,0.0,False,0.0,3.0,0.0,6.0,0.0,0.0,-5.0,0.0,False,True,True,False,coin_1yen,,54000,True,True,0,0,1.6357992999042708,measured,19.74754773792454,False,10.395816320011399
wood,1.0,0.0,0.0,8.0,0.0,False,0.0,3.0,0.0,6.0,0.0,0.0,-5.0,0.0,False,True,True,False,coin_10yen,,54001,True,True,0,0,0.8105754935758913,measured,19.04835848530866,False,18.37885113449619
wood,1.0,0.0,0.0,8.0,0.0,False,0.0,3.0,0.0,6.0,0.0,0.0,-5.0,0.0,False,True,True,False,button_cr2032,,54002,True,True,0,0,,specular_break,21.158827189497472,True,7.0903311297273
wood,1.0,0.0,0.0,8.0,0.0,False,0.0,3.0,0.0,6.0,0.0,0.0,-5.0,0.0,False,True,True,False,button_lr44,,54003,True,True,0,0,1.3706023225313082,measured,12.35826104659083,True,6.281717922754017
wood,1.0,0.0,0.0,8.0,0.0,False,0.0,3.0,0.0,6.0,0.0,0.0,-5.0,0.0,False,True,True,False,bead_6,,54004,True,True,0,0,,specular_break,8.003251848043977,True,24.131594245705482
wood,1.0,0.0,0.0,8.0,0.0,False,0.0,3.0,0.0,6.0,0.0,0.0,-5.0,0.0,False,True,True,False,bead_10_dark,,54005,True,True,0,0,,specular_break,13.853304411197891,True,5.055688054438249
wood,1.0,0.0,0.0,8.0,0.0,False,0.0,3.0,0.0,6.0,0.0,0.0,-5.0,0.0,False,True,True,False,magnet_disc_10x3,,54006,True,True,0,0,,specular_break,11.153571358191293,True,1.5423283610248244
wood,1.0,0.0,0.0,8.0,0.0,False,0.0,3.0,0.0,6.0,0.0,0.0,-5.0,0.0,False,True,True,False,magnet_ball_5,,54007,True,True,0,0,,specular_break,5.35826816440448,True,2.2397356256126355
wood,1.0,0.0,0.0,8.0,0.0,False,0.0,3.0,0.0,6.0,0.0,0.0,-5.0,0.0,False,True,True,False,pill_8,,54008,True,True,0,0,2.6147965719992747,measured,8.862487808958951,False,2.3682366873992287
wood,1.0,0.0,0.0,8.0,0.0,False,0.0,3.0,0.0,6.0,0.0,0.0,-5.0,0.0,False,True,True,False,plastic_part_8,,54009,True,True,0,0,3.1197860620665274,measured,8.46612815280445,True,5.152410321793466
wood,1.0,0.0,0.0,8.0,0.0,False,0.0,3.0,0.0,6.0,0.0,0.0,-5.0,0.0,False,True,True,False,floor_colored_12,,54010,True,True,0,0,0.5174072294394847,measured,12.78130032722984,False,4.347821734712825
wood,1.0,0.0,0.0,8.0,0.0,False,0.0,3.0,0.0,6.0,0.0,0.0,-5.0,0.0,False,True,True,False,,empty,54011,False,False,0,0,,,,False,
wood,1.0,0.0,0.0,8.0,0.0,False,0.0,3.0,0.0,6.0,0.0,0.0,-5.0,0.0,False,True,True,False,,stain,54012,False,False,0,0,,,,False,
wood,1.0,0.0,0.0,8.0,0.0,False,0.0,3.0,0.0,6.0,0.0,0.0,-5.0,0.0,False,True,True,False,,seam,54013,False,False,0,0,,,,False,
wood,1.0,0.0,0.0,8.0,0.0,False,0.0,3.0,0.0,6.0,0.0,0.0,-5.0,0.0,False,True,True,False,coin_1yen,,54014,True,True,0,0,1.643894843087537,measured,19.078975064786555,False,11.300065863419608
wood,1.0,0.0,0.0,8.0,0.0,False,0.0,3.0,0.0,6.0,0.0,0.0,-5.0,0.0,False,True,True,False,coin_10yen,,54015,True,True,0,0,0.36418352600134796,measured,19.35843954351424,False,20.604379915206106
wood,1.0,0.0,0.0,8.0,0.0,False,0.0,3.0,0.0,6.0,0.0,0.0,-5.0,0.0,False,True,True,False,button_cr2032,,54016,True,True,0,0,,specular_break,20.636383262660146,True,9.010242712736932
wood,1.0,0.0,0.0,8.0,0.0,False,0.0,3.0,0.0,6.0,0.0,0.0,-5.0,0.0,False,True,True,False,button_lr44,,54017,True,True,0,0,1.2576920921259287,measured,12.398253074224998,True,6.1467769020202505
wood,1.0,0.0,0.0,8.0,0.0,False,0.0,3.0,0.0,6.0,0.0,0.0,-5.0,0.0,False,True,True,False,bead_6,,54018,True,True,0,0,,specular_break,7.76175431447339,True,22.295350066855498
wood,1.0,0.0,0.0,8.0,0.0,False,0.0,3.0,0.0,6.0,0.0,0.0,-5.0,0.0,False,True,True,False,bead_10_dark,,54019,True,True,0,0,,specular_break,13.858906438423833,True,6.144079950777986
wood,1.0,0.0,0.0,8.0,0.0,False,0.0,3.0,0.0,6.0,0.0,0.0,-5.0,0.0,False,True,True,False,magnet_disc_10x3,,54020,True,True,0,0,,specular_break,10.99697478098843,True,0.17525336494616842
wood,1.0,0.0,0.0,8.0,0.0,False,0.0,3.0,0.0,6.0,0.0,0.0,-5.0,0.0,False,True,True,False,magnet_ball_5,,54021,True,True,0,0,,specular_break,5.262186473653,True,21.543782896997826
wood,1.0,0.0,0.0,8.0,0.0,False,0.0,3.0,0.0,6.0,0.0,0.0,-5.0,0.0,False,True,True,False,pill_8,,54022,True,True,0,0,2.5849264992374508,measured,8.929948411872276,False,0.6048440534739925
wood,1.0,0.0,0.0,8.0,0.0,False,0.0,3.0,0.0,6.0,0.0,0.0,-5.0,0.0,False,True,True,False,plastic_part_8,,54023,True,True,0,0,3.098507872893835,measured,8.661955219335358,True,4.366791399877499
wood,1.0,0.0,0.0,8.0,0.0,False,0.0,3.0,0.0,6.0,0.0,0.0,-5.0,0.0,False,True,True,False,floor_colored_12,,54024,True,True,0,0,0.7137554278130178,measured,12.84788988984779,False,4.9860371985726175
wood,1.0,0.0,0.0,8.0,0.0,False,0.0,3.0,0.0,6.0,0.0,0.0,-5.0,0.0,False,True,True,False,,empty,54025,False,False,0,0,,,,False,
wood,1.0,0.0,0.0,8.0,0.0,False,0.0,3.0,0.0,6.0,0.0,0.0,-5.0,0.0,False,True,True,False,,stain,54026,False,False,0,0,,,,False,
wood,1.0,0.0,0.0,8.0,0.0,False,0.0,3.0,0.0,6.0,0.0,0.0,-5.0,0.0,False,True,True,False,,seam,54027,False,False,0,0,,,,False,
wood,1.0,0.0,0.0,8.0,0.0,False,0.0,3.0,0.0,6.0,0.0,0.0,-5.0,0.0,False,True,True,False,coin_1yen,,54028,True,True,0,0,1.6138676542089918,measured,19.530332467623573,False,10.845454605566282
wood,1.0,0.0,0.0,8.0,0.0,False,0.0,3.0,0.0,6.0,0.0,0.0,-5.0,0.0,False,True,True,False,coin_10yen,,54029,True,True,0,0,0.8197857250834506,measured,18.500174798304574,False,14.080798613264134
wood,1.0,0.0,0.0,8.0,0.0,False,0.0,3.0,0.0,6.0,0.0,0.0,-5.0,0.0,False,True,True,False,button_cr2032,,54030,True,True,0,0,,specular_break,21.104099839720135,True,7.604781422440245
wood,1.0,0.0,0.0,8.0,0.0,False,0.0,3.0,0.0,6.0,0.0,0.0,-5.0,0.0,False,True,True,False,button_lr44,,54031,True,True,0,0,,specular_break,12.351196039882153,True,5.816087886993173
wood,1.0,0.0,0.0,8.0,0.0,False,0.0,3.0,0.0,6.0,0.0,0.0,-5.0,0.0,False,True,True,False,bead_6,,54032,True,True,0,0,,specular_break,7.964221629931022,True,14.562374392824845
wood,1.0,0.0,0.0,8.0,0.0,False,0.0,3.0,0.0,6.0,0.0,0.0,-5.0,0.0,False,True,True,False,bead_10_dark,,54033,True,True,0,0,,specular_break,13.86413153461422,True,5.040178088642185
wood,1.0,0.0,0.0,8.0,0.0,False,0.0,3.0,0.0,6.0,0.0,0.0,-5.0,0.0,False,True,True,False,magnet_disc_10x3,,54034,True,True,0,0,,specular_break,10.993624393601072,True,1.1574742703869703
wood,1.0,0.0,0.0,8.0,0.0,False,0.0,3.0,0.0,6.0,0.0,0.0,-5.0,0.0,False,True,True,False,magnet_ball_5,,54035,True,True,0,0,,specular_break,5.81471590762277,True,1.4572217146453204
wood,1.0,0.0,0.0,8.0,0.0,False,0.0,3.0,0.0,6.0,0.0,0.0,-5.0,0.0,False,True,True,False,pill_8,,54036,True,True,0,0,2.677997208746291,measured,8.585429622771588,False,4.1473748265297345
wood,1.0,0.0,0.0,8.0,0.0,False,0.0,3.0,0.0,6.0,0.0,0.0,-5.0,0.0,False,True,True,False,plastic_part_8,,54037,True,True,0,0,3.1291199513330437,measured,8.897440541527919,True,4.157306697725405
wood,1.0,0.0,0.0,8.0,0.0,False,0.0,3.0,0.0,6.0,0.0,0.0,-5.0,0.0,False,True,True,False,floor_colored_12,,54038,True,True,0,0,0.606815901568373,measured,13.026099253296113,False,4.496781045984622
wood,1.0,0.0,0.0,8.0,0.0,False,0.0,3.0,0.0,6.0,0.0,0.0,-5.0,0.0,False,True,True,False,,empty,54039,False,False,0,0,,,,False,
wood,1.0,0.0,0.0,8.0,0.0,False,0.0,3.0,0.0,6.0,0.0,0.0,-5.0,0.0,False,True,True,False,,stain,54040,False,False,0,0,,,,False,
wood,1.0,0.0,0.0,8.0,0.0,False,0.0,3.0,0.0,6.0,0.0,0.0,-5.0,0.0,False,True,True,False,,seam,54041,False,False,0,0,,,,False,
wood,1.0,0.0,0.0,8.0,0.0,False,0.0,3.0,0.0,6.0,0.0,0.0,5.0,0.0,False,True,True,False,coin_1yen,,55000,True,True,0,0,1.39562147237522,measured,16.428897797231244,False,8.667552521383348
wood,1.0,0.0,0.0,8.0,0.0,False,0.0,3.0,0.0,6.0,0.0,0.0,5.0,0.0,False,True,True,False,coin_10yen,,55001,True,True,0,0,0.6736529401166962,measured,15.86033477944127,False,14.714120511057283
wood,1.0,0.0,0.0,8.0,0.0,False,0.0,3.0,0.0,6.0,0.0,0.0,5.0,0.0,False,True,True,False,button_cr2032,,55002,True,True,0,0,,specular_break,16.73647857192558,True,8.764248915352825
wood,1.0,0.0,0.0,8.0,0.0,False,0.0,3.0,0.0,6.0,0.0,0.0,5.0,0.0,False,True,True,False,button_lr44,,55003,True,True,0,0,,specular_break,10.013806991691581,True,8.183245435460732
wood,1.0,0.0,0.0,8.0,0.0,False,0.0,3.0,0.0,6.0,0.0,0.0,5.0,0.0,False,True,True,False,bead_6,,55004,True,True,0,0,,specular_break,5.519299212250141,True,12.753047043802608
wood,1.0,0.0,0.0,8.0,0.0,False,0.0,3.0,0.0,6.0,0.0,0.0,5.0,0.0,False,True,True,False,bead_10_dark,,55005,True,True,0,0,,specular_break,11.432901004592287,True,5.971175936633628
wood,1.0,0.0,0.0,8.0,0.0,False,0.0,3.0,0.0,6.0,0.0,0.0,5.0,0.0,False,True,True,False,magnet_disc_10x3,,55006,True,True,0,0,,specular_break,9.017587409704225,True,2.497436985646454
wood,1.0,0.0,0.0,8.0,0.0,False,0.0,3.0,0.0,6.0,0.0,0.0,5.0,0.0,False,True,True,False,magnet_ball_5,,55007,True,True,0,0,,specular_break,4.12193594100355,True,7.096896711973551
wood,1.0,0.0,0.0,8.0,0.0,False,0.0,3.0,0.0,6.0,0.0,0.0,5.0,0.0,False,True,True,False,pill_8,,55008,True,True,0,0,2.1502642539295227,measured,7.219074994861574,False,4.881943177449767
wood,1.0,0.0,0.0,8.0,0.0,False,0.0,3.0,0.0,6.0,0.0,0.0,5.0,0.0,False,True,True,False,plastic_part_8,,55009,True,True,0,0,2.566287716927537,measured,7.156843230581067,True,4.107194353538745
wood,1.0,0.0,0.0,8.0,0.0,False,0.0,3.0,0.0,6.0,0.0,0.0,5.0,0.0,False,True,True,False,floor_colored_12,,55010,True,True,0,0,0.46394991633379945,measured,10.398223554754267,False,7.608693620448705
wood,1.0,0.0,0.0,8.0,0.0,False,0.0,3.0,0.0,6.0,0.0,0.0,5.0,0.0,False,True,True,False,,empty,55011,False,False,0,0,,,,False,
wood,1.0,0.0,0.0,8.0,0.0,False,0.0,3.0,0.0,6.0,0.0,0.0,5.0,0.0,False,True,True,False,,stain,55012,False,False,0,0,,,,False,
wood,1.0,0.0,0.0,8.0,0.0,False,0.0,3.0,0.0,6.0,0.0,0.0,5.0,0.0,False,True,True,False,,seam,55013,False,False,0,0,,,,False,
wood,1.0,0.0,0.0,8.0,0.0,False,0.0,3.0,0.0,6.0,0.0,0.0,5.0,0.0,False,True,True,False,coin_1yen,,55014,True,True,0,0,1.3103898893124768,measured,16.556760190666452,False,9.743004976559225
wood,1.0,0.0,0.0,8.0,0.0,False,0.0,3.0,0.0,6.0,0.0,0.0,5.0,0.0,False,True,True,False,coin_10yen,,55015,True,True,0,0,0.6309118717607589,measured,15.513142186889736,False,20.340260345596775
wood,1.0,0.0,0.0,8.0,0.0,False,0.0,3.0,0.0,6.0,0.0,0.0,5.0,0.0,False,True,True,False,button_cr2032,,55016,True,True,0,0,,specular_break,16.621097623271957,True,12.5821903890682
wood,1.0,0.0,0.0,8.0,0.0,False,0.0,3.0,0.0,6.0,0.0,0.0,5.0,0.0,False,True,True,False,button_lr44,,55017,True,True,0,0,,specular_break,10.180071416416173,True,6.355276664224628
wood,1.0,0.0,0.0,8.0,0.0,False,0.0,3.0,0.0,6.0,0.0,0.0,5.0,0.0,False,True,True,False,bead_6,,55018,True,True,0,0,,specular_break,5.981482146154402,True,12.263444987327274
wood,1.0,0.0,0.0,8.0,0.0,False,0.0,3.0,0.0,6.0,0.0,0.0,5.0,0.0,False,True,True,False,bead_10_dark,,55019,True,True,0,0,,specular_break,11.21273882405433,True,6.493436375718414
wood,1.0,0.0,0.0,8.0,0.0,False,0.0,3.0,0.0,6.0,0.0,0.0,5.0,0.0,False,True,True,False,magnet_disc_10x3,,55020,True,True,0,0,,specular_break,2.1532965590867352,False,3.8394949429845107
wood,1.0,0.0,0.0,8.0,0.0,False,0.0,3.0,0.0,6.0,0.0,0.0,5.0,0.0,False,True,True,False,magnet_ball_5,,55021,True,True,0,0,,specular_break,3.8466878152685955,True,6.466468524451205
wood,1.0,0.0,0.0,8.0,0.0,False,0.0,3.0,0.0,6.0,0.0,0.0,5.0,0.0,False,True,True,False,pill_8,,55022,True,True,0,0,2.215259932399789,measured,7.2055685132489184,False,4.031736358036485
wood,1.0,0.0,0.0,8.0,0.0,False,0.0,3.0,0.0,6.0,0.0,0.0,5.0,0.0,False,True,True,False,plastic_part_8,,55023,True,True,0,0,2.4766600493262203,measured,7.214382835970079,True,5.642003977129164
wood,1.0,0.0,0.0,8.0,0.0,False,0.0,3.0,0.0,6.0,0.0,0.0,5.0,0.0,False,True,True,False,floor_colored_12,,55024,True,True,0,0,0.5007814055068209,measured,10.546500687855737,False,8.764138246038971
wood,1.0,0.0,0.0,8.0,0.0,False,0.0,3.0,0.0,6.0,0.0,0.0,5.0,0.0,False,True,True,False,,empty,55025,False,False,0,0,,,,False,
wood,1.0,0.0,0.0,8.0,0.0,False,0.0,3.0,0.0,6.0,0.0,0.0,5.0,0.0,False,True,True,False,,stain,55026,False,False,0,0,,,,False,
wood,1.0,0.0,0.0,8.0,0.0,False,0.0,3.0,0.0,6.0,0.0,0.0,5.0,0.0,False,True,True,False,,seam,55027,False,False,0,0,,,,False,
wood,1.0,0.0,0.0,8.0,0.0,False,0.0,3.0,0.0,6.0,0.0,0.0,5.0,0.0,False,True,True,False,coin_1yen,,55028,True,True,0,0,1.333554415667857,measured,16.500137115259516,False,9.084353166278886
wood,1.0,0.0,0.0,8.0,0.0,False,0.0,3.0,0.0,6.0,0.0,0.0,5.0,0.0,False,True,True,False,coin_10yen,,55029,True,True,0,0,0.651140235980801,measured,15.611854363051899,False,17.13897619000266
wood,1.0,0.0,0.0,8.0,0.0,False,0.0,3.0,0.0,6.0,0.0,0.0,5.0,0.0,False,True,True,False,button_cr2032,,55030,True,True,0,0,,specular_break,16.67063012081141,True,10.144780574324363
wood,1.0,0.0,0.0,8.0,0.0,False,0.0,3.0,0.0,6.0,0.0,0.0,5.0,0.0,False,True,True,False,button_lr44,,55031,True,True,0,0,,specular_break,10.099603901267935,True,8.00390466210749
wood,1.0,0.0,0.0,8.0,0.0,False,0.0,3.0,0.0,6.0,0.0,0.0,5.0,0.0,False,True,True,False,bead_6,,55032,True,True,0,0,,specular_break,5.893083290189843,True,12.548549839600668
wood,1.0,0.0,0.0,8.0,0.0,False,0.0,3.0,0.0,6.0,0.0,0.0,5.0,0.0,False,True,True,False,bead_10_dark,,55033,True,True,0,0,,specular_break,11.512732923189064,True,5.2197212709361995
wood,1.0,0.0,0.0,8.0,0.0,False,0.0,3.0,0.0,6.0,0.0,0.0,5.0,0.0,False,True,True,False,magnet_disc_10x3,,55034,True,True,0,0,,specular_break,8.730091441421232,True,3.028644438011478
wood,1.0,0.0,0.0,8.0,0.0,False,0.0,3.0,0.0,6.0,0.0,0.0,5.0,0.0,False,True,True,False,magnet_ball_5,,55035,True,True,0,0,,specular_break,5.196444245361754,True,1.4602863339014613
wood,1.0,0.0,0.0,8.0,0.0,False,0.0,3.0,0.0,6.0,0.0,0.0,5.0,0.0,False,True,True,False,pill_8,,55036,True,True,0,0,1.992372961578667,measured,6.766880324579896,False,6.712460894170457
wood,1.0,0.0,0.0,8.0,0.0,False,0.0,3.0,0.0,6.0,0.0,0.0,5.0,0.0,False,True,True,False,plastic_part_8,,55037,True,True,0,0,2.5981228264012284,measured,7.37417924361913,True,4.464938624901904
wood,1.0,0.0,0.0,8.0,0.0,False,0.0,3.0,0.0,6.0,0.0,0.0,5.0,0.0,False,True,True,False,floor_colored_12,,55038,True,True,0,0,0.5522670686421893,measured,10.440051527961138,False,5.2236087467670345
wood,1.0,0.0,0.0,8.0,0.0,False,0.0,3.0,0.0,6.0,0.0,0.0,5.0,0.0,False,True,True,False,,empty,55039,False,False,0,0,,,,False,
wood,1.0,0.0,0.0,8.0,0.0,False,0.0,3.0,0.0,6.0,0.0,0.0,5.0,0.0,False,True,True,False,,stain,55040,False,False,0,0,,,,False,
wood,1.0,0.0,0.0,8.0,0.0,False,0.0,3.0,0.0,6.0,0.0,0.0,5.0,0.0,False,True,True,False,,seam,55041,False,False,0,0,,,,False,
wood,1.0,0.0,0.0,8.0,0.0,False,0.0,3.0,0.0,6.0,0.0,0.0,10.0,0.0,False,True,True,False,coin_1yen,,56000,True,True,0,0,1.235975766446808,measured,15.15018876686391,False,8.051471576378775
wood,1.0,0.0,0.0,8.0,0.0,False,0.0,3.0,0.0,6.0,0.0,0.0,10.0,0.0,False,True,True,False,coin_10yen,,56001,True,True,0,0,0.565646669706922,measured,14.034682020552909,False,19.92483597504896
wood,1.0,0.0,0.0,8.0,0.0,False,0.0,3.0,0.0,6.0,0.0,0.0,10.0,0.0,False,True,True,False,button_cr2032,,56002,True,True,0,0,,specular_break,15.297245914932823,True,9.001187121977075
wood,1.0,0.0,0.0,8.0,0.0,False,0.0,3.0,0.0,6.0,0.0,0.0,10.0,0.0,False,True,True,False,button_lr44,,56003,True,True,0,0,,specular_break,9.572310542592032,True,4.392520272358838
wood,1.0,0.0,0.0,8.0,0.0,False,0.0,3.0,0.0,6.0,0.0,0.0,10.0,0.0,False,True,True,False,bead_6,,56004,True,True,0,0,,specular_break,5.171184075431154,True,9.626041790580672
wood,1.0,0.0,0.0,8.0,0.0,False,0.0,3.0,0.0,6.0,0.0,0.0,10.0,0.0,False,True,True,False,bead_10_dark,,56005,True,True,0,0,,specular_break,9.98054176873717,True,9.442957236443192
wood,1.0,0.0,0.0,8.0,0.0,False,0.0,3.0,0.0,6.0,0.0,0.0,10.0,0.0,False,True,True,False,magnet_disc_10x3,,56006,True,True,0,0,,specular_break,6.79909528392296,True,8.608613002026908
wood,1.0,0.0,0.0,8.0,0.0,False,0.0,3.0,0.0,6.0,0.0,0.0,10.0,0.0,False,True,True,False,magnet_ball_5,,56007,True,True,0,0,,specular_break,3.7215300685773904,True,6.604468962720744
wood,1.0,0.0,0.0,8.0,0.0,False,0.0,3.0,0.0,6.0,0.0,0.0,10.0,0.0,False,True,True,False,pill_8,,56008,True,True,0,0,1.7603995508454329,measured,6.098899508824535,False,10.824646830623577
wood,1.0,0.0,0.0,8.0,0.0,False,0.0,3.0,0.0,6.0,0.0,0.0,10.0,0.0,False,True,True,False,plastic_part_8,,56009,True,True,0,0,2.2047921152400995,measured,6.306527662833916,True,7.623915336709956
wood,1.0,0.0,0.0,8.0,0.0,False,0.0,3.0,0.0,6.0,0.0,0.0,10.0,0.0,False,True,True,False,floor_colored_12,,56010,True,True,0,0,0.6044653771534527,measured,9.655005486183969,False,3.537468630309199
wood,1.0,0.0,0.0,8.0,0.0,False,0.0,3.0,0.0,6.0,0.0,0.0,10.0,0.0,False,True,True,False,,empty,56011,False,False,0,0,,,,False,
wood,1.0,0.0,0.0,8.0,0.0,False,0.0,3.0,0.0,6.0,0.0,0.0,10.0,0.0,False,True,True,False,,stain,56012,False,False,0,0,,,,False,
wood,1.0,0.0,0.0,8.0,0.0,False,0.0,3.0,0.0,6.0,0.0,0.0,10.0,0.0,False,True,True,False,,seam,56013,False,False,0,0,,,,False,
wood,1.0,0.0,0.0,8.0,0.0,False,0.0,3.0,0.0,6.0,0.0,0.0,10.0,0.0,False,True,True,False,coin_1yen,,56014,True,True,0,0,1.1851834673208934,measured,15.084743654568094,False,9.680790565774643
wood,1.0,0.0,0.0,8.0,0.0,False,0.0,3.0,0.0,6.0,0.0,0.0,10.0,0.0,False,True,True,False,coin_10yen,,56015,True,True,0,0,0.6161595782703131,measured,14.631655015190583,False,13.942435347665189
wood,1.0,0.0,0.0,8.0,0.0,False,0.0,3.0,0.0,6.0,0.0,0.0,10.0,0.0,False,True,True,False,button_cr2032,,56016,True,True,0,0,,specular_break,14.87597107526613,True,15.286584248931172
wood,1.0,0.0,0.0,8.0,0.0,False,0.0,3.0,0.0,6.0,0.0,0.0,10.0,0.0,False,True,True,False,button_lr44,,56017,True,True,0,0,,specular_break,9.479007481073195,True,4.82113776254401
wood,1.0,0.0,0.0,8.0,0.0,False,0.0,3.0,0.0,6.0,0.0,0.0,10.0,0.0,False,True,True,False,bead_6,,56018,True,True,0,0,,specular_break,5.2832421183094525,True,9.29458203404405
wood,1.0,0.0,0.0,8.0,0.0,False,0.0,3.0,0.0,6.0,0.0,0.0,10.0,0.0,False,True,True,False,bead_10_dark,,56019,True,True,0,0,,specular_break,10.506867065132237,True,5.735429848478199
wood,1.0,0.0,0.0,8.0,0.0,False,0.0,3.0,0.0,6.0,0.0,0.0,10.0,0.0,False,True,True,False,magnet_disc_10x3,,56020,True,True,0,0,,specular_break,7.2249855159570595,True,0.6661517132505647
wood,1.0,0.0,0.0,8.0,0.0,False,0.0,3.0,0.0,6.0,0.0,0.0,10.0,0.0,False,True,True,False,magnet_ball_5,,56021,True,True,0,0,,specular_break,4.008723174687033,True,8.049460944968263
wood,1.0,0.0,0.0,8.0,0.0,False,0.0,3.0,0.0,6.0,0.0,0.0,10.0,0.0,False,True,True,False,pill_8,,56022,True,True,0,0,1.8597747938267997,measured,6.30022495086376,False,7.825288096360238
wood,1.0,0.0,0.0,8.0,0.0,False,0.0,3.0,0.0,6.0,0.0,0.0,10.0,0.0,False,True,True,False,plastic_part_8,,56023,True,True,0,0,2.2727271882531284,measured,6.522022596165636,True,6.465933415227699
wood,1.0,0.0,0.0,8.0,0.0,False,0.0,3.0,0.0,6.0,0.0,0.0,10.0,0.0,False,True,True,False,floor_colored_12,,56024,True,True,0,0,0.47639338412986554,measured,9.515554349406822,False,6.156141059060223
wood,1.0,0.0,0.0,8.0,0.0,False,0.0,3.0,0.0,6.0,0.0,0.0,10.0,0.0,False,True,True,False,,empty,56025,False,False,0,0,,,,False,
wood,1.0,0.0,0.0,8.0,0.0,False,0.0,3.0,0.0,6.0,0.0,0.0,10.0,0.0,False,True,True,False,,stain,56026,False,False,0,0,,,,False,
wood,1.0,0.0,0.0,8.0,0.0,False,0.0,3.0,0.0,6.0,0.0,0.0,10.0,0.0,False,True,True,False,,seam,56027,False,False,0,0,,,,False,
wood,1.0,0.0,0.0,8.0,0.0,False,0.0,3.0,0.0,6.0,0.0,0.0,10.0,0.0,False,True,True,False,coin_1yen,,56028,True,True,0,0,1.1611612694986189,measured,14.91664003127104,False,11.061917481132305
wood,1.0,0.0,0.0,8.0,0.0,False,0.0,3.0,0.0,6.0,0.0,0.0,10.0,0.0,False,True,True,False,coin_10yen,,56029,True,True,0,0,0.6027707734078884,measured,14.209886042890332,False,17.116997970330143
wood,1.0,0.0,0.0,8.0,0.0,False,0.0,3.0,0.0,6.0,0.0,0.0,10.0,0.0,False,True,True,False,button_cr2032,,56030,True,True,0,0,,specular_break,15.252006258869194,True,11.247892799459501
wood,1.0,0.0,0.0,8.0,0.0,False,0.0,3.0,0.0,6.0,0.0,0.0,10.0,0.0,False,True,True,False,button_lr44,,56031,True,True,0,0,,specular_break,9.537283237348534,True,4.363750987730551
wood,1.0,0.0,0.0,8.0,0.0,False,0.0,3.0,0.0,6.0,0.0,0.0,10.0,0.0,False,True,True,False,bead_6,,56032,True,True,0,0,,specular_break,5.328153631912364,True,8.963982696539826
wood,1.0,0.0,0.0,8.0,0.0,False,0.0,3.0,0.0,6.0,0.0,0.0,10.0,0.0,False,True,True,False,bead_10_dark,,56033,True,True,0,0,,specular_break,10.02646086895267,True,10.484037130970878
wood,1.0,0.0,0.0,8.0,0.0,False,0.0,3.0,0.0,6.0,0.0,0.0,10.0,0.0,False,True,True,False,magnet_disc_10x3,,56034,True,True,0,0,,specular_break,7.740273076167439,True,8.657174212503719
wood,1.0,0.0,0.0,8.0,0.0,False,0.0,3.0,0.0,6.0,0.0,0.0,10.0,0.0,False,True,True,False,magnet_ball_5,,56035,True,True,0,0,,specular_break,3.593625852306809,True,2.610877423859368
wood,1.0,0.0,0.0,8.0,0.0,False,0.0,3.0,0.0,6.0,0.0,0.0,10.0,0.0,False,True,True,False,pill_8,,56036,True,True,0,0,1.8239082210779127,measured,6.460437860536416,False,8.514998706124457
wood,1.0,0.0,0.0,8.0,0.0,False,0.0,3.0,0.0,6.0,0.0,0.0,10.0,0.0,False,True,True,False,plastic_part_8,,56037,True,True,0,0,2.3479835570776917,measured,6.849734088020238,True,3.1197628589516357
wood,1.0,0.0,0.0,8.0,0.0,False,0.0,3.0,0.0,6.0,0.0,0.0,10.0,0.0,False,True,True,False,floor_colored_12,,56038,True,True,0,0,0.605606799499915,measured,9.621268614115948,False,4.358381878418111
wood,1.0,0.0,0.0,8.0,0.0,False,0.0,3.0,0.0,6.0,0.0,0.0,10.0,0.0,False,True,True,False,,empty,56039,False,False,0,0,,,,False,
wood,1.0,0.0,0.0,8.0,0.0,False,0.0,3.0,0.0,6.0,0.0,0.0,10.0,0.0,False,True,True,False,,stain,56040,False,False,0,0,,,,False,
wood,1.0,0.0,0.0,8.0,0.0,False,0.0,3.0,0.0,6.0,0.0,0.0,10.0,0.0,False,True,True,False,,seam,56041,False,False,0,0,,,,False,
wood,1.0,0.0,0.0,8.0,0.0,False,0.0,3.0,0.0,6.0,0.0,0.0,0.0,0.0,False,True,True,False,coin_1yen,,57000,True,True,0,0,1.4501801619360908,measured,18.525425009574626,False,9.811823725913573
wood,1.0,0.0,0.0,8.0,0.0,False,0.0,3.0,0.0,6.0,0.0,0.0,0.0,0.0,False,True,True,False,coin_10yen,,57001,True,True,0,0,0.6343752616014466,measured,17.136793160165023,False,21.14209094666937
wood,1.0,0.0,0.0,8.0,0.0,False,0.0,3.0,0.0,6.0,0.0,0.0,0.0,0.0,False,True,True,False,button_cr2032,,57002,True,True,0,0,,specular_break,18.030467034370567,True,10.086607518485655
wood,1.0,0.0,0.0,8.0,0.0,False,0.0,3.0,0.0,6.0,0.0,0.0,0.0,0.0,False,True,True,False,button_lr44,,57003,True,True,0,0,,specular_break,11.23606685235383,True,5.665254885381309
wood,1.0,0.0,0.0,8.0,0.0,False,0.0,3.0,0.0,6.0,0.0,0.0,0.0,0.0,False,True,True,False,bead_6,,57004,True,True,0,0,1.8396453869334728,measured,6.603015989346842,True,6.054325484920041
wood,1.0,0.0,0.0,8.0,0.0,False,0.0,3.0,0.0,6.0,0.0,0.0,0.0,0.0,False,True,True,False,bead_10_dark,,57005,True,True,0,0,,specular_break,12.336002813967186,True,5.47627555430895
wood,1.0,0.0,0.0,8.0,0.0,False,0.0,3.0,0.0,6.0,0.0,0.0,0.0,0.0,False,True,True,False,magnet_disc_10x3,,57006,True,True,0,0,,specular_break,9.64637680139839,True,1.5959127681734455
wood,1.0,0.0,0.0,8.0,0.0,False,0.0,3.0,0.0,6.0,0.0,0.0,0.0,0.0,False,True,True,False,magnet_ball_5,,57007,True,True,0,0,,specular_break,4.728528284936881,True,10.377838017466006
wood,1.0,0.0,0.0,8.0,0.0,False,0.0,3.0,0.0,6.0,0.0,0.0,0.0,0.0,False,True,True,False,pill_8,,57008,True,True,0,0,2.3376583777574638,measured,7.966229183551438,False,4.245547994149979
wood,1.0,0.0,0.0,8.0,0.0,False,0.0,3.0,0.0,6.0,0.0,0.0,0.0,0.0,False,True,True,False,plastic_part_8,,57009,True,True,0,0,2.716822328580072,measured,8.004236351980461,True,4.411673473655243
wood,1.0,0.0,0.0,8.0,0.0,False,0.0,3.0,0.0,6.0,0.0,0.0,0.0,0.0,False,True,True,False,floor_colored_12,,57010,True,True,0,0,0.40093758757689457,measured,11.813307694993227,False,5.852346840386956
wood,1.0,0.0,0.0,8.0,0.0,False,0.0,3.0,0.0,6.0,0.0,0.0,0.0,0.0,False,True,True,False,,empty,57011,False,False,0,0,,,,False,
wood,1.0,0.0,0.0,8.0,0.0,False,0.0,3.0,0.0,6.0,0.0,0.0,0.0,0.0,False,True,True,False,,stain,57012,False,False,0,0,,,,False,
wood,1.0,0.0,0.0,8.0,0.0,False,0.0,3.0,0.0,6.0,0.0,0.0,0.0,0.0,False,True,True,False,,seam,57013,False,False,0,0,,,,False,
wood,1.0,0.0,0.0,8.0,0.0,False,0.0,3.0,0.0,6.0,0.0,0.0,0.0,0.0,False,True,True,False,coin_1yen,,57014,True,True,0,0,1.4514526005476078,measured,17.988190378612718,False,9.973975246015323
wood,1.0,0.0,0.0,8.0,0.0,False,0.0,3.0,0.0,6.0,0.0,0.0,0.0,0.0,False,True,True,False,coin_10yen,,57015,True,True,0,0,0.7476373014708937,measured,17.27494236439691,False,13.940255086073407
wood,1.0,0.0,0.0,8.0,0.0,False,0.0,3.0,0.0,6.0,0.0,0.0,0.0,0.0,False,True,True,False,button_cr2032,,57016,True,True,0,0,,specular_break,18.628034819812882,True,10.045762383971526
wood,1.0,0.0,0.0,8.0,0.0,False,0.0,3.0,0.0,6.0,0.0,0.0,0.0,0.0,False,True,True,False,button_lr44,,57017,True,True,0,0,,specular_break,11.344586889887411,True,5.691890312906542
wood,1.0,0.0,0.0,8.0,0.0,False,0.0,3.0,0.0,6.0,0.0,0.0,0.0,0.0,False,True,True,False,bead_6,,57018,True,True,0,0,,specular_break,7.022104401683077,True,19.146611408290457
wood,1.0,0.0,0.0,8.0,0.0,False,0.0,3.0,0.0,6.0,0.0,0.0,0.0,0.0,False,True,True,False,bead_10_dark,,57019,True,True,0,0,,specular_break,12.38073468751141,True,5.834674334701085
wood,1.0,0.0,0.0,8.0,0.0,False,0.0,3.0,0.0,6.0,0.0,0.0,0.0,0.0,False,True,True,False,magnet_disc_10x3,,57020,True,True,0,0,,specular_break,9.652336046871763,True,2.548067366997529
wood,1.0,0.0,0.0,8.0,0.0,False,0.0,3.0,0.0,6.0,0.0,0.0,0.0,0.0,False,True,True,False,magnet_ball_5,,57021,True,True,0,0,,specular_break,5.641740983603284,True,0.9440394019881533
wood,1.0,0.0,0.0,8.0,0.0,False,0.0,3.0,0.0,6.0,0.0,0.0,0.0,0.0,False,True,True,False,pill_8,,57022,True,True,0,0,2.4764924213066752,measured,7.919442628798132,False,4.177197604516063
wood,1.0,0.0,0.0,8.0,0.0,False,0.0,3.0,0.0,6.0,0.0,0.0,0.0,0.0,False,True,True,False,plastic_part_8,,57023,True,True,0,0,2.7089222410346796,measured,8.03740224660671,True,4.483407204359395
wood,1.0,0.0,0.0,8.0,0.0,False,0.0,3.0,0.0,6.0,0.0,0.0,0.0,0.0,False,True,True,False,floor_colored_12,,57024,True,True,0,0,0.5845752493856136,measured,11.141556201832527,False,5.933292229300927
wood,1.0,0.0,0.0,8.0,0.0,False,0.0,3.0,0.0,6.0,0.0,0.0,0.0,0.0,False,True,True,False,,empty,57025,False,False,0,0,,,,False,
wood,1.0,0.0,0.0,8.0,0.0,False,0.0,3.0,0.0,6.0,0.0,0.0,0.0,0.0,False,True,True,False,,stain,57026,False,False,0,0,,,,False,
wood,1.0,0.0,0.0,8.0,0.0,False,0.0,3.0,0.0,6.0,0.0,0.0,0.0,0.0,False,True,True,False,,seam,57027,False,False,0,0,,,,False,
wood,1.0,0.0,0.0,8.0,0.0,False,0.0,3.0,0.0,6.0,0.0,0.0,0.0,0.0,False,True,True,False,coin_1yen,,57028,True,True,0,0,1.342094011049248,measured,18.32206952436043,False,7.971054484990126
wood,1.0,0.0,0.0,8.0,0.0,False,0.0,3.0,0.0,6.0,0.0,0.0,0.0,0.0,False,True,True,False,coin_10yen,,57029,True,True,0,0,0.6050785453773067,measured,17.16653184222793,False,21.234703201040016
wood,1.0,0.0,0.0,8.0,0.0,False,0.0,3.0,0.0,6.0,0.0,0.0,0.0,0.0,False,True,True,False,button_cr2032,,57030,True,True,0,0,,specular_break,18.3288518593205,True,10.038456199432561
wood,1.0,0.0,0.0,8.0,0.0,False,0.0,3.0,0.0,6.0,0.0,0.0,0.0,0.0,False,True,True,False,button_lr44,,57031,True,True,0,0,0.6489896764955532,measured,11.363032042554195,True,5.9290524646326626
wood,1.0,0.0,0.0,8.0,0.0,False,0.0,3.0,0.0,6.0,0.0,0.0,0.0,0.0,False,True,True,False,bead_6,,57032,True,True,0,0,,specular_break,6.952401485842999,True,15.016599042851553
wood,1.0,0.0,0.0,8.0,0.0,False,0.0,3.0,0.0,6.0,0.0,0.0,0.0,0.0,False,True,True,False,bead_10_dark,,57033,True,True,0,0,,specular_break,12.504393959682679,True,5.533005828048616
wood,1.0,0.0,0.0,8.0,0.0,False,0.0,3.0,0.0,6.0,0.0,0.0,0.0,0.0,False,True,True,False,magnet_disc_10x3,,57034,True,True,0,0,,specular_break,9.837238225353843,True,2.248824348092788
wood,1.0,0.0,0.0,8.0,0.0,False,0.0,3.0,0.0,6.0,0.0,0.0,0.0,0.0,False,True,True,False,magnet_ball_5,,57035,True,True,0,0,,specular_break,5.832591372652819,True,1.0899945565929474
wood,1.0,0.0,0.0,8.0,0.0,False,0.0,3.0,0.0,6.0,0.0,0.0,0.0,0.0,False,True,True,False,pill_8,,57036,True,True,0,0,2.302732529112008,measured,7.875815239132499,False,4.197914792201466
wood,1.0,0.0,0.0,8.0,0.0,False,0.0,3.0,0.0,6.0,0.0,0.0,0.0,0.0,False,True,True,False,plastic_part_8,,57037,True,True,0,0,2.8543443560541704,measured,7.854956006063416,True,4.1909036081438344
wood,1.0,0.0,0.0,8.0,0.0,False,0.0,3.0,0.0,6.0,0.0,0.0,0.0,0.0,False,True,True,False,floor_colored_12,,57038,True,True,0,0,0.7502073368379332,measured,11.25274493345975,False,5.941306358513208
wood,1.0,0.0,0.0,8.0,0.0,False,0.0,3.0,0.0,6.0,0.0,0.0,0.0,0.0,False,True,True,False,,empty,57039,False,False,0,0,,,,False,
wood,1.0,0.0,0.0,8.0,0.0,False,0.0,3.0,0.0,6.0,0.0,0.0,0.0,0.0,False,True,True,False,,stain,57040,False,False,0,0,,,,False,
wood,1.0,0.0,0.0,8.0,0.0,False,0.0,3.0,0.0,6.0,0.0,0.0,0.0,0.0,False,True,True,False,,seam,57041,False,False,0,0,,,,False,
wood,1.0,0.0,0.0,8.0,0.0,False,0.0,3.0,0.0,6.0,0.0,0.0,0.0,2.0,False,True,True,False,coin_1yen,,58000,True,True,0,0,1.4463801610430504,measured,18.23336233131582,False,10.33182605176292
wood,1.0,0.0,0.0,8.0,0.0,False,0.0,3.0,0.0,6.0,0.0,0.0,0.0,2.0,False,True,True,False,coin_10yen,,58001,True,True,0,0,0.7259164802561209,measured,17.130573253496358,False,16.685191413973097
wood,1.0,0.0,0.0,8.0,0.0,False,0.0,3.0,0.0,6.0,0.0,0.0,0.0,2.0,False,True,True,False,button_cr2032,,58002,True,True,0,0,,specular_break,18.188633602822296,True,10.061065223378307
wood,1.0,0.0,0.0,8.0,0.0,False,0.0,3.0,0.0,6.0,0.0,0.0,0.0,2.0,False,True,True,False,button_lr44,,58003,True,True,0,0,0.8733862994576,measured,11.16495458490885,True,5.8954651710232255
wood,1.0,0.0,0.0,8.0,0.0,False,0.0,3.0,0.0,6.0,0.0,0.0,0.0,2.0,False,True,True,False,bead_6,,58004,True,True,0,0,2.974261673246964,measured,7.063121140198599,False,17.20187953596358
wood,1.0,0.0,0.0,8.0,0.0,False,0.0,3.0,0.0,6.0,0.0,0.0,0.0,2.0,False,True,True,False,bead_10_dark,,58005,True,True,0,0,0.8277246336524655,measured,12.628242144250278,True,5.418534756719346
wood,1.0,0.0,0.0,8.0,0.0,False,0.0,3.0,0.0,6.0,0.0,0.0,0.0,2.0,False,True,True,False,magnet_disc_10x3,,58006,True,True,0,0,,specular_break,9.682977450516542,True,2.401815359667962
wood,1.0,0.0,0.0,8.0,0.0,False,0.0,3.0,0.0,6.0,0.0,0.0,0.0,2.0,False,True,True,False,magnet_ball_5,,58007,True,True,0,0,0.8714487460357265,measured,5.817165837305332,False,1.181587212971073
wood,1.0,0.0,0.0,8.0,0.0,False,0.0,3.0,0.0,6.0,0.0,0.0,0.0,2.0,False,True,True,False,pill_8,,58008,True,True,0,0,2.7576743484586075,measured,7.718664237166402,False,4.0822514698351915
wood,1.0,0.0,0.0,8.0,0.0,False,0.0,3.0,0.0,6.0,0.0,0.0,0.0,2.0,False,True,True,False,plastic_part_8,,58009,True,True,0,0,1.2478037286583366,measured,8.206691677520734,True,4.245229613284115
wood,1.0,0.0,0.0,8.0,0.0,False,0.0,3.0,0.0,6.0,0.0,0.0,0.0,2.0,False,True,True,False,floor_colored_12,,58010,True,True,0,0,0.3577551859210377,measured,11.7301064330543,False,5.383304094304519
wood,1.0,0.0,0.0,8.0,0.0,False,0.0,3.0,0.0,6.0,0.0,0.0,0.0,2.0,False,True,True,False,,empty,58011,False,False,0,0,,,,False,
wood,1.0,0.0,0.0,8.0,0.0,False,0.0,3.0,0.0,6.0,0.0,0.0,0.0,2.0,False,True,True,False,,stain,58012,False,False,0,0,,,,False,
wood,1.0,0.0,0.0,8.0,0.0,False,0.0,3.0,0.0,6.0,0.0,0.0,0.0,2.0,False,True,True,False,,seam,58013,False,False,0,0,,,,False,
wood,1.0,0.0,0.0,8.0,0.0,False,0.0,3.0,0.0,6.0,0.0,0.0,0.0,2.0,False,True,True,False,coin_1yen,,58014,True,True,0,0,1.4134443682023736,measured,18.41924897355417,False,7.866896775944864
wood,1.0,0.0,0.0,8.0,0.0,False,0.0,3.0,0.0,6.0,0.0,0.0,0.0,2.0,False,True,True,False,coin_10yen,,58015,True,True,0,0,0.7331734920678787,measured,17.148311765886007,False,17.200098882204713
wood,1.0,0.0,0.0,8.0,0.0,False,0.0,3.0,0.0,6.0,0.0,0.0,0.0,2.0,False,True,True,False,button_cr2032,,58016,True,True,0,0,0.8063638027144133,measured,18.48743793754219,True,10.011357734098917
wood,1.0,0.0,0.0,8.0,0.0,False,0.0,3.0,0.0,6.0,0.0,0.0,0.0,2.0,False,True,True,False,button_lr44,,58017,True,True,0,0,,specular_break,11.555512676119617,True,6.121851182200631
wood,1.0,0.0,0.0,8.0,0.0,False,0.0,3.0,0.0,6.0,0.0,0.0,0.0,2.0,False,True,True,False,bead_6,,58018,True,True,0,0,5.481354584362972,measured,6.896320312982811,False,15.184190548843688
wood,1.0,0.0,0.0,8.0,0.0,False,0.0,3.0,0.0,6.0,0.0,0.0,0.0,2.0,False,True,True,False,bead_10_dark,,58019,True,True,0,0,0.5400076087095069,measured,12.464867603880078,True,5.57373116607027
wood,1.0,0.0,0.0,8.0,0.0,False,0.0,3.0,0.0,6.0,0.0,0.0,0.0,2.0,False,True,True,False,magnet_disc_10x3,,58020,True,True,0,0,,specular_break,9.624646729079489,True,2.6913103423895723
wood,1.0,0.0,0.0,8.0,0.0,False,0.0,3.0,0.0,6.0,0.0,0.0,0.0,2.0,False,True,True,False,magnet_ball_5,,58021,True,True,0,0,-0.9981456949932319,measured,5.813787081671723,False,1.0488424295238847
wood,1.0,0.0,0.0,8.0,0.0,False,0.0,3.0,0.0,6.0,0.0,0.0,0.0,2.0,False,True,True,False,pill_8,,58022,True,True,0,0,1.1497812578359419,measured,7.780025459048782,True,4.1978515555650935
wood,1.0,0.0,0.0,8.0,0.0,False,0.0,3.0,0.0,6.0,0.0,0.0,0.0,2.0,False,True,True,False,plastic_part_8,,58023,True,True,0,0,1.232608526284638,measured,7.980771180887613,True,4.132128698396206
wood,1.0,0.0,0.0,8.0,0.0,False,0.0,3.0,0.0,6.0,0.0,0.0,0.0,2.0,False,True,True,False,floor_colored_12,,58024,True,True,0,0,0.7835892762943697,measured,11.334674521719593,False,5.90607696453786
wood,1.0,0.0,0.0,8.0,0.0,False,0.0,3.0,0.0,6.0,0.0,0.0,0.0,2.0,False,True,True,False,,empty,58025,False,False,0,0,,,,False,
wood,1.0,0.0,0.0,8.0,0.0,False,0.0,3.0,0.0,6.0,0.0,0.0,0.0,2.0,False,True,True,False,,stain,58026,False,False,0,0,,,,False,
wood,1.0,0.0,0.0,8.0,0.0,False,0.0,3.0,0.0,6.0,0.0,0.0,0.0,2.0,False,True,True,False,,seam,58027,False,False,0,0,,,,False,
wood,1.0,0.0,0.0,8.0,0.0,False,0.0,3.0,0.0,6.0,0.0,0.0,0.0,2.0,False,True,True,False,coin_1yen,,58028,True,True,0,0,1.4627404865233853,measured,18.438293478297613,False,9.955541523956818
wood,1.0,0.0,0.0,8.0,0.0,False,0.0,3.0,0.0,6.0,0.0,0.0,0.0,2.0,False,True,True,False,coin_10yen,,58029,True,True,0,0,0.7338997890831749,measured,17.203942691503165,False,15.559375394066732
wood,1.0,0.0,0.0,8.0,0.0,False,0.0,3.0,0.0,6.0,0.0,0.0,0.0,2.0,False,True,True,False,button_cr2032,,58030,True,True,0,0,,specular_break,18.583022354518498,True,10.046064792463755
wood,1.0,0.0,0.0,8.0,0.0,False,0.0,3.0,0.0,6.0,0.0,0.0,0.0,2.0,False,True,True,False,button_lr44,,58031,True,True,0,0,0.9527128887074046,measured,11.345883023957121,True,5.895236560859042
wood,1.0,0.0,0.0,8.0,0.0,False,0.0,3.0,0.0,6.0,0.0,0.0,0.0,2.0,False,True,True,False,bead_6,,58032,True,True,0,0,-1.4231477301478712,measured,6.817251563911898,False,11.677680543340626
wood,1.0,0.0,0.0,8.0,0.0,False,0.0,3.0,0.0,6.0,0.0,0.0,0.0,2.0,False,True,True,False,bead_10_dark,,58033,True,True,0,0,0.7682446258923221,measured,12.657762776596808,True,5.49199481871808
wood,1.0,0.0,0.0,8.0,0.0,False,0.0,3.0,0.0,6.0,0.0,0.0,0.0,2.0,False,True,True,False,magnet_disc_10x3,,58034,True,True,0,0,,specular_break,9.779698459903514,True,3.0255078045157613
wood,1.0,0.0,0.0,8.0,0.0,False,0.0,3.0,0.0,6.0,0.0,0.0,0.0,2.0,False,True,True,False,magnet_ball_5,,58035,True,True,0,0,0.749783051273786,measured,5.708632225235597,False,0.5804143709642587
wood,1.0,0.0,0.0,8.0,0.0,False,0.0,3.0,0.0,6.0,0.0,0.0,0.0,2.0,False,True,True,False,pill_8,,58036,True,True,0,0,1.118525215872566,measured,7.908228126403417,True,4.17194646573912
wood,1.0,0.0,0.0,8.0,0.0,False,0.0,3.0,0.0,6.0,0.0,0.0,0.0,2.0,False,True,True,False,plastic_part_8,,58037,True,True,0,0,1.2105926526899378,measured,7.951741771754936,True,4.194686212419663
wood,1.0,0.0,0.0,8.0,0.0,False,0.0,3.0,0.0,6.0,0.0,0.0,0.0,2.0,False,True,True,False,floor_colored_12,,58038,True,True,0,0,0.24440207414838966,measured,11.46026366958121,False,6.074509380045588
wood,1.0,0.0,0.0,8.0,0.0,False,0.0,3.0,0.0,6.0,0.0,0.0,0.0,2.0,False,True,True,False,,empty,58039,False,False,0,0,,,,False,
wood,1.0,0.0,0.0,8.0,0.0,False,0.0,3.0,0.0,6.0,0.0,0.0,0.0,2.0,False,True,True,False,,stain,58040,False,False,0,0,,,,False,
wood,1.0,0.0,0.0,8.0,0.0,False,0.0,3.0,0.0,6.0,0.0,0.0,0.0,2.0,False,True,True,False,,seam,58041,False,False,0,0,,,,False,
wood,1.0,0.0,0.0,8.0,0.0,False,0.0,3.0,0.0,6.0,0.0,0.0,0.0,4.0,False,True,True,False,coin_1yen,,59000,True,True,0,0,1.4262194706326135,measured,18.470528682787226,False,9.274846820306095
wood,1.0,0.0,0.0,8.0,0.0,False,0.0,3.0,0.0,6.0,0.0,0.0,0.0,4.0,False,True,True,False,coin_10yen,,59001,True,True,0,0,0.7318752432210545,measured,17.103756538617752,False,14.372202009693591
wood,1.0,0.0,0.0,8.0,0.0,False,0.0,3.0,0.0,6.0,0.0,0.0,0.0,4.0,False,True,True,False,button_cr2032,,59002,True,True,0,0,,specular_break,18.44797827610808,True,10.215150746956636
wood,1.0,0.0,0.0,8.0,0.0,False,0.0,3.0,0.0,6.0,0.0,0.0,0.0,4.0,False,True,True,False,button_lr44,,59003,True,True,0,0,0.7744260941729912,measured,11.342835706554414,True,5.8683017294234014
wood,1.0,0.0,0.0,8.0,0.0,False,0.0,3.0,0.0,6.0,0.0,0.0,0.0,4.0,False,True,True,False,bead_6,,59004,True,True,0,0,-0.027438445950028978,measured,6.886762945696194,False,12.534255392981803
wood,1.0,0.0,0.0,8.0,0.0,False,0.0,3.0,0.0,6.0,0.0,0.0,0.0,4.0,False,True,True,False,bead_10_dark,,59005,True,True,0,0,1.2499148094291446,measured,12.359053866004595,True,5.607631468214415
wood,1.0,0.0,0.0,8.0,0.0,False,0.0,3.0,0.0,6.0,0.0,0.0,0.0,4.0,False,True,True,False,magnet_disc_10x3,,59006,True,True,0,0,-1.3197711873861895,measured,9.753118287151338,False,3.016712033250789
wood,1.0,0.0,0.0,8.0,0.0,False,0.0,3.0,0.0,6.0,0.0,0.0,0.0,4.0,False,True,True,False,magnet_ball_5,,59007,True,True,0,0,0.0001313800456337333,measured,5.400627074496471,False,0.8690297881244679
wood,1.0,0.0,0.0,8.0,0.0,False,0.0,3.0,0.0,6.0,0.0,0.0,0.0,4.0,False,True,True,False,pill_8,,59008,True,True,0,0,0.5951992174546241,measured,7.780994782376114,False,4.15140069927612
wood,1.0,0.0,0.0,8.0,0.0,False,0.0,3.0,0.0,6.0,0.0,0.0,0.0,4.0,False,True,True,False,plastic_part_8,,59009,True,True,0,0,0.7374256612522867,measured,8.163284284109553,False,4.032755861870351
wood,1.0,0.0,0.0,8.0,0.0,False,0.0,3.0,0.0,6.0,0.0,0.0,0.0,4.0,False,True,True,False,floor_colored_12,,59010,True,True,0,0,0.49506709261683035,measured,11.50489717071266,False,5.636897878142976
wood,1.0,0.0,0.0,8.0,0.0,False,0.0,3.0,0.0,6.0,0.0,0.0,0.0,4.0,False,True,True,False,,empty,59011,False,False,0,0,,,,False,
wood,1.0,0.0,0.0,8.0,0.0,False,0.0,3.0,0.0,6.0,0.0,0.0,0.0,4.0,False,True,True,False,,stain,59012,False,False,0,0,,,,False,
wood,1.0,0.0,0.0,8.0,0.0,False,0.0,3.0,0.0,6.0,0.0,0.0,0.0,4.0,False,True,True,False,,seam,59013,False,False,0,0,,,,False,
wood,1.0,0.0,0.0,8.0,0.0,False,0.0,3.0,0.0,6.0,0.0,0.0,0.0,4.0,False,True,True,False,coin_1yen,,59014,True,True,0,0,1.5120094018774566,measured,17.592360330433888,False,9.8373853804439
wood,1.0,0.0,0.0,8.0,0.0,False,0.0,3.0,0.0,6.0,0.0,0.0,0.0,4.0,False,True,True,False,coin_10yen,,59015,True,True,0,0,0.7209451642981666,measured,17.129553455120416,False,18.739178636465073
wood,1.0,0.0,0.0,8.0,0.0,False,0.0,3.0,0.0,6.0,0.0,0.0,0.0,4.0,False,True,True,False,button_cr2032,,59016,True,True,0,0,0.5237382698793862,measured,18.23584943003538,True,10.161992576640698
wood,1.0,0.0,0.0,8.0,0.0,False,0.0,3.0,0.0,6.0,0.0,0.0,0.0,4.0,False,True,True,False,button_lr44,,59017,True,True,0,0,,specular_break,11.237012028747703,True,5.907029449336558
wood,1.0,0.0,0.0,8.0,0.0,False,0.0,3.0,0.0,6.0,0.0,0.0,0.0,4.0,False,True,True,False,bead_6,,59018,True,True,0,0,5.075337703903495,measured,6.589897777791883,False,10.494453293297282
wood,1.0,0.0,0.0,8.0,0.0,False,0.0,3.0,0.0,6.0,0.0,0.0,0.0,4.0,False,True,True,False,bead_10_dark,,59019,True,True,0,0,1.2098398824778176,measured,12.749336412585725,True,5.462405216683066
wood,1.0,0.0,0.0,8.0,0.0,False,0.0,3.0,0.0,6.0,0.0,0.0,0.0,4.0,False,True,True,False,magnet_disc_10x3,,59020,True,True,0,0,-0.30060411784018015,measured,9.797037731854667,False,3.189565622951902
wood,1.0,0.0,0.0,8.0,0.0,False,0.0,3.0,0.0,6.0,0.0,0.0,0.0,4.0,False,True,True,False,magnet_ball_5,,59021,True,True,0,0,0.00038053934112980414,measured,5.417044618618509,False,0.5541224590264249
wood,1.0,0.0,0.0,8.0,0.0,False,0.0,3.0,0.0,6.0,0.0,0.0,0.0,4.0,False,True,True,False,pill_8,,59022,True,True,0,0,0.5701805373795743,measured,7.816807678964359,False,4.170833569269495
wood,1.0,0.0,0.0,8.0,0.0,False,0.0,3.0,0.0,6.0,0.0,0.0,0.0,4.0,False,True,True,False,plastic_part_8,,59023,True,True,0,0,-0.786400525541934,measured,8.000062504394254,False,4.1808893501957565
wood,1.0,0.0,0.0,8.0,0.0,False,0.0,3.0,0.0,6.0,0.0,0.0,0.0,4.0,False,True,True,False,floor_colored_12,,59024,True,True,0,0,0.034546816499577915,measured,11.199186507189857,False,6.214998222998604
wood,1.0,0.0,0.0,8.0,0.0,False,0.0,3.0,0.0,6.0,0.0,0.0,0.0,4.0,False,True,True,False,,empty,59025,False,False,0,0,,,,False,
wood,1.0,0.0,0.0,8.0,0.0,False,0.0,3.0,0.0,6.0,0.0,0.0,0.0,4.0,False,True,True,False,,stain,59026,False,False,0,0,,,,False,
wood,1.0,0.0,0.0,8.0,0.0,False,0.0,3.0,0.0,6.0,0.0,0.0,0.0,4.0,False,True,True,False,,seam,59027,False,False,0,0,,,,False,
wood,1.0,0.0,0.0,8.0,0.0,False,0.0,3.0,0.0,6.0,0.0,0.0,0.0,4.0,False,True,True,False,coin_1yen,,59028,True,True,0,0,1.460399445686491,measured,18.51668502855614,False,9.90262385572896
wood,1.0,0.0,0.0,8.0,0.0,False,0.0,3.0,0.0,6.0,0.0,0.0,0.0,4.0,False,True,True,False,coin_10yen,,59029,True,True,0,0,0.7237153327756971,measured,17.122210581845557,False,15.297979218243219
wood,1.0,0.0,0.0,8.0,0.0,False,0.0,3.0,0.0,6.0,0.0,0.0,0.0,4.0,False,True,True,False,button_cr2032,,59030,True,True,0,0,0.5861262487999017,measured,18.044009593880332,True,10.223411197380985
wood,1.0,0.0,0.0,8.0,0.0,False,0.0,3.0,0.0,6.0,0.0,0.0,0.0,4.0,False,True,True,False,button_lr44,,59031,True,True,0,0,,specular_break,11.278472983243223,True,5.934002848094537
wood,1.0,0.0,0.0,8.0,0.0,False,0.0,3.0,0.0,6.0,0.0,0.0,0.0,4.0,False,True,True,False,bead_6,,59032,True,True,0,0,0.008980385185216377,measured,6.8041856183411475,False,7.438615096022369
wood,1.0,0.0,0.0,8.0,0.0,False,0.0,3.0,0.0,6.0,0.0,0.0,0.0,4.0,False,True,True,False,bead_10_dark,,59033,True,True,0,0,1.2799899851137084,measured,12.4242816616726,True,5.484067810973968
wood,1.0,0.0,0.0,8.0,0.0,False,0.0,3.0,0.0,6.0,0.0,0.0,0.0,4.0,False,True,True,False,magnet_disc_10x3,,59034,True,True,0,0,-0.3769056296227262,measured,9.751889130279501,False,3.4339960135440197
wood,1.0,0.0,0.0,8.0,0.0,False,0.0,3.0,0.0,6.0,0.0,0.0,0.0,4.0,False,True,True,False,magnet_ball_5,,59035,True,True,0,0,0.0011023302391528489,measured,5.68373623074222,False,0.6991205341168207
wood,1.0,0.0,0.0,8.0,0.0,False,0.0,3.0,0.0,6.0,0.0,0.0,0.0,4.0,False,True,True,False,pill_8,,59036,True,True,0,0,0.6124008977860456,measured,7.908010253647628,False,4.079444807067394
wood,1.0,0.0,0.0,8.0,0.0,False,0.0,3.0,0.0,6.0,0.0,0.0,0.0,4.0,False,True,True,False,plastic_part_8,,59037,True,True,0,0,0.678806547877473,measured,7.954892202016207,False,4.783373017142367
wood,1.0,0.0,0.0,8.0,0.0,False,0.0,3.0,0.0,6.0,0.0,0.0,0.0,4.0,False,True,True,False,floor_colored_12,,59038,True,True,0,0,0.5982360335325634,measured,11.381199515535435,False,5.740527152819229
wood,1.0,0.0,0.0,8.0,0.0,False,0.0,3.0,0.0,6.0,0.0,0.0,0.0,4.0,False,True,True,False,,empty,59039,False,False,0,0,,,,False,
wood,1.0,0.0,0.0,8.0,0.0,False,0.0,3.0,0.0,6.0,0.0,0.0,0.0,4.0,False,True,True,False,,stain,59040,False,False,0,0,,,,False,
wood,1.0,0.0,0.0,8.0,0.0,False,0.0,3.0,0.0,6.0,0.0,0.0,0.0,4.0,False,True,True,False,,seam,59041,False,False,0,0,,,,False,
wood,1.0,0.0,0.0,8.0,0.0,False,0.0,3.0,0.0,6.0,0.0,0.0,0.0,6.0,False,True,True,False,coin_1yen,,60000,True,True,0,0,1.453919809751575,measured,18.414266087953244,False,9.115946417332276
wood,1.0,0.0,0.0,8.0,0.0,False,0.0,3.0,0.0,6.0,0.0,0.0,0.0,6.0,False,True,True,False,coin_10yen,,60001,True,True,0,0,0.42446258045257323,measured,20.145700539742894,False,11.908255170272962
wood,1.0,0.0,0.0,8.0,0.0,False,0.0,3.0,0.0,6.0,0.0,0.0,0.0,6.0,False,True,True,False,button_cr2032,,60002,True,True,0,0,,specular_break,18.44513712385046,True,10.294308746422248
wood,1.0,0.0,0.0,8.0,0.0,False,0.0,3.0,0.0,6.0,0.0,0.0,0.0,6.0,False,True,True,False,button_lr44,,60003,True,True,0,0,0.5938699253827657,measured,11.37300046876053,False,5.8722665007484
wood,1.0,0.0,0.0,8.0,0.0,False,0.0,3.0,0.0,6.0,0.0,0.0,0.0,6.0,False,True,True,False,bead_6,,60004,True,True,0,0,0.43291788843246515,measured,8.035922557125735,False,1.4824066939896954
wood,1.0,0.0,0.0,8.0,0.0,False,0.0,3.0,0.0,6.0,0.0,0.0,0.0,6.0,False,True,True,False,bead_10_dark,,60005,True,True,0,0,0.09066495256396578,measured,12.478390375986471,False,5.482662862610973
wood,1.0,0.0,0.0,8.0,0.0,False,0.0,3.0,0.0,6.0,0.0,0.0,0.0,6.0,False,True,True,False,magnet_disc_10x3,,60006,True,True,0,0,0.18587034146557357,measured,2.8524231439780596,False,4.959683376914983
wood,1.0,0.0,0.0,8.0,0.0,False,0.0,3.0,0.0,6.0,0.0,0.0,0.0,6.0,False,True,True,False,magnet_ball_5,,60007,True,True,0,0,,off_line,5.736784696464785,False,0.9732647443497191
wood,1.0,0.0,0.0,8.0,0.0,False,0.0,3.0,0.0,6.0,0.0,0.0,0.0,6.0,False,True,True,False,pill_8,,60008,True,True,0,0,-0.00047192968400544544,measured,7.83716901569279,False,4.209189365401838
wood,1.0,0.0,0.0,8.0,0.0,False,0.0,3.0,0.0,6.0,0.0,0.0,0.0,6.0,False,True,True,False,plastic_part_8,,60009,True,True,0,0,0.0003439562061888779,measured,8.02373299723865,False,4.249877376531505
wood,1.0,0.0,0.0,8.0,0.0,False,0.0,3.0,0.0,6.0,0.0,0.0,0.0,6.0,False,True,True,False,floor_colored_12,,60010,True,True,0,0,-0.05275872304071072,measured,11.474695296183201,False,5.938421764546955
wood,1.0,0.0,0.0,8.0,0.0,False,0.0,3.0,0.0,6.0,0.0,0.0,0.0,6.0,False,True,True,False,,empty,60011,False,False,0,0,,,,False,
wood,1.0,0.0,0.0,8.0,0.0,False,0.0,3.0,0.0,6.0,0.0,0.0,0.0,6.0,False,True,True,False,,stain,60012,False,False,0,0,,,,False,
wood,1.0,0.0,0.0,8.0,0.0,False,0.0,3.0,0.0,6.0,0.0,0.0,0.0,6.0,False,True,True,False,,seam,60013,False,False,0,0,,,,False,
wood,1.0,0.0,0.0,8.0,0.0,False,0.0,3.0,0.0,6.0,0.0,0.0,0.0,6.0,False,True,True,False,coin_1yen,,60014,True,True,0,0,1.464745815913174,measured,18.276204970513426,False,9.954902418010988
wood,1.0,0.0,0.0,8.0,0.0,False,0.0,3.0,0.0,6.0,0.0,0.0,0.0,6.0,False,True,True,False,coin_10yen,,60015,True,True,0,0,0.7137611508511252,measured,17.01277911022093,False,14.415318097715591
wood,1.0,0.0,0.0,8.0,0.0,False,0.0,3.0,0.0,6.0,0.0,0.0,0.0,6.0,False,True,True,False,button_cr2032,,60016,True,True,0,0,,specular_break,18.299431628065953,True,10.561052764607306
wood,1.0,0.0,0.0,8.0,0.0,False,0.0,3.0,0.0,6.0,0.0,0.0,0.0,6.0,False,True,True,False,button_lr44,,60017,True,True,0,0,0.5932081592106009,measured,11.399368475200284,False,5.889482406071732
wood,1.0,0.0,0.0,8.0,0.0,False,0.0,3.0,0.0,6.0,0.0,0.0,0.0,6.0,False,True,True,False,bead_6,,60018,True,True,0,0,5.970693085701184,measured,6.970461647764129,False,10.544800169550665
wood,1.0,0.0,0.0,8.0,0.0,False,0.0,3.0,0.0,6.0,0.0,0.0,0.0,6.0,False,True,True,False,bead_10_dark,,60019,True,True,0,0,-0.1055557649930563,measured,12.329007846366489,False,5.828875357528523
wood,1.0,0.0,0.0,8.0,0.0,False,0.0,3.0,0.0,6.0,0.0,0.0,0.0,6.0,False,True,True,False,magnet_disc_10x3,,60020,True,True,0,0,-0.10201926436391595,measured,9.679581330838497,False,3.7725329089069617
wood,1.0,0.0,0.0,8.0,0.0,False,0.0,3.0,0.0,6.0,0.0,0.0,0.0,6.0,False,True,True,False,magnet_ball_5,,60021,False,False,0,0,,,,False,
wood,1.0,0.0,0.0,8.0,0.0,False,0.0,3.0,0.0,6.0,0.0,0.0,0.0,6.0,False,True,True,False,pill_8,,60022,True,True,0,0,2.7223901608647783,measured,7.9348256175437015,False,4.597196417653787
wood,1.0,0.0,0.0,8.0,0.0,False,0.0,3.0,0.0,6.0,0.0,0.0,0.0,6.0,False,True,True,False,plastic_part_8,,60023,True,True,0,0,-0.0005110972834980743,measured,7.995650971694168,False,4.157677519657823
wood,1.0,0.0,0.0,8.0,0.0,False,0.0,3.0,0.0,6.0,0.0,0.0,0.0,6.0,False,True,True,False,floor_colored_12,,60024,True,True,0,0,0.39342024731024594,measured,11.543694170977837,False,6.296744444793439
wood,1.0,0.0,0.0,8.0,0.0,False,0.0,3.0,0.0,6.0,0.0,0.0,0.0,6.0,False,True,True,False,,empty,60025,False,False,0,0,,,,False,
wood,1.0,0.0,0.0,8.0,0.0,False,0.0,3.0,0.0,6.0,0.0,0.0,0.0,6.0,False,True,True,False,,stain,60026,False,False,0,0,,,,False,
wood,1.0,0.0,0.0,8.0,0.0,False,0.0,3.0,0.0,6.0,0.0,0.0,0.0,6.0,False,True,True,False,,seam,60027,False,False,0,0,,,,False,
wood,1.0,0.0,0.0,8.0,0.0,False,0.0,3.0,0.0,6.0,0.0,0.0,0.0,6.0,False,True,True,False,coin_1yen,,60028,True,True,0,0,1.1637805335692288,measured,18.12669632572299,False,9.803602058740074
wood,1.0,0.0,0.0,8.0,0.0,False,0.0,3.0,0.0,6.0,0.0,0.0,0.0,6.0,False,True,True,False,coin_10yen,,60029,True,True,0,0,-0.09088120295710311,measured,17.041891142359688,False,20.73945397063907
wood,1.0,0.0,0.0,8.0,0.0,False,0.0,3.0,0.0,6.0,0.0,0.0,0.0,6.0,False,True,True,False,button_cr2032,,60030,True,True,0,0,0.5156819993370867,measured,18.628569561664428,True,9.765437137146769
wood,1.0,0.0,0.0,8.0,0.0,False,0.0,3.0,0.0,6.0,0.0,0.0,0.0,6.0,False,True,True,False,button_lr44,,60031,True,True,0,0,-0.6067352473813532,measured,11.246528876087595,False,6.047449369229969
wood,1.0,0.0,0.0,8.0,0.0,False,0.0,3.0,0.0,6.0,0.0,0.0,0.0,6.0,False,True,True,False,bead_6,,60032,True,True,0,0,4.492225553353043,measured,8.077685966108636,False,0.7833552674741145
wood,1.0,0.0,0.0,8.0,0.0,False,0.0,3.0,0.0,6.0,0.0,0.0,0.0,6.0,False,True,True,False,bead_10_dark,,60033,True,True,0,0,0.1407805866182592,measured,12.576232269190385,False,5.276114400832194
wood,1.0,0.0,0.0,8.0,0.0,False,0.0,3.0,0.0,6.0,0.0,0.0,0.0,6.0,False,True,True,False,magnet_disc_10x3,,60034,True,True,0,0,-0.12318364215809297,measured,9.623545758938537,False,3.9002964281834718
wood,1.0,0.0,0.0,8.0,0.0,False,0.0,3.0,0.0,6.0,0.0,0.0,0.0,6.0,False,True,True,False,magnet_ball_5,,60035,True,True,0,0,-0.001364243135876464,measured,6.38804489186797,False,1.6762281165608448
wood,1.0,0.0,0.0,8.0,0.0,False,0.0,3.0,0.0,6.0,0.0,0.0,0.0,6.0,False,True,True,False,pill_8,,60036,True,True,0,0,3.0148778725586407,measured,7.980754104618219,False,4.1345171928116
wood,1.0,0.0,0.0,8.0,0.0,False,0.0,3.0,0.0,6.0,0.0,0.0,0.0,6.0,False,True,True,False,plastic_part_8,,60037,True,True,0,0,-0.0016177134196322385,measured,8.064100843978238,False,4.3068828362979845
wood,1.0,0.0,0.0,8.0,0.0,False,0.0,3.0,0.0,6.0,0.0,0.0,0.0,6.0,False,True,True,False,floor_colored_12,,60038,True,True,0,0,-0.20123057043049108,measured,11.525484280270497,False,6.093953455483065
wood,1.0,0.0,0.0,8.0,0.0,False,0.0,3.0,0.0,6.0,0.0,0.0,0.0,6.0,False,True,True,False,,empty,60039,False,False,0,0,,,,False,
wood,1.0,0.0,0.0,8.0,0.0,False,0.0,3.0,0.0,6.0,0.0,0.0,0.0,6.0,False,True,True,False,,stain,60040,False,False,0,0,,,,False,
wood,1.0,0.0,0.0,8.0,0.0,False,0.0,3.0,0.0,6.0,0.0,0.0,0.0,6.0,False,True,True,False,,seam,60041,False,False,0,0,,,,False,
wood,1.0,0.0,0.0,8.0,0.0,False,0.0,3.0,0.0,6.0,0.0,0.0,0.0,8.0,False,True,True,False,coin_1yen,,61000,True,True,0,0,0.6916816265837529,measured,18.009383130281734,False,9.791592528743235
wood,1.0,0.0,0.0,8.0,0.0,False,0.0,3.0,0.0,6.0,0.0,0.0,0.0,8.0,False,True,True,False,coin_10yen,,61001,True,True,0,0,0.6931783486985186,measured,20.347277481825028,False,11.666690136739582
wood,1.0,0.0,0.0,8.0,0.0,False,0.0,3.0,0.0,6.0,0.0,0.0,0.0,8.0,False,True,True,False,button_cr2032,,61002,True,True,0,0,,specular_break,18.557400665851645,True,10.245655564515214
wood,1.0,0.0,0.0,8.0,0.0,False,0.0,3.0,0.0,6.0,0.0,0.0,0.0,8.0,False,True,True,False,button_lr44,,61003,True,True,0,0,-0.00035131388285236653,measured,11.190186148378958,False,5.88347122069541
wood,1.0,0.0,0.0,8.0,0.0,False,0.0,3.0,0.0,6.0,0.0,0.0,0.0,8.0,False,True,True,False,bead_6,,61004,True,True,0,0,-0.0006483448590053342,measured,8.972875276654902,False,4.637401588395268
wood,1.0,0.0,0.0,8.0,0.0,False,0.0,3.0,0.0,6.0,0.0,0.0,0.0,8.0,False,True,True,False,bead_10_dark,,61005,True,True,0,0,0.0009786590000171458,measured,12.485551768498226,False,5.953747649642947
wood,1.0,0.0,0.0,8.0,0.0,False,0.0,3.0,0.0,6.0,0.0,0.0,0.0,8.0,False,True,True,False,magnet_disc_10x3,,61006,True,True,0,0,,off_line,9.68428681066753,False,3.9714588536528126
wood,1.0,0.0,0.0,8.0,0.0,False,0.0,3.0,0.0,6.0,0.0,0.0,0.0,8.0,False,True,True,False,magnet_ball_5,,61007,False,False,0,0,,,,False,
wood,1.0,0.0,0.0,8.0,0.0,False,0.0,3.0,0.0,6.0,0.0,0.0,0.0,8.0,False,True,True,False,pill_8,,61008,True,True,0,0,,off_line,7.970710688667957,False,4.074874973608735
wood,1.0,0.0,0.0,8.0,0.0,False,0.0,3.0,0.0,6.0,0.0,0.0,0.0,8.0,False,True,True,False,plastic_part_8,,61009,True,True,0,0,,off_line,8.197857612034742,False,4.120945280850671
wood,1.0,0.0,0.0,8.0,0.0,False,0.0,3.0,0.0,6.0,0.0,0.0,0.0,8.0,False,True,True,False,floor_colored_12,,61010,True,True,0,0,0.08079508171342908,measured,11.55467088643784,False,5.681354545814991
wood,1.0,0.0,0.0,8.0,0.0,False,0.0,3.0,0.0,6.0,0.0,0.0,0.0,8.0,False,True,True,False,,empty,61011,False,False,0,0,,,,False,
wood,1.0,0.0,0.0,8.0,0.0,False,0.0,3.0,0.0,6.0,0.0,0.0,0.0,8.0,False,True,True,False,,stain,61012,False,False,0,0,,,,False,
wood,1.0,0.0,0.0,8.0,0.0,False,0.0,3.0,0.0,6.0,0.0,0.0,0.0,8.0,False,True,True,False,,seam,61013,False,False,0,0,,,,False,
wood,1.0,0.0,0.0,8.0,0.0,False,0.0,3.0,0.0,6.0,0.0,0.0,0.0,8.0,False,True,True,False,coin_1yen,,61014,True,True,0,0,1.0649288929288492,measured,18.65148143019657,False,10.284706937614299
wood,1.0,0.0,0.0,8.0,0.0,False,0.0,3.0,0.0,6.0,0.0,0.0,0.0,8.0,False,True,True,False,coin_10yen,,61015,True,True,0,0,0.01102756119511028,measured,16.968948972201762,False,20.236822031360585
wood,1.0,0.0,0.0,8.0,0.0,False,0.0,3.0,0.0,6.0,0.0,0.0,0.0,8.0,False,True,True,False,button_cr2032,,61016,True,True,0,0,,specular_break,17.864783570036373,True,10.03956136572063
wood,1.0,0.0,0.0,8.0,0.0,False,0.0,3.0,0.0,6.0,0.0,0.0,0.0,8.0,False,True,True,False,button_lr44,,61017,True,True,0,0,0.0005266584336514057,measured,11.472833159279123,False,5.994441740391219
wood,1.0,0.0,0.0,8.0,0.0,False,0.0,3.0,0.0,6.0,0.0,0.0,0.0,8.0,False,True,True,False,bead_6,,61018,True,True,0,0,0.0028547273414840646,measured,15.025563401340566,False,5.995794030005721
wood,1.0,0.0,0.0,8.0,0.0,False,0.0,3.0,0.0,6.0,0.0,0.0,0.0,8.0,False,True,True,False,bead_10_dark,,61019,True,True,0,0,-0.0014944509612337953,measured,12.508945683483839,False,5.936004459992842
wood,1.0,0.0,0.0,8.0,0.0,False,0.0,3.0,0.0,6.0,0.0,0.0,0.0,8.0,False,True,True,False,magnet_disc_10x3,,61020,True,True,0,0,0.0011052810472431673,measured,9.85098443807558,False,2.95572508070371
wood,1.0,0.0,0.0,8.0,0.0,False,0.0,3.0,0.0,6.0,0.0,0.0,0.0,8.0,False,True,True,False,magnet_ball_5,,61021,False,False,0,0,,,,False,
wood,1.0,0.0,0.0,8.0,0.0,False,0.0,3.0,0.0,6.0,0.0,0.0,0.0,8.0,False,True,True,False,pill_8,,61022,True,True,0,0,,off_line,7.874193850121543,False,4.179605742733891
wood,1.0,0.0,0.0,8.0,0.0,False,0.0,3.0,0.0,6.0,0.0,0.0,0.0,8.0,False,True,True,False,plastic_part_8,,61023,True,True,0,0,,off_line,8.003910884679248,False,4.424326533781702
wood,1.0,0.0,0.0,8.0,0.0,False,0.0,3.0,0.0,6.0,0.0,0.0,0.0,8.0,False,True,True,False,floor_colored_12,,61024,True,True,0,0,-0.0005807336431100651,measured,11.338010251620169,False,6.166288523351745
wood,1.0,0.0,0.0,8.0,0.0,False,0.0,3.0,0.0,6.0,0.0,0.0,0.0,8.0,False,True,True,False,,empty,61025,False,False,0,0,,,,False,
wood,1.0,0.0,0.0,8.0,0.0,False,0.0,3.0,0.0,6.0,0.0,0.0,0.0,8.0,False,True,True,False,,stain,61026,False,False,0,0,,,,False,
wood,1.0,0.0,0.0,8.0,0.0,False,0.0,3.0,0.0,6.0,0.0,0.0,0.0,8.0,False,True,True,False,,seam,61027,False,False,0,0,,,,False,
wood,1.0,0.0,0.0,8.0,0.0,False,0.0,3.0,0.0,6.0,0.0,0.0,0.0,8.0,False,True,True,False,coin_1yen,,61028,True,True,0,0,0.6504097183345436,measured,17.796407608488835,False,9.933439502734053
wood,1.0,0.0,0.0,8.0,0.0,False,0.0,3.0,0.0,6.0,0.0,0.0,0.0,8.0,False,True,True,False,coin_10yen,,61029,True,True,0,0,0.07890073806266962,measured,16.919595943065247,False,18.13165202412549
wood,1.0,0.0,0.0,8.0,0.0,False,0.0,3.0,0.0,6.0,0.0,0.0,0.0,8.0,False,True,True,False,button_cr2032,,61030,True,True,0,0,,specular_break,18.530723897252614,True,10.035423397556823
wood,1.0,0.0,0.0,8.0,0.0,False,0.0,3.0,0.0,6.0,0.0,0.0,0.0,8.0,False,True,True,False,button_lr44,,61031,True,True,0,0,0.00038248042986133157,measured,11.321924730408808,False,5.8781314312722515
wood,1.0,0.0,0.0,8.0,0.0,False,0.0,3.0,0.0,6.0,0.0,0.0,0.0,8.0,False,True,True,False,bead_6,,61032,True,True,0,0,0.0006611450653259965,measured,8.62631673039785,False,4.4561796170425625
wood,1.0,0.0,0.0,8.0,0.0,False,0.0,3.0,0.0,6.0,0.0,0.0,0.0,8.0,False,True,True,False,bead_10_dark,,61033,True,True,0,0,-0.0021821795698624413,measured,12.196113510091376,False,5.201708475671655
wood,1.0,0.0,0.0,8.0,0.0,False,0.0,3.0,0.0,6.0,0.0,0.0,0.0,8.0,False,True,True,False,magnet_disc_10x3,,61034,True,True,0,0,,off_line,9.797365823870855,False,3.9192668569720186
wood,1.0,0.0,0.0,8.0,0.0,False,0.0,3.0,0.0,6.0,0.0,0.0,0.0,8.0,False,True,True,False,magnet_ball_5,,61035,False,False,0,0,,,,False,
wood,1.0,0.0,0.0,8.0,0.0,False,0.0,3.0,0.0,6.0,0.0,0.0,0.0,8.0,False,True,True,False,pill_8,,61036,True,True,0,0,,off_line,7.914586470478895,False,4.089851711336284
wood,1.0,0.0,0.0,8.0,0.0,False,0.0,3.0,0.0,6.0,0.0,0.0,0.0,8.0,False,True,True,False,plastic_part_8,,61037,True,True,0,0,,off_line,8.158401085145918,False,4.43939788189942
wood,1.0,0.0,0.0,8.0,0.0,False,0.0,3.0,0.0,6.0,0.0,0.0,0.0,8.0,False,True,True,False,floor_colored_12,,61038,True,True,0,0,0.0005740657226525059,measured,11.513551705745291,False,6.324552542275554
wood,1.0,0.0,0.0,8.0,0.0,False,0.0,3.0,0.0,6.0,0.0,0.0,0.0,8.0,False,True,True,False,,empty,61039,False,False,0,0,,,,False,
wood,1.0,0.0,0.0,8.0,0.0,False,0.0,3.0,0.0,6.0,0.0,0.0,0.0,8.0,False,True,True,False,,stain,61040,False,False,0,0,,,,False,
wood,1.0,0.0,0.0,8.0,0.0,False,0.0,3.0,0.0,6.0,0.0,0.0,0.0,8.0,False,True,True,False,,seam,61041,False,False,0,0,,,,False,
wood,1.0,0.0,0.0,8.0,0.0,False,0.0,3.0,0.0,6.0,0.0,0.0,0.0,0.0,False,True,True,False,coin_1yen,,62000,True,True,0,0,1.4710276267372961,measured,18.16877367061211,False,9.771944883360304
wood,1.0,0.0,0.0,8.0,0.0,False,0.0,3.0,0.0,6.0,0.0,0.0,0.0,0.0,False,True,True,False,coin_10yen,,62001,True,True,0,0,0.7464387622587321,measured,17.277811131549026,False,14.00092100682564
wood,1.0,0.0,0.0,8.0,0.0,False,0.0,3.0,0.0,6.0,0.0,0.0,0.0,0.0,False,True,True,False,button_cr2032,,62002,True,True,0,0,0.6549010427527406,measured,18.542085168611102,True,10.375295077364655
wood,1.0,0.0,0.0,8.0,0.0,False,0.0,3.0,0.0,6.0,0.0,0.0,0.0,0.0,False,True,True,False,button_lr44,,62003,True,True,0,0,,specular_break,11.183109305110591,True,5.906753773773926
wood,1.0,0.0,0.0,8.0,0.0,False,0.0,3.0,0.0,6.0,0.0,0.0,0.0,0.0,False,True,True,False,bead_6,,62004,True,True,0,0,,specular_break,6.588638514315941,True,19.728285964666412
wood,1.0,0.0,0.0,8.0,0.0,False,0.0,3.0,0.0,6.0,0.0,0.0,0.0,0.0,False,True,True,False,bead_10_dark,,62005,True,True,0,0,,specular_break,12.777438087722363,True,5.188747777091564
wood,1.0,0.0,0.0,8.0,0.0,False,0.0,3.0,0.0,6.0,0.0,0.0,0.0,0.0,False,True,True,False,magnet_disc_10x3,,62006,True,True,0,0,,specular_break,9.89807878523491,True,2.9670890666636307
wood,1.0,0.0,0.0,8.0,0.0,False,0.0,3.0,0.0,6.0,0.0,0.0,0.0,0.0,False,True,True,False,magnet_ball_5,,62007,True,True,0,0,,specular_break,4.472231315026299,True,12.032098987106757
wood,1.0,0.0,0.0,8.0,0.0,False,0.0,3.0,0.0,6.0,0.0,0.0,0.0,0.0,False,True,True,False,pill_8,,62008,True,True,0,0,2.374826949979134,measured,7.950361966487131,False,4.082078538180134
wood,1.0,0.0,0.0,8.0,0.0,False,0.0,3.0,0.0,6.0,0.0,0.0,0.0,0.0,False,True,True,False,plastic_part_8,,62009,True,True,0,0,2.795787293669365,measured,7.8684681311877975,True,4.097686937578899
wood,1.0,0.0,0.0,8.0,0.0,False,0.0,3.0,0.0,6.0,0.0,0.0,0.0,0.0,False,True,True,False,floor_colored_12,,62010,True,True,0,0,0.45683447608854877,measured,11.618058895472313,False,5.916001578910723
wood,1.0,0.0,0.0,8.0,0.0,False,0.0,3.0,0.0,6.0,0.0,0.0,0.0,0.0,False,True,True,False,,empty,62011,False,False,0,0,,,,False,
wood,1.0,0.0,0.0,8.0,0.0,False,0.0,3.0,0.0,6.0,0.0,0.0,0.0,0.0,False,True,True,False,,stain,62012,False,False,0,0,,,,False,
wood,1.0,0.0,0.0,8.0,0.0,False,0.0,3.0,0.0,6.0,0.0,0.0,0.0,0.0,False,True,True,False,,seam,62013,False,False,0,0,,,,False,
wood,1.0,0.0,0.0,8.0,0.0,False,0.0,3.0,0.0,6.0,0.0,0.0,0.0,0.0,False,True,True,False,coin_1yen,,62014,True,True,0,0,1.4405691664079594,measured,18.55511775952459,False,10.010837962554415
wood,1.0,0.0,0.0,8.0,0.0,False,0.0,3.0,0.0,6.0,0.0,0.0,0.0,0.0,False,True,True,False,coin_10yen,,62015,True,True,0,0,0.5005974677452567,measured,17.204839184905556,False,21.779878217257018
wood,1.0,0.0,0.0,8.0,0.0,False,0.0,3.0,0.0,6.0,0.0,0.0,0.0,0.0,False,True,True,False,button_cr2032,,62016,True,True,0,0,,specular_break,18.464427099803324,True,10.179874883253563
wood,1.0,0.0,0.0,8.0,0.0,False,0.0,3.0,0.0,6.0,0.0,0.0,0.0,0.0,False,True,True,False,button_lr44,,62017,True,True,0,0,0.533578508303993,measured,11.15001871164885,True,6.0134628960417205
wood,1.0,0.0,0.0,8.0,0.0,False,0.0,3.0,0.0,6.0,0.0,0.0,0.0,0.0,False,True,True,False,bead_6,,62018,True,True,0,0,,specular_break,7.172982380785602,True,9.721416315128206
wood,1.0,0.0,0.0,8.0,0.0,False,0.0,3.0,0.0,6.0,0.0,0.0,0.0,0.0,False,True,True,False,bead_10_dark,,62019,True,True,0,0,,specular_break,12.740023796630469,True,5.334297046522464
wood,1.0,0.0,0.0,8.0,0.0,False,0.0,3.0,0.0,6.0,0.0,0.0,0.0,0.0,False,True,True,False,magnet_disc_10x3,,62020,True,True,0,0,,specular_break,9.843128817526539,True,3.042022881424086
wood,1.0,0.0,0.0,8.0,0.0,False,0.0,3.0,0.0,6.0,0.0,0.0,0.0,0.0,False,True,True,False,magnet_ball_5,,62021,True,True,0,0,,specular_break,4.536844119680291,True,11.460911012971021
wood,1.0,0.0,0.0,8.0,0.0,False,0.0,3.0,0.0,6.0,0.0,0.0,0.0,0.0,False,True,True,False,pill_8,,62022,True,True,0,0,2.3349846223945026,measured,7.803072337888288,False,4.238962209072113
wood,1.0,0.0,0.0,8.0,0.0,False,0.0,3.0,0.0,6.0,0.0,0.0,0.0,0.0,False,True,True,False,plastic_part_8,,62023,True,True,0,0,2.7904449491130716,measured,8.000183847200132,True,4.25637877595215
wood,1.0,0.0,0.0,8.0,0.0,False,0.0,3.0,0.0,6.0,0.0,0.0,0.0,0.0,False,True,True,False,floor_colored_12,,62024,True,True,0,0,0.7319985453874693,measured,11.328726327087617,False,5.953010853142977
wood,1.0,0.0,0.0,8.0,0.0,False,0.0,3.0,0.0,6.0,0.0,0.0,0.0,0.0,False,True,True,False,,empty,62025,False,False,0,0,,,,False,
wood,1.0,0.0,0.0,8.0,0.0,False,0.0,3.0,0.0,6.0,0.0,0.0,0.0,0.0,False,True,True,False,,stain,62026,False,False,0,0,,,,False,
wood,1.0,0.0,0.0,8.0,0.0,False,0.0,3.0,0.0,6.0,0.0,0.0,0.0,0.0,False,True,True,False,,seam,62027,False,False,0,0,,,,False,
wood,1.0,0.0,0.0,8.0,0.0,False,0.0,3.0,0.0,6.0,0.0,0.0,0.0,0.0,False,True,True,False,coin_1yen,,62028,True,True,0,0,1.4416631874349246,measured,18.39108710358237,False,10.291955999404827
wood,1.0,0.0,0.0,8.0,0.0,False,0.0,3.0,0.0,6.0,0.0,0.0,0.0,0.0,False,True,True,False,coin_10yen,,62029,True,True,0,0,0.7176676502134534,measured,17.249102205262965,False,16.979534012679085
wood,1.0,0.0,0.0,8.0,0.0,False,0.0,3.0,0.0,6.0,0.0,0.0,0.0,0.0,False,True,True,False,button_cr2032,,62030,True,True,0,0,,specular_break,18.722001378783332,True,10.206529802832977
wood,1.0,0.0,0.0,8.0,0.0,False,0.0,3.0,0.0,6.0,0.0,0.0,0.0,0.0,False,True,True,False,button_lr44,,62031,True,True,0,0,,specular_break,11.274079837549307,True,5.583878031046418
wood,1.0,0.0,0.0,8.0,0.0,False,0.0,3.0,0.0,6.0,0.0,0.0,0.0,0.0,False,True,True,False,bead_6,,62032,True,True,0,0,,specular_break,7.003910653367523,True,10.412689334614548
wood,1.0,0.0,0.0,8.0,0.0,False,0.0,3.0,0.0,6.0,0.0,0.0,0.0,0.0,False,True,True,False,bead_10_dark,,62033,True,True,0,0,,specular_break,12.474231166077992,True,5.495724324047146
wood,1.0,0.0,0.0,8.0,0.0,False,0.0,3.0,0.0,6.0,0.0,0.0,0.0,0.0,False,True,True,False,magnet_disc_10x3,,62034,True,True,0,0,,specular_break,9.676883568572931,True,3.6095421222655495
wood,1.0,0.0,0.0,8.0,0.0,False,0.0,3.0,0.0,6.0,0.0,0.0,0.0,0.0,False,True,True,False,magnet_ball_5,,62035,True,True,0,0,,specular_break,5.022072504293187,True,1.5432459964380523
wood,1.0,0.0,0.0,8.0,0.0,False,0.0,3.0,0.0,6.0,0.0,0.0,0.0,0.0,False,True,True,False,pill_8,,62036,True,True,0,0,2.3579468407014055,measured,7.663512984279649,False,4.153058249258919
wood,1.0,0.0,0.0,8.0,0.0,False,0.0,3.0,0.0,6.0,0.0,0.0,0.0,0.0,False,True,True,False,plastic_part_8,,62037,True,True,0,0,2.740847143517076,measured,8.141405356366201,True,4.519468536209278
wood,1.0,0.0,0.0,8.0,0.0,False,0.0,3.0,0.0,6.0,0.0,0.0,0.0,0.0,False,True,True,False,floor_colored_12,,62038,True,True,0,0,0.448923487522336,measured,11.407561961503474,False,5.551640659150565
wood,1.0,0.0,0.0,8.0,0.0,False,0.0,3.0,0.0,6.0,0.0,0.0,0.0,0.0,False,True,True,False,,empty,62039,False,False,0,0,,,,False,
wood,1.0,0.0,0.0,8.0,0.0,False,0.0,3.0,0.0,6.0,0.0,0.0,0.0,0.0,False,True,True,False,,stain,62040,False,False,0,0,,,,False,
wood,1.0,0.0,0.0,8.0,0.0,False,0.0,3.0,0.0,6.0,0.0,0.0,0.0,0.0,False,True,True,False,,seam,62041,False,False,0,0,,,,False,
wood,1.0,0.0,0.0,8.0,0.0,False,0.0,3.0,0.0,6.0,0.0,0.0,0.0,0.0,True,True,True,False,coin_1yen,,63000,True,True,0,0,1.444960072261317,measured,18.67084095790484,False,9.797516198445804
wood,1.0,0.0,0.0,8.0,0.0,False,0.0,3.0,0.0,6.0,0.0,0.0,0.0,0.0,True,True,True,False,coin_10yen,,63001,True,True,0,0,0.7208312669931072,measured,21.70466712887489,False,17.474373328710946
wood,1.0,0.0,0.0,8.0,0.0,False,0.0,3.0,0.0,6.0,0.0,0.0,0.0,0.0,True,True,True,False,button_cr2032,,63002,True,True,0,0,,specular_break,18.375754284150577,True,10.18631391296955
wood,1.0,0.0,0.0,8.0,0.0,False,0.0,3.0,0.0,6.0,0.0,0.0,0.0,0.0,True,True,True,False,button_lr44,,63003,True,True,0,0,,specular_break,11.20174067144133,True,5.834574466549246
wood,1.0,0.0,0.0,8.0,0.0,False,0.0,3.0,0.0,6.0,0.0,0.0,0.0,0.0,True,True,True,False,bead_6,,63004,True,True,0,0,,specular_break,6.917130256747922,True,15.771507199732467
wood,1.0,0.0,0.0,8.0,0.0,False,0.0,3.0,0.0,6.0,0.0,0.0,0.0,0.0,True,True,True,False,bead_10_dark,,63005,True,True,0,0,,specular_break,12.329176221047591,True,5.384253365717152
wood,1.0,0.0,0.0,8.0,0.0,False,0.0,3.0,0.0,6.0,0.0,0.0,0.0,0.0,True,True,True,False,magnet_disc_10x3,,63006,True,True,1,0,,specular_break,9.58105376798073,True,2.3808105808729607
wood,1.0,0.0,0.0,8.0,0.0,False,0.0,3.0,0.0,6.0,0.0,0.0,0.0,0.0,True,True,True,False,magnet_ball_5,,63007,True,True,0,0,,specular_break,4.476763715159564,True,9.286330919319214
wood,1.0,0.0,0.0,8.0,0.0,False,0.0,3.0,0.0,6.0,0.0,0.0,0.0,0.0,True,True,True,False,pill_8,,63008,True,True,0,0,2.291072077320445,measured,7.78806101011765,False,4.498982498500929
wood,1.0,0.0,0.0,8.0,0.0,False,0.0,3.0,0.0,6.0,0.0,0.0,0.0,0.0,True,True,True,False,plastic_part_8,,63009,True,True,0,0,2.7117743407744843,measured,8.200877630586831,True,4.4674002540642075
wood,1.0,0.0,0.0,8.0,0.0,False,0.0,3.0,0.0,6.0,0.0,0.0,0.0,0.0,True,True,True,False,floor_colored_12,,63010,True,True,0,0,0.6442103199463176,measured,11.37156078525978,False,5.717339732946222
wood,1.0,0.0,0.0,8.0,0.0,False,0.0,3.0,0.0,6.0,0.0,0.0,0.0,0.0,True,True,True,False,,empty,63011,False,False,0,0,,,,False,
wood,1.0,0.0,0.0,8.0,0.0,False,0.0,3.0,0.0,6.0,0.0,0.0,0.0,0.0,True,True,True,False,,stain,63012,False,False,0,0,,,,False,
wood,1.0,0.0,0.0,8.0,0.0,False,0.0,3.0,0.0,6.0,0.0,0.0,0.0,0.0,True,True,True,False,,seam,63013,False,False,0,0,,,,False,
wood,1.0,0.0,0.0,8.0,0.0,False,0.0,3.0,0.0,6.0,0.0,0.0,0.0,0.0,True,True,True,False,coin_1yen,,63014,True,True,0,0,1.440754986800556,measured,18.345873759153626,False,9.996414154154388
wood,1.0,0.0,0.0,8.0,0.0,False,0.0,3.0,0.0,6.0,0.0,0.0,0.0,0.0,True,True,True,False,coin_10yen,,63015,True,True,0,0,0.7259372676196509,measured,23.19958709134997,False,17.21123966654478
wood,1.0,0.0,0.0,8.0,0.0,False,0.0,3.0,0.0,6.0,0.0,0.0,0.0,0.0,True,True,True,False,button_cr2032,,63016,True,True,0,0,,specular_break,18.517048304910812,True,9.990822518394719
wood,1.0,0.0,0.0,8.0,0.0,False,0.0,3.0,0.0,6.0,0.0,0.0,0.0,0.0,True,True,True,False,button_lr44,,63017,True,True,0,0,,specular_break,11.368638400613259,True,5.74834958345657
wood,1.0,0.0,0.0,8.0,0.0,False,0.0,3.0,0.0,6.0,0.0,0.0,0.0,0.0,True,True,True,False,bead_6,,63018,True,True,0,0,,specular_break,6.88674951342606,True,18.911110991660976
wood,1.0,0.0,0.0,8.0,0.0,False,0.0,3.0,0.0,6.0,0.0,0.0,0.0,0.0,True,True,True,False,bead_10_dark,,63019,True,True,0,0,,specular_break,12.645596608728765,True,5.436072768077278
wood,1.0,0.0,0.0,8.0,0.0,False,0.0,3.0,0.0,6.0,0.0,0.0,0.0,0.0,True,True,True,False,magnet_disc_10x3,,63020,True,True,0,0,,specular_break,9.604002914319684,True,2.7748791551985263
wood,1.0,0.0,0.0,8.0,0.0,False,0.0,3.0,0.0,6.0,0.0,0.0,0.0,0.0,True,True,True,False,magnet_ball_5,,63021,True,True,0,0,,specular_break,4.57045145475603,True,9.663071271092274
wood,1.0,0.0,0.0,8.0,0.0,False,0.0,3.0,0.0,6.0,0.0,0.0,0.0,0.0,True,True,True,False,pill_8,,63022,True,True,0,0,2.379960713282893,measured,7.90975540789172,False,3.7876238813754455
wood,1.0,0.0,0.0,8.0,0.0,False,0.0,3.0,0.0,6.0,0.0,0.0,0.0,0.0,True,True,True,False,plastic_part_8,,63023,True,True,0,0,2.763712273469853,measured,8.122523934460451,True,4.276210840474938
wood,1.0,0.0,0.0,8.0,0.0,False,0.0,3.0,0.0,6.0,0.0,0.0,0.0,0.0,True,True,True,False,floor_colored_12,,63024,True,True,0,0,1.3915371948607191,measured,11.323798064469063,False,4.4837244213623535
wood,1.0,0.0,0.0,8.0,0.0,False,0.0,3.0,0.0,6.0,0.0,0.0,0.0,0.0,True,True,True,False,,empty,63025,False,False,0,0,,,,False,
wood,1.0,0.0,0.0,8.0,0.0,False,0.0,3.0,0.0,6.0,0.0,0.0,0.0,0.0,True,True,True,False,,stain,63026,False,False,0,0,,,,False,
wood,1.0,0.0,0.0,8.0,0.0,False,0.0,3.0,0.0,6.0,0.0,0.0,0.0,0.0,True,True,True,False,,seam,63027,False,False,0,0,,,,False,
wood,1.0,0.0,0.0,8.0,0.0,False,0.0,3.0,0.0,6.0,0.0,0.0,0.0,0.0,True,True,True,False,coin_1yen,,63028,True,True,0,0,1.4432727920057893,measured,18.454728851341912,False,9.975850240806805
wood,1.0,0.0,0.0,8.0,0.0,False,0.0,3.0,0.0,6.0,0.0,0.0,0.0,0.0,True,True,True,False,coin_10yen,,63029,True,True,0,0,0.7120854900898301,measured,23.376551363932748,False,19.706312656961643
wood,1.0,0.0,0.0,8.0,0.0,False,0.0,3.0,0.0,6.0,0.0,0.0,0.0,0.0,True,True,True,False,button_cr2032,,63030,True,True,0,0,,specular_break,18.260667798358263,True,9.942142865090164
wood,1.0,0.0,0.0,8.0,0.0,False,0.0,3.0,0.0,6.0,0.0,0.0,0.0,0.0,True,True,True,False,button_lr44,,63031,True,True,0,0,,specular_break,11.310906266545945,True,5.658640348282647
wood,1.0,0.0,0.0,8.0,0.0,False,0.0,3.0,0.0,6.0,0.0,0.0,0.0,0.0,True,True,True,False,bead_6,,63032,True,True,0,0,,specular_break,6.82029707624819,True,16.934282563905416
wood,1.0,0.0,0.0,8.0,0.0,False,0.0,3.0,0.0,6.0,0.0,0.0,0.0,0.0,True,True,True,False,bead_10_dark,,63033,True,True,0,0,,specular_break,12.31937580898659,True,5.5703703396134285
wood,1.0,0.0,0.0,8.0,0.0,False,0.0,3.0,0.0,6.0,0.0,0.0,0.0,0.0,True,True,True,False,magnet_disc_10x3,,63034,True,True,0,0,,specular_break,9.853949473177993,True,2.744655064735118
wood,1.0,0.0,0.0,8.0,0.0,False,0.0,3.0,0.0,6.0,0.0,0.0,0.0,0.0,True,True,True,False,magnet_ball_5,,63035,True,True,0,0,,specular_break,4.918617891988468,True,1.649301739361199
wood,1.0,0.0,0.0,8.0,0.0,False,0.0,3.0,0.0,6.0,0.0,0.0,0.0,0.0,True,True,True,False,pill_8,,63036,True,True,0,0,2.497045421900552,measured,7.878151546865437,False,3.8372733004266406
wood,1.0,0.0,0.0,8.0,0.0,False,0.0,3.0,0.0,6.0,0.0,0.0,0.0,0.0,True,True,True,False,plastic_part_8,,63037,True,True,0,0,2.8313989237861144,measured,7.717390978323607,True,4.104183247822741
wood,1.0,0.0,0.0,8.0,0.0,False,0.0,3.0,0.0,6.0,0.0,0.0,0.0,0.0,True,True,True,False,floor_colored_12,,63038,True,True,0,0,0.4454131433899615,measured,11.549576074895349,False,4.235979367169321
wood,1.0,0.0,0.0,8.0,0.0,False,0.0,3.0,0.0,6.0,0.0,0.0,0.0,0.0,True,True,True,False,,empty,63039,False,False,0,0,,,,False,
wood,1.0,0.0,0.0,8.0,0.0,False,0.0,3.0,0.0,6.0,0.0,0.0,0.0,0.0,True,True,True,False,,stain,63040,False,False,0,0,,,,False,
wood,1.0,0.0,0.0,8.0,0.0,False,0.0,3.0,0.0,6.0,0.0,0.0,0.0,0.0,True,True,True,False,,seam,63041,False,False,0,0,,,,False,
wood,1.0,0.0,0.0,8.0,0.0,False,0.0,3.0,0.0,6.0,0.0,0.0,0.0,0.0,False,True,True,False,coin_1yen,,64000,True,True,0,0,1.4423602918714096,measured,18.343821938866178,False,10.195935722164542
wood,1.0,0.0,0.0,8.0,0.0,False,0.0,3.0,0.0,6.0,0.0,0.0,0.0,0.0,False,True,True,False,coin_10yen,,64001,True,True,0,0,0.7111444487026191,measured,17.13353354336798,False,18.683112851399176
wood,1.0,0.0,0.0,8.0,0.0,False,0.0,3.0,0.0,6.0,0.0,0.0,0.0,0.0,False,True,True,False,button_cr2032,,64002,True,True,0,0,,specular_break,18.246225516244653,True,9.884746068854719
wood,1.0,0.0,0.0,8.0,0.0,False,0.0,3.0,0.0,6.0,0.0,0.0,0.0,0.0,False,True,True,False,button_lr44,,64003,True,True,0,0,,specular_break,11.209152705817251,True,5.954266083153839
wood,1.0,0.0,0.0,8.0,0.0,False,0.0,3.0,0.0,6.0,0.0,0.0,0.0,0.0,False,True,True,False,bead_6,,64004,True,True,0,0,,specular_break,6.775158783863209,True,18.67172615595969
wood,1.0,0.0,0.0,8.0,0.0,False,0.0,3.0,0.0,6.0,0.0,0.0,0.0,0.0,False,True,True,False,bead_10_dark,,64005,True,True,0,0,,specular_break,12.637374523903334,True,5.3761689926208085
wood,1.0,0.0,0.0,8.0,0.0,False,0.0,3.0,0.0,6.0,0.0,0.0,0.0,0.0,False,True,True,False,magnet_disc_10x3,,64006,True,True,0,0,,specular_break,9.641158156644874,True,3.4766037293505403
wood,1.0,0.0,0.0,8.0,0.0,False,0.0,3.0,0.0,6.0,0.0,0.0,0.0,0.0,False,True,True,False,magnet_ball_5,,64007,True,True,0,0,,specular_break,4.965006949679234,True,1.7335355365261804
wood,1.0,0.0,0.0,8.0,0.0,False,0.0,3.0,0.0,6.0,0.0,0.0,0.0,0.0,False,True,True,False,pill_8,,64008,True,True,0,0,2.4750503091383536,measured,7.813539367995007,False,4.0215087428312835
wood,1.0,0.0,0.0,8.0,0.0,False,0.0,3.0,0.0,6.0,0.0,0.0,0.0,0.0,False,True,True,False,plastic_part_8,,64009,True,True,0,0,2.8371580198860737,measured,8.00552597824828,True,4.180751380047392
wood,1.0,0.0,0.0,8.0,0.0,False,0.0,3.0,0.0,6.0,0.0,0.0,0.0,0.0,False,True,True,False,floor_colored_12,,64010,True,True,0,0,0.5916452795098159,measured,11.497957731140163,False,5.911124314739538
wood,1.0,0.0,0.0,8.0,0.0,False,0.0,3.0,0.0,6.0,0.0,0.0,0.0,0.0,False,True,True,False,,empty,64011,False,False,0,0,,,,False,
wood,1.0,0.0,0.0,8.0,0.0,False,0.0,3.0,0.0,6.0,0.0,0.0,0.0,0.0,False,True,True,False,,stain,64012,False,False,0,0,,,,False,
wood,1.0,0.0,0.0,8.0,0.0,False,0.0,3.0,0.0,6.0,0.0,0.0,0.0,0.0,False,True,True,False,,seam,64013,False,False,1,1,,,,False,
wood,1.0,0.0,0.0,8.0,0.0,False,0.0,3.0,0.0,6.0,0.0,0.0,0.0,0.0,False,True,True,False,coin_1yen,,64014,True,True,0,0,1.4319481879247604,measured,18.490652348622213,False,10.002988836252378
wood,1.0,0.0,0.0,8.0,0.0,False,0.0,3.0,0.0,6.0,0.0,0.0,0.0,0.0,False,True,True,False,coin_10yen,,64015,True,True,0,0,0.7233727198828284,measured,17.11899657135607,False,17.63622969245934
wood,1.0,0.0,0.0,8.0,0.0,False,0.0,3.0,0.0,6.0,0.0,0.0,0.0,0.0,False,True,True,False,button_cr2032,,64016,True,True,0,0,,specular_break,18.526048520860567,True,9.708873768555616
wood,1.0,0.0,0.0,8.0,0.0,False,0.0,3.0,0.0,6.0,0.0,0.0,0.0,0.0,False,True,True,False,button_lr44,,64017,True,True,0,0,,specular_break,11.397280513012047,True,6.186826017064105
wood,1.0,0.0,0.0,8.0,0.0,False,0.0,3.0,0.0,6.0,0.0,0.0,0.0,0.0,False,True,True,False,bead_6,,64018,True,True,0,0,,specular_break,7.13613427737463,True,10.179998868151642
wood,1.0,0.0,0.0,8.0,0.0,False,0.0,3.0,0.0,6.0,0.0,0.0,0.0,0.0,False,True,True,False,bead_10_dark,,64019,True,True,0,0,,specular_break,12.512589885413105,True,5.377274091708166
wood,1.0,0.0,0.0,8.0,0.0,False,0.0,3.0,0.0,6.0,0.0,0.0,0.0,0.0,False,True,True,False,magnet_disc_10x3,,64020,True,True,0,0,,specular_break,9.849593859860072,True,3.4243431553774855
wood,1.0,0.0,0.0,8.0,0.0,False,0.0,3.0,0.0,6.0,0.0,0.0,0.0,0.0,False,True,True,False,magnet_ball_5,,64021,True,True,0,0,,specular_break,5.180535710010694,True,1.2349813057016321
wood,1.0,0.0,0.0,8.0,0.0,False,0.0,3.0,0.0,6.0,0.0,0.0,0.0,0.0,False,True,True,False,pill_8,,64022,True,True,0,0,2.3469318640745573,measured,7.956388098207719,False,4.072190506183693
wood,1.0,0.0,0.0,8.0,0.0,False,0.0,3.0,0.0,6.0,0.0,0.0,0.0,0.0,False,True,True,False,plastic_part_8,,64023,True,True,0,0,2.784406553424276,measured,8.245847680887792,True,4.026782471104652
wood,1.0,0.0,0.0,8.0,0.0,False,0.0,3.0,0.0,6.0,0.0,0.0,0.0,0.0,False,True,True,False,floor_colored_12,,64024,True,True,0,0,0.4921758129855416,measured,11.452599157965805,False,5.162870587856659
wood,1.0,0.0,0.0,8.0,0.0,False,0.0,3.0,0.0,6.0,0.0,0.0,0.0,0.0,False,True,True,False,,empty,64025,False,False,0,0,,,,False,
wood,1.0,0.0,0.0,8.0,0.0,False,0.0,3.0,0.0,6.0,0.0,0.0,0.0,0.0,False,True,True,False,,stain,64026,False,False,0,0,,,,False,
wood,1.0,0.0,0.0,8.0,0.0,False,0.0,3.0,0.0,6.0,0.0,0.0,0.0,0.0,False,True,True,False,,seam,64027,False,False,0,0,,,,False,
wood,1.0,0.0,0.0,8.0,0.0,False,0.0,3.0,0.0,6.0,0.0,0.0,0.0,0.0,False,True,True,False,coin_1yen,,64028,True,True,0,0,1.4561156644185917,measured,18.503262987030496,False,9.980158586803912
wood,1.0,0.0,0.0,8.0,0.0,False,0.0,3.0,0.0,6.0,0.0,0.0,0.0,0.0,False,True,True,False,coin_10yen,,64029,True,True,0,0,0.5667140789093601,measured,17.1475505283054,False,21.079066494391615
wood,1.0,0.0,0.0,8.0,0.0,False,0.0,3.0,0.0,6.0,0.0,0.0,0.0,0.0,False,True,True,False,button_cr2032,,64030,True,True,0,0,,specular_break,18.483274417419306,True,9.946144666162278
wood,1.0,0.0,0.0,8.0,0.0,False,0.0,3.0,0.0,6.0,0.0,0.0,0.0,0.0,False,True,True,False,button_lr44,,64031,True,True,0,0,0.6697604460359834,measured,11.433286394350564,True,6.173004743586157
wood,1.0,0.0,0.0,8.0,0.0,False,0.0,3.0,0.0,6.0,0.0,0.0,0.0,0.0,False,True,True,False,bead_6,,64032,True,True,0,0,,specular_break,6.391539971929935,True,20.667911389743498
wood,1.0,0.0,0.0,8.0,0.0,False,0.0,3.0,0.0,6.0,0.0,0.0,0.0,0.0,False,True,True,False,bead_10_dark,,64033,True,True,0,0,,specular_break,12.273931115154687,True,5.526764831043408
wood,1.0,0.0,0.0,8.0,0.0,False,0.0,3.0,0.0,6.0,0.0,0.0,0.0,0.0,False,True,True,False,magnet_disc_10x3,,64034,True,True,0,0,,specular_break,9.816141110860553,True,3.030121379171228
wood,1.0,0.0,0.0,8.0,0.0,False,0.0,3.0,0.0,6.0,0.0,0.0,0.0,0.0,False,True,True,False,magnet_ball_5,,64035,True,True,0,0,,specular_break,5.148898361124318,True,1.6444028050079469
wood,1.0,0.0,0.0,8.0,0.0,False,0.0,3.0,0.0,6.0,0.0,0.0,0.0,0.0,False,True,True,False,pill_8,,64036,True,True,0,0,2.339577751174076,measured,8.0754596044409,False,3.837450491785377
wood,1.0,0.0,0.0,8.0,0.0,False,0.0,3.0,0.0,6.0,0.0,0.0,0.0,0.0,False,True,True,False,plastic_part_8,,64037,True,True,0,0,2.772561912187731,measured,7.951399437027602,True,4.171410129084815
wood,1.0,0.0,0.0,8.0,0.0,False,0.0,3.0,0.0,6.0,0.0,0.0,0.0,0.0,False,True,True,False,floor_colored_12,,64038,True,True,0,0,0.5317394886577276,measured,11.495014204796226,False,5.389477051922133
wood,1.0,0.0,0.0,8.0,0.0,False,0.0,3.0,0.0,6.0,0.0,0.0,0.0,0.0,False,True,True,False,,empty,64039,False,False,0,0,,,,False,
wood,1.0,0.0,0.0,8.0,0.0,False,0.0,3.0,0.0,6.0,0.0,0.0,0.0,0.0,False,True,True,False,,stain,64040,False,False,0,0,,,,False,
wood,1.0,0.0,0.0,8.0,0.0,False,0.0,3.0,0.0,6.0,0.0,0.0,0.0,0.0,False,True,True,False,,seam,64041,False,False,0,0,,,,False,
wood,1.0,0.0,0.0,8.0,0.0,False,0.0,3.0,0.0,6.0,0.0,0.0,0.0,0.0,False,False,True,False,coin_1yen,,65000,True,True,0,0,1.4540659256979307,measured,18.535768235989963,False,7.517253238167997
wood,1.0,0.0,0.0,8.0,0.0,False,0.0,3.0,0.0,6.0,0.0,0.0,0.0,0.0,False,False,True,False,coin_10yen,,65001,True,True,0,0,0.5045631804670307,measured,17.225832986396544,False,19.9916011165717
wood,1.0,0.0,0.0,8.0,0.0,False,0.0,3.0,0.0,6.0,0.0,0.0,0.0,0.0,False,False,True,False,button_cr2032,,65002,True,True,0,0,,specular_break,20.590527275900786,True,0.5021932167357925
wood,1.0,0.0,0.0,8.0,0.0,False,0.0,3.0,0.0,6.0,0.0,0.0,0.0,0.0,False,False,True,False,button_lr44,,65003,True,True,1,1,,specular_break,13.489435611675374,True,11.940141653305236
wood,1.0,0.0,0.0,8.0,0.0,False,0.0,3.0,0.0,6.0,0.0,0.0,0.0,0.0,False,False,True,False,bead_6,,65004,True,True,1,1,0.0012167062538921414,measured,5.423055844098522,False,7.5597383102228
wood,1.0,0.0,0.0,8.0,0.0,False,0.0,3.0,0.0,6.0,0.0,0.0,0.0,0.0,False,False,True,False,bead_10_dark,,65005,True,True,1,1,-0.0005410819194722194,measured,8.552410079230983,False,9.403996524817442
wood,1.0,0.0,0.0,8.0,0.0,False,0.0,3.0,0.0,6.0,0.0,0.0,0.0,0.0,False,False,True,False,magnet_disc_10x3,,65006,True,True,0,0,,specular_break,8.674728527802436,True,1.559445275136553
wood,1.0,0.0,0.0,8.0,0.0,False,0.0,3.0,0.0,6.0,0.0,0.0,0.0,0.0,False,False,True,False,magnet_ball_5,,65007,True,True,1,1,-0.0008180239855413163,measured,4.630626327871764,False,4.087734310672454
wood,1.0,0.0,0.0,8.0,0.0,False,0.0,3.0,0.0,6.0,0.0,0.0,0.0,0.0,False,False,True,False,pill_8,,65008,True,True,0,0,0.0014765920917465536,measured,7.293645323437475,False,8.362100403406979
wood,1.0,0.0,0.0,8.0,0.0,False,0.0,3.0,0.0,6.0,0.0,0.0,0.0,0.0,False,False,True,False,plastic_part_8,,65009,True,True,1,1,,specular_break,7.19725440101982,True,8.024098313522778
wood,1.0,0.0,0.0,8.0,0.0,False,0.0,3.0,0.0,6.0,0.0,0.0,0.0,0.0,False,False,True,False,floor_colored_12,,65010,True,True,0,0,2.1371602624816006,measured,10.113515606625588,False,2.921345348151171
wood,1.0,0.0,0.0,8.0,0.0,False,0.0,3.0,0.0,6.0,0.0,0.0,0.0,0.0,False,False,True,False,,empty,65011,False,False,0,0,,,,False,
wood,1.0,0.0,0.0,8.0,0.0,False,0.0,3.0,0.0,6.0,0.0,0.0,0.0,0.0,False,False,True,False,,stain,65012,False,False,0,0,,,,False,
wood,1.0,0.0,0.0,8.0,0.0,False,0.0,3.0,0.0,6.0,0.0,0.0,0.0,0.0,False,False,True,False,,seam,65013,False,False,0,0,,,,False,
wood,1.0,0.0,0.0,8.0,0.0,False,0.0,3.0,0.0,6.0,0.0,0.0,0.0,0.0,False,False,True,False,coin_1yen,,65014,True,True,0,0,1.4690972666820894,measured,18.704975290463175,False,7.287629567958394
wood,1.0,0.0,0.0,8.0,0.0,False,0.0,3.0,0.0,6.0,0.0,0.0,0.0,0.0,False,False,True,False,coin_10yen,,65015,True,True,0,0,0.739754660821081,measured,17.159261588378143,False,16.92729113794134
wood,1.0,0.0,0.0,8.0,0.0,False,0.0,3.0,0.0,6.0,0.0,0.0,0.0,0.0,False,False,True,False,button_cr2032,,65016,True,True,0,0,,specular_break,20.072494123920343,True,2.9312445255616724
wood,1.0,0.0,0.0,8.0,0.0,False,0.0,3.0,0.0,6.0,0.0,0.0,0.0,0.0,False,False,True,False,button_lr44,,65017,True,True,1,1,,specular_break,13.433957031491545,True,8.198155092474241
wood,1.0,0.0,0.0,8.0,0.0,False,0.0,3.0,0.0,6.0,0.0,0.0,0.0,0.0,False,False,True,False,bead_6,,65018,True,True,1,1,-0.0006223523995529945,measured,5.401613492827449,False,5.643963545356412
wood,1.0,0.0,0.0,8.0,0.0,False,0.0,3.0,0.0,6.0,0.0,0.0,0.0,0.0,False,False,True,False,bead_10_dark,,65019,True,True,1,1,0.0012760265093625378,measured,8.629278382005769,False,11.721140561751886
wood,1.0,0.0,0.0,8.0,0.0,False,0.0,3.0,0.0,6.0,0.0,0.0,0.0,0.0,False,False,True,False,magnet_disc_10x3,,65020,True,True,0,0,,specular_break,9.921105811277592,True,3.111245290888659
wood,1.0,0.0,0.0,8.0,0.0,False,0.0,3.0,0.0,6.0,0.0,0.0,0.0,0.0,False,False,True,False,magnet_ball_5,,65021,True,True,1,1,0.00020811370236017979,measured,4.619462788276172,False,4.640130321698254
wood,1.0,0.0,0.0,8.0,0.0,False,0.0,3.0,0.0,6.0,0.0,0.0,0.0,0.0,False,False,True,False,pill_8,,65022,True,True,0,0,,specular_break,7.524733549570703,True,8.962791342494205
wood,1.0,0.0,0.0,8.0,0.0,False,0.0,3.0,0.0,6.0,0.0,0.0,0.0,0.0,False,False,True,False,plastic_part_8,,65023,True,True,1,1,-0.000984499863841748,measured,7.157932342483815,False,8.414305783928459
wood,1.0,0.0,0.0,8.0,0.0,False,0.0,3.0,0.0,6.0,0.0,0.0,0.0,0.0,False,False,True,False,floor_colored_12,,65024,True,True,0,0,2.588855049503053,measured,10.134465787057534,False,3.921330038197255
wood,1.0,0.0,0.0,8.0,0.0,False,0.0,3.0,0.0,6.0,0.0,0.0,0.0,0.0,False,False,True,False,,empty,65025,False,False,0,0,,,,False,
wood,1.0,0.0,0.0,8.0,0.0,False,0.0,3.0,0.0,6.0,0.0,0.0,0.0,0.0,False,False,True,False,,stain,65026,False,False,0,0,,,,False,
wood,1.0,0.0,0.0,8.0,0.0,False,0.0,3.0,0.0,6.0,0.0,0.0,0.0,0.0,False,False,True,False,,seam,65027,False,False,0,0,,,,False,
wood,1.0,0.0,0.0,8.0,0.0,False,0.0,3.0,0.0,6.0,0.0,0.0,0.0,0.0,False,False,True,False,coin_1yen,,65028,True,True,0,0,1.4807576259189474,measured,19.127086291103492,False,6.479087941777748
wood,1.0,0.0,0.0,8.0,0.0,False,0.0,3.0,0.0,6.0,0.0,0.0,0.0,0.0,False,False,True,False,coin_10yen,,65029,True,True,0,0,0.7356501538771294,measured,17.282459820269306,False,15.21691360663411
wood,1.0,0.0,0.0,8.0,0.0,False,0.0,3.0,0.0,6.0,0.0,0.0,0.0,0.0,False,False,True,False,button_cr2032,,65030,True,True,0,0,,specular_break,20.142516611253303,True,1.8194309965731927
wood,1.0,0.0,0.0,8.0,0.0,False,0.0,3.0,0.0,6.0,0.0,0.0,0.0,0.0,False,False,True,False,button_lr44,,65031,True,True,1,1,,specular_break,13.467662463829557,True,11.085458212829273
wood,1.0,0.0,0.0,8.0,0.0,False,0.0,3.0,0.0,6.0,0.0,0.0,0.0,0.0,False,False,True,False,bead_6,,65032,True,True,1,1,0.0018256835454604214,measured,5.3714731803217575,False,5.143088162667534
wood,1.0,0.0,0.0,8.0,0.0,False,0.0,3.0,0.0,6.0,0.0,0.0,0.0,0.0,False,False,True,False,bead_10_dark,,65033,True,True,1,1,,specular_break,14.236151755979577,True,22.53134147176921
wood,1.0,0.0,0.0,8.0,0.0,False,0.0,3.0,0.0,6.0,0.0,0.0,0.0,0.0,False,False,True,False,magnet_disc_10x3,,65034,True,True,0,0,,specular_break,9.813245565212544,True,4.822571947392957
wood,1.0,0.0,0.0,8.0,0.0,False,0.0,3.0,0.0,6.0,0.0,0.0,0.0,0.0,False,False,True,False,magnet_ball_5,,65035,True,True,1,1,-1.582235922192865e-05,measured,4.634439406492952,False,4.792817982199931
wood,1.0,0.0,0.0,8.0,0.0,False,0.0,3.0,0.0,6.0,0.0,0.0,0.0,0.0,False,False,True,False,pill_8,,65036,True,True,0,0,2.7732854453113553,measured,8.991368142497036,True,5.373883952878045
wood,1.0,0.0,0.0,8.0,0.0,False,0.0,3.0,0.0,6.0,0.0,0.0,0.0,0.0,False,False,True,False,plastic_part_8,,65037,True,True,1,1,-0.00018787862984837034,measured,7.1402217893919175,False,9.138480111971285
wood,1.0,0.0,0.0,8.0,0.0,False,0.0,3.0,0.0,6.0,0.0,0.0,0.0,0.0,False,False,True,False,floor_colored_12,,65038,True,True,0,0,0.7969411187120876,measured,10.152635010052318,False,4.895289501030887
wood,1.0,0.0,0.0,8.0,0.0,False,0.0,3.0,0.0,6.0,0.0,0.0,0.0,0.0,False,False,True,False,,empty,65039,False,False,0,0,,,,False,
wood,1.0,0.0,0.0,8.0,0.0,False,0.0,3.0,0.0,6.0,0.0,0.0,0.0,0.0,False,False,True,False,,stain,65040,False,False,0,0,,,,False,
wood,1.0,0.0,0.0,8.0,0.0,False,0.0,3.0,0.0,6.0,0.0,0.0,0.0,0.0,False,False,True,False,,seam,65041,False,False,0,0,,,,False,
wood,1.0,0.0,0.0,8.0,0.0,False,0.0,3.0,0.0,6.0,0.0,0.0,0.0,0.0,False,True,True,False,coin_1yen,,66000,True,True,0,0,1.4567898443275453,measured,18.155545944461675,False,9.80582565934961
wood,1.0,0.0,0.0,8.0,0.0,False,0.0,3.0,0.0,6.0,0.0,0.0,0.0,0.0,False,True,True,False,coin_10yen,,66001,True,True,0,0,0.732335832174428,measured,17.211787448086213,False,17.015301246665178
wood,1.0,0.0,0.0,8.0,0.0,False,0.0,3.0,0.0,6.0,0.0,0.0,0.0,0.0,False,True,True,False,button_cr2032,,66002,True,True,0,0,,specular_break,18.56576899305245,True,9.990874405735617
wood,1.0,0.0,0.0,8.0,0.0,False,0.0,3.0,0.0,6.0,0.0,0.0,0.0,0.0,False,True,True,False,button_lr44,,66003,True,True,0,0,,specular_break,11.52791274462276,True,5.621484667002096
wood,1.0,0.0,0.0,8.0,0.0,False,0.0,3.0,0.0,6.0,0.0,0.0,0.0,0.0,False,True,True,False,bead_6,,66004,True,True,0,0,,specular_break,7.123052215526009,True,13.352923802391816
wood,1.0,0.0,0.0,8.0,0.0,False,0.0,3.0,0.0,6.0,0.0,0.0,0.0,0.0,False,True,True,False,bead_10_dark,,66005,True,True,0,0,,specular_break,12.842435207936255,True,5.40090143696917
wood,1.0,0.0,0.0,8.0,0.0,False,0.0,3.0,0.0,6.0,0.0,0.0,0.0,0.0,False,True,True,False,magnet_disc_10x3,,66006,True,True,0,0,,specular_break,9.920481926557615,True,2.995660108161516
wood,1.0,0.0,0.0,8.0,0.0,False,0.0,3.0,0.0,6.0,0.0,0.0,0.0,0.0,False,True,True,False,magnet_ball_5,,66007,True,True,0,0,,specular_break,5.14649155407454,True,1.6556868882904243
wood,1.0,0.0,0.0,8.0,0.0,False,0.0,3.0,0.0,6.0,0.0,0.0,0.0,0.0,False,True,True,False,pill_8,,66008,True,True,0,0,2.4896892451355086,measured,7.962967760067198,False,3.8524163610958864
wood,1.0,0.0,0.0,8.0,0.0,False,0.0,3.0,0.0,6.0,0.0,0.0,0.0,0.0,False,True,True,False,plastic_part_8,,66009,True,True,0,0,2.7745728082657166,measured,7.869923553100736,True,4.085423105099815
wood,1.0,0.0,0.0,8.0,0.0,False,0.0,3.0,0.0,6.0,0.0,0.0,0.0,0.0,False,True,True,False,floor_colored_12,,66010,True,True,0,0,0.49204885936254783,measured,11.543594194693755,False,4.885452832055692
wood,1.0,0.0,0.0,8.0,0.0,False,0.0,3.0,0.0,6.0,0.0,0.0,0.0,0.0,False,True,True,False,,empty,66011,False,False,0,0,,,,False,
wood,1.0,0.0,0.0,8.0,0.0,False,0.0,3.0,0.0,6.0,0.0,0.0,0.0,0.0,False,True,True,False,,stain,66012,False,False,0,0,,,,False,
wood,1.0,0.0,0.0,8.0,0.0,False,0.0,3.0,0.0,6.0,0.0,0.0,0.0,0.0,False,True,True,False,,seam,66013,False,False,0,0,,,,False,
wood,1.0,0.0,0.0,8.0,0.0,False,0.0,3.0,0.0,6.0,0.0,0.0,0.0,0.0,False,True,True,False,coin_1yen,,66014,True,True,0,0,1.4898178751879367,measured,17.839140310501836,False,9.847054603390795
wood,1.0,0.0,0.0,8.0,0.0,False,0.0,3.0,0.0,6.0,0.0,0.0,0.0,0.0,False,True,True,False,coin_10yen,,66015,True,True,0,0,0.734230496208438,measured,17.229345589547137,False,17.699044585403357
wood,1.0,0.0,0.0,8.0,0.0,False,0.0,3.0,0.0,6.0,0.0,0.0,0.0,0.0,False,True,True,False,button_cr2032,,66016,True,True,0,0,0.5198260654119391,measured,18.63399073892161,True,10.442139033194431
wood,1.0,0.0,0.0,8.0,0.0,False,0.0,3.0,0.0,6.0,0.0,0.0,0.0,0.0,False,True,True,False,button_lr44,,66017,True,True,0,0,0.8817239255631151,measured,11.322053598212442,True,6.054490384054815
wood,1.0,0.0,0.0,8.0,0.0,False,0.0,3.0,0.0,6.0,0.0,0.0,0.0,0.0,False,True,True,False,bead_6,,66018,True,True,0,0,1.8575387402313837,measured,6.3607540594379195,True,3.6991559099117155
wood,1.0,0.0,0.0,8.0,0.0,False,0.0,3.0,0.0,6.0,0.0,0.0,0.0,0.0,False,True,True,False,bead_10_dark,,66019,True,True,0,0,,specular_break,12.532041514209936,True,5.397817446260575
wood,1.0,0.0,0.0,8.0,0.0,False,0.0,3.0,0.0,6.0,0.0,0.0,0.0,0.0,False,True,True,False,magnet_disc_10x3,,66020,True,True,0,0,,specular_break,9.732516151193243,True,2.898220501763251
wood,1.0,0.0,0.0,8.0,0.0,False,0.0,3.0,0.0,6.0,0.0,0.0,0.0,0.0,False,True,True,False,magnet_ball_5,,66021,True,True,0,0,,specular_break,4.688088733554334,True,10.863914378872535
wood,1.0,0.0,0.0,8.0,0.0,False,0.0,3.0,0.0,6.0,0.0,0.0,0.0,0.0,False,True,True,False,pill_8,,66022,True,True,0,0,2.3538533645571356,measured,7.99792737168566,False,3.6520951625342923
wood,1.0,0.0,0.0,8.0,0.0,False,0.0,3.0,0.0,6.0,0.0,0.0,0.0,0.0,False,True,True,False,plastic_part_8,,66023,True,True,0,0,2.9242300517370126,measured,7.880295946315735,True,4.043771904570136
wood,1.0,0.0,0.0,8.0,0.0,False,0.0,3.0,0.0,6.0,0.0,0.0,0.0,0.0,False,True,True,False,floor_colored_12,,66024,True,True,0,0,0.7256715844369879,measured,11.278658255818625,False,5.752295024101046
wood,1.0,0.0,0.0,8.0,0.0,False,0.0,3.0,0.0,6.0,0.0,0.0,0.0,0.0,False,True,True,False,,empty,66025,False,False,0,0,,,,False,
wood,1.0,0.0,0.0,8.0,0.0,False,0.0,3.0,0.0,6.0,0.0,0.0,0.0,0.0,False,True,True,False,,stain,66026,False,False,0,0,,,,False,
wood,1.0,0.0,0.0,8.0,0.0,False,0.0,3.0,0.0,6.0,0.0,0.0,0.0,0.0,False,True,True,False,,seam,66027,False,False,0,0,,,,False,
wood,1.0,0.0,0.0,8.0,0.0,False,0.0,3.0,0.0,6.0,0.0,0.0,0.0,0.0,False,True,True,False,coin_1yen,,66028,True,True,0,0,1.4983532022263102,measured,17.747175619952234,False,9.876088014864767
wood,1.0,0.0,0.0,8.0,0.0,False,0.0,3.0,0.0,6.0,0.0,0.0,0.0,0.0,False,True,True,False,coin_10yen,,66029,True,True,0,0,0.7054652133768808,measured,17.257930071577032,False,19.128090569546778
wood,1.0,0.0,0.0,8.0,0.0,False,0.0,3.0,0.0,6.0,0.0,0.0,0.0,0.0,False,True,True,False,button_cr2032,,66030,True,True,0,0,0.5593644469615917,measured,18.254210293234262,True,10.243476415279321
wood,1.0,0.0,0.0,8.0,0.0,False,0.0,3.0,0.0,6.0,0.0,0.0,0.0,0.0,False,True,True,False,button_lr44,,66031,True,True,0,0,,specular_break,11.242972169207707,True,6.00097347608944
wood,1.0,0.0,0.0,8.0,0.0,False,0.0,3.0,0.0,6.0,0.0,0.0,0.0,0.0,False,True,True,False,bead_6,,66032,True,True,0,0,,specular_break,6.3199288182601565,True,20.24057442783888
wood,1.0,0.0,0.0,8.0,0.0,False,0.0,3.0,0.0,6.0,0.0,0.0,0.0,0.0,False,True,True,False,bead_10_dark,,66033,True,True,0,0,,specular_break,12.594807059638189,True,5.245604225682287
wood,1.0,0.0,0.0,8.0,0.0,False,0.0,3.0,0.0,6.0,0.0,0.0,0.0,0.0,False,True,True,False,magnet_disc_10x3,,66034,True,True,0,0,,specular_break,9.532240426212867,True,1.2991726665448362
wood,1.0,0.0,0.0,8.0,0.0,False,0.0,3.0,0.0,6.0,0.0,0.0,0.0,0.0,False,True,True,False,magnet_ball_5,,66035,True,True,0,0,,specular_break,5.498673672493985,True,0.5181101662218903
wood,1.0,0.0,0.0,8.0,0.0,False,0.0,3.0,0.0,6.0,0.0,0.0,0.0,0.0,False,True,True,False,pill_8,,66036,True,True,0,0,2.4251315976674803,measured,8.033813999106487,False,4.12341412706611
wood,1.0,0.0,0.0,8.0,0.0,False,0.0,3.0,0.0,6.0,0.0,0.0,0.0,0.0,False,True,True,False,plastic_part_8,,66037,True,True,0,0,2.8505593495007577,measured,7.8252065011152085,True,4.08475227622047
wood,1.0,0.0,0.0,8.0,0.0,False,0.0,3.0,0.0,6.0,0.0,0.0,0.0,0.0,False,True,True,False,floor_colored_12,,66038,True,True,0,0,0.4572215216100144,measured,11.607490777717409,False,5.408055092614092
wood,1.0,0.0,0.0,8.0,0.0,False,0.0,3.0,0.0,6.0,0.0,0.0,0.0,0.0,False,True,True,False,,empty,66039,False,False,0,0,,,,False,
wood,1.0,0.0,0.0,8.0,0.0,False,0.0,3.0,0.0,6.0,0.0,0.0,0.0,0.0,False,True,True,False,,stain,66040,False,False,0,0,,,,False,
wood,1.0,0.0,0.0,8.0,0.0,False,0.0,3.0,0.0,6.0,0.0,0.0,0.0,0.0,False,True,True,False,,seam,66041,False,False,0,0,,,,False,
wood,1.0,0.0,0.0,8.0,0.0,False,0.0,3.0,0.0,6.0,0.0,0.0,0.0,0.0,False,True,True,True,coin_1yen,,67000,True,True,0,0,1.4683860074240798,measured,18.26099878740428,False,9.818994968011536
wood,1.0,0.0,0.0,8.0,0.0,False,0.0,3.0,0.0,6.0,0.0,0.0,0.0,0.0,False,True,True,True,coin_10yen,,67001,True,True,0,0,0.7191027807597052,measured,17.219724586697318,False,19.30029994175515
wood,1.0,0.0,0.0,8.0,0.0,False,0.0,3.0,0.0,6.0,0.0,0.0,0.0,0.0,False,True,True,True,button_cr2032,,67002,True,True,0,0,,specular_break,18.63182971951645,True,10.30461585266004
wood,1.0,0.0,0.0,8.0,0.0,False,0.0,3.0,0.0,6.0,0.0,0.0,0.0,0.0,False,True,True,True,button_lr44,,67003,True,True,0,0,,specular_break,11.488978459190815,True,5.586657505048617
wood,1.0,0.0,0.0,8.0,0.0,False,0.0,3.0,0.0,6.0,0.0,0.0,0.0,0.0,False,True,True,True,bead_6,,67004,True,True,0,0,1.7862347031383745,measured,6.643615047428401,True,5.2495459906657755
wood,1.0,0.0,0.0,8.0,0.0,False,0.0,3.0,0.0,6.0,0.0,0.0,0.0,0.0,False,True,True,True,bead_10_dark,,67005,True,True,0,0,,specular_break,12.566386095988085,True,5.552364496658171
wood,1.0,0.0,0.0,8.0,0.0,False,0.0,3.0,0.0,6.0,0.0,0.0,0.0,0.0,False,True,True,True,magnet_disc_10x3,,67006,True,True,0,0,,specular_break,9.98298394676576,True,2.4221888981720667
wood,1.0,0.0,0.0,8.0,0.0,False,0.0,3.0,0.0,6.0,0.0,0.0,0.0,0.0,False,True,True,True,magnet_ball_5,,67007,True,True,0,0,,specular_break,4.52773582905277,True,12.673356458877373
wood,1.0,0.0,0.0,8.0,0.0,False,0.0,3.0,0.0,6.0,0.0,0.0,0.0,0.0,False,True,True,True,pill_8,,67008,True,True,0,0,2.4452395963932005,measured,8.003188749999712,False,3.887753235371806
wood,1.0,0.0,0.0,8.0,0.0,False,0.0,3.0,0.0,6.0,0.0,0.0,0.0,0.0,False,True,True,True,plastic_part_8,,67009,True,True,0,0,2.660098355041942,measured,8.008692504093167,True,4.220250377645385
wood,1.0,0.0,0.0,8.0,0.0,False,0.0,3.0,0.0,6.0,0.0,0.0,0.0,0.0,False,True,True,True,floor_colored_12,,67010,True,True,0,0,0.5949268072179414,measured,11.399947664759166,False,5.630265004053658
wood,1.0,0.0,0.0,8.0,0.0,False,0.0,3.0,0.0,6.0,0.0,0.0,0.0,0.0,False,True,True,True,,empty,67011,False,False,0,0,,,,False,
wood,1.0,0.0,0.0,8.0,0.0,False,0.0,3.0,0.0,6.0,0.0,0.0,0.0,0.0,False,True,True,True,,stain,67012,False,False,0,0,,,,False,
wood,1.0,0.0,0.0,8.0,0.0,False,0.0,3.0,0.0,6.0,0.0,0.0,0.0,0.0,False,True,True,True,,seam,67013,False,False,0,0,,,,False,
wood,1.0,0.0,0.0,8.0,0.0,False,0.0,3.0,0.0,6.0,0.0,0.0,0.0,0.0,False,True,True,True,coin_1yen,,67014,True,True,0,0,1.473579133044451,measured,17.933565136072165,False,9.918512211691636
wood,1.0,0.0,0.0,8.0,0.0,False,0.0,3.0,0.0,6.0,0.0,0.0,0.0,0.0,False,True,True,True,coin_10yen,,67015,True,True,0,0,0.7792223473263213,measured,17.288116694326238,False,12.53075043583344
wood,1.0,0.0,0.0,8.0,0.0,False,0.0,3.0,0.0,6.0,0.0,0.0,0.0,0.0,False,True,True,True,button_cr2032,,67016,True,True,0,0,,specular_break,18.451902691475965,True,10.245895387267167
wood,1.0,0.0,0.0,8.0,0.0,False,0.0,3.0,0.0,6.0,0.0,0.0,0.0,0.0,False,True,True,True,button_lr44,,67017,True,True,0,0,,specular_break,11.365299904306358,True,6.045702539224089
wood,1.0,0.0,0.0,8.0,0.0,False,0.0,3.0,0.0,6.0,0.0,0.0,0.0,0.0,False,True,True,True,bead_6,,67018,True,True,0,0,,specular_break,6.90591992384703,True,13.701634298796128
wood,1.0,0.0,0.0,8.0,0.0,False,0.0,3.0,0.0,6.0,0.0,0.0,0.0,0.0,False,True,True,True,bead_10_dark,,67019,True,True,0,0,,specular_break,12.75587939349918,True,5.379604535463244
wood,1.0,0.0,0.0,8.0,0.0,False,0.0,3.0,0.0,6.0,0.0,0.0,0.0,0.0,False,True,True,True,magnet_disc_10x3,,67020,True,True,0,0,,specular_break,9.89756943635169,True,2.0084746577646686
wood,1.0,0.0,0.0,8.0,0.0,False,0.0,3.0,0.0,6.0,0.0,0.0,0.0,0.0,False,True,True,True,magnet_ball_5,,67021,True,True,0,0,,specular_break,5.031422343662746,True,11.87666677658504
wood,1.0,0.0,0.0,8.0,0.0,False,0.0,3.0,0.0,6.0,0.0,0.0,0.0,0.0,False,True,True,True,pill_8,,67022,True,True,0,0,2.483282906518971,measured,7.897952336828599,False,4.025535460054986
wood,1.0,0.0,0.0,8.0,0.0,False,0.0,3.0,0.0,6.0,0.0,0.0,0.0,0.0,False,True,True,True,plastic_part_8,,67023,True,True,0,0,2.9186930860908493,measured,7.965889174363823,True,4.033639258661935
wood,1.0,0.0,0.0,8.0,0.0,False,0.0,3.0,0.0,6.0,0.0,0.0,0.0,0.0,False,True,True,True,floor_colored_12,,67024,True,True,0,0,0.49337657247424715,measured,11.618058895472313,False,5.590583830489351
wood,1.0,0.0,0.0,8.0,0.0,False,0.0,3.0,0.0,6.0,0.0,0.0,0.0,0.0,False,True,True,True,,empty,67025,False,False,0,0,,,,False,
wood,1.0,0.0,0.0,8.0,0.0,False,0.0,3.0,0.0,6.0,0.0,0.0,0.0,0.0,False,True,True,True,,stain,67026,False,False,0,0,,,,False,
wood,1.0,0.0,0.0,8.0,0.0,False,0.0,3.0,0.0,6.0,0.0,0.0,0.0,0.0,False,True,True,True,,seam,67027,False,False,0,0,,,,False,
wood,1.0,0.0,0.0,8.0,0.0,False,0.0,3.0,0.0,6.0,0.0,0.0,0.0,0.0,False,True,True,True,coin_1yen,,67028,True,True,0,0,1.4490696975963822,measured,18.449760016456615,False,9.627368619479984
wood,1.0,0.0,0.0,8.0,0.0,False,0.0,3.0,0.0,6.0,0.0,0.0,0.0,0.0,False,True,True,True,coin_10yen,,67029,True,True,0,0,0.715119588685166,measured,17.1625153146599,False,16.133927510180015
wood,1.0,0.0,0.0,8.0,0.0,False,0.0,3.0,0.0,6.0,0.0,0.0,0.0,0.0,False,True,True,True,button_cr2032,,67030,True,True,0,0,,specular_break,17.791250168829485,True,10.159106003168185
wood,1.0,0.0,0.0,8.0,0.0,False,0.0,3.0,0.0,6.0,0.0,0.0,0.0,0.0,False,True,True,True,button_lr44,,67031,True,True,0,0,,specular_break,11.138493984183123,True,5.911534658350176
wood,1.0,0.0,0.0,8.0,0.0,False,0.0,3.0,0.0,6.0,0.0,0.0,0.0,0.0,False,True,True,True,bead_6,,67032,True,True,0,0,,specular_break,6.889448809381781,True,19.48994327388197
wood,1.0,0.0,0.0,8.0,0.0,False,0.0,3.0,0.0,6.0,0.0,0.0,0.0,0.0,False,True,True,True,bead_10_dark,,67033,True,True,0,0,,specular_break,12.56969127935562,True,5.3736576064793455
wood,1.0,0.0,0.0,8.0,0.0,False,0.0,3.0,0.0,6.0,0.0,0.0,0.0,0.0,False,True,True,True,magnet_disc_10x3,,67034,True,True,0,0,,specular_break,9.789418125009025,True,2.1613663481751217
wood,1.0,0.0,0.0,8.0,0.0,False,0.0,3.0,0.0,6.0,0.0,0.0,0.0,0.0,False,True,True,True,magnet_ball_5,,67035,True,True,0,0,,specular_break,5.660604154335688,True,0.6805675235964657
wood,1.0,0.0,0.0,8.0,0.0,False,0.0,3.0,0.0,6.0,0.0,0.0,0.0,0.0,False,True,True,True,pill_8,,67036,True,True,0,0,2.371779703686002,measured,7.920240700256202,False,4.080115321970046
wood,1.0,0.0,0.0,8.0,0.0,False,0.0,3.0,0.0,6.0,0.0,0.0,0.0,0.0,False,True,True,True,plastic_part_8,,67037,True,True,0,0,2.863604537533364,measured,7.951163657192449,True,4.044304692467355
wood,1.0,0.0,0.0,8.0,0.0,False,0.0,3.0,0.0,6.0,0.0,0.0,0.0,0.0,False,True,True,True,floor_colored_12,,67038,True,True,0,0,0.46622353833066477,measured,11.824375730109233,False,5.718931657697067
wood,1.0,0.0,0.0,8.0,0.0,False,0.0,3.0,0.0,6.0,0.0,0.0,0.0,0.0,False,True,True,True,,empty,67039,False,False,0,0,,,,False,
wood,1.0,0.0,0.0,8.0,0.0,False,0.0,3.0,0.0,6.0,0.0,0.0,0.0,0.0,False,True,True,True,,stain,67040,False,False,0,0,,,,False,
wood,1.0,0.0,0.0,8.0,0.0,False,0.0,3.0,0.0,6.0,0.0,0.0,0.0,0.0,False,True,True,True,,seam,67041,False,False,0,0,,,,False,
wood,1.0,0.0,0.0,8.0,0.0,False,0.0,3.0,0.0,6.0,0.0,0.0,0.0,0.0,False,True,True,False,coin_1yen,,68000,True,True,0,0,1.5132252218300408,measured,17.728216474973788,False,9.895593336031153
wood,1.0,0.0,0.0,8.0,0.0,False,0.0,3.0,0.0,6.0,0.0,0.0,0.0,0.0,False,True,True,False,coin_10yen,,68001,True,True,0,0,0.723557186868538,measured,17.175934013107636,False,16.034444045907623
wood,1.0,0.0,0.0,8.0,0.0,False,0.0,3.0,0.0,6.0,0.0,0.0,0.0,0.0,False,True,True,False,button_cr2032,,68002,True,True,0,0,,specular_break,18.273543518288605,True,10.313867285695409
wood,1.0,0.0,0.0,8.0,0.0,False,0.0,3.0,0.0,6.0,0.0,0.0,0.0,0.0,False,True,True,False,button_lr44,,68003,True,True,0,0,0.6810080247887615,measured,11.41823495214055,True,6.1232966030267235
wood,1.0,0.0,0.0,8.0,0.0,False,0.0,3.0,0.0,6.0,0.0,0.0,0.0,0.0,False,True,True,False,bead_6,,68004,True,True,0,0,,specular_break,6.4830715534952486,True,18.025638276257045
wood,1.0,0.0,0.0,8.0,0.0,False,0.0,3.0,0.0,6.0,0.0,0.0,0.0,0.0,False,True,True,False,bead_10_dark,,68005,True,True,0,0,,specular_break,12.532514008318277,True,5.635287988946445
wood,1.0,0.0,0.0,8.0,0.0,False,0.0,3.0,0.0,6.0,0.0,0.0,0.0,0.0,False,True,True,False,magnet_disc_10x3,,68006,True,True,0,0,,specular_break,9.765802187766576,True,2.4146629571395954
wood,1.0,0.0,0.0,8.0,0.0,False,0.0,3.0,0.0,6.0,0.0,0.0,0.0,0.0,False,True,True,False,magnet_ball_5,,68007,True,True,0,0,,specular_break,4.711604735717385,True,9.784583290748017
wood,1.0,0.0,0.0,8.0,0.0,False,0.0,3.0,0.0,6.0,0.0,0.0,0.0,0.0,False,True,True,False,pill_8,,68008,True,True,0,0,2.2964984702630478,measured,8.050293126284165,False,4.258867073673669
wood,1.0,0.0,0.0,8.0,0.0,False,0.0,3.0,0.0,6.0,0.0,0.0,0.0,0.0,False,True,True,False,plastic_part_8,,68009,True,True,0,0,2.922416336584643,measured,7.809080180098645,True,4.04144696279301
wood,1.0,0.0,0.0,8.0,0.0,False,0.0,3.0,0.0,6.0,0.0,0.0,0.0,0.0,False,True,True,False,floor_colored_12,,68010,True,True,0,0,0.6891949015070793,measured,11.289666942844987,False,5.688232153424217
wood,1.0,0.0,0.0,8.0,0.0,False,0.0,3.0,0.0,6.0,0.0,0.0,0.0,0.0,False,True,True,False,,empty,68011,False,False,0,0,,,,False,
wood,1.0,0.0,0.0,8.0,0.0,False,0.0,3.0,0.0,6.0,0.0,0.0,0.0,0.0,False,True,True,False,,stain,68012,False,False,0,0,,,,False,
wood,1.0,0.0,0.0,8.0,0.0,False,0.0,3.0,0.0,6.0,0.0,0.0,0.0,0.0,False,True,True,False,,seam,68013,False,False,0,0,,,,False,
wood,1.0,0.0,0.0,8.0,0.0,False,0.0,3.0,0.0,6.0,0.0,0.0,0.0,0.0,False,True,True,False,coin_1yen,,68014,True,True,0,0,1.4553471816457737,measured,18.29389608256959,False,9.457160698949426
wood,1.0,0.0,0.0,8.0,0.0,False,0.0,3.0,0.0,6.0,0.0,0.0,0.0,0.0,False,True,True,False,coin_10yen,,68015,True,True,0,0,0.7391485268866855,measured,17.198728034805697,False,14.243047692024893
wood,1.0,0.0,0.0,8.0,0.0,False,0.0,3.0,0.0,6.0,0.0,0.0,0.0,0.0,False,True,True,False,button_cr2032,,68016,True,True,0,0,0.6546326784515415,measured,18.316711451661945,True,10.185244724947148
wood,1.0,0.0,0.0,8.0,0.0,False,0.0,3.0,0.0,6.0,0.0,0.0,0.0,0.0,False,True,True,False,button_lr44,,68017,True,True,0,0,0.6766904724097795,measured,11.220144755766883,True,5.82955140842908
wood,1.0,0.0,0.0,8.0,0.0,False,0.0,3.0,0.0,6.0,0.0,0.0,0.0,0.0,False,True,True,False,bead_6,,68018,True,True,0,0,2.148796955898087,measured,6.99386536101474,True,0.9967399558382397
wood,1.0,0.0,0.0,8.0,0.0,False,0.0,3.0,0.0,6.0,0.0,0.0,0.0,0.0,False,True,True,False,bead_10_dark,,68019,True,True,0,0,,specular_break,12.500932647625849,True,5.350215608163724
wood,1.0,0.0,0.0,8.0,0.0,False,0.0,3.0,0.0,6.0,0.0,0.0,0.0,0.0,False,True,True,False,magnet_disc_10x3,,68020,True,True,0,0,,specular_break,9.721019242887653,True,2.292992814234495
wood,1.0,0.0,0.0,8.0,0.0,False,0.0,3.0,0.0,6.0,0.0,0.0,0.0,0.0,False,True,True,False,magnet_ball_5,,68021,True,True,0,0,,specular_break,4.485519139936681,True,10.759161218257885
wood,1.0,0.0,0.0,8.0,0.0,False,0.0,3.0,0.0,6.0,0.0,0.0,0.0,0.0,False,True,True,False,pill_8,,68022,True,True,0,0,2.3947548399919327,measured,7.888744270965316,False,4.106610151026818
wood,1.0,0.0,0.0,8.0,0.0,False,0.0,3.0,0.0,6.0,0.0,0.0,0.0,0.0,False,True,True,False,plastic_part_8,,68023,True,True,0,0,2.753802558391694,measured,7.9611978153203165,True,4.250969353341039
wood,1.0,0.0,0.0,8.0,0.0,False,0.0,3.0,0.0,6.0,0.0,0.0,0.0,0.0,False,True,True,False,floor_colored_12,,68024,True,True,0,0,0.7418743909460446,measured,11.253900272603314,False,5.8982951198929925
wood,1.0,0.0,0.0,8.0,0.0,False,0.0,3.0,0.0,6.0,0.0,0.0,0.0,0.0,False,True,True,False,,empty,68025,False,False,0,0,,,,False,
wood,1.0,0.0,0.0,8.0,0.0,False,0.0,3.0,0.0,6.0,0.0,0.0,0.0,0.0,False,True,True,False,,stain,68026,False,False,0,0,,,,False,
wood,1.0,0.0,0.0,8.0,0.0,False,0.0,3.0,0.0,6.0,0.0,0.0,0.0,0.0,False,True,True,False,,seam,68027,False,False,0,0,,,,False,
wood,1.0,0.0,0.0,8.0,0.0,False,0.0,3.0,0.0,6.0,0.0,0.0,0.0,0.0,False,True,True,False,coin_1yen,,68028,True,True,0,0,1.4453652330842495,measured,18.30514188786489,False,9.848320705215933
wood,1.0,0.0,0.0,8.0,0.0,False,0.0,3.0,0.0,6.0,0.0,0.0,0.0,0.0,False,True,True,False,coin_10yen,,68029,True,True,0,0,0.728245961042445,measured,17.250101290296058,False,15.824547678779743
wood,1.0,0.0,0.0,8.0,0.0,False,0.0,3.0,0.0,6.0,0.0,0.0,0.0,0.0,False,True,True,False,button_cr2032,,68030,True,True,0,0,,specular_break,18.28477821455882,True,10.024729949014732
wood,1.0,0.0,0.0,8.0,0.0,False,0.0,3.0,0.0,6.0,0.0,0.0,0.0,0.0,False,True,True,False,button_lr44,,68031,True,True,0,0,,specular_break,11.394271149445501,True,5.835027197526248
wood,1.0,0.0,0.0,8.0,0.0,False,0.0,3.0,0.0,6.0,0.0,0.0,0.0,0.0,False,True,True,False,bead_6,,68032,True,True,0,0,,specular_break,6.965698283235084,True,17.444769020128252
wood,1.0,0.0,0.0,8.0,0.0,False,0.0,3.0,0.0,6.0,0.0,0.0,0.0,0.0,False,True,True,False,bead_10_dark,,68033,True,True,0,0,,specular_break,12.43156297890097,True,5.448142096251203
wood,1.0,0.0,0.0,8.0,0.0,False,0.0,3.0,0.0,6.0,0.0,0.0,0.0,0.0,False,True,True,False,magnet_disc_10x3,,68034,True,True,0,0,,specular_break,9.787122050851831,True,2.916768483140558
wood,1.0,0.0,0.0,8.0,0.0,False,0.0,3.0,0.0,6.0,0.0,0.0,0.0,0.0,False,True,True,False,magnet_ball_5,,68035,True,True,0,0,,specular_break,4.682863492928513,True,11.11120710414007
wood,1.0,0.0,0.0,8.0,0.0,False,0.0,3.0,0.0,6.0,0.0,0.0,0.0,0.0,False,True,True,False,pill_8,,68036,True,True,0,0,2.3502246034068097,measured,7.676670311813944,False,4.020438293690405
wood,1.0,0.0,0.0,8.0,0.0,False,0.0,3.0,0.0,6.0,0.0,0.0,0.0,0.0,False,True,True,False,plastic_part_8,,68037,True,True,0,0,2.626492944146074,measured,8.091207587895859,True,4.7281976330032816
wood,1.0,0.0,0.0,8.0,0.0,False,0.0,3.0,0.0,6.0,0.0,0.0,0.0,0.0,False,True,True,False,floor_colored_12,,68038,True,True,0,0,0.6304922273294338,measured,11.359905549580539,False,5.841401870023631
wood,1.0,0.0,0.0,8.0,0.0,False,0.0,3.0,0.0,6.0,0.0,0.0,0.0,0.0,False,True,True,False,,empty,68039,False,False,0,0,,,,False,
wood,1.0,0.0,0.0,8.0,0.0,False,0.0,3.0,0.0,6.0,0.0,0.0,0.0,0.0,False,True,True,False,,stain,68040,False,False,0,0,,,,False,
wood,1.0,0.0,0.0,8.0,0.0,False,0.0,3.0,0.0,6.0,0.0,0.0,0.0,0.0,False,True,True,False,,seam,68041,False,False,0,0,,,,False,
wood,1.0,0.0,0.0,8.0,0.0,False,0.0,3.0,0.0,6.0,0.0,0.0,0.0,0.0,False,True,False,False,coin_1yen,,69000,True,True,0,0,1.5086015157157195,measured,17.60333008853725,False,9.801086658365872
wood,1.0,0.0,0.0,8.0,0.0,False,0.0,3.0,0.0,6.0,0.0,0.0,0.0,0.0,False,True,False,False,coin_10yen,,69001,True,True,0,0,0.7151491674943156,measured,17.254682449295597,False,18.707198052334245
wood,1.0,0.0,0.0,8.0,0.0,False,0.0,3.0,0.0,6.0,0.0,0.0,0.0,0.0,False,True,False,False,button_cr2032,,69002,True,True,0,0,,specular_break,18.746615678666178,True,10.195927331529095
wood,1.0,0.0,0.0,8.0,0.0,False,0.0,3.0,0.0,6.0,0.0,0.0,0.0,0.0,False,True,False,False,button_lr44,,69003,True,True,0,0,,specular_break,11.341317515821885,True,5.933204910878692
wood,1.0,0.0,0.0,8.0,0.0,False,0.0,3.0,0.0,6.0,0.0,0.0,0.0,0.0,False,True,False,False,bead_6,,69004,True,True,0,0,2.1950415744866554,measured,6.761427571752406,True,0.5289936514559959
wood,1.0,0.0,0.0,8.0,0.0,False,0.0,3.0,0.0,6.0,0.0,0.0,0.0,0.0,False,True,False,False,bead_10_dark,,69005,True,True,0,0,,specular_break,12.235371818209057,True,5.56669440458483
wood,1.0,0.0,0.0,8.0,0.0,False,0.0,3.0,0.0,6.0,0.0,0.0,0.0,0.0,False,True,False,False,magnet_disc_10x3,,69006,True,True,0,0,,specular_break,9.777704769147272,True,2.3565813043225696
wood,1.0,0.0,0.0,8.0,0.0,False,0.0,3.0,0.0,6.0,0.0,0.0,0.0,0.0,False,True,False,False,magnet_ball_5,,69007,True,True,0,0,,specular_break,4.5101171552173005,True,10.987973190671847
wood,1.0,0.0,0.0,8.0,0.0,False,0.0,3.0,0.0,6.0,0.0,0.0,0.0,0.0,False,True,False,False,pill_8,,69008,True,True,0,0,2.4796864542750594,measured,7.884997230867587,True,4.129931974336536
wood,1.0,0.0,0.0,8.0,0.0,False,0.0,3.0,0.0,6.0,0.0,0.0,0.0,0.0,False,True,False,False,plastic_part_8,,69009,True,True,0,0,2.7959147952061887,measured,8.014817199095624,True,4.1939114424706645
wood,1.0,0.0,0.0,8.0,0.0,False,0.0,3.0,0.0,6.0,0.0,0.0,0.0,0.0,False,True,False,False,floor_colored_12,,69010,True,True,0,0,0.6678009909644924,measured,11.265524980488548,False,5.776536229478239
wood,1.0,0.0,0.0,8.0,0.0,False,0.0,3.0,0.0,6.0,0.0,0.0,0.0,0.0,False,True,False,False,,empty,69011,False,False,0,0,,,,False,
wood,1.0,0.0,0.0,8.0,0.0,False,0.0,3.0,0.0,6.0,0.0,0.0,0.0,0.0,False,True,False,False,,stain,69012,False,False,0,0,,,,False,
wood,1.0,0.0,0.0,8.0,0.0,False,0.0,3.0,0.0,6.0,0.0,0.0,0.0,0.0,False,True,False,False,,seam,69013,False,False,0,0,,,,False,
wood,1.0,0.0,0.0,8.0,0.0,False,0.0,3.0,0.0,6.0,0.0,0.0,0.0,0.0,False,True,False,False,coin_1yen,,69014,True,True,0,0,1.450305400048487,measured,18.054831817914508,False,9.751069418450042
wood,1.0,0.0,0.0,8.0,0.0,False,0.0,3.0,0.0,6.0,0.0,0.0,0.0,0.0,False,True,False,False,coin_10yen,,69015,True,True,0,0,0.7103299131811411,measured,17.264674084891443,False,19.228806825864286
wood,1.0,0.0,0.0,8.0,0.0,False,0.0,3.0,0.0,6.0,0.0,0.0,0.0,0.0,False,True,False,False,button_cr2032,,69016,True,True,0,0,,specular_break,18.493816166038556,True,10.146566537837053
wood,1.0,0.0,0.0,8.0,0.0,False,0.0,3.0,0.0,6.0,0.0,0.0,0.0,0.0,False,True,False,False,button_lr44,,69017,True,True,0,0,,specular_break,11.313611169598065,True,6.010631138443579
wood,1.0,0.0,0.0,8.0,0.0,False,0.0,3.0,0.0,6.0,0.0,0.0,0.0,0.0,False,True,False,False,bead_6,,69018,True,True,0,0,,specular_break,6.894825168035833,True,14.642742654023962
wood,1.0,0.0,0.0,8.0,0.0,False,0.0,3.0,0.0,6.0,0.0,0.0,0.0,0.0,False,True,False,False,bead_10_dark,,69019,True,True,0,0,,specular_break,12.61684777392706,True,5.352742185925646
wood,1.0,0.0,0.0,8.0,0.0,False,0.0,3.0,0.0,6.0,0.0,0.0,0.0,0.0,False,True,False,False,magnet_disc_10x3,,69020,True,True,0,0,,specular_break,9.590026389636414,True,2.8671623440340923
wood,1.0,0.0,0.0,8.0,0.0,False,0.0,3.0,0.0,6.0,0.0,0.0,0.0,0.0,False,True,False,False,magnet_ball_5,,69021,True,True,0,0,,specular_break,5.096404152298392,True,0.16370255264724498
wood,1.0,0.0,0.0,8.0,0.0,False,0.0,3.0,0.0,6.0,0.0,0.0,0.0,0.0,False,True,False,False,pill_8,,69022,True,True,0,0,2.386372876374992,measured,7.869788627181552,False,4.197951274638349
wood,1.0,0.0,0.0,8.0,0.0,False,0.0,3.0,0.0,6.0,0.0,0.0,0.0,0.0,False,True,False,False,plastic_part_8,,69023,True,True,0,0,2.786000821573989,measured,8.185881306558802,True,4.191274463423243
wood,1.0,0.0,0.0,8.0,0.0,False,0.0,3.0,0.0,6.0,0.0,0.0,0.0,0.0,False,True,False,False,floor_colored_12,,69024,True,True,0,0,0.6011413957398037,measured,11.520136583037186,False,5.935806653768978
wood,1.0,0.0,0.0,8.0,0.0,False,0.0,3.0,0.0,6.0,0.0,0.0,0.0,0.0,False,True,False,False,,empty,69025,False,False,0,0,,,,False,
wood,1.0,0.0,0.0,8.0,0.0,False,0.0,3.0,0.0,6.0,0.0,0.0,0.0,0.0,False,True,False,False,,stain,69026,False,False,0,0,,,,False,
wood,1.0,0.0,0.0,8.0,0.0,False,0.0,3.0,0.0,6.0,0.0,0.0,0.0,0.0,False,True,False,False,,seam,69027,False,False,0,0,,,,False,
wood,1.0,0.0,0.0,8.0,0.0,False,0.0,3.0,0.0,6.0,0.0,0.0,0.0,0.0,False,True,False,False,coin_1yen,,69028,True,True,0,0,1.4460580888511902,measured,18.505761647594635,False,9.563951376270166
wood,1.0,0.0,0.0,8.0,0.0,False,0.0,3.0,0.0,6.0,0.0,0.0,0.0,0.0,False,True,False,False,coin_10yen,,69029,True,True,0,0,0.7282468824294845,measured,17.2001502326366,False,16.970736407054165
wood,1.0,0.0,0.0,8.0,0.0,False,0.0,3.0,0.0,6.0,0.0,0.0,0.0,0.0,False,True,False,False,button_cr2032,,69030,True,True,0,0,,specular_break,17.934099049503065,True,10.129835752072479
wood,1.0,0.0,0.0,8.0,0.0,False,0.0,3.0,0.0,6.0,0.0,0.0,0.0,0.0,False,True,False,False,button_lr44,,69031,True,True,0,0,,specular_break,11.291840142279709,True,5.954676984452216
wood,1.0,0.0,0.0,8.0,0.0,False,0.0,3.0,0.0,6.0,0.0,0.0,0.0,0.0,False,True,False,False,bead_6,,69032,True,True,0,0,,specular_break,6.980482030957388,True,13.073923089021026
wood,1.0,0.0,0.0,8.0,0.0,False,0.0,3.0,0.0,6.0,0.0,0.0,0.0,0.0,False,True,False,False,bead_10_dark,,69033,True,True,0,0,,specular_break,12.27872749308167,True,5.5260738263065905
wood,1.0,0.0,0.0,8.0,0.0,False,0.0,3.0,0.0,6.0,0.0,0.0,0.0,0.0,False,True,False,False,magnet_disc_10x3,,69034,True,True,0,0,,specular_break,9.767278825152452,True,3.1229872698864156
wood,1.0,0.0,0.0,8.0,0.0,False,0.0,3.0,0.0,6.0,0.0,0.0,0.0,0.0,False,True,False,False,magnet_ball_5,,69035,True,True,0,0,,specular_break,4.067909640618676,True,12.762751019822801
wood,1.0,0.0,0.0,8.0,0.0,False,0.0,3.0,0.0,6.0,0.0,0.0,0.0,0.0,False,True,False,False,pill_8,,69036,True,True,0,0,2.3551020884106606,measured,7.828472838151664,False,4.237349327795553
wood,1.0,0.0,0.0,8.0,0.0,False,0.0,3.0,0.0,6.0,0.0,0.0,0.0,0.0,False,True,False,False,plastic_part_8,,69037,True,True,0,0,2.8549750697213128,measured,8.03138818161318,True,4.338625759775812
wood,1.0,0.0,0.0,8.0,0.0,False,0.0,3.0,0.0,6.0,0.0,0.0,0.0,0.0,False,True,False,False,floor_colored_12,,69038,True,True,0,0,0.6244486670497587,measured,11.213999362148153,False,5.813634418337499
wood,1.0,0.0,0.0,8.0,0.0,False,0.0,3.0,0.0,6.0,0.0,0.0,0.0,0.0,False,True,False,False,,empty,69039,False,False,0,0,,,,False,
wood,1.0,0.0,0.0,8.0,0.0,False,0.0,3.0,0.0,6.0,0.0,0.0,0.0,0.0,False,True,False,False,,stain,69040,False,False,0,0,,,,False,
wood,1.0,0.0,0.0,8.0,0.0,False,0.0,3.0,0.0,6.0,0.0,0.0,0.0,0.0,False,True,False,False,,seam,69041,False,False,0,0,,,,False,
