c_floor,c_texture_contrast,c_floor_height_sigma_mm,c_blur_sigma_px,c_ambient_lux,c_ambient_drift,c_auto_exposure,c_shot_noise_k,c_line_width_mm,c_line_scatter_mm,c_raking_led_height_mm,c_cam_height_err_mm,c_cam_pitch_err_deg,c_fov_err_deg,c_aim_err_mm,c_clutter,c_sides,c_pose_from_line,c_reaim,c_physical_falloff,c_flat_field,target,negative,seed,patrol,inspect,fa_patrol,fa_inspect,height_est,height_reason,diameter_est,critical_flag,loc_err_mm
pattern,0.9046800706458055,0.008194704787238938,2.0,8.0,0.040663511960013624,True,0.9127555772777217,3.0,0.0,6.0,3.9120001353904117,1.8941619262584843,-2.111205707420978,2.530842942092105,False,True,True,True,True,True,coin_1yen,,10000,True,True,0,0,1.554652440283018,measured,18.54369496509802,False,10.11571012141391
pattern,0.9046800706458055,0.008194704787238938,2.0,8.0,0.040663511960013624,True,0.9127555772777217,3.0,0.0,6.0,3.9120001353904117,1.8941619262584843,-2.111205707420978,2.530842942092105,False,True,True,True,True,True,,empty,10001,False,False,0,0,,,,False,
pattern,0.9046800706458055,0.008194704787238938,2.0,8.0,0.040663511960013624,True,0.9127555772777217,3.0,0.0,6.0,3.9120001353904117,1.8941619262584843,-2.111205707420978,2.530842942092105,False,True,True,True,True,True,button_cr2032,,10002,True,True,2,0,,specular_break,19.210426670769863,True,10.00752390901496
wood,0.5041077502552221,0.0,1.0,8.0,0.03648277232149721,True,0.17565562060255901,3.0,0.0,6.0,-1.6327769485719297,-0.6326003127383091,1.2348916091223985,2.085026738885355,True,True,True,True,True,True,coin_10yen,,10003,True,True,4,4,,off_line,6.4542757956599495,False,6.4143644583887545
wood,0.5041077502552221,0.0,1.0,8.0,0.03648277232149721,True,0.17565562060255901,3.0,0.0,6.0,-1.6327769485719297,-0.6326003127383091,1.2348916091223985,2.085026738885355,True,True,True,True,True,True,,stain,10004,False,False,0,0,,,,False,
wood,0.5041077502552221,0.0,1.0,8.0,0.03648277232149721,True,0.17565562060255901,3.0,0.0,6.0,-1.6327769485719297,-0.6326003127383091,1.2348916091223985,2.085026738885355,True,True,True,True,True,True,button_lr44,,10005,True,True,0,0,,specular_break,13.911170330044255,True,6.31852877915257
wood,1.5059366220404455,0.0,0.0,8.0,0.019183877713094172,True,0.997209935789211,3.0,0.0,6.0,-2.7651761287752583,-0.9154516513346783,0.6605853704101482,2.019236367077472,False,True,True,True,True,True,button_cr2032,,10006,True,True,3,0,,specular_break,25.846210588819723,False,11.263729614459294
wood,1.5059366220404455,0.0,0.0,8.0,0.019183877713094172,True,0.997209935789211,3.0,0.0,6.0,-2.7651761287752583,-0.9154516513346783,0.6605853704101482,2.019236367077472,False,True,True,True,True,True,,seam,10007,False,False,0,0,,,,False,
wood,1.5059366220404455,0.0,0.0,8.0,0.019183877713094172,True,0.997209935789211,3.0,0.0,6.0,-2.7651761287752583,-0.9154516513346783,0.6605853704101482,2.019236367077472,False,True,True,True,True,True,magnet_disc_10x3,,10008,True,True,0,0,,specular_break,9.102462111239463,False,6.1453460254920715
rug,0.7026447575336168,0.2885953360776327,4.0,50.0,0.015512093777947784,True,0.4858353588317891,3.0,1.3342317515235003,6.0,2.3519264101839887,2.9868622904415214,-3.7771965963123604,3.027847549478125,False,True,True,True,True,True,button_lr44,,10009,True,True,0,0,0.7338239333953869,measured,12.222865863836518,True,5.195818099871242
rug,0.7026447575336168,0.2885953360776327,4.0,50.0,0.015512093777947784,True,0.4858353588317891,3.0,1.3342317515235003,6.0,2.3519264101839887,2.9868622904415214,-3.7771965963123604,3.027847549478125,False,True,True,True,True,True,,empty,10010,False,False,0,0,,,,False,
rug,0.7026447575336168,0.2885953360776327,4.0,50.0,0.015512093777947784,True,0.4858353588317891,3.0,1.3342317515235003,6.0,2.3519264101839887,2.9868622904415214,-3.7771965963123604,3.027847549478125,False,True,True,True,True,True,magnet_ball_5,,10011,True,True,0,0,-0.29839193918084206,measured,5.562692821690947,False,6.929455586321664
rug,1.087428500792242,0.35610974080191693,0.0,8.0,0.03115935723430212,True,0.08401534358238483,3.0,1.2489662214800967,6.0,1.072141231976868,-2.416637264564343,-0.013362399360249686,1.3129498701526716,False,True,True,True,True,True,bead_6,,10012,True,True,0,0,3.2867495823208106,measured,7.808074295574997,True,3.135881325404427
rug,1.087428500792242,0.35610974080191693,0.0,8.0,0.03115935723430212,True,0.08401534358238483,3.0,1.2489662214800967,6.0,1.072141231976868,-2.416637264564343,-0.013362399360249686,1.3129498701526716,False,True,True,True,True,True,,stain,10013,False,False,0,1,,,,False,
rug,1.087428500792242,0.35610974080191693,0.0,8.0,0.03115935723430212,True,0.08401534358238483,3.0,1.2489662214800967,6.0,1.072141231976868,-2.416637264564343,-0.013362399360249686,1.3129498701526716,False,True,True,True,True,True,pill_8,,10014,True,True,0,0,2.8075611821493354,measured,7.756843953040994,False,4.002444081657383
wood,0.7254192003422586,0.0,4.0,150.0,0.011532110449687372,True,0.05202130106440961,3.0,0.0,6.0,-1.3093057414296636,-2.339603815545728,5.218103631390402,0.9918214568843038,False,True,True,True,True,True,bead_10_dark,,10015,False,True,0,0,3.4286774455118856,measured,10.424275251892789,True,5.960464612496921
wood,0.7254192003422586,0.0,4.0,150.0,0.011532110449687372,True,0.05202130106440961,3.0,0.0,6.0,-1.3093057414296636,-2.339603815545728,5.218103631390402,0.9918214568843038,False,True,True,True,True,True,,seam,10016,False,False,0,0,,,,False,
wood,0.7254192003422586,0.0,4.0,150.0,0.011532110449687372,True,0.05202130106440961,3.0,0.0,6.0,-1.3093057414296636,-2.339603815545728,5.218103631390402,0.9918214568843038,False,True,True,True,True,True,button_cr2032,,10017,True,True,1,0,,specular_break,48.55423507881862,True,14.144351821750275
pattern,0.79927316595232,0.18842262210129956,2.0,8.0,0.005274763978511477,True,0.6291081515397092,3.0,0.0,6.0,2.0510585723296035,2.007923151684339,-1.8537211341228024,3.6440227266566465,False,True,True,True,True,True,magnet_disc_10x3,,10018,False,False,0,0,,,,False,
pattern,0.79927316595232,0.18842262210129956,2.0,8.0,0.005274763978511477,True,0.6291081515397092,3.0,0.0,6.0,2.0510585723296035,2.007923151684339,-1.8537211341228024,3.6440227266566465,False,True,True,True,True,True,,empty,10019,False,False,0,0,,,,False,
pattern,0.79927316595232,0.18842262210129956,2.0,8.0,0.005274763978511477,True,0.6291081515397092,3.0,0.0,6.0,2.0510585723296035,2.007923151684339,-1.8537211341228024,3.6440227266566465,False,True,True,True,True,True,button_lr44,,10020,True,True,0,0,,specular_break,41.08960934355961,False,9.39914430909376
tile,1.923415512406648,0.0,4.0,150.0,0.02487113477438095,True,0.5293121601967704,3.0,0.0,6.0,-1.8995822705766803,-0.7551270104656165,-3.2734383528575863,2.555360332773216,False,True,True,True,True,True,magnet_ball_5,,10021,False,False,0,0,,,,False,
tile,1.923415512406648,0.0,4.0,150.0,0.02487113477438095,True,0.5293121601967704,3.0,0.0,6.0,-1.8995822705766803,-0.7551270104656165,-3.2734383528575863,2.555360332773216,False,True,True,True,True,True,,stain,10022,False,False,0,0,,,,False,
tile,1.923415512406648,0.0,4.0,150.0,0.02487113477438095,True,0.5293121601967704,3.0,0.0,6.0,-1.8995822705766803,-0.7551270104656165,-3.2734383528575863,2.555360332773216,False,True,True,True,True,True,magnet_disc_10x3,,10023,True,True,1,0,,specular_break,6.908864738553039,True,0.7822519110485637
wood,1.593522675614464,0.0,0.0,150.0,0.0007353152482684644,True,0.8636400902455758,3.0,0.0,6.0,-1.2983575415477904,-1.47096658468455,0.7493561146760005,2.0629061697389446,False,True,True,True,True,True,pill_8,,10024,True,True,0,0,0.6733559747995432,measured,11.731639791467908,False,4.308322782386908
wood,1.593522675614464,0.0,0.0,150.0,0.0007353152482684644,True,0.8636400902455758,3.0,0.0,6.0,-1.2983575415477904,-1.47096658468455,0.7493561146760005,2.0629061697389446,False,True,True,True,True,True,,seam,10025,False,False,4,4,,,,False,
wood,1.593522675614464,0.0,0.0,150.0,0.0007353152482684644,True,0.8636400902455758,3.0,0.0,6.0,-1.2983575415477904,-1.47096658468455,0.7493561146760005,2.0629061697389446,False,True,True,True,True,True,magnet_ball_5,,10026,True,True,0,0,0.531145765024343,measured,6.720850270885448,False,4.258023777967212
pattern,1.7335607413146057,0.09599758476156645,0.0,8.0,0.0400940289359154,True,0.9235301597834695,3.0,0.0,6.0,-0.4928837778758721,-2.1487297164568693,2.6191264578651197,2.5607878894291463,True,True,True,True,True,True,plastic_part_8,,10027,True,True,1,1,0.07617198199414332,measured,7.621619261426641,True,2.0547350531038417
pattern,1.7335607413146057,0.09599758476156645,0.0,8.0,0.0400940289359154,True,0.9235301597834695,3.0,0.0,6.0,-0.4928837778758721,-2.1487297164568693,2.6191264578651197,2.5607878894291463,True,True,True,True,True,True,,empty,10028,False,False,0,0,,,,False,
pattern,1.7335607413146057,0.09599758476156645,0.0,8.0,0.0400940289359154,True,0.9235301597834695,3.0,0.0,6.0,-0.4928837778758721,-2.1487297164568693,2.6191264578651197,2.5607878894291463,True,True,True,True,True,True,pill_8,,10029,True,True,1,1,-0.11563650753558541,measured,6.023489931205869,False,3.5326571808653786
carpet,1.4215598704234949,0.022692292090816846,2.0,150.0,0.0007995864761785987,True,0.7579510023564281,3.0,0.7691380848931171,6.0,-1.9174841898789756,-1.5167395017968184,4.262946066935749,1.45218757789553,False,True,True,True,True,True,floor_colored_12,,10030,True,True,0,4,1.310663709435131,measured,9.24444678142907,False,10.493715474510186
carpet,1.4215598704234949,0.022692292090816846,2.0,150.0,0.0007995864761785987,True,0.7579510023564281,3.0,0.7691380848931171,6.0,-1.9174841898789756,-1.5167395017968184,4.262946066935749,1.45218757789553,False,True,True,True,True,True,,stain,10031,False,False,0,1,,,,False,
carpet,1.4215598704234949,0.022692292090816846,2.0,150.0,0.0007995864761785987,True,0.7579510023564281,3.0,0.7691380848931171,6.0,-1.9174841898789756,-1.5167395017968184,4.262946066935749,1.45218757789553,False,True,True,True,True,True,button_cr2032,,10032,True,True,2,2,2.657908057662354,measured,3.932690645695601,False,8.086837148616842
carpet,1.1454480979217498,0.7728496646272562,0.0,50.0,0.012943229658546614,True,0.24167571409434496,3.0,1.3321774809887699,6.0,-6.308543920530117,-2.845483537030827,0.7753583727389627,1.1370989082952851,False,True,True,True,True,True,coin_1yen,,10033,False,True,4,5,1.3196780209075616,measured,36.47994321994572,False,20.003785663187386
carpet,1.1454480979217498,0.7728496646272562,0.0,50.0,0.012943229658546614,True,0.24167571409434496,3.0,1.3321774809887699,6.0,-6.308543920530117,-2.845483537030827,0.7753583727389627,1.1370989082952851,False,True,True,True,True,True,,seam,10034,False,False,5,6,,,,False,
carpet,1.1454480979217498,0.7728496646272562,0.0,50.0,0.012943229658546614,True,0.24167571409434496,3.0,1.3321774809887699,6.0,-6.308543920530117,-2.845483537030827,0.7753583727389627,1.1370989082952851,False,True,True,True,True,True,button_lr44,,10035,False,True,8,8,1.2173072775091693,measured,28.7492136169721,False,8.259775101605307
wood,0.9326318216468157,0.0,1.0,50.0,0.03132532312098767,True,0.9590776426974422,3.0,0.0,6.0,4.206794480317567,2.3003312722993843,-7.095911718830923,2.457367438406842,True,True,True,True,True,True,coin_10yen,,10036,True,True,0,0,1.0894872393966644,measured,20.023103173844127,False,15.106932085261965
wood,0.9326318216468157,0.0,1.0,50.0,0.03132532312098767,True,0.9590776426974422,3.0,0.0,6.0,4.206794480317567,2.3003312722993843,-7.095911718830923,2.457367438406842,True,True,True,True,True,True,,empty,10037,False,False,2,2,,,,False,
wood,0.9326318216468157,0.0,1.0,50.0,0.03132532312098767,True,0.9590776426974422,3.0,0.0,6.0,4.206794480317567,2.3003312722993843,-7.095911718830923,2.457367438406842,True,True,True,True,True,True,magnet_disc_10x3,,10038,True,True,2,2,,specular_break,5.671154756746192,True,21.7471042635523
carpet,1.10976550512219,0.7279671693298376,4.0,8.0,0.0411353140090751,True,0.41538403737122465,3.0,1.244705977917154,6.0,-4.32674418372227,-1.6074636970413532,3.2404902376136553,0.577533011990755,False,True,True,True,True,True,button_cr2032,,10039,True,True,15,15,0.6827571551644596,measured,31.464093377141023,True,13.259550354930422
carpet,1.10976550512219,0.7279671693298376,4.0,8.0,0.0411353140090751,True,0.41538403737122465,3.0,1.244705977917154,6.0,-4.32674418372227,-1.6074636970413532,3.2404902376136553,0.577533011990755,False,True,True,True,True,True,,stain,10040,False,False,28,28,,,,False,
carpet,1.10976550512219,0.7279671693298376,4.0,8.0,0.0411353140090751,True,0.41538403737122465,3.0,1.244705977917154,6.0,-4.32674418372227,-1.6074636970413532,3.2404902376136553,0.577533011990755,False,True,True,True,True,True,magnet_ball_5,,10041,False,False,0,0,,,,False,
pattern,1.9157021404131362,0.025363420452249555,2.0,8.0,0.0029732075800169237,True,0.38077050831088943,3.0,0.0,6.0,-3.5571594150157013,-4.796465730795543,1.539156401640915,0.5951680778866607,False,True,True,True,True,True,button_lr44,,10042,False,True,0,0,,specular_break,10.230282932706682,True,6.851365626523729
pattern,1.9157021404131362,0.025363420452249555,2.0,8.0,0.0029732075800169237,True,0.38077050831088943,3.0,0.0,6.0,-3.5571594150157013,-4.796465730795543,1.539156401640915,0.5951680778866607,False,True,True,True,True,True,,seam,10043,False,False,5,5,,,,False,
pattern,1.9157021404131362,0.025363420452249555,2.0,8.0,0.0029732075800169237,True,0.38077050831088943,3.0,0.0,6.0,-3.5571594150157013,-4.796465730795543,1.539156401640915,0.5951680778866607,False,True,True,True,True,True,pill_8,,10044,True,True,0,0,0.19681589505464814,measured,6.895350066183329,False,5.072381914144183
pattern,0.9047551782512002,0.17262404083786356,2.0,150.0,0.025535325277182264,True,0.34429573096232524,3.0,0.0,6.0,4.9420171990682995,1.8349759668885885,3.200804601015537,0.0953454624233592,False,True,True,True,True,True,bead_6,,10045,True,True,1,0,0.5397641680053944,measured,12.0043550151976,True,4.359775482052346
pattern,0.9047551782512002,0.17262404083786356,2.0,150.0,0.025535325277182264,True,0.34429573096232524,3.0,0.0,6.0,4.9420171990682995,1.8349759668885885,3.200804601015537,0.0953454624233592,False,True,True,True,True,True,,empty,10046,False,False,0,0,,,,False,
pattern,0.9047551782512002,0.17262404083786356,2.0,150.0,0.025535325277182264,True,0.34429573096232524,3.0,0.0,6.0,4.9420171990682995,1.8349759668885885,3.200804601015537,0.0953454624233592,False,True,True,True,True,True,button_cr2032,,10047,True,True,2,1,,specular_break,17.057498709748987,True,10.779687523085016
wood,1.9376204476669279,0.0,2.0,150.0,0.04303507047738389,True,0.24714674032210748,3.0,0.0,6.0,-0.7198100137741081,-0.40904497679932167,-3.128580422953514,1.2262462726731596,False,True,True,True,True,True,bead_10_dark,,10048,False,True,0,0,1.5816090654934492,measured,11.702560811754918,True,4.074474952945705
wood,1.9376204476669279,0.0,2.0,150.0,0.04303507047738389,True,0.24714674032210748,3.0,0.0,6.0,-0.7198100137741081,-0.40904497679932167,-3.128580422953514,1.2262462726731596,False,True,True,True,True,True,,stain,10049,False,False,0,0,,,,False,
wood,1.9376204476669279,0.0,2.0,150.0,0.04303507047738389,True,0.24714674032210748,3.0,0.0,6.0,-0.7198100137741081,-0.40904497679932167,-3.128580422953514,1.2262462726731596,False,True,True,True,True,True,button_lr44,,10050,True,True,1,0,,specular_break,21.349690662761024,False,38.34912110045745
carpet,1.865383649324082,0.4491206140401784,2.0,50.0,0.00970648864453968,True,0.5260222486178752,3.0,0.7851520910923799,6.0,-9.832794927956632,-2.615506393802295,3.2604923543050903,0.10120812622268481,False,True,True,True,True,True,magnet_disc_10x3,,10051,False,True,0,4,,specular_break,30.843328222416442,False,9.5242464841762
carpet,1.865383649324082,0.4491206140401784,2.0,50.0,0.00970648864453968,True,0.5260222486178752,3.0,0.7851520910923799,6.0,-9.832794927956632,-2.615506393802295,3.2604923543050903,0.10120812622268481,False,True,True,True,True,True,,seam,10052,False,False,0,2,,,,False,
carpet,1.865383649324082,0.4491206140401784,2.0,50.0,0.00970648864453968,True,0.5260222486178752,3.0,0.7851520910923799,6.0,-9.832794927956632,-2.615506393802295,3.2604923543050903,0.10120812622268481,False,True,True,True,True,True,magnet_disc_10x3,,10053,False,True,0,2,,specular_break,2.390713138794016,False,30.521844520740725
carpet,1.3848050424814258,0.255745309026132,4.0,150.0,0.03362633169584347,True,0.19510739845680503,3.0,0.8665318387767889,6.0,-8.81544819065534,1.4586988080357133,2.4184180755450657,0.952753494802324,False,True,True,True,True,True,magnet_ball_5,,10054,False,False,0,3,,,,False,
carpet,1.3848050424814258,0.255745309026132,4.0,150.0,0.03362633169584347,True,0.19510739845680503,3.0,0.8665318387767889,6.0,-8.81544819065534,1.4586988080357133,2.4184180755450657,0.952753494802324,False,True,True,True,True,True,,empty,10055,False,False,0,2,,,,False,
carpet,1.3848050424814258,0.255745309026132,4.0,150.0,0.03362633169584347,True,0.19510739845680503,3.0,0.8665318387767889,6.0,-8.81544819065534,1.4586988080357133,2.4184180755450657,0.952753494802324,False,True,True,True,True,True,magnet_ball_5,,10056,False,False,0,2,,,,False,
wood,0.594343247682457,0.0,0.0,8.0,0.01975458541789838,True,0.8735226311207321,3.0,0.0,6.0,-2.3615782264714733,1.160568833448615,-0.5865174834993071,1.1316356936561862,True,True,True,True,True,True,pill_8,,10057,True,True,0,0,-0.254944405538458,measured,7.616056895055954,False,5.339194557633822
wood,0.594343247682457,0.0,0.0,8.0,0.01975458541789838,True,0.8735226311207321,3.0,0.0,6.0,-2.3615782264714733,1.160568833448615,-0.5865174834993071,1.1316356936561862,True,True,True,True,True,True,,stain,10058,False,False,0,0,,,,False,
wood,0.594343247682457,0.0,0.0,8.0,0.01975458541789838,True,0.8735226311207321,3.0,0.0,6.0,-2.3615782264714733,1.160568833448615,-0.5865174834993071,1.1316356936561862,True,True,True,True,True,True,pill_8,,10059,True,True,0,0,0.010313988896358595,measured,7.647329808727777,False,5.5709303514113095
rug,0.605489380353827,0.3475417177389277,0.0,150.0,0.024828584689942652,True,0.16354341619648027,3.0,1.0106001565909106,6.0,-1.5000252995542445,2.720892404970515,3.0071948185318735,0.3046772716484716,False,True,True,True,True,True,plastic_part_8,,10060,False,False,0,0,,,,False,
rug,0.605489380353827,0.3475417177389277,0.0,150.0,0.024828584689942652,True,0.16354341619648027,3.0,1.0106001565909106,6.0,-1.5000252995542445,2.720892404970515,3.0071948185318735,0.3046772716484716,False,True,True,True,True,True,,seam,10061,False,False,3,3,,,,False,
rug,0.605489380353827,0.3475417177389277,0.0,150.0,0.024828584689942652,True,0.16354341619648027,3.0,1.0106001565909106,6.0,-1.5000252995542445,2.720892404970515,3.0071948185318735,0.3046772716484716,False,True,True,True,True,True,button_cr2032,,10062,False,True,0,0,1.1212640454111238,measured,11.272998195339738,True,9.62493228248595
rug,0.6391182132850711,0.23150340132940103,0.0,8.0,0.04040683759067841,True,0.4888460361292599,3.0,1.4830430000517296,6.0,-3.5450489270593897,-3.537023714173834,-2.891562692196522,6.212673602566583,False,True,True,True,True,True,floor_colored_12,,10063,True,True,0,0,0.04554406583001125,measured,10.212904472628026,False,7.100452711773267
rug,0.6391182132850711,0.23150340132940103,0.0,8.0,0.04040683759067841,True,0.4888460361292599,3.0,1.4830430000517296,6.0,-3.5450489270593897,-3.537023714173834,-2.891562692196522,6.212673602566583,False,True,True,True,True,True,,empty,10064,False,False,0,0,,,,False,
rug,0.6391182132850711,0.23150340132940103,0.0,8.0,0.04040683759067841,True,0.4888460361292599,3.0,1.4830430000517296,6.0,-3.5450489270593897,-3.537023714173834,-2.891562692196522,6.212673602566583,False,True,True,True,True,True,button_lr44,,10065,True,True,1,1,-0.29216110403578455,measured,11.827648615284367,True,6.681185477124394
tile,1.4826815959870703,0.0,2.0,150.0,0.04174941019792003,True,0.3818147799662388,3.0,0.0,6.0,-1.1460068764304416,5.104848050742162,-0.9734155688563175,2.4424466994522724,False,True,True,True,True,True,coin_1yen,,10066,False,True,0,0,1.0221681813697554,measured,8.355957589308858,False,8.599305399831481
tile,1.4826815959870703,0.0,2.0,150.0,0.04174941019792003,True,0.3818147799662388,3.0,0.0,6.0,-1.1460068764304416,5.104848050742162,-0.9734155688563175,2.4424466994522724,False,True,True,True,True,True,,stain,10067,False,False,0,0,,,,False,
tile,1.4826815959870703,0.0,2.0,150.0,0.04174941019792003,True,0.3818147799662388,3.0,0.0,6.0,-1.1460068764304416,5.104848050742162,-0.9734155688563175,2.4424466994522724,False,True,True,True,True,True,magnet_disc_10x3,,10068,False,False,0,0,,,,False,
wood,1.8162933588076942,0.0,4.0,150.0,0.039457731185257305,True,0.7991963797161148,3.0,0.0,6.0,-2.0030618758052112,0.32648801144535533,-2.4922558705630125,4.691616147681335,False,True,True,True,True,True,coin_10yen,,10069,False,False,0,0,,,,False,
wood,1.8162933588076942,0.0,4.0,150.0,0.039457731185257305,True,0.7991963797161148,3.0,0.0,6.0,-2.0030618758052112,0.32648801144535533,-2.4922558705630125,4.691616147681335,False,True,True,True,True,True,,seam,10070,False,False,1,1,,,,False,
wood,1.8162933588076942,0.0,4.0,150.0,0.039457731185257305,True,0.7991963797161148,3.0,0.0,6.0,-2.0030618758052112,0.32648801144535533,-2.4922558705630125,4.691616147681335,False,True,True,True,True,True,magnet_ball_5,,10071,True,True,0,0,,off_line,4.206374025967055,False,9.131725086641643
tile,0.6689204983108358,0.0,1.0,8.0,0.037219036317369954,True,0.851875912234257,3.0,0.0,6.0,-0.5573218760147571,-2.832978732828084,-2.4822066802984653,5.511615116551902,False,True,True,True,True,True,button_cr2032,,10072,True,True,1,2,,specular_break,18.793074282766156,True,10.520013412899454
tile,0.6689204983108358,0.0,1.0,8.0,0.037219036317369954,True,0.851875912234257,3.0,0.0,6.0,-0.5573218760147571,-2.832978732828084,-2.4822066802984653,5.511615116551902,False,True,True,True,True,True,,empty,10073,False,False,0,0,,,,False,
tile,0.6689204983108358,0.0,1.0,8.0,0.037219036317369954,True,0.851875912234257,3.0,0.0,6.0,-0.5573218760147571,-2.832978732828084,-2.4822066802984653,5.511615116551902,False,True,True,True,True,True,pill_8,,10074,True,True,0,0,,specular_break,11.724623000524325,False,4.002306532178756
wood,1.1361597281660192,0.0,2.0,150.0,0.02518384896002895,True,0.7534465385839052,3.0,0.0,6.0,-2.2330818027925683,-2.5731489334752884,4.2671355157453394,0.9033709025901918,False,True,True,True,True,True,button_lr44,,10075,True,True,0,1,0.2250642158350491,measured,10.40413017411457,False,6.451368081621095
wood,1.1361597281660192,0.0,2.0,150.0,0.02518384896002895,True,0.7534465385839052,3.0,0.0,6.0,-2.2330818027925683,-2.5731489334752884,4.2671355157453394,0.9033709025901918,False,True,True,True,True,True,,stain,10076,False,False,0,0,,,,False,
wood,1.1361597281660192,0.0,2.0,150.0,0.02518384896002895,True,0.7534465385839052,3.0,0.0,6.0,-2.2330818027925683,-2.5731489334752884,4.2671355157453394,0.9033709025901918,False,True,True,True,True,True,button_cr2032,,10077,True,True,0,1,0.018670019503906232,measured,14.12424281068468,False,21.592259344251993
wood,1.3560271787892486,0.0,2.0,8.0,0.0036870506698902963,True,0.4761669632169956,3.0,0.0,6.0,-1.9207872161711215,1.4646034294225945,-3.511592425223049,2.868562919348244,False,True,True,True,True,True,bead_6,,10078,False,False,0,0,,,,False,
wood,1.3560271787892486,0.0,2.0,8.0,0.0036870506698902963,True,0.4761669632169956,3.0,0.0,6.0,-1.9207872161711215,1.4646034294225945,-3.511592425223049,2.868562919348244,False,True,True,True,True,True,,seam,10079,False,False,0,0,,,,False,
wood,1.3560271787892486,0.0,2.0,8.0,0.0036870506698902963,True,0.4761669632169956,3.0,0.0,6.0,-1.9207872161711215,1.4646034294225945,-3.511592425223049,2.868562919348244,False,True,True,True,True,True,button_lr44,,10080,False,False,0,0,,,,False,
tile,1.5260756721125495,0.0,1.0,150.0,0.029166002346173798,True,0.0402182209046007,3.0,0.0,6.0,-3.7828808401966025,1.6657888987216705,3.609776862349494,1.2741464712523667,False,True,True,True,True,True,bead_10_dark,,10081,False,False,0,0,,,,False,
tile,1.5260756721125495,0.0,1.0,150.0,0.029166002346173798,True,0.0402182209046007,3.0,0.0,6.0,-3.7828808401966025,1.6657888987216705,3.609776862349494,1.2741464712523667,False,True,True,True,True,True,,empty,10082,False,False,0,0,,,,False,
tile,1.5260756721125495,0.0,1.0,150.0,0.029166002346173798,True,0.0402182209046007,3.0,0.0,6.0,-3.7828808401966025,1.6657888987216705,3.609776862349494,1.2741464712523667,False,True,True,True,True,True,magnet_disc_10x3,,10083,False,False,0,0,,,,False,
rug,1.0258322170518321,0.06840857600826965,4.0,8.0,0.03765249949328382,True,0.43922893185830647,3.0,0.8825701641438222,6.0,0.16609492474066168,0.8242348102566673,-0.791364481621875,0.9266482794197417,False,True,True,True,True,True,magnet_disc_10x3,,10084,True,True,2,0,,specular_break,14.841966507068403,True,5.4075996776670205
rug,1.0258322170518321,0.06840857600826965,4.0,8.0,0.03765249949328382,True,0.43922893185830647,3.0,0.8825701641438222,6.0,0.16609492474066168,0.8242348102566673,-0.791364481621875,0.9266482794197417,False,True,True,True,True,True,,stain,10085,False,False,0,1,,,,False,
rug,1.0258322170518321,0.06840857600826965,4.0,8.0,0.03765249949328382,True,0.43922893185830647,3.0,0.8825701641438222,6.0,0.16609492474066168,0.8242348102566673,-0.791364481621875,0.9266482794197417,False,True,True,True,True,True,magnet_ball_5,,10086,True,True,0,0,,specular_break,12.741376340463445,False,4.283138359656783
tile,1.3466192316808911,0.0,2.0,150.0,0.004300621803050131,True,0.6961544503408927,3.0,0.0,6.0,-2.7599808084365907,1.3501290368188787,1.0437052859114146,1.1135923503063625,False,True,True,True,True,True,magnet_ball_5,,10087,False,False,0,0,,,,False,
tile,1.3466192316808911,0.0,2.0,150.0,0.004300621803050131,True,0.6961544503408927,3.0,0.0,6.0,-2.7599808084365907,1.3501290368188787,1.0437052859114146,1.1135923503063625,False,True,True,True,True,True,,seam,10088,False,False,0,0,,,,False,
tile,1.3466192316808911,0.0,2.0,150.0,0.004300621803050131,True,0.6961544503408927,3.0,0.0,6.0,-2.7599808084365907,1.3501290368188787,1.0437052859114146,1.1135923503063625,False,True,True,True,True,True,pill_8,,10089,False,True,0,0,0.7199839395329626,measured,7.848904503479826,False,4.482078493646691
rug,0.7989475110192292,0.20486946313509402,4.0,50.0,0.008168404556847808,True,0.8834187336335619,3.0,1.1838713223790145,6.0,0.8821264289249406,-3.019545026071454,1.9325715695690675,0.4598649632066296,False,True,True,True,True,True,pill_8,,10090,True,True,1,1,0.82228633726921,measured,9.899878144062399,False,4.564449644121285
rug,0.7989475110192292,0.20486946313509402,4.0,50.0,0.008168404556847808,True,0.8834187336335619,3.0,1.1838713223790145,6.0,0.8821264289249406,-3.019545026071454,1.9325715695690675,0.4598649632066296,False,True,True,True,True,True,,empty,10091,False,False,0,0,,,,False,
rug,0.7989475110192292,0.20486946313509402,4.0,50.0,0.008168404556847808,True,0.8834187336335619,3.0,1.1838713223790145,6.0,0.8821264289249406,-3.019545026071454,1.9325715695690675,0.4598649632066296,False,True,True,True,True,True,button_cr2032,,10092,True,True,1,1,,specular_break,17.13519473943946,True,9.609230817455618
wood,1.5751260208455922,0.0,2.0,50.0,0.003685821631226877,True,0.24640596905097556,3.0,0.0,6.0,-3.1177164443375585,0.4713321390792685,4.388526855553732,0.5562526036160615,True,True,True,True,True,True,plastic_part_8,,10093,False,True,0,0,0.8386347832970245,measured,12.855142938801237,True,3.849359877756245
wood,1.5751260208455922,0.0,2.0,50.0,0.003685821631226877,True,0.24640596905097556,3.0,0.0,6.0,-3.1177164443375585,0.4713321390792685,4.388526855553732,0.5562526036160615,True,True,True,True,True,True,,stain,10094,False,False,0,0,,,,False,
wood,1.5751260208455922,0.0,2.0,50.0,0.003685821631226877,True,0.24640596905097556,3.0,0.0,6.0,-3.1177164443375585,0.4713321390792685,4.388526855553732,0.5562526036160615,True,True,True,True,True,True,button_lr44,,10095,False,True,0,0,,specular_break,18.644925948058994,True,34.27637636308235
tile,1.5443226591551849,0.0,1.0,8.0,0.03579589234627472,True,0.9011080934228366,3.0,0.0,6.0,-4.587278624785339,4.0535581904863855,-1.1850296264963793,1.7589194294086334,False,True,True,True,True,True,floor_colored_12,,10096,False,False,0,8,,,,False,
tile,1.5443226591551849,0.0,1.0,8.0,0.03579589234627472,True,0.9011080934228366,3.0,0.0,6.0,-4.587278624785339,4.0535581904863855,-1.1850296264963793,1.7589194294086334,False,True,True,True,True,True,,seam,10097,False,False,0,0,,,,False,
tile,1.5443226591551849,0.0,1.0,8.0,0.03579589234627472,True,0.9011080934228366,3.0,0.0,6.0,-4.587278624785339,4.0535581904863855,-1.1850296264963793,1.7589194294086334,False,True,True,True,True,True,magnet_disc_10x3,,10098,False,False,0,0,,,,False,
wood,0.8842250321418386,0.0,2.0,8.0,0.02899850902820474,True,0.1911102734600748,3.0,0.0,6.0,-4.125607200158221,3.996962940543459,2.8405847639868766,0.7584021240263025,False,True,True,True,True,True,coin_1yen,,10099,False,False,0,0,,,,False,
wood,0.8842250321418386,0.0,2.0,8.0,0.02899850902820474,True,0.1911102734600748,3.0,0.0,6.0,-4.125607200158221,3.996962940543459,2.8405847639868766,0.7584021240263025,False,True,True,True,True,True,,empty,10100,False,False,0,0,,,,False,
wood,0.8842250321418386,0.0,2.0,8.0,0.02899850902820474,True,0.1911102734600748,3.0,0.0,6.0,-4.125607200158221,3.996962940543459,2.8405847639868766,0.7584021240263025,False,True,True,True,True,True,magnet_ball_5,,10101,False,False,0,0,,,,False,
rug,1.4655571431204655,0.29030307402074795,2.0,8.0,0.017637170784820255,True,0.5198330743342318,3.0,0.6400817155953615,6.0,2.202742788556119,2.7347572526113417,-3.2834889378889374,1.2065837682844953,False,True,True,True,True,True,coin_10yen,,10102,True,True,0,1,,off_line,5.073202949013467,False,14.18977230461499
rug,1.4655571431204655,0.29030307402074795,2.0,8.0,0.017637170784820255,True,0.5198330743342318,3.0,0.6400817155953615,6.0,2.202742788556119,2.7347572526113417,-3.2834889378889374,1.2065837682844953,False,True,True,True,True,True,,stain,10103,False,False,0,1,,,,False,
rug,1.4655571431204655,0.29030307402074795,2.0,8.0,0.017637170784820255,True,0.5198330743342318,3.0,0.6400817155953615,6.0,2.202742788556119,2.7347572526113417,-3.2834889378889374,1.2065837682844953,False,True,True,True,True,True,pill_8,,10104,False,False,0,1,,,,False,
wood,1.7332057385966602,0.0,0.0,50.0,0.04120009038249597,True,0.6806863255702125,3.0,0.0,6.0,-2.599522071830694,0.24508819107208016,-2.3882603252853114,0.9744363128493833,False,True,True,True,True,True,button_cr2032,,10105,True,True,2,0,,specular_break,32.28597097212891,True,12.76049612125909
wood,1.7332057385966602,0.0,0.0,50.0,0.04120009038249597,True,0.6806863255702125,3.0,0.0,6.0,-2.599522071830694,0.24508819107208016,-2.3882603252853114,0.9744363128493833,False,True,True,True,True,True,,seam,10106,False,False,1,1,,,,False,
wood,1.7332057385966602,0.0,0.0,50.0,0.04120009038249597,True,0.6806863255702125,3.0,0.0,6.0,-2.599522071830694,0.24508819107208016,-2.3882603252853114,0.9744363128493833,False,True,True,True,True,True,button_cr2032,,10107,False,True,0,0,,specular_break,32.29439289776195,True,30.661582087047336
wood,1.6223364126218673,0.0,0.0,150.0,0.019837594357671264,True,0.20216809397548463,3.0,0.0,6.0,-1.743097717535746,1.0625024312723783,0.26716811621765985,3.1883138006764282,False,True,True,True,True,True,button_lr44,,10108,False,True,0,0,,specular_break,12.02626250570116,True,35.007050211416555
wood,1.6223364126218673,0.0,0.0,150.0,0.019837594357671264,True,0.20216809397548463,3.0,0.0,6.0,-1.743097717535746,1.0625024312723783,0.26716811621765985,3.1883138006764282,False,True,True,True,True,True,,empty,10109,False,False,0,0,,,,False,
wood,1.6223364126218673,0.0,0.0,150.0,0.019837594357671264,True,0.20216809397548463,3.0,0.0,6.0,-1.743097717535746,1.0625024312723783,0.26716811621765985,3.1883138006764282,False,True,True,True,True,True,button_lr44,,10110,True,True,1,0,0.1965927228017499,measured,10.85570616666124,True,6.815119822917692
tile,0.8970426925826598,0.0,1.0,8.0,0.02931891773991889,True,0.958409335179392,3.0,0.0,6.0,6.356409092187963,-2.684088906572883,2.7594217816949644,2.242245357878446,False,True,True,True,True,True,bead_6,,10111,False,False,0,0,,,,False,
tile,0.8970426925826598,0.0,1.0,8.0,0.02931891773991889,True,0.958409335179392,3.0,0.0,6.0,6.356409092187963,-2.684088906572883,2.7594217816949644,2.242245357878446,False,True,True,True,True,True,,stain,10112,False,False,0,0,,,,False,
tile,0.8970426925826598,0.0,1.0,8.0,0.02931891773991889,True,0.958409335179392,3.0,0.0,6.0,6.356409092187963,-2.684088906572883,2.7594217816949644,2.242245357878446,False,True,True,True,True,True,magnet_disc_10x3,,10113,True,True,0,0,,off_line,7.874669274825678,True,5.436732405672167
wood,1.8327348303672504,0.0,2.0,8.0,0.02641412200284965,True,0.22650039568236358,3.0,0.0,6.0,-2.2801763701933013,0.36742464617789655,-1.3214046146107856,1.5396417026415958,False,True,True,True,True,True,bead_10_dark,,10114,False,False,0,0,,,,False,
wood,1.8327348303672504,0.0,2.0,8.0,0.02641412200284965,True,0.22650039568236358,3.0,0.0,6.0,-2.2801763701933013,0.36742464617789655,-1.3214046146107856,1.5396417026415958,False,True,True,True,True,True,,seam,10115,False,False,2,2,,,,False,
wood,1.8327348303672504,0.0,2.0,8.0,0.02641412200284965,True,0.22650039568236358,3.0,0.0,6.0,-2.2801763701933013,0.36742464617789655,-1.3214046146107856,1.5396417026415958,False,True,True,True,True,True,magnet_ball_5,,10116,True,True,0,0,,specular_break,12.774008149005791,False,19.098125709591802
tile,1.640729897997875,0.0,0.0,50.0,0.02069779412325964,True,0.6142014356679537,3.0,0.0,6.0,3.2491605003204533,-0.5983822685340475,6.324865234178256,0.6977509201853288,False,True,True,True,True,True,magnet_disc_10x3,,10117,True,True,0,0,,specular_break,7.9908871934571035,True,4.7401698464308115
tile,1.640729897997875,0.0,0.0,50.0,0.02069779412325964,True,0.6142014356679537,3.0,0.0,6.0,3.2491605003204533,-0.5983822685340475,6.324865234178256,0.6977509201853288,False,True,True,True,True,True,,empty,10118,False,False,0,0,,,,False,
tile,1.640729897997875,0.0,0.0,50.0,0.02069779412325964,True,0.6142014356679537,3.0,0.0,6.0,3.2491605003204533,-0.5983822685340475,6.324865234178256,0.6977509201853288,False,True,True,True,True,True,pill_8,,10119,True,True,0,0,1.3572680741560141,measured,9.327890519961144,False,4.818542063516506
rug,0.8437275049950599,0.27812084243672736,0.0,150.0,0.009774125648829818,True,0.9718374166111121,3.0,1.006726170434094,6.0,-0.4621711787484706,2.161065957435514,-4.499396366604584,2.7151435738663783,False,True,True,True,True,True,magnet_ball_5,,10120,True,True,0,0,0.22551500258092894,measured,6.742177535906301,False,16.34051175019395
rug,0.8437275049950599,0.27812084243672736,0.0,150.0,0.009774125648829818,True,0.9718374166111121,3.0,1.006726170434094,6.0,-0.4621711787484706,2.161065957435514,-4.499396366604584,2.7151435738663783,False,True,True,True,True,True,,stain,10121,False,False,0,1,,,,False,
rug,0.8437275049950599,0.27812084243672736,0.0,150.0,0.009774125648829818,True,0.9718374166111121,3.0,1.006726170434094,6.0,-0.4621711787484706,2.161065957435514,-4.499396366604584,2.7151435738663783,False,True,True,True,True,True,button_cr2032,,10122,False,False,0,0,,,,False,
carpet,0.7342032220860385,0.569296463104734,2.0,150.0,0.03388993890479795,True,0.3688215166959502,3.0,0.8635831368285782,6.0,-0.14948010273878243,-1.0797278743530296,0.3195713311860887,1.1259651646510456,False,True,True,True,True,True,pill_8,,10123,True,True,0,0,0.7867199307734225,measured,12.462132270160623,False,5.528715820523159
carpet,0.7342032220860385,0.569296463104734,2.0,150.0,0.03388993890479795,True,0.3688215166959502,3.0,0.8635831368285782,6.0,-0.14948010273878243,-1.0797278743530296,0.3195713311860887,1.1259651646510456,False,True,True,True,True,True,,seam,10124,False,False,4,4,,,,False,
carpet,0.7342032220860385,0.569296463104734,2.0,150.0,0.03388993890479795,True,0.3688215166959502,3.0,0.8635831368285782,6.0,-0.14948010273878243,-1.0797278743530296,0.3195713311860887,1.1259651646510456,False,True,True,True,True,True,button_lr44,,10125,False,False,0,1,,,,False,
pattern,0.572398392502843,0.03964480616789648,4.0,8.0,0.0394422577817419,True,0.6066925067405504,3.0,0.0,6.0,-2.675196978426814,2.344902454692646,-0.2535644640073573,1.5738887621810862,False,True,True,True,True,True,plastic_part_8,,10126,True,True,0,0,0.006026006225303249,measured,7.941687108915545,False,0.6687789292757986
pattern,0.572398392502843,0.03964480616789648,4.0,8.0,0.0394422577817419,True,0.6066925067405504,3.0,0.0,6.0,-2.675196978426814,2.344902454692646,-0.2535644640073573,1.5738887621810862,False,True,True,True,True,True,,empty,10127,False,False,0,0,,,,False,
pattern,0.572398392502843,0.03964480616789648,4.0,8.0,0.0394422577817419,True,0.6066925067405504,3.0,0.0,6.0,-2.675196978426814,2.344902454692646,-0.2535644640073573,1.5738887621810862,False,True,True,True,True,True,magnet_disc_10x3,,10128,True,True,0,0,0.9854916357159524,measured,10.250955962944802,True,5.8984699037030985
rug,0.6126990423091754,0.2204179983173219,0.0,8.0,0.0033711860242134797,True,0.7732645980412682,3.0,1.2318399091168837,6.0,-0.39240792469756314,-0.5955209595978647,-1.03492003828595,5.012139674631264,False,True,True,True,True,True,floor_colored_12,,10129,True,True,0,0,0.3526220600676844,measured,11.02382957128642,False,6.7628263284609975
rug,0.6126990423091754,0.2204179983173219,0.0,8.0,0.0033711860242134797,True,0.7732645980412682,3.0,1.2318399091168837,6.0,-0.39240792469756314,-0.5955209595978647,-1.03492003828595,5.012139674631264,False,True,True,True,True,True,,stain,10130,False,False,0,0,,,,False,
rug,0.6126990423091754,0.2204179983173219,0.0,8.0,0.0033711860242134797,True,0.7732645980412682,3.0,1.2318399091168837,6.0,-0.39240792469756314,-0.5955209595978647,-1.03492003828595,5.012139674631264,False,True,True,True,True,True,magnet_ball_5,,10131,True,True,1,1,0.10232677915817767,measured,6.599231241026553,True,3.146223186442664
rug,1.0330237717590445,0.2549683916952726,1.0,150.0,0.027913947398751717,True,0.38729491505187397,3.0,0.9358541729087014,6.0,-3.2674616466869946,-2.160306068595161,1.389991017621057,1.0941913226786675,False,True,True,True,True,True,coin_1yen,,10132,True,True,1,1,1.3636167675989874,measured,23.64093702685065,False,13.078670088577356
rug,1.0330237717590445,0.2549683916952726,1.0,150.0,0.027913947398751717,True,0.38729491505187397,3.0,0.9358541729087014,6.0,-3.2674616466869946,-2.160306068595161,1.389991017621057,1.0941913226786675,False,True,True,True,True,True,,seam,10133,False,False,11,12,,,,False,
rug,1.0330237717590445,0.2549683916952726,1.0,150.0,0.027913947398751717,True,0.38729491505187397,3.0,0.9358541729087014,6.0,-3.2674616466869946,-2.160306068595161,1.389991017621057,1.0941913226786675,False,True,True,True,True,True,pill_8,,10134,True,True,0,1,1.0431726857203802,measured,19.849124387852108,False,6.259953665360166
carpet,1.4161976583827132,0.30627040711828396,1.0,50.0,0.04928848175982096,True,0.42802451904395167,3.0,1.2645220718849859,6.0,0.06631408600944066,0.0044232051467562135,-2.371634429003627,0.28375565648346607,True,True,True,True,True,True,coin_10yen,,10135,True,True,1,0,1.4950386988422544,measured,21.4406975230425,False,15.95434186945574
carpet,1.4161976583827132,0.30627040711828396,1.0,50.0,0.04928848175982096,True,0.42802451904395167,3.0,1.2645220718849859,6.0,0.06631408600944066,0.0044232051467562135,-2.371634429003627,0.28375565648346607,True,True,True,True,True,True,,empty,10136,False,False,0,1,,,,False,
carpet,1.4161976583827132,0.30627040711828396,1.0,50.0,0.04928848175982096,True,0.42802451904395167,3.0,1.2645220718849859,6.0,0.06631408600944066,0.0044232051467562135,-2.371634429003627,0.28375565648346607,True,True,True,True,True,True,button_cr2032,,10137,True,True,2,0,,specular_break,26.247549386830467,True,12.344188445859718
tile,0.7740683864934169,0.0,1.0,50.0,0.04803324429651359,True,0.6038696577407527,3.0,0.0,6.0,1.0837612459301305,2.5857861003876104,1.3610137927709043,3.3803198859538526,False,True,True,True,True,True,button_cr2032,,10138,True,True,2,1,,specular_break,15.004027157271999,True,20.966881514524125
tile,0.7740683864934169,0.0,1.0,50.0,0.04803324429651359,True,0.6038696577407527,3.0,0.0,6.0,1.0837612459301305,2.5857861003876104,1.3610137927709043,3.3803198859538526,False,True,True,True,True,True,,stain,10139,False,False,0,0,,,,False,
tile,0.7740683864934169,0.0,1.0,50.0,0.04803324429651359,True,0.6038696577407527,3.0,0.0,6.0,1.0837612459301305,2.5857861003876104,1.3610137927709043,3.3803198859538526,False,True,True,True,True,True,button_lr44,,10140,True,True,1,0,,specular_break,12.263395372137108,True,6.363140995354293
pattern,1.159549174948297,0.15471124566185981,1.0,50.0,0.009167812155256378,True,0.2959268470094133,3.0,0.0,6.0,-2.1253957097939797,-0.5808001601459107,0.4287409490004587,1.0879154435746512,False,True,True,True,True,True,button_lr44,,10141,False,True,0,0,,specular_break,10.715330204855242,False,7.290546578351496
pattern,1.159549174948297,0.15471124566185981,1.0,50.0,0.009167812155256378,True,0.2959268470094133,3.0,0.0,6.0,-2.1253957097939797,-0.5808001601459107,0.4287409490004587,1.0879154435746512,False,True,True,True,True,True,,seam,10142,False,False,7,7,,,,False,
pattern,1.159549174948297,0.15471124566185981,1.0,50.0,0.009167812155256378,True,0.2959268470094133,3.0,0.0,6.0,-2.1253957097939797,-0.5808001601459107,0.4287409490004587,1.0879154435746512,False,True,True,True,True,True,magnet_disc_10x3,,10143,True,True,0,0,0.5465795012582433,measured,8.278549404088158,True,5.200198247023155
wood,0.986219563711064,0.0,2.0,50.0,0.049975067612851344,True,0.7760316524447806,3.0,0.0,6.0,-5.140318313892932,-0.2820453302260449,1.028074708937038,1.5217421750128577,False,True,True,True,True,True,bead_6,,10144,False,False,0,0,,,,False,
wood,0.986219563711064,0.0,2.0,50.0,0.049975067612851344,True,0.7760316524447806,3.0,0.0,6.0,-5.140318313892932,-0.2820453302260449,1.028074708937038,1.5217421750128577,False,True,True,True,True,True,,empty,10145,False,False,0,0,,,,False,
wood,0.986219563711064,0.0,2.0,50.0,0.049975067612851344,True,0.7760316524447806,3.0,0.0,6.0,-5.140318313892932,-0.2820453302260449,1.028074708937038,1.5217421750128577,False,True,True,True,True,True,magnet_ball_5,,10146,False,False,0,0,,,,False,
tile,1.2682236794313506,0.0,0.0,150.0,0.04342155772086148,True,0.31600498576024083,3.0,0.0,6.0,-0.3077258522499713,2.898519370262916,1.8788435851810572,0.7385735513751478,False,True,True,True,True,True,bead_10_dark,,10147,False,True,0,0,0.909502461349371,measured,10.929377357456389,False,5.3293118038520575
tile,1.2682236794313506,0.0,0.0,150.0,0.04342155772086148,True,0.31600498576024083,3.0,0.0,6.0,-0.3077258522499713,2.898519370262916,1.8788435851810572,0.7385735513751478,False,True,True,True,True,True,,stain,10148,False,False,0,0,,,,False,
tile,1.2682236794313506,0.0,0.0,150.0,0.04342155772086148,True,0.31600498576024083,3.0,0.0,6.0,-0.3077258522499713,2.898519370262916,1.8788435851810572,0.7385735513751478,False,True,True,True,True,True,pill_8,,10149,False,False,0,0,,,,False,
wood,1.35228847143894,0.0,2.0,150.0,0.0203306422516924,True,0.3065072175307022,3.0,0.0,6.0,-5.147837855274962,-0.5583030109355283,0.844413307771867,2.5649624673663287,False,True,True,True,True,True,magnet_disc_10x3,,10150,True,True,0,0,-0.0034198793448343423,measured,8.876226363849428,True,9.182100605154867
wood,1.35228847143894,0.0,2.0,150.0,0.0203306422516924,True,0.3065072175307022,3.0,0.0,6.0,-5.147837855274962,-0.5583030109355283,0.844413307771867,2.5649624673663287,False,True,True,True,True,True,,seam,10151,False,False,0,0,,,,False,
wood,1.35228847143894,0.0,2.0,150.0,0.0203306422516924,True,0.3065072175307022,3.0,0.0,6.0,-5.147837855274962,-0.5583030109355283,0.844413307771867,2.5649624673663287,False,True,True,True,True,True,button_cr2032,,10152,True,True,0,0,0.0012585933355175882,measured,14.678952544196598,True,22.732704311117228
tile,1.5100394468377216,0.0,2.0,50.0,0.04477083878159191,True,0.16998845146941277,3.0,0.0,6.0,0.3481820202930519,1.608157916239746,-1.512597743331402,0.7159098124263135,True,True,True,True,True,True,magnet_ball_5,,10153,False,False,0,0,,,,False,
tile,1.5100394468377216,0.0,2.0,50.0,0.04477083878159191,True,0.16998845146941277,3.0,0.0,6.0,0.3481820202930519,1.608157916239746,-1.512597743331402,0.7159098124263135,True,True,True,True,True,True,,empty,10154,False,False,0,0,,,,False,
tile,1.5100394468377216,0.0,2.0,50.0,0.04477083878159191,True,0.16998845146941277,3.0,0.0,6.0,0.3481820202930519,1.608157916239746,-1.512597743331402,0.7159098124263135,True,True,True,True,True,True,button_lr44,,10155,True,True,1,0,,specular_break,13.430480531296917,True,6.568923752504909
wood,0.5339157958203202,0.0,4.0,50.0,0.010826415033841226,True,0.3559062195172905,3.0,0.0,6.0,2.8752200404241943,-0.7237173606086021,-2.5571701743775823,0.7546334873876291,False,True,True,True,True,True,pill_8,,10156,True,True,0,0,3.46293568581088,measured,8.032520702957882,False,4.74083297523886
wood,0.5339157958203202,0.0,4.0,50.0,0.010826415033841226,True,0.3559062195172905,3.0,0.0,6.0,2.8752200404241943,-0.7237173606086021,-2.5571701743775823,0.7546334873876291,False,True,True,True,True,True,,stain,10157,False,False,0,0,,,,False,
wood,0.5339157958203202,0.0,4.0,50.0,0.010826415033841226,True,0.3559062195172905,3.0,0.0,6.0,2.8752200404241943,-0.7237173606086021,-2.5571701743775823,0.7546334873876291,False,True,True,True,True,True,magnet_disc_10x3,,10158,False,False,0,0,,,,False,
tile,1.4167616786512613,0.0,2.0,50.0,0.004237948361200694,True,0.5819025790346892,3.0,0.0,6.0,3.205692472256375,-0.9530197179019111,2.3131479794219327,0.11595200013938517,True,True,True,True,True,True,plastic_part_8,,10159,True,True,2,2,0.17347764870456217,measured,7.811759591835697,False,2.745011512871687
tile,1.4167616786512613,0.0,2.0,50.0,0.004237948361200694,True,0.5819025790346892,3.0,0.0,6.0,3.205692472256375,-0.9530197179019111,2.3131479794219327,0.11595200013938517,True,True,True,True,True,True,,seam,10160,False,False,0,0,,,,False,
tile,1.4167616786512613,0.0,2.0,50.0,0.004237948361200694,True,0.5819025790346892,3.0,0.0,6.0,3.205692472256375,-0.9530197179019111,2.3131479794219327,0.11595200013938517,True,True,True,True,True,True,magnet_ball_5,,10161,True,True,0,0,0.011495228203976637,measured,2.447193140898814,True,10.625545701176627
carpet,1.891338214198944,0.37809402306678597,0.0,50.0,0.022983747663851247,True,0.755118106560127,3.0,0.7276907635344605,6.0,-0.004175894408319003,-2.49832530335181,-0.4517939950812148,0.6939055714047246,True,True,True,True,True,True,floor_colored_12,,10162,True,True,0,1,0.8414278369877319,measured,12.071261912669366,False,14.461019136017615
carpet,1.891338214198944,0.37809402306678597,0.0,50.0,0.022983747663851247,True,0.755118106560127,3.0,0.7276907635344605,6.0,-0.004175894408319003,-2.49832530335181,-0.4517939950812148,0.6939055714047246,True,True,True,True,True,True,,empty,10163,False,False,0,0,,,,False,
carpet,1.891338214198944,0.37809402306678597,0.0,50.0,0.022983747663851247,True,0.755118106560127,3.0,0.7276907635344605,6.0,-0.004175894408319003,-2.49832530335181,-0.4517939950812148,0.6939055714047246,True,True,True,True,True,True,pill_8,,10164,True,True,0,1,1.723713807471455,measured,10.829679724397195,False,9.044595187957377
pattern,1.581748679175263,0.13532089264891592,0.0,50.0,0.03437075011566633,True,0.5862642110184831,3.0,0.0,6.0,-4.572445090935876,-1.1099661934333684,0.10891806710923813,2.5043038868892316,False,True,True,True,True,True,coin_1yen,,10165,False,True,0,0,0.666946341385378,measured,16.62910534534197,False,10.48478451820253
pattern,1.581748679175263,0.13532089264891592,0.0,50.0,0.03437075011566633,True,0.5862642110184831,3.0,0.0,6.0,-4.572445090935876,-1.1099661934333684,0.10891806710923813,2.5043038868892316,False,True,True,True,True,True,,stain,10166,False,False,0,0,,,,False,
pattern,1.581748679175263,0.13532089264891592,0.0,50.0,0.03437075011566633,True,0.5862642110184831,3.0,0.0,6.0,-4.572445090935876,-1.1099661934333684,0.10891806710923813,2.5043038868892316,False,True,True,True,True,True,button_cr2032,,10167,False,True,0,1,4.603799964376652,measured,4.285150341898993,True,20.22826189107751
rug,0.6784477436217764,0.17078304161595495,0.0,50.0,0.018873171576621703,True,0.7084994832867091,3.0,0.3463831430674155,6.0,-0.6936778064766319,4.555001049706068,0.8326210837003716,1.5258376670012017,True,True,True,True,True,True,coin_10yen,,10168,False,False,0,0,,,,False,
rug,0.6784477436217764,0.17078304161595495,0.0,50.0,0.018873171576621703,True,0.7084994832867091,3.0,0.3463831430674155,6.0,-0.6936778064766319,4.555001049706068,0.8326210837003716,1.5258376670012017,True,True,True,True,True,True,,seam,10169,False,False,1,1,,,,False,
rug,0.6784477436217764,0.17078304161595495,0.0,50.0,0.018873171576621703,True,0.7084994832867091,3.0,0.3463831430674155,6.0,-0.6936778064766319,4.555001049706068,0.8326210837003716,1.5258376670012017,True,True,True,True,True,True,button_lr44,,10170,False,False,0,1,,,,False,
rug,1.4955256089934656,0.2999822999704857,4.0,8.0,0.03446508684650921,True,0.3556370863817859,3.0,1.3726779223345247,6.0,-0.05375044816491827,-0.38398644022418277,-1.9976282392288107,0.5167662054084066,True,True,True,True,True,True,button_cr2032,,10171,True,True,1,0,,specular_break,17.863409056022874,False,10.805047931492792
rug,1.4955256089934656,0.2999822999704857,4.0,8.0,0.03446508684650921,True,0.3556370863817859,3.0,1.3726779223345247,6.0,-0.05375044816491827,-0.38398644022418277,-1.9976282392288107,0.5167662054084066,True,True,True,True,True,True,,empty,10172,False,False,0,3,,,,False,
rug,1.4955256089934656,0.2999822999704857,4.0,8.0,0.03446508684650921,True,0.3556370863817859,3.0,1.3726779223345247,6.0,-0.05375044816491827,-0.38398644022418277,-1.9976282392288107,0.5167662054084066,True,True,True,True,True,True,magnet_disc_10x3,,10173,True,True,2,2,,specular_break,9.94603213240119,False,4.757563683001181
pattern,1.5981201250548265,0.10523360610032431,0.0,150.0,0.011126666938609177,True,0.7564671103596112,3.0,0.0,6.0,2.680150870332403,1.8159558214214475,-2.0767775516042244,3.3958796609212083,False,True,True,True,True,True,button_lr44,,10174,True,True,0,0,0.6890829015332134,measured,10.849482295516966,False,6.709191837711831
pattern,1.5981201250548265,0.10523360610032431,0.0,150.0,0.011126666938609177,True,0.7564671103596112,3.0,0.0,6.0,2.680150870332403,1.8159558214214475,-2.0767775516042244,3.3958796609212083,False,True,True,True,True,True,,stain,10175,False,False,0,0,,,,False,
pattern,1.5981201250548265,0.10523360610032431,0.0,150.0,0.011126666938609177,True,0.7564671103596112,3.0,0.0,6.0,2.680150870332403,1.8159558214214475,-2.0767775516042244,3.3958796609212083,False,True,True,True,True,True,magnet_ball_5,,10176,False,False,0,0,,,,False,
tile,1.402496156348384,0.0,0.0,8.0,0.01581109338382334,True,0.3767060518006826,3.0,0.0,6.0,3.7200543459271955,0.7230249480419273,1.5669651022490365,1.81348082763349,False,True,True,True,True,True,bead_6,,10177,True,True,1,1,2.673688710052378,measured,7.778690606443534,True,3.2298422312128636
tile,1.402496156348384,0.0,0.0,8.0,0.01581109338382334,True,0.3767060518006826,3.0,0.0,6.0,3.7200543459271955,0.7230249480419273,1.5669651022490365,1.81348082763349,False,True,True,True,True,True,,seam,10178,False,False,0,0,,,,False,
tile,1.402496156348384,0.0,0.0,8.0,0.01581109338382334,True,0.3767060518006826,3.0,0.0,6.0,3.7200543459271955,0.7230249480419273,1.5669651022490365,1.81348082763349,False,True,True,True,True,True,pill_8,,10179,True,True,0,0,2.2299994051893073,measured,7.444445125197415,False,5.7915091312091125
pattern,0.6132785533416465,0.0018780739242364676,4.0,8.0,0.020037238388078218,True,0.9704494067485071,3.0,0.0,6.0,-1.7193876472996965,-1.2154812608844936,-6.8862725865995,0.21099895532119328,False,True,True,True,True,True,bead_10_dark,,10180,False,False,0,0,,,,False,
pattern,0.6132785533416465,0.0018780739242364676,4.0,8.0,0.020037238388078218,True,0.9704494067485071,3.0,0.0,6.0,-1.7193876472996965,-1.2154812608844936,-6.8862725865995,0.21099895532119328,False,True,True,True,True,True,,empty,10181,False,False,0,0,,,,False,
pattern,0.6132785533416465,0.0018780739242364676,4.0,8.0,0.020037238388078218,True,0.9704494067485071,3.0,0.0,6.0,-1.7193876472996965,-1.2154812608844936,-6.8862725865995,0.21099895532119328,False,True,True,True,True,True,button_cr2032,,10182,False,True,0,0,,specular_break,21.86500015162262,False,8.052702134466804
wood,1.071352110621366,0.0,2.0,8.0,0.020995941560128753,True,0.9622613949147543,3.0,0.0,6.0,1.6389172963928962,1.9530541947052857,-1.06587370196098,1.496166425741855,True,True,True,True,True,True,magnet_disc_10x3,,10183,True,True,0,0,,specular_break,9.35346958768761,True,5.375508620020404
wood,1.071352110621366,0.0,2.0,8.0,0.020995941560128753,True,0.9622613949147543,3.0,0.0,6.0,1.6389172963928962,1.9530541947052857,-1.06587370196098,1.496166425741855,True,True,True,True,True,True,,stain,10184,False,False,0,0,,,,False,
wood,1.071352110621366,0.0,2.0,8.0,0.020995941560128753,True,0.9622613949147543,3.0,0.0,6.0,1.6389172963928962,1.9530541947052857,-1.06587370196098,1.496166425741855,True,True,True,True,True,True,button_lr44,,10185,True,True,0,0,,specular_break,13.860542460563142,True,6.29845975366312
wood,0.8303490366706927,0.0,2.0,150.0,0.016590695932925188,True,0.2456774927090868,3.0,0.0,6.0,-2.2566131283637354,2.2402923636853482,-0.435234508479671,2.3221796995851447,False,True,True,True,True,True,magnet_ball_5,,10186,True,True,0,0,,off_line,5.575845494688323,True,3.6105389208592493
wood,0.8303490366706927,0.0,2.0,150.0,0.016590695932925188,True,0.2456774927090868,3.0,0.0,6.0,-2.2566131283637354,2.2402923636853482,-0.435234508479671,2.3221796995851447,False,True,True,True,True,True,,seam,10187,False,False,0,0,,,,False,
wood,0.8303490366706927,0.0,2.0,150.0,0.016590695932925188,True,0.2456774927090868,3.0,0.0,6.0,-2.2566131283637354,2.2402923636853482,-0.435234508479671,2.3221796995851447,False,True,True,True,True,True,magnet_disc_10x3,,10188,False,False,0,0,,,,False,
carpet,1.7906185023183872,0.7122896626268104,0.0,50.0,0.007672728318232358,True,0.22565741227847802,3.0,0.6802858335314026,6.0,0.19773202068626894,0.5864274231619111,0.3190389988578821,0.08814944522710663,False,True,True,True,True,True,pill_8,,10189,False,False,0,1,,,,False,
carpet,1.7906185023183872,0.7122896626268104,0.0,50.0,0.007672728318232358,True,0.22565741227847802,3.0,0.6802858335314026,6.0,0.19773202068626894,0.5864274231619111,0.3190389988578821,0.08814944522710663,False,True,True,True,True,True,,empty,10190,False,False,0,1,,,,False,
carpet,1.7906185023183872,0.7122896626268104,0.0,50.0,0.007672728318232358,True,0.22565741227847802,3.0,0.6802858335314026,6.0,0.19773202068626894,0.5864274231619111,0.3190389988578821,0.08814944522710663,False,True,True,True,True,True,magnet_ball_5,,10191,True,True,1,2,,specular_break,12.37582067507418,False,11.016167003731928
wood,1.143090706227208,0.0,4.0,8.0,0.03591106325465841,True,0.39847844278491207,3.0,0.0,6.0,4.130176141077915,0.690556810639038,1.4437374577502573,1.097458675431561,False,True,True,True,True,True,plastic_part_8,,10192,False,False,0,0,,,,False,
wood,1.143090706227208,0.0,4.0,8.0,0.03591106325465841,True,0.39847844278491207,3.0,0.0,6.0,4.130176141077915,0.690556810639038,1.4437374577502573,1.097458675431561,False,True,True,True,True,True,,stain,10193,False,False,0,0,,,,False,
wood,1.143090706227208,0.0,4.0,8.0,0.03591106325465841,True,0.39847844278491207,3.0,0.0,6.0,4.130176141077915,0.690556810639038,1.4437374577502573,1.097458675431561,False,True,True,True,True,True,pill_8,,10194,True,True,0,1,2.5602944872503386,measured,7.486662102185035,False,6.171176096943006
wood,1.3960184353652045,0.0,0.0,50.0,0.04149456405804744,True,0.5238965642269047,3.0,0.0,6.0,-0.9050289811084351,2.0732117544717057,-0.5052296182607583,2.5985197402615574,False,True,True,True,True,True,floor_colored_12,,10195,True,True,0,0,-0.2947368589529322,measured,10.474629687185967,False,12.553022752826426
wood,1.3960184353652045,0.0,0.0,50.0,0.04149456405804744,True,0.5238965642269047,3.0,0.0,6.0,-0.9050289811084351,2.0732117544717057,-0.5052296182607583,2.5985197402615574,False,True,True,True,True,True,,seam,10196,False,False,0,0,,,,False,
wood,1.3960184353652045,0.0,0.0,50.0,0.04149456405804744,True,0.5238965642269047,3.0,0.0,6.0,-0.9050289811084351,2.0732117544717057,-0.5052296182607583,2.5985197402615574,False,True,True,True,True,True,button_cr2032,,10197,True,True,0,0,,specular_break,47.05627431784538,False,25.97222531764645
carpet,0.6866428973515241,0.492993400237641,0.0,150.0,0.019257616211313625,True,0.17382817662362737,3.0,1.1432574945905816,6.0,-5.907225391730874,-0.23151808805997431,0.8844009538308011,0.5360081712280335,False,True,True,True,True,True,coin_1yen,,10198,True,True,13,13,0.7394893028899769,measured,39.18815092741834,False,2.9862578928689993
carpet,0.6866428973515241,0.492993400237641,0.0,150.0,0.019257616211313625,True,0.17382817662362737,3.0,1.1432574945905816,6.0,-5.907225391730874,-0.23151808805997431,0.8844009538308011,0.5360081712280335,False,True,True,True,True,True,,empty,10199,False,False,11,11,,,,False,
carpet,0.6866428973515241,0.492993400237641,0.0,150.0,0.019257616211313625,True,0.17382817662362737,3.0,1.1432574945905816,6.0,-5.907225391730874,-0.23151808805997431,0.8844009538308011,0.5360081712280335,False,True,True,True,True,True,button_lr44,,10200,False,False,15,15,,,,False,
wood,1.197488450263216,0.0,0.0,50.0,0.048912405700977386,True,0.4196330759479471,3.0,0.0,6.0,2.484793379540656,1.096973665193169,2.7530174623836863,0.8814134895271218,False,True,True,True,True,True,coin_10yen,,10201,True,True,0,0,1.3966625460961097,measured,16.626414709516474,False,15.973194749035354
wood,1.197488450263216,0.0,0.0,50.0,0.048912405700977386,True,0.4196330759479471,3.0,0.0,6.0,2.484793379540656,1.096973665193169,2.7530174623836863,0.8814134895271218,False,True,True,True,True,True,,stain,10202,False,False,0,0,,,,False,
wood,1.197488450263216,0.0,0.0,50.0,0.048912405700977386,True,0.4196330759479471,3.0,0.0,6.0,2.484793379540656,1.096973665193169,2.7530174623836863,0.8814134895271218,False,True,True,True,True,True,magnet_disc_10x3,,10203,True,True,0,0,,specular_break,8.768122777385376,False,5.029680829031312
tile,1.46902261983699,0.0,1.0,50.0,0.04935166717799788,True,0.8173901430779064,3.0,0.0,6.0,5.5521083398544455,-1.9203022385812623,-0.3048933887785698,1.3708840214360543,False,True,True,True,True,True,button_cr2032,,10204,False,False,0,0,,,,False,
tile,1.46902261983699,0.0,1.0,50.0,0.04935166717799788,True,0.8173901430779064,3.0,0.0,6.0,5.5521083398544455,-1.9203022385812623,-0.3048933887785698,1.3708840214360543,False,True,True,True,True,True,,seam,10205,False,False,6,10,,,,False,
tile,1.46902261983699,0.0,1.0,50.0,0.04935166717799788,True,0.8173901430779064,3.0,0.0,6.0,5.5521083398544455,-1.9203022385812623,-0.3048933887785698,1.3708840214360543,False,True,True,True,True,True,magnet_ball_5,,10206,True,True,0,0,,off_line,5.499393064182648,True,2.2956628141458504
wood,1.6360430185356831,0.0,4.0,8.0,0.03737930876125428,True,0.46982387427320615,3.0,0.0,6.0,-3.5582089619594623,-2.1181213989202887,-5.1597320419746,2.4387091774652676,True,True,True,True,True,True,button_lr44,,10207,True,True,0,0,,specular_break,12.448994136487325,True,6.971789652701531
wood,1.6360430185356831,0.0,4.0,8.0,0.03737930876125428,True,0.46982387427320615,3.0,0.0,6.0,-3.5582089619594623,-2.1181213989202887,-5.1597320419746,2.4387091774652676,True,True,True,True,True,True,,empty,10208,False,False,0,0,,,,False,
wood,1.6360430185356831,0.0,4.0,8.0,0.03737930876125428,True,0.46982387427320615,3.0,0.0,6.0,-3.5582089619594623,-2.1181213989202887,-5.1597320419746,2.4387091774652676,True,True,True,True,True,True,pill_8,,10209,False,True,0,0,3.273807325279604,measured,15.783397910595522,False,3.5465819696717604
wood,1.8787849838568473,0.0,4.0,8.0,0.004484661110819327,True,0.9125459074536547,3.0,0.0,6.0,-1.187591356523997,0.9362978189790272,1.5802672954992816,2.750890623341774,False,True,True,True,True,True,bead_6,,10210,True,True,1,1,0.029238739747912135,measured,6.583882190862303,False,4.675960589831067
wood,1.8787849838568473,0.0,4.0,8.0,0.004484661110819327,True,0.9125459074536547,3.0,0.0,6.0,-1.187591356523997,0.9362978189790272,1.5802672954992816,2.750890623341774,False,True,True,True,True,True,,stain,10211,False,False,0,0,,,,False,
wood,1.8787849838568473,0.0,4.0,8.0,0.004484661110819327,True,0.9125459074536547,3.0,0.0,6.0,-1.187591356523997,0.9362978189790272,1.5802672954992816,2.750890623341774,False,True,True,True,True,True,button_cr2032,,10212,True,True,2,0,,specular_break,17.609144475354377,False,10.344781400829557
carpet,1.6043507239211818,0.4738902954751949,0.0,8.0,0.030505475494198783,True,0.014059085148911854,3.0,0.16762172295456634,6.0,-6.215241943803878,2.2687148159036563,0.5034779091672434,0.9024002897120932,False,True,True,True,True,True,bead_10_dark,,10213,True,True,23,6,,specular_break,44.668065645123214,False,34.40950885273181
carpet,1.6043507239211818,0.4738902954751949,0.0,8.0,0.030505475494198783,True,0.014059085148911854,3.0,0.16762172295456634,6.0,-6.215241943803878,2.2687148159036563,0.5034779091672434,0.9024002897120932,False,True,True,True,True,True,,seam,10214,False,False,9,8,,,,False,
carpet,1.6043507239211818,0.4738902954751949,0.0,8.0,0.030505475494198783,True,0.014059085148911854,3.0,0.16762172295456634,6.0,-6.215241943803878,2.2687148159036563,0.5034779091672434,0.9024002897120932,False,True,True,True,True,True,button_lr44,,10215,False,True,10,10,,specular_break,29.40412426826755,True,11.29675720867314
wood,1.0634634885578813,0.0,0.0,150.0,0.021556642810229867,True,0.29850727250244835,3.0,0.0,6.0,1.0631175832161759,-4.721156522889871,3.0239910102692553,0.7004766996461876,False,True,True,True,True,True,magnet_disc_10x3,,10216,True,True,0,0,-0.17068265297610807,measured,7.862752608141762,True,5.363358819452823
wood,1.0634634885578813,0.0,0.0,150.0,0.021556642810229867,True,0.29850727250244835,3.0,0.0,6.0,1.0631175832161759,-4.721156522889871,3.0239910102692553,0.7004766996461876,False,True,True,True,True,True,,empty,10217,False,False,0,0,,,,False,
wood,1.0634634885578813,0.0,0.0,150.0,0.021556642810229867,True,0.29850727250244835,3.0,0.0,6.0,1.0631175832161759,-4.721156522889871,3.0239910102692553,0.7004766996461876,False,True,True,True,True,True,magnet_disc_10x3,,10218,True,True,0,0,0.0014759738269720657,measured,7.646881711479698,True,6.886016242938846
tile,1.0583615362925283,0.0,2.0,50.0,0.02195341052561819,True,0.9952998033878611,3.0,0.0,6.0,-3.628879648126951,-3.4660054087689116,-3.4625142788949503,2.8415996857801273,False,True,True,True,True,True,magnet_ball_5,,10219,False,False,0,0,,,,False,
tile,1.0583615362925283,0.0,2.0,50.0,0.02195341052561819,True,0.9952998033878611,3.0,0.0,6.0,-3.628879648126951,-3.4660054087689116,-3.4625142788949503,2.8415996857801273,False,True,True,True,True,True,,stain,10220,False,False,0,0,,,,False,
tile,1.0583615362925283,0.0,2.0,50.0,0.02195341052561819,True,0.9952998033878611,3.0,0.0,6.0,-3.628879648126951,-3.4660054087689116,-3.4625142788949503,2.8415996857801273,False,True,True,True,True,True,magnet_ball_5,,10221,True,True,0,0,,specular_break,8.475884292803613,True,1.5039854790744471
wood,1.0692297750532356,0.0,0.0,8.0,0.0326526609184144,True,0.18138778838836134,3.0,0.0,6.0,3.0613676570149724,-2.1101851239655542,0.7176839152151735,1.5764144824981723,False,True,True,True,True,True,pill_8,,10222,True,True,0,0,2.070464638900539,measured,7.466149999060555,False,5.504651675115881
wood,1.0692297750532356,0.0,0.0,8.0,0.0326526609184144,True,0.18138778838836134,3.0,0.0,6.0,3.0613676570149724,-2.1101851239655542,0.7176839152151735,1.5764144824981723,False,True,True,True,True,True,,seam,10223,False,False,0,0,,,,False,
wood,1.0692297750532356,0.0,0.0,8.0,0.0326526609184144,True,0.18138778838836134,3.0,0.0,6.0,3.0613676570149724,-2.1101851239655542,0.7176839152151735,1.5764144824981723,False,True,True,True,True,True,pill_8,,10224,True,True,0,0,,off_line,7.477813591030279,False,4.44390299131743
rug,1.1083745300338241,0.3476774862098726,0.0,50.0,0.044153900074799884,True,0.5755398430302386,3.0,0.6369265424019501,6.0,-0.0882657678459104,0.8252547104099887,-0.8768487378596144,1.2699947651780463,True,True,True,True,True,True,plastic_part_8,,10225,True,True,1,1,1.1312583254847564,measured,11.599074732090484,False,5.378494736657398
rug,1.1083745300338241,0.3476774862098726,0.0,50.0,0.044153900074799884,True,0.5755398430302386,3.0,0.6369265424019501,6.0,-0.0882657678459104,0.8252547104099887,-0.8768487378596144,1.2699947651780463,True,True,True,True,True,True,,empty,10226,False,False,0,1,,,,False,
rug,1.1083745300338241,0.3476774862098726,0.0,50.0,0.044153900074799884,True,0.5755398430302386,3.0,0.6369265424019501,6.0,-0.0882657678459104,0.8252547104099887,-0.8768487378596144,1.2699947651780463,True,True,True,True,True,True,button_cr2032,,10227,True,True,0,1,,specular_break,21.87400997758518,True,12.053922979874924
tile,1.8636079442739577,0.0,0.0,50.0,0.044768104637988845,True,0.2263330477942842,3.0,0.0,6.0,-1.8970170289521473,1.0411928364022063,-1.2262044015871827,0.46925900735051884,False,True,True,True,True,True,floor_colored_12,,10228,False,True,0,0,1.3480785084046882,measured,14.541692440310229,False,4.027989027932186
tile,1.8636079442739577,0.0,0.0,50.0,0.044768104637988845,True,0.2263330477942842,3.0,0.0,6.0,-1.8970170289521473,1.0411928364022063,-1.2262044015871827,0.46925900735051884,False,True,True,True,True,True,,stain,10229,False,False,0,0,,,,False,
tile,1.8636079442739577,0.0,0.0,50.0,0.044768104637988845,True,0.2263330477942842,3.0,0.0,6.0,-1.8970170289521473,1.0411928364022063,-1.2262044015871827,0.46925900735051884,False,True,True,True,True,True,button_lr44,,10230,True,True,0,0,,specular_break,49.69765762403113,False,17.40210034005165
carpet,0.7869001483820701,0.6133285459041875,2.0,50.0,0.027453996953838364,True,0.2934082569002835,3.0,0.6848677555472058,6.0,-5.595825595874503,-1.3852193943716486,-0.3616228028618784,0.03449428745568543,False,True,True,True,True,True,coin_1yen,,10231,True,True,29,29,,off_line,2.7971981457801975,False,10.698612314636293
carpet,0.7869001483820701,0.6133285459041875,2.0,50.0,0.027453996953838364,True,0.2934082569002835,3.0,0.6848677555472058,6.0,-5.595825595874503,-1.3852193943716486,-0.3616228028618784,0.03449428745568543,False,True,True,True,True,True,,seam,10232,False,False,21,13,,,,False,
carpet,0.7869001483820701,0.6133285459041875,2.0,50.0,0.027453996953838364,True,0.2934082569002835,3.0,0.6848677555472058,6.0,-5.595825595874503,-1.3852193943716486,-0.3616228028618784,0.03449428745568543,False,True,True,True,True,True,magnet_disc_10x3,,10233,False,True,26,26,0.8359506934575478,measured,21.637135767523393,True,5.03711678316153
carpet,0.5057313136987354,0.5327659255905687,4.0,8.0,0.016332811859613505,True,0.8565716909439779,3.0,0.00028500241101525603,6.0,-4.222212667527645,0.9367092684475249,-0.19157575432129423,0.031329607190011564,False,True,True,True,True,True,coin_10yen,,10234,True,True,15,15,-0.31153848761172576,measured,19.0379220874435,False,9.014868584709737
carpet,0.5057313136987354,0.5327659255905687,4.0,8.0,0.016332811859613505,True,0.8565716909439779,3.0,0.00028500241101525603,6.0,-4.222212667527645,0.9367092684475249,-0.19157575432129423,0.031329607190011564,False,True,True,True,True,True,,empty,10235,False,False,17,17,,,,False,
carpet,0.5057313136987354,0.5327659255905687,4.0,8.0,0.016332811859613505,True,0.8565716909439779,3.0,0.00028500241101525603,6.0,-4.222212667527645,0.9367092684475249,-0.19157575432129423,0.031329607190011564,False,True,True,True,True,True,magnet_ball_5,,10236,False,False,14,13,,,,False,
carpet,1.4392405802083026,0.39754785649294394,1.0,8.0,0.04430874649561506,True,0.8823866619873597,3.0,0.8243526075442263,6.0,-1.5887272601749332,1.3846278178643483,2.5845717871494234,4.454772161826351,False,True,True,True,True,True,button_cr2032,,10237,False,False,0,0,,,,False,
carpet,1.4392405802083026,0.39754785649294394,1.0,8.0,0.04430874649561506,True,0.8823866619873597,3.0,0.8243526075442263,6.0,-1.5887272601749332,1.3846278178643483,2.5845717871494234,4.454772161826351,False,True,True,True,True,True,,stain,10238,False,False,2,2,,,,False,
carpet,1.4392405802083026,0.39754785649294394,1.0,8.0,0.04430874649561506,True,0.8823866619873597,3.0,0.8243526075442263,6.0,-1.5887272601749332,1.3846278178643483,2.5845717871494234,4.454772161826351,False,True,True,True,True,True,pill_8,,10239,True,True,1,2,-0.017132047170509423,measured,10.312275408663076,False,0.8777071639284282
carpet,0.5367326902969747,0.5266024626330487,0.0,8.0,0.04471304225569524,True,0.8598475275467088,3.0,0.8006281409928571,6.0,-3.87720315525557,1.0706192946836224,5.243561700115472,1.6847133379648234,False,True,True,True,True,True,button_lr44,,10240,False,True,7,7,,specular_break,26.800218827590854,False,21.25640050334086
carpet,0.5367326902969747,0.5266024626330487,0.0,8.0,0.04471304225569524,True,0.8598475275467088,3.0,0.8006281409928571,6.0,-3.87720315525557,1.0706192946836224,5.243561700115472,1.6847133379648234,False,True,True,True,True,True,,seam,10241,False,False,10,9,,,,False,
carpet,0.5367326902969747,0.5266024626330487,0.0,8.0,0.04471304225569524,True,0.8598475275467088,3.0,0.8006281409928571,6.0,-3.87720315525557,1.0706192946836224,5.243561700115472,1.6847133379648234,False,True,True,True,True,True,button_cr2032,,10242,True,True,8,6,,specular_break,28.182405190005902,True,9.980227887099257
tile,1.36597787786724,0.0,4.0,50.0,0.04444903290096733,True,0.3667511334276281,3.0,0.0,6.0,2.9281493783516397,-0.09853580990259192,-1.4086413682565606,0.6920177627650117,False,True,True,True,True,True,bead_6,,10243,True,True,0,0,3.8447354034933134,measured,8.238277256323894,False,3.4175347217821512
tile,1.36597787786724,0.0,4.0,50.0,0.04444903290096733,True,0.3667511334276281,3.0,0.0,6.0,2.9281493783516397,-0.09853580990259192,-1.4086413682565606,0.6920177627650117,False,True,True,True,True,True,,empty,10244,False,False,0,0,,,,False,
tile,1.36597787786724,0.0,4.0,50.0,0.04444903290096733,True,0.3667511334276281,3.0,0.0,6.0,2.9281493783516397,-0.09853580990259192,-1.4086413682565606,0.6920177627650117,False,True,True,True,True,True,button_lr44,,10245,True,True,3,2,,specular_break,17.899967670351362,False,6.498692761315821
pattern,1.7799647830030918,0.035891105444091465,1.0,50.0,0.029125112586759556,True,0.7698203115008191,3.0,0.0,6.0,2.0160214248826103,-1.0638867119259838,-1.3157331042926466,1.0838775093360808,False,True,True,True,True,True,bead_10_dark,,10246,True,True,1,1,,specular_break,5.941690528369428,False,18.07359997193022
pattern,1.7799647830030918,0.035891105444091465,1.0,50.0,0.029125112586759556,True,0.7698203115008191,3.0,0.0,6.0,2.0160214248826103,-1.0638867119259838,-1.3157331042926466,1.0838775093360808,False,True,True,True,True,True,,stain,10247,False,False,0,0,,,,False,
pattern,1.7799647830030918,0.035891105444091465,1.0,50.0,0.029125112586759556,True,0.7698203115008191,3.0,0.0,6.0,2.0160214248826103,-1.0638867119259838,-1.3157331042926466,1.0838775093360808,False,True,True,True,True,True,magnet_disc_10x3,,10248,True,True,0,0,-0.6590719836254983,measured,8.590407388726497,False,1.0135190790445834
tile,1.6455881874766016,0.0,0.0,8.0,0.019310214783013754,True,0.2908501182392267,3.0,0.0,6.0,2.0456823092796212,0.35109988253000085,-1.5145582531852448,0.3016183739980204,False,True,True,True,True,True,magnet_disc_10x3,,10249,True,True,1,1,,specular_break,8.66522646510288,True,4.038079167366426
tile,1.6455881874766016,0.0,0.0,8.0,0.019310214783013754,True,0.2908501182392267,3.0,0.0,6.0,2.0456823092796212,0.35109988253000085,-1.5145582531852448,0.3016183739980204,False,True,True,True,True,True,,seam,10250,False,False,0,0,,,,False,
tile,1.6455881874766016,0.0,0.0,8.0,0.019310214783013754,True,0.2908501182392267,3.0,0.0,6.0,2.0456823092796212,0.35109988253000085,-1.5145582531852448,0.3016183739980204,False,True,True,True,True,True,magnet_ball_5,,10251,True,True,1,1,,specular_break,6.8346435365120355,True,2.8951928088193477
rug,1.032092275085464,0.1825998508615795,1.0,150.0,0.0014142987175288669,True,0.3398111548971746,3.0,0.0003325495654472599,6.0,-2.101646469274602,2.676559030255817,1.7466175457194262,3.5036011305602215,False,True,True,True,True,True,magnet_ball_5,,10252,False,True,0,0,,specular_break,25.83006189615142,False,20.569599028413787
rug,1.032092275085464,0.1825998508615795,1.0,150.0,0.0014142987175288669,True,0.3398111548971746,3.0,0.0003325495654472599,6.0,-2.101646469274602,2.676559030255817,1.7466175457194262,3.5036011305602215,False,True,True,True,True,True,,empty,10253,False,False,0,1,,,,False,
rug,1.032092275085464,0.1825998508615795,1.0,150.0,0.0014142987175288669,True,0.3398111548971746,3.0,0.0003325495654472599,6.0,-2.101646469274602,2.676559030255817,1.7466175457194262,3.5036011305602215,False,True,True,True,True,True,pill_8,,10254,False,False,0,1,,,,False,
rug,1.7604223397743965,0.15509330170814586,0.0,150.0,0.013857012651607138,True,0.7061082223134817,3.0,0.8181849354856716,6.0,-4.730626831460926,-0.9448683128675612,0.846221199664094,1.149997362530084,False,True,True,True,True,True,pill_8,,10255,True,True,4,6,-0.16331172263750027,measured,8.563148805068016,False,1.6840770533123575
rug,1.7604223397743965,0.15509330170814586,0.0,150.0,0.013857012651607138,True,0.7061082223134817,3.0,0.8181849354856716,6.0,-4.730626831460926,-0.9448683128675612,0.846221199664094,1.149997362530084,False,True,True,True,True,True,,stain,10256,False,False,1,3,,,,False,
rug,1.7604223397743965,0.15509330170814586,0.0,150.0,0.013857012651607138,True,0.7061082223134817,3.0,0.8181849354856716,6.0,-4.730626831460926,-0.9448683128675612,0.846221199664094,1.149997362530084,False,True,True,True,True,True,button_cr2032,,10257,False,False,0,0,,,,False,
pattern,1.5593529700420614,0.13615216483720535,2.0,50.0,0.003977578050686731,True,0.1058889084153547,3.0,0.0,6.0,-3.390167550006197,0.5739110742018368,-0.08434111798068651,0.010863617116851331,True,True,True,True,True,True,plastic_part_8,,10258,False,False,0,0,,,,False,
pattern,1.5593529700420614,0.13615216483720535,2.0,50.0,0.003977578050686731,True,0.1058889084153547,3.0,0.0,6.0,-3.390167550006197,0.5739110742018368,-0.08434111798068651,0.010863617116851331,True,True,True,True,True,True,,seam,10259,False,False,3,3,,,,False,
pattern,1.5593529700420614,0.13615216483720535,2.0,50.0,0.003977578050686731,True,0.1058889084153547,3.0,0.0,6.0,-3.390167550006197,0.5739110742018368,-0.08434111798068651,0.010863617116851331,True,True,True,True,True,True,button_lr44,,10260,False,True,0,1,0.9654778190971403,measured,10.134889511671936,True,5.708471485292065
carpet,1.6546853395496215,0.09872186253052294,4.0,150.0,0.020107104957535538,True,0.49226163606213835,3.0,1.0075406015411168,6.0,3.460648553818727,0.9176464981814755,-3.128709416986518,0.5423710283029695,False,True,True,True,True,True,floor_colored_12,,10261,True,True,2,2,0.7678121832565896,measured,8.773179154244689,False,12.093355854428475
carpet,1.6546853395496215,0.09872186253052294,4.0,150.0,0.020107104957535538,True,0.49226163606213835,3.0,1.0075406015411168,6.0,3.460648553818727,0.9176464981814755,-3.128709416986518,0.5423710283029695,False,True,True,True,True,True,,empty,10262,False,False,0,3,,,,False,
carpet,1.6546853395496215,0.09872186253052294,4.0,150.0,0.020107104957535538,True,0.49226163606213835,3.0,1.0075406015411168,6.0,3.460648553818727,0.9176464981814755,-3.128709416986518,0.5423710283029695,False,True,True,True,True,True,magnet_disc_10x3,,10263,True,True,3,0,,specular_break,13.351520974922375,False,15.763366323652757
tile,1.7295303540049582,0.0,1.0,8.0,0.032095328232790266,True,0.1727406694369843,3.0,0.0,6.0,5.265274755297291,-1.4015897653974208,-2.59260003623785,0.10883173824079155,False,True,True,True,True,True,coin_1yen,,10264,True,True,0,0,1.5757042088148303,measured,18.99403158050646,False,9.520047678946254
tile,1.7295303540049582,0.0,1.0,8.0,0.032095328232790266,True,0.1727406694369843,3.0,0.0,6.0,5.265274755297291,-1.4015897653974208,-2.59260003623785,0.10883173824079155,False,True,True,True,True,True,,stain,10265,False,False,0,0,,,,False,
tile,1.7295303540049582,0.0,1.0,8.0,0.032095328232790266,True,0.1727406694369843,3.0,0.0,6.0,5.265274755297291,-1.4015897653974208,-2.59260003623785,0.10883173824079155,False,True,True,True,True,True,magnet_ball_5,,10266,True,True,0,0,,off_line,6.67672487864108,True,2.081146541612198
wood,1.3357063187379246,0.0,0.0,150.0,0.017114835300074255,True,0.6553511506038042,3.0,0.0,6.0,-2.329825860167045,1.5149661169162452,-2.7554244522682882,0.5646902595224823,False,True,True,True,True,True,coin_10yen,,10267,True,True,1,1,0.7918599978909171,measured,18.022566854714903,False,21.485952974172694
wood,1.3357063187379246,0.0,0.0,150.0,0.017114835300074255,True,0.6553511506038042,3.0,0.0,6.0,-2.329825860167045,1.5149661169162452,-2.7554244522682882,0.5646902595224823,False,True,True,True,True,True,,seam,10268,False,False,0,0,,,,False,
wood,1.3357063187379246,0.0,0.0,150.0,0.017114835300074255,True,0.6553511506038042,3.0,0.0,6.0,-2.329825860167045,1.5149661169162452,-2.7554244522682882,0.5646902595224823,False,True,True,True,True,True,pill_8,,10269,False,True,0,0,0.6376535099093132,measured,8.034515444556739,False,6.328665479417124
tile,0.6602620650399524,0.0,4.0,8.0,0.013740374794234213,True,0.0737059355578561,3.0,0.0,6.0,0.9797945177518722,0.6733738124870177,-0.8114681758719853,2.3195914145834604,False,True,True,True,True,True,button_cr2032,,10270,True,True,0,0,,specular_break,18.471443261491256,True,10.795173978628698
tile,0.6602620650399524,0.0,4.0,8.0,0.013740374794234213,True,0.0737059355578561,3.0,0.0,6.0,0.9797945177518722,0.6733738124870177,-0.8114681758719853,2.3195914145834604,False,True,True,True,True,True,,empty,10271,False,False,0,0,,,,False,
tile,0.6602620650399524,0.0,4.0,8.0,0.013740374794234213,True,0.0737059355578561,3.0,0.0,6.0,0.9797945177518722,0.6733738124870177,-0.8114681758719853,2.3195914145834604,False,True,True,True,True,True,button_cr2032,,10272,True,True,0,0,,specular_break,19.052987497933625,True,11.161311869870406
carpet,0.5322799271711907,0.45012932460244653,1.0,150.0,0.0039026617507285036,True,0.383319396547832,3.0,0.24729557628972998,6.0,-4.226718517415208,0.16731595792584764,2.689726501092961,4.407648246903112,False,True,True,True,True,True,button_lr44,,10273,False,False,11,12,,,,False,
carpet,0.5322799271711907,0.45012932460244653,1.0,150.0,0.0039026617507285036,True,0.383319396547832,3.0,0.24729557628972998,6.0,-4.226718517415208,0.16731595792584764,2.689726501092961,4.407648246903112,False,True,True,True,True,True,,stain,10274,False,False,9,9,,,,False,
carpet,0.5322799271711907,0.45012932460244653,1.0,150.0,0.0039026617507285036,True,0.383319396547832,3.0,0.24729557628972998,6.0,-4.226718517415208,0.16731595792584764,2.689726501092961,4.407648246903112,False,True,True,True,True,True,button_lr44,,10275,False,False,6,4,,,,False,
rug,1.7750423063823506,0.11650428992975509,2.0,50.0,0.002474710385608087,True,0.26639909373329085,3.0,0.09931777230714434,6.0,1.208009198344911,-0.6510363459436573,1.1923877721739153,3.486390388210865,False,True,True,True,True,True,bead_6,,10276,True,True,2,0,0.605540553312995,measured,14.820147523524994,True,11.22773774683259
rug,1.7750423063823506,0.11650428992975509,2.0,50.0,0.002474710385608087,True,0.26639909373329085,3.0,0.09931777230714434,6.0,1.208009198344911,-0.6510363459436573,1.1923877721739153,3.486390388210865,False,True,True,True,True,True,,seam,10277,False,False,8,10,,,,False,
rug,1.7750423063823506,0.11650428992975509,2.0,50.0,0.002474710385608087,True,0.26639909373329085,3.0,0.09931777230714434,6.0,1.208009198344911,-0.6510363459436573,1.1923877721739153,3.486390388210865,False,True,True,True,True,True,magnet_disc_10x3,,10278,True,True,1,0,0.5657638691180935,measured,12.931875851882157,False,8.24734219654252
wood,0.723100838705935,0.0,1.0,150.0,0.033348348195081805,True,0.7257540416698312,3.0,0.0,6.0,-1.9930262733601338,-0.45994231096200655,3.551705735130059,0.607653690055586,False,True,True,True,True,True,bead_10_dark,,10279,True,True,1,0,1.9198942956149008,measured,16.33996072327804,True,5.256906000622374
wood,0.723100838705935,0.0,1.0,150.0,0.033348348195081805,True,0.7257540416698312,3.0,0.0,6.0,-1.9930262733601338,-0.45994231096200655,3.551705735130059,0.607653690055586,False,True,True,True,True,True,,empty,10280,False,False,0,0,,,,False,
wood,0.723100838705935,0.0,1.0,150.0,0.033348348195081805,True,0.7257540416698312,3.0,0.0,6.0,-1.9930262733601338,-0.45994231096200655,3.551705735130059,0.607653690055586,False,True,True,True,True,True,magnet_ball_5,,10281,True,True,0,0,,specular_break,4.8511939309983765,True,3.7893444957632245
pattern,0.6698298287469208,0.10444918658205969,0.0,8.0,0.025934277137303965,True,0.6131246779542143,3.0,0.0,6.0,-0.13217736449924555,-0.15458512652188436,-0.10911115471503963,0.0694942438230598,False,True,True,True,True,True,magnet_disc_10x3,,10282,True,True,0,0,,specular_break,9.199040998745453,True,5.063165589963317
pattern,0.6698298287469208,0.10444918658205969,0.0,8.0,0.025934277137303965,True,0.6131246779542143,3.0,0.0,6.0,-0.13217736449924555,-0.15458512652188436,-0.10911115471503963,0.0694942438230598,False,True,True,True,True,True,,stain,10283,False,False,0,1,,,,False,
pattern,0.6698298287469208,0.10444918658205969,0.0,8.0,0.025934277137303965,True,0.6131246779542143,3.0,0.0,6.0,-0.13217736449924555,-0.15458512652188436,-0.10911115471503963,0.0694942438230598,False,True,True,True,True,True,pill_8,,10284,True,True,0,0,2.1125788038178523,measured,7.576691085349157,False,5.637438845593762
rug,1.3412105800385514,0.31814893646654563,0.0,50.0,0.00203811636543072,True,0.1881545037427702,3.0,0.13597835013743814,6.0,-3.5382927995194895,1.0199048429636428,-3.225222315608236,0.6686651977337758,False,True,True,True,True,True,magnet_ball_5,,10285,False,False,2,3,,,,False,
rug,1.3412105800385514,0.31814893646654563,0.0,50.0,0.00203811636543072,True,0.1881545037427702,3.0,0.13597835013743814,6.0,-3.5382927995194895,1.0199048429636428,-3.225222315608236,0.6686651977337758,False,True,True,True,True,True,,seam,10286,False,False,3,3,,,,False,
rug,1.3412105800385514,0.31814893646654563,0.0,50.0,0.00203811636543072,True,0.1881545037427702,3.0,0.13597835013743814,6.0,-3.5382927995194895,1.0199048429636428,-3.225222315608236,0.6686651977337758,False,True,True,True,True,True,button_cr2032,,10287,False,True,3,3,,specular_break,27.91186856978859,True,35.88875829876594
pattern,0.9443839325590143,0.10219209578429006,0.0,150.0,0.012183069394146968,True,0.8253015581668586,3.0,0.0,6.0,-0.9248344511936533,-1.763389942940112,0.43989246922082603,1.189851723693648,True,True,True,True,True,True,pill_8,,10288,True,True,1,0,2.004008848459602,measured,7.529959392404316,False,5.477673813924265
pattern,0.9443839325590143,0.10219209578429006,0.0,150.0,0.012183069394146968,True,0.8253015581668586,3.0,0.0,6.0,-0.9248344511936533,-1.763389942940112,0.43989246922082603,1.189851723693648,True,True,True,True,True,True,,empty,10289,False,False,0,0,,,,False,
pattern,0.9443839325590143,0.10219209578429006,0.0,150.0,0.012183069394146968,True,0.8253015581668586,3.0,0.0,6.0,-0.9248344511936533,-1.763389942940112,0.43989246922082603,1.189851723693648,True,True,True,True,True,True,button_lr44,,10290,True,True,1,1,-1.1421259725569115,measured,10.816298189802977,True,5.574647411161929
tile,1.6537737357721334,0.0,0.0,8.0,0.043527665215509666,True,0.3501049998112872,3.0,0.0,6.0,-2.5797802436673534,-1.173261765461692,2.312340701242704,0.9908980947657441,False,True,True,True,True,True,plastic_part_8,,10291,False,True,0,0,1.3370140382928302,measured,14.410851384999335,False,6.541557104284773
tile,1.6537737357721334,0.0,0.0,8.0,0.043527665215509666,True,0.3501049998112872,3.0,0.0,6.0,-2.5797802436673534,-1.173261765461692,2.312340701242704,0.9908980947657441,False,True,True,True,True,True,,stain,10292,False,False,0,0,,,,False,
tile,1.6537737357721334,0.0,0.0,8.0,0.043527665215509666,True,0.3501049998112872,3.0,0.0,6.0,-2.5797802436673534,-1.173261765461692,2.312340701242704,0.9908980947657441,False,True,True,True,True,True,magnet_disc_10x3,,10293,True,True,0,0,,specular_break,32.1788270964569,True,70.79688824019063
pattern,0.6892582926284417,0.17039167378383568,1.0,150.0,0.006778272022615217,True,0.8665265169784578,3.0,0.0,6.0,-0.5156020378542951,-1.9036315297537587,0.6875939387077438,2.271509806042132,False,True,True,True,True,True,floor_colored_12,,10294,False,False,0,0,,,,False,
pattern,0.6892582926284417,0.17039167378383568,1.0,150.0,0.006778272022615217,True,0.8665265169784578,3.0,0.0,6.0,-0.5156020378542951,-1.9036315297537587,0.6875939387077438,2.271509806042132,False,True,True,True,True,True,,seam,10295,False,False,4,4,,,,False,
pattern,0.6892582926284417,0.17039167378383568,1.0,150.0,0.006778272022615217,True,0.8665265169784578,3.0,0.0,6.0,-0.5156020378542951,-1.9036315297537587,0.6875939387077438,2.271509806042132,False,True,True,True,True,True,magnet_ball_5,,10296,True,True,0,0,0.2556142877456118,measured,4.265189064421591,False,6.265502571898723
carpet,1.4003206970878959,0.1181643724869212,0.0,50.0,0.0429517909110731,True,0.4682835817141465,3.0,0.50527934341859,6.0,-8.879449398073163,3.851133316858613,-4.231605471819805,1.046731093919812,False,True,True,True,True,True,coin_1yen,,10297,False,False,0,5,,,,False,
carpet,1.4003206970878959,0.1181643724869212,0.0,50.0,0.0429517909110731,True,0.4682835817141465,3.0,0.50527934341859,6.0,-8.879449398073163,3.851133316858613,-4.231605471819805,1.046731093919812,False,True,True,True,True,True,,empty,10298,False,False,0,4,,,,False,
carpet,1.4003206970878959,0.1181643724869212,0.0,50.0,0.0429517909110731,True,0.4682835817141465,3.0,0.50527934341859,6.0,-8.879449398073163,3.851133316858613,-4.231605471819805,1.046731093919812,False,True,True,True,True,True,pill_8,,10299,False,False,0,2,,,,False,
pattern,0.9285582390360294,0.1535677603951636,2.0,50.0,0.006491049078079181,True,0.25925690652952893,3.0,0.0,6.0,-7.136777063449079,0.8821293955351271,-4.21337009394311,4.3332910224581225,False,True,True,True,True,True,coin_10yen,,10300,False,True,0,2,,specular_break,10.350588212643771,False,9.152599120804853
pattern,0.9285582390360294,0.1535677603951636,2.0,50.0,0.006491049078079181,True,0.25925690652952893,3.0,0.0,6.0,-7.136777063449079,0.8821293955351271,-4.21337009394311,4.3332910224581225,False,True,True,True,True,True,,stain,10301,False,False,0,0,,,,False,
pattern,0.9285582390360294,0.1535677603951636,2.0,50.0,0.006491049078079181,True,0.25925690652952893,3.0,0.0,6.0,-7.136777063449079,0.8821293955351271,-4.21337009394311,4.3332910224581225,False,True,True,True,True,True,button_cr2032,,10302,False,False,0,0,,,,False,
wood,0.6439918009150751,0.0,0.0,150.0,0.012195514312130569,True,0.06125371109147981,3.0,0.0,6.0,-3.144674877574525,0.7453485508299644,1.1420774287290276,2.328895827872294,False,True,True,True,True,True,button_cr2032,,10303,True,True,0,0,,specular_break,52.96447975148939,True,24.432790846496268
wood,0.6439918009150751,0.0,0.0,150.0,0.012195514312130569,True,0.06125371109147981,3.0,0.0,6.0,-3.144674877574525,0.7453485508299644,1.1420774287290276,2.328895827872294,False,True,True,True,True,True,,seam,10304,False,False,0,0,,,,False,
wood,0.6439918009150751,0.0,0.0,150.0,0.012195514312130569,True,0.06125371109147981,3.0,0.0,6.0,-3.144674877574525,0.7453485508299644,1.1420774287290276,2.328895827872294,False,True,True,True,True,True,button_lr44,,10305,True,True,0,0,,specular_break,19.477321948304745,True,10.905334185458509
wood,1.616047202079334,0.0,4.0,8.0,0.00856786262034867,True,0.49458016446717656,3.0,0.0,6.0,6.696527876392668,-1.5332345682175479,2.770827108834868,1.203918464127136,False,True,True,True,True,True,button_lr44,,10306,True,True,1,2,-0.026544330499561397,measured,10.288972774824433,True,6.651133550964345
wood,1.616047202079334,0.0,4.0,8.0,0.00856786262034867,True,0.49458016446717656,3.0,0.0,6.0,6.696527876392668,-1.5332345682175479,2.770827108834868,1.203918464127136,False,True,True,True,True,True,,empty,10307,False,False,0,0,,,,False,
wood,1.616047202079334,0.0,4.0,8.0,0.00856786262034867,True,0.49458016446717656,3.0,0.0,6.0,6.696527876392668,-1.5332345682175479,2.770827108834868,1.203918464127136,False,True,True,True,True,True,magnet_disc_10x3,,10308,True,True,0,0,,off_line,7.931806066543362,True,4.918901363554863
wood,1.6323505075474922,0.0,0.0,150.0,0.038579719420119396,True,0.39860612871710566,3.0,0.0,6.0,4.176420942427923,0.6354404868547375,1.6350674451392446,1.980460193158869,False,True,True,True,True,True,bead_6,,10309,True,True,0,0,3.0561264141479967,measured,10.540846835090155,True,3.3934964877465985
wood,1.6323505075474922,0.0,0.0,150.0,0.038579719420119396,True,0.39860612871710566,3.0,0.0,6.0,4.176420942427923,0.6354404868547375,1.6350674451392446,1.980460193158869,False,True,True,True,True,True,,stain,10310,False,False,0,0,,,,False,
wood,1.6323505075474922,0.0,0.0,150.0,0.038579719420119396,True,0.39860612871710566,3.0,0.0,6.0,4.176420942427923,0.6354404868547375,1.6350674451392446,1.980460193158869,False,True,True,True,True,True,magnet_ball_5,,10311,True,True,0,1,,specular_break,6.40870848985827,True,2.358217099937898
wood,1.8600285966968837,0.0,2.0,8.0,0.0048661346094092065,True,0.8725046308244404,3.0,0.0,6.0,-3.072118324547273,1.3010178549381024,-0.30173155072726393,0.9444189920587368,False,True,True,True,True,True,bead_10_dark,,10312,False,False,0,0,,,,False,
wood,1.8600285966968837,0.0,2.0,8.0,0.0048661346094092065,True,0.8725046308244404,3.0,0.0,6.0,-3.072118324547273,1.3010178549381024,-0.30173155072726393,0.9444189920587368,False,True,True,True,True,True,,seam,10313,False,False,1,1,,,,False,
wood,1.8600285966968837,0.0,2.0,8.0,0.0048661346094092065,True,0.8725046308244404,3.0,0.0,6.0,-3.072118324547273,1.3010178549381024,-0.30173155072726393,0.9444189920587368,False,True,True,True,True,True,pill_8,,10314,False,False,0,0,,,,False,
rug,1.972486664879014,0.302603677940974,2.0,50.0,0.026962162685327935,True,0.00986735970751551,3.0,1.1757220563244417,6.0,0.09452273294659208,1.6560209709732412,2.092973202461879,2.3911693050074843,False,True,True,True,True,True,magnet_disc_10x3,,10315,False,False,0,0,,,,False,
rug,1.972486664879014,0.302603677940974,2.0,50.0,0.026962162685327935,True,0.00986735970751551,3.0,1.1757220563244417,6.0,0.09452273294659208,1.6560209709732412,2.092973202461879,2.3911693050074843,False,True,True,True,True,True,,empty,10316,False,False,0,1,,,,False,
rug,1.972486664879014,0.302603677940974,2.0,50.0,0.026962162685327935,True,0.00986735970751551,3.0,1.1757220563244417,6.0,0.09452273294659208,1.6560209709732412,2.092973202461879,2.3911693050074843,False,True,True,True,True,True,button_cr2032,,10317,True,True,3,0,,specular_break,17.518221547389096,False,14.21048209061592
wood,0.7474641673626804,0.0,0.0,8.0,0.004110707963641264,True,0.6363778754449417,3.0,0.0,6.0,-0.8940894201589485,-0.571145133718817,-1.6997617307727195,0.3071581925010179,False,True,True,True,True,True,magnet_ball_5,,10318,True,True,0,0,,specular_break,12.703213421336947,True,2.996396718842765
wood,0.7474641673626804,0.0,0.0,8.0,0.004110707963641264,True,0.6363778754449417,3.0,0.0,6.0,-0.8940894201589485,-0.571145133718817,-1.6997617307727195,0.3071581925010179,False,True,True,True,True,True,,stain,10319,False,False,0,0,,,,False,
wood,0.7474641673626804,0.0,0.0,8.0,0.004110707963641264,True,0.6363778754449417,3.0,0.0,6.0,-0.8940894201589485,-0.571145133718817,-1.6997617307727195,0.3071581925010179,False,True,True,True,True,True,button_lr44,,10320,True,True,0,0,,specular_break,11.632486396764516,True,6.268229938195358
rug,0.8100834919377002,0.3865970699994015,1.0,50.0,0.04121012204144647,True,0.4525174757234932,3.0,1.184651343305242,6.0,1.8765623201453216,-0.6007071218375493,2.6918243404217517,2.082961512665039,False,True,True,True,True,True,pill_8,,10321,True,True,1,0,1.3460533799721421,measured,8.714799018668916,False,4.2016647557422795
rug,0.8100834919377002,0.3865970699994015,1.0,50.0,0.04121012204144647,True,0.4525174757234932,3.0,1.184651343305242,6.0,1.8765623201453216,-0.6007071218375493,2.6918243404217517,2.082961512665039,False,True,True,True,True,True,,seam,10322,False,False,6,6,,,,False,
rug,0.8100834919377002,0.3865970699994015,1.0,50.0,0.04121012204144647,True,0.4525174757234932,3.0,1.184651343305242,6.0,1.8765623201453216,-0.6007071218375493,2.6918243404217517,2.082961512665039,False,True,True,True,True,True,magnet_disc_10x3,,10323,True,True,1,1,,specular_break,11.490568546634185,True,5.838864250888821
pattern,0.890292464934018,0.12927064481431483,0.0,150.0,0.0025168141597770757,True,0.26886417202219004,3.0,0.0,6.0,-5.228766985654261,1.200651372217055,-0.043091276275760246,0.5576695547486311,False,True,True,True,True,True,plastic_part_8,,10324,False,False,0,0,,,,False,
pattern,0.890292464934018,0.12927064481431483,0.0,150.0,0.0025168141597770757,True,0.26886417202219004,3.0,0.0,6.0,-5.228766985654261,1.200651372217055,-0.043091276275760246,0.5576695547486311,False,True,True,True,True,True,,empty,10325,False,False,9,6,,,,False,
pattern,0.890292464934018,0.12927064481431483,0.0,150.0,0.0025168141597770757,True,0.26886417202219004,3.0,0.0,6.0,-5.228766985654261,1.200651372217055,-0.043091276275760246,0.5576695547486311,False,True,True,True,True,True,magnet_ball_5,,10326,False,False,3,2,,,,False,
carpet,1.4248603306142642,0.7486086297826786,4.0,8.0,0.027262672723462035,True,0.22221749204972863,3.0,1.0533712290196042,6.0,-5.684673131017561,3.596768840277096,-3.3219376368143436,0.9254471887160278,False,True,True,True,True,True,floor_colored_12,,10327,False,True,17,10,,specular_break,45.46965426908888,False,22.336121842686037
carpet,1.4248603306142642,0.7486086297826786,4.0,8.0,0.027262672723462035,True,0.22221749204972863,3.0,1.0533712290196042,6.0,-5.684673131017561,3.596768840277096,-3.3219376368143436,0.9254471887160278,False,True,True,True,True,True,,stain,10328,False,False,12,14,,,,False,
carpet,1.4248603306142642,0.7486086297826786,4.0,8.0,0.027262672723462035,True,0.22221749204972863,3.0,1.0533712290196042,6.0,-5.684673131017561,3.596768840277096,-3.3219376368143436,0.9254471887160278,False,True,True,True,True,True,pill_8,,10329,False,True,13,5,,specular_break,5.852964856595366,False,9.64796765975958
rug,0.9612750608255949,0.14965075517512996,0.0,8.0,0.015842505960058584,True,0.5296553251483823,3.0,0.9769803196911288,6.0,-1.6608617944516033,-1.2063922733151302,2.858522046971066,1.8130786512206314,False,True,True,True,True,True,coin_1yen,,10330,True,True,1,0,0.6212138475648743,measured,17.2426514216879,False,12.544046105638158
rug,0.9612750608255949,0.14965075517512996,0.0,8.0,0.015842505960058584,True,0.5296553251483823,3.0,0.9769803196911288,6.0,-1.6608617944516033,-1.2063922733151302,2.858522046971066,1.8130786512206314,False,True,True,True,True,True,,seam,10331,False,False,3,4,,,,False,
rug,0.9612750608255949,0.14965075517512996,0.0,8.0,0.015842505960058584,True,0.5296553251483823,3.0,0.9769803196911288,6.0,-1.6608617944516033,-1.2063922733151302,2.858522046971066,1.8130786512206314,False,True,True,True,True,True,button_cr2032,,10332,True,True,1,1,,specular_break,17.970765001625573,True,9.722017493845689
carpet,1.8165158866464148,0.526035895133978,1.0,50.0,0.0015886212534195867,True,0.49803681919601495,3.0,0.4963526970952739,6.0,-6.474291081809509,-3.1567828062032737,-2.24034565214966,1.1657641944234467,False,True,True,True,True,True,coin_10yen,,10333,False,False,1,3,,,,False,
carpet,1.8165158866464148,0.526035895133978,1.0,50.0,0.0015886212534195867,True,0.49803681919601495,3.0,0.4963526970952739,6.0,-6.474291081809509,-3.1567828062032737,-2.24034565214966,1.1657641944234467,False,True,True,True,True,True,,empty,10334,False,False,1,4,,,,False,
carpet,1.8165158866464148,0.526035895133978,1.0,50.0,0.0015886212534195867,True,0.49803681919601495,3.0,0.4963526970952739,6.0,-6.474291081809509,-3.1567828062032737,-2.24034565214966,1.1657641944234467,False,True,True,True,True,True,button_lr44,,10335,False,True,0,1,0.9056943824045813,measured,13.088188147814078,True,43.95938171024248
wood,0.9044128771747784,0.0,2.0,50.0,0.02190970380311524,True,0.8346992928069484,3.0,0.0,6.0,-1.0924042810941643,-2.537119233180626,-4.599841433249484,1.3613034292278714,False,True,True,True,True,True,button_cr2032,,10336,True,True,2,2,,specular_break,19.129392353756668,True,11.430374790310271
wood,0.9044128771747784,0.0,2.0,50.0,0.02190970380311524,True,0.8346992928069484,3.0,0.0,6.0,-1.0924042810941643,-2.537119233180626,-4.599841433249484,1.3613034292278714,False,True,True,True,True,True,,stain,10337,False,False,0,0,,,,False,
wood,0.9044128771747784,0.0,2.0,50.0,0.02190970380311524,True,0.8346992928069484,3.0,0.0,6.0,-1.0924042810941643,-2.537119233180626,-4.599841433249484,1.3613034292278714,False,True,True,True,True,True,magnet_disc_10x3,,10338,False,False,0,0,,,,False,
carpet,1.675477470308641,0.38472559688857777,0.0,8.0,0.013498123505446581,True,0.042424021918729404,3.0,0.8723712181672257,6.0,-6.66981872401351,-0.3760339690859537,1.4060109737886668,1.4340875358577,False,True,True,True,True,True,button_lr44,,10339,False,False,17,16,,,,False,
carpet,1.675477470308641,0.38472559688857777,0.0,8.0,0.013498123505446581,True,0.042424021918729404,3.0,0.8723712181672257,6.0,-6.66981872401351,-0.3760339690859537,1.4060109737886668,1.4340875358577,False,True,True,True,True,True,,seam,10340,False,False,15,14,,,,False,
carpet,1.675477470308641,0.38472559688857777,0.0,8.0,0.013498123505446581,True,0.042424021918729404,3.0,0.8723712181672257,6.0,-6.66981872401351,-0.3760339690859537,1.4060109737886668,1.4340875358577,False,True,True,True,True,True,magnet_ball_5,,10341,False,True,20,16,,specular_break,36.6788975862718,False,39.3375174623943
wood,1.9744506058682731,0.0,0.0,150.0,0.010765145900302803,True,0.1361862466674435,3.0,0.0,6.0,-1.7699278475320295,-1.1643279070061672,3.358521024066567,0.4374652597571525,False,True,True,True,True,True,bead_6,,10342,True,True,0,0,,specular_break,11.523285090128123,False,3.758808830942995
wood,1.9744506058682731,0.0,0.0,150.0,0.010765145900302803,True,0.1361862466674435,3.0,0.0,6.0,-1.7699278475320295,-1.1643279070061672,3.358521024066567,0.4374652597571525,False,True,True,True,True,True,,empty,10343,False,False,0,0,,,,False,
wood,1.9744506058682731,0.0,0.0,150.0,0.010765145900302803,True,0.1361862466674435,3.0,0.0,6.0,-1.7699278475320295,-1.1643279070061672,3.358521024066567,0.4374652597571525,False,True,True,True,True,True,pill_8,,10344,True,True,0,0,1.5614176140943723,measured,7.03308770107738,False,6.029190844641854
wood,0.9815605918467594,0.0,1.0,150.0,0.036372601040899045,True,0.2607418542537089,3.0,0.0,6.0,4.626673226770786,1.5561147623359919,-1.3239634697038616,0.465580781343649,False,True,True,True,True,True,bead_10_dark,,10345,False,True,0,2,,specular_break,8.369778092953855,True,20.103243754299747
wood,0.9815605918467594,0.0,1.0,150.0,0.036372601040899045,True,0.2607418542537089,3.0,0.0,6.0,4.626673226770786,1.5561147623359919,-1.3239634697038616,0.465580781343649,False,True,True,True,True,True,,stain,10346,False,False,0,0,,,,False,
wood,0.9815605918467594,0.0,1.0,150.0,0.036372601040899045,True,0.2607418542537089,3.0,0.0,6.0,4.626673226770786,1.5561147623359919,-1.3239634697038616,0.465580781343649,False,True,True,True,True,True,button_cr2032,,10347,True,True,0,0,,specular_break,18.851982158116552,True,10.202258802322936
wood,1.0447943360788134,0.0,2.0,150.0,0.0001441170526901181,True,0.783880941299395,3.0,0.0,6.0,-0.31773336915433126,5.483788024974404,3.1055639722745516,1.5512827491912387,False,True,True,True,True,True,magnet_disc_10x3,,10348,False,False,0,0,,,,False,
wood,1.0447943360788134,0.0,2.0,150.0,0.0001441170526901181,True,0.783880941299395,3.0,0.0,6.0,-0.31773336915433126,5.483788024974404,3.1055639722745516,1.5512827491912387,False,True,True,True,True,True,,seam,10349,False,False,0,0,,,,False,
wood,1.0447943360788134,0.0,2.0,150.0,0.0001441170526901181,True,0.783880941299395,3.0,0.0,6.0,-0.31773336915433126,5.483788024974404,3.1055639722745516,1.5512827491912387,False,True,True,True,True,True,button_lr44,,10350,False,False,0,0,,,,False,
carpet,1.6367705949100217,0.4287935665733521,4.0,150.0,0.03543358563527502,True,0.20590988238547225,3.0,1.3899247596199658,6.0,-6.343954346494447,1.7956685983184102,-3.486207089083818,2.8385040034954927,False,True,True,True,True,True,magnet_ball_5,,10351,False,False,6,8,,,,False,
carpet,1.6367705949100217,0.4287935665733521,4.0,150.0,0.03543358563527502,True,0.20590988238547225,3.0,1.3899247596199658,6.0,-6.343954346494447,1.7956685983184102,-3.486207089083818,2.8385040034954927,False,True,True,True,True,True,,empty,10352,False,False,2,3,,,,False,
carpet,1.6367705949100217,0.4287935665733521,4.0,150.0,0.03543358563527502,True,0.20590988238547225,3.0,1.3899247596199658,6.0,-6.343954346494447,1.7956685983184102,-3.486207089083818,2.8385040034954927,False,True,True,True,True,True,magnet_disc_10x3,,10353,False,True,5,7,,specular_break,2.40968901200045,False,50.18397645469107
rug,1.3491796194367196,0.010875328917070215,1.0,8.0,0.04873445282918959,True,0.08103152002912051,3.0,0.2125513410685408,6.0,-2.8371344049010463,1.0589711320701827,4.5578353230319975,2.56483561986788,False,True,True,True,True,True,pill_8,,10354,False,True,0,1,1.4660313567805705,measured,9.045419712737257,False,3.2109859960606473
rug,1.3491796194367196,0.010875328917070215,1.0,8.0,0.04873445282918959,True,0.08103152002912051,3.0,0.2125513410685408,6.0,-2.8371344049010463,1.0589711320701827,4.5578353230319975,2.56483561986788,False,True,True,True,True,True,,stain,10355,False,False,0,1,,,,False,
rug,1.3491796194367196,0.010875328917070215,1.0,8.0,0.04873445282918959,True,0.08103152002912051,3.0,0.2125513410685408,6.0,-2.8371344049010463,1.0589711320701827,4.5578353230319975,2.56483561986788,False,True,True,True,True,True,magnet_ball_5,,10356,True,True,0,0,,specular_break,24.503715783282416,False,18.1958246211623
wood,1.0214866036200816,0.0,0.0,150.0,0.006942292075723545,True,0.08142057315466611,3.0,0.0,6.0,3.4301150846320847,1.307449888324063,-0.1545695557056101,0.9306714496466609,False,True,True,True,True,True,plastic_part_8,,10357,True,True,0,0,0.3734120138027688,measured,7.85673297390787,False,4.117851685916722
wood,1.0214866036200816,0.0,0.0,150.0,0.006942292075723545,True,0.08142057315466611,3.0,0.0,6.0,3.4301150846320847,1.307449888324063,-0.1545695557056101,0.9306714496466609,False,True,True,True,True,True,,seam,10358,False,False,8,8,,,,False,
wood,1.0214866036200816,0.0,0.0,150.0,0.006942292075723545,True,0.08142057315466611,3.0,0.0,6.0,3.4301150846320847,1.307449888324063,-0.1545695557056101,0.9306714496466609,False,True,True,True,True,True,pill_8,,10359,True,True,0,0,1.425683079469426,measured,8.257445286676912,False,4.865396942039296
pattern,1.0012640385483582,0.13253421271629184,4.0,50.0,0.014983330506907977,True,0.4676120564259997,3.0,0.0,6.0,6.765192996615824,2.3302370583602987,-2.2382345273181095,1.6366038470947557,False,True,True,True,True,True,floor_colored_12,,10360,True,True,0,0,1.4785218561366626,measured,10.628067120113123,False,2.0128662224613896
pattern,1.0012640385483582,0.13253421271629184,4.0,50.0,0.014983330506907977,True,0.4676120564259997,3.0,0.0,6.0,6.765192996615824,2.3302370583602987,-2.2382345273181095,1.6366038470947557,False,True,True,True,True,True,,empty,10361,False,False,0,0,,,,False,
pattern,1.0012640385483582,0.13253421271629184,4.0,50.0,0.014983330506907977,True,0.4676120564259997,3.0,0.0,6.0,6.765192996615824,2.3302370583602987,-2.2382345273181095,1.6366038470947557,False,True,True,True,True,True,button_cr2032,,10362,True,True,4,0,,specular_break,19.24611298344125,False,9.892954939122259
rug,0.6249789276722446,0.060252498086214606,4.0,8.0,0.01866494401173844,True,0.23817385100892718,3.0,0.006613299483664625,6.0,0.7258292446166346,-3.2702186041613364,-2.7250461015662624,0.7305182602193564,False,True,True,True,True,True,coin_1yen,,10363,True,True,0,0,1.5317879515557369,measured,18.18535126291873,False,10.517662830970998
rug,0.6249789276722446,0.060252498086214606,4.0,8.0,0.01866494401173844,True,0.23817385100892718,3.0,0.006613299483664625,6.0,0.7258292446166346,-3.2702186041613364,-2.7250461015662624,0.7305182602193564,False,True,True,True,True,True,,stain,10364,False,False,0,0,,,,False,
rug,0.6249789276722446,0.060252498086214606,4.0,8.0,0.01866494401173844,True,0.23817385100892718,3.0,0.006613299483664625,6.0,0.7258292446166346,-3.2702186041613364,-2.7250461015662624,0.7305182602193564,False,True,True,True,True,True,button_lr44,,10365,True,True,0,1,-0.5156606782062596,measured,11.882496448469372,True,2.588269404231454
carpet,1.083277278825224,0.5866654669404264,1.0,8.0,0.01981776261974165,True,0.37532582691540106,3.0,0.7712750218358668,6.0,-0.3011661993707495,-1.9825228614309898,-0.37673857519817366,2.191554462168831,True,True,True,True,True,True,coin_10yen,,10366,True,True,2,2,0.6659469269292657,measured,16.38590000994335,False,18.546853369971082
carpet,1.083277278825224,0.5866654669404264,1.0,8.0,0.01981776261974165,True,0.37532582691540106,3.0,0.7712750218358668,6.0,-0.3011661993707495,-1.9825228614309898,-0.37673857519817366,2.191554462168831,True,True,True,True,True,True,,seam,10367,False,False,2,2,,,,False,
carpet,1.083277278825224,0.5866654669404264,1.0,8.0,0.01981776261974165,True,0.37532582691540106,3.0,0.7712750218358668,6.0,-0.3011661993707495,-1.9825228614309898,-0.37673857519817366,2.191554462168831,True,True,True,True,True,True,magnet_disc_10x3,,10368,True,True,2,1,,specular_break,14.655284971916977,True,5.771914517942308
pattern,0.7075928715142165,0.1616216242741167,0.0,8.0,0.027957795711293306,True,0.05549368547185474,3.0,0.0,6.0,4.765509803918428,0.6307173761102656,1.1200405878759987,3.8725633834036004,False,True,True,True,True,True,button_cr2032,,10369,True,True,1,1,,specular_break,17.71647737712172,True,11.23600903549136
pattern,0.7075928715142165,0.1616216242741167,0.0,8.0,0.027957795711293306,True,0.05549368547185474,3.0,0.0,6.0,4.765509803918428,0.6307173761102656,1.1200405878759987,3.8725633834036004,False,True,True,True,True,True,,empty,10370,False,False,0,0,,,,False,
pattern,0.7075928715142165,0.1616216242741167,0.0,8.0,0.027957795711293306,True,0.05549368547185474,3.0,0.0,6.0,4.765509803918428,0.6307173761102656,1.1200405878759987,3.8725633834036004,False,True,True,True,True,True,magnet_ball_5,,10371,True,True,0,0,,off_line,5.931899963675811,True,3.6056125538679322
carpet,1.1885550468392672,0.6243868012257233,0.0,50.0,0.0184539822096557,True,0.4961446812931869,3.0,1.198504188885646,6.0,-4.685164270730632,-0.2846545743574389,2.4897813127486463,2.862788559021273,False,True,True,True,True,True,button_lr44,,10372,True,True,20,20,,off_line,2.078870999455944,False,2.4729836381934995
carpet,1.1885550468392672,0.6243868012257233,0.0,50.0,0.0184539822096557,True,0.4961446812931869,3.0,1.198504188885646,6.0,-4.685164270730632,-0.2846545743574389,2.4897813127486463,2.862788559021273,False,True,True,True,True,True,,stain,10373,False,False,22,24,,,,False,
carpet,1.1885550468392672,0.6243868012257233,0.0,50.0,0.0184539822096557,True,0.4961446812931869,3.0,1.198504188885646,6.0,-4.685164270730632,-0.2846545743574389,2.4897813127486463,2.862788559021273,False,True,True,True,True,True,pill_8,,10374,False,False,21,21,,,,False,
carpet,1.215758392237245,0.028281670550768467,0.0,150.0,0.0395078929241444,True,0.9651307886119497,3.0,0.05367083904323677,6.0,-2.870812213605655,-2.552768293246178,-1.418519730116007,0.3968787292434523,False,True,True,True,True,True,bead_6,,10375,True,True,0,0,0.6436361778709756,measured,6.689549105111568,False,2.6444867827912213
carpet,1.215758392237245,0.028281670550768467,0.0,150.0,0.0395078929241444,True,0.9651307886119497,3.0,0.05367083904323677,6.0,-2.870812213605655,-2.552768293246178,-1.418519730116007,0.3968787292434523,False,True,True,True,True,True,,seam,10376,False,False,11,11,,,,False,
carpet,1.215758392237245,0.028281670550768467,0.0,150.0,0.0395078929241444,True,0.9651307886119497,3.0,0.05367083904323677,6.0,-2.870812213605655,-2.552768293246178,-1.418519730116007,0.3968787292434523,False,True,True,True,True,True,button_cr2032,,10377,True,True,0,0,,specular_break,25.12511689488142,False,21.629551037146914
wood,0.5567730371193105,0.0,4.0,8.0,0.03594754082715836,True,0.9264939323012852,3.0,0.0,6.0,-6.379494253754766,3.380036283966084,-5.819630729336434,0.8210175264944067,False,True,True,True,True,True,bead_10_dark,,10378,False,False,0,0,,,,False,
wood,0.5567730371193105,0.0,4.0,8.0,0.03594754082715836,True,0.9264939323012852,3.0,0.0,6.0,-6.379494253754766,3.380036283966084,-5.819630729336434,0.8210175264944067,False,True,True,True,True,True,,empty,10379,False,False,3,5,,,,False,
wood,0.5567730371193105,0.0,4.0,8.0,0.03594754082715836,True,0.9264939323012852,3.0,0.0,6.0,-6.379494253754766,3.380036283966084,-5.819630729336434,0.8210175264944067,False,True,True,True,True,True,button_lr44,,10380,False,False,0,0,,,,False,
tile,1.5379234655171086,0.0,0.0,50.0,0.04529839747910428,True,0.41567836584721196,3.0,0.0,6.0,1.105077477140843,1.9754919680314988,1.9861226469248845,4.243233115339074,False,True,True,True,True,True,magnet_disc_10x3,,10381,True,True,0,0,,specular_break,13.433701771179566,True,5.961456086153495
tile,1.5379234655171086,0.0,0.0,50.0,0.04529839747910428,True,0.41567836584721196,3.0,0.0,6.0,1.105077477140843,1.9754919680314988,1.9861226469248845,4.243233115339074,False,True,True,True,True,True,,stain,10382,False,False,0,0,,,,False,
tile,1.5379234655171086,0.0,0.0,50.0,0.04529839747910428,True,0.41567836584721196,3.0,0.0,6.0,1.105077477140843,1.9754919680314988,1.9861226469248845,4.243233115339074,False,True,True,True,True,True,magnet_disc_10x3,,10383,True,True,4,3,-0.01946753394820888,measured,2.8259561421791775,True,7.200338299883678
carpet,1.8091378857596179,0.22299772534530213,4.0,50.0,0.025404834808771183,True,0.9696728125819605,3.0,0.3983438560502708,6.0,-3.1316801394982208,-0.4194101099447633,-0.42386092577759077,2.5688069870436943,False,True,True,True,True,True,magnet_ball_5,,10384,True,True,0,3,,specular_break,15.947059734783684,False,5.427121468294621
carpet,1.8091378857596179,0.22299772534530213,4.0,50.0,0.025404834808771183,True,0.9696728125819605,3.0,0.3983438560502708,6.0,-3.1316801394982208,-0.4194101099447633,-0.42386092577759077,2.5688069870436943,False,True,True,True,True,True,,seam,10385,False,False,9,11,,,,False,
carpet,1.8091378857596179,0.22299772534530213,4.0,50.0,0.025404834808771183,True,0.9696728125819605,3.0,0.3983438560502708,6.0,-3.1316801394982208,-0.4194101099447633,-0.42386092577759077,2.5688069870436943,False,True,True,True,True,True,magnet_ball_5,,10386,True,True,0,0,0.08287713099498895,measured,5.897966080884213,False,9.066578811138934
tile,1.9344438147331509,0.0,0.0,150.0,0.009140897253147928,True,0.8346490669725638,3.0,0.0,6.0,-4.06573046663119,1.689899534673715,0.33423541544004026,3.8417928469139704,False,True,True,True,True,True,pill_8,,10387,False,False,0,0,,,,False,
tile,1.9344438147331509,0.0,0.0,150.0,0.009140897253147928,True,0.8346490669725638,3.0,0.0,6.0,-4.06573046663119,1.689899534673715,0.33423541544004026,3.8417928469139704,False,True,True,True,True,True,,empty,10388,False,False,0,0,,,,False,
tile,1.9344438147331509,0.0,0.0,150.0,0.009140897253147928,True,0.8346490669725638,3.0,0.0,6.0,-4.06573046663119,1.689899534673715,0.33423541544004026,3.8417928469139704,False,True,True,True,True,True,pill_8,,10389,False,False,0,0,,,,False,
carpet,1.9942792633696274,0.5777759914615953,0.0,150.0,0.04594373581171838,True,0.7123908747730557,3.0,0.4996868159398933,6.0,-6.328570919093824,-3.2186268388720864,2.798715682497937,0.5422568521986196,False,True,True,True,True,True,plastic_part_8,,10390,False,False,8,8,,,,False,
carpet,1.9942792633696274,0.5777759914615953,0.0,150.0,0.04594373581171838,True,0.7123908747730557,3.0,0.4996868159398933,6.0,-6.328570919093824,-3.2186268388720864,2.798715682497937,0.5422568521986196,False,True,True,True,True,True,,stain,10391,False,False,6,11,,,,False,
carpet,1.9942792633696274,0.5777759914615953,0.0,150.0,0.04594373581171838,True,0.7123908747730557,3.0,0.4996868159398933,6.0,-6.328570919093824,-3.2186268388720864,2.798715682497937,0.5422568521986196,False,True,True,True,True,True,button_cr2032,,10392,False,True,7,9,4.302876540701462,measured,2.0077518338524096,False,8.655428218610886
tile,0.6620023654252754,0.0,0.0,50.0,0.04841776034453317,True,0.06417629048724471,3.0,0.0,6.0,-0.10339540384707797,-2.412523109292501,-2.6997393318244827,0.1836330029880253,True,True,True,True,True,True,floor_colored_12,,10393,True,True,1,1,0.33201186518111925,measured,10.202834045221914,False,5.867706343279644
tile,0.6620023654252754,0.0,0.0,50.0,0.04841776034453317,True,0.06417629048724471,3.0,0.0,6.0,-0.10339540384707797,-2.412523109292501,-2.6997393318244827,0.1836330029880253,True,True,True,True,True,True,,seam,10394,False,False,4,6,,,,False,
tile,0.6620023654252754,0.0,0.0,50.0,0.04841776034453317,True,0.06417629048724471,3.0,0.0,6.0,-0.10339540384707797,-2.412523109292501,-2.6997393318244827,0.1836330029880253,True,True,True,True,True,True,button_lr44,,10395,True,True,0,0,,specular_break,18.37951570357392,True,6.348672620911112
pattern,1.3630857122505344,0.026343823709797088,4.0,50.0,0.020451610721121716,True,0.4344264414439891,3.0,0.0,6.0,1.0872634928877876,-1.9343530848949555,1.1840262688584828,1.7846534261555436,True,True,True,True,True,True,coin_1yen,,10396,True,True,4,4,-0.4345422360098077,measured,13.866969954328919,False,20.590434962914827
pattern,1.3630857122505344,0.026343823709797088,4.0,50.0,0.020451610721121716,True,0.4344264414439891,3.0,0.0,6.0,1.0872634928877876,-1.9343530848949555,1.1840262688584828,1.7846534261555436,True,True,True,True,True,True,,empty,10397,False,False,0,0,,,,False,
pattern,1.3630857122505344,0.026343823709797088,4.0,50.0,0.020451610721121716,True,0.4344264414439891,3.0,0.0,6.0,1.0872634928877876,-1.9343530848949555,1.1840262688584828,1.7846534261555436,True,True,True,True,True,True,magnet_disc_10x3,,10398,True,True,0,0,,specular_break,7.827079018044865,True,5.701433991094552
wood,1.9947557981409867,0.0,4.0,150.0,0.014263160702524725,True,0.14221787699006117,3.0,0.0,6.0,-4.101518442316452,-0.05231357304593677,4.787107322695217,4.005064634879672,True,True,True,True,True,True,coin_10yen,,10399,True,True,0,0,1.2455021610336345,measured,11.889793411285876,False,11.755856293978876
wood,1.9947557981409867,0.0,4.0,150.0,0.014263160702524725,True,0.14221787699006117,3.0,0.0,6.0,-4.101518442316452,-0.05231357304593677,4.787107322695217,4.005064634879672,True,True,True,True,True,True,,stain,10400,False,False,0,0,,,,False,
wood,1.9947557981409867,0.0,4.0,150.0,0.014263160702524725,True,0.14221787699006117,3.0,0.0,6.0,-4.101518442316452,-0.05231357304593677,4.787107322695217,4.005064634879672,True,True,True,True,True,True,magnet_ball_5,,10401,True,True,0,0,,off_line,5.51169809003423,True,3.5105611322290393
tile,1.4545834448563344,0.0,4.0,150.0,0.021403118136461664,True,0.28640252521902043,3.0,0.0,6.0,-2.7862328570566994,-2.2479616831317037,-0.19205433134194166,0.647226654933765,False,True,True,True,True,True,button_cr2032,,10402,True,True,0,0,,specular_break,17.996654674780007,True,10.870595552257559
tile,1.4545834448563344,0.0,4.0,150.0,0.021403118136461664,True,0.28640252521902043,3.0,0.0,6.0,-2.7862328570566994,-2.2479616831317037,-0.19205433134194166,0.647226654933765,False,True,True,True,True,True,,seam,10403,False,False,0,0,,,,False,
tile,1.4545834448563344,0.0,4.0,150.0,0.021403118136461664,True,0.28640252521902043,3.0,0.0,6.0,-2.7862328570566994,-2.2479616831317037,-0.19205433134194166,0.647226654933765,False,True,True,True,True,True,pill_8,,10404,True,True,0,0,0.8872231189903612,measured,15.509285044882377,False,6.153840026637795
tile,1.7192444243783789,0.0,4.0,150.0,0.03956628328532141,True,0.47073436747045316,3.0,0.0,6.0,3.3422057242709187,0.6732886558845972,1.8916794533611028,1.0818514964081527,False,True,True,True,True,True,button_lr44,,10405,True,True,3,3,,specular_break,18.008664477827644,False,6.020583272440634
tile,1.7192444243783789,0.0,4.0,150.0,0.03956628328532141,True,0.47073436747045316,3.0,0.0,6.0,3.3422057242709187,0.6732886558845972,1.8916794533611028,1.0818514964081527,False,True,True,True,True,True,,empty,10406,False,False,0,0,,,,False,
tile,1.7192444243783789,0.0,4.0,150.0,0.03956628328532141,True,0.47073436747045316,3.0,0.0,6.0,3.3422057242709187,0.6732886558845972,1.8916794533611028,1.0818514964081527,False,True,True,True,True,True,button_cr2032,,10407,False,True,0,0,,specular_break,26.304979797254358,True,65.82860323309887
tile,0.6472728382645649,0.0,1.0,50.0,0.040561931493882444,True,0.5815857623189855,3.0,0.0,6.0,-2.628388549212031,2.425419771585499,-2.2492663533371773,4.533041259865419,False,True,True,True,True,True,bead_6,,10408,True,True,0,0,,off_line,7.29178609011175,True,2.4774996566990333
tile,0.6472728382645649,0.0,1.0,50.0,0.040561931493882444,True,0.5815857623189855,3.0,0.0,6.0,-2.628388549212031,2.425419771585499,-2.2492663533371773,4.533041259865419,False,True,True,True,True,True,,stain,10409,False,False,0,0,,,,False,
tile,0.6472728382645649,0.0,1.0,50.0,0.040561931493882444,True,0.5815857623189855,3.0,0.0,6.0,-2.628388549212031,2.425419771585499,-2.2492663533371773,4.533041259865419,False,True,True,True,True,True,button_lr44,,10410,False,False,0,0,,,,False,
rug,1.8849151223749734,0.30601073704591486,0.0,50.0,0.0024008711708951858,True,0.6563378068365956,3.0,0.017828010043777598,6.0,-1.8041441194599162,-0.5316016950934398,-1.055017698474085,0.6058452468698072,True,True,True,True,True,True,bead_10_dark,,10411,False,True,0,0,,specular_break,11.73798177921752,True,17.2949026727664
rug,1.8849151223749734,0.30601073704591486,0.0,50.0,0.0024008711708951858,True,0.6563378068365956,3.0,0.017828010043777598,6.0,-1.8041441194599162,-0.5316016950934398,-1.055017698474085,0.6058452468698072,True,True,True,True,True,True,,seam,10412,False,False,3,4,,,,False,
rug,1.8849151223749734,0.30601073704591486,0.0,50.0,0.0024008711708951858,True,0.6563378068365956,3.0,0.017828010043777598,6.0,-1.8041441194599162,-0.5316016950934398,-1.055017698474085,0.6058452468698072,True,True,True,True,True,True,magnet_disc_10x3,,10413,True,True,2,1,,specular_break,16.090353276732053,False,10.69239811532088
carpet,1.0687692574399597,0.7195451060322666,0.0,8.0,0.0202375499030856,True,0.9220087587572329,3.0,1.0306968121235165,6.0,-1.9597603638985466,-3.499818170857789,-1.3662152737631004,1.4113091740706503,False,True,True,True,True,True,magnet_disc_10x3,,10414,True,True,1,1,,specular_break,8.12325228652752,False,10.895908831284723
carpet,1.0687692574399597,0.7195451060322666,0.0,8.0,0.0202375499030856,True,0.9220087587572329,3.0,1.0306968121235165,6.0,-1.9597603638985466,-3.499818170857789,-1.3662152737631004,1.4113091740706503,False,True,True,True,True,True,,empty,10415,False,False,3,4,,,,False,
carpet,1.0687692574399597,0.7195451060322666,0.0,8.0,0.0202375499030856,True,0.9220087587572329,3.0,1.0306968121235165,6.0,-1.9597603638985466,-3.499818170857789,-1.3662152737631004,1.4113091740706503,False,True,True,True,True,True,magnet_ball_5,,10416,True,True,3,3,0.07668528272223085,measured,4.943427137705578,False,4.019625393403436
rug,1.3577405226338717,0.16247905095587278,4.0,8.0,0.00961296734003152,True,0.9832895848581314,3.0,1.4425568656160037,6.0,-0.04912539372179886,-2.945308448573327,-1.18847640166089,2.407503493034132,False,True,True,True,True,True,magnet_ball_5,,10417,False,False,0,1,,,,False,
rug,1.3577405226338717,0.16247905095587278,4.0,8.0,0.00961296734003152,True,0.9832895848581314,3.0,1.4425568656160037,6.0,-0.04912539372179886,-2.945308448573327,-1.18847640166089,2.407503493034132,False,True,True,True,True,True,,stain,10418,False,False,0,2,,,,False,
rug,1.3577405226338717,0.16247905095587278,4.0,8.0,0.00961296734003152,True,0.9832895848581314,3.0,1.4425568656160037,6.0,-0.04912539372179886,-2.945308448573327,-1.18847640166089,2.407503493034132,False,True,True,True,True,True,pill_8,,10419,True,True,0,0,1.8518747175462913,measured,9.462891515985348,False,15.422126674982687
rug,1.0952639772790944,0.13035447797856517,0.0,150.0,0.03875572117092464,True,0.3038138272136174,3.0,1.3719827284882975,6.0,1.5708687709346572,-0.774054029839045,-0.29914238747046,0.246804821985137,False,True,True,True,True,True,pill_8,,10420,True,True,1,1,2.7889186849593077,measured,8.190789002087012,False,5.550097868473685
rug,1.0952639772790944,0.13035447797856517,0.0,150.0,0.03875572117092464,True,0.3038138272136174,3.0,1.3719827284882975,6.0,1.5708687709346572,-0.774054029839045,-0.29914238747046,0.246804821985137,False,True,True,True,True,True,,seam,10421,False,False,0,0,,,,False,
rug,1.0952639772790944,0.13035447797856517,0.0,150.0,0.03875572117092464,True,0.3038138272136174,3.0,1.3719827284882975,6.0,1.5708687709346572,-0.774054029839045,-0.29914238747046,0.246804821985137,False,True,True,True,True,True,button_cr2032,,10422,True,True,0,0,,specular_break,19.404409090241337,True,13.811292697355471
wood,0.5709769105842388,0.0,2.0,8.0,0.025954787339527326,True,0.9581999799237879,3.0,0.0,6.0,-2.519284072559971,-0.0525205251128459,-0.18039730586004943,0.8043647290889587,False,True,True,True,True,True,plastic_part_8,,10423,False,False,0,0,,,,False,
wood,0.5709769105842388,0.0,2.0,8.0,0.025954787339527326,True,0.9581999799237879,3.0,0.0,6.0,-2.519284072559971,-0.0525205251128459,-0.18039730586004943,0.8043647290889587,False,True,True,True,True,True,,empty,10424,False,False,0,0,,,,False,
wood,0.5709769105842388,0.0,2.0,8.0,0.025954787339527326,True,0.9581999799237879,3.0,0.0,6.0,-2.519284072559971,-0.0525205251128459,-0.18039730586004943,0.8043647290889587,False,True,True,True,True,True,button_lr44,,10425,False,False,0,0,,,,False,
wood,1.861730463232143,0.0,0.0,8.0,0.007465198624165715,True,0.2310301668342275,3.0,0.0,6.0,3.5856111669576767,-0.12213351078248753,0.23040301031272992,0.8596874745555192,False,True,True,True,True,True,floor_colored_12,,10426,True,True,0,0,0.25276153159154013,measured,9.671348182043745,False,6.555928545892927
wood,1.861730463232143,0.0,0.0,8.0,0.007465198624165715,True,0.2310301668342275,3.0,0.0,6.0,3.5856111669576767,-0.12213351078248753,0.23040301031272992,0.8596874745555192,False,True,True,True,True,True,,stain,10427,False,False,0,0,,,,False,
wood,1.861730463232143,0.0,0.0,8.0,0.007465198624165715,True,0.2310301668342275,3.0,0.0,6.0,3.5856111669576767,-0.12213351078248753,0.23040301031272992,0.8596874745555192,False,True,True,True,True,True,magnet_disc_10x3,,10428,True,True,0,0,,specular_break,7.423258281874033,True,4.858487117861386
pattern,0.8119795180718832,0.17846345812790645,0.0,50.0,0.03837215257854723,True,0.9062356278005628,3.0,0.0,6.0,0.6986479108356038,1.0539760253651305,1.7023292210594376,0.5632866298709132,False,True,True,True,True,True,coin_1yen,,10429,False,True,0,0,1.31876481908993,measured,23.354853128356943,False,11.901193975661243
pattern,0.8119795180718832,0.17846345812790645,0.0,50.0,0.03837215257854723,True,0.9062356278005628,3.0,0.0,6.0,0.6986479108356038,1.0539760253651305,1.7023292210594376,0.5632866298709132,False,True,True,True,True,True,,seam,10430,False,False,4,4,,,,False,
pattern,0.8119795180718832,0.17846345812790645,0.0,50.0,0.03837215257854723,True,0.9062356278005628,3.0,0.0,6.0,0.6986479108356038,1.0539760253651305,1.7023292210594376,0.5632866298709132,False,True,True,True,True,True,magnet_ball_5,,10431,True,True,0,0,0.5288543569904913,measured,9.27206707387493,False,4.22959388201588
tile,0.9859799215488357,0.0,1.0,50.0,0.02038302463695057,True,0.2623171760632541,3.0,0.0,6.0,2.017436676354715,1.9043074694017192,-2.5741411772003495,2.45388882428755,False,True,True,True,True,True,coin_10yen,,10432,False,True,0,0,1.5456867202889626,measured,11.434938676371193,False,9.60239023683659
tile,0.9859799215488357,0.0,1.0,50.0,0.02038302463695057,True,0.2623171760632541,3.0,0.0,6.0,2.017436676354715,1.9043074694017192,-2.5741411772003495,2.45388882428755,False,True,True,True,True,True,,empty,10433,False,False,0,0,,,,False,
tile,0.9859799215488357,0.0,1.0,50.0,0.02038302463695057,True,0.2623171760632541,3.0,0.0,6.0,2.017436676354715,1.9043074694017192,-2.5741411772003495,2.45388882428755,False,True,True,True,True,True,pill_8,,10434,True,True,1,0,3.3482596679895487,measured,8.231017654062398,False,4.599075371993712
tile,1.2305715277440104,0.0,0.0,8.0,0.007279867003384072,True,0.23526156170263923,3.0,0.0,6.0,-5.214963296702921,-0.07853642190681193,3.643165040546072,2.229799524381203,False,True,True,True,True,True,button_cr2032,,10435,True,True,0,0,,specular_break,13.96276722783794,True,20.898138980237675
tile,1.2305715277440104,0.0,0.0,8.0,0.007279867003384072,True,0.23526156170263923,3.0,0.0,6.0,-5.214963296702921,-0.07853642190681193,3.643165040546072,2.229799524381203,False,True,True,True,True,True,,stain,10436,False,False,0,0,,,,False,
tile,1.2305715277440104,0.0,0.0,8.0,0.007279867003384072,True,0.23526156170263923,3.0,0.0,6.0,-5.214963296702921,-0.07853642190681193,3.643165040546072,2.229799524381203,False,True,True,True,True,True,button_cr2032,,10437,False,True,0,0,0.8057092832018746,measured,13.120351921391798,True,10.36608175400803
tile,1.3997858485620611,0.0,0.0,50.0,0.009887028547146893,True,0.5986301695147362,3.0,0.0,6.0,0.7974264907234396,0.4103602948940026,2.792363987406653,2.306089577301245,False,True,True,True,True,True,button_lr44,,10438,True,True,0,0,,specular_break,11.967158319444561,True,8.533165592734091
tile,1.3997858485620611,0.0,0.0,50.0,0.009887028547146893,True,0.5986301695147362,3.0,0.0,6.0,0.7974264907234396,0.4103602948940026,2.792363987406653,2.306089577301245,False,True,True,True,True,True,,seam,10439,False,False,1,1,,,,False,
tile,1.3997858485620611,0.0,0.0,50.0,0.009887028547146893,True,0.5986301695147362,3.0,0.0,6.0,0.7974264907234396,0.4103602948940026,2.792363987406653,2.306089577301245,False,True,True,True,True,True,button_lr44,,10440,True,True,1,1,,specular_break,55.27743674272138,True,45.969772363303406
carpet,1.4497153468013,0.005621450851808607,2.0,150.0,0.048051465527084974,True,0.8452218296953826,3.0,1.2250670844484581,6.0,-2.8466568887794668,4.73312480468097,-4.20655995449677,1.0920142366634977,True,True,True,True,True,True,bead_6,,10441,False,False,1,1,,,,False,
carpet,1.4497153468013,0.005621450851808607,2.0,150.0,0.048051465527084974,True,0.8452218296953826,3.0,1.2250670844484581,6.0,-2.8466568887794668,4.73312480468097,-4.20655995449677,1.0920142366634977,True,True,True,True,True,True,,empty,10442,False,False,0,0,,,,False,
carpet,1.4497153468013,0.005621450851808607,2.0,150.0,0.048051465527084974,True,0.8452218296953826,3.0,1.2250670844484581,6.0,-2.8466568887794668,4.73312480468097,-4.20655995449677,1.0920142366634977,True,True,True,True,True,True,magnet_disc_10x3,,10443,False,False,1,1,,,,False,
tile,1.7549456865920146,0.0,0.0,150.0,0.0016777649708141719,True,0.5278584449570645,3.0,0.0,6.0,-4.668534566809817,0.36429901375668416,-4.292014976215082,0.7252527792230136,True,True,True,True,True,True,bead_10_dark,,10444,False,True,0,0,,specular_break,11.209128185588419,True,59.044647578885055
tile,1.7549456865920146,0.0,0.0,150.0,0.0016777649708141719,True,0.5278584449570645,3.0,0.0,6.0,-4.668534566809817,0.36429901375668416,-4.292014976215082,0.7252527792230136,True,True,True,True,True,True,,stain,10445,False,False,0,0,,,,False,
tile,1.7549456865920146,0.0,0.0,150.0,0.0016777649708141719,True,0.5278584449570645,3.0,0.0,6.0,-4.668534566809817,0.36429901375668416,-4.292014976215082,0.7252527792230136,True,True,True,True,True,True,magnet_ball_5,,10446,False,False,0,0,,,,False,
wood,1.1087323162693865,0.0,1.0,50.0,0.005108651300845113,True,0.8600405275554288,3.0,0.0,6.0,-3.821725170349793,-0.6328607555318748,3.742754571059364,1.0114920962932261,False,True,True,True,True,True,magnet_disc_10x3,,10447,True,True,0,0,,specular_break,32.494842186587704,False,17.460378020935497
wood,1.1087323162693865,0.0,1.0,50.0,0.005108651300845113,True,0.8600405275554288,3.0,0.0,6.0,-3.821725170349793,-0.6328607555318748,3.742754571059364,1.0114920962932261,False,True,True,True,True,True,,seam,10448,False,False,0,0,,,,False,
wood,1.1087323162693865,0.0,1.0,50.0,0.005108651300845113,True,0.8600405275554288,3.0,0.0,6.0,-3.821725170349793,-0.6328607555318748,3.742754571059364,1.0114920962932261,False,True,True,True,True,True,pill_8,,10449,True,True,0,0,-0.1878864195681036,measured,7.104295547372217,False,6.145525429566412
wood,0.8429766023909157,0.0,0.0,50.0,0.010650507723452158,True,0.9144493969038116,3.0,0.0,6.0,7.798984470801008,-2.149987958511478,1.256117462075638,0.676410548956124,False,True,True,True,True,True,magnet_ball_5,,10450,True,True,0,0,,off_line,4.489198305141143,True,2.47529246711666
wood,0.8429766023909157,0.0,0.0,50.0,0.010650507723452158,True,0.9144493969038116,3.0,0.0,6.0,7.798984470801008,-2.149987958511478,1.256117462075638,0.676410548956124,False,True,True,True,True,True,,empty,10451,False,False,0,0,,,,False,
wood,0.8429766023909157,0.0,0.0,50.0,0.010650507723452158,True,0.9144493969038116,3.0,0.0,6.0,7.798984470801008,-2.149987958511478,1.256117462075638,0.676410548956124,False,True,True,True,True,True,button_cr2032,,10452,True,True,0,0,-0.651642291764361,measured,17.49069982815615,True,10.342927412735548
wood,1.9543210533452204,0.0,1.0,50.0,0.010168366777345495,True,0.45922898288507086,3.0,0.0,6.0,-5.691675872563081,-3.56127979452741,-2.3987504034231395,0.4453293375050218,False,True,True,True,True,True,pill_8,,10453,True,True,0,0,1.8697704039730692,measured,8.230659514681518,False,4.549563776619665
wood,1.9543210533452204,0.0,1.0,50.0,0.010168366777345495,True,0.45922898288507086,3.0,0.0,6.0,-5.691675872563081,-3.56127979452741,-2.3987504034231395,0.4453293375050218,False,True,True,True,True,True,,stain,10454,False,False,0,0,,,,False,
wood,1.9543210533452204,0.0,1.0,50.0,0.010168366777345495,True,0.45922898288507086,3.0,0.0,6.0,-5.691675872563081,-3.56127979452741,-2.3987504034231395,0.4453293375050218,False,True,True,True,True,True,button_lr44,,10455,True,True,0,0,,specular_break,11.532703423638779,False,6.623592815455882
wood,1.8288972168371855,0.0,2.0,50.0,0.04541570962763675,True,0.576870547025274,3.0,0.0,6.0,2.332718336849933,0.36241935484331317,-2.2435054416327302,1.1537917540907225,False,True,True,True,True,True,plastic_part_8,,10456,True,True,0,0,0.0677935684730393,measured,9.54009476141275,False,3.525870179248267
wood,1.8288972168371855,0.0,2.0,50.0,0.04541570962763675,True,0.576870547025274,3.0,0.0,6.0,2.332718336849933,0.36241935484331317,-2.2435054416327302,1.1537917540907225,False,True,True,True,True,True,,seam,10457,False,False,0,0,,,,False,
wood,1.8288972168371855,0.0,2.0,50.0,0.04541570962763675,True,0.576870547025274,3.0,0.0,6.0,2.332718336849933,0.36241935484331317,-2.2435054416327302,1.1537917540907225,False,True,True,True,True,True,magnet_disc_10x3,,10458,True,True,0,0,,specular_break,8.92010740749411,True,5.347928008722357
wood,1.4039614496520392,0.0,2.0,50.0,0.013732674473974983,True,0.7301720233504028,3.0,0.0,6.0,2.197494482478524,-0.75191455540328,6.688795439468209,0.2244890106815946,False,True,True,True,True,True,floor_colored_12,,10459,True,True,1,1,2.4752558423922686,measured,8.28717505820651,False,8.828011670504113
wood,1.4039614496520392,0.0,2.0,50.0,0.013732674473974983,True,0.7301720233504028,3.0,0.0,6.0,2.197494482478524,-0.75191455540328,6.688795439468209,0.2244890106815946,False,True,True,True,True,True,,empty,10460,False,False,0,0,,,,False,
wood,1.4039614496520392,0.0,2.0,50.0,0.013732674473974983,True,0.7301720233504028,3.0,0.0,6.0,2.197494482478524,-0.75191455540328,6.688795439468209,0.2244890106815946,False,True,True,True,True,True,magnet_ball_5,,10461,True,True,0,0,-0.5054027421696148,measured,5.220720196042873,True,4.676598588754804
pattern,1.0429274892118936,0.10482868876477697,1.0,8.0,0.047445756600835096,True,0.2111101187204838,3.0,0.0,6.0,-3.875515513931382,-3.2009907516968052,1.6594227441139873,1.4205818521876248,False,True,True,True,True,True,coin_1yen,,10462,True,True,0,0,1.302784131517555,measured,16.77814473954445,False,11.590097777088172
pattern,1.0429274892118936,0.10482868876477697,1.0,8.0,0.047445756600835096,True,0.2111101187204838,3.0,0.0,6.0,-3.875515513931382,-3.2009907516968052,1.6594227441139873,1.4205818521876248,False,True,True,True,True,True,,stain,10463,False,False,0,0,,,,False,
pattern,1.0429274892118936,0.10482868876477697,1.0,8.0,0.047445756600835096,True,0.2111101187204838,3.0,0.0,6.0,-3.875515513931382,-3.2009907516968052,1.6594227441139873,1.4205818521876248,False,True,True,True,True,True,pill_8,,10464,True,True,0,0,-0.17569027931193837,measured,7.48085881632693,False,5.255299464699964
wood,0.7317919959101765,0.0,4.0,150.0,0.022456682998641606,True,0.5597829593066047,3.0,0.0,6.0,-0.6700491321946314,-2.8449446093012245,-0.5949656503507004,2.7288453812468623,False,True,True,True,True,True,coin_10yen,,10465,False,False,0,0,,,,False,
wood,0.7317919959101765,0.0,4.0,150.0,0.022456682998641606,True,0.5597829593066047,3.0,0.0,6.0,-0.6700491321946314,-2.8449446093012245,-0.5949656503507004,2.7288453812468623,False,True,True,True,True,True,,seam,10466,False,False,0,0,,,,False,
wood,0.7317919959101765,0.0,4.0,150.0,0.022456682998641606,True,0.5597829593066047,3.0,0.0,6.0,-0.6700491321946314,-2.8449446093012245,-0.5949656503507004,2.7288453812468623,False,True,True,True,True,True,button_cr2032,,10467,True,True,2,1,,specular_break,17.99964505626189,False,10.927424417025334
wood,0.8568935002383662,0.0,0.0,150.0,0.019065394413108106,True,0.009152080302616938,3.0,0.0,6.0,0.7699197732395235,-0.5259549308934804,-4.629666314282784,3.152911859458938,False,True,True,True,True,True,button_cr2032,,10468,True,True,0,0,,specular_break,19.779050837604867,True,10.935733714528407
wood,0.8568935002383662,0.0,0.0,150.0,0.019065394413108106,True,0.009152080302616938,3.0,0.0,6.0,0.7699197732395235,-0.5259549308934804,-4.629666314282784,3.152911859458938,False,True,True,True,True,True,,empty,10469,False,False,0,0,,,,False,
wood,0.8568935002383662,0.0,0.0,150.0,0.019065394413108106,True,0.009152080302616938,3.0,0.0,6.0,0.7699197732395235,-0.5259549308934804,-4.629666314282784,3.152911859458938,False,True,True,True,True,True,button_lr44,,10470,True,True,0,0,-0.7249936884890875,measured,12.282104961291207,True,4.912311642226855
rug,1.5368784795563641,0.036569812866464435,0.0,50.0,0.04748532411814809,True,0.5313641361254197,3.0,0.21207816642242006,6.0,0.6694857879120166,-0.6880150997176661,-6.040448533883438,0.9647907728356989,False,True,True,True,True,True,button_lr44,,10471,True,True,0,1,,specular_break,15.114579055972252,False,9.664555418879457
rug,1.5368784795563641,0.036569812866464435,0.0,50.0,0.04748532411814809,True,0.5313641361254197,3.0,0.21207816642242006,6.0,0.6694857879120166,-0.6880150997176661,-6.040448533883438,0.9647907728356989,False,True,True,True,True,True,,stain,10472,False,False,0,3,,,,False,
rug,1.5368784795563641,0.036569812866464435,0.0,50.0,0.04748532411814809,True,0.5313641361254197,3.0,0.21207816642242006,6.0,0.6694857879120166,-0.6880150997176661,-6.040448533883438,0.9647907728356989,False,True,True,True,True,True,magnet_disc_10x3,,10473,True,True,3,0,,specular_break,15.453834665193282,False,8.98824132343868
rug,1.0104905638058341,0.3582446390796014,1.0,50.0,0.04845559335310322,True,0.17840618099979666,3.0,0.5014733234741904,6.0,-1.238623390395711,0.3255476447225726,2.1199897569679926,0.7741498103450893,False,True,True,True,True,True,bead_6,,10474,False,False,0,0,,,,False,
rug,1.0104905638058341,0.3582446390796014,1.0,50.0,0.04845559335310322,True,0.17840618099979666,3.0,0.5014733234741904,6.0,-1.238623390395711,0.3255476447225726,2.1199897569679926,0.7741498103450893,False,True,True,True,True,True,,seam,10475,False,False,10,10,,,,False,
rug,1.0104905638058341,0.3582446390796014,1.0,50.0,0.04845559335310322,True,0.17840618099979666,3.0,0.5014733234741904,6.0,-1.238623390395711,0.3255476447225726,2.1199897569679926,0.7741498103450893,False,True,True,True,True,True,magnet_ball_5,,10476,False,True,0,1,1.1079159663489175,measured,4.801352270153398,True,4.605162017300197
wood,1.3847422254412243,0.0,4.0,8.0,0.013921378151861591,True,0.8161614707623757,3.0,0.0,6.0,-2.067409392411513,1.5421477296861636,-0.6035583722272537,0.8567785266032008,False,True,True,True,True,True,bead_10_dark,,10477,False,False,0,0,,,,False,
wood,1.3847422254412243,0.0,4.0,8.0,0.013921378151861591,True,0.8161614707623757,3.0,0.0,6.0,-2.067409392411513,1.5421477296861636,-0.6035583722272537,0.8567785266032008,False,True,True,True,True,True,,empty,10478,False,False,0,0,,,,False,
wood,1.3847422254412243,0.0,4.0,8.0,0.013921378151861591,True,0.8161614707623757,3.0,0.0,6.0,-2.067409392411513,1.5421477296861636,-0.6035583722272537,0.8567785266032008,False,True,True,True,True,True,pill_8,,10479,False,False,0,0,,,,False,
pattern,0.8888158930386068,0.15830107465243146,0.0,8.0,0.04641055879636651,True,0.37918227747224864,3.0,0.0,6.0,2.422536526108868,0.7144999464655396,0.9530742772345784,0.6148960590702451,False,True,True,True,True,True,magnet_disc_10x3,,10480,True,True,0,0,,specular_break,8.1016282859084,True,5.056740932405403
pattern,0.8888158930386068,0.15830107465243146,0.0,8.0,0.04641055879636651,True,0.37918227747224864,3.0,0.0,6.0,2.422536526108868,0.7144999464655396,0.9530742772345784,0.6148960590702451,False,True,True,True,True,True,,stain,10481,False,False,0,0,,,,False,
pattern,0.8888158930386068,0.15830107465243146,0.0,8.0,0.04641055879636651,True,0.37918227747224864,3.0,0.0,6.0,2.422536526108868,0.7144999464655396,0.9530742772345784,0.6148960590702451,False,True,True,True,True,True,button_cr2032,,10482,True,True,0,0,,specular_break,17.656096281065853,True,9.811880009633748
tile,0.8722822788420801,0.0,4.0,50.0,0.018143407353955955,True,0.9394745467314806,3.0,0.0,6.0,1.0122733863761817,-2.1683594218282973,-2.239050299832786,0.40768259264734746,False,True,True,True,True,True,magnet_ball_5,,10483,True,True,0,0,-0.0073040951784548724,measured,6.678436828472323,False,2.629124810509996
tile,0.8722822788420801,0.0,4.0,50.0,0.018143407353955955,True,0.9394745467314806,3.0,0.0,6.0,1.0122733863761817,-2.1683594218282973,-2.239050299832786,0.40768259264734746,False,True,True,True,True,True,,seam,10484,False,False,0,0,,,,False,
tile,0.8722822788420801,0.0,4.0,50.0,0.018143407353955955,True,0.9394745467314806,3.0,0.0,6.0,1.0122733863761817,-2.1683594218282973,-2.239050299832786,0.40768259264734746,False,True,True,True,True,True,button_lr44,,10485,False,False,0,0,,,,False,
pattern,1.7508157988707507,0.06562921836241593,0.0,150.0,0.0013728541615033675,True,0.14687654362521319,3.0,0.0,6.0,2.185122094806981,1.3600309510202446,-0.2927812550132205,0.2989900950844045,False,True,True,True,True,True,pill_8,,10486,True,True,0,0,2.6944482848510063,measured,17.10404804666699,False,6.288381737661962
pattern,1.7508157988707507,0.06562921836241593,0.0,150.0,0.0013728541615033675,True,0.14687654362521319,3.0,0.0,6.0,2.185122094806981,1.3600309510202446,-0.2927812550132205,0.2989900950844045,False,True,True,True,True,True,,empty,10487,False,False,0,0,,,,False,
pattern,1.7508157988707507,0.06562921836241593,0.0,150.0,0.0013728541615033675,True,0.14687654362521319,3.0,0.0,6.0,2.185122094806981,1.3600309510202446,-0.2927812550132205,0.2989900950844045,False,True,True,True,True,True,magnet_disc_10x3,,10488,True,True,0,0,,specular_break,6.259682286895699,False,5.407107105043701
tile,1.9219796769647395,0.0,1.0,50.0,0.005557032180393368,True,0.4195206703932861,3.0,0.0,6.0,0.768638446982276,-0.0007483038217065589,-6.397827990993163,3.1334481401958882,True,True,True,True,True,True,plastic_part_8,,10489,True,True,0,0,0.8340427051680344,measured,10.203274184459357,True,1.2331859413018846
tile,1.9219796769647395,0.0,1.0,50.0,0.005557032180393368,True,0.4195206703932861,3.0,0.0,6.0,0.768638446982276,-0.0007483038217065589,-6.397827990993163,3.1334481401958882,True,True,True,True,True,True,,stain,10490,False,False,1,1,,,,False,
tile,1.9219796769647395,0.0,1.0,50.0,0.005557032180393368,True,0.4195206703932861,3.0,0.0,6.0,0.768638446982276,-0.0007483038217065589,-6.397827990993163,3.1334481401958882,True,True,True,True,True,True,magnet_ball_5,,10491,True,True,1,1,-0.04215350021453368,measured,7.409493347187679,True,2.036103272026375
carpet,0.919021371938737,0.5446586041138283,2.0,50.0,0.04206809708105442,True,0.2382458187674792,3.0,0.18090515517881106,6.0,-5.310786880587193,1.654815745883973,-2.4783323454656165,0.7808112656068278,True,True,True,True,True,True,floor_colored_12,,10492,False,False,13,10,,,,False,
carpet,0.919021371938737,0.5446586041138283,2.0,50.0,0.04206809708105442,True,0.2382458187674792,3.0,0.18090515517881106,6.0,-5.310786880587193,1.654815745883973,-2.4783323454656165,0.7808112656068278,True,True,True,True,True,True,,seam,10493,False,False,16,17,,,,False,
carpet,0.919021371938737,0.5446586041138283,2.0,50.0,0.04206809708105442,True,0.2382458187674792,3.0,0.18090515517881106,6.0,-5.310786880587193,1.654815745883973,-2.4783323454656165,0.7808112656068278,True,True,True,True,True,True,pill_8,,10494,True,True,19,12,,off_line,7.200462184051366,False,12.576745001168781
wood,1.337770481745642,0.0,4.0,50.0,0.02076445013470632,True,0.08544032693986425,3.0,0.0,6.0,-3.8312556618000544,-2.3915063469751625,0.14117776470607332,1.1283793423443722,False,True,True,True,True,True,coin_1yen,,10495,True,True,0,0,1.3444251467720907,measured,27.267735005576707,False,12.170200122881406
wood,1.337770481745642,0.0,4.0,50.0,0.02076445013470632,True,0.08544032693986425,3.0,0.0,6.0,-3.8312556618000544,-2.3915063469751625,0.14117776470607332,1.1283793423443722,False,True,True,True,True,True,,empty,10496,False,False,0,0,,,,False,
wood,1.337770481745642,0.0,4.0,50.0,0.02076445013470632,True,0.08544032693986425,3.0,0.0,6.0,-3.8312556618000544,-2.3915063469751625,0.14117776470607332,1.1283793423443722,False,True,True,True,True,True,button_cr2032,,10497,True,True,2,2,,specular_break,17.920419647809013,True,10.909915545263694
wood,1.9265644431913793,0.0,0.0,50.0,0.000893317620381734,True,0.38200259342180465,3.0,0.0,6.0,3.069721244245181,2.628208994220848,-0.47881286787283706,2.059935139269999,True,True,True,True,True,True,coin_10yen,,10498,False,False,0,0,,,,False,
wood,1.9265644431913793,0.0,0.0,50.0,0.000893317620381734,True,0.38200259342180465,3.0,0.0,6.0,3.069721244245181,2.628208994220848,-0.47881286787283706,2.059935139269999,True,True,True,True,True,True,,stain,10499,False,False,0,0,,,,False,
wood,1.9265644431913793,0.0,0.0,50.0,0.000893317620381734,True,0.38200259342180465,3.0,0.0,6.0,3.069721244245181,2.628208994220848,-0.47881286787283706,2.059935139269999,True,True,True,True,True,True,button_lr44,,10500,True,True,0,0,,specular_break,11.559206031291787,True,6.771226319672484
rug,1.9657543446221983,0.0442965115688458,1.0,50.0,0.0015254798745080456,True,0.4058204702043672,3.0,0.7373636833572401,6.0,4.2890736039915005,2.1271114915480323,3.7355110753547347,1.0257804295044959,True,True,True,True,True,True,button_cr2032,,10501,True,True,2,2,,specular_break,16.393851982287764,False,17.47497915529063
rug,1.9657543446221983,0.0442965115688458,1.0,50.0,0.0015254798745080456,True,0.4058204702043672,3.0,0.7373636833572401,6.0,4.2890736039915005,2.1271114915480323,3.7355110753547347,1.0257804295044959,True,True,True,True,True,True,,seam,10502,False,False,4,6,,,,False,
rug,1.9657543446221983,0.0442965115688458,1.0,50.0,0.0015254798745080456,True,0.4058204702043672,3.0,0.7373636833572401,6.0,4.2890736039915005,2.1271114915480323,3.7355110753547347,1.0257804295044959,True,True,True,True,True,True,magnet_disc_10x3,,10503,True,True,1,1,,specular_break,10.88500224196729,False,8.268441779828603
tile,0.5942392835703294,0.0,0.0,50.0,0.010077525933361682,True,0.3739183782437625,3.0,0.0,6.0,-0.2751794367641811,-0.828468451352712,-7.5213958109426144,3.420904033049179,False,True,True,True,True,True,button_lr44,,10504,True,True,0,0,,specular_break,15.58886421976091,True,6.337549219144175
tile,0.5942392835703294,0.0,0.0,50.0,0.010077525933361682,True,0.3739183782437625,3.0,0.0,6.0,-0.2751794367641811,-0.828468451352712,-7.5213958109426144,3.420904033049179,False,True,True,True,True,True,,empty,10505,False,False,0,0,,,,False,
tile,0.5942392835703294,0.0,0.0,50.0,0.010077525933361682,True,0.3739183782437625,3.0,0.0,6.0,-0.2751794367641811,-0.828468451352712,-7.5213958109426144,3.420904033049179,False,True,True,True,True,True,magnet_ball_5,,10506,True,True,0,0,0.895466930791212,measured,9.855439264853022,False,1.4419875423568407
rug,1.237680020909841,0.3287567451295764,4.0,8.0,0.009005215102811942,True,0.9540027078139908,3.0,0.3123952382261422,6.0,0.7018360014434399,0.97366728407525,3.6794841978295674,2.3863799068251494,False,True,True,True,True,True,bead_6,,10507,True,True,0,0,1.9521206987611421,measured,8.173353260234459,False,8.77793464374786
rug,1.237680020909841,0.3287567451295764,4.0,8.0,0.009005215102811942,True,0.9540027078139908,3.0,0.3123952382261422,6.0,0.7018360014434399,0.97366728407525,3.6794841978295674,2.3863799068251494,False,True,True,True,True,True,,stain,10508,False,False,0,3,,,,False,
rug,1.237680020909841,0.3287567451295764,4.0,8.0,0.009005215102811942,True,0.9540027078139908,3.0,0.3123952382261422,6.0,0.7018360014434399,0.97366728407525,3.6794841978295674,2.3863799068251494,False,True,True,True,True,True,pill_8,,10509,True,True,3,3,0.6817863304180065,measured,6.010139293131294,False,1.4663417522492117
rug,1.9351652406931608,0.32313253106214873,1.0,50.0,0.014835740453673675,True,0.30287289556789476,3.0,0.6862566201231687,6.0,-1.662010040129859,1.1298468644474042,-2.966643036489214,0.12476028032485817,False,True,True,True,True,True,bead_10_dark,,10510,False,True,0,2,,specular_break,6.427725512848489,True,27.58034883884754
rug,1.9351652406931608,0.32313253106214873,1.0,50.0,0.014835740453673675,True,0.30287289556789476,3.0,0.6862566201231687,6.0,-1.662010040129859,1.1298468644474042,-2.966643036489214,0.12476028032485817,False,True,True,True,True,True,,seam,10511,False,False,2,5,,,,False,
rug,1.9351652406931608,0.32313253106214873,1.0,50.0,0.014835740453673675,True,0.30287289556789476,3.0,0.6862566201231687,6.0,-1.662010040129859,1.1298468644474042,-2.966643036489214,0.12476028032485817,False,True,True,True,True,True,button_cr2032,,10512,False,True,0,2,,specular_break,33.369133008629774,False,24.437628763748467
carpet,1.9116501912577988,0.4840210470230646,0.0,150.0,0.004930942531103594,True,0.03913203422961253,3.0,1.2505964400961163,6.0,-6.095769492175155,1.1033339432899787,-0.837009100139472,1.4427303367173998,True,True,True,True,True,True,magnet_disc_10x3,,10513,False,False,8,9,,,,False,
carpet,1.9116501912577988,0.4840210470230646,0.0,150.0,0.004930942531103594,True,0.03913203422961253,3.0,1.2505964400961163,6.0,-6.095769492175155,1.1033339432899787,-0.837009100139472,1.4427303367173998,True,True,True,True,True,True,,empty,10514,False,False,5,5,,,,False,
carpet,1.9116501912577988,0.4840210470230646,0.0,150.0,0.004930942531103594,True,0.03913203422961253,3.0,1.2505964400961163,6.0,-6.095769492175155,1.1033339432899787,-0.837009100139472,1.4427303367173998,True,True,True,True,True,True,button_lr44,,10515,False,True,18,11,,specular_break,3.859441480509399,True,32.819824197325545
wood,1.3244761086207169,0.0,4.0,8.0,0.02150398045587831,True,0.6351972845619607,3.0,0.0,6.0,0.8426389788340101,-0.20821493112432532,-3.7580442925899833,2.8190475151056433,False,True,True,True,True,True,magnet_ball_5,,10516,True,True,0,0,-0.026519687667978076,measured,10.297223507020915,False,2.435888715436406
wood,1.3244761086207169,0.0,4.0,8.0,0.02150398045587831,True,0.6351972845619607,3.0,0.0,6.0,0.8426389788340101,-0.20821493112432532,-3.7580442925899833,2.8190475151056433,False,True,True,True,True,True,,stain,10517,False,False,0,0,,,,False,
wood,1.3244761086207169,0.0,4.0,8.0,0.02150398045587831,True,0.6351972845619607,3.0,0.0,6.0,0.8426389788340101,-0.20821493112432532,-3.7580442925899833,2.8190475151056433,False,True,True,True,True,True,magnet_disc_10x3,,10518,False,False,0,0,,,,False,
pattern,1.2436841590882988,0.06049995673850439,0.0,8.0,0.015385092826743475,True,0.4723342567591403,3.0,0.0,6.0,-0.47609247251123205,-0.8721643599379735,1.939578972149837,2.328438236513368,False,True,True,True,True,True,pill_8,,10519,True,True,1,1,0.9060558622311827,measured,11.048467693128268,False,3.7481119731349235
pattern,1.2436841590882988,0.06049995673850439,0.0,8.0,0.015385092826743475,True,0.4723342567591403,3.0,0.0,6.0,-0.47609247251123205,-0.8721643599379735,1.939578972149837,2.328438236513368,False,True,True,True,True,True,,seam,10520,False,False,0,0,,,,False,
pattern,1.2436841590882988,0.06049995673850439,0.0,8.0,0.015385092826743475,True,0.4723342567591403,3.0,0.0,6.0,-0.47609247251123205,-0.8721643599379735,1.939578972149837,2.328438236513368,False,True,True,True,True,True,magnet_ball_5,,10521,True,True,0,0,,specular_break,11.675250513155962,False,28.93863428573284
wood,0.8878666294346665,0.0,0.0,8.0,0.012724036314454807,True,0.8393499896576193,3.0,0.0,6.0,3.7038068160095685,-3.68076739492578,4.916888454071218,4.04997962704234,False,True,True,True,True,True,plastic_part_8,,10522,False,False,0,0,,,,False,
wood,0.8878666294346665,0.0,0.0,8.0,0.012724036314454807,True,0.8393499896576193,3.0,0.0,6.0,3.7038068160095685,-3.68076739492578,4.916888454071218,4.04997962704234,False,True,True,True,True,True,,empty,10523,False,False,0,0,,,,False,
wood,0.8878666294346665,0.0,0.0,8.0,0.012724036314454807,True,0.8393499896576193,3.0,0.0,6.0,3.7038068160095685,-3.68076739492578,4.916888454071218,4.04997962704234,False,True,True,True,True,True,pill_8,,10524,True,True,0,0,2.2013046186449436,measured,6.654428740855494,False,5.708852557331253
wood,0.6726695811034367,0.0,1.0,150.0,0.022181430083445093,True,0.4335889432333494,3.0,0.0,6.0,-1.233026111291367,-3.8700602645708293,1.3635484313251411,4.785250982689179,False,True,True,True,True,True,floor_colored_12,,10525,True,True,0,0,1.8206027702428678,measured,9.479011848791131,False,6.322674547222729
wood,0.6726695811034367,0.0,1.0,150.0,0.022181430083445093,True,0.4335889432333494,3.0,0.0,6.0,-1.233026111291367,-3.8700602645708293,1.3635484313251411,4.785250982689179,False,True,True,True,True,True,,stain,10526,False,False,0,0,,,,False,
wood,0.6726695811034367,0.0,1.0,150.0,0.022181430083445093,True,0.4335889432333494,3.0,0.0,6.0,-1.233026111291367,-3.8700602645708293,1.3635484313251411,4.785250982689179,False,True,True,True,True,True,button_cr2032,,10527,True,True,1,0,,specular_break,17.390967098502,True,10.497248825960058
rug,1.9864601911149893,0.11848302894433603,0.0,8.0,0.027273572615590404,True,0.2895531860961642,3.0,0.33074635543610587,6.0,-0.26123062701756533,-2.7541392114371854,-0.03872166649837913,2.7578790025619697,False,True,True,True,True,True,coin_1yen,,10528,True,True,0,0,1.4087579425711318,measured,18.785554038379537,False,10.077330869312197
rug,1.9864601911149893,0.11848302894433603,0.0,8.0,0.027273572615590404,True,0.2895531860961642,3.0,0.33074635543610587,6.0,-0.26123062701756533,-2.7541392114371854,-0.03872166649837913,2.7578790025619697,False,True,True,True,True,True,,seam,10529,False,False,4,6,,,,False,
rug,1.9864601911149893,0.11848302894433603,0.0,8.0,0.027273572615590404,True,0.2895531860961642,3.0,0.33074635543610587,6.0,-0.26123062701756533,-2.7541392114371854,-0.03872166649837913,2.7578790025619697,False,True,True,True,True,True,button_lr44,,10530,True,True,1,0,,specular_break,14.82837760703622,False,12.560121265302389
tile,1.6253380117649532,0.0,1.0,8.0,0.0345211561803915,True,0.962126428598185,3.0,0.0,6.0,-0.47365528821604036,-0.7633983039215105,0.8101432189620097,4.036753462948549,False,True,True,True,True,True,coin_10yen,,10531,False,False,0,0,,,,False,
tile,1.6253380117649532,0.0,1.0,8.0,0.0345211561803915,True,0.962126428598185,3.0,0.0,6.0,-0.47365528821604036,-0.7633983039215105,0.8101432189620097,4.036753462948549,False,True,True,True,True,True,,empty,10532,False,False,0,0,,,,False,
tile,1.6253380117649532,0.0,1.0,8.0,0.0345211561803915,True,0.962126428598185,3.0,0.0,6.0,-0.47365528821604036,-0.7633983039215105,0.8101432189620097,4.036753462948549,False,True,True,True,True,True,magnet_disc_10x3,,10533,False,False,0,0,,,,False,
tile,1.1701909990543955,0.0,2.0,50.0,0.03409888431846019,True,0.6924133433279736,3.0,0.0,6.0,3.2755825045218088,-3.841466934282692,-1.0631802092481377,3.2981259275602035,False,True,True,True,True,True,button_cr2032,,10534,False,True,0,0,,specular_break,18.516494990923224,True,10.060621852614341
tile,1.1701909990543955,0.0,2.0,50.0,0.03409888431846019,True,0.6924133433279736,3.0,0.0,6.0,3.2755825045218088,-3.841466934282692,-1.0631802092481377,3.2981259275602035,False,True,True,True,True,True,,stain,10535,False,False,0,0,,,,False,
tile,1.1701909990543955,0.0,2.0,50.0,0.03409888431846019,True,0.6924133433279736,3.0,0.0,6.0,3.2755825045218088,-3.841466934282692,-1.0631802092481377,3.2981259275602035,False,True,True,True,True,True,magnet_ball_5,,10536,True,True,1,2,,off_line,4.947638427604797,True,2.3021980794236923
wood,1.3584768619313723,0.0,0.0,8.0,0.0362291351664031,True,0.18099195501280663,3.0,0.0,6.0,1.565784576197331,-0.2976133573262567,0.7303221238028383,3.0642619282068364,False,True,True,True,True,True,button_lr44,,10537,True,True,0,0,-0.5049217848291416,measured,10.901733591221,True,7.391997704657358
wood,1.3584768619313723,0.0,0.0,8.0,0.0362291351664031,True,0.18099195501280663,3.0,0.0,6.0,1.565784576197331,-0.2976133573262567,0.7303221238028383,3.0642619282068364,False,True,True,True,True,True,,seam,10538,False,False,0,0,,,,False,
wood,1.3584768619313723,0.0,0.0,8.0,0.0362291351664031,True,0.18099195501280663,3.0,0.0,6.0,1.565784576197331,-0.2976133573262567,0.7303221238028383,3.0642619282068364,False,True,True,True,True,True,pill_8,,10539,True,True,1,1,2.753455145172003,measured,7.628239142585453,False,4.5267571144914776
pattern,1.8707471935723907,0.0016773030209427109,0.0,150.0,0.007841050371566072,True,0.46699487701586573,3.0,0.0,6.0,0.6744086247130238,-2.5637064596312187,-4.987808681589305,1.8852857270910748,False,True,True,True,True,True,bead_6,,10540,True,True,1,2,,off_line,6.896603019536267,False,2.3577769211688318
pattern,1.8707471935723907,0.0016773030209427109,0.0,150.0,0.007841050371566072,True,0.46699487701586573,3.0,0.0,6.0,0.6744086247130238,-2.5637064596312187,-4.987808681589305,1.8852857270910748,False,True,True,True,True,True,,empty,10541,False,False,0,0,,,,False,
pattern,1.8707471935723907,0.0016773030209427109,0.0,150.0,0.007841050371566072,True,0.46699487701586573,3.0,0.0,6.0,0.6744086247130238,-2.5637064596312187,-4.987808681589305,1.8852857270910748,False,True,True,True,True,True,button_cr2032,,10542,True,True,4,3,1.5546220867670542,measured,18.289313383501156,False,16.952912193098975
tile,1.3128738094814598,0.0,2.0,8.0,0.008657031208015337,True,0.31987330167994266,3.0,0.0,6.0,-3.9193091558867494,-4.345385228024387,-2.3286074637650205,1.6886168833115511,False,True,True,True,True,True,bead_10_dark,,10543,False,False,0,0,,,,False,
tile,1.3128738094814598,0.0,2.0,8.0,0.008657031208015337,True,0.31987330167994266,3.0,0.0,6.0,-3.9193091558867494,-4.345385228024387,-2.3286074637650205,1.6886168833115511,False,True,True,True,True,True,,stain,10544,False,False,0,0,,,,False,
tile,1.3128738094814598,0.0,2.0,8.0,0.008657031208015337,True,0.31987330167994266,3.0,0.0,6.0,-3.9193091558867494,-4.345385228024387,-2.3286074637650205,1.6886168833115511,False,True,True,True,True,True,button_lr44,,10545,True,True,0,0,-0.7294419412988216,measured,11.87482502416522,False,4.975952499779673
wood,0.9182192732015609,0.0,1.0,8.0,0.03746356848844947,True,0.9529357238210107,3.0,0.0,6.0,-2.6060322815911485,0.728151152142975,-5.612689188099974,1.3645953242322577,True,True,True,True,True,True,magnet_disc_10x3,,10546,False,False,0,0,,,,False,
wood,0.9182192732015609,0.0,1.0,8.0,0.03746356848844947,True,0.9529357238210107,3.0,0.0,6.0,-2.6060322815911485,0.728151152142975,-5.612689188099974,1.3645953242322577,True,True,True,True,True,True,,seam,10547,False,False,1,1,,,,False,
wood,0.9182192732015609,0.0,1.0,8.0,0.03746356848844947,True,0.9529357238210107,3.0,0.0,6.0,-2.6060322815911485,0.728151152142975,-5.612689188099974,1.3645953242322577,True,True,True,True,True,True,magnet_disc_10x3,,10548,True,True,0,0,,specular_break,2.5377086681964913,False,6.765079166964429
wood,1.9536286953786934,0.0,1.0,8.0,0.016077781727533286,True,0.9772810662190627,3.0,0.0,6.0,-3.138075253048907,-1.3120100534675128,-2.049763482039558,1.5696019046525458,False,True,True,True,True,True,magnet_ball_5,,10549,True,True,0,0,,specular_break,11.079460049482364,False,3.3056894070814145
wood,1.9536286953786934,0.0,1.0,8.0,0.016077781727533286,True,0.9772810662190627,3.0,0.0,6.0,-3.138075253048907,-1.3120100534675128,-2.049763482039558,1.5696019046525458,False,True,True,True,True,True,,empty,10550,False,False,0,0,,,,False,
wood,1.9536286953786934,0.0,1.0,8.0,0.016077781727533286,True,0.9772810662190627,3.0,0.0,6.0,-3.138075253048907,-1.3120100534675128,-2.049763482039558,1.5696019046525458,False,True,True,True,True,True,magnet_ball_5,,10551,False,False,0,0,,,,False,
wood,1.0496235564624132,0.0,4.0,8.0,0.015562359424858868,True,0.06753173481650931,3.0,0.0,6.0,-0.4363539830024129,2.940787044989521,0.6385571593392309,1.8650803837356478,False,True,True,True,True,True,pill_8,,10552,True,True,0,0,,specular_break,26.533728101729196,False,28.77325889095965
wood,1.0496235564624132,0.0,4.0,8.0,0.015562359424858868,True,0.06753173481650931,3.0,0.0,6.0,-0.4363539830024129,2.940787044989521,0.6385571593392309,1.8650803837356478,False,True,True,True,True,True,,stain,10553,False,False,0,0,,,,False,
wood,1.0496235564624132,0.0,4.0,8.0,0.015562359424858868,True,0.06753173481650931,3.0,0.0,6.0,-0.4363539830024129,2.940787044989521,0.6385571593392309,1.8650803837356478,False,True,True,True,True,True,pill_8,,10554,True,True,0,0,0.018100816700554745,measured,7.486439755559909,False,3.8026022651790448
wood,1.710731606796016,0.0,1.0,150.0,0.02044040311422638,True,0.9145871139702365,3.0,0.0,6.0,-3.23314804430516,-3.8298327045765954,1.5014646096919821,3.714888242655905,False,True,True,True,True,True,plastic_part_8,,10555,False,False,0,0,,,,False,
wood,1.710731606796016,0.0,1.0,150.0,0.02044040311422638,True,0.9145871139702365,3.0,0.0,6.0,-3.23314804430516,-3.8298327045765954,1.5014646096919821,3.714888242655905,False,True,True,True,True,True,,seam,10556,False,False,0,0,,,,False,
wood,1.710731606796016,0.0,1.0,150.0,0.02044040311422638,True,0.9145871139702365,3.0,0.0,6.0,-3.23314804430516,-3.8298327045765954,1.5014646096919821,3.714888242655905,False,True,True,True,True,True,button_cr2032,,10557,True,True,0,1,0.40548653821427116,measured,14.592472882004866,False,25.104063502963978
pattern,0.8669960816920144,0.14958593034383702,2.0,50.0,0.0023524720582488224,True,0.09752909616287808,3.0,0.0,6.0,-1.6674471911061501,-4.037623235841055,-2.7282826847909925,0.7384586628115316,False,True,True,True,True,True,floor_colored_12,,10558,True,True,0,2,1.9800629343555674,measured,10.835586679094307,False,4.127666731365561
pattern,0.8669960816920144,0.14958593034383702,2.0,50.0,0.0023524720582488224,True,0.09752909616287808,3.0,0.0,6.0,-1.6674471911061501,-4.037623235841055,-2.7282826847909925,0.7384586628115316,False,True,True,True,True,True,,empty,10559,False,False,0,0,,,,False,
pattern,0.8669960816920144,0.14958593034383702,2.0,50.0,0.0023524720582488224,True,0.09752909616287808,3.0,0.0,6.0,-1.6674471911061501,-4.037623235841055,-2.7282826847909925,0.7384586628115316,False,True,True,True,True,True,button_lr44,,10560,True,True,1,1,-0.5989156395206603,measured,11.750087135592741,False,4.752457649451687
rug,0.9953284509513569,0.12323058183838463,2.0,8.0,0.01756483347186897,True,0.16569354012449022,3.0,0.8611563061842222,6.0,-0.04531796918616311,-1.5959617438217106,-1.2784936280311703,4.250735388076254,False,True,True,True,True,True,coin_1yen,,10561,True,True,0,0,0.9808543209367162,measured,18.617371945047424,False,10.247343812346898
rug,0.9953284509513569,0.12323058183838463,2.0,8.0,0.01756483347186897,True,0.16569354012449022,3.0,0.8611563061842222,6.0,-0.04531796918616311,-1.5959617438217106,-1.2784936280311703,4.250735388076254,False,True,True,True,True,True,,stain,10562,False,False,0,1,,,,False,
rug,0.9953284509513569,0.12323058183838463,2.0,8.0,0.01756483347186897,True,0.16569354012449022,3.0,0.8611563061842222,6.0,-0.04531796918616311,-1.5959617438217106,-1.2784936280311703,4.250735388076254,False,True,True,True,True,True,magnet_disc_10x3,,10563,True,True,0,0,0.03306966081501983,measured,9.385888700791098,True,5.101971024863866
wood,0.5873573221811974,0.0,4.0,150.0,0.046040457777447,True,0.4842043341192257,3.0,0.0,6.0,-1.5959853951737593,0.45857633787360785,-2.0147331774352315,0.7925624591588801,False,True,True,True,True,True,coin_10yen,,10564,False,True,0,0,1.477703736106129,measured,9.958645377192177,False,10.031499303378244
wood,0.5873573221811974,0.0,4.0,150.0,0.046040457777447,True,0.4842043341192257,3.0,0.0,6.0,-1.5959853951737593,0.45857633787360785,-2.0147331774352315,0.7925624591588801,False,True,True,True,True,True,,seam,10565,False,False,3,3,,,,False,
wood,0.5873573221811974,0.0,4.0,150.0,0.046040457777447,True,0.4842043341192257,3.0,0.0,6.0,-1.5959853951737593,0.45857633787360785,-2.0147331774352315,0.7925624591588801,False,True,True,True,True,True,magnet_ball_5,,10566,False,False,0,0,,,,False,
pattern,0.7426114512843787,0.09412452412197998,4.0,8.0,0.027896718126544304,True,0.4569960616228804,3.0,0.0,6.0,5.851628989019677,1.4618680663556245,0.2917020386378706,1.6044366533707308,False,True,True,True,True,True,button_cr2032,,10567,True,True,0,0,,specular_break,17.684986685671443,True,9.828947699579473
pattern,0.7426114512843787,0.09412452412197998,4.0,8.0,0.027896718126544304,True,0.4569960616228804,3.0,0.0,6.0,5.851628989019677,1.4618680663556245,0.2917020386378706,1.6044366533707308,False,True,True,True,True,True,,empty,10568,False,False,0,0,,,,False,
pattern,0.7426114512843787,0.09412452412197998,4.0,8.0,0.027896718126544304,True,0.4569960616228804,3.0,0.0,6.0,5.851628989019677,1.4618680663556245,0.2917020386378706,1.6044366533707308,False,True,True,True,True,True,pill_8,,10569,True,True,0,0,2.7811765692992907,measured,7.268231706169905,False,4.804110307703374
wood,1.245740128882828,0.0,2.0,150.0,0.043606479471959704,True,0.38252904965642753,3.0,0.0,6.0,-6.491167500753114,3.98287478165597,-3.478148682553492,1.6006404436679151,False,True,True,True,True,True,button_lr44,,10570,False,False,0,0,,,,False,
wood,1.245740128882828,0.0,2.0,150.0,0.043606479471959704,True,0.38252904965642753,3.0,0.0,6.0,-6.491167500753114,3.98287478165597,-3.478148682553492,1.6006404436679151,False,True,True,True,True,True,,stain,10571,False,False,0,0,,,,False,
wood,1.245740128882828,0.0,2.0,150.0,0.043606479471959704,True,0.38252904965642753,3.0,0.0,6.0,-6.491167500753114,3.98287478165597,-3.478148682553492,1.6006404436679151,False,True,True,True,True,True,button_cr2032,,10572,False,False,0,1,,,,False,
pattern,1.2577151097249812,0.00327490064144087,2.0,150.0,0.0006733769963190085,True,0.5274495190953211,3.0,0.0,6.0,2.4048016851773664,0.25004302037591986,0.9560764753958815,2.656369042891497,False,True,True,True,True,True,bead_6,,10573,True,True,0,0,2.2216187365085958,measured,10.552604049537191,True,3.729022985213197
pattern,1.2577151097249812,0.00327490064144087,2.0,150.0,0.0006733769963190085,True,0.5274495190953211,3.0,0.0,6.0,2.4048016851773664,0.25004302037591986,0.9560764753958815,2.656369042891497,False,True,True,True,True,True,,seam,10574,False,False,0,0,,,,False,
pattern,1.2577151097249812,0.00327490064144087,2.0,150.0,0.0006733769963190085,True,0.5274495190953211,3.0,0.0,6.0,2.4048016851773664,0.25004302037591986,0.9560764753958815,2.656369042891497,False,True,True,True,True,True,button_lr44,,10575,True,True,0,0,-0.31920594556586934,measured,10.438639733247303,False,5.917956121393373
carpet,0.5786584473840236,0.6721803290191891,0.0,50.0,0.006762676900734871,True,0.6568394060384296,3.0,0.3223525349890833,6.0,-4.963516151800658,1.370585199700439,-0.3056252973964516,0.06168942749370075,False,True,True,True,True,True,bead_10_dark,,10576,False,False,0,0,,,,False,
carpet,0.5786584473840236,0.6721803290191891,0.0,50.0,0.006762676900734871,True,0.6568394060384296,3.0,0.3223525349890833,6.0,-4.963516151800658,1.370585199700439,-0.3056252973964516,0.06168942749370075,False,True,True,True,True,True,,empty,10577,False,False,0,0,,,,False,
carpet,0.5786584473840236,0.6721803290191891,0.0,50.0,0.006762676900734871,True,0.6568394060384296,3.0,0.3223525349890833,6.0,-4.963516151800658,1.370585199700439,-0.3056252973964516,0.06168942749370075,False,True,True,True,True,True,magnet_disc_10x3,,10578,False,False,0,0,,,,False,
wood,0.701695875061101,0.0,0.0,50.0,0.022444339764694805,True,0.4379668099585602,3.0,0.0,6.0,-4.586113765604901,-2.434327535757017,4.408689916647486,2.0599648475031027,False,True,True,True,True,True,magnet_disc_10x3,,10579,True,True,0,0,,specular_break,11.486644551948658,False,4.401333995247293
wood,0.701695875061101,0.0,0.0,50.0,0.022444339764694805,True,0.4379668099585602,3.0,0.0,6.0,-4.586113765604901,-2.434327535757017,4.408689916647486,2.0599648475031027,False,True,True,True,True,True,,stain,10580,False,False,0,0,,,,False,
wood,0.701695875061101,0.0,0.0,50.0,0.022444339764694805,True,0.4379668099585602,3.0,0.0,6.0,-4.586113765604901,-2.434327535757017,4.408689916647486,2.0599648475031027,False,True,True,True,True,True,magnet_ball_5,,10581,True,True,1,1,0.04021999966979273,measured,5.962453890673542,True,2.0924487593993666
wood,0.6151746007590302,0.0,2.0,150.0,0.031413278691634565,True,0.17547470710204727,3.0,0.0,6.0,-0.8532274819057899,-1.3483094803580884,1.974802266279427,1.384388750989051,False,True,True,True,True,True,magnet_ball_5,,10582,True,True,0,1,-0.7494014896735273,measured,6.357476783359205,False,3.4764142172607135
wood,0.6151746007590302,0.0,2.0,150.0,0.031413278691634565,True,0.17547470710204727,3.0,0.0,6.0,-0.8532274819057899,-1.3483094803580884,1.974802266279427,1.384388750989051,False,True,True,True,True,True,,seam,10583,False,False,0,0,,,,False,
wood,0.6151746007590302,0.0,2.0,150.0,0.031413278691634565,True,0.17547470710204727,3.0,0.0,6.0,-0.8532274819057899,-1.3483094803580884,1.974802266279427,1.384388750989051,False,True,True,True,True,True,pill_8,,10584,True,True,0,0,1.7097797831836807,measured,7.62091827624733,False,5.381447560715028
tile,0.66333893365075,0.0,1.0,8.0,0.01477208967102104,True,0.8603612391524639,3.0,0.0,6.0,0.014197393220270561,-3.0250057957404044,4.731756487545741,0.9860192336569504,True,True,True,True,True,True,pill_8,,10585,True,True,1,0,0.8016370911570618,measured,9.110859891481397,False,5.7301734524740375
tile,0.66333893365075,0.0,1.0,8.0,0.01477208967102104,True,0.8603612391524639,3.0,0.0,6.0,0.014197393220270561,-3.0250057957404044,4.731756487545741,0.9860192336569504,True,True,True,True,True,True,,empty,10586,False,False,0,0,,,,False,
tile,0.66333893365075,0.0,1.0,8.0,0.01477208967102104,True,0.8603612391524639,3.0,0.0,6.0,0.014197393220270561,-3.0250057957404044,4.731756487545741,0.9860192336569504,True,True,True,True,True,True,button_cr2032,,10587,True,True,0,0,,specular_break,16.229820779765983,True,10.589975639057213
rug,1.1682918193484564,0.23351506439428574,1.0,8.0,0.030045084129696573,True,0.703839784629583,3.0,1.4841933675740284,6.0,-0.674135131976306,3.3854119971639833,4.827710590240997,0.9461723045734673,True,True,True,True,True,True,plastic_part_8,,10588,True,True,0,0,0.01942942872436504,measured,7.363929401153959,False,1.3472120554768627
rug,1.1682918193484564,0.23351506439428574,1.0,8.0,0.030045084129696573,True,0.703839784629583,3.0,1.4841933675740284,6.0,-0.674135131976306,3.3854119971639833,4.827710590240997,0.9461723045734673,True,True,True,True,True,True,,stain,10589,False,False,0,0,,,,False,
rug,1.1682918193484564,0.23351506439428574,1.0,8.0,0.030045084129696573,True,0.703839784629583,3.0,1.4841933675740284,6.0,-0.674135131976306,3.3854119971639833,4.827710590240997,0.9461723045734673,True,True,True,True,True,True,button_lr44,,10590,False,False,0,1,,,,False,
tile,0.5540906615323332,0.0,4.0,50.0,0.0025888329700675342,True,0.6603729695495729,3.0,0.0,6.0,-1.530903971005579,-2.7947739930429423,0.972620439392593,1.2840147179958938,False,True,True,True,True,True,floor_colored_12,,10591,False,False,0,0,,,,False,
tile,0.5540906615323332,0.0,4.0,50.0,0.0025888329700675342,True,0.6603729695495729,3.0,0.0,6.0,-1.530903971005579,-2.7947739930429423,0.972620439392593,1.2840147179958938,False,True,True,True,True,True,,seam,10592,False,False,0,0,,,,False,
tile,0.5540906615323332,0.0,4.0,50.0,0.0025888329700675342,True,0.6603729695495729,3.0,0.0,6.0,-1.530903971005579,-2.7947739930429423,0.972620439392593,1.2840147179958938,False,True,True,True,True,True,magnet_disc_10x3,,10593,False,False,0,0,,,,False,
tile,1.0801687438683505,0.0,4.0,8.0,0.03353568276526498,True,0.23162895302445385,3.0,0.0,6.0,-2.5159831763356104,-2.515979674564117,-0.8236655588992892,1.5403896169740794,False,True,True,True,True,True,coin_1yen,,10594,True,True,1,1,0.8033488508814308,measured,17.900556826866076,False,10.894221926230019
tile,1.0801687438683505,0.0,4.0,8.0,0.03353568276526498,True,0.23162895302445385,3.0,0.0,6.0,-2.5159831763356104,-2.515979674564117,-0.8236655588992892,1.5403896169740794,False,True,True,True,True,True,,empty,10595,False,False,0,0,,,,False,
tile,1.0801687438683505,0.0,4.0,8.0,0.03353568276526498,True,0.23162895302445385,3.0,0.0,6.0,-2.5159831763356104,-2.515979674564117,-0.8236655588992892,1.5403896169740794,False,True,True,True,True,True,magnet_ball_5,,10596,True,True,0,0,-1.0487669288421149,measured,6.735164772609002,False,3.1783143902741546
wood,0.6461243773262422,0.0,4.0,50.0,0.032200797719178546,True,0.6666011747355162,3.0,0.0,6.0,1.5513795657120846,-0.7670943080687112,2.385473471460028,1.2420088418710937,False,True,True,True,True,True,coin_10yen,,10597,False,False,0,0,,,,False,
wood,0.6461243773262422,0.0,4.0,50.0,0.032200797719178546,True,0.6666011747355162,3.0,0.0,6.0,1.5513795657120846,-0.7670943080687112,2.385473471460028,1.2420088418710937,False,True,True,True,True,True,,stain,10598,False,False,0,0,,,,False,
wood,0.6461243773262422,0.0,4.0,50.0,0.032200797719178546,True,0.6666011747355162,3.0,0.0,6.0,1.5513795657120846,-0.7670943080687112,2.385473471460028,1.2420088418710937,False,True,True,True,True,True,pill_8,,10599,False,True,0,0,1.4004335781876662,measured,7.861804850717424,False,6.577986476316919
carpet,1.3645203994159052,0.7472150822783894,0.0,8.0,0.04880940619602956,True,0.45478928050356293,3.0,1.2740224436489795,6.0,-3.399045503337825,-1.9540379102840462,-1.388859750418226,1.276760903282124,True,True,True,True,True,True,button_cr2032,,10600,False,True,16,14,,specular_break,20.144795723282524,True,22.371778932301623
carpet,1.3645203994159052,0.7472150822783894,0.0,8.0,0.04880940619602956,True,0.45478928050356293,3.0,1.2740224436489795,6.0,-3.399045503337825,-1.9540379102840462,-1.388859750418226,1.276760903282124,True,True,True,True,True,True,,seam,10601,False,False,13,14,,,,False,
carpet,1.3645203994159052,0.7472150822783894,0.0,8.0,0.04880940619602956,True,0.45478928050356293,3.0,1.2740224436489795,6.0,-3.399045503337825,-1.9540379102840462,-1.388859750418226,1.276760903282124,True,True,True,True,True,True,button_cr2032,,10602,True,True,9,6,,specular_break,21.268067462782618,True,8.514294628434516
wood,1.1574085400203111,0.0,1.0,50.0,0.04464351180018536,True,0.5507870637930132,3.0,0.0,6.0,-2.2454159451047837,-0.0027423950213541597,5.376641392056113,0.8222864252223091,False,True,True,True,True,True,button_lr44,,10603,True,True,0,0,,specular_break,14.945674614009633,True,5.579752863785152
wood,1.1574085400203111,0.0,1.0,50.0,0.04464351180018536,True,0.5507870637930132,3.0,0.0,6.0,-2.2454159451047837,-0.0027423950213541597,5.376641392056113,0.8222864252223091,False,True,True,True,True,True,,empty,10604,False,False,0,0,,,,False,
wood,1.1574085400203111,0.0,1.0,50.0,0.04464351180018536,True,0.5507870637930132,3.0,0.0,6.0,-2.2454159451047837,-0.0027423950213541597,5.376641392056113,0.8222864252223091,False,True,True,True,True,True,button_lr44,,10605,False,False,0,0,,,,False,
wood,0.9354567632489859,0.0,4.0,50.0,0.02209807853224144,True,0.3730536314312227,3.0,0.0,6.0,-2.0516842485122306,2.50990556751716,-0.615950304480336,0.8335635356351835,False,True,True,True,True,True,bead_6,,10606,False,False,0,0,,,,False,
wood,0.9354567632489859,0.0,4.0,50.0,0.02209807853224144,True,0.3730536314312227,3.0,0.0,6.0,-2.0516842485122306,2.50990556751716,-0.615950304480336,0.8335635356351835,False,True,True,True,True,True,,stain,10607,False,False,0,0,,,,False,
wood,0.9354567632489859,0.0,4.0,50.0,0.02209807853224144,True,0.3730536314312227,3.0,0.0,6.0,-2.0516842485122306,2.50990556751716,-0.615950304480336,0.8335635356351835,False,True,True,True,True,True,magnet_disc_10x3,,10608,False,False,0,0,,,,False,
pattern,1.1877798296646807,0.1408441932806551,0.0,50.0,0.008211462398739317,True,0.9947412270301161,3.0,0.0,6.0,-0.6874092405217431,0.6372592606889911,-0.4892692986802266,1.243156045586284,True,True,True,True,True,True,bead_10_dark,,10609,False,True,0,0,,specular_break,65.05045374990011,True,25.02923656378259
pattern,1.1877798296646807,0.1408441932806551,0.0,50.0,0.008211462398739317,True,0.9947412270301161,3.0,0.0,6.0,-0.6874092405217431,0.6372592606889911,-0.4892692986802266,1.243156045586284,True,True,True,True,True,True,,seam,10610,False,False,0,0,,,,False,
pattern,1.1877798296646807,0.1408441932806551,0.0,50.0,0.008211462398739317,True,0.9947412270301161,3.0,0.0,6.0,-0.6874092405217431,0.6372592606889911,-0.4892692986802266,1.243156045586284,True,True,True,True,True,True,magnet_ball_5,,10611,True,True,0,0,,specular_break,6.296121047530201,False,1.7836530511379878
pattern,0.8166516178854195,0.08418276580362699,1.0,50.0,0.030328456600046124,True,0.31751015606873556,3.0,0.0,6.0,2.6202858589332987,-1.8942998700746947,-1.8760554922485748,2.2332672003736325,False,True,True,True,True,True,magnet_disc_10x3,,10612,True,True,0,0,0.05492874542178683,measured,8.746305573405415,False,4.889873069634512
pattern,0.8166516178854195,0.08418276580362699,1.0,50.0,0.030328456600046124,True,0.31751015606873556,3.0,0.0,6.0,2.6202858589332987,-1.8942998700746947,-1.8760554922485748,2.2332672003736325,False,True,True,True,True,True,,empty,10613,False,False,0,0,,,,False,
pattern,0.8166516178854195,0.08418276580362699,1.0,50.0,0.030328456600046124,True,0.31751015606873556,3.0,0.0,6.0,2.6202858589332987,-1.8942998700746947,-1.8760554922485748,2.2332672003736325,False,True,True,True,True,True,pill_8,,10614,False,True,0,0,0.8435095135338209,measured,9.204585432480892,False,3.180712111479819
carpet,1.0382037111793203,0.3090959569425296,2.0,50.0,0.021310705265157187,True,0.32713324219218687,3.0,1.1395277580743586,6.0,-3.122975327357279,0.2737317014349654,-1.0719650365401194,0.9617769424775306,False,True,True,True,True,True,magnet_ball_5,,10615,False,False,0,0,,,,False,
carpet,1.0382037111793203,0.3090959569425296,2.0,50.0,0.021310705265157187,True,0.32713324219218687,3.0,1.1395277580743586,6.0,-3.122975327357279,0.2737317014349654,-1.0719650365401194,0.9617769424775306,False,True,True,True,True,True,,stain,10616,False,False,1,1,,,,False,
carpet,1.0382037111793203,0.3090959569425296,2.0,50.0,0.021310705265157187,True,0.32713324219218687,3.0,1.1395277580743586,6.0,-3.122975327357279,0.2737317014349654,-1.0719650365401194,0.9617769424775306,False,True,True,True,True,True,button_cr2032,,10617,True,True,1,0,0.9035945194157033,measured,28.538892993726474,True,8.59365512514536
carpet,1.6150503177452677,0.09840571679289907,4.0,150.0,0.02327573017204547,True,0.4395869134482585,3.0,0.5535886563106728,6.0,-5.1903877964087135,-1.7542065753916471,3.1805166018270183,0.4260178000879974,False,True,True,True,True,True,pill_8,,10618,False,True,1,1,,specular_break,19.22679340600251,False,16.556156768572045
carpet,1.6150503177452677,0.09840571679289907,4.0,150.0,0.02327573017204547,True,0.4395869134482585,3.0,0.5535886563106728,6.0,-5.1903877964087135,-1.7542065753916471,3.1805166018270183,0.4260178000879974,False,True,True,True,True,True,,seam,10619,False,False,25,26,,,,False,
carpet,1.6150503177452677,0.09840571679289907,4.0,150.0,0.02327573017204547,True,0.4395869134482585,3.0,0.5535886563106728,6.0,-5.1903877964087135,-1.7542065753916471,3.1805166018270183,0.4260178000879974,False,True,True,True,True,True,button_lr44,,10620,False,False,0,0,,,,False,
rug,1.037961867808562,0.3688238247179554,1.0,8.0,0.04248951566060976,True,0.40575356915415606,3.0,0.2876150128445515,6.0,-5.772619730377679,-3.207553554165149,1.851480333059575,0.30647652114565954,False,True,True,True,True,True,plastic_part_8,,10621,True,True,28,28,,specular_break,3.5769894679309755,False,8.961617709721938
rug,1.037961867808562,0.3688238247179554,1.0,8.0,0.04248951566060976,True,0.40575356915415606,3.0,0.2876150128445515,6.0,-5.772619730377679,-3.207553554165149,1.851480333059575,0.30647652114565954,False,True,True,True,True,True,,empty,10622,False,False,25,22,,,,False,
rug,1.037961867808562,0.3688238247179554,1.0,8.0,0.04248951566060976,True,0.40575356915415606,3.0,0.2876150128445515,6.0,-5.772619730377679,-3.207553554165149,1.851480333059575,0.30647652114565954,False,True,True,True,True,True,magnet_disc_10x3,,10623,False,True,33,31,,specular_break,9.996560822456058,True,5.012312153997535
wood,1.0348472451745285,0.0,1.0,8.0,0.03533256902238989,True,0.26059567452551824,3.0,0.0,6.0,0.5478899012819469,0.1191107396160315,3.8750330043274603,4.802056742428309,False,True,True,True,True,True,floor_colored_12,,10624,True,True,0,0,0.8986160296825645,measured,10.334700612116425,False,6.193882068337046
wood,1.0348472451745285,0.0,1.0,8.0,0.03533256902238989,True,0.26059567452551824,3.0,0.0,6.0,0.5478899012819469,0.1191107396160315,3.8750330043274603,4.802056742428309,False,True,True,True,True,True,,stain,10625,False,False,0,0,,,,False,
wood,1.0348472451745285,0.0,1.0,8.0,0.03533256902238989,True,0.26059567452551824,3.0,0.0,6.0,0.5478899012819469,0.1191107396160315,3.8750330043274603,4.802056742428309,False,True,True,True,True,True,magnet_ball_5,,10626,True,True,1,1,0.02123856763996379,measured,6.154816589001021,False,2.539088361067893
carpet,1.8359686131308428,0.15723240429594,2.0,150.0,0.00276004340384039,True,0.5722041101007396,3.0,1.1552073631264101,6.0,-0.2844826562764693,4.4482715157639765,3.97281460170163,1.395374733234969,False,True,True,True,True,True,coin_1yen,,10627,False,True,4,4,,specular_break,18.36798634491602,False,40.19415923260887
carpet,1.8359686131308428,0.15723240429594,2.0,150.0,0.00276004340384039,True,0.5722041101007396,3.0,1.1552073631264101,6.0,-0.2844826562764693,4.4482715157639765,3.97281460170163,1.395374733234969,False,True,True,True,True,True,,seam,10628,False,False,2,2,,,,False,
carpet,1.8359686131308428,0.15723240429594,2.0,150.0,0.00276004340384039,True,0.5722041101007396,3.0,1.1552073631264101,6.0,-0.2844826562764693,4.4482715157639765,3.97281460170163,1.395374733234969,False,True,True,True,True,True,pill_8,,10629,False,False,1,2,,,,False,
pattern,1.5803727717035405,0.08159210676698714,2.0,50.0,0.03439089316584957,True,0.609623596881155,3.0,0.0,6.0,1.140134970032401,4.013600892278956,-5.4382271872265475,1.6920804203180004,False,True,True,True,True,True,coin_10yen,,10630,True,True,3,2,,off_line,4.978658356719824,False,9.991867119033444
pattern,1.5803727717035405,0.08159210676698714,2.0,50.0,0.03439089316584957,True,0.609623596881155,3.0,0.0,6.0,1.140134970032401,4.013600892278956,-5.4382271872265475,1.6920804203180004,False,True,True,True,True,True,,empty,10631,False,False,0,0,,,,False,
pattern,1.5803727717035405,0.08159210676698714,2.0,50.0,0.03439089316584957,True,0.609623596881155,3.0,0.0,6.0,1.140134970032401,4.013600892278956,-5.4382271872265475,1.6920804203180004,False,True,True,True,True,True,button_cr2032,,10632,False,False,0,0,,,,False,
pattern,1.2052399113773105,0.07214739581414034,4.0,150.0,0.04074747693974838,True,0.13556934818979816,3.0,0.0,6.0,1.3786768232517426,-2.071770196137228,-4.818622513777321,1.5510991345127798,False,True,True,True,True,True,button_cr2032,,10633,True,True,3,0,,specular_break,19.92119724610769,False,10.552434764047776
pattern,1.2052399113773105,0.07214739581414034,4.0,150.0,0.04074747693974838,True,0.13556934818979816,3.0,0.0,6.0,1.3786768232517426,-2.071770196137228,-4.818622513777321,1.5510991345127798,False,True,True,True,True,True,,stain,10634,False,False,0,0,,,,False,
pattern,1.2052399113773105,0.07214739581414034,4.0,150.0,0.04074747693974838,True,0.13556934818979816,3.0,0.0,6.0,1.3786768232517426,-2.071770196137228,-4.818622513777321,1.5510991345127798,False,True,True,True,True,True,button_lr44,,10635,True,True,0,0,-0.469881211434954,measured,12.223423676498514,True,6.436716049536985
tile,1.4262283947347019,0.0,0.0,150.0,0.022522499175116856,True,0.302695971405632,3.0,0.0,6.0,5.900053218270889,-0.8646317926655577,-0.016969111199421634,0.73530180395825,False,True,True,True,True,True,button_lr44,,10636,True,True,1,1,-0.02142599574476023,measured,11.010249820385555,True,6.2511866544099695
tile,1.4262283947347019,0.0,0.0,150.0,0.022522499175116856,True,0.302695971405632,3.0,0.0,6.0,5.900053218270889,-0.8646317926655577,-0.016969111199421634,0.73530180395825,False,True,True,True,True,True,,seam,10637,False,False,5,10,,,,False,
tile,1.4262283947347019,0.0,0.0,150.0,0.022522499175116856,True,0.302695971405632,3.0,0.0,6.0,5.900053218270889,-0.8646317926655577,-0.016969111199421634,0.73530180395825,False,True,True,True,True,True,magnet_disc_10x3,,10638,True,True,0,0,0.050827632281215784,measured,7.812270309934866,True,5.146458804792415
tile,0.7985603102116602,0.0,4.0,50.0,0.027704787222494566,True,0.7424233358066786,3.0,0.0,6.0,-3.4730161908633845,-2.0490907958394455,-6.467951994923019,2.347876821143557,True,True,True,True,True,True,bead_6,,10639,False,False,0,0,,,,False,
tile,0.7985603102116602,0.0,4.0,50.0,0.027704787222494566,True,0.7424233358066786,3.0,0.0,6.0,-3.4730161908633845,-2.0490907958394455,-6.467951994923019,2.347876821143557,True,True,True,True,True,True,,empty,10640,False,False,0,0,,,,False,
tile,0.7985603102116602,0.0,4.0,50.0,0.027704787222494566,True,0.7424233358066786,3.0,0.0,6.0,-3.4730161908633845,-2.0490907958394455,-6.467951994923019,2.347876821143557,True,True,True,True,True,True,magnet_ball_5,,10641,True,True,1,1,-1.3069266016847063,measured,7.4842106039715315,False,3.595992263121112
tile,0.5983168722773138,0.0,1.0,150.0,0.04391535288307051,True,0.5252983293206503,3.0,0.0,6.0,-3.734773083404364,2.183698452166468,2.1308520664960735,0.149720045587073,True,True,True,True,True,True,bead_10_dark,,10642,False,False,1,1,,,,False,
tile,0.5983168722773138,0.0,1.0,150.0,0.04391535288307051,True,0.5252983293206503,3.0,0.0,6.0,-3.734773083404364,2.183698452166468,2.1308520664960735,0.149720045587073,True,True,True,True,True,True,,stain,10643,False,False,0,0,,,,False,
tile,0.5983168722773138,0.0,1.0,150.0,0.04391535288307051,True,0.5252983293206503,3.0,0.0,6.0,-3.734773083404364,2.183698452166468,2.1308520664960735,0.149720045587073,True,True,True,True,True,True,pill_8,,10644,False,False,0,0,,,,False,
wood,0.6216526593354924,0.0,0.0,8.0,0.013356268873633687,True,0.9807155778549794,3.0,0.0,6.0,2.673698950351173,-1.4029297928274693,-2.740578370238923,1.108793823349681,False,True,True,True,True,True,magnet_disc_10x3,,10645,False,False,0,0,,,,False,
wood,0.6216526593354924,0.0,0.0,8.0,0.013356268873633687,True,0.9807155778549794,3.0,0.0,6.0,2.673698950351173,-1.4029297928274693,-2.740578370238923,1.108793823349681,False,True,True,True,True,True,,seam,10646,False,False,0,0,,,,False,
wood,0.6216526593354924,0.0,0.0,8.0,0.013356268873633687,True,0.9807155778549794,3.0,0.0,6.0,2.673698950351173,-1.4029297928274693,-2.740578370238923,1.108793823349681,False,True,True,True,True,True,button_cr2032,,10647,False,False,0,0,,,,False,
carpet,1.5168269946962039,0.22096440709490459,0.0,50.0,0.04523043936256999,True,0.5252509321050917,3.0,0.5863949860254045,6.0,0.5576551417589837,1.8016172298136668,-4.021709602452366,3.041503029226521,False,True,True,True,True,True,magnet_ball_5,,10648,False,False,0,1,,,,False,
carpet,1.5168269946962039,0.22096440709490459,0.0,50.0,0.04523043936256999,True,0.5252509321050917,3.0,0.5863949860254045,6.0,0.5576551417589837,1.8016172298136668,-4.021709602452366,3.041503029226521,False,True,True,True,True,True,,empty,10649,False,False,0,1,,,,False,
carpet,1.5168269946962039,0.22096440709490459,0.0,50.0,0.04523043936256999,True,0.5252509321050917,3.0,0.5863949860254045,6.0,0.5576551417589837,1.8016172298136668,-4.021709602452366,3.041503029226521,False,True,True,True,True,True,button_lr44,,10650,True,True,0,1,,specular_break,20.43362220025803,True,8.077978273760626
pattern,0.5279843401326385,0.08690587993824402,2.0,150.0,0.004547018154191041,True,0.3629415773264685,3.0,0.0,6.0,-1.643589017665494,0.5019881425936148,0.7034085975759147,1.896278714585651,False,True,True,True,True,True,pill_8,,10651,True,True,0,0,0.5538580100810275,measured,7.665716584790067,False,5.031841703123599
pattern,0.5279843401326385,0.08690587993824402,2.0,150.0,0.004547018154191041,True,0.3629415773264685,3.0,0.0,6.0,-1.643589017665494,0.5019881425936148,0.7034085975759147,1.896278714585651,False,True,True,True,True,True,,stain,10652,False,False,0,0,,,,False,
pattern,0.5279843401326385,0.08690587993824402,2.0,150.0,0.004547018154191041,True,0.3629415773264685,3.0,0.0,6.0,-1.643589017665494,0.5019881425936148,0.7034085975759147,1.896278714585651,False,True,True,True,True,True,magnet_disc_10x3,,10653,True,True,1,0,0.9682946954989156,measured,9.046692047384408,True,5.903860693741471
wood,1.8220930623308256,0.0,0.0,50.0,0.04441374388741645,True,0.3695905964734534,3.0,0.0,6.0,-3.1833103145058965,3.7059601104403384,-5.1441228810508495,2.728783682501791,False,True,True,True,True,True,plastic_part_8,,10654,False,False,0,0,,,,False,
wood,1.8220930623308256,0.0,0.0,50.0,0.04441374388741645,True,0.3695905964734534,3.0,0.0,6.0,-3.1833103145058965,3.7059601104403384,-5.1441228810508495,2.728783682501791,False,True,True,True,True,True,,seam,10655,False,False,0,0,,,,False,
wood,1.8220930623308256,0.0,0.0,50.0,0.04441374388741645,True,0.3695905964734534,3.0,0.0,6.0,-3.1833103145058965,3.7059601104403384,-5.1441228810508495,2.728783682501791,False,True,True,True,True,True,magnet_ball_5,,10656,False,False,0,0,,,,False,
rug,1.7504445488588178,0.1373044108318848,2.0,50.0,0.003814742045252617,True,0.2990151681785028,3.0,0.5939168987801668,6.0,0.1527788218606594,0.3325389996302817,-0.6930316597425401,1.0487452435874909,True,True,True,True,True,True,floor_colored_12,,10657,False,True,0,1,2.2578969643090687,measured,13.785121831590128,False,6.886596378412472
rug,1.7504445488588178,0.1373044108318848,2.0,50.0,0.003814742045252617,True,0.2990151681785028,3.0,0.5939168987801668,6.0,0.1527788218606594,0.3325389996302817,-0.6930316597425401,1.0487452435874909,True,True,True,True,True,True,,empty,10658,False,False,2,5,,,,False,
rug,1.7504445488588178,0.1373044108318848,2.0,50.0,0.003814742045252617,True,0.2990151681785028,3.0,0.5939168987801668,6.0,0.1527788218606594,0.3325389996302817,-0.6930316597425401,1.0487452435874909,True,True,True,True,True,True,pill_8,,10659,True,True,0,0,1.0480773899444902,measured,11.443266997122976,False,8.729133152118633
tile,0.7154013372738529,0.0,4.0,150.0,0.019995370594740172,True,0.1452316433762355,3.0,0.0,6.0,4.8019376705367565,-1.307782846073636,-4.389381145751061,3.1882909268395117,False,True,True,True,True,True,coin_1yen,,10660,True,True,0,0,1.5901627798801563,measured,18.084602610755248,False,11.429504186700301
tile,0.7154013372738529,0.0,4.0,150.0,0.019995370594740172,True,0.1452316433762355,3.0,0.0,6.0,4.8019376705367565,-1.307782846073636,-4.389381145751061,3.1882909268395117,False,True,True,True,True,True,,stain,10661,False,False,0,0,,,,False,
tile,0.7154013372738529,0.0,4.0,150.0,0.019995370594740172,True,0.1452316433762355,3.0,0.0,6.0,4.8019376705367565,-1.307782846073636,-4.389381145751061,3.1882909268395117,False,True,True,True,True,True,button_cr2032,,10662,True,True,0,0,,specular_break,19.882726495448594,True,9.569827347151747
rug,1.5665820999863966,0.20684920219095942,1.0,8.0,0.004086071647570211,True,0.0341518314783128,3.0,0.06922005975566842,6.0,0.6606102831591529,-4.1000832884670775,-3.5609351858319567,0.5688006143329452,False,True,True,True,True,True,coin_10yen,,10663,True,True,0,0,0.7185706235603284,measured,18.21368119735223,False,16.598179304855876
rug,1.5665820999863966,0.20684920219095942,1.0,8.0,0.004086071647570211,True,0.0341518314783128,3.0,0.06922005975566842,6.0,0.6606102831591529,-4.1000832884670775,-3.5609351858319567,0.5688006143329452,False,True,True,True,True,True,,seam,10664,False,False,0,0,,,,False,
rug,1.5665820999863966,0.20684920219095942,1.0,8.0,0.004086071647570211,True,0.0341518314783128,3.0,0.06922005975566842,6.0,0.6606102831591529,-4.1000832884670775,-3.5609351858319567,0.5688006143329452,False,True,True,True,True,True,button_lr44,,10665,True,True,1,2,-0.9140656861387217,measured,11.792020752185419,False,6.18800220174159
rug,1.5787587984125393,0.12228111728201584,0.0,50.0,0.03419487485064501,True,0.6431588814113924,3.0,0.020924739951866334,6.0,-2.9200185960008618,1.255417243071848,7.137847825782256,3.4208888909512987,False,True,True,True,True,True,button_cr2032,,10666,False,True,3,3,,specular_break,6.08123899364319,False,8.201689590701124
rug,1.5787587984125393,0.12228111728201584,0.0,50.0,0.03419487485064501,True,0.6431588814113924,3.0,0.020924739951866334,6.0,-2.9200185960008618,1.255417243071848,7.137847825782256,3.4208888909512987,False,True,True,True,True,True,,empty,10667,False,False,0,0,,,,False,
rug,1.5787587984125393,0.12228111728201584,0.0,50.0,0.03419487485064501,True,0.6431588814113924,3.0,0.020924739951866334,6.0,-2.9200185960008618,1.255417243071848,7.137847825782256,3.4208888909512987,False,True,True,True,True,True,magnet_disc_10x3,,10668,True,True,0,0,,specular_break,13.48736210688006,False,35.99180753514335
carpet,1.3903307079951468,0.779139419035821,2.0,150.0,0.04599425632366156,True,0.5235952394730654,3.0,0.11398272174010726,6.0,-6.0048727353048275,1.7105505387627529,1.0299141567031107,2.155364962189317,False,True,True,True,True,True,button_lr44,,10669,False,False,19,10,,,,False,
carpet,1.3903307079951468,0.779139419035821,2.0,150.0,0.04599425632366156,True,0.5235952394730654,3.0,0.11398272174010726,6.0,-6.0048727353048275,1.7105505387627529,1.0299141567031107,2.155364962189317,False,True,True,True,True,True,,stain,10670,False,False,12,7,,,,False,
carpet,1.3903307079951468,0.779139419035821,2.0,150.0,0.04599425632366156,True,0.5235952394730654,3.0,0.11398272174010726,6.0,-6.0048727353048275,1.7105505387627529,1.0299141567031107,2.155364962189317,False,True,True,True,True,True,magnet_ball_5,,10671,False,False,13,9,,,,False,
tile,1.7791368756255106,0.0,0.0,8.0,0.04142714529763326,True,0.24596745344247495,3.0,0.0,6.0,1.8677809908179117,-2.1057064539080526,-2.0526745276118,1.885545847389399,False,True,True,True,True,True,bead_6,,10672,True,True,0,0,,off_line,7.990154259311229,True,2.748451768490464
tile,1.7791368756255106,0.0,0.0,8.0,0.04142714529763326,True,0.24596745344247495,3.0,0.0,6.0,1.8677809908179117,-2.1057064539080526,-2.0526745276118,1.885545847389399,False,True,True,True,True,True,,seam,10673,False,False,0,1,,,,False,
tile,1.7791368756255106,0.0,0.0,8.0,0.04142714529763326,True,0.24596745344247495,3.0,0.0,6.0,1.8677809908179117,-2.1057064539080526,-2.0526745276118,1.885545847389399,False,True,True,True,True,True,pill_8,,10674,True,True,0,0,0.6552515994311463,measured,11.234836222989745,False,4.045310881158316
rug,1.0056457112685617,0.14375201058440132,2.0,8.0,0.03470067176268772,True,0.8622074719117224,3.0,0.630226496739945,6.0,-0.4743906706523876,-1.110460423343214,-0.43603470432281194,2.7640806411895897,False,True,True,True,True,True,bead_10_dark,,10675,True,True,3,2,,specular_break,16.26451091467287,True,7.718150913723055
rug,1.0056457112685617,0.14375201058440132,2.0,8.0,0.03470067176268772,True,0.8622074719117224,3.0,0.630226496739945,6.0,-0.4743906706523876,-1.110460423343214,-0.43603470432281194,2.7640806411895897,False,True,True,True,True,True,,empty,10676,False,False,0,0,,,,False,
rug,1.0056457112685617,0.14375201058440132,2.0,8.0,0.03470067176268772,True,0.8622074719117224,3.0,0.630226496739945,6.0,-0.4743906706523876,-1.110460423343214,-0.43603470432281194,2.7640806411895897,False,True,True,True,True,True,button_cr2032,,10677,True,True,7,1,,specular_break,23.392694251766542,False,11.202042474327989
wood,1.9296167357299665,0.0,2.0,50.0,0.021948326485081243,True,0.2535470032460698,3.0,0.0,6.0,-1.225822843538248,-1.869086194785712,1.229113838849809,2.4481583565307536,False,True,True,True,True,True,magnet_disc_10x3,,10678,True,True,0,0,,specular_break,8.38909665277114,True,5.780159061260567
wood,1.9296167357299665,0.0,2.0,50.0,0.021948326485081243,True,0.2535470032460698,3.0,0.0,6.0,-1.225822843538248,-1.869086194785712,1.229113838849809,2.4481583565307536,False,True,True,True,True,True,,stain,10679,False,False,0,0,,,,False,
wood,1.9296167357299665,0.0,2.0,50.0,0.021948326485081243,True,0.2535470032460698,3.0,0.0,6.0,-1.225822843538248,-1.869086194785712,1.229113838849809,2.4481583565307536,False,True,True,True,True,True,button_lr44,,10680,True,True,0,1,,specular_break,13.141909047409083,False,6.625042063977661
carpet,1.842871526941611,0.25094898202564775,4.0,50.0,0.018250513073009823,True,0.3350739197063488,3.0,0.9700851908052169,6.0,-5.341420443839191,-0.2197832687085188,3.139000094945457,1.9875252683627902,True,True,True,True,True,True,magnet_ball_5,,10681,False,False,17,17,,,,False,
carpet,1.842871526941611,0.25094898202564775,4.0,50.0,0.018250513073009823,True,0.3350739197063488,3.0,0.9700851908052169,6.0,-5.341420443839191,-0.2197832687085188,3.139000094945457,1.9875252683627902,True,True,True,True,True,True,,seam,10682,False,False,18,18,,,,False,
carpet,1.842871526941611,0.25094898202564775,4.0,50.0,0.018250513073009823,True,0.3350739197063488,3.0,0.9700851908052169,6.0,-5.341420443839191,-0.2197832687085188,3.139000094945457,1.9875252683627902,True,True,True,True,True,True,magnet_disc_10x3,,10683,True,True,11,10,,specular_break,18.71252218140133,False,25.85595986871304
wood,1.8850838694214729,0.0,0.0,8.0,0.045321087582149554,True,0.2926542654373948,3.0,0.0,6.0,4.495739805031461,-1.68495510617292,0.19297543661987943,0.6296007466879683,False,True,True,True,True,True,pill_8,,10684,True,True,0,0,3.3588583053436682,measured,7.553424526191871,False,4.526941533277308
wood,1.8850838694214729,0.0,0.0,8.0,0.045321087582149554,True,0.2926542654373948,3.0,0.0,6.0,4.495739805031461,-1.68495510617292,0.19297543661987943,0.6296007466879683,False,True,True,True,True,True,,empty,10685,False,False,0,0,,,,False,
wood,1.8850838694214729,0.0,0.0,8.0,0.045321087582149554,True,0.2926542654373948,3.0,0.0,6.0,4.495739805031461,-1.68495510617292,0.19297543661987943,0.6296007466879683,False,True,True,True,True,True,magnet_ball_5,,10686,True,True,0,0,,off_line,5.57530302019641,True,3.503045773307429
rug,1.1865605745699497,0.29777835250837525,4.0,50.0,0.004513557572754851,True,0.7337690787184016,3.0,0.19139282640013044,6.0,-0.6304486336603851,0.0817435953731937,0.3083621445286093,0.39844844999120693,True,True,True,True,True,True,plastic_part_8,,10687,True,True,1,1,,specular_break,12.504197347374072,False,13.62839508226033
rug,1.1865605745699497,0.29777835250837525,4.0,50.0,0.004513557572754851,True,0.7337690787184016,3.0,0.19139282640013044,6.0,-0.6304486336603851,0.0817435953731937,0.3083621445286093,0.39844844999120693,True,True,True,True,True,True,,stain,10688,False,False,0,1,,,,False,
rug,1.1865605745699497,0.29777835250837525,4.0,50.0,0.004513557572754851,True,0.7337690787184016,3.0,0.19139282640013044,6.0,-0.6304486336603851,0.0817435953731937,0.3083621445286093,0.39844844999120693,True,True,True,True,True,True,pill_8,,10689,True,True,1,1,0.6909796109571769,measured,14.453394329043396,False,7.865731968490337
pattern,0.5872288684719009,0.008395673705327789,4.0,150.0,0.00871667107032499,True,0.7506097010396964,3.0,0.0,6.0,1.02714136555073,-0.7810829757769462,0.40867213053432455,0.6989293990128149,False,True,True,True,True,True,floor_colored_12,,10690,True,True,0,0,2.8213181137057592,measured,8.950216964722593,False,6.057540778074536
pattern,0.5872288684719009,0.008395673705327789,4.0,150.0,0.00871667107032499,True,0.7506097010396964,3.0,0.0,6.0,1.02714136555073,-0.7810829757769462,0.40867213053432455,0.6989293990128149,False,True,True,True,True,True,,seam,10691,False,False,9,9,,,,False,
pattern,0.5872288684719009,0.008395673705327789,4.0,150.0,0.00871667107032499,True,0.7506097010396964,3.0,0.0,6.0,1.02714136555073,-0.7810829757769462,0.40867213053432455,0.6989293990128149,False,True,True,True,True,True,button_cr2032,,10692,True,True,1,1,0.3297164984740917,measured,16.598515064378223,False,12.971568062848267
wood,1.8930601264066877,0.0,1.0,150.0,0.04885167298663065,True,0.9269040402931404,3.0,0.0,6.0,-1.876513388361861,2.213133461021872,1.6170834900524613,1.6577495447957258,True,True,True,True,True,True,coin_1yen,,10693,True,True,6,6,,off_line,5.730231002504787,False,18.309644764328862
wood,1.8930601264066877,0.0,1.0,150.0,0.04885167298663065,True,0.9269040402931404,3.0,0.0,6.0,-1.876513388361861,2.213133461021872,1.6170834900524613,1.6577495447957258,True,True,True,True,True,True,,empty,10694,False,False,0,0,,,,False,
wood,1.8930601264066877,0.0,1.0,150.0,0.04885167298663065,True,0.9269040402931404,3.0,0.0,6.0,-1.876513388361861,2.213133461021872,1.6170834900524613,1.6577495447957258,True,True,True,True,True,True,button_lr44,,10695,False,False,0,0,,,,False,
tile,0.8450593522351104,0.0,1.0,50.0,0.023342882198672046,True,0.927313876759558,3.0,0.0,6.0,-3.5413445736635105,1.1394247885811044,-3.894657911639041,0.2336136320424581,False,True,True,True,True,True,coin_10yen,,10696,False,False,0,0,,,,False,
tile,0.8450593522351104,0.0,1.0,50.0,0.023342882198672046,True,0.927313876759558,3.0,0.0,6.0,-3.5413445736635105,1.1394247885811044,-3.894657911639041,0.2336136320424581,False,True,True,True,True,True,,stain,10697,False,False,0,0,,,,False,
tile,0.8450593522351104,0.0,1.0,50.0,0.023342882198672046,True,0.927313876759558,3.0,0.0,6.0,-3.5413445736635105,1.1394247885811044,-3.894657911639041,0.2336136320424581,False,True,True,True,True,True,magnet_disc_10x3,,10698,True,True,0,0,0.8586867642323242,measured,11.592042107082051,False,1.759431663492977
wood,1.2543635638515493,0.0,1.0,8.0,0.0019314965546592346,True,0.15008284793256577,3.0,0.0,6.0,0.5131377113296797,-1.716871855411608,-6.589596642986205,1.7860515039280034,False,True,True,True,True,True,button_cr2032,,10699,True,True,1,0,,specular_break,20.264112995748928,True,10.985350750884063
wood,1.2543635638515493,0.0,1.0,8.0,0.0019314965546592346,True,0.15008284793256577,3.0,0.0,6.0,0.5131377113296797,-1.716871855411608,-6.589596642986205,1.7860515039280034,False,True,True,True,True,True,,seam,10700,False,False,0,0,,,,False,
wood,1.2543635638515493,0.0,1.0,8.0,0.0019314965546592346,True,0.15008284793256577,3.0,0.0,6.0,0.5131377113296797,-1.716871855411608,-6.589596642986205,1.7860515039280034,False,True,True,True,True,True,magnet_ball_5,,10701,True,True,1,1,-0.02610025872840538,measured,7.316917005259661,True,1.2932291810856538
wood,0.9158998054095581,0.0,0.0,150.0,0.021654231412265086,True,0.8094252966835653,3.0,0.0,6.0,-1.1161537437537947,-0.6737889320352018,5.753563506812295,1.9636387261504618,False,True,True,True,True,True,button_lr44,,10702,True,True,0,0,,specular_break,9.607656586726184,False,8.673658334105998
wood,0.9158998054095581,0.0,0.0,150.0,0.021654231412265086,True,0.8094252966835653,3.0,0.0,6.0,-1.1161537437537947,-0.6737889320352018,5.753563506812295,1.9636387261504618,False,True,True,True,True,True,,empty,10703,False,False,0,1,,,,False,
wood,0.9158998054095581,0.0,0.0,150.0,0.021654231412265086,True,0.8094252966835653,3.0,0.0,6.0,-1.1161537437537947,-0.6737889320352018,5.753563506812295,1.9636387261504618,False,True,True,True,True,True,pill_8,,10704,True,True,0,0,0.9017624811126268,measured,8.46424710042771,False,5.802189613195113
pattern,1.0885196683877492,0.03965727806495332,0.0,150.0,0.01852150937278681,True,0.12494847875260773,3.0,0.0,6.0,1.3892843114273083,-2.8248925850639552,-2.7228431676133766,0.5125304453672959,False,True,True,True,True,True,bead_6,,10705,True,True,0,0,3.920476993407833,measured,7.914957602256067,True,2.2886594266687235
pattern,1.0885196683877492,0.03965727806495332,0.0,150.0,0.01852150937278681,True,0.12494847875260773,3.0,0.0,6.0,1.3892843114273083,-2.8248925850639552,-2.7228431676133766,0.5125304453672959,False,True,True,True,True,True,,stain,10706,False,False,0,0,,,,False,
pattern,1.0885196683877492,0.03965727806495332,0.0,150.0,0.01852150937278681,True,0.12494847875260773,3.0,0.0,6.0,1.3892843114273083,-2.8248925850639552,-2.7228431676133766,0.5125304453672959,False,True,True,True,True,True,button_cr2032,,10707,True,True,0,0,,specular_break,19.116682729014748,True,9.75903098070796
carpet,1.1338292591410732,0.4417299631379272,0.0,8.0,0.017045564908879353,True,0.9356296351458572,3.0,0.669667770066328,6.0,-0.5081693811624515,-1.1615569610934942,3.254687567043244,1.8797303863695778,False,True,True,True,True,True,bead_10_dark,,10708,False,True,0,0,2.3007060380110165,measured,14.858337626842893,False,9.299614171379922
carpet,1.1338292591410732,0.4417299631379272,0.0,8.0,0.017045564908879353,True,0.9356296351458572,3.0,0.669667770066328,6.0,-0.5081693811624515,-1.1615569610934942,3.254687567043244,1.8797303863695778,False,True,True,True,True,True,,seam,10709,False,False,0,0,,,,False,
carpet,1.1338292591410732,0.4417299631379272,0.0,8.0,0.017045564908879353,True,0.9356296351458572,3.0,0.669667770066328,6.0,-0.5081693811624515,-1.1615569610934942,3.254687567043244,1.8797303863695778,False,True,True,True,True,True,button_lr44,,10710,True,True,3,1,,specular_break,16.077042208749717,False,10.263482614055809
carpet,1.9663043051977303,0.05874710262891414,0.0,50.0,0.021969053847499184,True,0.48130949025043146,3.0,0.8226425771590145,6.0,-5.062644187044638,-0.44656110015991896,-0.6477352751802391,1.9982118031480416,True,True,True,True,True,True,magnet_disc_10x3,,10711,False,False,0,1,,,,False,
carpet,1.9663043051977303,0.05874710262891414,0.0,50.0,0.021969053847499184,True,0.48130949025043146,3.0,0.8226425771590145,6.0,-5.062644187044638,-0.44656110015991896,-0.6477352751802391,1.9982118031480416,True,True,True,True,True,True,,empty,10712,False,False,2,3,,,,False,
carpet,1.9663043051977303,0.05874710262891414,0.0,50.0,0.021969053847499184,True,0.48130949025043146,3.0,0.8226425771590145,6.0,-5.062644187044638,-0.44656110015991896,-0.6477352751802391,1.9982118031480416,True,True,True,True,True,True,magnet_disc_10x3,,10713,False,True,1,3,3.0085684605862895,measured,5.679668602847187,False,20.60834352605972
rug,1.8037015042103006,0.03368117060277092,1.0,150.0,0.04565321766177344,True,0.8303037012386367,3.0,1.107462592691696,6.0,-1.7751073144288017,-0.14077648407248144,-1.2313401590582493,0.3730365778210959,False,True,True,True,True,True,magnet_ball_5,,10714,False,False,0,1,,,,False,
rug,1.8037015042103006,0.03368117060277092,1.0,150.0,0.04565321766177344,True,0.8303037012386367,3.0,1.107462592691696,6.0,-1.7751073144288017,-0.14077648407248144,-1.2313401590582493,0.3730365778210959,False,True,True,True,True,True,,stain,10715,False,False,0,1,,,,False,
rug,1.8037015042103006,0.03368117060277092,1.0,150.0,0.04565321766177344,True,0.8303037012386367,3.0,1.107462592691696,6.0,-1.7751073144288017,-0.14077648407248144,-1.2313401590582493,0.3730365778210959,False,True,True,True,True,True,magnet_ball_5,,10716,False,True,0,1,1.6706495776124353,measured,13.273848122456682,True,13.569405594144914
tile,1.0279093416835225,0.0,0.0,50.0,0.043182426035113235,True,0.5486483665833549,3.0,0.0,6.0,7.4602912825658025,2.5546447179287917,-4.034170269380741,2.570449425376794,False,True,True,True,True,True,pill_8,,10717,True,True,1,1,3.3118544810122614,measured,8.881703373525418,False,1.183806474365107
tile,1.0279093416835225,0.0,0.0,50.0,0.043182426035113235,True,0.5486483665833549,3.0,0.0,6.0,7.4602912825658025,2.5546447179287917,-4.034170269380741,2.570449425376794,False,True,True,True,True,True,,seam,10718,False,False,4,4,,,,False,
tile,1.0279093416835225,0.0,0.0,50.0,0.043182426035113235,True,0.5486483665833549,3.0,0.0,6.0,7.4602912825658025,2.5546447179287917,-4.034170269380741,2.570449425376794,False,True,True,True,True,True,pill_8,,10719,True,True,0,0,3.905065853058737,measured,8.476472165797697,False,3.3099281564109453
wood,0.5223207361986864,0.0,2.0,50.0,0.013935631008131479,True,0.6156160365740815,3.0,0.0,6.0,4.378174708985288,-1.1704707938751753,1.729143374851344,3.1859568241705025,False,True,True,True,True,True,plastic_part_8,,10720,False,False,0,0,,,,False,
wood,0.5223207361986864,0.0,2.0,50.0,0.013935631008131479,True,0.6156160365740815,3.0,0.0,6.0,4.378174708985288,-1.1704707938751753,1.729143374851344,3.1859568241705025,False,True,True,True,True,True,,empty,10721,False,False,0,0,,,,False,
wood,0.5223207361986864,0.0,2.0,50.0,0.013935631008131479,True,0.6156160365740815,3.0,0.0,6.0,4.378174708985288,-1.1704707938751753,1.729143374851344,3.1859568241705025,False,True,True,True,True,True,button_cr2032,,10722,False,False,0,0,,,,False,
tile,0.7692395252358468,0.0,0.0,8.0,0.03979897169940488,True,0.8119756340564916,3.0,0.0,6.0,0.3728738178706349,-0.945414019028776,-4.057971327212887,0.3470473720011795,False,True,True,True,True,True,floor_colored_12,,10723,True,True,2,3,3.2738126938421352,measured,11.204555817956079,False,5.676915238613789
tile,0.7692395252358468,0.0,0.0,8.0,0.03979897169940488,True,0.8119756340564916,3.0,0.0,6.0,0.3728738178706349,-0.945414019028776,-4.057971327212887,0.3470473720011795,False,True,True,True,True,True,,stain,10724,False,False,0,0,,,,False,
tile,0.7692395252358468,0.0,0.0,8.0,0.03979897169940488,True,0.8119756340564916,3.0,0.0,6.0,0.3728738178706349,-0.945414019028776,-4.057971327212887,0.3470473720011795,False,True,True,True,True,True,button_lr44,,10725,True,True,0,0,,specular_break,15.218555320840839,True,6.019645016505131
wood,1.5934761086038278,0.0,0.0,8.0,0.012669292819309253,True,0.7889847573427001,3.0,0.0,6.0,-0.6386063374042363,-1.1183499418070035,1.9297128499747276,0.651586461968617,False,True,True,True,True,True,coin_1yen,,10726,True,True,0,0,1.331943346985618,measured,26.392605080166557,False,12.634170018524435
wood,1.5934761086038278,0.0,0.0,8.0,0.012669292819309253,True,0.7889847573427001,3.0,0.0,6.0,-0.6386063374042363,-1.1183499418070035,1.9297128499747276,0.651586461968617,False,True,True,True,True,True,,seam,10727,False,False,0,0,,,,False,
wood,1.5934761086038278,0.0,0.0,8.0,0.012669292819309253,True,0.7889847573427001,3.0,0.0,6.0,-0.6386063374042363,-1.1183499418070035,1.9297128499747276,0.651586461968617,False,True,True,True,True,True,magnet_disc_10x3,,10728,True,True,1,1,,specular_break,11.139090782670623,True,5.81484968267408
pattern,1.317952292861709,0.030397236974239152,1.0,50.0,0.008041550344249998,True,0.5720633364213485,3.0,0.0,6.0,3.2331835736610146,0.14687984058729545,-2.287853499202123,1.0864811680026574,False,True,True,True,True,True,coin_10yen,,10729,True,True,0,0,0.7701196981328362,measured,18.622407017268618,False,16.484459271707998
pattern,1.317952292861709,0.030397236974239152,1.0,50.0,0.008041550344249998,True,0.5720633364213485,3.0,0.0,6.0,3.2331835736610146,0.14687984058729545,-2.287853499202123,1.0864811680026574,False,True,True,True,True,True,,empty,10730,False,False,0,0,,,,False,
pattern,1.317952292861709,0.030397236974239152,1.0,50.0,0.008041550344249998,True,0.5720633364213485,3.0,0.0,6.0,3.2331835736610146,0.14687984058729545,-2.287853499202123,1.0864811680026574,False,True,True,True,True,True,magnet_ball_5,,10731,True,True,0,0,0.028739809207909417,measured,4.255246212997943,True,1.6328716750296441
tile,0.9095621888997205,0.0,1.0,150.0,0.003527746246193975,True,0.5839165331405933,3.0,0.0,6.0,-0.9708795747563703,2.90629172623593,-4.055120338829198,0.2467648704434003,False,True,True,True,True,True,button_cr2032,,10732,False,True,0,0,,specular_break,12.942978106461851,False,12.11937503785454
tile,0.9095621888997205,0.0,1.0,150.0,0.003527746246193975,True,0.5839165331405933,3.0,0.0,6.0,-0.9708795747563703,2.90629172623593,-4.055120338829198,0.2467648704434003,False,True,True,True,True,True,,stain,10733,False,False,0,0,,,,False,
tile,0.9095621888997205,0.0,1.0,150.0,0.003527746246193975,True,0.5839165331405933,3.0,0.0,6.0,-0.9708795747563703,2.90629172623593,-4.055120338829198,0.2467648704434003,False,True,True,True,True,True,pill_8,,10734,True,True,0,0,-0.4116133490300502,measured,8.158488587091014,False,5.56985563005023
pattern,1.4251963704453972,0.16413417900555416,0.0,8.0,0.03358385916426857,True,0.11728287802705106,3.0,0.0,6.0,-0.6093702490460522,-0.23074330613072486,-5.696349382121008,0.49961400091150204,False,True,True,True,True,True,button_lr44,,10735,True,True,0,0,,specular_break,12.882056588613567,True,5.788137465544675
pattern,1.4251963704453972,0.16413417900555416,0.0,8.0,0.03358385916426857,True,0.11728287802705106,3.0,0.0,6.0,-0.6093702490460522,-0.23074330613072486,-5.696349382121008,0.49961400091150204,False,True,True,True,True,True,,seam,10736,False,False,2,2,,,,False,
pattern,1.4251963704453972,0.16413417900555416,0.0,8.0,0.03358385916426857,True,0.11728287802705106,3.0,0.0,6.0,-0.6093702490460522,-0.23074330613072486,-5.696349382121008,0.49961400091150204,False,True,True,True,True,True,button_cr2032,,10737,True,True,0,0,,specular_break,20.72543097427589,True,8.822439414711441
carpet,1.7296062162674386,0.19726679216340293,0.0,8.0,0.03426300647894808,True,0.29578761141444876,3.0,0.18085225087690576,6.0,-5.592044124084077,-0.6680370810926733,6.372062694998917,1.7925313508389402,True,True,True,True,True,True,bead_6,,10738,False,False,22,12,,,,False,
carpet,1.7296062162674386,0.19726679216340293,0.0,8.0,0.03426300647894808,True,0.29578761141444876,3.0,0.18085225087690576,6.0,-5.592044124084077,-0.6680370810926733,6.372062694998917,1.7925313508389402,True,True,True,True,True,True,,empty,10739,False,False,20,15,,,,False,
carpet,1.7296062162674386,0.19726679216340293,0.0,8.0,0.03426300647894808,True,0.29578761141444876,3.0,0.18085225087690576,6.0,-5.592044124084077,-0.6680370810926733,6.372062694998917,1.7925313508389402,True,True,True,True,True,True,button_lr44,,10740,True,True,18,18,,specular_break,17.440258691637176,True,6.676244892812809
rug,1.839439473363936,0.10274258340715905,1.0,8.0,0.01575163643063269,True,0.2577710241466822,3.0,0.5940454473464314,6.0,-2.006773325452518,-1.6670799376492564,-3.0051667778923035,1.6188537654632087,True,True,True,True,True,True,bead_10_dark,,10741,False,True,0,0,1.7513815636913215,measured,3.8698501652145834,False,6.030864194064094
rug,1.839439473363936,0.10274258340715905,1.0,8.0,0.01575163643063269,True,0.2577710241466822,3.0,0.5940454473464314,6.0,-2.006773325452518,-1.6670799376492564,-3.0051667778923035,1.6188537654632087,True,True,True,True,True,True,,stain,10742,False,False,1,1,,,,False,
rug,1.839439473363936,0.10274258340715905,1.0,8.0,0.01575163643063269,True,0.2577710241466822,3.0,0.5940454473464314,6.0,-2.006773325452518,-1.6670799376492564,-3.0051667778923035,1.6188537654632087,True,True,True,True,True,True,magnet_disc_10x3,,10743,True,True,1,2,,specular_break,8.829986475183388,True,14.395525483619815
pattern,1.1611075911148565,0.10540442431971704,0.0,150.0,0.001441179779781321,True,0.8855259691411344,3.0,0.0,6.0,-1.0500633842744396,0.007388073631033576,5.823589921135259,0.3039574502854362,False,True,True,True,True,True,magnet_disc_10x3,,10744,False,False,0,0,,,,False,
pattern,1.1611075911148565,0.10540442431971704,0.0,150.0,0.001441179779781321,True,0.8855259691411344,3.0,0.0,6.0,-1.0500633842744396,0.007388073631033576,5.823589921135259,0.3039574502854362,False,True,True,True,True,True,,seam,10745,False,False,7,5,,,,False,
pattern,1.1611075911148565,0.10540442431971704,0.0,150.0,0.001441179779781321,True,0.8855259691411344,3.0,0.0,6.0,-1.0500633842744396,0.007388073631033576,5.823589921135259,0.3039574502854362,False,True,True,True,True,True,magnet_ball_5,,10746,True,True,1,1,0.09470321802810489,measured,4.985834702397219,True,4.598136679941375
wood,0.8575544267428802,0.0,0.0,50.0,0.026584826056383862,True,0.8999314905564993,3.0,0.0,6.0,4.070964050346822,-1.0209289276779103,-2.053765202217511,1.9569963248638138,False,True,True,True,True,True,magnet_ball_5,,10747,True,True,0,0,,off_line,6.462395641133063,False,2.4422620177843464
wood,0.8575544267428802,0.0,0.0,50.0,0.026584826056383862,True,0.8999314905564993,3.0,0.0,6.0,4.070964050346822,-1.0209289276779103,-2.053765202217511,1.9569963248638138,False,True,True,True,True,True,,empty,10748,False,False,0,0,,,,False,
wood,0.8575544267428802,0.0,0.0,50.0,0.026584826056383862,True,0.8999314905564993,3.0,0.0,6.0,4.070964050346822,-1.0209289276779103,-2.053765202217511,1.9569963248638138,False,True,True,True,True,True,pill_8,,10749,True,True,0,0,4.458045082472488,measured,8.223690367836571,False,3.244901212680277
wood,1.8485827579291896,0.0,2.0,150.0,0.009697768732497742,True,0.07859506911298808,3.0,0.0,6.0,3.48028828777876,-2.058137043985176,3.5365229390788406,0.9420713275559426,False,True,True,True,True,True,pill_8,,10750,True,True,0,0,3.886675108881713,measured,6.798439560725722,False,6.128480920762688
wood,1.8485827579291896,0.0,2.0,150.0,0.009697768732497742,True,0.07859506911298808,3.0,0.0,6.0,3.48028828777876,-2.058137043985176,3.5365229390788406,0.9420713275559426,False,True,True,True,True,True,,stain,10751,False,False,0,0,,,,False,
wood,1.8485827579291896,0.0,2.0,150.0,0.009697768732497742,True,0.07859506911298808,3.0,0.0,6.0,3.48028828777876,-2.058137043985176,3.5365229390788406,0.9420713275559426,False,True,True,True,True,True,button_cr2032,,10752,True,True,0,1,,specular_break,16.71852200643442,True,11.066072009017617
carpet,0.9449830719118367,0.12574540683305804,4.0,50.0,0.041258723673199306,True,0.04403821438936417,3.0,0.8004116088104376,6.0,-7.5783321301072615,3.383572698475198,-2.9025574540106795,0.20508099426995305,False,True,True,True,True,True,plastic_part_8,,10753,False,False,0,2,,,,False,
carpet,0.9449830719118367,0.12574540683305804,4.0,50.0,0.041258723673199306,True,0.04403821438936417,3.0,0.8004116088104376,6.0,-7.5783321301072615,3.383572698475198,-2.9025574540106795,0.20508099426995305,False,True,True,True,True,True,,seam,10754,False,False,0,6,,,,False,
carpet,0.9449830719118367,0.12574540683305804,4.0,50.0,0.041258723673199306,True,0.04403821438936417,3.0,0.8004116088104376,6.0,-7.5783321301072615,3.383572698475198,-2.9025574540106795,0.20508099426995305,False,True,True,True,True,True,button_lr44,,10755,False,True,0,8,,specular_break,3.0358634935187387,True,71.42248901294049
tile,0.7044831801410238,0.0,0.0,50.0,0.02699723835021406,True,0.6166109563999285,3.0,0.0,6.0,-1.5069967023445772,2.968355495295442,2.3944569675669296,2.145764072577974,False,True,True,True,True,True,floor_colored_12,,10756,False,False,0,0,,,,False,
tile,0.7044831801410238,0.0,0.0,50.0,0.02699723835021406,True,0.6166109563999285,3.0,0.0,6.0,-1.5069967023445772,2.968355495295442,2.3944569675669296,2.145764072577974,False,True,True,True,True,True,,empty,10757,False,False,0,0,,,,False,
tile,0.7044831801410238,0.0,0.0,50.0,0.02699723835021406,True,0.6166109563999285,3.0,0.0,6.0,-1.5069967023445772,2.968355495295442,2.3944569675669296,2.145764072577974,False,True,True,True,True,True,magnet_disc_10x3,,10758,True,True,0,0,-0.014815018703854932,measured,8.622882565695434,True,9.327144494061326
tile,1.7423452244193984,0.0,4.0,150.0,0.010091924455489077,True,0.3323240215928246,3.0,0.0,6.0,-0.13133229788382056,-3.6359907271027625,-2.3472635548444543,2.279096747377385,False,True,True,True,True,True,coin_1yen,,10759,True,True,0,0,1.1071641832238814,measured,18.421466824717122,False,10.680116477010607
tile,1.7423452244193984,0.0,4.0,150.0,0.010091924455489077,True,0.3323240215928246,3.0,0.0,6.0,-0.13133229788382056,-3.6359907271027625,-2.3472635548444543,2.279096747377385,False,True,True,True,True,True,,stain,10760,False,False,0,0,,,,False,
tile,1.7423452244193984,0.0,4.0,150.0,0.010091924455489077,True,0.3323240215928246,3.0,0.0,6.0,-0.13133229788382056,-3.6359907271027625,-2.3472635548444543,2.279096747377385,False,True,True,True,True,True,magnet_ball_5,,10761,True,True,0,0,-0.9364977527981004,measured,6.81574714704857,True,3.030366158072031
rug,1.2416949458536604,0.1140288219405799,1.0,150.0,0.009897740000899387,True,0.779088114302219,3.0,0.7895304676563961,6.0,2.6432313245973935,-0.9671274576449576,-1.7383340022720517,0.11474182220203283,True,True,True,True,True,True,coin_10yen,,10762,False,False,0,1,,,,False,
rug,1.2416949458536604,0.1140288219405799,1.0,150.0,0.009897740000899387,True,0.779088114302219,3.0,0.7895304676563961,6.0,2.6432313245973935,-0.9671274576449576,-1.7383340022720517,0.11474182220203283,True,True,True,True,True,True,,seam,10763,False,False,0,2,,,,False,
rug,1.2416949458536604,0.1140288219405799,1.0,150.0,0.009897740000899387,True,0.779088114302219,3.0,0.7895304676563961,6.0,2.6432313245973935,-0.9671274576449576,-1.7383340022720517,0.11474182220203283,True,True,True,True,True,True,pill_8,,10764,True,True,0,0,1.1357723227247316,measured,12.493931958629997,False,3.6187392838000343
pattern,0.5276949393735413,0.05430305564401783,0.0,8.0,0.0134100768813323,True,0.18886498036243715,3.0,0.0,6.0,-1.5687605125594035,-5.051579494601222,-4.347607405176111,3.491092321228711,False,True,True,True,True,True,button_cr2032,,10765,True,True,1,3,,specular_break,20.02419722002,True,11.067406677201115
pattern,0.5276949393735413,0.05430305564401783,0.0,8.0,0.0134100768813323,True,0.18886498036243715,3.0,0.0,6.0,-1.5687605125594035,-5.051579494601222,-4.347607405176111,3.491092321228711,False,True,True,True,True,True,,empty,10766,False,False,0,0,,,,False,
pattern,0.5276949393735413,0.05430305564401783,0.0,8.0,0.0134100768813323,True,0.18886498036243715,3.0,0.0,6.0,-1.5687605125594035,-5.051579494601222,-4.347607405176111,3.491092321228711,False,True,True,True,True,True,button_cr2032,,10767,True,True,1,2,,specular_break,19.717883976314425,True,11.261818664415634
wood,1.4996547787689496,0.0,4.0,150.0,0.0024797944282984267,True,0.3628516302202578,3.0,0.0,6.0,0.7858241296001138,-2.4653669909952622,1.441245697619364,1.3276376965469003,False,True,True,True,True,True,button_lr44,,10768,True,True,0,0,-0.38795437443839553,measured,10.738968600286496,True,5.933613676860875
wood,1.4996547787689496,0.0,4.0,150.0,0.0024797944282984267,True,0.3628516302202578,3.0,0.0,6.0,0.7858241296001138,-2.4653669909952622,1.441245697619364,1.3276376965469003,False,True,True,True,True,True,,stain,10769,False,False,0,0,,,,False,
wood,1.4996547787689496,0.0,4.0,150.0,0.0024797944282984267,True,0.3628516302202578,3.0,0.0,6.0,0.7858241296001138,-2.4653669909952622,1.441245697619364,1.3276376965469003,False,True,True,True,True,True,button_lr44,,10770,False,False,0,0,,,,False,
rug,0.9592737602053503,0.1815764969399127,1.0,8.0,0.01833691266824929,True,0.4494271874296202,3.0,1.4838269838436913,6.0,7.576664537382653,0.7083248753929746,-1.840642431394172,2.266560469612846,False,True,True,True,True,True,bead_6,,10771,True,True,0,1,,off_line,8.130043957438316,False,2.8564105187013578
rug,0.9592737602053503,0.1815764969399127,1.0,8.0,0.01833691266824929,True,0.4494271874296202,3.0,1.4838269838436913,6.0,7.576664537382653,0.7083248753929746,-1.840642431394172,2.266560469612846,False,True,True,True,True,True,,seam,10772,False,False,5,7,,,,False,
rug,0.9592737602053503,0.1815764969399127,1.0,8.0,0.01833691266824929,True,0.4494271874296202,3.0,1.4838269838436913,6.0,7.576664537382653,0.7083248753929746,-1.840642431394172,2.266560469612846,False,True,True,True,True,True,magnet_disc_10x3,,10773,True,True,0,0,-0.20428122730328013,measured,8.395566581442216,False,4.38526084269961
pattern,1.9716123470708071,0.15001685668629167,2.0,50.0,0.028205816515787643,True,0.3009621789929061,3.0,0.0,6.0,0.3375616765423146,1.256986951092764,-1.7865127860701526,1.6712493349616664,False,True,True,True,True,True,bead_10_dark,,10774,True,True,9,8,,specular_break,29.008089505908295,True,8.387715229249945
pattern,1.9716123470708071,0.15001685668629167,2.0,50.0,0.028205816515787643,True,0.3009621789929061,3.0,0.0,6.0,0.3375616765423146,1.256986951092764,-1.7865127860701526,1.6712493349616664,False,True,True,True,True,True,,empty,10775,False,False,0,1,,,,False,
pattern,1.9716123470708071,0.15001685668629167,2.0,50.0,0.028205816515787643,True,0.3009621789929061,3.0,0.0,6.0,0.3375616765423146,1.256986951092764,-1.7865127860701526,1.6712493349616664,False,True,True,True,True,True,magnet_ball_5,,10776,False,True,0,0,,specular_break,17.606346433940203,False,2.3563201927155597
pattern,1.1101960286448436,0.0614158253787432,0.0,8.0,0.0452897551530421,True,0.5630147567025565,3.0,0.0,6.0,-0.39807446204799923,-0.4244760776863119,0.3203317269933973,2.839573972199579,False,True,True,True,True,True,magnet_disc_10x3,,10777,True,True,0,0,,specular_break,7.711534368156414,True,4.91558066035838
pattern,1.1101960286448436,0.0614158253787432,0.0,8.0,0.0452897551530421,True,0.5630147567025565,3.0,0.0,6.0,-0.39807446204799923,-0.4244760776863119,0.3203317269933973,2.839573972199579,False,True,True,True,True,True,,stain,10778,False,False,0,1,,,,False,
pattern,1.1101960286448436,0.0614158253787432,0.0,8.0,0.0452897551530421,True,0.5630147567025565,3.0,0.0,6.0,-0.39807446204799923,-0.4244760776863119,0.3203317269933973,2.839573972199579,False,True,True,True,True,True,pill_8,,10779,True,True,0,1,0.663948345673198,measured,7.908881194079132,False,6.9392956128024315
wood,1.2063054673580127,0.0,2.0,50.0,0.0009600904560890634,True,0.7190655816784962,3.0,0.0,6.0,3.597590672792803,-2.9160430735475553,-5.3224383087990494,3.349720455548753,False,True,True,True,True,True,magnet_ball_5,,10780,True,True,0,0,,off_line,6.985542197690002,False,0.8180133037842663
wood,1.2063054673580127,0.0,2.0,50.0,0.0009600904560890634,True,0.7190655816784962,3.0,0.0,6.0,3.597590672792803,-2.9160430735475553,-5.3224383087990494,3.349720455548753,False,True,True,True,True,True,,seam,10781,False,False,0,0,,,,False,
wood,1.2063054673580127,0.0,2.0,50.0,0.0009600904560890634,True,0.7190655816784962,3.0,0.0,6.0,3.597590672792803,-2.9160430735475553,-5.3224383087990494,3.349720455548753,False,True,True,True,True,True,button_cr2032,,10782,True,True,0,0,,specular_break,19.447650236074185,True,10.929465721231077
tile,1.017484656324669,0.0,1.0,150.0,0.017702745062582608,True,0.6023335389154414,3.0,0.0,6.0,-1.4639290694793818,1.1835803032989392,0.8213346434770329,0.6012625843011759,False,True,True,True,True,True,pill_8,,10783,True,True,0,0,-0.42417175814785146,measured,7.431083678834506,False,5.23014463679413
tile,1.017484656324669,0.0,1.0,150.0,0.017702745062582608,True,0.6023335389154414,3.0,0.0,6.0,-1.4639290694793818,1.1835803032989392,0.8213346434770329,0.6012625843011759,False,True,True,True,True,True,,empty,10784,False,False,0,0,,,,False,
tile,1.017484656324669,0.0,1.0,150.0,0.017702745062582608,True,0.6023335389154414,3.0,0.0,6.0,-1.4639290694793818,1.1835803032989392,0.8213346434770329,0.6012625843011759,False,True,True,True,True,True,button_lr44,,10785,True,True,0,1,-0.4147949823233219,measured,10.92618892996336,False,6.777623142653146
wood,1.200055802899031,0.0,0.0,50.0,0.041883851789581636,True,0.7812706747078099,3.0,0.0,6.0,-2.93408048408116,0.5101004650427153,-1.905103861859493,0.5404338989734573,True,True,True,True,True,True,plastic_part_8,,10786,False,False,0,0,,,,False,
wood,1.200055802899031,0.0,0.0,50.0,0.041883851789581636,True,0.7812706747078099,3.0,0.0,6.0,-2.93408048408116,0.5101004650427153,-1.905103861859493,0.5404338989734573,True,True,True,True,True,True,,stain,10787,False,False,0,0,,,,False,
wood,1.200055802899031,0.0,0.0,50.0,0.041883851789581636,True,0.7812706747078099,3.0,0.0,6.0,-2.93408048408116,0.5101004650427153,-1.905103861859493,0.5404338989734573,True,True,True,True,True,True,magnet_disc_10x3,,10788,True,True,0,0,1.0986682939029464,measured,10.025043293136273,False,5.766417590549639
wood,1.7348223823957003,0.0,0.0,50.0,0.028911537090396518,True,0.9569361489399159,3.0,0.0,6.0,-0.8092598555640869,0.42841542762789586,1.6821671696870468,0.10207731435306829,False,True,True,True,True,True,floor_colored_12,,10789,False,False,0,0,,,,False,
wood,1.7348223823957003,0.0,0.0,50.0,0.028911537090396518,True,0.9569361489399159,3.0,0.0,6.0,-0.8092598555640869,0.42841542762789586,1.6821671696870468,0.10207731435306829,False,True,True,True,True,True,,seam,10790,False,False,0,0,,,,False,
wood,1.7348223823957003,0.0,0.0,50.0,0.028911537090396518,True,0.9569361489399159,3.0,0.0,6.0,-0.8092598555640869,0.42841542762789586,1.6821671696870468,0.10207731435306829,False,True,True,True,True,True,magnet_ball_5,,10791,True,True,0,0,1.2074845404590437,measured,8.354181796273698,True,3.259073543772234
pattern,1.1497033420977405,0.037649288073876734,1.0,8.0,0.010663521574237096,True,0.6221994111834637,3.0,0.0,6.0,2.0746661740033194,-1.7773054938697557,1.0441954669650018,2.6854715882418336,False,True,True,True,True,True,coin_1yen,,10792,True,True,0,0,,off_line,8.950267419474756,False,7.108707581971429
pattern,1.1497033420977405,0.037649288073876734,1.0,8.0,0.010663521574237096,True,0.6221994111834637,3.0,0.0,6.0,2.0746661740033194,-1.7773054938697557,1.0441954669650018,2.6854715882418336,False,True,True,True,True,True,,empty,10793,False,False,0,0,,,,False,
pattern,1.1497033420977405,0.037649288073876734,1.0,8.0,0.010663521574237096,True,0.6221994111834637,3.0,0.0,6.0,2.0746661740033194,-1.7773054938697557,1.0441954669650018,2.6854715882418336,False,True,True,True,True,True,pill_8,,10794,True,True,1,1,0.8440029311505199,measured,10.24400503014443,False,4.432923184483906
rug,1.2497218607641627,0.3494106500466914,0.0,150.0,0.02326702026821257,True,0.8629472954580061,3.0,0.37263231127739543,6.0,3.074479832084291,-0.4657111055447886,-0.2735024333126656,0.3834697592846065,False,True,True,True,True,True,coin_10yen,,10795,True,True,1,1,1.234163944468861,measured,9.373920033167504,False,1.5965235645337403
rug,1.2497218607641627,0.3494106500466914,0.0,150.0,0.02326702026821257,True,0.8629472954580061,3.0,0.37263231127739543,6.0,3.074479832084291,-0.4657111055447886,-0.2735024333126656,0.3834697592846065,False,True,True,True,True,True,,stain,10796,False,False,0,2,,,,False,
rug,1.2497218607641627,0.3494106500466914,0.0,150.0,0.02326702026821257,True,0.8629472954580061,3.0,0.37263231127739543,6.0,3.074479832084291,-0.4657111055447886,-0.2735024333126656,0.3834697592846065,False,True,True,True,True,True,button_cr2032,,10797,True,True,3,1,0.5829340047110136,measured,16.245913736062064,True,18.841365714184406
pattern,1.9096605715154236,0.029412804765597978,1.0,8.0,0.03944796687648086,True,0.11803839093591062,3.0,0.0,6.0,-2.5378600163020977,0.8977100507201767,0.9189673334083533,3.839902373836901,False,True,True,True,True,True,button_cr2032,,10798,False,True,0,0,,specular_break,8.852105867105392,True,3.9500640367637474
pattern,1.9096605715154236,0.029412804765597978,1.0,8.0,0.03944796687648086,True,0.11803839093591062,3.0,0.0,6.0,-2.5378600163020977,0.8977100507201767,0.9189673334083533,3.839902373836901,False,True,True,True,True,True,,seam,10799,False,False,1,1,,,,False,
pattern,1.9096605715154236,0.029412804765597978,1.0,8.0,0.03944796687648086,True,0.11803839093591062,3.0,0.0,6.0,-2.5378600163020977,0.8977100507201767,0.9189673334083533,3.839902373836901,False,True,True,True,True,True,button_lr44,,10800,False,True,0,0,,specular_break,12.539542920506243,True,6.513958247437557
pattern,1.7923343658542328,0.07872080233801382,2.0,150.0,0.04061669462958072,True,0.11862289383549562,3.0,0.0,6.0,2.0195836590799034,1.1937296342409072,4.459069505920988,0.3517484718518279,False,True,True,True,True,True,button_lr44,,10801,True,True,2,1,,specular_break,12.193192335290336,True,5.475883939590789
pattern,1.7923343658542328,0.07872080233801382,2.0,150.0,0.04061669462958072,True,0.11862289383549562,3.0,0.0,6.0,2.0195836590799034,1.1937296342409072,4.459069505920988,0.3517484718518279,False,True,True,True,True,True,,empty,10802,False,False,0,0,,,,False,
pattern,1.7923343658542328,0.07872080233801382,2.0,150.0,0.04061669462958072,True,0.11862289383549562,3.0,0.0,6.0,2.0195836590799034,1.1937296342409072,4.459069505920988,0.3517484718518279,False,True,True,True,True,True,magnet_disc_10x3,,10803,True,True,2,0,,specular_break,7.22536029100492,True,6.715665677254956
pattern,1.7788734717884804,0.0667045843757061,0.0,150.0,0.030411713378133726,True,0.21728534749511141,3.0,0.0,6.0,2.1433241990226866,1.4562667540067433,-4.193441555680692,2.1714491295159974,False,True,True,True,True,True,bead_6,,10804,True,True,4,4,0.0019525107463174152,measured,12.06275712118134,False,13.354943951228861
pattern,1.7788734717884804,0.0667045843757061,0.0,150.0,0.030411713378133726,True,0.21728534749511141,3.0,0.0,6.0,2.1433241990226866,1.4562667540067433,-4.193441555680692,2.1714491295159974,False,True,True,True,True,True,,stain,10805,False,False,0,0,,,,False,
pattern,1.7788734717884804,0.0667045843757061,0.0,150.0,0.030411713378133726,True,0.21728534749511141,3.0,0.0,6.0,2.1433241990226866,1.4562667540067433,-4.193441555680692,2.1714491295159974,False,True,True,True,True,True,magnet_ball_5,,10806,True,True,0,0,0.0025737563660150897,measured,5.365582163224435,True,7.077701783831814
carpet,0.5858779581086935,0.42301269971824296,4.0,8.0,0.048122867019992153,True,0.6983703569897102,3.0,0.5317437098077085,6.0,0.06885498117554079,-0.9636241511790178,-3.402097412310348,1.2058130665780686,False,True,True,True,True,True,bead_10_dark,,10807,True,True,2,0,1.5039333265395403,measured,15.242644382009892,False,5.4397138393161395
carpet,0.5858779581086935,0.42301269971824296,4.0,8.0,0.048122867019992153,True,0.6983703569897102,3.0,0.5317437098077085,6.0,0.06885498117554079,-0.9636241511790178,-3.402097412310348,1.2058130665780686,False,True,True,True,True,True,,seam,10808,False,False,2,2,,,,False,
carpet,0.5858779581086935,0.42301269971824296,4.0,8.0,0.048122867019992153,True,0.6983703569897102,3.0,0.5317437098077085,6.0,0.06885498117554079,-0.9636241511790178,-3.402097412310348,1.2058130665780686,False,True,True,True,True,True,pill_8,,10809,True,True,1,1,1.6313974522796428,measured,8.701668875215004,False,2.8358402505780136
wood,1.2913950982983404,0.0,0.0,8.0,0.023532154885268053,True,0.8529368108627365,3.0,0.0,6.0,-3.6141904399092546,-0.29712182006166976,-3.959366488574116,0.6207550401273321,False,True,True,True,True,True,magnet_disc_10x3,,10810,False,True,0,0,,specular_break,10.221241201879918,True,8.779155112242753
wood,1.2913950982983404,0.0,0.0,8.0,0.023532154885268053,True,0.8529368108627365,3.0,0.0,6.0,-3.6141904399092546,-0.29712182006166976,-3.959366488574116,0.6207550401273321,False,True,True,True,True,True,,empty,10811,False,False,0,0,,,,False,
wood,1.2913950982983404,0.0,0.0,8.0,0.023532154885268053,True,0.8529368108627365,3.0,0.0,6.0,-3.6141904399092546,-0.29712182006166976,-3.959366488574116,0.6207550401273321,False,True,True,True,True,True,button_cr2032,,10812,True,True,0,0,,specular_break,31.308563716257744,True,18.008189773799824
carpet,0.5561643998309314,0.19478314728182708,0.0,50.0,0.01009078291525773,True,0.03866273224085581,3.0,0.8450615760962343,6.0,-2.789912850555317,1.1996753799542887,-1.517881528380636,2.6634074851487846,False,True,True,True,True,True,magnet_ball_5,,10813,True,True,0,0,,off_line,5.519508610381159,False,3.5628013718757137
carpet,0.5561643998309314,0.19478314728182708,0.0,50.0,0.01009078291525773,True,0.03866273224085581,3.0,0.8450615760962343,6.0,-2.789912850555317,1.1996753799542887,-1.517881528380636,2.6634074851487846,False,True,True,True,True,True,,stain,10814,False,False,0,0,,,,False,
carpet,0.5561643998309314,0.19478314728182708,0.0,50.0,0.01009078291525773,True,0.03866273224085581,3.0,0.8450615760962343,6.0,-2.789912850555317,1.1996753799542887,-1.517881528380636,2.6634074851487846,False,True,True,True,True,True,button_lr44,,10815,True,True,0,0,-0.04247577449271489,measured,11.236966881587293,True,7.12708863203372
wood,1.3226190808462173,0.0,2.0,150.0,0.025014064243588152,True,0.7498371837643266,3.0,0.0,6.0,-0.569692489561351,-0.4877027202496856,1.7798221795531313,0.8345707119430209,False,True,True,True,True,True,pill_8,,10816,True,True,0,1,0.5511712305282455,measured,11.329441969187293,False,4.086583914689975
wood,1.3226190808462173,0.0,2.0,150.0,0.025014064243588152,True,0.7498371837643266,3.0,0.0,6.0,-0.569692489561351,-0.4877027202496856,1.7798221795531313,0.8345707119430209,False,True,True,True,True,True,,seam,10817,False,False,0,0,,,,False,
wood,1.3226190808462173,0.0,2.0,150.0,0.025014064243588152,True,0.7498371837643266,3.0,0.0,6.0,-0.569692489561351,-0.4877027202496856,1.7798221795531313,0.8345707119430209,False,True,True,True,True,True,magnet_disc_10x3,,10818,False,False,0,0,,,,False,
wood,0.9404670956871953,0.0,2.0,150.0,0.030351228627977112,True,0.3812214708700651,3.0,0.0,6.0,1.7248791514989565,-1.0038962097614041,1.4014479032812002,0.9877199177827154,True,True,True,True,True,True,plastic_part_8,,10819,True,True,0,1,2.2686976974787534,measured,8.966092629759475,True,4.336282036495114
wood,0.9404670956871953,0.0,2.0,150.0,0.030351228627977112,True,0.3812214708700651,3.0,0.0,6.0,1.7248791514989565,-1.0038962097614041,1.4014479032812002,0.9877199177827154,True,True,True,True,True,True,,empty,10820,False,False,0,0,,,,False,
wood,0.9404670956871953,0.0,2.0,150.0,0.030351228627977112,True,0.3812214708700651,3.0,0.0,6.0,1.7248791514989565,-1.0038962097614041,1.4014479032812002,0.9877199177827154,True,True,True,True,True,True,magnet_ball_5,,10821,True,True,0,0,-0.1486013287591863,measured,6.190612484558429,True,2.282842238970245
tile,1.0514595708765047,0.0,1.0,50.0,0.04827591720937385,True,0.06875683751095496,3.0,0.0,6.0,-3.17090839359687,-2.042767037061372,-4.007850528210609,4.01762747228438,False,True,True,True,True,True,floor_colored_12,,10822,True,True,0,0,1.302808775046861,measured,12.464166013175548,False,4.983195498338666
tile,1.0514595708765047,0.0,1.0,50.0,0.04827591720937385,True,0.06875683751095496,3.0,0.0,6.0,-3.17090839359687,-2.042767037061372,-4.007850528210609,4.01762747228438,False,True,True,True,True,True,,stain,10823,False,False,0,0,,,,False,
tile,1.0514595708765047,0.0,1.0,50.0,0.04827591720937385,True,0.06875683751095496,3.0,0.0,6.0,-3.17090839359687,-2.042767037061372,-4.007850528210609,4.01762747228438,False,True,True,True,True,True,pill_8,,10824,True,True,1,1,0.1681240304633711,measured,8.426063328247352,False,5.344065554782538
wood,1.928085550227196,0.0,0.0,150.0,0.0012417239864465025,True,0.20765294904215104,3.0,0.0,6.0,-2.942792673311454,-0.5004863179636033,-1.1422080998703414,1.747137401181023,False,True,True,True,True,True,coin_1yen,,10825,True,True,2,0,0.661483366955478,measured,17.047404303330502,False,14.659809942761155
wood,1.928085550227196,0.0,0.0,150.0,0.0012417239864465025,True,0.20765294904215104,3.0,0.0,6.0,-2.942792673311454,-0.5004863179636033,-1.1422080998703414,1.747137401181023,False,True,True,True,True,True,,seam,10826,False,False,5,5,,,,False,
wood,1.928085550227196,0.0,0.0,150.0,0.0012417239864465025,True,0.20765294904215104,3.0,0.0,6.0,-2.942792673311454,-0.5004863179636033,-1.1422080998703414,1.747137401181023,False,True,True,True,True,True,button_cr2032,,10827,True,True,0,0,,specular_break,22.42791398881107,True,11.24398904507139
wood,1.6640232923695604,0.0,0.0,8.0,0.008982438884475242,True,0.6247380504008381,3.0,0.0,6.0,-0.427694667635654,2.023326390545859,0.12978779754493766,0.30638371833114547,False,True,True,True,True,True,coin_10yen,,10828,True,True,2,2,-0.001091102733402849,measured,8.64984574081571,False,7.134556259978114
wood,1.6640232923695604,0.0,0.0,8.0,0.008982438884475242,True,0.6247380504008381,3.0,0.0,6.0,-0.427694667635654,2.023326390545859,0.12978779754493766,0.30638371833114547,False,True,True,True,True,True,,empty,10829,False,False,0,0,,,,False,
wood,1.6640232923695604,0.0,0.0,8.0,0.008982438884475242,True,0.6247380504008381,3.0,0.0,6.0,-0.427694667635654,2.023326390545859,0.12978779754493766,0.30638371833114547,False,True,True,True,True,True,button_lr44,,10830,True,True,0,0,,specular_break,29.017003950286018,False,28.225216138901057
wood,0.8348690224305579,0.0,0.0,50.0,0.010478799550931778,True,0.7321469278526037,3.0,0.0,6.0,1.8752336702391188,-0.5642185398691937,2.9533194687677473,1.005739585558079,False,True,True,True,True,True,button_cr2032,,10831,True,True,2,0,,specular_break,17.150773685751986,True,11.42241528182964
wood,0.8348690224305579,0.0,0.0,50.0,0.010478799550931778,True,0.7321469278526037,3.0,0.0,6.0,1.8752336702391188,-0.5642185398691937,2.9533194687677473,1.005739585558079,False,True,True,True,True,True,,stain,10832,False,False,0,0,,,,False,
wood,0.8348690224305579,0.0,0.0,50.0,0.010478799550931778,True,0.7321469278526037,3.0,0.0,6.0,1.8752336702391188,-0.5642185398691937,2.9533194687677473,1.005739585558079,False,True,True,True,True,True,magnet_disc_10x3,,10833,True,True,0,0,,specular_break,12.709366110206318,True,4.650083989566596
wood,0.7960356612433174,0.0,4.0,50.0,0.04865264746222783,True,0.5518819932201,3.0,0.0,6.0,0.4667960867312553,-1.7349922319960753,-1.7494794243880394,0.27972258764690083,False,True,True,True,True,True,button_lr44,,10834,False,False,0,0,,,,False,
wood,0.7960356612433174,0.0,4.0,50.0,0.04865264746222783,True,0.5518819932201,3.0,0.0,6.0,0.4667960867312553,-1.7349922319960753,-1.7494794243880394,0.27972258764690083,False,True,True,True,True,True,,seam,10835,False,False,2,2,,,,False,
wood,0.7960356612433174,0.0,4.0,50.0,0.04865264746222783,True,0.5518819932201,3.0,0.0,6.0,0.4667960867312553,-1.7349922319960753,-1.7494794243880394,0.27972258764690083,False,True,True,True,True,True,magnet_ball_5,,10836,True,True,2,2,-1.0127426350789275,measured,6.629972519870643,True,2.797794580592003
tile,1.9424975774480169,0.0,0.0,8.0,0.0230945676832668,True,0.19087768545664918,3.0,0.0,6.0,1.5494858022273477,2.047243859370806,-1.7792210689717387,1.1179582676090105,False,True,True,True,True,True,bead_6,,10837,True,True,0,0,0.060883872905145964,measured,6.7641527726701405,True,5.816552179563996
tile,1.9424975774480169,0.0,0.0,8.0,0.0230945676832668,True,0.19087768545664918,3.0,0.0,6.0,1.5494858022273477,2.047243859370806,-1.7792210689717387,1.1179582676090105,False,True,True,True,True,True,,empty,10838,False,False,0,0,,,,False,
tile,1.9424975774480169,0.0,0.0,8.0,0.0230945676832668,True,0.19087768545664918,3.0,0.0,6.0,1.5494858022273477,2.047243859370806,-1.7792210689717387,1.1179582676090105,False,True,True,True,True,True,pill_8,,10839,True,True,1,0,2.0184441825185786,measured,15.715212501580218,False,4.785324790059133
tile,1.358106270589931,0.0,1.0,8.0,0.04311388524312158,True,0.1273362221577018,3.0,0.0,6.0,4.150683135765895,-1.2988918136817573,-3.5648857645068173,3.0589326708927267,False,True,True,True,True,True,bead_10_dark,,10840,True,True,0,0,4.727682991790619,measured,11.394817537805821,True,4.803844401133178
tile,1.358106270589931,0.0,1.0,8.0,0.04311388524312158,True,0.1273362221577018,3.0,0.0,6.0,4.150683135765895,-1.2988918136817573,-3.5648857645068173,3.0589326708927267,False,True,True,True,True,True,,stain,10841,False,False,0,0,,,,False,
tile,1.358106270589931,0.0,1.0,8.0,0.04311388524312158,True,0.1273362221577018,3.0,0.0,6.0,4.150683135765895,-1.2988918136817573,-3.5648857645068173,3.0589326708927267,False,True,True,True,True,True,button_cr2032,,10842,True,True,0,0,-1.3583613968601753,measured,19.94324914850114,True,8.765205787691333
carpet,1.4302296480758625,0.690695641709835,0.0,150.0,0.038556693561430426,True,0.2928158769776442,3.0,0.6708970995726318,6.0,-6.421751934074207,0.11427399166306035,-5.798077646897326,0.1959933593926762,False,True,True,True,True,True,magnet_disc_10x3,,10843,False,False,3,4,,,,False,
carpet,1.4302296480758625,0.690695641709835,0.0,150.0,0.038556693561430426,True,0.2928158769776442,3.0,0.6708970995726318,6.0,-6.421751934074207,0.11427399166306035,-5.798077646897326,0.1959933593926762,False,True,True,True,True,True,,seam,10844,False,False,4,7,,,,False,
carpet,1.4302296480758625,0.690695641709835,0.0,150.0,0.038556693561430426,True,0.2928158769776442,3.0,0.6708970995726318,6.0,-6.421751934074207,0.11427399166306035,-5.798077646897326,0.1959933593926762,False,True,True,True,True,True,button_lr44,,10845,False,False,4,6,,,,False,
tile,0.7467857621856984,0.0,0.0,150.0,0.02946201496773322,True,0.26617043110791117,3.0,0.0,6.0,6.262055201864149,1.199687801066491,-1.6718484898195638,0.3694550158865406,True,True,True,True,True,True,magnet_ball_5,,10846,True,True,0,1,-0.053987587214301413,measured,8.968084879374343,True,2.049933039966552
tile,0.7467857621856984,0.0,0.0,150.0,0.02946201496773322,True,0.26617043110791117,3.0,0.0,6.0,6.262055201864149,1.199687801066491,-1.6718484898195638,0.3694550158865406,True,True,True,True,True,True,,empty,10847,False,False,1,1,,,,False,
tile,0.7467857621856984,0.0,0.0,150.0,0.02946201496773322,True,0.26617043110791117,3.0,0.0,6.0,6.262055201864149,1.199687801066491,-1.6718484898195638,0.3694550158865406,True,True,True,True,True,True,magnet_disc_10x3,,10848,True,True,0,0,-1.1519948293227067,measured,8.936571015630372,True,4.62437986593338
wood,0.6605402760999468,0.0,0.0,50.0,0.04233298278955866,True,0.3754955319077713,3.0,0.0,6.0,0.11476592819367859,-0.30199054104766065,1.119269969896826,4.432877873990534,True,True,True,True,True,True,pill_8,,10849,True,True,1,1,1.4123799112876068,measured,9.374421681874187,False,5.679359639813705
wood,0.6605402760999468,0.0,0.0,50.0,0.04233298278955866,True,0.3754955319077713,3.0,0.0,6.0,0.11476592819367859,-0.30199054104766065,1.119269969896826,4.432877873990534,True,True,True,True,True,True,,stain,10850,False,False,0,0,,,,False,
wood,0.6605402760999468,0.0,0.0,50.0,0.04233298278955866,True,0.3754955319077713,3.0,0.0,6.0,0.11476592819367859,-0.30199054104766065,1.119269969896826,4.432877873990534,True,True,True,True,True,True,magnet_ball_5,,10851,True,True,0,0,0.009346300125349316,measured,6.862362396736671,True,3.4362665663471716
tile,1.0337324676878465,0.0,0.0,8.0,0.03032629622972299,True,0.4332905466823401,3.0,0.0,6.0,-6.506309823323919,1.0953037254803337,-2.708496205151715,5.1182453096563245,False,True,True,True,True,True,plastic_part_8,,10852,False,False,0,0,,,,False,
tile,1.0337324676878465,0.0,0.0,8.0,0.03032629622972299,True,0.4332905466823401,3.0,0.0,6.0,-6.506309823323919,1.0953037254803337,-2.708496205151715,5.1182453096563245,False,True,True,True,True,True,,seam,10853,False,False,6,0,,,,False,
tile,1.0337324676878465,0.0,0.0,8.0,0.03032629622972299,True,0.4332905466823401,3.0,0.0,6.0,-6.506309823323919,1.0953037254803337,-2.708496205151715,5.1182453096563245,False,True,True,True,True,True,pill_8,,10854,False,False,6,2,,,,False,
carpet,0.5199948218620658,0.08124206960680064,4.0,50.0,0.014461034234425596,True,0.287229730981448,3.0,1.1530426232925883,6.0,-6.248663113177921,-0.3311646816739626,-0.1310602838538646,1.4617989062459136,False,True,True,True,True,True,floor_colored_12,,10855,False,False,0,0,,,,False,
carpet,0.5199948218620658,0.08124206960680064,4.0,50.0,0.014461034234425596,True,0.287229730981448,3.0,1.1530426232925883,6.0,-6.248663113177921,-0.3311646816739626,-0.1310602838538646,1.4617989062459136,False,True,True,True,True,True,,empty,10856,False,False,0,0,,,,False,
carpet,0.5199948218620658,0.08124206960680064,4.0,50.0,0.014461034234425596,True,0.287229730981448,3.0,1.1530426232925883,6.0,-6.248663113177921,-0.3311646816739626,-0.1310602838538646,1.4617989062459136,False,True,True,True,True,True,button_cr2032,,10857,False,False,0,0,,,,False,
pattern,0.8643780790424034,0.04168511390840757,0.0,50.0,0.04655424705209641,True,0.8025302111269813,3.0,0.0,6.0,-0.30453776574240843,0.2823333429428569,-3.4605491340128145,0.4522592202049315,False,True,True,True,True,True,coin_1yen,,10858,True,True,0,0,0.3489435636680298,measured,3.0663952172265496,False,12.085714955738773
pattern,0.8643780790424034,0.04168511390840757,0.0,50.0,0.04655424705209641,True,0.8025302111269813,3.0,0.0,6.0,-0.30453776574240843,0.2823333429428569,-3.4605491340128145,0.4522592202049315,False,True,True,True,True,True,,stain,10859,False,False,0,0,,,,False,
pattern,0.8643780790424034,0.04168511390840757,0.0,50.0,0.04655424705209641,True,0.8025302111269813,3.0,0.0,6.0,-0.30453776574240843,0.2823333429428569,-3.4605491340128145,0.4522592202049315,False,True,True,True,True,True,button_lr44,,10860,True,True,1,1,,specular_break,16.515994958081887,True,7.1972430187769225
carpet,0.7006567404349342,0.777417840804489,0.0,150.0,0.010426149038901556,True,0.6449142168868106,3.0,0.15783207457410015,6.0,-6.11891589420901,-0.2502383470883109,-1.3204426156085836,1.0806414667179642,False,True,True,True,True,True,coin_10yen,,10861,False,False,14,14,,,,False,
carpet,0.7006567404349342,0.777417840804489,0.0,150.0,0.010426149038901556,True,0.6449142168868106,3.0,0.15783207457410015,6.0,-6.11891589420901,-0.2502383470883109,-1.3204426156085836,1.0806414667179642,False,True,True,True,True,True,,seam,10862,False,False,15,8,,,,False,
carpet,0.7006567404349342,0.777417840804489,0.0,150.0,0.010426149038901556,True,0.6449142168868106,3.0,0.15783207457410015,6.0,-6.11891589420901,-0.2502383470883109,-1.3204426156085836,1.0806414667179642,False,True,True,True,True,True,magnet_disc_10x3,,10863,False,False,18,14,,,,False,
pattern,1.784216950165559,0.19264178374287502,2.0,8.0,0.016237703631510485,True,0.4001096408539353,3.0,0.0,6.0,3.367554285013404,-0.8903372527703086,-3.7883354954358164,1.6939210223693677,False,True,True,True,True,True,button_cr2032,,10864,True,True,0,0,,specular_break,15.78551890802444,True,10.207588280113056
pattern,1.784216950165559,0.19264178374287502,2.0,8.0,0.016237703631510485,True,0.4001096408539353,3.0,0.0,6.0,3.367554285013404,-0.8903372527703086,-3.7883354954358164,1.6939210223693677,False,True,True,True,True,True,,empty,10865,False,False,0,0,,,,False,
pattern,1.784216950165559,0.19264178374287502,2.0,8.0,0.016237703631510485,True,0.4001096408539353,3.0,0.0,6.0,3.367554285013404,-0.8903372527703086,-3.7883354954358164,1.6939210223693677,False,True,True,True,True,True,magnet_ball_5,,10866,True,True,1,1,,off_line,8.705089823879804,False,1.1745219671358804
wood,1.0832197753967152,0.0,1.0,50.0,0.03241623182273194,True,0.24077037380085864,3.0,0.0,6.0,-3.564137811818229,1.1309889369871964,5.840747978484426,0.07035487017103315,False,True,True,True,True,True,button_lr44,,10867,False,False,0,0,,,,False,
wood,1.0832197753967152,0.0,1.0,50.0,0.03241623182273194,True,0.24077037380085864,3.0,0.0,6.0,-3.564137811818229,1.1309889369871964,5.840747978484426,0.07035487017103315,False,True,True,True,True,True,,stain,10868,False,False,0,0,,,,False,
wood,1.0832197753967152,0.0,1.0,50.0,0.03241623182273194,True,0.24077037380085864,3.0,0.0,6.0,-3.564137811818229,1.1309889369871964,5.840747978484426,0.07035487017103315,False,True,True,True,True,True,pill_8,,10869,False,False,0,0,,,,False,
carpet,0.5197340903551118,0.06373387849912726,0.0,8.0,0.011989976119425245,True,0.6422073159189602,3.0,1.426622381418034,6.0,-7.593248018165134,1.9922106067697087,-4.326597642758001,0.27206478876630735,False,True,True,True,True,True,bead_6,,10870,False,False,20,20,,,,False,
carpet,0.5197340903551118,0.06373387849912726,0.0,8.0,0.011989976119425245,True,0.6422073159189602,3.0,1.426622381418034,6.0,-7.593248018165134,1.9922106067697087,-4.326597642758001,0.27206478876630735,False,True,True,True,True,True,,seam,10871,False,False,0,0,,,,False,
carpet,0.5197340903551118,0.06373387849912726,0.0,8.0,0.011989976119425245,True,0.6422073159189602,3.0,1.426622381418034,6.0,-7.593248018165134,1.9922106067697087,-4.326597642758001,0.27206478876630735,False,True,True,True,True,True,button_cr2032,,10872,False,True,10,15,,specular_break,5.3428350567523095,False,24.58465822100453
carpet,1.7316591820839482,0.28474250971664955,1.0,8.0,0.02958497857895133,True,0.6181936521313326,3.0,1.2897332020488301,6.0,1.1927420140349687,-1.0265043472718993,0.5694552081958847,5.095031490579865,False,True,True,True,True,True,bead_10_dark,,10873,True,True,0,3,2.3945137938458316,measured,15.866941543982081,False,17.12943678727613
carpet,1.7316591820839482,0.28474250971664955,1.0,8.0,0.02958497857895133,True,0.6181936521313326,3.0,1.2897332020488301,6.0,1.1927420140349687,-1.0265043472718993,0.5694552081958847,5.095031490579865,False,True,True,True,True,True,,empty,10874,False,False,0,2,,,,False,
carpet,1.7316591820839482,0.28474250971664955,1.0,8.0,0.02958497857895133,True,0.6181936521313326,3.0,1.2897332020488301,6.0,1.1927420140349687,-1.0265043472718993,0.5694552081958847,5.095031490579865,False,True,True,True,True,True,button_lr44,,10875,True,True,0,1,-0.5440558684235626,measured,10.074930838841567,False,14.050042372476586
tile,1.5382972959688572,0.0,4.0,8.0,0.032197329184761814,True,0.4640695261003014,3.0,0.0,6.0,-0.6374949991047699,3.0299607410039715,-5.122679893932831,1.2848377579252952,False,True,True,True,True,True,magnet_disc_10x3,,10876,False,True,0,0,1.0883371271929825,measured,13.059322246414688,False,5.249315150619127
tile,1.5382972959688572,0.0,4.0,8.0,0.032197329184761814,True,0.4640695261003014,3.0,0.0,6.0,-0.6374949991047699,3.0299607410039715,-5.122679893932831,1.2848377579252952,False,True,True,True,True,True,,stain,10877,False,False,0,0,,,,False,
tile,1.5382972959688572,0.0,4.0,8.0,0.032197329184761814,True,0.4640695261003014,3.0,0.0,6.0,-0.6374949991047699,3.0299607410039715,-5.122679893932831,1.2848377579252952,False,True,True,True,True,True,magnet_disc_10x3,,10878,False,False,0,0,,,,False,
carpet,1.1190714685204366,0.5453510261689737,1.0,50.0,0.007771887284788681,True,0.5192094191533293,3.0,1.4472717635201544,6.0,0.02837068555362965,-2.721374583785915,5.575384381402405,0.10348244082826924,False,True,True,True,True,True,magnet_ball_5,,10879,True,True,0,1,-0.37346915406256187,measured,4.319859928681975,False,5.01055652784918
carpet,1.1190714685204366,0.5453510261689737,1.0,50.0,0.007771887284788681,True,0.5192094191533293,3.0,1.4472717635201544,6.0,0.02837068555362965,-2.721374583785915,5.575384381402405,0.10348244082826924,False,True,True,True,True,True,,seam,10880,False,False,2,4,,,,False,
carpet,1.1190714685204366,0.5453510261689737,1.0,50.0,0.007771887284788681,True,0.5192094191533293,3.0,1.4472717635201544,6.0,0.02837068555362965,-2.721374583785915,5.575384381402405,0.10348244082826924,False,True,True,True,True,True,magnet_ball_5,,10881,True,True,0,1,-0.5764254688546409,measured,5.73517771517282,False,8.370179370865326
tile,1.3723228610848879,0.0,1.0,8.0,0.02531747950881723,True,0.08283678432401298,3.0,0.0,6.0,0.06342956076819416,-0.6563907158819806,3.6155412696435913,1.1473667663236482,False,True,True,True,True,True,pill_8,,10882,True,True,0,0,0.5484815899739743,measured,8.82074735145899,False,6.637890699708595
tile,1.3723228610848879,0.0,1.0,8.0,0.02531747950881723,True,0.08283678432401298,3.0,0.0,6.0,0.06342956076819416,-0.6563907158819806,3.6155412696435913,1.1473667663236482,False,True,True,True,True,True,,empty,10883,False,False,0,0,,,,False,
tile,1.3723228610848879,0.0,1.0,8.0,0.02531747950881723,True,0.08283678432401298,3.0,0.0,6.0,0.06342956076819416,-0.6563907158819806,3.6155412696435913,1.1473667663236482,False,True,True,True,True,True,pill_8,,10884,True,True,0,0,2.658174021221832,measured,7.375528234462201,False,4.655610606039715
tile,0.7621261505901787,0.0,0.0,50.0,0.024490946077717998,True,0.5546376016649189,3.0,0.0,6.0,7.554203589467928,-3.5801472209208325,-2.0923777083065893,1.3485914161581418,False,True,True,True,True,True,plastic_part_8,,10885,True,True,0,0,,off_line,6.617783725846591,True,3.7405986603305754
tile,0.7621261505901787,0.0,0.0,50.0,0.024490946077717998,True,0.5546376016649189,3.0,0.0,6.0,7.554203589467928,-3.5801472209208325,-2.0923777083065893,1.3485914161581418,False,True,True,True,True,True,,stain,10886,False,False,0,0,,,,False,
tile,0.7621261505901787,0.0,0.0,50.0,0.024490946077717998,True,0.5546376016649189,3.0,0.0,6.0,7.554203589467928,-3.5801472209208325,-2.0923777083065893,1.3485914161581418,False,True,True,True,True,True,button_cr2032,,10887,True,True,0,0,-0.008736570690825118,measured,18.323394473279766,True,10.606666690531306
rug,1.8889971308719193,0.26306138838797904,1.0,150.0,0.02649184635738306,True,0.4513728836389701,3.0,0.5006901321103224,6.0,3.886283411047696,-0.9225179460824509,2.360196252196552,2.726454442868419,False,True,True,True,True,True,floor_colored_12,,10888,True,True,0,1,0.05555596053996581,measured,7.880448286596967,False,15.349098680016576
rug,1.8889971308719193,0.26306138838797904,1.0,150.0,0.02649184635738306,True,0.4513728836389701,3.0,0.5006901321103224,6.0,3.886283411047696,-0.9225179460824509,2.360196252196552,2.726454442868419,False,True,True,True,True,True,,seam,10889,False,False,2,2,,,,False,
rug,1.8889971308719193,0.26306138838797904,1.0,150.0,0.02649184635738306,True,0.4513728836389701,3.0,0.5006901321103224,6.0,3.886283411047696,-0.9225179460824509,2.360196252196552,2.726454442868419,False,True,True,True,True,True,button_lr44,,10890,True,True,0,2,,specular_break,9.032853274790408,False,21.746393304428437
tile,1.5375500430873517,0.0,1.0,8.0,0.04947017713236124,True,0.23811566968843023,3.0,0.0,6.0,1.537198534277111,0.0871785263656204,2.1474552973378986,2.55494218512316,False,True,True,True,True,True,coin_1yen,,10891,True,True,0,0,1.4374795479097209,measured,16.994193635793014,False,9.913037098252568
tile,1.5375500430873517,0.0,1.0,8.0,0.04947017713236124,True,0.23811566968843023,3.0,0.0,6.0,1.537198534277111,0.0871785263656204,2.1474552973378986,2.55494218512316,False,True,True,True,True,True,,empty,10892,False,False,0,0,,,,False,
tile,1.5375500430873517,0.0,1.0,8.0,0.04947017713236124,True,0.23811566968843023,3.0,0.0,6.0,1.537198534277111,0.0871785263656204,2.1474552973378986,2.55494218512316,False,True,True,True,True,True,magnet_disc_10x3,,10893,True,True,0,1,,specular_break,27.444209662626943,True,35.892521953574686
carpet,0.8827810800559928,0.7746356247841495,2.0,150.0,0.027607936580310327,True,0.5037661048762904,3.0,0.6472131668111989,6.0,-6.3958360159411916,-0.29536865847108446,-0.7001634336630802,1.2190850600746332,True,True,True,True,True,True,coin_10yen,,10894,False,False,15,15,,,,False,
carpet,0.8827810800559928,0.7746356247841495,2.0,150.0,0.027607936580310327,True,0.5037661048762904,3.0,0.6472131668111989,6.0,-6.3958360159411916,-0.29536865847108446,-0.7001634336630802,1.2190850600746332,True,True,True,True,True,True,,stain,10895,False,False,3,3,,,,False,
carpet,0.8827810800559928,0.7746356247841495,2.0,150.0,0.027607936580310327,True,0.5037661048762904,3.0,0.6472131668111989,6.0,-6.3958360159411916,-0.29536865847108446,-0.7001634336630802,1.2190850600746332,True,True,True,True,True,True,magnet_ball_5,,10896,False,False,4,5,,,,False,
tile,1.1457695263519145,0.0,1.0,150.0,0.03289923210732235,True,0.4901920334174925,3.0,0.0,6.0,-0.30736169516203266,1.7049994155271286,-5.241245596103852,0.8087195000119809,False,True,True,True,True,True,button_cr2032,,10897,False,False,0,0,,,,False,
tile,1.1457695263519145,0.0,1.0,150.0,0.03289923210732235,True,0.4901920334174925,3.0,0.0,6.0,-0.30736169516203266,1.7049994155271286,-5.241245596103852,0.8087195000119809,False,True,True,True,True,True,,seam,10898,False,False,0,0,,,,False,
tile,1.1457695263519145,0.0,1.0,150.0,0.03289923210732235,True,0.4901920334174925,3.0,0.0,6.0,-0.30736169516203266,1.7049994155271286,-5.241245596103852,0.8087195000119809,False,True,True,True,True,True,pill_8,,10899,False,False,0,0,,,,False,
