tag,obj,H,ci_hi,ci_lo,close,entered_hi,entered_lo,escape_mean_mm,head_edge_lift_max_mm,kind,mode,n,n_arm_jam,n_entered,n_escaped,n_inside_at_close,n_lateral,n_launched,n_no_trigger,n_on_head,n_on_ramp,n_other,n_pinched,n_pushed_ahead,n_rode,n_rode_clean,n_success,n_success_clean,n_triggered,n_under,push_max_mm,push_mean_mm,ramp,rate,rate_entered,rate_on_head,rate_rode,rate_rode_clean,ride_max_rel_mm,rode_hi,rode_lo,side,speed,successes,tip,torque,w
beak|H10.0|r10|c0.3|w30open|v10|adv|t0.6|qcfg|gcfg,battery_cr2032,10.0,0.18398119474747693,0.0,0.3,0.18398119474747693,0.0,202.21550795585608,36.00560545045868,beak,adv,12,0,0,0,0,4,12,0,0,0,0,0,8,7,0,0,0,12,0,34.07035983136164,26.76196478923004,10.0,0.0,0.0,0.0,0.5833333333333334,0.0,0.0,0.7800221193082193,0.3559810149005347,False,10.0,0,0.6,,30.0
beak|H10.0|r10|c0.3|w30open|v10|adv|t0.6|qcfg|gcfg,bead,10.0,0.18398119474747693,0.0,0.3,1.0,0.816018805252523,3577.1333330617454,65.25282102801594,beak,adv,12,0,12,0,0,0,12,0,12,0,12,0,0,12,0,0,0,12,0,0.0,0.0,10.0,0.0,1.0,1.0,1.0,0.0,511.1846782605216,1.0,0.816018805252523,False,10.0,0,0.6,,30.0
beak|H10.0|r10|c0.3|w30open|v10|adv|t0.6|qcfg|gcfg,coin_1yen,10.0,0.18398119474747693,0.0,0.3,0.18398119474747693,0.0,26.193794748462746,5.568180211766915,beak,adv,12,0,0,0,0,0,6,0,0,0,0,0,12,12,6,0,0,12,0,48.562298738809375,29.266522972077464,10.0,0.0,0.0,0.0,1.0,0.5,0.0,1.0,0.816018805252523,False,10.0,0,0.6,,30.0
beak|H10.0|r10|c0.3|w30open|v10|adv|t0.6|qcfg|gcfg,crumb_cube,10.0,0.18398119474747693,0.0,0.3,0.18398119474747693,0.0,24.810912307239917,7.069388049738184,beak,adv,12,0,0,0,0,0,0,12,0,0,0,0,12,12,12,0,0,0,0,129.59020060470692,121.85784661958117,10.0,0.0,0.0,0.0,1.0,1.0,0.0,1.0,0.816018805252523,False,10.0,0,0.6,,30.0
beak|H10.0|r10|c0.3|w30open|v10|stop|t0.6|qcfg|gcfg,battery_cr2032,10.0,0.18398119474747693,0.0,0.3,0.18398119474747693,0.0,210.29800892931303,34.660524197546266,beak,stop,12,0,0,0,0,4,11,0,0,0,0,0,8,6,0,0,0,12,0,34.516595306989714,16.7058626983823,10.0,0.0,0.0,0.0,0.5,0.0,0.0,0.7144651456224747,0.2855348543775254,False,10.0,0,0.6,,30.0
beak|H10.0|r10|c0.3|w30open|v10|stop|t0.6|qcfg|gcfg,bead,10.0,0.18398119474747693,0.0,0.3,1.0,0.816018805252523,3873.169464115246,71.5925643016726,beak,stop,12,0,12,0,0,0,12,0,12,0,12,0,0,12,0,0,0,12,0,0.0,0.0,10.0,0.0,1.0,1.0,1.0,0.0,617.227212464261,1.0,0.816018805252523,False,10.0,0,0.6,,30.0
beak|H10.0|r10|c0.3|w30open|v10|stop|t0.6|qcfg|gcfg,coin_1yen,10.0,0.18398119474747693,0.0,0.3,0.18398119474747693,0.0,40.14909246332426,6.4122686372866236,beak,stop,12,0,0,0,0,0,4,0,0,0,0,0,12,12,8,0,0,12,0,49.95690998360568,20.560280643524035,10.0,0.0,0.0,0.0,1.0,0.6666666666666666,0.0,1.0,0.816018805252523,False,10.0,0,0.6,,30.0
beak|H10.0|r10|c0.3|w30open|v10|stop|t0.6|qcfg|gcfg,crumb_cube,10.0,0.18398119474747693,0.0,0.3,0.18398119474747693,0.0,24.810912307239917,7.069388049738184,beak,stop,12,0,0,0,0,0,0,12,0,0,0,0,12,12,12,0,0,0,0,129.59020060470692,121.85784661958117,10.0,0.0,0.0,0.0,1.0,1.0,0.0,1.0,0.816018805252523,False,10.0,0,0.6,,30.0
beak|H10.0|r10|c0.3|w30open|v2|adv|t0.6|qcfg|gcfg,battery_cr2032,10.0,0.18398119474747693,0.0,0.3,0.18398119474747693,0.0,187.769396485815,23.86283549159108,beak,adv,12,0,0,0,0,4,12,0,0,0,0,0,8,7,0,0,0,12,0,32.13407908913787,23.048711755665316,10.0,0.0,0.0,0.0,0.5833333333333334,0.0,0.0,0.7800221193082193,0.3559810149005347,False,2.0,0,0.6,,30.0
beak|H10.0|r10|c0.3|w30open|v2|adv|t0.6|qcfg|gcfg,bead,10.0,0.18398119474747693,0.0,0.3,1.0,0.816018805252523,3515.3966922135696,56.819530026509995,beak,adv,12,0,12,0,0,0,12,0,12,0,12,0,0,12,0,0,0,12,0,0.0,0.0,10.0,0.0,1.0,1.0,1.0,0.0,496.4151538758274,1.0,0.816018805252523,False,2.0,0,0.6,,30.0
beak|H10.0|r10|c0.3|w30open|v2|adv|t0.6|qcfg|gcfg,coin_1yen,10.0,0.18398119474747693,0.0,0.3,0.18398119474747693,0.0,34.82343635493092,7.996386323570055,beak,adv,12,0,0,0,0,0,5,0,0,0,0,0,12,10,5,0,0,12,0,50.7236399555286,19.751440114259022,10.0,0.0,0.0,0.0,0.8333333333333334,0.4166666666666667,0.0,0.9432194472505557,0.6007930895844598,False,2.0,0,0.6,,30.0
beak|H10.0|r10|c0.3|w30open|v2|adv|t0.6|qcfg|gcfg,crumb_cube,10.0,0.18398119474747693,0.0,0.3,0.18398119474747693,0.0,25.2072133393532,7.069784473475813,beak,adv,12,0,0,0,0,0,0,12,0,0,0,0,12,12,12,0,0,0,0,134.60406151401264,122.24958262182157,10.0,0.0,0.0,0.0,1.0,1.0,0.0,1.0,0.816018805252523,False,2.0,0,0.6,,30.0
beak|H10.0|r10|c0.3|w30open|v2|stop|t0.6|qcfg|gcfg,battery_cr2032,10.0,0.18398119474747693,0.0,0.3,0.18398119474747693,0.0,213.28809270778996,34.67048387479621,beak,stop,12,0,0,0,0,4,12,0,0,0,0,0,8,7,0,0,0,12,0,27.30960069346907,20.043267257369102,10.0,0.0,0.0,0.0,0.5833333333333334,0.0,0.0,0.7800221193082193,0.3559810149005347,False,2.0,0,0.6,,30.0
beak|H10.0|r10|c0.3|w30open|v2|stop|t0.6|qcfg|gcfg,bead,10.0,0.18398119474747693,0.0,0.3,1.0,0.816018805252523,3512.1711055233413,71.71876068985362,beak,stop,12,0,12,0,0,0,12,0,12,0,12,0,0,12,0,0,0,12,0,0.0,0.0,10.0,0.0,1.0,1.0,1.0,0.0,513.6385845857984,1.0,0.816018805252523,False,2.0,0,0.6,,30.0
beak|H10.0|r10|c0.3|w30open|v2|stop|t0.6|qcfg|gcfg,coin_1yen,10.0,0.18398119474747693,0.0,0.3,0.18398119474747693,0.0,40.290023056028126,6.463224786998321,beak,stop,12,0,0,0,0,0,4,0,0,0,0,0,12,11,7,0,0,12,0,50.07959372140364,20.68417179247867,10.0,0.0,0.0,0.0,0.9166666666666666,0.5833333333333334,0.0,0.9811839504836382,0.6988317205601311,False,2.0,0,0.6,,30.0
beak|H10.0|r10|c0.3|w30open|v2|stop|t0.6|qcfg|gcfg,crumb_cube,10.0,0.18398119474747693,0.0,0.3,0.18398119474747693,0.0,25.2072133393532,7.069784473475813,beak,stop,12,0,0,0,0,0,0,12,0,0,0,0,12,12,12,0,0,0,0,134.60406151401264,122.24958262182157,10.0,0.0,0.0,0.0,1.0,1.0,0.0,1.0,0.816018805252523,False,2.0,0,0.6,,30.0
beak|H10.0|r10|c0.3|w40cup|v10|adv|t0.6|qcfg|gcfg,battery_cr2032,10.0,0.18398119474747693,0.0,0.3,0.18398119474747693,0.0,25.564212604456518,3.5204718706487346,beak,adv,12,0,0,0,0,0,12,0,0,0,0,0,12,3,0,0,0,12,0,42.26388916882121,24.143007097993074,10.0,0.0,0.0,0.0,0.25,0.0,0.0,0.4873380318032493,0.10465256557048919,True,10.0,0,0.6,,40.0
beak|H10.0|r10|c0.3|w40cup|v10|adv|t0.6|qcfg|gcfg,bead,10.0,0.18398119474747693,0.0,0.3,1.0,0.816018805252523,3577.1333330617454,65.25282102801594,beak,adv,12,0,12,0,0,0,12,0,12,0,12,0,0,12,0,0,0,12,0,0.0,0.0,10.0,0.0,1.0,1.0,1.0,0.0,511.1846782605216,1.0,0.816018805252523,True,10.0,0,0.6,,40.0
beak|H10.0|r10|c0.3|w40cup|v10|adv|t0.6|qcfg|gcfg,coin_1yen,10.0,0.18398119474747693,0.0,0.3,0.18398119474747693,0.0,19.511053020179165,5.951499268869626,beak,adv,12,0,0,0,0,0,2,0,0,0,0,0,12,12,10,0,0,12,0,22.84186068154838,22.49831156583768,10.0,0.0,0.0,0.0,1.0,0.8333333333333334,0.0,1.0,0.816018805252523,True,10.0,0,0.6,,40.0
beak|H10.0|r10|c0.3|w40cup|v10|adv|t0.6|qcfg|gcfg,crumb_cube,10.0,0.18398119474747693,0.0,0.3,0.18398119474747693,0.0,23.601440170177355,7.069355041529699,beak,adv,12,0,0,0,0,0,0,12,0,0,0,0,12,12,12,0,0,0,0,129.56429454009205,120.64677163797955,10.0,0.0,0.0,0.0,1.0,1.0,0.0,1.0,0.816018805252523,True,10.0,0,0.6,,40.0
beak|H10.0|r10|c0.3|w40cup|v10|stop|t0.6|qcfg|gcfg,battery_cr2032,10.0,0.18398119474747693,0.0,0.3,0.18398119474747693,0.0,41.59366932860453,3.0929550371289074,beak,stop,12,0,0,0,0,0,10,0,0,0,0,0,12,4,0,0,0,12,0,32.76830934817789,18.293523700434438,10.0,0.0,0.0,0.0,0.3333333333333333,0.0,0.0,0.5685083866566518,0.1594853449258405,True,10.0,0,0.6,,40.0
beak|H10.0|r10|c0.3|w40cup|v10|stop|t0.6|qcfg|gcfg,bead,10.0,0.18398119474747693,0.0,0.3,1.0,0.816018805252523,3873.169464115246,71.5925643016726,beak,stop,12,0,12,0,0,0,12,0,12,0,12,0,0,12,0,0,0,12,0,0.0,0.0,10.0,0.0,1.0,1.0,1.0,0.0,617.227212464261,1.0,0.816018805252523,True,10.0,0,0.6,,40.0
beak|H10.0|r10|c0.3|w40cup|v10|stop|t0.6|qcfg|gcfg,coin_1yen,10.0,0.18398119474747693,0.0,0.3,0.18398119474747693,0.0,30.423472100367615,3.9108931886235556,beak,stop,12,0,0,0,0,0,2,0,0,0,0,0,12,12,10,0,0,12,0,17.900043797056835,10.929522447698671,10.0,0.0,0.0,0.0,1.0,0.8333333333333334,0.0,1.0,0.816018805252523,True,10.0,0,0.6,,40.0
beak|H10.0|r10|c0.3|w40cup|v10|stop|t0.6|qcfg|gcfg,crumb_cube,10.0,0.18398119474747693,0.0,0.3,0.18398119474747693,0.0,23.601440170177355,7.069355041529699,beak,stop,12,0,0,0,0,0,0,12,0,0,0,0,12,12,12,0,0,0,0,129.56429454009205,120.64677163797955,10.0,0.0,0.0,0.0,1.0,1.0,0.0,1.0,0.816018805252523,True,10.0,0,0.6,,40.0
beak|H10.0|r10|c0.3|w40cup|v2|adv|t0.6|qcfg|gcfg,battery_cr2032,10.0,0.18398119474747693,0.0,0.3,0.18398119474747693,0.0,37.16194562328565,4.192457549004045,beak,adv,12,0,0,0,0,0,12,0,0,0,0,0,12,6,0,0,0,12,0,29.913505107537006,19.790407638034672,10.0,0.0,0.0,0.0,0.5,0.0,0.0,0.7144651456224747,0.2855348543775254,True,2.0,0,0.6,,40.0
beak|H10.0|r10|c0.3|w40cup|v2|adv|t0.6|qcfg|gcfg,bead,10.0,0.18398119474747693,0.0,0.3,1.0,0.816018805252523,3515.3966922135696,56.819530026509995,beak,adv,12,0,12,0,0,0,12,0,12,0,12,0,0,12,0,0,0,12,0,0.0,0.0,10.0,0.0,1.0,1.0,1.0,0.0,496.4151538758274,1.0,0.816018805252523,True,2.0,0,0.6,,40.0
beak|H10.0|r10|c0.3|w40cup|v2|adv|t0.6|qcfg|gcfg,coin_1yen,10.0,0.18398119474747693,0.0,0.3,0.18398119474747693,0.0,26.268163390514363,5.067704380157061,beak,adv,12,0,0,0,0,0,2,0,0,0,0,0,12,12,10,0,0,12,0,18.13366867124029,11.258639769514517,10.0,0.0,0.0,0.0,1.0,0.8333333333333334,0.0,1.0,0.816018805252523,True,2.0,0,0.6,,40.0
beak|H10.0|r10|c0.3|w40cup|v2|adv|t0.6|qcfg|gcfg,crumb_cube,10.0,0.18398119474747693,0.0,0.3,0.18398119474747693,0.0,24.66346381132716,7.069834022922543,beak,adv,12,0,0,0,0,0,0,12,0,0,0,0,12,12,12,0,0,0,0,129.56085466514827,121.7060435918974,10.0,0.0,0.0,0.0,1.0,1.0,0.0,1.0,0.816018805252523,True,2.0,0,0.6,,40.0
beak|H10.0|r10|c0.3|w40cup|v2|stop|t0.6|qcfg|gcfg,battery_cr2032,10.0,0.18398119474747693,0.0,0.3,0.18398119474747693,0.0,78.9513264364242,1.974793191918709,beak,stop,12,0,0,0,0,1,12,0,0,0,0,0,11,5,0,0,0,12,0,35.16147862633705,21.45933778271092,10.0,0.0,0.0,0.0,0.4166666666666667,0.0,0.0,0.6440189850994654,0.2199778806917808,True,2.0,0,0.6,,40.0
beak|H10.0|r10|c0.3|w40cup|v2|stop|t0.6|qcfg|gcfg,bead,10.0,0.18398119474747693,0.0,0.3,1.0,0.816018805252523,3512.1711055233413,71.71876068985362,beak,stop,12,0,12,0,0,0,12,0,12,0,12,0,0,12,0,0,0,12,0,0.0,0.0,10.0,0.0,1.0,1.0,1.0,0.0,513.6385845857984,1.0,0.816018805252523,True,2.0,0,0.6,,40.0
beak|H10.0|r10|c0.3|w40cup|v2|stop|t0.6|qcfg|gcfg,coin_1yen,10.0,0.18398119474747693,0.0,0.3,0.18398119474747693,0.0,30.436117928342416,4.586034093777789,beak,stop,12,0,0,0,0,0,4,0,0,0,0,0,12,12,8,0,0,12,0,17.64200312239114,10.91968619561799,10.0,0.0,0.0,0.0,1.0,0.6666666666666666,0.0,1.0,0.816018805252523,True,2.0,0,0.6,,40.0
beak|H10.0|r10|c0.3|w40cup|v2|stop|t0.6|qcfg|gcfg,crumb_cube,10.0,0.18398119474747693,0.0,0.3,0.18398119474747693,0.0,24.66346381132716,7.069834022922543,beak,stop,12,0,0,0,0,0,0,12,0,0,0,0,12,12,12,0,0,0,0,129.56085466514827,121.7060435918974,10.0,0.0,0.0,0.0,1.0,1.0,0.0,1.0,0.816018805252523,True,2.0,0,0.6,,40.0
beak|H10.0|r10|c0.6|w30open|v10|adv|t0.6|qcfg|gcfg,battery_cr2032,10.0,0.18398119474747693,0.0,0.6,0.18398119474747693,0.0,186.481650373372,50.59240603571462,beak,adv,12,0,0,0,0,5,12,0,1,0,0,0,7,10,0,0,0,12,0,45.470112437789105,29.28391703834449,10.0,0.0,0.0,0.08333333333333333,0.8333333333333334,0.0,47.751892870768145,0.9432194472505557,0.6007930895844598,False,10.0,0,0.6,,30.0
beak|H10.0|r10|c0.6|w30open|v10|adv|t0.6|qcfg|gcfg,bead,10.0,0.18398119474747693,0.0,0.6,1.0,0.816018805252523,997.9366262194609,33.80594096293623,beak,adv,12,0,12,0,0,0,12,0,12,0,12,0,0,12,0,0,0,12,0,0.0,0.0,10.0,0.0,1.0,1.0,1.0,0.0,128.44565526335293,1.0,0.816018805252523,False,10.0,0,0.6,,30.0
beak|H10.0|r10|c0.6|w30open|v10|adv|t0.6|qcfg|gcfg,coin_1yen,10.0,0.18398119474747693,0.0,0.6,0.18398119474747693,0.0,25.447468903189716,12.13391301305481,beak,adv,12,0,0,0,0,1,7,0,0,0,0,0,11,12,5,0,0,12,0,51.31971584791466,29.099124039586865,10.0,0.0,0.0,0.0,1.0,0.4166666666666667,0.0,1.0,0.816018805252523,False,10.0,0,0.6,,30.0
beak|H10.0|r10|c0.6|w30open|v10|adv|t0.6|qcfg|gcfg,crumb_cube,10.0,0.18398119474747693,0.0,0.6,0.18398119474747693,0.0,24.810912307239917,7.069388049738184,beak,adv,12,0,0,0,0,0,0,12,0,0,0,0,12,12,12,0,0,0,0,129.59020060470692,121.85784661958117,10.0,0.0,0.0,0.0,1.0,1.0,0.0,1.0,0.816018805252523,False,10.0,0,0.6,,30.0
beak|H10.0|r10|c0.6|w30open|v10|stop|t0.6|qcfg|gcfg,battery_cr2032,10.0,0.18398119474747693,0.0,0.6,0.18398119474747693,0.0,85.16063336250947,35.69284721530573,beak,stop,12,0,0,0,0,4,12,0,0,0,0,0,8,7,0,0,0,12,0,53.42361216665481,29.824506048223704,10.0,0.0,0.0,0.0,0.5833333333333334,0.0,0.0,0.7800221193082193,0.3559810149005347,False,10.0,0,0.6,,30.0
beak|H10.0|r10|c0.6|w30open|v10|stop|t0.6|qcfg|gcfg,bead,10.0,0.18398119474747693,0.0,0.6,1.0,0.816018805252523,1482.7455358121233,38.63364063029495,beak,stop,12,0,12,0,0,0,12,0,12,0,12,0,0,12,0,0,0,12,0,0.0,0.0,10.0,0.0,1.0,1.0,1.0,0.0,176.5532317944791,1.0,0.816018805252523,False,10.0,0,0.6,,30.0
beak|H10.0|r10|c0.6|w30open|v10|stop|t0.6|qcfg|gcfg,coin_1yen,10.0,0.18398119474747693,0.0,0.6,0.18398119474747693,0.0,38.76840766370281,7.768063162916912,beak,stop,12,0,0,0,0,0,5,0,0,0,0,0,12,12,7,0,0,12,0,45.88127819846772,19.177847307346724,10.0,0.0,0.0,0.0,1.0,0.5833333333333334,0.0,1.0,0.816018805252523,False,10.0,0,0.6,,30.0
beak|H10.0|r10|c0.6|w30open|v10|stop|t0.6|qcfg|gcfg,crumb_cube,10.0,0.18398119474747693,0.0,0.6,0.18398119474747693,0.0,24.810912307239917,7.069388049738184,beak,stop,12,0,0,0,0,0,0,12,0,0,0,0,12,12,12,0,0,0,0,129.59020060470692,121.85784661958117,10.0,0.0,0.0,0.0,1.0,1.0,0.0,1.0,0.816018805252523,False,10.0,0,0.6,,30.0
beak|H10.0|r10|c0.6|w30open|v2|adv|t0.6|qcfg|gcfg,battery_cr2032,10.0,0.18398119474747693,0.0,0.6,0.18398119474747693,0.0,237.44132903686298,50.92835641340434,beak,adv,12,0,0,0,0,4,12,0,0,0,0,0,8,7,0,0,0,12,0,42.468847117420275,28.675227721686376,10.0,0.0,0.0,0.0,0.5833333333333334,0.0,0.0,0.7800221193082193,0.3559810149005347,False,2.0,0,0.6,,30.0
beak|H10.0|r10|c0.6|w30open|v2|adv|t0.6|qcfg|gcfg,bead,10.0,0.18398119474747693,0.0,0.6,1.0,0.816018805252523,971.0192553343626,32.14354795202021,beak,adv,12,0,12,0,0,0,12,0,12,0,12,0,0,12,0,0,0,12,0,0.0,0.0,10.0,0.0,1.0,1.0,1.0,0.0,113.9973451611813,1.0,0.816018805252523,False,2.0,0,0.6,,30.0
beak|H10.0|r10|c0.6|w30open|v2|adv|t0.6|qcfg|gcfg,coin_1yen,10.0,0.18398119474747693,0.0,0.6,0.18398119474747693,0.0,35.95081121941109,8.479448636503722,beak,adv,12,0,0,0,0,1,5,0,0,0,0,0,11,12,7,0,0,12,0,52.48312982245322,18.21541199927221,10.0,0.0,0.0,0.0,1.0,0.5833333333333334,0.0,1.0,0.816018805252523,False,2.0,0,0.6,,30.0
beak|H10.0|r10|c0.6|w30open|v2|adv|t0.6|qcfg|gcfg,crumb_cube,10.0,0.18398119474747693,0.0,0.6,0.18398119474747693,0.0,25.2072133393532,7.069784473475813,beak,adv,12,0,0,0,0,0,0,12,0,0,0,0,12,12,12,0,0,0,0,134.60406151401264,122.24958262182157,10.0,0.0,0.0,0.0,1.0,1.0,0.0,1.0,0.816018805252523,False,2.0,0,0.6,,30.0
beak|H10.0|r10|c0.6|w30open|v2|stop|t0.6|qcfg|gcfg,battery_cr2032,10.0,0.18398119474747693,0.0,0.6,0.18398119474747693,0.0,94.49124123471984,34.77394183575598,beak,stop,12,0,0,0,0,4,12,0,0,0,0,0,8,10,0,0,0,12,0,39.87778472342571,30.189204466647496,10.0,0.0,0.0,0.0,0.8333333333333334,0.0,0.0,0.9432194472505557,0.6007930895844598,False,2.0,0,0.6,,30.0
beak|H10.0|r10|c0.6|w30open|v2|stop|t0.6|qcfg|gcfg,bead,10.0,0.18398119474747693,0.0,0.6,1.0,0.816018805252523,1135.8146323724752,33.779475835235644,beak,stop,12,0,12,0,0,0,12,0,12,0,12,0,0,12,0,0,0,12,0,0.0,0.0,10.0,0.0,1.0,1.0,1.0,0.0,125.31465322058452,1.0,0.816018805252523,False,2.0,0,0.6,,30.0
beak|H10.0|r10|c0.6|w30open|v2|stop|t0.6|qcfg|gcfg,coin_1yen,10.0,0.18398119474747693,0.0,0.6,0.18398119474747693,0.0,38.23394874625001,7.768044529044908,beak,stop,12,0,0,0,0,0,5,0,0,0,0,0,12,12,7,0,0,12,0,45.85915760569867,18.628405421627985,10.0,0.0,0.0,0.0,1.0,0.5833333333333334,0.0,1.0,0.816018805252523,False,2.0,0,0.6,,30.0
beak|H10.0|r10|c0.6|w30open|v2|stop|t0.6|qcfg|gcfg,crumb_cube,10.0,0.18398119474747693,0.0,0.6,0.18398119474747693,0.0,25.2072133393532,7.069784473475813,beak,stop,12,0,0,0,0,0,0,12,0,0,0,0,12,12,12,0,0,0,0,134.60406151401264,122.24958262182157,10.0,0.0,0.0,0.0,1.0,1.0,0.0,1.0,0.816018805252523,False,2.0,0,0.6,,30.0
beak|H10.0|r10|c0.6|w40cup|v10|adv|t0.6|qcfg|gcfg,battery_cr2032,10.0,0.18398119474747693,0.0,0.6,0.18398119474747693,0.0,44.12823172000401,5.806763599451852,beak,adv,12,0,0,0,0,1,12,0,2,1,0,0,10,8,0,0,0,12,0,49.02616983384941,31.68795050699338,10.0,0.0,0.0,0.16666666666666666,0.6666666666666666,0.0,1.582098122713753,0.8405146550741593,0.4314916133433481,True,10.0,0,0.6,,40.0
beak|H10.0|r10|c0.6|w40cup|v10|adv|t0.6|qcfg|gcfg,bead,10.0,0.18398119474747693,0.0,0.6,1.0,0.816018805252523,997.9366262194609,33.80594096293623,beak,adv,12,0,12,0,0,0,12,0,12,0,12,0,0,12,0,0,0,12,0,0.0,0.0,10.0,0.0,1.0,1.0,1.0,0.0,128.44565526335293,1.0,0.816018805252523,True,10.0,0,0.6,,40.0
beak|H10.0|r10|c0.6|w40cup|v10|adv|t0.6|qcfg|gcfg,coin_1yen,10.0,0.18398119474747693,0.0,0.6,0.18398119474747693,0.0,18.62021513859906,4.776871092615853,beak,adv,12,0,0,0,0,0,3,0,0,0,0,0,12,12,9,0,0,12,0,25.758766600864707,24.505192311844223,10.0,0.0,0.0,0.0,1.0,0.75,0.0,1.0,0.816018805252523,True,10.0,0,0.6,,40.0
beak|H10.0|r10|c0.6|w40cup|v10|adv|t0.6|qcfg|gcfg,crumb_cube,10.0,0.18398119474747693,0.0,0.6,0.18398119474747693,0.0,23.601440170177355,7.069355041529699,beak,adv,12,0,0,0,0,0,0,12,0,0,0,0,12,12,12,0,0,0,0,129.56429454009205,120.64677163797955,10.0,0.0,0.0,0.0,1.0,1.0,0.0,1.0,0.816018805252523,True,10.0,0,0.6,,40.0
beak|H10.0|r10|c0.6|w40cup|v10|stop|t0.6|qcfg|gcfg,battery_cr2032,10.0,0.18398119474747693,0.0,0.6,0.18398119474747693,0.0,101.6512057705139,5.677863088569109,beak,stop,12,0,0,0,0,1,12,0,0,0,0,0,11,5,0,0,0,12,0,40.771631461381446,28.42638499488396,10.0,0.0,0.0,0.0,0.4166666666666667,0.0,0.0,0.6440189850994654,0.2199778806917808,True,10.0,0,0.6,,40.0
beak|H10.0|r10|c0.6|w40cup|v10|stop|t0.6|qcfg|gcfg,bead,10.0,0.18398119474747693,0.0,0.6,1.0,0.816018805252523,1482.7455358121233,38.63364063029495,beak,stop,12,0,12,0,0,0,12,0,12,0,12,0,0,12,0,0,0,12,0,0.0,0.0,10.0,0.0,1.0,1.0,1.0,0.0,176.5532317944791,1.0,0.816018805252523,True,10.0,0,0.6,,40.0
beak|H10.0|r10|c0.6|w40cup|v10|stop|t0.6|qcfg|gcfg,coin_1yen,10.0,0.18398119474747693,0.0,0.6,0.18398119474747693,0.0,27.298219317843103,3.4823396192751255,beak,stop,12,0,0,0,0,0,1,0,0,0,0,0,12,12,11,0,0,12,0,11.722037785606473,7.817782953248525,10.0,0.0,0.0,0.0,1.0,0.9166666666666666,0.0,1.0,0.816018805252523,True,10.0,0,0.6,,40.0
beak|H10.0|r10|c0.6|w40cup|v10|stop|t0.6|qcfg|gcfg,crumb_cube,10.0,0.18398119474747693,0.0,0.6,0.18398119474747693,0.0,23.601440170177355,7.069355041529699,beak,stop,12,0,0,0,0,0,0,12,0,0,0,0,12,12,12,0,0,0,0,129.56429454009205,120.64677163797955,10.0,0.0,0.0,0.0,1.0,1.0,0.0,1.0,0.816018805252523,True,10.0,0,0.6,,40.0
beak|H10.0|r10|c0.6|w40cup|v2|adv|t0.6|qcfg|gcfg,battery_cr2032,10.0,0.18398119474747693,0.0,0.6,0.18398119474747693,0.0,38.48494211191822,5.700032881631952,beak,adv,12,0,0,0,0,0,12,0,0,0,0,0,12,5,0,0,0,12,0,36.3896573801358,22.457744333439198,10.0,0.0,0.0,0.0,0.4166666666666667,0.0,0.0,0.6440189850994654,0.2199778806917808,True,2.0,0,0.6,,40.0
beak|H10.0|r10|c0.6|w40cup|v2|adv|t0.6|qcfg|gcfg,bead,10.0,0.18398119474747693,0.0,0.6,1.0,0.816018805252523,971.0192553343626,32.14354795202021,beak,adv,12,0,12,0,0,0,12,0,12,0,12,0,0,12,0,0,0,12,0,0.0,0.0,10.0,0.0,1.0,1.0,1.0,0.0,113.9973451611813,1.0,0.816018805252523,True,2.0,0,0.6,,40.0
beak|H10.0|r10|c0.6|w40cup|v2|adv|t0.6|qcfg|gcfg,coin_1yen,10.0,0.18398119474747693,0.0,0.6,0.18398119474747693,0.0,22.93841018723781,3.672218523782313,beak,adv,12,0,0,0,0,0,1,0,0,0,0,0,12,12,11,0,0,12,0,16.79888023038452,8.499004133420344,10.0,0.0,0.0,0.0,1.0,0.9166666666666666,0.0,1.0,0.816018805252523,True,2.0,0,0.6,,40.0
beak|H10.0|r10|c0.6|w40cup|v2|adv|t0.6|qcfg|gcfg,crumb_cube,10.0,0.18398119474747693,0.0,0.6,0.18398119474747693,0.0,24.66346381132716,7.069834022922543,beak,adv,12,0,0,0,0,0,0,12,0,0,0,0,12,12,12,0,0,0,0,129.56085466514827,121.7060435918974,10.0,0.0,0.0,0.0,1.0,1.0,0.0,1.0,0.816018805252523,True,2.0,0,0.6,,40.0
beak|H10.0|r10|c0.6|w40cup|v2|stop|t0.6|qcfg|gcfg,battery_cr2032,10.0,0.18398119474747693,0.0,0.6,0.18398119474747693,0.0,45.171499663564155,3.536178914657472,beak,stop,12,0,0,0,0,0,11,0,0,0,0,0,12,5,1,0,0,12,0,37.68418811900557,24.245325829800652,10.0,0.0,0.0,0.0,0.4166666666666667,0.08333333333333333,0.0,0.6440189850994654,0.2199778806917808,True,2.0,0,0.6,,40.0
beak|H10.0|r10|c0.6|w40cup|v2|stop|t0.6|qcfg|gcfg,bead,10.0,0.18398119474747693,0.0,0.6,1.0,0.816018805252523,1135.8146323724752,33.779475835235644,beak,stop,12,0,12,0,0,0,12,0,12,0,12,0,0,12,0,0,0,12,0,0.0,0.0,10.0,0.0,1.0,1.0,1.0,0.0,125.31465322058452,1.0,0.816018805252523,True,2.0,0,0.6,,40.0
beak|H10.0|r10|c0.6|w40cup|v2|stop|t0.6|qcfg|gcfg,coin_1yen,10.0,0.18398119474747693,0.0,0.6,0.18398119474747693,0.0,28.043000754195152,3.8061342738981487,beak,stop,12,0,0,0,0,0,2,0,0,0,0,0,12,11,9,0,0,12,0,15.912943278628543,8.540524965616202,10.0,0.0,0.0,0.0,0.9166666666666666,0.75,0.0,0.9811839504836382,0.6988317205601311,True,2.0,0,0.6,,40.0
beak|H10.0|r10|c0.6|w40cup|v2|stop|t0.6|qcfg|gcfg,crumb_cube,10.0,0.18398119474747693,0.0,0.6,0.18398119474747693,0.0,24.66346381132716,7.069834022922543,beak,stop,12,0,0,0,0,0,0,12,0,0,0,0,12,12,12,0,0,0,0,129.56085466514827,121.7060435918974,10.0,0.0,0.0,0.0,1.0,1.0,0.0,1.0,0.816018805252523,True,2.0,0,0.6,,40.0
beak|H10.0|r5|c0.3|w30open|v10|adv|t0.6|qcfg|gcfg,battery_cr2032,10.0,0.18398119474747693,0.0,0.3,0.18398119474747693,0.0,195.6444902020353,35.59370079692417,beak,adv,12,0,0,0,0,4,12,0,1,1,0,0,7,10,0,0,0,12,0,43.01846956493397,29.436111642626752,5.0,0.0,0.0,0.08333333333333333,0.8333333333333334,0.0,0.21375049875109464,0.9432194472505557,0.6007930895844598,False,10.0,0,0.6,,30.0
beak|H10.0|r5|c0.3|w30open|v10|adv|t0.6|qcfg|gcfg,bead,10.0,0.18398119474747693,0.0,0.3,1.0,0.816018805252523,2686.983019192244,93.9056170791139,beak,adv,12,0,12,0,0,0,12,0,12,0,12,0,0,12,0,0,0,12,0,0.0,0.0,5.0,0.0,1.0,1.0,1.0,0.0,431.09471716821884,1.0,0.816018805252523,False,10.0,0,0.6,,30.0
beak|H10.0|r5|c0.3|w30open|v10|adv|t0.6|qcfg|gcfg,coin_1yen,10.0,0.18398119474747693,0.0,0.3,0.18398119474747693,0.0,20.950970599578188,7.232077081920514,beak,adv,12,0,0,0,0,0,7,0,0,0,0,0,12,12,5,0,0,12,0,51.32846879161432,28.91730370335849,5.0,0.0,0.0,0.0,1.0,0.4166666666666667,0.0,1.0,0.816018805252523,False,10.0,0,0.6,,30.0
beak|H10.0|r5|c0.3|w30open|v10|adv|t0.6|qcfg|gcfg,crumb_cube,10.0,0.18398119474747693,0.0,0.3,0.18398119474747693,0.0,19.920174303027817,7.06938804973482,beak,adv,12,0,0,0,0,0,0,12,0,0,0,0,12,12,12,0,0,0,0,129.59020060465377,121.85784661904124,5.0,0.0,0.0,0.0,1.0,1.0,0.0,1.0,0.816018805252523,False,10.0,0,0.6,,30.0
beak|H10.0|r5|c0.3|w30open|v10|stop|t0.6|qcfg|gcfg,battery_cr2032,10.0,0.18398119474747693,0.0,0.3,0.18398119474747693,0.0,205.5410253041805,34.66162918428603,beak,stop,12,0,0,0,0,4,11,0,0,0,0,0,8,8,0,0,0,12,0,36.766124069240966,19.430673259808543,5.0,0.0,0.0,0.0,0.6666666666666666,0.0,0.0,0.8405146550741593,0.4314916133433481,False,10.0,0,0.6,,30.0
beak|H10.0|r5|c0.3|w30open|v10|stop|t0.6|qcfg|gcfg,bead,10.0,0.18398119474747693,0.0,0.3,1.0,0.816018805252523,2995.2121206715747,109.05057830742267,beak,stop,12,0,12,0,0,0,12,0,12,0,12,0,0,12,0,0,0,12,0,0.0,0.0,5.0,0.0,1.0,1.0,1.0,0.0,530.9950100058427,1.0,0.816018805252523,False,10.0,0,0.6,,30.0
beak|H10.0|r5|c0.3|w30open|v10|stop|t0.6|qcfg|gcfg,coin_1yen,10.0,0.18398119474747693,0.0,0.3,0.18398119474747693,0.0,38.40849875993372,6.426713277939541,beak,stop,12,0,0,0,0,0,8,0,0,0,0,0,12,12,4,0,0,12,0,50.11258911295138,23.711843999029487,5.0,0.0,0.0,0.0,1.0,0.3333333333333333,0.0,1.0,0.816018805252523,False,10.0,0,0.6,,30.0
beak|H10.0|r5|c0.3|w30open|v10|stop|t0.6|qcfg|gcfg,crumb_cube,10.0,0.18398119474747693,0.0,0.3,0.18398119474747693,0.0,19.920174303027817,7.06938804973482,beak,stop,12,0,0,0,0,0,0,12,0,0,0,0,12,12,12,0,0,0,0,129.59020060465377,121.85784661904124,5.0,0.0,0.0,0.0,1.0,1.0,0.0,1.0,0.816018805252523,False,10.0,0,0.6,,30.0
beak|H10.0|r5|c0.3|w30open|v2|adv|t0.6|qcfg|gcfg,battery_cr2032,10.0,0.18398119474747693,0.0,0.3,0.18398119474747693,0.0,206.5065730050749,34.02668680840522,beak,adv,12,0,0,0,0,5,11,0,0,0,0,0,7,8,0,0,0,12,0,28.270071551227023,19.461417648097445,5.0,0.0,0.0,0.0,0.6666666666666666,0.0,0.0,0.8405146550741593,0.4314916133433481,False,2.0,0,0.6,,30.0
beak|H10.0|r5|c0.3|w30open|v2|adv|t0.6|qcfg|gcfg,bead,10.0,0.18398119474747693,0.0,0.3,1.0,0.816018805252523,2634.9383601792574,87.40809626407996,beak,adv,12,0,12,0,0,0,12,0,12,0,12,0,0,12,0,0,0,12,0,0.0,0.0,5.0,0.0,1.0,1.0,1.0,0.0,423.99614465128604,1.0,0.816018805252523,False,2.0,0,0.6,,30.0
beak|H10.0|r5|c0.3|w30open|v2|adv|t0.6|qcfg|gcfg,coin_1yen,10.0,0.18398119474747693,0.0,0.3,0.18398119474747693,0.0,29.47220114962653,8.530366563963637,beak,adv,12,0,0,0,0,0,6,0,0,0,0,0,12,12,6,0,0,12,0,46.970885443513424,19.290893128813533,5.0,0.0,0.0,0.0,1.0,0.5,0.0,1.0,0.816018805252523,False,2.0,0,0.6,,30.0
beak|H10.0|r5|c0.3|w30open|v2|adv|t0.6|qcfg|gcfg,crumb_cube,10.0,0.18398119474747693,0.0,0.3,0.18398119474747693,0.0,19.331868309112384,7.069654199015096,beak,adv,12,0,0,0,0,0,0,12,0,0,0,0,12,12,12,0,0,0,0,133.529736045323,121.26472596621612,5.0,0.0,0.0,0.0,1.0,1.0,0.0,1.0,0.816018805252523,False,2.0,0,0.6,,30.0
beak|H10.0|r5|c0.3|w30open|v2|stop|t0.6|qcfg|gcfg,battery_cr2032,10.0,0.18398119474747693,0.0,0.3,0.18398119474747693,0.0,210.05368941724495,44.92722825881771,beak,stop,12,0,0,0,0,4,11,0,1,0,1,0,7,6,0,0,0,12,0,29.61847074213505,20.066163262627555,5.0,0.0,0.0,0.08333333333333333,0.5,0.0,67.44959772666779,0.7144651456224747,0.2855348543775254,False,2.0,0,0.6,,30.0
beak|H10.0|r5|c0.3|w30open|v2|stop|t0.6|qcfg|gcfg,bead,10.0,0.18398119474747693,0.0,0.3,1.0,0.816018805252523,2644.2632555207674,89.92801070416373,beak,stop,12,0,12,0,0,0,12,0,12,0,12,0,0,12,0,0,0,12,0,0.0,0.0,5.0,0.0,1.0,1.0,1.0,0.0,411.04653891488937,1.0,0.816018805252523,False,2.0,0,0.6,,30.0
beak|H10.0|r5|c0.3|w30open|v2|stop|t0.6|qcfg|gcfg,coin_1yen,10.0,0.18398119474747693,0.0,0.3,0.18398119474747693,0.0,37.33591336773022,6.466031145344159,beak,stop,12,0,0,0,0,0,6,0,0,0,0,0,12,12,6,0,0,12,0,50.15829005150491,22.610633114073792,5.0,0.0,0.0,0.0,1.0,0.5,0.0,1.0,0.816018805252523,False,2.0,0,0.6,,30.0
beak|H10.0|r5|c0.3|w30open|v2|stop|t0.6|qcfg|gcfg,crumb_cube,10.0,0.18398119474747693,0.0,0.3,0.18398119474747693,0.0,19.331868309112384,7.069654199015096,beak,stop,12,0,0,0,0,0,0,12,0,0,0,0,12,12,12,0,0,0,0,133.529736045323,121.26472596621612,5.0,0.0,0.0,0.0,1.0,1.0,0.0,1.0,0.816018805252523,False,2.0,0,0.6,,30.0
beak|H10.0|r5|c0.3|w40cup|v10|adv|t0.6|qcfg|gcfg,battery_cr2032,10.0,0.18398119474747693,0.0,0.3,0.18398119474747693,0.0,18.336621448737123,6.075758384034812,beak,adv,12,0,0,0,0,0,11,0,0,0,0,0,12,3,0,0,0,12,0,33.52285501459439,23.693375069327388,5.0,0.0,0.0,0.0,0.25,0.0,0.0,0.4873380318032493,0.10465256557048919,True,10.0,0,0.6,,40.0
beak|H10.0|r5|c0.3|w40cup|v10|adv|t0.6|qcfg|gcfg,bead,10.0,0.18398119474747693,0.0,0.3,1.0,0.816018805252523,2686.983019192244,93.9056170791139,beak,adv,12,0,12,0,0,0,12,0,12,0,12,0,0,12,0,0,0,12,0,0.0,0.0,5.0,0.0,1.0,1.0,1.0,0.0,431.09471716821884,1.0,0.816018805252523,True,10.0,0,0.6,,40.0
beak|H10.0|r5|c0.3|w40cup|v10|adv|t0.6|qcfg|gcfg,coin_1yen,10.0,0.18398119474747693,0.0,0.3,0.18398119474747693,0.0,14.286974166922702,5.810827794028911,beak,adv,12,0,0,0,0,0,3,0,0,0,0,0,12,12,9,0,0,12,0,22.830702920135213,22.173709820963566,5.0,0.0,0.0,0.0,1.0,0.75,0.0,1.0,0.816018805252523,True,10.0,0,0.6,,40.0
beak|H10.0|r5|c0.3|w40cup|v10|adv|t0.6|qcfg|gcfg,crumb_cube,10.0,0.18398119474747693,0.0,0.3,0.18398119474747693,0.0,18.71070217253043,7.069355041413507,beak,adv,12,0,0,0,0,0,0,12,0,0,0,0,12,12,12,0,0,0,0,129.56429454049027,120.64677164410314,5.0,0.0,0.0,0.0,1.0,1.0,0.0,1.0,0.816018805252523,True,10.0,0,0.6,,40.0
beak|H10.0|r5|c0.3|w40cup|v10|stop|t0.6|qcfg|gcfg,battery_cr2032,10.0,0.18398119474747693,0.0,0.3,0.18398119474747693,0.0,39.21378222945735,4.092879414907499,beak,stop,12,0,0,0,0,0,12,0,0,0,0,0,12,5,0,0,0,12,0,34.8360602411234,24.228296735056876,5.0,0.0,0.0,0.0,0.4166666666666667,0.0,0.0,0.6440189850994654,0.2199778806917808,True,10.0,0,0.6,,40.0
beak|H10.0|r5|c0.3|w40cup|v10|stop|t0.6|qcfg|gcfg,bead,10.0,0.18398119474747693,0.0,0.3,1.0,0.816018805252523,2995.2121206715747,109.05057830742267,beak,stop,12,0,12,0,0,0,12,0,12,0,12,0,0,12,0,0,0,12,0,0.0,0.0,5.0,0.0,1.0,1.0,1.0,0.0,530.9950100058427,1.0,0.816018805252523,True,10.0,0,0.6,,40.0
beak|H10.0|r5|c0.3|w40cup|v10|stop|t0.6|qcfg|gcfg,coin_1yen,10.0,0.18398119474747693,0.0,0.3,0.18398119474747693,0.0,24.206625677520492,3.692202149678591,beak,stop,12,0,0,0,0,0,1,0,0,0,0,0,12,11,10,0,0,12,0,13.511772034406608,9.605265357364937,5.0,0.0,0.0,0.0,0.9166666666666666,0.8333333333333334,0.0,0.9811839504836382,0.6988317205601311,True,10.0,0,0.6,,40.0
beak|H10.0|r5|c0.3|w40cup|v10|stop|t0.6|qcfg|gcfg,crumb_cube,10.0,0.18398119474747693,0.0,0.3,0.18398119474747693,0.0,18.71070217253043,7.069355041413507,beak,stop,12,0,0,0,0,0,0,12,0,0,0,0,12,12,12,0,0,0,0,129.56429454049027,120.64677164410314,5.0,0.0,0.0,0.0,1.0,1.0,0.0,1.0,0.816018805252523,True,10.0,0,0.6,,40.0
beak|H10.0|r5|c0.3|w40cup|v2|adv|t0.6|qcfg|gcfg,battery_cr2032,10.0,0.18398119474747693,0.0,0.3,0.18398119474747693,0.0,30.842277661577835,4.0181374525671165,beak,adv,12,0,0,0,0,0,10,0,0,0,0,0,12,6,2,0,0,12,0,28.436767599694775,19.810566857314452,5.0,0.0,0.0,0.0,0.5,0.16666666666666666,0.0,0.7144651456224747,0.2855348543775254,True,2.0,0,0.6,,40.0
beak|H10.0|r5|c0.3|w40cup|v2|adv|t0.6|qcfg|gcfg,bead,10.0,0.18398119474747693,0.0,0.3,1.0,0.816018805252523,2634.9383601792574,87.40809626407996,beak,adv,12,0,12,0,0,0,12,0,12,0,12,0,0,12,0,0,0,12,0,0.0,0.0,5.0,0.0,1.0,1.0,1.0,0.0,423.99614465128604,1.0,0.816018805252523,True,2.0,0,0.6,,40.0
beak|H10.0|r5|c0.3|w40cup|v2|adv|t0.6|qcfg|gcfg,coin_1yen,10.0,0.18398119474747693,0.0,0.3,0.18398119474747693,0.0,20.591818440673944,4.565219019760609,beak,adv,12,0,0,0,0,0,1,0,0,0,0,0,12,12,11,0,0,12,0,17.49772855413141,10.4819013759337,5.0,0.0,0.0,0.0,1.0,0.9166666666666666,0.0,1.0,0.816018805252523,True,2.0,0,0.6,,40.0
beak|H10.0|r5|c0.3|w40cup|v2|adv|t0.6|qcfg|gcfg,crumb_cube,10.0,0.18398119474747693,0.0,0.3,0.18398119474747693,0.0,19.899697787181815,7.069814459351655,beak,adv,12,0,0,0,0,0,0,12,0,0,0,0,12,12,12,0,0,0,0,129.56231475568202,121.83284673244577,5.0,0.0,0.0,0.0,1.0,1.0,0.0,1.0,0.816018805252523,True,2.0,0,0.6,,40.0
beak|H10.0|r5|c0.3|w40cup|v2|stop|t0.6|qcfg|gcfg,battery_cr2032,10.0,0.18398119474747693,0.0,0.3,0.18398119474747693,0.0,36.43139946014425,6.056699992957851,beak,stop,12,0,0,0,0,0,11,0,0,0,0,0,12,4,0,0,0,12,0,29.74650978028034,20.97750983691466,5.0,0.0,0.0,0.0,0.3333333333333333,0.0,0.0,0.5685083866566518,0.1594853449258405,True,2.0,0,0.6,,40.0
beak|H10.0|r5|c0.3|w40cup|v2|stop|t0.6|qcfg|gcfg,bead,10.0,0.18398119474747693,0.0,0.3,1.0,0.816018805252523,2644.2632555207674,89.92801070416373,beak,stop,12,0,12,0,0,0,12,0,12,0,12,0,0,12,0,0,0,12,0,0.0,0.0,5.0,0.0,1.0,1.0,1.0,0.0,411.04653891488937,1.0,0.816018805252523,True,2.0,0,0.6,,40.0
beak|H10.0|r5|c0.3|w40cup|v2|stop|t0.6|qcfg|gcfg,coin_1yen,10.0,0.18398119474747693,0.0,0.3,0.18398119474747693,0.0,23.140897866058083,2.9003108837815104,beak,stop,12,0,0,0,0,0,1,0,0,0,0,0,12,11,10,0,0,12,0,10.582456281396563,8.51877477258892,5.0,0.0,0.0,0.0,0.9166666666666666,0.8333333333333334,0.0,0.9811839504836382,0.6988317205601311,True,2.0,0,0.6,,40.0
beak|H10.0|r5|c0.3|w40cup|v2|stop|t0.6|qcfg|gcfg,crumb_cube,10.0,0.18398119474747693,0.0,0.3,0.18398119474747693,0.0,19.899697787181815,7.069814459351655,beak,stop,12,0,0,0,0,0,0,12,0,0,0,0,12,12,12,0,0,0,0,129.56231475568202,121.83284673244577,5.0,0.0,0.0,0.0,1.0,1.0,0.0,1.0,0.816018805252523,True,2.0,0,0.6,,40.0
beak|H10.0|r5|c0.6|w30open|v10|adv|t0.6|qcfg|gcfg,battery_cr2032,10.0,0.18398119474747693,0.0,0.6,0.18398119474747693,0.0,128.62230915041812,53.14860048701658,beak,adv,12,0,0,0,0,4,12,0,1,0,0,0,8,9,0,0,0,12,0,42.4839480734111,34.27143011141932,5.0,0.0,0.0,0.08333333333333333,0.75,0.0,2.4417500923738027,0.8953474344295108,0.5126619681967507,False,10.0,0,0.6,,30.0
beak|H10.0|r5|c0.6|w30open|v10|adv|t0.6|qcfg|gcfg,bead,10.0,0.18398119474747693,0.0,0.6,1.0,0.816018805252523,800.1621501138094,32.63948399755506,beak,adv,12,0,12,0,0,0,12,0,12,0,12,0,0,12,0,0,0,12,0,0.0,0.0,5.0,0.0,1.0,1.0,1.0,0.0,96.61812330989798,1.0,0.816018805252523,False,10.0,0,0.6,,30.0
beak|H10.0|r5|c0.6|w30open|v10|adv|t0.6|qcfg|gcfg,coin_1yen,10.0,0.18398119474747693,0.0,0.6,0.18398119474747693,0.0,25.774286514182553,12.505892596971535,beak,adv,12,0,0,0,0,2,8,0,0,0,0,0,10,12,4,0,0,12,0,57.441528836338776,30.35747031498269,5.0,0.0,0.0,0.0,1.0,0.3333333333333333,0.0,1.0,0.816018805252523,False,10.0,0,0.6,,30.0
beak|H10.0|r5|c0.6|w30open|v10|adv|t0.6|qcfg|gcfg,crumb_cube,10.0,0.18398119474747693,0.0,0.6,0.18398119474747693,0.0,19.920174303027817,7.06938804973482,beak,adv,12,0,0,0,0,0,0,12,0,0,0,0,12,12,12,0,0,0,0,129.59020060465377,121.85784661904124,5.0,0.0,0.0,0.0,1.0,1.0,0.0,1.0,0.816018805252523,False,10.0,0,0.6,,30.0
beak|H10.0|r5|c0.6|w30open|v10|stop|t0.6|qcfg|gcfg,battery_cr2032,10.0,0.18398119474747693,0.0,0.6,0.18398119474747693,0.0,121.29676167388736,40.460030956760775,beak,stop,12,0,0,0,0,4,12,0,0,0,0,0,8,8,0,0,0,12,0,47.131707792155915,29.37490218643835,5.0,0.0,0.0,0.0,0.6666666666666666,0.0,0.0,0.8405146550741593,0.4314916133433481,False,10.0,0,0.6,,30.0
beak|H10.0|r5|c0.6|w30open|v10|stop|t0.6|qcfg|gcfg,bead,10.0,0.18398119474747693,0.0,0.6,1.0,0.816018805252523,1139.772554682219,39.38045209697158,beak,stop,12,0,12,0,0,0,12,0,12,0,12,0,0,12,0,0,0,12,0,0.0,0.0,5.0,0.0,1.0,1.0,1.0,0.0,130.4464510637607,1.0,0.816018805252523,False,10.0,0,0.6,,30.0
beak|H10.0|r5|c0.6|w30open|v10|stop|t0.6|qcfg|gcfg,coin_1yen,10.0,0.18398119474747693,0.0,0.6,0.18398119474747693,0.0,32.458506107700984,7.773239493467997,beak,stop,12,0,0,0,0,0,4,0,0,0,0,0,12,11,7,0,0,12,0,45.88290999505585,17.76484827844923,5.0,0.0,0.0,0.0,0.9166666666666666,0.5833333333333334,0.0,0.9811839504836382,0.6988317205601311,False,10.0,0,0.6,,30.0
beak|H10.0|r5|c0.6|w30open|v10|stop|t0.6|qcfg|gcfg,crumb_cube,10.0,0.18398119474747693,0.0,0.6,0.18398119474747693,0.0,19.920174303027817,7.06938804973482,beak,stop,12,0,0,0,0,0,0,12,0,0,0,0,12,12,12,0,0,0,0,129.59020060465377,121.85784661904124,5.0,0.0,0.0,0.0,1.0,1.0,0.0,1.0,0.816018805252523,False,10.0,0,0.6,,30.0
beak|H10.0|r5|c0.6|w30open|v2|adv|t0.6|qcfg|gcfg,battery_cr2032,10.0,0.18398119474747693,0.0,0.6,0.18398119474747693,0.0,158.2013522922868,48.59037339741019,beak,adv,12,0,0,0,0,4,10,0,0,0,0,0,8,8,1,0,0,12,0,51.56644413688043,14.202859952973554,5.0,0.0,0.0,0.0,0.6666666666666666,0.08333333333333333,0.0,0.8405146550741593,0.4314916133433481,False,2.0,0,0.6,,30.0
beak|H10.0|r5|c0.6|w30open|v2|adv|t0.6|qcfg|gcfg,bead,10.0,0.18398119474747693,0.0,0.6,1.0,0.816018805252523,777.14065849086,30.35860436649399,beak,adv,12,0,12,0,0,0,12,0,12,0,12,0,0,12,0,0,0,12,0,0.0,0.0,5.0,0.0,1.0,1.0,1.0,0.0,85.3374767102618,1.0,0.816018805252523,False,2.0,0,0.6,,30.0
beak|H10.0|r5|c0.6|w30open|v2|adv|t0.6|qcfg|gcfg,coin_1yen,10.0,0.18398119474747693,0.0,0.6,0.18398119474747693,0.0,35.59627438303273,11.21809761174977,beak,adv,12,0,0,0,0,3,4,0,0,0,0,0,9,11,7,0,0,12,0,34.862525023808615,10.72209484217198,5.0,0.0,0.0,0.0,0.9166666666666666,0.5833333333333334,0.0,0.9811839504836382,0.6988317205601311,False,2.0,0,0.6,,30.0
beak|H10.0|r5|c0.6|w30open|v2|adv|t0.6|qcfg|gcfg,crumb_cube,10.0,0.18398119474747693,0.0,0.6,0.18398119474747693,0.0,19.331868309112384,7.069654199015096,beak,adv,12,0,0,0,0,0,0,12,0,0,0,0,12,12,12,0,0,0,0,133.529736045323,121.26472596621612,5.0,0.0,0.0,0.0,1.0,1.0,0.0,1.0,0.816018805252523,False,2.0,0,0.6,,30.0
beak|H10.0|r5|c0.6|w30open|v2|stop|t0.6|qcfg|gcfg,battery_cr2032,10.0,0.18398119474747693,0.0,0.6,0.18398119474747693,0.0,195.93230072078666,40.460158234215065,beak,stop,12,0,0,0,0,4,12,0,0,0,0,0,8,8,0,0,0,12,0,45.64162129372898,29.625872922117964,5.0,0.0,0.0,0.0,0.6666666666666666,0.0,0.0,0.8405146550741593,0.4314916133433481,False,2.0,0,0.6,,30.0
beak|H10.0|r5|c0.6|w30open|v2|stop|t0.6|qcfg|gcfg,bead,10.0,0.18398119474747693,0.0,0.6,1.0,0.816018805252523,893.1836337413833,31.664890180709392,beak,stop,12,0,12,0,0,0,12,0,12,0,12,0,0,12,0,0,0,12,0,0.0,0.0,5.0,0.0,1.0,1.0,1.0,0.0,92.0534609543844,1.0,0.816018805252523,False,2.0,0,0.6,,30.0
beak|H10.0|r5|c0.6|w30open|v2|stop|t0.6|qcfg|gcfg,coin_1yen,10.0,0.18398119474747693,0.0,0.6,0.18398119474747693,0.0,33.22922517048426,7.7732387466844575,beak,stop,12,0,0,0,0,0,4,0,0,0,0,0,12,11,7,0,0,12,0,45.86045486817882,18.512042021278578,5.0,0.0,0.0,0.0,0.9166666666666666,0.5833333333333334,0.0,0.9811839504836382,0.6988317205601311,False,2.0,0,0.6,,30.0
beak|H10.0|r5|c0.6|w30open|v2|stop|t0.6|qcfg|gcfg,crumb_cube,10.0,0.18398119474747693,0.0,0.6,0.18398119474747693,0.0,19.331868309112384,7.069654199015096,beak,stop,12,0,0,0,0,0,0,12,0,0,0,0,12,12,12,0,0,0,0,133.529736045323,121.26472596621612,5.0,0.0,0.0,0.0,1.0,1.0,0.0,1.0,0.816018805252523,False,2.0,0,0.6,,30.0
beak|H10.0|r5|c0.6|w40cup|v10|adv|t0.6|qcfg|gcfg,battery_cr2032,10.0,0.18398119474747693,0.0,0.6,0.18398119474747693,0.0,23.694215246858118,5.334222045563686,beak,adv,12,0,0,0,0,0,11,0,0,0,0,0,12,6,1,0,0,12,0,44.362077129282646,32.42219008577056,5.0,0.0,0.0,0.0,0.5,0.08333333333333333,0.0,0.7144651456224747,0.2855348543775254,True,10.0,0,0.6,,40.0
beak|H10.0|r5|c0.6|w40cup|v10|adv|t0.6|qcfg|gcfg,bead,10.0,0.18398119474747693,0.0,0.6,1.0,0.816018805252523,800.1621501138094,32.63948399755506,beak,adv,12,0,12,0,0,0,12,0,12,0,12,0,0,12,0,0,0,12,0,0.0,0.0,5.0,0.0,1.0,1.0,1.0,0.0,96.61812330989798,1.0,0.816018805252523,True,10.0,0,0.6,,40.0
beak|H10.0|r5|c0.6|w40cup|v10|adv|t0.6|qcfg|gcfg,coin_1yen,10.0,0.18398119474747693,0.0,0.6,0.18398119474747693,0.0,13.608132950431328,5.258970071843601,beak,adv,12,0,0,0,0,0,1,0,0,0,0,0,12,10,9,0,0,12,0,25.740236416766244,24.36217300412802,5.0,0.0,0.0,0.0,0.8333333333333334,0.75,0.0,0.9432194472505557,0.6007930895844598,True,10.0,0,0.6,,40.0
beak|H10.0|r5|c0.6|w40cup|v10|adv|t0.6|qcfg|gcfg,crumb_cube,10.0,0.18398119474747693,0.0,0.6,0.18398119474747693,0.0,18.71070217253043,7.069355041413507,beak,adv,12,0,0,0,0,0,0,12,0,0,0,0,12,12,12,0,0,0,0,129.56429454049027,120.64677164410314,5.0,0.0,0.0,0.0,1.0,1.0,0.0,1.0,0.816018805252523,True,10.0,0,0.6,,40.0
beak|H10.0|r5|c0.6|w40cup|v10|stop|t0.6|qcfg|gcfg,battery_cr2032,10.0,0.18398119474747693,0.0,0.6,0.18398119474747693,0.0,42.58577042651949,6.436357883156453,beak,stop,12,0,0,0,0,0,12,0,0,0,0,0,12,9,0,0,0,12,0,49.511073390217746,26.806642374722696,5.0,0.0,0.0,0.0,0.75,0.0,0.0,0.8953474344295108,0.5126619681967507,True,10.0,0,0.6,,40.0
beak|H10.0|r5|c0.6|w40cup|v10|stop|t0.6|qcfg|gcfg,bead,10.0,0.18398119474747693,0.0,0.6,1.0,0.816018805252523,1139.772554682219,39.38045209697158,beak,stop,12,0,12,0,0,0,12,0,12,0,12,0,0,12,0,0,0,12,0,0.0,0.0,5.0,0.0,1.0,1.0,1.0,0.0,130.4464510637607,1.0,0.816018805252523,True,10.0,0,0.6,,40.0
beak|H10.0|r5|c0.6|w40cup|v10|stop|t0.6|qcfg|gcfg,coin_1yen,10.0,0.18398119474747693,0.0,0.6,0.18398119474747693,0.0,22.880134389278055,3.452518633217921,beak,stop,12,0,0,0,0,0,1,0,0,0,0,0,12,12,11,0,0,12,0,17.952230617951052,8.289224445233526,5.0,0.0,0.0,0.0,1.0,0.9166666666666666,0.0,1.0,0.816018805252523,True,10.0,0,0.6,,40.0
beak|H10.0|r5|c0.6|w40cup|v10|stop|t0.6|qcfg|gcfg,crumb_cube,10.0,0.18398119474747693,0.0,0.6,0.18398119474747693,0.0,18.71070217253043,7.069355041413507,beak,stop,12,0,0,0,0,0,0,12,0,0,0,0,12,12,12,0,0,0,0,129.56429454049027,120.64677164410314,5.0,0.0,0.0,0.0,1.0,1.0,0.0,1.0,0.816018805252523,True,10.0,0,0.6,,40.0
beak|H10.0|r5|c0.6|w40cup|v2|adv|t0.6|qcfg|gcfg,battery_cr2032,10.0,0.18398119474747693,0.0,0.6,0.18398119474747693,0.0,39.354939352108445,6.140250320351809,beak,adv,12,0,0,0,0,0,11,0,0,0,0,0,12,7,1,0,0,12,0,43.54052776728822,28.65665415920734,5.0,0.0,0.0,0.0,0.5833333333333334,0.08333333333333333,0.0,0.7800221193082193,0.3559810149005347,True,2.0,0,0.6,,40.0
beak|H10.0|r5|c0.6|w40cup|v2|adv|t0.6|qcfg|gcfg,bead,10.0,0.18398119474747693,0.0,0.6,1.0,0.816018805252523,777.14065849086,30.35860436649399,beak,adv,12,0,12,0,0,0,12,0,12,0,12,0,0,12,0,0,0,12,0,0.0,0.0,5.0,0.0,1.0,1.0,1.0,0.0,85.3374767102618,1.0,0.816018805252523,True,2.0,0,0.6,,40.0
beak|H10.0|r5|c0.6|w40cup|v2|adv|t0.6|qcfg|gcfg,coin_1yen,10.0,0.18398119474747693,0.0,0.6,0.18398119474747693,0.0,17.9293418655825,3.8910105999760374,beak,adv,12,0,0,0,0,0,1,0,0,0,0,0,12,10,9,0,0,12,0,16.021474679679798,8.384973228121211,5.0,0.0,0.0,0.0,0.8333333333333334,0.75,0.0,0.9432194472505557,0.6007930895844598,True,2.0,0,0.6,,40.0
beak|H10.0|r5|c0.6|w40cup|v2|adv|t0.6|qcfg|gcfg,crumb_cube,10.0,0.18398119474747693,0.0,0.6,0.18398119474747693,0.0,19.899697787181815,7.069814459351655,beak,adv,12,0,0,0,0,0,0,12,0,0,0,0,12,12,12,0,0,0,0,129.56231475568202,121.83284673244577,5.0,0.0,0.0,0.0,1.0,1.0,0.0,1.0,0.816018805252523,True,2.0,0,0.6,,40.0
beak|H10.0|r5|c0.6|w40cup|v2|stop|t0.6|qcfg|gcfg,battery_cr2032,10.0,0.18398119474747693,0.0,0.6,0.18398119474747693,0.0,41.11128228160219,9.360114511118285,beak,stop,12,0,0,0,0,1,11,0,0,0,0,0,11,3,0,0,0,12,0,40.08549590566831,21.018513014199,5.0,0.0,0.0,0.0,0.25,0.0,0.0,0.4873380318032493,0.10465256557048919,True,2.0,0,0.6,,40.0
beak|H10.0|r5|c0.6|w40cup|v2|stop|t0.6|qcfg|gcfg,bead,10.0,0.18398119474747693,0.0,0.6,1.0,0.816018805252523,893.1836337413833,31.664890180709392,beak,stop,12,0,12,0,0,0,12,0,12,0,12,0,0,12,0,0,0,12,0,0.0,0.0,5.0,0.0,1.0,1.0,1.0,0.0,92.0534609543844,1.0,0.816018805252523,True,2.0,0,0.6,,40.0
beak|H10.0|r5|c0.6|w40cup|v2|stop|t0.6|qcfg|gcfg,coin_1yen,10.0,0.18398119474747693,0.0,0.6,0.18398119474747693,0.0,22.79005825871408,4.045240767744534,beak,stop,12,0,0,0,0,0,1,0,0,0,0,0,12,12,11,0,0,12,0,11.58538849866552,8.181847780067782,5.0,0.0,0.0,0.0,1.0,0.9166666666666666,0.0,1.0,0.816018805252523,True,2.0,0,0.6,,40.0
beak|H10.0|r5|c0.6|w40cup|v2|stop|t0.6|qcfg|gcfg,crumb_cube,10.0,0.18398119474747693,0.0,0.6,0.18398119474747693,0.0,19.899697787181815,7.069814459351655,beak,stop,12,0,0,0,0,0,0,12,0,0,0,0,12,12,12,0,0,0,0,129.56231475568202,121.83284673244577,5.0,0.0,0.0,0.0,1.0,1.0,0.0,1.0,0.816018805252523,True,2.0,0,0.6,,40.0
beak|H10.0|r8|c0.3|w30open|v10|adv|t0.6|qcfg|gcfg,battery_cr2032,10.0,0.18398119474747693,0.0,0.3,0.18398119474747693,0.0,197.16670308772498,33.03112912339027,beak,adv,12,0,0,0,0,4,10,0,0,0,0,0,8,7,1,0,0,12,0,28.902139380412326,22.532123251928283,8.0,0.0,0.0,0.0,0.5833333333333334,0.08333333333333333,0.0,0.7800221193082193,0.3559810149005347,False,10.0,0,0.6,,30.0
beak|H10.0|r8|c0.3|w30open|v10|adv|t0.6|qcfg|gcfg,bead,10.0,0.18398119474747693,0.0,0.3,1.0,0.816018805252523,3223.0338308963096,88.5949242508215,beak,adv,12,0,12,0,0,0,12,0,12,0,12,0,0,12,0,0,0,12,0,0.0,0.0,8.0,0.0,1.0,1.0,1.0,0.0,527.1905816730201,1.0,0.816018805252523,False,10.0,0,0.6,,30.0
beak|H10.0|r8|c0.3|w30open|v10|adv|t0.6|qcfg|gcfg,coin_1yen,10.0,0.18398119474747693,0.0,0.3,0.18398119474747693,0.0,23.36567223823607,5.9146283041604475,beak,adv,12,0,0,0,0,0,7,0,0,0,0,0,12,12,5,0,0,12,0,49.84358913038208,28.398886098868502,8.0,0.0,0.0,0.0,1.0,0.4166666666666667,0.0,1.0,0.816018805252523,False,10.0,0,0.6,,30.0
beak|H10.0|r8|c0.3|w30open|v10|adv|t0.6|qcfg|gcfg,crumb_cube,10.0,0.18398119474747693,0.0,0.3,0.18398119474747693,0.0,22.854617104905884,7.069388049498493,beak,adv,12,0,0,0,0,0,0,12,0,0,0,0,12,12,12,0,0,0,0,129.5902006010902,121.85784661879275,8.0,0.0,0.0,0.0,1.0,1.0,0.0,1.0,0.816018805252523,False,10.0,0,0.6,,30.0
beak|H10.0|r8|c0.3|w30open|v10|stop|t0.6|qcfg|gcfg,battery_cr2032,10.0,0.18398119474747693,0.0,0.3,0.18398119474747693,0.0,214.50246690477778,34.67042964141814,beak,stop,12,0,0,0,0,4,12,0,0,0,0,0,8,9,0,0,0,12,0,37.569216435055594,21.30928154157845,8.0,0.0,0.0,0.0,0.75,0.0,0.0,0.8953474344295108,0.5126619681967507,False,10.0,0,0.6,,30.0
beak|H10.0|r8|c0.3|w30open|v10|stop|t0.6|qcfg|gcfg,bead,10.0,0.18398119474747693,0.0,0.3,1.0,0.816018805252523,3518.669263361048,99.1829968494892,beak,stop,12,0,12,0,0,0,12,0,12,0,12,0,0,12,0,0,0,12,0,0.0,0.0,8.0,0.0,1.0,1.0,1.0,0.0,639.624487909598,1.0,0.816018805252523,False,10.0,0,0.6,,30.0
beak|H10.0|r8|c0.3|w30open|v10|stop|t0.6|qcfg|gcfg,coin_1yen,10.0,0.18398119474747693,0.0,0.3,0.18398119474747693,0.0,38.706474933104154,7.2827907109042025,beak,stop,12,0,0,0,0,0,6,0,0,0,0,0,12,11,5,0,0,12,0,50.11477391316773,21.074765120058622,8.0,0.0,0.0,0.0,0.9166666666666666,0.4166666666666667,0.0,0.9811839504836382,0.6988317205601311,False,10.0,0,0.6,,30.0
beak|H10.0|r8|c0.3|w30open|v10|stop|t0.6|qcfg|gcfg,crumb_cube,10.0,0.18398119474747693,0.0,0.3,0.18398119474747693,0.0,22.854617104905884,7.069388049498493,beak,stop,12,0,0,0,0,0,0,12,0,0,0,0,12,12,12,0,0,0,0,129.5902006010902,121.85784661879275,8.0,0.0,0.0,0.0,1.0,1.0,0.0,1.0,0.816018805252523,False,10.0,0,0.6,,30.0
beak|H10.0|r8|c0.3|w30open|v2|adv|t0.6|qcfg|gcfg,battery_cr2032,10.0,0.18398119474747693,0.0,0.3,0.18398119474747693,0.0,215.71093952971782,33.67019924688057,beak,adv,12,0,0,0,0,5,12,0,0,0,0,0,7,9,0,0,0,12,0,36.6608720827721,22.994844669721292,8.0,0.0,0.0,0.0,0.75,0.0,0.0,0.8953474344295108,0.5126619681967507,False,2.0,0,0.6,,30.0
beak|H10.0|r8|c0.3|w30open|v2|adv|t0.6|qcfg|gcfg,bead,10.0,0.18398119474747693,0.0,0.3,1.0,0.816018805252523,3160.1131571286096,81.62568388171425,beak,adv,12,0,12,0,0,0,12,0,12,0,12,0,0,12,0,0,0,12,0,0.0,0.0,8.0,0.0,1.0,1.0,1.0,0.0,464.1809003050934,1.0,0.816018805252523,False,2.0,0,0.6,,30.0
beak|H10.0|r8|c0.3|w30open|v2|adv|t0.6|qcfg|gcfg,coin_1yen,10.0,0.18398119474747693,0.0,0.3,0.18398119474747693,0.0,34.56022726799486,5.11776511107844,beak,adv,12,0,0,0,0,0,5,0,0,0,0,0,12,12,7,0,0,12,0,51.542282403783375,21.44002660006269,8.0,0.0,0.0,0.0,1.0,0.5833333333333334,0.0,1.0,0.816018805252523,False,2.0,0,0.6,,30.0
beak|H10.0|r8|c0.3|w30open|v2|adv|t0.6|qcfg|gcfg,crumb_cube,10.0,0.18398119474747693,0.0,0.3,0.18398119474747693,0.0,22.34337819279176,7.069806538449273,beak,adv,12,0,0,0,0,0,0,12,0,0,0,0,12,12,12,0,0,0,0,134.1211446911335,121.34221510217684,8.0,0.0,0.0,0.0,1.0,1.0,0.0,1.0,0.816018805252523,False,2.0,0,0.6,,30.0
beak|H10.0|r8|c0.3|w30open|v2|stop|t0.6|qcfg|gcfg,battery_cr2032,10.0,0.18398119474747693,0.0,0.3,0.18398119474747693,0.0,210.41515478357732,34.67186766346323,beak,stop,12,0,0,0,0,4,12,0,0,0,0,0,8,8,0,0,0,12,0,33.028037653519824,18.37672601240963,8.0,0.0,0.0,0.0,0.6666666666666666,0.0,0.0,0.8405146550741593,0.4314916133433481,False,2.0,0,0.6,,30.0
beak|H10.0|r8|c0.3|w30open|v2|stop|t0.6|qcfg|gcfg,bead,10.0,0.18398119474747693,0.0,0.3,1.0,0.816018805252523,3160.063140459628,86.83071752076222,beak,stop,12,0,12,0,0,0,12,0,12,0,12,0,0,12,0,0,0,12,0,0.0,0.0,8.0,0.0,1.0,1.0,1.0,0.0,468.1880078511925,1.0,0.816018805252523,False,2.0,0,0.6,,30.0
beak|H10.0|r8|c0.3|w30open|v2|stop|t0.6|qcfg|gcfg,coin_1yen,10.0,0.18398119474747693,0.0,0.3,0.18398119474747693,0.0,38.007786015087014,6.460462372474229,beak,stop,12,0,0,0,0,0,4,0,0,0,0,0,12,11,7,0,0,12,0,50.15788972081892,20.35946737350481,8.0,0.0,0.0,0.0,0.9166666666666666,0.5833333333333334,0.0,0.9811839504836382,0.6988317205601311,False,2.0,0,0.6,,30.0
beak|H10.0|r8|c0.3|w30open|v2|stop|t0.6|qcfg|gcfg,crumb_cube,10.0,0.18398119474747693,0.0,0.3,0.18398119474747693,0.0,22.34337819279176,7.069806538449273,beak,stop,12,0,0,0,0,0,0,12,0,0,0,0,12,12,12,0,0,0,0,134.1211446911335,121.34221510217684,8.0,0.0,0.0,0.0,1.0,1.0,0.0,1.0,0.816018805252523,False,2.0,0,0.6,,30.0
beak|H10.0|r8|c0.3|w40cup|v10|adv|t0.6|qcfg|gcfg,battery_cr2032,10.0,0.30116827943986896,0.018816049516361844,0.3,0.30116827943986896,0.018816049516361844,18.655587605711517,34.23526479567928,beak,adv,12,0,1,0,1,0,11,0,3,2,0,0,9,8,0,1,0,12,0,41.10854578302969,28.332616348785756,8.0,0.08333333333333333,0.08333333333333333,0.25,0.6666666666666666,0.0,27.76786579105964,0.8405146550741593,0.4314916133433481,True,10.0,1,0.6,,40.0
beak|H10.0|r8|c0.3|w40cup|v10|adv|t0.6|qcfg|gcfg,bead,10.0,0.18398119474747693,0.0,0.3,1.0,0.816018805252523,3223.0338308963096,88.5949242508215,beak,adv,12,0,12,0,0,0,12,0,12,0,12,0,0,12,0,0,0,12,0,0.0,0.0,8.0,0.0,1.0,1.0,1.0,0.0,527.1905816730201,1.0,0.816018805252523,True,10.0,0,0.6,,40.0
beak|H10.0|r8|c0.3|w40cup|v10|adv|t0.6|qcfg|gcfg,coin_1yen,10.0,0.18398119474747693,0.0,0.3,0.18398119474747693,0.0,17.453054833078514,5.814223938626045,beak,adv,12,0,0,0,0,0,2,0,0,0,0,0,12,11,9,0,0,12,0,22.85285670116299,22.40360458168101,8.0,0.0,0.0,0.0,0.9166666666666666,0.75,0.0,0.9811839504836382,0.6988317205601311,True,10.0,0,0.6,,40.0
beak|H10.0|r8|c0.3|w40cup|v10|adv|t0.6|qcfg|gcfg,crumb_cube,10.0,0.18398119474747693,0.0,0.3,0.18398119474747693,0.0,21.645144970004377,7.069355041356009,beak,adv,12,0,0,0,0,0,0,12,0,0,0,0,12,12,12,0,0,0,0,129.5642945400802,120.64677163953773,8.0,0.0,0.0,0.0,1.0,1.0,0.0,1.0,0.816018805252523,True,10.0,0,0.6,,40.0
beak|H10.0|r8|c0.3|w40cup|v10|stop|t0.6|qcfg|gcfg,battery_cr2032,10.0,0.18398119474747693,0.0,0.3,0.18398119474747693,0.0,40.65544775690591,4.02293085875618,beak,stop,12,0,0,0,0,0,11,0,0,0,0,0,12,6,0,0,0,12,0,33.18309332322212,22.112294826074436,8.0,0.0,0.0,0.0,0.5,0.0,0.0,0.7144651456224747,0.2855348543775254,True,10.0,0,0.6,,40.0
beak|H10.0|r8|c0.3|w40cup|v10|stop|t0.6|qcfg|gcfg,bead,10.0,0.18398119474747693,0.0,0.3,1.0,0.816018805252523,3518.669263361048,99.1829968494892,beak,stop,12,0,12,0,0,0,12,0,12,0,12,0,0,12,0,0,0,12,0,0.0,0.0,8.0,0.0,1.0,1.0,1.0,0.0,639.624487909598,1.0,0.816018805252523,True,10.0,0,0.6,,40.0
beak|H10.0|r8|c0.3|w40cup|v10|stop|t0.6|qcfg|gcfg,coin_1yen,10.0,0.18398119474747693,0.0,0.3,0.18398119474747693,0.0,28.408835118539013,3.869813332168192,beak,stop,12,0,0,0,0,0,2,0,0,0,0,0,12,11,9,0,0,12,0,18.17170255686362,10.866345480210283,8.0,0.0,0.0,0.0,0.9166666666666666,0.75,0.0,0.9811839504836382,0.6988317205601311,True,10.0,0,0.6,,40.0
beak|H10.0|r8|c0.3|w40cup|v10|stop|t0.6|qcfg|gcfg,crumb_cube,10.0,0.18398119474747693,0.0,0.3,0.18398119474747693,0.0,21.645144970004377,7.069355041356009,beak,stop,12,0,0,0,0,0,0,12,0,0,0,0,12,12,12,0,0,0,0,129.5642945400802,120.64677163953773,8.0,0.0,0.0,0.0,1.0,1.0,0.0,1.0,0.816018805252523,True,10.0,0,0.6,,40.0
beak|H10.0|r8|c0.3|w40cup|v2|adv|t0.6|qcfg|gcfg,battery_cr2032,10.0,0.18398119474747693,0.0,0.3,0.18398119474747693,0.0,39.273485433331125,5.463784681015946,beak,adv,12,0,0,0,0,0,12,0,0,0,0,0,12,7,0,0,0,12,0,34.97024379569557,24.878683149050463,8.0,0.0,0.0,0.0,0.5833333333333334,0.0,0.0,0.7800221193082193,0.3559810149005347,True,2.0,0,0.6,,40.0
beak|H10.0|r8|c0.3|w40cup|v2|adv|t0.6|qcfg|gcfg,bead,10.0,0.18398119474747693,0.0,0.3,1.0,0.816018805252523,3160.1131571286096,81.62568388171425,beak,adv,12,0,12,0,0,0,12,0,12,0,12,0,0,12,0,0,0,12,0,0.0,0.0,8.0,0.0,1.0,1.0,1.0,0.0,464.1809003050934,1.0,0.816018805252523,True,2.0,0,0.6,,40.0
beak|H10.0|r8|c0.3|w40cup|v2|adv|t0.6|qcfg|gcfg,coin_1yen,10.0,0.18398119474747693,0.0,0.3,0.18398119474747693,0.0,24.48494389127771,4.901909689363919,beak,adv,12,0,0,0,0,0,2,0,0,0,0,0,12,12,10,0,0,12,0,18.40049234306701,11.433312407843738,8.0,0.0,0.0,0.0,1.0,0.8333333333333334,0.0,1.0,0.816018805252523,True,2.0,0,0.6,,40.0
beak|H10.0|r8|c0.3|w40cup|v2|adv|t0.6|qcfg|gcfg,crumb_cube,10.0,0.18398119474747693,0.0,0.3,0.18398119474747693,0.0,22.585376715383713,7.069810836405363,beak,adv,12,0,0,0,0,0,0,12,0,0,0,0,12,12,12,0,0,0,0,129.8852618727314,121.58417646057735,8.0,0.0,0.0,0.0,1.0,1.0,0.0,1.0,0.816018805252523,True,2.0,0,0.6,,40.0
beak|H10.0|r8|c0.3|w40cup|v2|stop|t0.6|qcfg|gcfg,battery_cr2032,10.0,0.18398119474747693,0.0,0.3,0.18398119474747693,0.0,38.63633763193016,3.8062884729470134,beak,stop,12,0,0,0,0,0,10,0,0,0,0,0,12,6,0,0,0,12,0,27.99095112607164,20.698816352104075,8.0,0.0,0.0,0.0,0.5,0.0,0.0,0.7144651456224747,0.2855348543775254,True,2.0,0,0.6,,40.0
beak|H10.0|r8|c0.3|w40cup|v2|stop|t0.6|qcfg|gcfg,bead,10.0,0.18398119474747693,0.0,0.3,1.0,0.816018805252523,3160.063140459628,86.83071752076222,beak,stop,12,0,12,0,0,0,12,0,12,0,12,0,0,12,0,0,0,12,0,0.0,0.0,8.0,0.0,1.0,1.0,1.0,0.0,468.1880078511925,1.0,0.816018805252523,True,2.0,0,0.6,,40.0
beak|H10.0|r8|c0.3|w40cup|v2|stop|t0.6|qcfg|gcfg,coin_1yen,10.0,0.18398119474747693,0.0,0.3,0.18398119474747693,0.0,28.062479970578668,3.9471171588374516,beak,stop,12,0,0,0,0,0,2,0,0,0,0,0,12,12,10,0,0,12,0,17.570806109167446,10.503465981667432,8.0,0.0,0.0,0.0,1.0,0.8333333333333334,0.0,1.0,0.816018805252523,True,2.0,0,0.6,,40.0
beak|H10.0|r8|c0.3|w40cup|v2|stop|t0.6|qcfg|gcfg,crumb_cube,10.0,0.18398119474747693,0.0,0.3,0.18398119474747693,0.0,22.585376715383713,7.069810836405363,beak,stop,12,0,0,0,0,0,0,12,0,0,0,0,12,12,12,0,0,0,0,129.8852618727314,121.58417646057735,8.0,0.0,0.0,0.0,1.0,1.0,0.0,1.0,0.816018805252523,True,2.0,0,0.6,,40.0
beak|H10.0|r8|c0.6|w30open|v10|adv|t0.6|qcfg|gcfg,battery_cr2032,10.0,0.18398119474747693,0.0,0.6,0.18398119474747693,0.0,156.66255645009514,52.419584713240575,beak,adv,12,0,0,0,0,4,12,0,0,0,0,0,8,7,0,0,0,12,0,48.165536687077655,33.31580912384457,8.0,0.0,0.0,0.0,0.5833333333333334,0.0,0.0,0.7800221193082193,0.3559810149005347,False,10.0,0,0.6,,30.0
beak|H10.0|r8|c0.6|w30open|v10|adv|t0.6|qcfg|gcfg,bead,10.0,0.18398119474747693,0.0,0.6,1.0,0.816018805252523,921.7653327233817,33.47313276676277,beak,adv,12,0,12,0,0,0,12,0,12,0,12,0,0,12,0,0,0,12,0,0.0,0.0,8.0,0.0,1.0,1.0,1.0,0.0,115.1616816407697,1.0,0.816018805252523,False,10.0,0,0.6,,30.0
beak|H10.0|r8|c0.6|w30open|v10|adv|t0.6|qcfg|gcfg,coin_1yen,10.0,0.18398119474747693,0.0,0.6,0.18398119474747693,0.0,34.816758171102734,16.804049441692882,beak,adv,12,0,0,0,0,3,6,0,1,1,0,0,8,12,6,0,0,12,0,25.746454140123948,25.660790907396645,8.0,0.0,0.0,0.08333333333333333,1.0,0.5,79.73562945843626,1.0,0.816018805252523,False,10.0,0,0.6,,30.0
beak|H10.0|r8|c0.6|w30open|v10|adv|t0.6|qcfg|gcfg,crumb_cube,10.0,0.18398119474747693,0.0,0.6,0.18398119474747693,0.0,22.854617104905884,7.069388049498493,beak,adv,12,0,0,0,0,0,0,12,0,0,0,0,12,12,12,0,0,0,0,129.5902006010902,121.85784661879275,8.0,0.0,0.0,0.0,1.0,1.0,0.0,1.0,0.816018805252523,False,10.0,0,0.6,,30.0
beak|H10.0|r8|c0.6|w30open|v10|stop|t0.6|qcfg|gcfg,battery_cr2032,10.0,0.18398119474747693,0.0,0.6,0.18398119474747693,0.0,90.80331234430315,34.81544759449033,beak,stop,12,0,0,0,0,4,11,0,0,0,0,0,8,12,1,0,0,12,0,53.544861198214406,26.050977067147635,8.0,0.0,0.0,0.0,1.0,0.08333333333333333,0.0,1.0,0.816018805252523,False,10.0,0,0.6,,30.0
beak|H10.0|r8|c0.6|w30open|v10|stop|t0.6|qcfg|gcfg,bead,10.0,0.18398119474747693,0.0,0.6,1.0,0.816018805252523,1359.3277335755104,39.882022016650154,beak,stop,12,0,12,0,0,0,12,0,12,0,12,0,0,12,0,0,0,12,0,0.0,0.0,8.0,0.0,1.0,1.0,1.0,0.0,160.991697803184,1.0,0.816018805252523,False,10.0,0,0.6,,30.0
beak|H10.0|r8|c0.6|w30open|v10|stop|t0.6|qcfg|gcfg,coin_1yen,10.0,0.18398119474747693,0.0,0.6,0.18398119474747693,0.0,35.46067168585615,7.768035309991566,beak,stop,12,0,0,0,0,0,4,0,0,0,0,0,12,10,6,0,0,12,0,45.88213286997513,17.83043356677775,8.0,0.0,0.0,0.0,0.8333333333333334,0.5,0.0,0.9432194472505557,0.6007930895844598,False,10.0,0,0.6,,30.0
beak|H10.0|r8|c0.6|w30open|v10|stop|t0.6|qcfg|gcfg,crumb_cube,10.0,0.18398119474747693,0.0,0.6,0.18398119474747693,0.0,22.854617104905884,7.069388049498493,beak,stop,12,0,0,0,0,0,0,12,0,0,0,0,12,12,12,0,0,0,0,129.5902006010902,121.85784661879275,8.0,0.0,0.0,0.0,1.0,1.0,0.0,1.0,0.816018805252523,False,10.0,0,0.6,,30.0
beak|H10.0|r8|c0.6|w30open|v2|adv|t0.6|qcfg|gcfg,battery_cr2032,10.0,0.18398119474747693,0.0,0.6,0.18398119474747693,0.0,175.98740105126384,50.41603406499435,beak,adv,12,0,0,0,0,4,12,0,1,0,1,0,7,9,0,0,0,12,0,41.600099996493455,24.928981085459125,8.0,0.0,0.0,0.08333333333333333,0.75,0.0,82.22197239001466,0.8953474344295108,0.5126619681967507,False,2.0,0,0.6,,30.0
beak|H10.0|r8|c0.6|w30open|v2|adv|t0.6|qcfg|gcfg,bead,10.0,0.18398119474747693,0.0,0.6,1.0,0.816018805252523,905.0776856407809,31.68079401505691,beak,adv,12,0,12,0,0,0,12,0,12,0,12,0,0,12,0,0,0,12,0,0.0,0.0,8.0,0.0,1.0,1.0,1.0,0.0,103.79600595472863,1.0,0.816018805252523,False,2.0,0,0.6,,30.0
beak|H10.0|r8|c0.6|w30open|v2|adv|t0.6|qcfg|gcfg,coin_1yen,10.0,0.18398119474747693,0.0,0.6,0.18398119474747693,0.0,35.0214301302296,12.381572712397158,beak,adv,12,0,0,0,0,1,5,0,0,0,0,0,11,12,7,0,0,12,0,49.716214667160806,18.61345452003969,8.0,0.0,0.0,0.0,1.0,0.5833333333333334,0.0,1.0,0.816018805252523,False,2.0,0,0.6,,30.0
beak|H10.0|r8|c0.6|w30open|v2|adv|t0.6|qcfg|gcfg,crumb_cube,10.0,0.18398119474747693,0.0,0.6,0.18398119474747693,0.0,22.34337819279176,7.069806538449273,beak,adv,12,0,0,0,0,0,0,12,0,0,0,0,12,12,12,0,0,0,0,134.1211446911335,121.34221510217684,8.0,0.0,0.0,0.0,1.0,1.0,0.0,1.0,0.816018805252523,False,2.0,0,0.6,,30.0
beak|H10.0|r8|c0.6|w30open|v2|stop|t0.6|qcfg|gcfg,battery_cr2032,10.0,0.18398119474747693,0.0,0.6,0.18398119474747693,0.0,43.685921740147954,2.081976116626775,beak,stop,12,0,0,0,0,4,12,0,0,0,0,0,8,8,0,0,0,12,0,53.41871807799222,32.74098378388935,8.0,0.0,0.0,0.0,0.6666666666666666,0.0,0.0,0.8405146550741593,0.4314916133433481,False,2.0,0,0.6,,30.0
beak|H10.0|r8|c0.6|w30open|v2|stop|t0.6|qcfg|gcfg,bead,10.0,0.18398119474747693,0.0,0.6,1.0,0.816018805252523,1055.3864191621894,33.86692330119112,beak,stop,12,0,12,0,0,0,12,0,12,0,12,0,0,12,0,0,0,12,0,0.0,0.0,8.0,0.0,1.0,1.0,1.0,0.0,115.44975431016587,1.0,0.816018805252523,False,2.0,0,0.6,,30.0
beak|H10.0|r8|c0.6|w30open|v2|stop|t0.6|qcfg|gcfg,coin_1yen,10.0,0.18398119474747693,0.0,0.6,0.18398119474747693,0.0,36.31459954824767,7.773200652072104,beak,stop,12,0,0,0,0,0,5,0,0,0,0,0,12,11,6,0,0,12,0,45.860566640706594,18.666503384952268,8.0,0.0,0.0,0.0,0.9166666666666666,0.5,0.0,0.9811839504836382,0.6988317205601311,False,2.0,0,0.6,,30.0
beak|H10.0|r8|c0.6|w30open|v2|stop|t0.6|qcfg|gcfg,crumb_cube,10.0,0.18398119474747693,0.0,0.6,0.18398119474747693,0.0,22.34337819279176,7.069806538449273,beak,stop,12,0,0,0,0,0,0,12,0,0,0,0,12,12,12,0,0,0,0,134.1211446911335,121.34221510217684,8.0,0.0,0.0,0.0,1.0,1.0,0.0,1.0,0.816018805252523,False,2.0,0,0.6,,30.0
beak|H10.0|r8|c0.6|w40cup|v10|adv|t0.6|qcfg|gcfg,battery_cr2032,10.0,0.18398119474747693,0.0,0.6,0.18398119474747693,0.0,28.238970234407706,17.002707332643034,beak,adv,12,0,0,0,0,0,12,0,0,0,0,0,12,5,0,0,0,12,0,50.35242633311368,35.15226800764095,8.0,0.0,0.0,0.0,0.4166666666666667,0.0,0.0,0.6440189850994654,0.2199778806917808,True,10.0,0,0.6,,40.0
beak|H10.0|r8|c0.6|w40cup|v10|adv|t0.6|qcfg|gcfg,bead,10.0,0.18398119474747693,0.0,0.6,1.0,0.816018805252523,921.7653327233817,33.47313276676277,beak,adv,12,0,12,0,0,0,12,0,12,0,12,0,0,12,0,0,0,12,0,0.0,0.0,8.0,0.0,1.0,1.0,1.0,0.0,115.1616816407697,1.0,0.816018805252523,True,10.0,0,0.6,,40.0
beak|H10.0|r8|c0.6|w40cup|v10|adv|t0.6|qcfg|gcfg,coin_1yen,10.0,0.18398119474747693,0.0,0.6,0.18398119474747693,0.0,17.033872025637354,4.969499934584798,beak,adv,12,0,0,0,0,0,4,0,0,0,0,0,12,12,8,0,0,12,0,25.7364688947803,24.86779081099398,8.0,0.0,0.0,0.0,1.0,0.6666666666666666,0.0,1.0,0.816018805252523,True,10.0,0,0.6,,40.0
beak|H10.0|r8|c0.6|w40cup|v10|adv|t0.6|qcfg|gcfg,crumb_cube,10.0,0.18398119474747693,0.0,0.6,0.18398119474747693,0.0,21.645144970004377,7.069355041356009,beak,adv,12,0,0,0,0,0,0,12,0,0,0,0,12,12,12,0,0,0,0,129.5642945400802,120.64677163953773,8.0,0.0,0.0,0.0,1.0,1.0,0.0,1.0,0.816018805252523,True,10.0,0,0.6,,40.0
beak|H10.0|r8|c0.6|w40cup|v10|stop|t0.6|qcfg|gcfg,battery_cr2032,10.0,0.18398119474747693,0.0,0.6,0.18398119474747693,0.0,47.87170451642995,16.858672269171116,beak,stop,12,0,0,0,0,0,12,0,0,0,0,0,12,7,0,0,0,12,0,55.71483245382239,29.3243190410948,8.0,0.0,0.0,0.0,0.5833333333333334,0.0,0.0,0.7800221193082193,0.3559810149005347,True,10.0,0,0.6,,40.0
beak|H10.0|r8|c0.6|w40cup|v10|stop|t0.6|qcfg|gcfg,bead,10.0,0.18398119474747693,0.0,0.6,1.0,0.816018805252523,1359.3277335755104,39.882022016650154,beak,stop,12,0,12,0,0,0,12,0,12,0,12,0,0,12,0,0,0,12,0,0.0,0.0,8.0,0.0,1.0,1.0,1.0,0.0,160.991697803184,1.0,0.816018805252523,True,10.0,0,0.6,,40.0
beak|H10.0|r8|c0.6|w40cup|v10|stop|t0.6|qcfg|gcfg,coin_1yen,10.0,0.18398119474747693,0.0,0.6,0.18398119474747693,0.0,25.95050128591609,3.495422232637118,beak,stop,12,0,0,0,0,0,2,0,0,0,0,0,12,11,9,0,0,12,0,17.207752565784627,8.43377411861855,8.0,0.0,0.0,0.0,0.9166666666666666,0.75,0.0,0.9811839504836382,0.6988317205601311,True,10.0,0,0.6,,40.0
beak|H10.0|r8|c0.6|w40cup|v10|stop|t0.6|qcfg|gcfg,crumb_cube,10.0,0.18398119474747693,0.0,0.6,0.18398119474747693,0.0,21.645144970004377,7.069355041356009,beak,stop,12,0,0,0,0,0,0,12,0,0,0,0,12,12,12,0,0,0,0,129.5642945400802,120.64677163953773,8.0,0.0,0.0,0.0,1.0,1.0,0.0,1.0,0.816018805252523,True,10.0,0,0.6,,40.0
beak|H10.0|r8|c0.6|w40cup|v2|adv|t0.6|qcfg|gcfg,battery_cr2032,10.0,0.18398119474747693,0.0,0.6,0.18398119474747693,0.0,41.593676612026826,3.996880289668948,beak,adv,12,0,0,0,0,0,12,0,0,0,0,0,12,6,0,0,0,12,0,43.65465594609121,27.64233101653851,8.0,0.0,0.0,0.0,0.5,0.0,0.0,0.7144651456224747,0.2855348543775254,True,2.0,0,0.6,,40.0
beak|H10.0|r8|c0.6|w40cup|v2|adv|t0.6|qcfg|gcfg,bead,10.0,0.18398119474747693,0.0,0.6,1.0,0.816018805252523,905.0776856407809,31.68079401505691,beak,adv,12,0,12,0,0,0,12,0,12,0,12,0,0,12,0,0,0,12,0,0.0,0.0,8.0,0.0,1.0,1.0,1.0,0.0,103.79600595472863,1.0,0.816018805252523,True,2.0,0,0.6,,40.0
beak|H10.0|r8|c0.6|w40cup|v2|adv|t0.6|qcfg|gcfg,coin_1yen,10.0,0.18398119474747693,0.0,0.6,0.18398119474747693,0.0,21.595674528228823,3.426035974941881,beak,adv,12,0,0,0,0,0,1,0,0,0,0,0,12,11,10,0,0,12,0,18.186895759426182,9.110257363121333,8.0,0.0,0.0,0.0,0.9166666666666666,0.8333333333333334,0.0,0.9811839504836382,0.6988317205601311,True,2.0,0,0.6,,40.0
beak|H10.0|r8|c0.6|w40cup|v2|adv|t0.6|qcfg|gcfg,crumb_cube,10.0,0.18398119474747693,0.0,0.6,0.18398119474747693,0.0,22.585376715383713,7.069810836405363,beak,adv,12,0,0,0,0,0,0,12,0,0,0,0,12,12,12,0,0,0,0,129.8852618727314,121.58417646057735,8.0,0.0,0.0,0.0,1.0,1.0,0.0,1.0,0.816018805252523,True,2.0,0,0.6,,40.0
beak|H10.0|r8|c0.6|w40cup|v2|stop|t0.6|qcfg|gcfg,battery_cr2032,10.0,0.18398119474747693,0.0,0.6,0.18398119474747693,0.0,44.17239579521671,19.171673372431254,beak,stop,12,0,0,0,0,0,10,0,0,0,0,0,12,7,1,0,0,12,0,48.52672288249259,25.09633873956949,8.0,0.0,0.0,0.0,0.5833333333333334,0.08333333333333333,0.0,0.7800221193082193,0.3559810149005347,True,2.0,0,0.6,,40.0
beak|H10.0|r8|c0.6|w40cup|v2|stop|t0.6|qcfg|gcfg,bead,10.0,0.18398119474747693,0.0,0.6,1.0,0.816018805252523,1055.3864191621894,33.86692330119112,beak,stop,12,0,12,0,0,0,12,0,12,0,12,0,0,12,0,0,0,12,0,0.0,0.0,8.0,0.0,1.0,1.0,1.0,0.0,115.44975431016587,1.0,0.816018805252523,True,2.0,0,0.6,,40.0
beak|H10.0|r8|c0.6|w40cup|v2|stop|t0.6|qcfg|gcfg,coin_1yen,10.0,0.18398119474747693,0.0,0.6,0.18398119474747693,0.0,25.694439966452972,2.93799435816824,beak,stop,12,0,0,0,0,0,1,0,0,0,0,0,12,12,11,0,0,12,0,16.036236444708944,8.15048748681733,8.0,0.0,0.0,0.0,1.0,0.9166666666666666,0.0,1.0,0.816018805252523,True,2.0,0,0.6,,40.0
beak|H10.0|r8|c0.6|w40cup|v2|stop|t0.6|qcfg|gcfg,crumb_cube,10.0,0.18398119474747693,0.0,0.6,0.18398119474747693,0.0,22.585376715383713,7.069810836405363,beak,stop,12,0,0,0,0,0,0,12,0,0,0,0,12,12,12,0,0,0,0,129.8852618727314,121.58417646057735,8.0,0.0,0.0,0.0,1.0,1.0,0.0,1.0,0.816018805252523,True,2.0,0,0.6,,40.0
beak|H12.0|r10|c0.3|w30open|v10|adv|t0.6|qcfg|gcfg,battery_cr2032,12.0,0.18398119474747693,0.0,0.3,0.18398119474747693,0.0,92.43039952704548,16.369090896491365,beak,adv,12,0,0,0,0,4,8,0,0,0,0,0,8,9,2,0,0,12,0,24.06688215793259,19.53215266841897,10.0,0.0,0.0,0.0,0.75,0.16666666666666666,0.0,0.8953474344295108,0.5126619681967507,False,10.0,0,0.6,,30.0
beak|H12.0|r10|c0.3|w30open|v10|adv|t0.6|qcfg|gcfg,bead,12.0,0.18398119474747693,0.0,0.3,1.0,0.816018805252523,2987.9808707900042,63.54109529395016,beak,adv,12,0,12,0,0,0,12,0,12,0,12,0,0,12,0,0,0,12,0,0.0,0.0,10.0,0.0,1.0,1.0,1.0,0.0,457.58387502806613,1.0,0.816018805252523,False,10.0,0,0.6,,30.0
beak|H12.0|r10|c0.3|w30open|v10|adv|t0.6|qcfg|gcfg,coin_1yen,12.0,0.18398119474747693,0.0,0.3,0.18398119474747693,0.0,28.684246631223576,7.953400689094154,beak,adv,12,0,0,0,0,2,4,0,0,0,0,0,10,6,2,0,0,12,0,55.57555103150556,29.117495393484973,10.0,0.0,0.0,0.0,0.5,0.16666666666666666,0.0,0.7144651456224747,0.2855348543775254,False,10.0,0,0.6,,30.0
beak|H12.0|r10|c0.3|w30open|v10|adv|t0.6|qcfg|gcfg,crumb_cube,12.0,0.18398119474747693,0.0,0.3,0.18398119474747693,0.0,14.908415073789046,0.23131026208037583,beak,adv,12,12,0,0,0,0,0,0,0,0,0,0,12,0,0,0,0,12,0,9.593669001103844,9.38498119059564,10.0,0.0,0.0,0.0,0.0,0.0,0.0,0.18398119474747693,0.0,False,10.0,0,0.6,,30.0
beak|H12.0|r10|c0.3|w30open|v10|stop|t0.6|qcfg|gcfg,battery_cr2032,12.0,0.18398119474747693,0.0,0.3,0.18398119474747693,0.0,127.89197460011046,18.00449245812203,beak,stop,12,0,0,0,0,4,8,0,0,0,0,0,8,7,0,0,0,12,0,23.81759206175507,10.777485149904438,10.0,0.0,0.0,0.0,0.5833333333333334,0.0,0.0,0.7800221193082193,0.3559810149005347,False,10.0,0,0.6,,30.0
beak|H12.0|r10|c0.3|w30open|v10|stop|t0.6|qcfg|gcfg,bead,12.0,0.18398119474747693,0.0,0.3,1.0,0.816018805252523,2955.121273414695,63.66092920421383,beak,stop,12,0,12,0,0,0,12,0,12,0,12,0,0,12,0,0,0,12,0,0.0,0.0,10.0,0.0,1.0,1.0,1.0,0.0,460.28569496044724,1.0,0.816018805252523,False,10.0,0,0.6,,30.0
beak|H12.0|r10|c0.3|w30open|v10|stop|t0.6|qcfg|gcfg,coin_1yen,12.0,0.18398119474747693,0.0,0.3,0.18398119474747693,0.0,37.88838443403866,7.677000381668995,beak,stop,12,0,0,0,0,2,4,0,0,0,0,0,10,5,1,0,0,12,0,53.33313642078124,14.664047791603869,10.0,0.0,0.0,0.0,0.4166666666666667,0.08333333333333333,0.0,0.6440189850994654,0.2199778806917808,False,10.0,0,0.6,,30.0
beak|H12.0|r10|c0.3|w30open|v10|stop|t0.6|qcfg|gcfg,crumb_cube,12.0,0.18398119474747693,0.0,0.3,0.18398119474747693,0.0,15.818612469160554,0.000246539546214751,beak,stop,12,12,0,0,0,0,0,0,0,0,0,0,12,0,0,0,0,12,0,0.06197923342056433,0.011186313414642454,10.0,0.0,0.0,0.0,0.0,0.0,0.0,0.18398119474747693,0.0,False,10.0,0,0.6,,30.0
beak|H12.0|r10|c0.3|w30open|v2|adv|t0.6|qcfg|gcfg,battery_cr2032,12.0,0.18398119474747693,0.0,0.3,0.18398119474747693,0.0,103.1017309835326,23.979546713726034,beak,adv,12,0,0,0,0,4,9,0,0,0,0,0,8,7,0,0,0,12,0,25.012634627068334,11.959638615933546,10.0,0.0,0.0,0.0,0.5833333333333334,0.0,0.0,0.7800221193082193,0.3559810149005347,False,2.0,0,0.6,,30.0
beak|H12.0|r10|c0.3|w30open|v2|adv|t0.6|qcfg|gcfg,bead,12.0,0.18398119474747693,0.0,0.3,1.0,0.816018805252523,3063.931537725231,61.66389778187091,beak,adv,12,0,12,0,0,0,12,0,12,0,12,0,0,12,0,0,0,12,0,0.0,0.0,10.0,0.0,1.0,1.0,1.0,0.0,449.878242045124,1.0,0.816018805252523,False,2.0,0,0.6,,30.0
beak|H12.0|r10|c0.3|w30open|v2|adv|t0.6|qcfg|gcfg,coin_1yen,12.0,0.18398119474747693,0.0,0.3,0.18398119474747693,0.0,36.332879155159496,5.454216108938557,beak,adv,12,0,0,0,0,1,4,0,0,0,0,0,11,6,2,0,0,12,0,54.75342126131682,16.18480575609689,10.0,0.0,0.0,0.0,0.5,0.16666666666666666,0.0,0.7144651456224747,0.2855348543775254,False,2.0,0,0.6,,30.0
beak|H12.0|r10|c0.3|w30open|v2|adv|t0.6|qcfg|gcfg,crumb_cube,12.0,0.18398119474747693,0.0,0.3,0.18398119474747693,0.0,15.654253670449721,0.00016066200447459322,beak,adv,12,12,0,0,0,0,0,0,0,0,0,0,12,0,0,0,0,12,0,1.9815241991987531,1.8302241130213452,10.0,0.0,0.0,0.0,0.0,0.0,0.0,0.18398119474747693,0.0,False,2.0,0,0.6,,30.0
beak|H12.0|r10|c0.3|w30open|v2|stop|t0.6|qcfg|gcfg,battery_cr2032,12.0,0.18398119474747693,0.0,0.3,0.30116827943986896,0.018816049516361844,108.92099525092203,42.41269308582737,beak,stop,12,0,1,0,0,3,11,0,3,1,1,0,7,10,1,0,0,12,0,30.20462061911893,14.091408410690443,10.0,0.0,0.08333333333333333,0.25,0.8333333333333334,0.08333333333333333,71.75414831408419,0.9432194472505557,0.6007930895844598,False,2.0,0,0.6,,30.0
beak|H12.0|r10|c0.3|w30open|v2|stop|t0.6|qcfg|gcfg,bead,12.0,0.18398119474747693,0.0,0.3,1.0,0.816018805252523,3041.0925587905554,63.41649053371069,beak,stop,12,0,12,0,0,0,12,0,12,0,12,0,0,12,0,0,0,12,0,0.0,0.0,10.0,0.0,1.0,1.0,1.0,0.0,456.9471580674327,1.0,0.816018805252523,False,2.0,0,0.6,,30.0
beak|H12.0|r10|c0.3|w30open|v2|stop|t0.6|qcfg|gcfg,coin_1yen,12.0,0.18398119474747693,0.0,0.3,0.18398119474747693,0.0,36.89622911097373,8.11346066953285,beak,stop,12,0,0,0,0,0,4,0,0,0,0,0,12,6,2,0,0,12,0,52.95165168764176,17.29532374461338,10.0,0.0,0.0,0.0,0.5,0.16666666666666666,0.0,0.7144651456224747,0.2855348543775254,False,2.0,0,0.6,,30.0
beak|H12.0|r10|c0.3|w30open|v2|stop|t0.6|qcfg|gcfg,crumb_cube,12.0,0.18398119474747693,0.0,0.3,0.18398119474747693,0.0,15.82070060172852,0.0,beak,stop,12,12,0,0,0,0,0,0,0,0,0,0,12,0,0,0,0,12,0,0.04479597378562877,0.007465995630938129,10.0,0.0,0.0,0.0,0.0,0.0,0.0,0.18398119474747693,0.0,False,2.0,0,0.6,,30.0
beak|H12.0|r10|c0.3|w40cup|v10|adv|t0.6|qcfg|gcfg,battery_cr2032,12.0,0.18398119474747693,0.0,0.3,0.18398119474747693,0.0,18.63969914982523,6.90113194212709,beak,adv,12,0,0,0,0,0,7,0,1,1,0,0,11,9,3,0,0,12,0,22.84735353277261,10.813936525350224,10.0,0.0,0.0,0.08333333333333333,0.75,0.25,1.5230058620196787,0.8953474344295108,0.5126619681967507,True,10.0,0,0.6,,40.0
beak|H12.0|r10|c0.3|w40cup|v10|adv|t0.6|qcfg|gcfg,bead,12.0,0.18398119474747693,0.0,0.3,1.0,0.816018805252523,2987.9808707900042,63.54109529395016,beak,adv,12,0,12,0,0,0,12,0,12,0,12,0,0,12,0,0,0,12,0,0.0,0.0,10.0,0.0,1.0,1.0,1.0,0.0,457.58387502806613,1.0,0.816018805252523,True,10.0,0,0.6,,40.0
beak|H12.0|r10|c0.3|w40cup|v10|adv|t0.6|qcfg|gcfg,coin_1yen,12.0,0.18398119474747693,0.0,0.3,0.18398119474747693,0.0,17.785724936625403,1.7964475864825162,beak,adv,12,0,0,0,0,0,0,0,2,2,0,0,10,2,2,0,0,12,0,22.63797007803518,22.535542605236422,10.0,0.0,0.0,0.16666666666666666,0.16666666666666666,0.16666666666666666,3.2877160896399302,0.39920691041554024,0.05678055274944438,True,10.0,0,0.6,,40.0
beak|H12.0|r10|c0.3|w40cup|v10|adv|t0.6|qcfg|gcfg,crumb_cube,12.0,0.18398119474747693,0.0,0.3,0.18398119474747693,0.0,14.908533467806924,0.25481459462983574,beak,adv,12,12,0,0,0,0,0,0,0,0,0,0,12,0,0,0,0,12,0,9.593597214576976,9.385476149162931,10.0,0.0,0.0,0.0,0.0,0.0,0.0,0.18398119474747693,0.0,True,10.0,0,0.6,,40.0
beak|H12.0|r10|c0.3|w40cup|v10|stop|t0.6|qcfg|gcfg,battery_cr2032,12.0,0.18398119474747693,0.0,0.3,0.18398119474747693,0.0,37.59720296590712,6.298834448345065,beak,stop,12,0,0,0,0,0,6,0,0,0,0,0,12,8,2,0,0,12,0,35.66503105596136,14.952133727079628,10.0,0.0,0.0,0.0,0.6666666666666666,0.16666666666666666,0.0,0.8405146550741593,0.4314916133433481,True,10.0,0,0.6,,40.0
beak|H12.0|r10|c0.3|w40cup|v10|stop|t0.6|qcfg|gcfg,bead,12.0,0.18398119474747693,0.0,0.3,1.0,0.816018805252523,2955.121273414695,63.66092920421383,beak,stop,12,0,12,0,0,0,12,0,12,0,12,0,0,12,0,0,0,12,0,0.0,0.0,10.0,0.0,1.0,1.0,1.0,0.0,460.28569496044724,1.0,0.816018805252523,True,10.0,0,0.6,,40.0
beak|H12.0|r10|c0.3|w40cup|v10|stop|t0.6|qcfg|gcfg,coin_1yen,12.0,0.18398119474747693,0.0,0.3,0.18398119474747693,0.0,24.420465156379848,1.244839478639646,beak,stop,12,0,0,0,0,0,0,0,0,0,0,0,12,1,1,0,0,12,0,6.847474926225034,4.930168458784794,10.0,0.0,0.0,0.0,0.08333333333333333,0.08333333333333333,0.0,0.30116827943986896,0.018816049516361844,True,10.0,0,0.6,,40.0
beak|H12.0|r10|c0.3|w40cup|v10|stop|t0.6|qcfg|gcfg,crumb_cube,12.0,0.18398119474747693,0.0,0.3,0.18398119474747693,0.0,15.83793173520755,0.000246539546214751,beak,stop,12,12,0,0,0,0,0,0,0,0,0,0,12,0,0,0,0,12,0,0.06197923344722356,0.01118294230558157,10.0,0.0,0.0,0.0,0.0,0.0,0.0,0.18398119474747693,0.0,True,10.0,0,0.6,,40.0
beak|H12.0|r10|c0.3|w40cup|v2|adv|t0.6|qcfg|gcfg,battery_cr2032,12.0,0.18398119474747693,0.0,0.3,0.30116827943986896,0.018816049516361844,33.55794784253758,32.97672942902296,beak,adv,12,0,1,0,0,1,6,0,1,1,0,0,10,7,1,0,0,12,0,42.26588322888442,16.55517722647415,10.0,0.0,0.08333333333333333,0.08333333333333333,0.5833333333333334,0.08333333333333333,30.187693077909433,0.7800221193082193,0.3559810149005347,True,2.0,0,0.6,,40.0
beak|H12.0|r10|c0.3|w40cup|v2|adv|t0.6|qcfg|gcfg,bead,12.0,0.18398119474747693,0.0,0.3,1.0,0.816018805252523,3063.931537725231,61.66389778187091,beak,adv,12,0,12,0,0,0,12,0,12,0,12,0,0,12,0,0,0,12,0,0.0,0.0,10.0,0.0,1.0,1.0,1.0,0.0,449.878242045124,1.0,0.816018805252523,True,2.0,0,0.6,,40.0
beak|H12.0|r10|c0.3|w40cup|v2|adv|t0.6|qcfg|gcfg,coin_1yen,12.0,0.18398119474747693,0.0,0.3,0.18398119474747693,0.0,20.280761849682232,1.2893663961233663,beak,adv,12,0,0,0,0,0,0,0,0,0,0,0,12,2,2,0,0,12,0,6.086016205329822,5.245106218212211,10.0,0.0,0.0,0.0,0.16666666666666666,0.16666666666666666,0.0,0.39920691041554024,0.05678055274944438,True,2.0,0,0.6,,40.0
beak|H12.0|r10|c0.3|w40cup|v2|adv|t0.6|qcfg|gcfg,crumb_cube,12.0,0.18398119474747693,0.0,0.3,0.18398119474747693,0.0,15.675605506202404,0.00016066200447459322,beak,adv,12,12,0,0,0,0,0,0,0,0,0,0,12,0,0,0,0,12,0,1.9815241991499726,1.8386679292546682,10.0,0.0,0.0,0.0,0.0,0.0,0.0,0.18398119474747693,0.0,True,2.0,0,0.6,,40.0
beak|H12.0|r10|c0.3|w40cup|v2|stop|t0.6|qcfg|gcfg,battery_cr2032,12.0,0.18398119474747693,0.0,0.3,0.18398119474747693,0.0,35.68135426405019,3.7416433264664564,beak,stop,12,0,0,0,0,0,8,0,0,0,0,0,12,5,1,0,0,12,0,28.862923661616975,11.955439233554548,10.0,0.0,0.0,0.0,0.4166666666666667,0.08333333333333333,0.0,0.6440189850994654,0.2199778806917808,True,2.0,0,0.6,,40.0
beak|H12.0|r10|c0.3|w40cup|v2|stop|t0.6|qcfg|gcfg,bead,12.0,0.18398119474747693,0.0,0.3,1.0,0.816018805252523,3041.0925587905554,63.41649053371069,beak,stop,12,0,12,0,0,0,12,0,12,0,12,0,0,12,0,0,0,12,0,0.0,0.0,10.0,0.0,1.0,1.0,1.0,0.0,456.9471580674327,1.0,0.816018805252523,True,2.0,0,0.6,,40.0
beak|H12.0|r10|c0.3|w40cup|v2|stop|t0.6|qcfg|gcfg,coin_1yen,12.0,0.18398119474747693,0.0,0.3,0.18398119474747693,0.0,24.611837213516807,3.177260677928633,beak,stop,12,0,0,0,0,0,0,0,0,0,0,0,12,2,2,0,0,12,0,8.178794401473995,5.0929516031675925,10.0,0.0,0.0,0.0,0.16666666666666666,0.16666666666666666,0.0,0.39920691041554024,0.05678055274944438,True,2.0,0,0.6,,40.0
beak|H12.0|r10|c0.3|w40cup|v2|stop|t0.6|qcfg|gcfg,crumb_cube,12.0,0.18398119474747693,0.0,0.3,0.18398119474747693,0.0,15.84014014870444,0.0,beak,stop,12,12,0,0,0,0,0,0,0,0,0,0,12,0,0,0,0,12,0,0.04479597311364547,0.0074659955189409115,10.0,0.0,0.0,0.0,0.0,0.0,0.0,0.18398119474747693,0.0,True,2.0,0,0.6,,40.0
beak|H12.0|r10|c0.6|w30open|v10|adv|t0.6|qcfg|gcfg,battery_cr2032,12.0,0.18398119474747693,0.0,0.6,0.18398119474747693,0.0,111.59855478482437,34.582216479361385,beak,adv,12,0,0,0,0,4,10,0,0,0,0,0,8,8,0,0,0,12,0,25.75116432137116,18.352924657064595,10.0,0.0,0.0,0.0,0.6666666666666666,0.0,0.0,0.8405146550741593,0.4314916133433481,False,10.0,0,0.6,,30.0
beak|H12.0|r10|c0.6|w30open|v10|adv|t0.6|qcfg|gcfg,bead,12.0,0.18398119474747693,0.0,0.6,1.0,0.816018805252523,2044.3118722051856,34.18097619565469,beak,adv,12,0,12,0,0,0,12,0,12,0,12,0,0,12,0,0,0,12,0,0.0,0.0,10.0,0.0,1.0,1.0,1.0,0.0,191.05364253072605,1.0,0.816018805252523,False,10.0,0,0.6,,30.0
beak|H12.0|r10|c0.6|w30open|v10|adv|t0.6|qcfg|gcfg,coin_1yen,12.0,0.18398119474747693,0.0,0.6,0.18398119474747693,0.0,44.40960500367629,16.70710608009815,beak,adv,12,0,0,0,0,4,4,0,3,1,0,0,7,6,2,0,0,12,0,25.518736356896518,25.429117474336334,10.0,0.0,0.0,0.25,0.5,0.16666666666666666,5.2356957603194445,0.7144651456224747,0.2855348543775254,False,10.0,0,0.6,,30.0
beak|H12.0|r10|c0.6|w30open|v10|adv|t0.6|qcfg|gcfg,crumb_cube,12.0,0.18398119474747693,0.0,0.6,0.18398119474747693,0.0,14.837842248693024,0.23139064141695834,beak,adv,12,12,0,0,0,0,0,0,0,0,0,0,12,0,0,0,0,12,0,11.040683624453367,10.795972905918648,10.0,0.0,0.0,0.0,0.0,0.0,0.0,0.18398119474747693,0.0,False,10.0,0,0.6,,30.0
beak|H12.0|r10|c0.6|w30open|v10|stop|t0.6|qcfg|gcfg,battery_cr2032,12.0,0.18398119474747693,0.0,0.6,0.18398119474747693,0.0,121.24759645246263,39.82786987287351,beak,stop,12,0,0,0,0,4,11,0,1,0,0,0,8,9,0,0,0,12,0,30.7854567833594,13.00400192460718,10.0,0.0,0.0,0.08333333333333333,0.75,0.0,0.28375473893495207,0.8953474344295108,0.5126619681967507,False,10.0,0,0.6,,30.0
beak|H12.0|r10|c0.6|w30open|v10|stop|t0.6|qcfg|gcfg,bead,12.0,0.18398119474747693,0.0,0.6,1.0,0.816018805252523,1140.3760240199517,36.54553122924219,beak,stop,12,0,12,0,0,0,12,0,12,0,12,0,0,12,0,0,0,12,0,0.0,0.0,10.0,0.0,1.0,1.0,1.0,0.0,185.7023375603389,1.0,0.816018805252523,False,10.0,0,0.6,,30.0
beak|H12.0|r10|c0.6|w30open|v10|stop|t0.6|qcfg|gcfg,coin_1yen,12.0,0.18398119474747693,0.0,0.6,0.18398119474747693,0.0,39.7340573659291,11.042533074919628,beak,stop,12,0,0,0,0,2,4,0,0,0,0,0,10,8,4,0,0,12,0,62.37936129092566,16.48789246049069,10.0,0.0,0.0,0.0,0.6666666666666666,0.3333333333333333,0.0,0.8405146550741593,0.4314916133433481,False,10.0,0,0.6,,30.0
beak|H12.0|r10|c0.6|w30open|v10|stop|t0.6|qcfg|gcfg,crumb_cube,12.0,0.18398119474747693,0.0,0.6,0.18398119474747693,0.0,15.788833866998417,0.000246539546214751,beak,stop,12,12,0,0,0,0,0,0,0,0,0,0,12,0,0,0,0,12,0,0.05995744463663938,0.01011302025361501,10.0,0.0,0.0,0.0,0.0,0.0,0.0,0.18398119474747693,0.0,False,10.0,0,0.6,,30.0
beak|H12.0|r10|c0.6|w30open|v2|adv|t0.6|qcfg|gcfg,battery_cr2032,12.0,0.18398119474747693,0.0,0.6,0.18398119474747693,0.0,113.05915882115035,22.763823668963965,beak,adv,12,0,0,0,0,4,11,0,0,0,0,0,8,9,0,0,0,12,0,28.61336021993558,10.084514584727865,10.0,0.0,0.0,0.0,0.75,0.0,0.0,0.8953474344295108,0.5126619681967507,False,2.0,0,0.6,,30.0
beak|H12.0|r10|c0.6|w30open|v2|adv|t0.6|qcfg|gcfg,bead,12.0,0.18398119474747693,0.0,0.6,1.0,0.816018805252523,2220.890630862141,30.440382267556004,beak,adv,12,0,12,0,0,0,12,0,12,0,12,0,0,12,0,0,0,12,0,0.0,0.0,10.0,0.0,1.0,1.0,1.0,0.0,227.88137635105315,1.0,0.816018805252523,False,2.0,0,0.6,,30.0
beak|H12.0|r10|c0.6|w30open|v2|adv|t0.6|qcfg|gcfg,coin_1yen,12.0,0.18398119474747693,0.0,0.6,0.18398119474747693,0.0,36.759646386303295,9.944254492546559,beak,adv,12,0,0,0,0,4,4,0,1,0,0,0,8,4,0,0,0,12,0,8.411586991482887,6.016091055092763,10.0,0.0,0.0,0.08333333333333333,0.3333333333333333,0.0,0.11811795609621006,0.5685083866566518,0.1594853449258405,False,2.0,0,0.6,,30.0
beak|H12.0|r10|c0.6|w30open|v2|adv|t0.6|qcfg|gcfg,crumb_cube,12.0,0.18398119474747693,0.0,0.6,0.18398119474747693,0.0,15.560434052542382,0.03783774913588764,beak,adv,12,12,0,0,0,0,0,0,0,0,0,0,12,0,0,0,0,12,0,2.2613154412158205,2.0872973150586707,10.0,0.0,0.0,0.0,0.0,0.0,0.0,0.18398119474747693,0.0,False,2.0,0,0.6,,30.0
beak|H12.0|r10|c0.6|w30open|v2|stop|t0.6|qcfg|gcfg,battery_cr2032,12.0,0.18398119474747693,0.0,0.6,0.18398119474747693,0.0,98.63894968287282,39.82830696658147,beak,stop,12,0,0,0,0,5,10,0,1,0,0,0,7,8,1,0,0,12,0,37.467597244426294,17.179234911892618,10.0,0.0,0.0,0.08333333333333333,0.6666666666666666,0.08333333333333333,60.256489346448895,0.8405146550741593,0.4314916133433481,False,2.0,0,0.6,,30.0
beak|H12.0|r10|c0.6|w30open|v2|stop|t0.6|qcfg|gcfg,bead,12.0,0.18398119474747693,0.0,0.6,1.0,0.816018805252523,2189.178593956519,30.51608011801422,beak,stop,12,0,12,0,0,0,12,0,12,0,12,0,0,12,0,0,0,12,0,0.0,0.0,10.0,0.0,1.0,1.0,1.0,0.0,211.50844339950885,1.0,0.816018805252523,False,2.0,0,0.6,,30.0
beak|H12.0|r10|c0.6|w30open|v2|stop|t0.6|qcfg|gcfg,coin_1yen,12.0,0.18398119474747693,0.0,0.6,0.18398119474747693,0.0,42.09760262399296,10.873444341388893,beak,stop,12,0,0,0,0,4,4,0,0,0,0,0,8,9,5,0,0,12,0,7.770698119995547,5.965200970266029,10.0,0.0,0.0,0.0,0.75,0.4166666666666667,0.0,0.8953474344295108,0.5126619681967507,False,2.0,0,0.6,,30.0
beak|H12.0|r10|c0.6|w30open|v2|stop|t0.6|qcfg|gcfg,crumb_cube,12.0,0.18398119474747693,0.0,0.6,0.18398119474747693,0.0,15.791214130722475,0.0,beak,stop,12,12,0,0,0,0,0,0,0,0,0,0,12,0,0,0,0,12,0,0.042800350621791106,0.007133391770298518,10.0,0.0,0.0,0.0,0.0,0.0,0.0,0.18398119474747693,0.0,False,2.0,0,0.6,,30.0
beak|H12.0|r10|c0.6|w40cup|v10|adv|t0.6|qcfg|gcfg,battery_cr2032,12.0,0.18398119474747693,0.0,0.6,0.18398119474747693,0.0,20.71316094872414,6.724584305754368,beak,adv,12,0,0,0,0,0,11,0,0,0,0,0,12,10,1,0,0,12,0,33.728139247783055,17.883178421174975,10.0,0.0,0.0,0.0,0.8333333333333334,0.08333333333333333,0.0,0.9432194472505557,0.6007930895844598,True,10.0,0,0.6,,40.0
beak|H12.0|r10|c0.6|w40cup|v10|adv|t0.6|qcfg|gcfg,bead,12.0,0.18398119474747693,0.0,0.6,1.0,0.816018805252523,2044.3118722051856,34.18097619565469,beak,adv,12,0,12,0,0,0,12,0,12,0,12,0,0,12,0,0,0,12,0,0.0,0.0,10.0,0.0,1.0,1.0,1.0,0.0,191.05364253072605,1.0,0.816018805252523,True,10.0,0,0.6,,40.0
beak|H12.0|r10|c0.6|w40cup|v10|adv|t0.6|qcfg|gcfg,coin_1yen,12.0,0.18398119474747693,0.0,0.6,0.18398119474747693,0.0,19.779151258123132,1.8137262436532808,beak,adv,12,0,0,0,0,0,0,0,0,0,0,0,12,3,3,0,0,12,0,25.530592716714803,25.4178956471437,10.0,0.0,0.0,0.0,0.25,0.25,0.0,0.4873380318032493,0.10465256557048919,True,10.0,0,0.6,,40.0
beak|H12.0|r10|c0.6|w40cup|v10|adv|t0.6|qcfg|gcfg,crumb_cube,12.0,0.18398119474747693,0.0,0.6,0.18398119474747693,0.0,14.8381152364856,0.255206807197989,beak,adv,12,12,0,0,0,0,0,0,0,0,0,0,12,0,0,0,0,12,0,11.040189219242913,10.797066469139684,10.0,0.0,0.0,0.0,0.0,0.0,0.0,0.18398119474747693,0.0,True,10.0,0,0.6,,40.0
beak|H12.0|r10|c0.6|w40cup|v10|stop|t0.6|qcfg|gcfg,battery_cr2032,12.0,0.18398119474747693,0.0,0.6,0.18398119474747693,0.0,45.55716319442674,6.505531208628782,beak,stop,12,0,0,0,0,0,11,0,0,0,0,0,12,9,0,0,0,12,0,41.676858980604436,17.456096527767908,10.0,0.0,0.0,0.0,0.75,0.0,0.0,0.8953474344295108,0.5126619681967507,True,10.0,0,0.6,,40.0
beak|H12.0|r10|c0.6|w40cup|v10|stop|t0.6|qcfg|gcfg,bead,12.0,0.18398119474747693,0.0,0.6,1.0,0.816018805252523,1140.3760240199517,36.54553122924219,beak,stop,12,0,12,0,0,0,12,0,12,0,12,0,0,12,0,0,0,12,0,0.0,0.0,10.0,0.0,1.0,1.0,1.0,0.0,185.7023375603389,1.0,0.816018805252523,True,10.0,0,0.6,,40.0
beak|H12.0|r10|c0.6|w40cup|v10|stop|t0.6|qcfg|gcfg,coin_1yen,12.0,0.18398119474747693,0.0,0.6,0.18398119474747693,0.0,24.686458284991442,1.6688938544835632,beak,stop,12,0,0,0,0,0,0,0,0,0,0,0,12,2,2,0,0,12,0,7.73485508751677,5.166359417067266,10.0,0.0,0.0,0.0,0.16666666666666666,0.16666666666666666,0.0,0.39920691041554024,0.05678055274944438,True,10.0,0,0.6,,40.0
beak|H12.0|r10|c0.6|w40cup|v10|stop|t0.6|qcfg|gcfg,crumb_cube,12.0,0.18398119474747693,0.0,0.6,0.18398119474747693,0.0,15.811618584287404,0.000246539546214751,beak,stop,12,12,0,0,0,0,0,0,0,0,0,0,12,0,0,0,0,12,0,0.059957444443189956,0.010113785591439375,10.0,0.0,0.0,0.0,0.0,0.0,0.0,0.18398119474747693,0.0,True,10.0,0,0.6,,40.0
beak|H12.0|r10|c0.6|w40cup|v2|adv|t0.6|qcfg|gcfg,battery_cr2032,12.0,0.18398119474747693,0.0,0.6,0.18398119474747693,0.0,35.8390848211012,7.374069899780035,beak,adv,12,0,0,0,0,0,10,0,0,0,0,0,12,7,0,0,0,12,0,40.00016345836806,14.57752082750923,10.0,0.0,0.0,0.0,0.5833333333333334,0.0,0.0,0.7800221193082193,0.3559810149005347,True,2.0,0,0.6,,40.0
beak|H12.0|r10|c0.6|w40cup|v2|adv|t0.6|qcfg|gcfg,bead,12.0,0.18398119474747693,0.0,0.6,1.0,0.816018805252523,2220.890630862141,30.440382267556004,beak,adv,12,0,12,0,0,0,12,0,12,0,12,0,0,12,0,0,0,12,0,0.0,0.0,10.0,0.0,1.0,1.0,1.0,0.0,227.88137635105315,1.0,0.816018805252523,True,2.0,0,0.6,,40.0
beak|H12.0|r10|c0.6|w40cup|v2|adv|t0.6|qcfg|gcfg,coin_1yen,12.0,0.18398119474747693,0.0,0.6,0.18398119474747693,0.0,20.271386175990617,1.3398013979087255,beak,adv,12,0,0,0,0,0,0,0,0,0,0,0,12,3,3,0,0,12,0,7.2392314855933835,5.7703513127268735,10.0,0.0,0.0,0.0,0.25,0.25,0.0,0.4873380318032493,0.10465256557048919,True,2.0,0,0.6,,40.0
beak|H12.0|r10|c0.6|w40cup|v2|adv|t0.6|qcfg|gcfg,crumb_cube,12.0,0.18398119474747693,0.0,0.6,0.18398119474747693,0.0,15.588833416476627,0.06963524471550411,beak,adv,12,12,0,0,0,0,0,0,0,0,0,0,12,0,0,0,0,12,0,2.261315441156701,2.096353062716762,10.0,0.0,0.0,0.0,0.0,0.0,0.0,0.18398119474747693,0.0,True,2.0,0,0.6,,40.0
beak|H12.0|r10|c0.6|w40cup|v2|stop|t0.6|qcfg|gcfg,battery_cr2032,12.0,0.18398119474747693,0.0,0.6,0.18398119474747693,0.0,34.191894161736506,6.574858871778963,beak,stop,12,0,0,0,0,0,11,0,0,0,0,0,12,6,1,0,0,12,0,29.29713763291517,9.28284253722221,10.0,0.0,0.0,0.0,0.5,0.08333333333333333,0.0,0.7144651456224747,0.2855348543775254,True,2.0,0,0.6,,40.0
beak|H12.0|r10|c0.6|w40cup|v2|stop|t0.6|qcfg|gcfg,bead,12.0,0.18398119474747693,0.0,0.6,1.0,0.816018805252523,2189.178593956519,30.51608011801422,beak,stop,12,0,12,0,0,0,12,0,12,0,12,0,0,12,0,0,0,12,0,0.0,0.0,10.0,0.0,1.0,1.0,1.0,0.0,211.50844339950885,1.0,0.816018805252523,True,2.0,0,0.6,,40.0
beak|H12.0|r10|c0.6|w40cup|v2|stop|t0.6|qcfg|gcfg,coin_1yen,12.0,0.18398119474747693,0.0,0.6,0.18398119474747693,0.0,24.37029403496877,0.7835360657590211,beak,stop,12,0,0,0,0,0,0,0,0,0,0,0,12,0,0,0,0,12,0,5.743991811612309,4.830985770861752,10.0,0.0,0.0,0.0,0.0,0.0,0.0,0.18398119474747693,0.0,True,2.0,0,0.6,,40.0
beak|H12.0|r10|c0.6|w40cup|v2|stop|t0.6|qcfg|gcfg,crumb_cube,12.0,0.18398119474747693,0.0,0.6,0.18398119474747693,0.0,15.81394710025321,0.0,beak,stop,12,12,0,0,0,0,0,0,0,0,0,0,12,0,0,0,0,12,0,0.04280035038969898,0.007133391731616497,10.0,0.0,0.0,0.0,0.0,0.0,0.0,0.18398119474747693,0.0,True,2.0,0,0.6,,40.0
beak|H12.0|r5|c0.3|w30open|v10|adv|t0.6|qcfg|gcfg,battery_cr2032,12.0,0.18398119474747693,0.0,0.3,0.18398119474747693,0.0,68.2810761923301,10.099937666213899,beak,adv,12,0,0,0,0,5,8,0,1,0,0,0,7,10,2,0,0,12,0,30.400930865890075,16.51650680884969,5.0,0.0,0.0,0.08333333333333333,0.8333333333333334,0.16666666666666666,0.0,0.9432194472505557,0.6007930895844598,False,10.0,0,0.6,,30.0
beak|H12.0|r5|c0.3|w30open|v10|adv|t0.6|qcfg|gcfg,bead,12.0,0.18398119474747693,0.0,0.3,1.0,0.816018805252523,2992.8690562694132,63.54106260693783,beak,adv,12,0,12,0,0,0,12,0,12,0,12,0,0,12,0,0,0,12,0,0.0,0.0,5.0,0.0,1.0,1.0,1.0,0.0,457.58388372131935,1.0,0.816018805252523,False,10.0,0,0.6,,30.0
beak|H12.0|r5|c0.3|w30open|v10|adv|t0.6|qcfg|gcfg,coin_1yen,12.0,0.18398119474747693,0.0,0.3,0.18398119474747693,0.0,25.911107566409914,7.490855841704463,beak,adv,12,0,0,0,0,1,4,0,0,0,0,0,11,6,2,0,0,12,0,65.30690090980588,31.40653941571063,5.0,0.0,0.0,0.0,0.5,0.16666666666666666,0.0,0.7144651456224747,0.2855348543775254,False,10.0,0,0.6,,30.0
beak|H12.0|r5|c0.3|w30open|v10|adv|t0.6|qcfg|gcfg,crumb_cube,12.0,0.18398119474747693,0.0,0.3,0.18398119474747693,0.0,10.017677073072706,0.2313101622579911,beak,adv,12,12,0,0,0,0,0,0,0,0,0,0,12,0,0,0,0,12,0,9.593669002356677,9.38498118596297,5.0,0.0,0.0,0.0,0.0,0.0,0.0,0.18398119474747693,0.0,False,10.0,0,0.6,,30.0
beak|H12.0|r5|c0.3|w30open|v10|stop|t0.6|qcfg|gcfg,battery_cr2032,12.0,0.18398119474747693,0.0,0.3,0.18398119474747693,0.0,86.95826078715596,52.998810044832645,beak,stop,12,0,0,0,0,3,6,0,0,0,0,0,9,6,0,0,0,12,0,23.031761813565268,12.071974820079726,5.0,0.0,0.0,0.0,0.5,0.0,0.0,0.7144651456224747,0.2855348543775254,False,10.0,0,0.6,,30.0
beak|H12.0|r5|c0.3|w30open|v10|stop|t0.6|qcfg|gcfg,bead,12.0,0.18398119474747693,0.0,0.3,1.0,0.816018805252523,2959.9803050338396,63.660609465421054,beak,stop,12,0,12,0,0,0,12,0,12,0,12,0,0,12,0,0,0,12,0,0.0,0.0,5.0,0.0,1.0,1.0,1.0,0.0,460.2847901465783,1.0,0.816018805252523,False,10.0,0,0.6,,30.0
beak|H12.0|r5|c0.3|w30open|v10|stop|t0.6|qcfg|gcfg,coin_1yen,12.0,0.18398119474747693,0.0,0.3,0.18398119474747693,0.0,32.7805170302654,8.268514301858039,beak,stop,12,0,0,0,0,0,4,0,0,0,0,0,12,6,2,0,0,12,0,52.99940561281101,18.09108873652357,5.0,0.0,0.0,0.0,0.5,0.16666666666666666,0.0,0.7144651456224747,0.2855348543775254,False,10.0,0,0.6,,30.0
beak|H12.0|r5|c0.3|w30open|v10|stop|t0.6|qcfg|gcfg,crumb_cube,12.0,0.18398119474747693,0.0,0.3,0.18398119474747693,0.0,10.927874468813508,0.0002465395053195124,beak,stop,12,12,0,0,0,0,0,0,0,0,0,0,12,0,0,0,0,12,0,0.06197923398968547,0.011186313564619707,5.0,0.0,0.0,0.0,0.0,0.0,0.0,0.18398119474747693,0.0,False,10.0,0,0.6,,30.0
beak|H12.0|r5|c0.3|w30open|v2|adv|t0.6|qcfg|gcfg,battery_cr2032,12.0,0.18398119474747693,0.0,0.3,0.18398119474747693,0.0,147.06063904025874,38.226913271357056,beak,adv,12,0,0,0,0,4,9,0,0,0,0,0,8,9,0,0,0,12,0,29.41817555990348,14.946605407570026,5.0,0.0,0.0,0.0,0.75,0.0,0.0,0.8953474344295108,0.5126619681967507,False,2.0,0,0.6,,30.0
beak|H12.0|r5|c0.3|w30open|v2|adv|t0.6|qcfg|gcfg,bead,12.0,0.18398119474747693,0.0,0.3,1.0,0.816018805252523,3068.685749420616,61.661696382748275,beak,adv,12,0,12,0,0,0,12,0,12,0,12,0,0,12,0,0,0,12,0,0.0,0.0,5.0,0.0,1.0,1.0,1.0,0.0,449.8761913887272,1.0,0.816018805252523,False,2.0,0,0.6,,30.0
beak|H12.0|r5|c0.3|w30open|v2|adv|t0.6|qcfg|gcfg,coin_1yen,12.0,0.18398119474747693,0.0,0.3,0.18398119474747693,0.0,26.96127577303912,8.111219288336143,beak,adv,12,0,0,0,0,0,4,0,0,0,0,0,12,6,2,0,0,12,0,54.529276600565936,16.75541908386249,5.0,0.0,0.0,0.0,0.5,0.16666666666666666,0.0,0.7144651456224747,0.2855348543775254,False,2.0,0,0.6,,30.0
beak|H12.0|r5|c0.3|w30open|v2|adv|t0.6|qcfg|gcfg,crumb_cube,12.0,0.18398119474747693,0.0,0.3,0.18398119474747693,0.0,10.763515671898388,0.00016066174410040573,beak,adv,12,12,0,0,0,0,0,0,0,0,0,0,12,0,0,0,0,12,0,1.9815241998040813,1.8302241132122423,5.0,0.0,0.0,0.0,0.0,0.0,0.0,0.18398119474747693,0.0,False,2.0,0,0.6,,30.0
beak|H12.0|r5|c0.3|w30open|v2|stop|t0.6|qcfg|gcfg,battery_cr2032,12.0,0.18398119474747693,0.0,0.3,0.18398119474747693,0.0,135.71203523118754,44.90283807678838,beak,stop,12,0,0,0,0,4,8,0,1,1,0,0,7,7,0,0,0,12,0,16.62494691204528,8.341315452563125,5.0,0.0,0.0,0.08333333333333333,0.5833333333333334,0.0,52.47106059051968,0.7800221193082193,0.3559810149005347,False,2.0,0,0.6,,30.0
beak|H12.0|r5|c0.3|w30open|v2|stop|t0.6|qcfg|gcfg,bead,12.0,0.18398119474747693,0.0,0.3,1.0,0.816018805252523,3045.8637025937837,63.41447291891304,beak,stop,12,0,12,0,0,0,12,0,12,0,12,0,0,12,0,0,0,12,0,0.0,0.0,5.0,0.0,1.0,1.0,1.0,0.0,456.9425244822464,1.0,0.816018805252523,False,2.0,0,0.6,,30.0
beak|H12.0|r5|c0.3|w30open|v2|stop|t0.6|qcfg|gcfg,coin_1yen,12.0,0.18398119474747693,0.0,0.3,0.18398119474747693,0.0,32.29203040608801,7.15819346136171,beak,stop,12,0,0,0,0,0,4,0,0,0,0,0,12,6,2,0,0,12,0,53.06313881566488,17.58018347168714,5.0,0.0,0.0,0.0,0.5,0.16666666666666666,0.0,0.7144651456224747,0.2855348543775254,False,2.0,0,0.6,,30.0
beak|H12.0|r5|c0.3|w30open|v2|stop|t0.6|qcfg|gcfg,crumb_cube,12.0,0.18398119474747693,0.0,0.3,0.18398119474747693,0.0,10.92996260645616,0.0,beak,stop,12,12,0,0,0,0,0,0,0,0,0,0,12,0,0,0,0,12,0,0.04479597436701094,0.007465995727835156,5.0,0.0,0.0,0.0,0.0,0.0,0.0,0.18398119474747693,0.0,False,2.0,0,0.6,,30.0
beak|H12.0|r5|c0.3|w40cup|v10|adv|t0.6|qcfg|gcfg,battery_cr2032,12.0,0.18398119474747693,0.0,0.3,0.18398119474747693,0.0,17.627670945530095,5.450414255800694,beak,adv,12,0,0,0,0,0,10,0,0,0,0,0,12,7,1,0,0,12,0,25.709930554869647,14.851408551663189,5.0,0.0,0.0,0.0,0.5833333333333334,0.08333333333333333,0.0,0.7800221193082193,0.3559810149005347,True,10.0,0,0.6,,40.0
beak|H12.0|r5|c0.3|w40cup|v10|adv|t0.6|qcfg|gcfg,bead,12.0,0.18398119474747693,0.0,0.3,1.0,0.816018805252523,2992.8690562694132,63.54106260693783,beak,adv,12,0,12,0,0,0,12,0,12,0,12,0,0,12,0,0,0,12,0,0.0,0.0,5.0,0.0,1.0,1.0,1.0,0.0,457.58388372131935,1.0,0.816018805252523,True,10.0,0,0.6,,40.0
beak|H12.0|r5|c0.3|w40cup|v10|adv|t0.6|qcfg|gcfg,coin_1yen,12.0,0.18398119474747693,0.0,0.3,0.18398119474747693,0.0,14.094223467501804,1.8124612210106121,beak,adv,12,0,0,0,0,0,0,0,0,0,0,0,12,3,3,0,0,12,0,22.64123491103181,21.74280604895012,5.0,0.0,0.0,0.0,0.25,0.25,0.0,0.4873380318032493,0.10465256557048919,True,10.0,0,0.6,,40.0
beak|H12.0|r5|c0.3|w40cup|v10|adv|t0.6|qcfg|gcfg,crumb_cube,12.0,0.18398119474747693,0.0,0.3,0.18398119474747693,0.0,10.017795467081905,0.25481447945170915,beak,adv,12,12,0,0,0,0,0,0,0,0,0,0,12,0,0,0,0,12,0,9.593597213518525,9.385476145216137,5.0,0.0,0.0,0.0,0.0,0.0,0.0,0.18398119474747693,0.0,True,10.0,0,0.6,,40.0
beak|H12.0|r5|c0.3|w40cup|v10|stop|t0.6|qcfg|gcfg,battery_cr2032,12.0,0.18398119474747693,0.0,0.3,0.18398119474747693,0.0,26.51995935279574,5.8693556557646716,beak,stop,12,0,0,0,0,0,6,0,0,0,0,0,12,7,3,0,0,12,0,16.36853622502249,5.824391785818539,5.0,0.0,0.0,0.0,0.5833333333333334,0.25,0.0,0.7800221193082193,0.3559810149005347,True,10.0,0,0.6,,40.0
beak|H12.0|r5|c0.3|w40cup|v10|stop|t0.6|qcfg|gcfg,bead,12.0,0.18398119474747693,0.0,0.3,1.0,0.816018805252523,2959.9803050338396,63.660609465421054,beak,stop,12,0,12,0,0,0,12,0,12,0,12,0,0,12,0,0,0,12,0,0.0,0.0,5.0,0.0,1.0,1.0,1.0,0.0,460.2847901465783,1.0,0.816018805252523,True,10.0,0,0.6,,40.0
beak|H12.0|r5|c0.3|w40cup|v10|stop|t0.6|qcfg|gcfg,coin_1yen,12.0,0.18398119474747693,0.0,0.3,0.18398119474747693,0.0,19.346227981000844,1.2519994058551451,beak,stop,12,0,0,0,0,0,0,0,0,0,0,0,12,2,2,0,0,12,0,5.5040523968045845,4.7497550185071145,5.0,0.0,0.0,0.0,0.16666666666666666,0.16666666666666666,0.0,0.39920691041554024,0.05678055274944438,True,10.0,0,0.6,,40.0
beak|H12.0|r5|c0.3|w40cup|v10|stop|t0.6|qcfg|gcfg,crumb_cube,12.0,0.18398119474747693,0.0,0.3,0.18398119474747693,0.0,10.947193741141414,0.0002465395053195124,beak,stop,12,12,0,0,0,0,0,0,0,0,0,0,12,0,0,0,0,12,0,0.061979234220424506,0.011182942436039714,5.0,0.0,0.0,0.0,0.0,0.0,0.0,0.18398119474747693,0.0,True,10.0,0,0.6,,40.0
beak|H12.0|r5|c0.3|w40cup|v2|adv|t0.6|qcfg|gcfg,battery_cr2032,12.0,0.18398119474747693,0.0,0.3,0.18398119474747693,0.0,26.108485357908787,14.01853239564892,beak,adv,12,0,0,0,0,0,9,0,0,0,0,0,12,9,3,0,0,12,0,32.00988625597426,10.551090675890455,5.0,0.0,0.0,0.0,0.75,0.25,0.0,0.8953474344295108,0.5126619681967507,True,2.0,0,0.6,,40.0
beak|H12.0|r5|c0.3|w40cup|v2|adv|t0.6|qcfg|gcfg,bead,12.0,0.18398119474747693,0.0,0.3,1.0,0.816018805252523,3068.685749420616,61.661696382748275,beak,adv,12,0,12,0,0,0,12,0,12,0,12,0,0,12,0,0,0,12,0,0.0,0.0,5.0,0.0,1.0,1.0,1.0,0.0,449.8761913887272,1.0,0.816018805252523,True,2.0,0,0.6,,40.0
beak|H12.0|r5|c0.3|w40cup|v2|adv|t0.6|qcfg|gcfg,coin_1yen,12.0,0.18398119474747693,0.0,0.3,0.18398119474747693,0.0,15.384691842128582,1.2968267744989446,beak,adv,12,0,0,0,0,0,0,0,0,0,0,0,12,2,2,0,0,12,0,6.059495662519926,5.229561720465861,5.0,0.0,0.0,0.0,0.16666666666666666,0.16666666666666666,0.0,0.39920691041554024,0.05678055274944438,True,2.0,0,0.6,,40.0
beak|H12.0|r5|c0.3|w40cup|v2|adv|t0.6|qcfg|gcfg,crumb_cube,12.0,0.18398119474747693,0.0,0.3,0.18398119474747693,0.0,10.784867507980797,0.00016066174410040573,beak,adv,12,12,0,0,0,0,0,0,0,0,0,0,12,0,0,0,0,12,0,1.9815241998528896,1.8386679295678425,5.0,0.0,0.0,0.0,0.0,0.0,0.0,0.18398119474747693,0.0,True,2.0,0,0.6,,40.0
beak|H12.0|r5|c0.3|w40cup|v2|stop|t0.6|qcfg|gcfg,battery_cr2032,12.0,0.18398119474747693,0.0,0.3,0.18398119474747693,0.0,31.761046890193033,5.324087901786622,beak,stop,12,0,0,0,0,0,6,0,0,0,0,0,12,10,4,0,0,12,0,23.523878520295888,12.524298568240233,5.0,0.0,0.0,0.0,0.8333333333333334,0.3333333333333333,0.0,0.9432194472505557,0.6007930895844598,True,2.0,0,0.6,,40.0
beak|H12.0|r5|c0.3|w40cup|v2|stop|t0.6|qcfg|gcfg,bead,12.0,0.18398119474747693,0.0,0.3,1.0,0.816018805252523,3045.8637025937837,63.41447291891304,beak,stop,12,0,12,0,0,0,12,0,12,0,12,0,0,12,0,0,0,12,0,0.0,0.0,5.0,0.0,1.0,1.0,1.0,0.0,456.9425244822464,1.0,0.816018805252523,True,2.0,0,0.6,,40.0
beak|H12.0|r5|c0.3|w40cup|v2|stop|t0.6|qcfg|gcfg,coin_1yen,12.0,0.18398119474747693,0.0,0.3,0.18398119474747693,0.0,19.29457693615458,1.2747427021404298,beak,stop,12,0,0,0,0,0,0,0,0,0,0,0,12,3,3,0,0,12,0,5.525588913541844,4.673094451577897,5.0,0.0,0.0,0.0,0.25,0.25,0.0,0.4873380318032493,0.10465256557048919,True,2.0,0,0.6,,40.0
beak|H12.0|r5|c0.3|w40cup|v2|stop|t0.6|qcfg|gcfg,crumb_cube,12.0,0.18398119474747693,0.0,0.3,0.18398119474747693,0.0,10.949402160947093,0.0,beak,stop,12,12,0,0,0,0,0,0,0,0,0,0,12,0,0,0,0,12,0,0.04479597459321888,0.00746599576553648,5.0,0.0,0.0,0.0,0.0,0.0,0.0,0.18398119474747693,0.0,True,2.0,0,0.6,,40.0
beak|H12.0|r5|c0.6|w30open|v10|adv|t0.6|qcfg|gcfg,battery_cr2032,12.0,0.18398119474747693,0.0,0.6,0.18398119474747693,0.0,107.49432075170698,31.341066399304548,beak,adv,12,0,0,0,0,3,11,0,2,0,1,0,8,10,1,0,0,12,0,40.36399895815925,17.839646943012546,5.0,0.0,0.0,0.16666666666666666,0.8333333333333334,0.08333333333333333,40.35243699835105,0.9432194472505557,0.6007930895844598,False,10.0,0,0.6,,30.0
beak|H12.0|r5|c0.6|w30open|v10|adv|t0.6|qcfg|gcfg,bead,12.0,0.18398119474747693,0.0,0.6,1.0,0.816018805252523,1686.9923994518076,41.17952474741436,beak,adv,12,0,12,0,0,0,12,0,12,0,12,0,0,12,0,0,0,12,0,0.0,0.0,5.0,0.0,1.0,1.0,1.0,0.0,201.0096783486831,1.0,0.816018805252523,False,10.0,0,0.6,,30.0
beak|H12.0|r5|c0.6|w30open|v10|adv|t0.6|qcfg|gcfg,coin_1yen,12.0,0.18398119474747693,0.0,0.6,0.18398119474747693,0.0,32.12046940390487,11.3925612305194,beak,adv,12,0,0,0,0,3,4,0,3,0,0,0,9,5,1,0,0,12,0,62.73779528336387,29.55334745209008,5.0,0.0,0.0,0.25,0.4166666666666667,0.08333333333333333,8.827296329060777,0.6440189850994654,0.2199778806917808,False,10.0,0,0.6,,30.0
beak|H12.0|r5|c0.6|w30open|v10|adv|t0.6|qcfg|gcfg,crumb_cube,12.0,0.18398119474747693,0.0,0.6,0.18398119474747693,0.0,9.947104250350456,0.23139054071600207,beak,adv,12,12,0,0,0,0,0,0,0,0,0,0,12,0,0,0,0,12,0,11.040683626409301,10.795972900762905,5.0,0.0,0.0,0.0,0.0,0.0,0.0,0.18398119474747693,0.0,False,10.0,0,0.6,,30.0
beak|H12.0|r5|c0.6|w30open|v10|stop|t0.6|qcfg|gcfg,battery_cr2032,12.0,0.18398119474747693,0.0,0.6,0.18398119474747693,0.0,158.29643965004738,39.86872134771245,beak,stop,12,0,0,0,0,4,12,0,0,0,0,0,8,8,0,0,0,12,0,32.071968864955295,20.014520688919497,5.0,0.0,0.0,0.0,0.6666666666666666,0.0,0.0,0.8405146550741593,0.4314916133433481,False,10.0,0,0.6,,30.0
beak|H12.0|r5|c0.6|w30open|v10|stop|t0.6|qcfg|gcfg,bead,12.0,0.18398119474747693,0.0,0.6,1.0,0.816018805252523,924.1115673447365,39.500713017620136,beak,stop,12,0,12,0,0,0,12,0,12,0,12,0,0,12,0,0,0,12,0,0.0,0.0,5.0,0.0,1.0,1.0,1.0,0.0,151.96452889706657,1.0,0.816018805252523,False,10.0,0,0.6,,30.0
beak|H12.0|r5|c0.6|w30open|v10|stop|t0.6|qcfg|gcfg,coin_1yen,12.0,0.18398119474747693,0.0,0.6,0.18398119474747693,0.0,40.42164922204577,10.828480059954002,beak,stop,12,0,0,0,0,3,4,0,0,0,0,0,9,5,1,0,0,12,0,62.432846462182304,11.933739989311958,5.0,0.0,0.0,0.0,0.4166666666666667,0.08333333333333333,0.0,0.6440189850994654,0.2199778806917808,False,10.0,0,0.6,,30.0
beak|H12.0|r5|c0.6|w30open|v10|stop|t0.6|qcfg|gcfg,crumb_cube,12.0,0.18398119474747693,0.0,0.6,0.18398119474747693,0.0,10.8980958579164,0.0002465395053195124,beak,stop,12,12,0,0,0,0,0,0,0,0,0,0,12,0,0,0,0,12,0,0.05995744471930936,0.01011302009235974,5.0,0.0,0.0,0.0,0.0,0.0,0.0,0.18398119474747693,0.0,False,10.0,0,0.6,,30.0
beak|H12.0|r5|c0.6|w30open|v2|adv|t0.6|qcfg|gcfg,battery_cr2032,12.0,0.30116827943986896,0.018816049516361844,0.6,0.30116827943986896,0.018816049516361844,111.73856154492124,40.215336323771915,beak,adv,12,0,1,0,1,4,10,0,1,0,0,0,7,8,1,1,0,12,0,29.4323795655596,12.134392892610245,5.0,0.08333333333333333,0.08333333333333333,0.08333333333333333,0.6666666666666666,0.08333333333333333,32.980799372750305,0.8405146550741593,0.4314916133433481,False,2.0,1,0.6,,30.0
beak|H12.0|r5|c0.6|w30open|v2|adv|t0.6|qcfg|gcfg,bead,12.0,0.18398119474747693,0.0,0.6,1.0,0.816018805252523,2049.3780112744075,41.28212790105476,beak,adv,12,0,12,0,0,0,12,0,12,0,12,0,0,12,0,0,0,12,0,0.0,0.0,5.0,0.0,1.0,1.0,1.0,0.0,219.47754063086515,1.0,0.816018805252523,False,2.0,0,0.6,,30.0
beak|H12.0|r5|c0.6|w30open|v2|adv|t0.6|qcfg|gcfg,coin_1yen,12.0,0.18398119474747693,0.0,0.6,0.18398119474747693,0.0,43.513787989742525,10.230977879655343,beak,adv,12,0,0,0,0,1,4,0,0,0,0,0,11,5,1,0,0,12,0,59.50274068827568,18.089893673462623,5.0,0.0,0.0,0.0,0.4166666666666667,0.08333333333333333,0.0,0.6440189850994654,0.2199778806917808,False,2.0,0,0.6,,30.0
beak|H12.0|r5|c0.6|w30open|v2|adv|t0.6|qcfg|gcfg,crumb_cube,12.0,0.18398119474747693,0.0,0.6,0.18398119474747693,0.0,10.669696060420135,0.037837760767152166,beak,adv,12,12,0,0,0,0,0,0,0,0,0,0,12,0,0,0,0,12,0,2.261315441998764,2.087297319138522,5.0,0.0,0.0,0.0,0.0,0.0,0.0,0.18398119474747693,0.0,False,2.0,0,0.6,,30.0
beak|H12.0|r5|c0.6|w30open|v2|stop|t0.6|qcfg|gcfg,battery_cr2032,12.0,0.18398119474747693,0.0,0.6,0.18398119474747693,0.0,89.23998727369481,16.987149026564158,beak,stop,12,0,0,0,0,2,10,0,1,0,1,0,9,7,1,0,0,12,0,38.244195744350236,13.127859999679158,5.0,0.0,0.0,0.08333333333333333,0.5833333333333334,0.08333333333333333,194.27603677805598,0.7800221193082193,0.3559810149005347,False,2.0,0,0.6,,30.0
beak|H12.0|r5|c0.6|w30open|v2|stop|t0.6|qcfg|gcfg,bead,12.0,0.18398119474747693,0.0,0.6,1.0,0.816018805252523,1963.3363629233856,41.532403745321645,beak,stop,12,0,12,0,0,0,12,0,12,0,12,0,0,12,0,0,0,12,0,0.0,0.0,5.0,0.0,1.0,1.0,1.0,0.0,220.72728129825302,1.0,0.816018805252523,False,2.0,0,0.6,,30.0
beak|H12.0|r5|c0.6|w30open|v2|stop|t0.6|qcfg|gcfg,coin_1yen,12.0,0.18398119474747693,0.0,0.6,0.18398119474747693,0.0,42.05449572953107,11.110995590029242,beak,stop,12,0,0,0,0,4,4,0,0,0,0,0,8,6,2,0,0,12,0,7.765336907377199,5.773763257917434,5.0,0.0,0.0,0.0,0.5,0.16666666666666666,0.0,0.7144651456224747,0.2855348543775254,False,2.0,0,0.6,,30.0
beak|H12.0|r5|c0.6|w30open|v2|stop|t0.6|qcfg|gcfg,crumb_cube,12.0,0.18398119474747693,0.0,0.6,0.18398119474747693,0.0,10.900476131238328,0.0,beak,stop,12,12,0,0,0,0,0,0,0,0,0,0,12,0,0,0,0,12,0,0.04280035167755075,0.007133391946258459,5.0,0.0,0.0,0.0,0.0,0.0,0.0,0.18398119474747693,0.0,False,2.0,0,0.6,,30.0
beak|H12.0|r5|c0.6|w40cup|v10|adv|t0.6|qcfg|gcfg,battery_cr2032,12.0,0.18398119474747693,0.0,0.6,0.18398119474747693,0.0,15.859480465029037,7.067728267252108,beak,adv,12,0,0,0,0,0,9,0,0,0,0,0,12,6,1,0,0,12,0,36.86764859678122,20.509298194981664,5.0,0.0,0.0,0.0,0.5,0.08333333333333333,0.0,0.7144651456224747,0.2855348543775254,True,10.0,0,0.6,,40.0
beak|H12.0|r5|c0.6|w40cup|v10|adv|t0.6|qcfg|gcfg,bead,12.0,0.18398119474747693,0.0,0.6,1.0,0.816018805252523,1686.9923994518076,41.17952474741436,beak,adv,12,0,12,0,0,0,12,0,12,0,12,0,0,12,0,0,0,12,0,0.0,0.0,5.0,0.0,1.0,1.0,1.0,0.0,201.0096783486831,1.0,0.816018805252523,True,10.0,0,0.6,,40.0
beak|H12.0|r5|c0.6|w40cup|v10|adv|t0.6|qcfg|gcfg,coin_1yen,12.0,0.18398119474747693,0.0,0.6,0.18398119474747693,0.0,14.88848202227556,1.948802780030797,beak,adv,12,0,0,0,0,0,0,0,0,0,0,0,12,4,4,0,0,12,0,25.532155374882617,25.41165187238114,5.0,0.0,0.0,0.0,0.3333333333333333,0.3333333333333333,0.0,0.5685083866566518,0.1594853449258405,True,10.0,0,0.6,,40.0
beak|H12.0|r5|c0.6|w40cup|v10|adv|t0.6|qcfg|gcfg,crumb_cube,12.0,0.18398119474747693,0.0,0.6,0.18398119474747693,0.0,9.94737723814529,0.2552066923560388,beak,adv,12,12,0,0,0,0,0,0,0,0,0,0,12,0,0,0,0,12,0,11.040189221147454,10.797066464271984,5.0,0.0,0.0,0.0,0.0,0.0,0.0,0.18398119474747693,0.0,True,10.0,0,0.6,,40.0
beak|H12.0|r5|c0.6|w40cup|v10|stop|t0.6|qcfg|gcfg,battery_cr2032,12.0,0.18398119474747693,0.0,0.6,0.18398119474747693,0.0,33.567142008558875,6.569922764454986,beak,stop,12,0,0,0,0,0,9,0,0,0,0,0,12,6,1,0,0,12,0,30.48313263171095,12.077739371033026,5.0,0.0,0.0,0.0,0.5,0.08333333333333333,0.0,0.7144651456224747,0.2855348543775254,True,10.0,0,0.6,,40.0
beak|H12.0|r5|c0.6|w40cup|v10|stop|t0.6|qcfg|gcfg,bead,12.0,0.18398119474747693,0.0,0.6,1.0,0.816018805252523,924.1115673447365,39.500713017620136,beak,stop,12,0,12,0,0,0,12,0,12,0,12,0,0,12,0,0,0,12,0,0.0,0.0,5.0,0.0,1.0,1.0,1.0,0.0,151.96452889706657,1.0,0.816018805252523,True,10.0,0,0.6,,40.0
beak|H12.0|r5|c0.6|w40cup|v10|stop|t0.6|qcfg|gcfg,coin_1yen,12.0,0.18398119474747693,0.0,0.6,0.18398119474747693,0.0,19.416996884202003,1.2290584265735052,beak,stop,12,0,0,0,0,0,0,0,0,0,0,0,12,1,1,0,0,12,0,5.663268401865554,4.787921676664847,5.0,0.0,0.0,0.0,0.08333333333333333,0.08333333333333333,0.0,0.30116827943986896,0.018816049516361844,True,10.0,0,0.6,,40.0
beak|H12.0|r5|c0.6|w40cup|v10|stop|t0.6|qcfg|gcfg,crumb_cube,12.0,0.18398119474747693,0.0,0.6,0.18398119474747693,0.0,10.920880592208965,0.0002465395053195124,beak,stop,12,12,0,0,0,0,0,0,0,0,0,0,12,0,0,0,0,12,0,0.05995744467807845,0.010113785456543808,5.0,0.0,0.0,0.0,0.0,0.0,0.0,0.18398119474747693,0.0,True,10.0,0,0.6,,40.0
beak|H12.0|r5|c0.6|w40cup|v2|adv|t0.6|qcfg|gcfg,battery_cr2032,12.0,0.18398119474747693,0.0,0.6,0.18398119474747693,0.0,59.167250188410215,6.770319314337865,beak,adv,12,0,0,0,0,1,10,0,0,0,0,0,11,8,1,0,0,12,0,46.1891097291836,18.727618389322338,5.0,0.0,0.0,0.0,0.6666666666666666,0.08333333333333333,0.0,0.8405146550741593,0.4314916133433481,True,2.0,0,0.6,,40.0
beak|H12.0|r5|c0.6|w40cup|v2|adv|t0.6|qcfg|gcfg,bead,12.0,0.18398119474747693,0.0,0.6,1.0,0.816018805252523,2049.3780112744075,41.28212790105476,beak,adv,12,0,12,0,0,0,12,0,12,0,12,0,0,12,0,0,0,12,0,0.0,0.0,5.0,0.0,1.0,1.0,1.0,0.0,219.47754063086515,1.0,0.816018805252523,True,2.0,0,0.6,,40.0
beak|H12.0|r5|c0.6|w40cup|v2|adv|t0.6|qcfg|gcfg,coin_1yen,12.0,0.18398119474747693,0.0,0.6,0.18398119474747693,0.0,15.902047911350614,3.6220290584177848,beak,adv,12,0,0,0,0,0,0,0,0,0,0,0,12,3,3,0,0,12,0,8.671047079120232,6.29160844066946,5.0,0.0,0.0,0.0,0.25,0.25,0.0,0.4873380318032493,0.10465256557048919,True,2.0,0,0.6,,40.0
beak|H12.0|r5|c0.6|w40cup|v2|adv|t0.6|qcfg|gcfg,crumb_cube,12.0,0.18398119474747693,0.0,0.6,0.18398119474747693,0.0,10.69809542335951,0.06963526580641785,beak,adv,12,12,0,0,0,0,0,0,0,0,0,0,12,0,0,0,0,12,0,2.261315441999874,2.0963530663577536,5.0,0.0,0.0,0.0,0.0,0.0,0.0,0.18398119474747693,0.0,True,2.0,0,0.6,,40.0
beak|H12.0|r5|c0.6|w40cup|v2|stop|t0.6|qcfg|gcfg,battery_cr2032,12.0,0.18398119474747693,0.0,0.6,0.18398119474747693,0.0,32.47992994497173,4.289857698450166,beak,stop,12,0,0,0,0,0,10,0,0,0,0,0,12,9,2,0,0,12,0,30.365542651245114,8.885310498798663,5.0,0.0,0.0,0.0,0.75,0.16666666666666666,0.0,0.8953474344295108,0.5126619681967507,True,2.0,0,0.6,,40.0
beak|H12.0|r5|c0.6|w40cup|v2|stop|t0.6|qcfg|gcfg,bead,12.0,0.18398119474747693,0.0,0.6,1.0,0.816018805252523,1963.3363629233856,41.532403745321645,beak,stop,12,0,12,0,0,0,12,0,12,0,12,0,0,12,0,0,0,12,0,0.0,0.0,5.0,0.0,1.0,1.0,1.0,0.0,220.72728129825302,1.0,0.816018805252523,True,2.0,0,0.6,,40.0
beak|H12.0|r5|c0.6|w40cup|v2|stop|t0.6|qcfg|gcfg,coin_1yen,12.0,0.18398119474747693,0.0,0.6,0.18398119474747693,0.0,20.1154097202279,1.6860405469865984,beak,stop,12,0,0,0,0,0,0,0,0,0,0,0,12,3,3,0,0,12,0,7.3522254628691215,5.467141362186905,5.0,0.0,0.0,0.0,0.25,0.25,0.0,0.4873380318032493,0.10465256557048919,True,2.0,0,0.6,,40.0
beak|H12.0|r5|c0.6|w40cup|v2|stop|t0.6|qcfg|gcfg,crumb_cube,12.0,0.18398119474747693,0.0,0.6,0.18398119474747693,0.0,10.923209099664236,0.0,beak,stop,12,12,0,0,0,0,0,0,0,0,0,0,12,0,0,0,0,12,0,0.0428003522262993,0.00713339203771655,5.0,0.0,0.0,0.0,0.0,0.0,0.0,0.18398119474747693,0.0,True,2.0,0,0.6,,40.0
beak|H12.0|r8|c0.3|w30open|v10|adv|t0.6|qcfg|gcfg,battery_cr2032,12.0,0.18398119474747693,0.0,0.3,0.18398119474747693,0.0,47.8622518310877,15.293068287304536,beak,adv,12,0,0,0,0,4,9,0,0,0,0,0,8,7,0,0,0,12,0,24.898379202175477,19.520222964507933,8.0,0.0,0.0,0.0,0.5833333333333334,0.0,0.0,0.7800221193082193,0.3559810149005347,False,10.0,0,0.6,,30.0
beak|H12.0|r8|c0.3|w30open|v10|adv|t0.6|qcfg|gcfg,bead,12.0,0.18398119474747693,0.0,0.3,1.0,0.816018805252523,2991.6122126069913,63.54101111675116,beak,adv,12,0,12,0,0,0,12,0,12,0,12,0,0,12,0,0,0,12,0,0.0,0.0,8.0,0.0,1.0,1.0,1.0,0.0,457.5837623756612,1.0,0.816018805252523,False,10.0,0,0.6,,30.0
beak|H12.0|r8|c0.3|w30open|v10|adv|t0.6|qcfg|gcfg,coin_1yen,12.0,0.18398119474747693,0.0,0.3,0.18398119474747693,0.0,25.172404194564038,7.9892617731878826,beak,adv,12,0,0,0,0,0,4,0,1,1,0,0,11,6,2,0,0,12,0,56.42775104659113,31.74556298915231,8.0,0.0,0.0,0.08333333333333333,0.5,0.16666666666666666,1.1182904610954196,0.7144651456224747,0.2855348543775254,False,10.0,0,0.6,,30.0
beak|H12.0|r8|c0.3|w30open|v10|adv|t0.6|qcfg|gcfg,crumb_cube,12.0,0.18398119474747693,0.0,0.3,0.18398119474747693,0.0,12.9521192401649,0.2313090591757518,beak,adv,12,12,0,0,0,0,0,0,0,0,0,0,12,0,0,0,0,12,0,9.59366824882027,9.384980735298456,8.0,0.0,0.0,0.0,0.0,0.0,0.0,0.18398119474747693,0.0,False,10.0,0,0.6,,30.0
beak|H12.0|r8|c0.3|w30open|v10|stop|t0.6|qcfg|gcfg,battery_cr2032,12.0,0.18398119474747693,0.0,0.3,0.18398119474747693,0.0,58.20063888036847,17.242218040712263,beak,stop,12,0,0,0,0,3,9,0,1,0,0,0,9,8,1,0,0,12,0,24.354049332252284,14.108555644462333,8.0,0.0,0.0,0.08333333333333333,0.6666666666666666,0.08333333333333333,14.49179711027641,0.8405146550741593,0.4314916133433481,False,10.0,0,0.6,,30.0
beak|H12.0|r8|c0.3|w30open|v10|stop|t0.6|qcfg|gcfg,bead,12.0,0.18398119474747693,0.0,0.3,1.0,0.816018805252523,2956.972281621103,63.660533243161964,beak,stop,12,0,12,0,0,0,12,0,12,0,12,0,0,12,0,0,0,12,0,0.0,0.0,8.0,0.0,1.0,1.0,1.0,0.0,460.28450741664483,1.0,0.816018805252523,False,10.0,0,0.6,,30.0
beak|H12.0|r8|c0.3|w30open|v10|stop|t0.6|qcfg|gcfg,coin_1yen,12.0,0.18398119474747693,0.0,0.3,0.18398119474747693,0.0,35.5003655994334,7.351479105190074,beak,stop,12,0,0,0,0,1,4,0,0,0,0,0,11,5,1,0,0,12,0,53.11958027270031,16.128271450636863,8.0,0.0,0.0,0.0,0.4166666666666667,0.08333333333333333,0.0,0.6440189850994654,0.2199778806917808,False,10.0,0,0.6,,30.0
beak|H12.0|r8|c0.3|w30open|v10|stop|t0.6|qcfg|gcfg,crumb_cube,12.0,0.18398119474747693,0.0,0.3,0.18398119474747693,0.0,13.862316681811562,0.0002465274513601193,beak,stop,12,12,0,0,0,0,0,0,0,0,0,0,12,0,0,0,0,12,0,0.061978675049693954,0.011186056868355923,8.0,0.0,0.0,0.0,0.0,0.0,0.0,0.18398119474747693,0.0,False,10.0,0,0.6,,30.0
beak|H12.0|r8|c0.3|w30open|v2|adv|t0.6|qcfg|gcfg,battery_cr2032,12.0,0.18398119474747693,0.0,0.3,0.18398119474747693,0.0,87.76335712301717,25.540737612360356,beak,adv,12,0,0,0,0,4,8,0,0,0,0,0,8,6,1,0,0,12,0,19.728262932496673,6.660927784008054,8.0,0.0,0.0,0.0,0.5,0.08333333333333333,0.0,0.7144651456224747,0.2855348543775254,False,2.0,0,0.6,,30.0
beak|H12.0|r8|c0.3|w30open|v2|adv|t0.6|qcfg|gcfg,bead,12.0,0.18398119474747693,0.0,0.3,1.0,0.816018805252523,3065.4685041342564,61.65857718078711,beak,adv,12,0,12,0,0,0,12,0,12,0,12,0,0,12,0,0,0,12,0,0.0,0.0,8.0,0.0,1.0,1.0,1.0,0.0,449.87309141893337,1.0,0.816018805252523,False,2.0,0,0.6,,30.0
beak|H12.0|r8|c0.3|w30open|v2|adv|t0.6|qcfg|gcfg,coin_1yen,12.0,0.18398119474747693,0.0,0.3,0.18398119474747693,0.0,28.50016381983896,8.24197238395957,beak,adv,12,0,0,0,0,0,4,0,0,0,0,0,12,6,2,0,0,12,0,51.57184011571423,15.35301122620084,8.0,0.0,0.0,0.0,0.5,0.16666666666666666,0.0,0.7144651456224747,0.2855348543775254,False,2.0,0,0.6,,30.0
beak|H12.0|r8|c0.3|w30open|v2|adv|t0.6|qcfg|gcfg,crumb_cube,12.0,0.18398119474747693,0.0,0.3,0.18398119474747693,0.0,13.698822896588757,0.00012782331056549606,beak,adv,12,12,0,0,0,0,0,0,0,0,0,0,12,0,0,0,0,12,0,1.9815236304453892,1.8304957524952317,8.0,0.0,0.0,0.0,0.0,0.0,0.0,0.18398119474747693,0.0,False,2.0,0,0.6,,30.0
beak|H12.0|r8|c0.3|w30open|v2|stop|t0.6|qcfg|gcfg,battery_cr2032,12.0,0.18398119474747693,0.0,0.3,0.18398119474747693,0.0,83.00531036699253,16.441078578044777,beak,stop,12,0,0,0,0,5,7,0,0,0,0,0,7,6,1,0,0,12,0,22.2837843432501,15.941898337785286,8.0,0.0,0.0,0.0,0.5,0.08333333333333333,0.0,0.7144651456224747,0.2855348543775254,False,2.0,0,0.6,,30.0
beak|H12.0|r8|c0.3|w30open|v2|stop|t0.6|qcfg|gcfg,bead,12.0,0.18398119474747693,0.0,0.3,1.0,0.816018805252523,3042.6763339143595,63.41164200176809,beak,stop,12,0,12,0,0,0,12,0,12,0,12,0,0,12,0,0,0,12,0,0.0,0.0,8.0,0.0,1.0,1.0,1.0,0.0,456.93591621499826,1.0,0.816018805252523,False,2.0,0,0.6,,30.0
beak|H12.0|r8|c0.3|w30open|v2|stop|t0.6|qcfg|gcfg,coin_1yen,12.0,0.18398119474747693,0.0,0.3,0.18398119474747693,0.0,35.095279458578226,7.501927384883062,beak,stop,12,0,0,0,0,0,4,0,0,0,0,0,12,6,2,0,0,12,0,52.75252216943577,17.448683658386678,8.0,0.0,0.0,0.0,0.5,0.16666666666666666,0.0,0.7144651456224747,0.2855348543775254,False,2.0,0,0.6,,30.0
beak|H12.0|r8|c0.3|w30open|v2|stop|t0.6|qcfg|gcfg,crumb_cube,12.0,0.18398119474747693,0.0,0.3,0.18398119474747693,0.0,13.864404799088732,0.0,beak,stop,12,12,0,0,0,0,0,0,0,0,0,0,12,0,0,0,0,12,0,0.044795498266698985,0.0074659163777831645,8.0,0.0,0.0,0.0,0.0,0.0,0.0,0.18398119474747693,0.0,False,2.0,0,0.6,,30.0
beak|H12.0|r8|c0.3|w40cup|v10|adv|t0.6|qcfg|gcfg,battery_cr2032,12.0,0.30116827943986896,0.018816049516361844,0.3,0.30116827943986896,0.018816049516361844,18.75065178035557,33.79074594116088,beak,adv,12,0,1,0,1,0,7,0,1,0,0,0,11,9,2,1,0,12,0,50.291431741334506,22.18188932873352,8.0,0.08333333333333333,0.08333333333333333,0.08333333333333333,0.75,0.16666666666666666,27.775217164187563,0.8953474344295108,0.5126619681967507,True,10.0,1,0.6,,40.0
beak|H12.0|r8|c0.3|w40cup|v10|adv|t0.6|qcfg|gcfg,bead,12.0,0.18398119474747693,0.0,0.3,1.0,0.816018805252523,2991.6122126069913,63.54101111675116,beak,adv,12,0,12,0,0,0,12,0,12,0,12,0,0,12,0,0,0,12,0,0.0,0.0,8.0,0.0,1.0,1.0,1.0,0.0,457.5837623756612,1.0,0.816018805252523,True,10.0,0,0.6,,40.0
beak|H12.0|r8|c0.3|w40cup|v10|adv|t0.6|qcfg|gcfg,coin_1yen,12.0,0.18398119474747693,0.0,0.3,0.18398119474747693,0.0,17.82289191743731,1.933438506656525,beak,adv,12,0,0,0,0,0,0,0,0,0,0,0,12,3,3,0,0,12,0,22.66843412496578,22.535064866550936,8.0,0.0,0.0,0.0,0.25,0.25,0.0,0.4873380318032493,0.10465256557048919,True,10.0,0,0.6,,40.0
beak|H12.0|r8|c0.3|w40cup|v10|adv|t0.6|qcfg|gcfg,crumb_cube,12.0,0.18398119474747693,0.0,0.3,0.18398119474747693,0.0,12.95223763432121,0.25481360788223195,beak,adv,12,12,0,0,0,0,0,0,0,0,0,0,12,0,0,0,0,12,0,9.593596759826628,9.385476075776184,8.0,0.0,0.0,0.0,0.0,0.0,0.0,0.18398119474747693,0.0,True,10.0,0,0.6,,40.0
beak|H12.0|r8|c0.3|w40cup|v10|stop|t0.6|qcfg|gcfg,battery_cr2032,12.0,0.18398119474747693,0.0,0.3,0.18398119474747693,0.0,31.192701378855407,7.12972122100067,beak,stop,12,0,0,0,0,1,5,0,1,0,0,0,11,3,1,0,0,12,0,21.55644837731132,12.695590872058727,8.0,0.0,0.0,0.08333333333333333,0.25,0.08333333333333333,3.429649652986151,0.4873380318032493,0.10465256557048919,True,10.0,0,0.6,,40.0
beak|H12.0|r8|c0.3|w40cup|v10|stop|t0.6|qcfg|gcfg,bead,12.0,0.18398119474747693,0.0,0.3,1.0,0.816018805252523,2956.972281621103,63.660533243161964,beak,stop,12,0,12,0,0,0,12,0,12,0,12,0,0,12,0,0,0,12,0,0.0,0.0,8.0,0.0,1.0,1.0,1.0,0.0,460.28450741664483,1.0,0.816018805252523,True,10.0,0,0.6,,40.0
beak|H12.0|r8|c0.3|w40cup|v10|stop|t0.6|qcfg|gcfg,coin_1yen,12.0,0.18398119474747693,0.0,0.3,0.18398119474747693,0.0,22.283190832893222,1.2715345516998011,beak,stop,12,0,0,0,0,0,0,0,0,0,0,0,12,1,1,0,0,12,0,5.5845686515005735,4.748975946993536,8.0,0.0,0.0,0.0,0.08333333333333333,0.08333333333333333,0.0,0.30116827943986896,0.018816049516361844,True,10.0,0,0.6,,40.0
beak|H12.0|r8|c0.3|w40cup|v10|stop|t0.6|qcfg|gcfg,crumb_cube,12.0,0.18398119474747693,0.0,0.3,0.18398119474747693,0.0,13.881635946669126,0.0002465274513601193,beak,stop,12,12,0,0,0,0,0,0,0,0,0,0,12,0,0,0,0,12,0,0.06197867478858338,0.011182690459061081,8.0,0.0,0.0,0.0,0.0,0.0,0.0,0.18398119474747693,0.0,True,10.0,0,0.6,,40.0
beak|H12.0|r8|c0.3|w40cup|v2|adv|t0.6|qcfg|gcfg,battery_cr2032,12.0,0.18398119474747693,0.0,0.3,0.18398119474747693,0.0,28.886696202600433,15.550966419205205,beak,adv,12,0,0,0,0,2,8,0,0,0,0,0,10,6,2,0,0,12,0,22.651154802764154,13.457800929340266,8.0,0.0,0.0,0.0,0.5,0.16666666666666666,0.0,0.7144651456224747,0.2855348543775254,True,2.0,0,0.6,,40.0
beak|H12.0|r8|c0.3|w40cup|v2|adv|t0.6|qcfg|gcfg,bead,12.0,0.18398119474747693,0.0,0.3,1.0,0.816018805252523,3065.4685041342564,61.65857718078711,beak,adv,12,0,12,0,0,0,12,0,12,0,12,0,0,12,0,0,0,12,0,0.0,0.0,8.0,0.0,1.0,1.0,1.0,0.0,449.87309141893337,1.0,0.816018805252523,True,2.0,0,0.6,,40.0
beak|H12.0|r8|c0.3|w40cup|v2|adv|t0.6|qcfg|gcfg,coin_1yen,12.0,0.18398119474747693,0.0,0.3,0.18398119474747693,0.0,18.530990578761525,1.254460376193241,beak,adv,12,0,0,0,0,0,0,0,0,0,0,0,12,2,2,0,0,12,0,8.15751787132947,5.450047500164274,8.0,0.0,0.0,0.0,0.16666666666666666,0.16666666666666666,0.0,0.39920691041554024,0.05678055274944438,True,2.0,0,0.6,,40.0
beak|H12.0|r8|c0.3|w40cup|v2|adv|t0.6|qcfg|gcfg,crumb_cube,12.0,0.18398119474747693,0.0,0.3,0.18398119474747693,0.0,13.720188179008199,0.00012782331056549606,beak,adv,12,12,0,0,0,0,0,0,0,0,0,0,12,0,0,0,0,12,0,1.981523630406448,1.838986989693779,8.0,0.0,0.0,0.0,0.0,0.0,0.0,0.18398119474747693,0.0,True,2.0,0,0.6,,40.0
beak|H12.0|r8|c0.3|w40cup|v2|stop|t0.6|qcfg|gcfg,battery_cr2032,12.0,0.18398119474747693,0.0,0.3,0.18398119474747693,0.0,36.543866723536716,4.964247528255091,beak,stop,12,0,0,0,0,0,8,0,0,0,0,0,12,3,0,0,0,12,0,31.79042954635377,15.827400187198295,8.0,0.0,0.0,0.0,0.25,0.0,0.0,0.4873380318032493,0.10465256557048919,True,2.0,0,0.6,,40.0
beak|H12.0|r8|c0.3|w40cup|v2|stop|t0.6|qcfg|gcfg,bead,12.0,0.18398119474747693,0.0,0.3,1.0,0.816018805252523,3042.6763339143595,63.41164200176809,beak,stop,12,0,12,0,0,0,12,0,12,0,12,0,0,12,0,0,0,12,0,0.0,0.0,8.0,0.0,1.0,1.0,1.0,0.0,456.93591621499826,1.0,0.816018805252523,True,2.0,0,0.6,,40.0
beak|H12.0|r8|c0.3|w40cup|v2|stop|t0.6|qcfg|gcfg,coin_1yen,12.0,0.18398119474747693,0.0,0.3,0.18398119474747693,0.0,22.366731066014726,1.261743819619991,beak,stop,12,0,0,0,0,0,0,0,0,0,0,0,12,1,1,0,0,12,0,5.615034341866658,4.810569187004961,8.0,0.0,0.0,0.0,0.08333333333333333,0.08333333333333333,0.0,0.30116827943986896,0.018816049516361844,True,2.0,0,0.6,,40.0
beak|H12.0|r8|c0.3|w40cup|v2|stop|t0.6|qcfg|gcfg,crumb_cube,12.0,0.18398119474747693,0.0,0.3,0.18398119474747693,0.0,13.883844336330611,0.0,beak,stop,12,12,0,0,0,0,0,0,0,0,0,0,12,0,0,0,0,12,0,0.04479549875530814,0.007465916459218023,8.0,0.0,0.0,0.0,0.0,0.0,0.0,0.18398119474747693,0.0,True,2.0,0,0.6,,40.0
beak|H12.0|r8|c0.6|w30open|v10|adv|t0.6|qcfg|gcfg,battery_cr2032,12.0,0.30116827943986896,0.018816049516361844,0.6,0.30116827943986896,0.018816049516361844,95.04080921795412,34.77264790953327,beak,adv,12,0,1,0,1,4,11,0,1,0,0,0,7,10,0,1,0,12,0,40.286125752982315,17.166357736117586,8.0,0.08333333333333333,0.08333333333333333,0.08333333333333333,0.8333333333333334,0.0,27.86930214779025,0.9432194472505557,0.6007930895844598,False,10.0,1,0.6,,30.0
beak|H12.0|r8|c0.6|w30open|v10|adv|t0.6|qcfg|gcfg,bead,12.0,0.18398119474747693,0.0,0.6,1.0,0.816018805252523,1962.1329202202612,37.4427501530044,beak,adv,12,0,12,0,0,0,12,0,12,0,12,0,0,12,0,0,0,12,0,0.0,0.0,8.0,0.0,1.0,1.0,1.0,0.0,196.80881014893708,1.0,0.816018805252523,False,10.0,0,0.6,,30.0
beak|H12.0|r8|c0.6|w30open|v10|adv|t0.6|qcfg|gcfg,coin_1yen,12.0,0.18398119474747693,0.0,0.6,0.18398119474747693,0.0,35.03638838196095,11.44476610927046,beak,adv,12,0,0,0,0,2,4,0,1,0,0,0,10,6,2,0,0,12,0,62.53519075513517,31.519735700320325,8.0,0.0,0.0,0.08333333333333333,0.5,0.16666666666666666,9.47321405828301,0.7144651456224747,0.2855348543775254,False,10.0,0,0.6,,30.0
beak|H12.0|r8|c0.6|w30open|v10|adv|t0.6|qcfg|gcfg,crumb_cube,12.0,0.18398119474747693,0.0,0.6,0.18398119474747693,0.0,12.881546375079717,0.23139006354411673,beak,adv,12,12,0,0,0,0,0,0,0,0,0,0,12,0,0,0,0,12,0,11.040682859090989,10.795972476896415,8.0,0.0,0.0,0.0,0.0,0.0,0.0,0.18398119474747693,0.0,False,10.0,0,0.6,,30.0
beak|H12.0|r8|c0.6|w30open|v10|stop|t0.6|qcfg|gcfg,battery_cr2032,12.0,0.39920691041554024,0.05678055274944438,0.6,0.39920691041554024,0.05678055274944438,99.00221146407848,43.922131638153786,beak,stop,12,0,2,0,2,5,12,0,2,0,0,0,5,9,0,2,0,12,0,34.13639265935974,14.672583004711987,8.0,0.16666666666666666,0.16666666666666666,0.16666666666666666,0.75,0.0,35.425885230388914,0.8953474344295108,0.5126619681967507,False,10.0,2,0.6,,30.0
beak|H12.0|r8|c0.6|w30open|v10|stop|t0.6|qcfg|gcfg,bead,12.0,0.18398119474747693,0.0,0.6,1.0,0.816018805252523,1061.1996942826872,37.84075796849455,beak,stop,12,0,12,0,0,0,12,0,12,0,12,0,0,12,0,0,0,12,0,0.0,0.0,8.0,0.0,1.0,1.0,1.0,0.0,177.3982265939498,1.0,0.816018805252523,False,10.0,0,0.6,,30.0
beak|H12.0|r8|c0.6|w30open|v10|stop|t0.6|qcfg|gcfg,coin_1yen,12.0,0.18398119474747693,0.0,0.6,0.18398119474747693,0.0,41.19901790650929,11.111938379229613,beak,stop,12,0,0,0,0,2,5,0,1,0,0,0,10,6,2,0,0,12,0,62.22193505196474,16.798483005141183,8.0,0.0,0.0,0.08333333333333333,0.5,0.16666666666666666,20.955742431943953,0.7144651456224747,0.2855348543775254,False,10.0,0,0.6,,30.0
beak|H12.0|r8|c0.6|w30open|v10|stop|t0.6|qcfg|gcfg,crumb_cube,12.0,0.18398119474747693,0.0,0.6,0.18398119474747693,0.0,13.83253403936667,0.0002465274513601193,beak,stop,12,12,0,0,0,0,0,0,0,0,0,0,12,0,0,0,0,12,0,0.05995688831404722,0.010109993677900423,8.0,0.0,0.0,0.0,0.0,0.0,0.0,0.18398119474747693,0.0,False,10.0,0,0.6,,30.0
beak|H12.0|r8|c0.6|w30open|v2|adv|t0.6|qcfg|gcfg,battery_cr2032,12.0,0.18398119474747693,0.0,0.6,0.18398119474747693,0.0,81.48941118071419,36.745687607709954,beak,adv,12,0,0,0,0,4,10,0,0,0,0,0,8,7,1,0,0,12,0,31.23434737314822,11.495514066428479,8.0,0.0,0.0,0.0,0.5833333333333334,0.08333333333333333,0.0,0.7800221193082193,0.3559810149005347,False,2.0,0,0.6,,30.0
beak|H12.0|r8|c0.6|w30open|v2|adv|t0.6|qcfg|gcfg,bead,12.0,0.18398119474747693,0.0,0.6,1.0,0.816018805252523,2223.427001247615,30.440130677194855,beak,adv,12,0,12,0,0,0,12,0,12,0,12,0,0,12,0,0,0,12,0,0.0,0.0,8.0,0.0,1.0,1.0,1.0,0.0,227.8787727345866,1.0,0.816018805252523,False,2.0,0,0.6,,30.0
beak|H12.0|r8|c0.6|w30open|v2|adv|t0.6|qcfg|gcfg,coin_1yen,12.0,0.18398119474747693,0.0,0.6,0.18398119474747693,0.0,59.07441576095011,21.96235619408345,beak,adv,12,0,0,0,0,4,4,0,0,0,0,0,8,6,2,0,0,12,0,8.040381827637042,5.898977285954938,8.0,0.0,0.0,0.0,0.5,0.16666666666666666,0.0,0.7144651456224747,0.2855348543775254,False,2.0,0,0.6,,30.0
beak|H12.0|r8|c0.6|w30open|v2|adv|t0.6|qcfg|gcfg,crumb_cube,12.0,0.18398119474747693,0.0,0.6,0.18398119474747693,0.0,13.604135552180553,0.0377585213553527,beak,adv,12,12,0,0,0,0,0,0,0,0,0,0,12,0,0,0,0,12,0,2.261314872269167,2.0872826727721727,8.0,0.0,0.0,0.0,0.0,0.0,0.0,0.18398119474747693,0.0,False,2.0,0,0.6,,30.0
beak|H12.0|r8|c0.6|w30open|v2|stop|t0.6|qcfg|gcfg,battery_cr2032,12.0,0.18398119474747693,0.0,0.6,0.18398119474747693,0.0,125.21011374642923,39.86024367366733,beak,stop,12,0,0,0,0,2,8,0,2,0,2,0,8,10,3,0,0,12,0,36.43828795802119,11.971915084295325,8.0,0.0,0.0,0.16666666666666666,0.8333333333333334,0.25,51.70998040182625,0.9432194472505557,0.6007930895844598,False,2.0,0,0.6,,30.0
beak|H12.0|r8|c0.6|w30open|v2|stop|t0.6|qcfg|gcfg,bead,12.0,0.18398119474747693,0.0,0.6,1.0,0.816018805252523,2191.1317509219252,30.516126335221823,beak,stop,12,0,12,0,0,0,12,0,12,0,12,0,0,12,0,0,0,12,0,0.0,0.0,8.0,0.0,1.0,1.0,1.0,0.0,211.50805044290212,1.0,0.816018805252523,False,2.0,0,0.6,,30.0
beak|H12.0|r8|c0.6|w30open|v2|stop|t0.6|qcfg|gcfg,coin_1yen,12.0,0.18398119474747693,0.0,0.6,0.18398119474747693,0.0,35.73957096125587,4.744323226660202,beak,stop,12,0,0,0,0,4,4,0,0,0,0,0,8,4,1,0,0,12,0,5.573105633335781,4.615129873812716,8.0,0.0,0.0,0.0,0.3333333333333333,0.08333333333333333,0.0,0.5685083866566518,0.1594853449258405,False,2.0,0,0.6,,30.0
beak|H12.0|r8|c0.6|w30open|v2|stop|t0.6|qcfg|gcfg,crumb_cube,12.0,0.18398119474747693,0.0,0.6,0.18398119474747693,0.0,13.834918296824895,0.0,beak,stop,12,12,0,0,0,0,0,0,0,0,0,0,12,0,0,0,0,12,0,0.04279951729154602,0.007133252881924336,8.0,0.0,0.0,0.0,0.0,0.0,0.0,0.18398119474747693,0.0,False,2.0,0,0.6,,30.0
beak|H12.0|r8|c0.6|w40cup|v10|adv|t0.6|qcfg|gcfg,battery_cr2032,12.0,0.18398119474747693,0.0,0.6,0.18398119474747693,0.0,16.177149708610404,7.2174461175390805,beak,adv,12,0,0,0,0,0,11,0,0,0,0,0,12,9,1,0,0,12,0,33.57767190153773,12.38358717695337,8.0,0.0,0.0,0.0,0.75,0.08333333333333333,0.0,0.8953474344295108,0.5126619681967507,True,10.0,0,0.6,,40.0
beak|H12.0|r8|c0.6|w40cup|v10|adv|t0.6|qcfg|gcfg,bead,12.0,0.18398119474747693,0.0,0.6,1.0,0.816018805252523,1962.1329202202612,37.4427501530044,beak,adv,12,0,12,0,0,0,12,0,12,0,12,0,0,12,0,0,0,12,0,0.0,0.0,8.0,0.0,1.0,1.0,1.0,0.0,196.80881014893708,1.0,0.816018805252523,True,10.0,0,0.6,,40.0
beak|H12.0|r8|c0.6|w40cup|v10|adv|t0.6|qcfg|gcfg,coin_1yen,12.0,0.18398119474747693,0.0,0.6,0.18398119474747693,0.0,17.823039066951427,1.7871688932831968,beak,adv,12,0,0,0,0,0,0,0,0,0,0,0,12,1,1,0,0,12,0,25.529490907958042,25.41576541527348,8.0,0.0,0.0,0.0,0.08333333333333333,0.08333333333333333,0.0,0.30116827943986896,0.018816049516361844,True,10.0,0,0.6,,40.0
beak|H12.0|r8|c0.6|w40cup|v10|adv|t0.6|qcfg|gcfg,crumb_cube,12.0,0.18398119474747693,0.0,0.6,0.18398119474747693,0.0,12.881819360548832,0.25578576403270487,beak,adv,12,12,0,0,0,0,0,0,0,0,0,0,12,0,0,0,0,12,0,11.040188453962353,10.797081951562875,8.0,0.0,0.0,0.0,0.0,0.0,0.0,0.18398119474747693,0.0,True,10.0,0,0.6,,40.0
beak|H12.0|r8|c0.6|w40cup|v10|stop|t0.6|qcfg|gcfg,battery_cr2032,12.0,0.18398119474747693,0.0,0.6,0.18398119474747693,0.0,53.46419928083146,6.627281665503758,beak,stop,12,0,0,0,0,0,10,0,1,0,1,0,11,7,1,0,0,12,0,33.04809352215679,8.027538281965091,8.0,0.0,0.0,0.08333333333333333,0.5833333333333334,0.08333333333333333,0.0,0.7800221193082193,0.3559810149005347,True,10.0,0,0.6,,40.0
beak|H12.0|r8|c0.6|w40cup|v10|stop|t0.6|qcfg|gcfg,bead,12.0,0.18398119474747693,0.0,0.6,1.0,0.816018805252523,1061.1996942826872,37.84075796849455,beak,stop,12,0,12,0,0,0,12,0,12,0,12,0,0,12,0,0,0,12,0,0.0,0.0,8.0,0.0,1.0,1.0,1.0,0.0,177.3982265939498,1.0,0.816018805252523,True,10.0,0,0.6,,40.0
beak|H12.0|r8|c0.6|w40cup|v10|stop|t0.6|qcfg|gcfg,coin_1yen,12.0,0.18398119474747693,0.0,0.6,0.18398119474747693,0.0,22.51178624984151,1.3054344462342888,beak,stop,12,0,0,0,0,0,0,0,0,0,0,0,12,2,2,0,0,12,0,6.311201233182614,4.949569204037826,8.0,0.0,0.0,0.0,0.16666666666666666,0.16666666666666666,0.0,0.39920691041554024,0.05678055274944438,True,10.0,0,0.6,,40.0
beak|H12.0|r8|c0.6|w40cup|v10|stop|t0.6|qcfg|gcfg,crumb_cube,12.0,0.18398119474747693,0.0,0.6,0.18398119474747693,0.0,13.855319506400134,0.0002465274513601193,beak,stop,12,12,0,0,0,0,0,0,0,0,0,0,12,0,0,0,0,12,0,0.05995688835784552,0.010110759053361349,8.0,0.0,0.0,0.0,0.0,0.0,0.0,0.18398119474747693,0.0,True,10.0,0,0.6,,40.0
beak|H12.0|r8|c0.6|w40cup|v2|adv|t0.6|qcfg|gcfg,battery_cr2032,12.0,0.18398119474747693,0.0,0.6,0.18398119474747693,0.0,33.58368969743912,7.183275063859632,beak,adv,12,0,0,0,0,0,8,0,0,0,0,0,12,5,2,0,0,12,0,36.297450750035495,14.72472732473325,8.0,0.0,0.0,0.0,0.4166666666666667,0.16666666666666666,0.0,0.6440189850994654,0.2199778806917808,True,2.0,0,0.6,,40.0
beak|H12.0|r8|c0.6|w40cup|v2|adv|t0.6|qcfg|gcfg,bead,12.0,0.18398119474747693,0.0,0.6,1.0,0.816018805252523,2223.427001247615,30.440130677194855,beak,adv,12,0,12,0,0,0,12,0,12,0,12,0,0,12,0,0,0,12,0,0.0,0.0,8.0,0.0,1.0,1.0,1.0,0.0,227.8787727345866,1.0,0.816018805252523,True,2.0,0,0.6,,40.0
beak|H12.0|r8|c0.6|w40cup|v2|adv|t0.6|qcfg|gcfg,coin_1yen,12.0,0.18398119474747693,0.0,0.6,0.18398119474747693,0.0,18.410151555926902,1.3112239608550724,beak,adv,12,0,0,0,0,0,0,0,0,0,0,0,12,2,2,0,0,12,0,8.67251536320409,5.871113703121275,8.0,0.0,0.0,0.0,0.16666666666666666,0.16666666666666666,0.0,0.39920691041554024,0.05678055274944438,True,2.0,0,0.6,,40.0
beak|H12.0|r8|c0.6|w40cup|v2|adv|t0.6|qcfg|gcfg,crumb_cube,12.0,0.18398119474747693,0.0,0.6,0.18398119474747693,0.0,13.632541495949495,0.06967237126619379,beak,adv,12,12,0,0,0,0,0,0,0,0,0,0,12,0,0,0,0,12,0,2.2613148723018006,2.096354906554095,8.0,0.0,0.0,0.0,0.0,0.0,0.0,0.18398119474747693,0.0,True,2.0,0,0.6,,40.0
beak|H12.0|r8|c0.6|w40cup|v2|stop|t0.6|qcfg|gcfg,battery_cr2032,12.0,0.18398119474747693,0.0,0.6,0.18398119474747693,0.0,39.55017895425046,12.319117167321382,beak,stop,12,0,0,0,0,0,10,0,0,0,0,0,12,7,1,0,0,12,0,31.237053743674018,15.31261086016611,8.0,0.0,0.0,0.0,0.5833333333333334,0.08333333333333333,0.0,0.7800221193082193,0.3559810149005347,True,2.0,0,0.6,,40.0
beak|H12.0|r8|c0.6|w40cup|v2|stop|t0.6|qcfg|gcfg,bead,12.0,0.18398119474747693,0.0,0.6,1.0,0.816018805252523,2191.1317509219252,30.516126335221823,beak,stop,12,0,12,0,0,0,12,0,12,0,12,0,0,12,0,0,0,12,0,0.0,0.0,8.0,0.0,1.0,1.0,1.0,0.0,211.50805044290212,1.0,0.816018805252523,True,2.0,0,0.6,,40.0
beak|H12.0|r8|c0.6|w40cup|v2|stop|t0.6|qcfg|gcfg,coin_1yen,12.0,0.18398119474747693,0.0,0.6,0.18398119474747693,0.0,22.60504116652992,1.112641463122145,beak,stop,12,0,0,0,0,0,0,0,0,0,0,0,12,1,1,0,0,12,0,7.660947396657132,5.0250676917727795,8.0,0.0,0.0,0.0,0.08333333333333333,0.08333333333333333,0.0,0.30116827943986896,0.018816049516361844,True,2.0,0,0.6,,40.0
beak|H12.0|r8|c0.6|w40cup|v2|stop|t0.6|qcfg|gcfg,crumb_cube,12.0,0.18398119474747693,0.0,0.6,0.18398119474747693,0.0,13.857651266240504,0.0,beak,stop,12,12,0,0,0,0,0,0,0,0,0,0,12,0,0,0,0,12,0,0.04279951971616902,0.00713325328602817,8.0,0.0,0.0,0.0,0.0,0.0,0.0,0.18398119474747693,0.0,True,2.0,0,0.6,,40.0
beak|H15.0|r10|c0.3|w30open|v10|adv|t0.6|qcfg|gcfg,battery_cr2032,15.0,0.18398119474747693,0.0,0.3,0.18398119474747693,0.0,79.92144551265507,39.98290313938666,beak,adv,12,0,0,0,0,1,9,0,3,0,3,0,8,9,3,0,0,12,0,22.718035176130225,7.434806118808938,10.0,0.0,0.0,0.25,0.75,0.25,168.81117625234276,0.8953474344295108,0.5126619681967507,False,10.0,0,0.6,,30.0
beak|H15.0|r10|c0.3|w30open|v10|adv|t0.6|qcfg|gcfg,bead,15.0,0.5685083866566518,0.1594853449258405,0.3,1.0,0.816018805252523,955.4806997591969,30.226639693766796,beak,adv,12,0,12,2,6,0,12,0,12,0,6,0,0,12,0,4,0,12,0,0.0,0.0,10.0,0.3333333333333333,1.0,1.0,1.0,0.0,211.19732743162237,1.0,0.816018805252523,False,10.0,4,0.6,,30.0
beak|H15.0|r10|c0.3|w30open|v10|adv|t0.6|qcfg|gcfg,coin_1yen,15.0,0.18398119474747693,0.0,0.3,0.18398119474747693,0.0,90.0907365744896,25.583997052445756,beak,adv,12,0,0,0,0,3,4,0,2,0,1,0,8,4,0,0,0,12,0,22.238413116326843,22.139498023064252,10.0,0.0,0.0,0.16666666666666666,0.3333333333333333,0.0,206.60297977831976,0.5685083866566518,0.1594853449258405,False,10.0,0,0.6,,30.0
beak|H15.0|r10|c0.3|w30open|v10|adv|t0.6|qcfg|gcfg,crumb_cube,15.0,0.18398119474747693,0.0,0.3,0.5685083866566518,0.1594853449258405,742.1243075211825,589.5861490120102,beak,adv,12,8,4,0,0,0,4,0,4,0,4,0,8,4,0,0,0,12,0,10.171698021036574,9.943044550187452,10.0,0.0,0.3333333333333333,0.3333333333333333,0.3333333333333333,0.0,2261.680667683182,0.5685083866566518,0.1594853449258405,False,10.0,0,0.6,,30.0
beak|H15.0|r10|c0.3|w30open|v10|stop|t0.6|qcfg|gcfg,battery_cr2032,15.0,0.18398119474747693,0.0,0.3,0.18398119474747693,0.0,143.82717084534798,34.25158747668868,beak,stop,12,0,0,0,0,0,10,0,4,0,4,0,8,8,1,0,0,12,0,4.393880321833479,1.2007368592363625,10.0,0.0,0.0,0.3333333333333333,0.6666666666666666,0.08333333333333333,100.1927122086271,0.8405146550741593,0.4314916133433481,False,10.0,0,0.6,,30.0
beak|H15.0|r10|c0.3|w30open|v10|stop|t0.6|qcfg|gcfg,bead,15.0,0.39920691041554024,0.05678055274944438,0.3,1.0,0.816018805252523,939.1251365052495,29.382568817980733,beak,stop,12,0,12,4,6,0,11,0,12,0,6,0,0,12,1,2,1,12,0,0.0,0.0,10.0,0.16666666666666666,1.0,1.0,1.0,0.08333333333333333,184.9134330189987,1.0,0.816018805252523,False,10.0,2,0.6,,30.0
beak|H15.0|r10|c0.3|w30open|v10|stop|t0.6|qcfg|gcfg,coin_1yen,15.0,0.18398119474747693,0.0,0.3,0.18398119474747693,0.0,31.256990735685264,8.445888333202273,beak,stop,12,0,0,0,0,4,4,0,0,0,0,0,8,3,0,0,0,12,0,3.0876373387447726,2.653966581286288,10.0,0.0,0.0,0.0,0.25,0.0,0.0,0.4873380318032493,0.10465256557048919,False,10.0,0,0.6,,30.0
beak|H15.0|r10|c0.3|w30open|v10|stop|t0.6|qcfg|gcfg,crumb_cube,15.0,0.18398119474747693,0.0,0.3,0.39920691041554024,0.05678055274944438,337.3691820666347,411.17737354376476,beak,stop,12,10,2,0,0,0,2,0,2,0,2,0,10,2,0,0,0,12,0,0.1425924377127727,0.028518487542554538,10.0,0.0,0.16666666666666666,0.16666666666666666,0.16666666666666666,0.0,1988.0958329247699,0.39920691041554024,0.05678055274944438,False,10.0,0,0.6,,30.0
beak|H15.0|r10|c0.3|w30open|v2|adv|t0.6|qcfg|gcfg,battery_cr2032,15.0,0.18398119474747693,0.0,0.3,0.18398119474747693,0.0,111.02545395197292,21.54039043981993,beak,adv,12,0,0,0,0,1,12,0,3,0,2,0,9,10,0,0,0,12,0,300.40683568199915,37.04076611287689,10.0,0.0,0.0,0.25,0.8333333333333334,0.0,144.31086196890058,0.9432194472505557,0.6007930895844598,False,2.0,0,0.6,,30.0
beak|H15.0|r10|c0.3|w30open|v2|adv|t0.6|qcfg|gcfg,bead,15.0,0.18398119474747693,0.0,0.3,1.0,0.816018805252523,1903.1674702221735,32.790034710622045,beak,adv,12,0,12,0,0,0,12,0,12,0,12,0,0,12,0,0,0,12,0,0.0,0.0,10.0,0.0,1.0,1.0,1.0,0.0,234.71836733104294,1.0,0.816018805252523,False,2.0,0,0.6,,30.0
beak|H15.0|r10|c0.3|w30open|v2|adv|t0.6|qcfg|gcfg,coin_1yen,15.0,0.18398119474747693,0.0,0.3,0.18398119474747693,0.0,26.773801537745694,26.989684898809347,beak,adv,12,0,0,0,0,4,4,0,1,0,0,0,8,4,0,0,0,12,0,4.569260120742088,4.498208831229445,10.0,0.0,0.0,0.08333333333333333,0.3333333333333333,0.0,19.650546134452966,0.5685083866566518,0.1594853449258405,False,2.0,0,0.6,,30.0
beak|H15.0|r10|c0.3|w30open|v2|adv|t0.6|qcfg|gcfg,crumb_cube,15.0,0.18398119474747693,0.0,0.3,0.39920691041554024,0.05678055274944438,457.52288499298993,572.8514380879886,beak,adv,12,10,2,0,0,0,2,0,2,0,2,0,10,4,2,0,0,12,0,1.905578476603005,1.7509555667245782,10.0,0.0,0.16666666666666666,0.16666666666666666,0.3333333333333333,0.16666666666666666,2713.2635514835524,0.5685083866566518,0.1594853449258405,False,2.0,0,0.6,,30.0
beak|H15.0|r10|c0.3|w30open|v2|stop|t0.6|qcfg|gcfg,battery_cr2032,15.0,0.18398119474747693,0.0,0.3,0.18398119474747693,0.0,87.75505245274178,15.517301664827333,beak,stop,12,0,0,0,0,2,12,0,4,0,3,0,7,8,0,0,0,12,0,0.5904508461885352,0.3992785825805938,10.0,0.0,0.0,0.3333333333333333,0.6666666666666666,0.0,137.68218106100346,0.8405146550741593,0.4314916133433481,False,2.0,0,0.6,,30.0
beak|H15.0|r10|c0.3|w30open|v2|stop|t0.6|qcfg|gcfg,bead,15.0,0.18398119474747693,0.0,0.3,1.0,0.816018805252523,1830.9347717109385,31.093697345091677,beak,stop,12,0,12,0,0,0,12,0,12,0,12,0,0,12,0,0,0,12,0,0.0,0.0,10.0,0.0,1.0,1.0,1.0,0.0,218.32386539356648,1.0,0.816018805252523,False,2.0,0,0.6,,30.0
beak|H15.0|r10|c0.3|w30open|v2|stop|t0.6|qcfg|gcfg,coin_1yen,15.0,0.18398119474747693,0.0,0.3,0.18398119474747693,0.0,95.20378151645276,8.386858451783171,beak,stop,12,0,0,0,0,4,4,0,1,0,0,0,8,4,0,0,0,12,0,2.965840575993396,2.6335824736464004,10.0,0.0,0.0,0.08333333333333333,0.3333333333333333,0.0,0.0,0.5685083866566518,0.1594853449258405,False,2.0,0,0.6,,30.0
beak|H15.0|r10|c0.3|w30open|v2|stop|t0.6|qcfg|gcfg,crumb_cube,15.0,0.18398119474747693,0.0,0.3,0.39920691041554024,0.05678055274944438,370.59716681616754,549.334893034817,beak,stop,12,10,2,0,0,0,2,0,2,0,2,0,10,2,0,0,0,12,0,0.12524647502678427,0.025049295005356853,10.0,0.0,0.16666666666666666,0.16666666666666666,0.16666666666666666,0.0,2189.7220260085724,0.39920691041554024,0.05678055274944438,False,2.0,0,0.6,,30.0
beak|H15.0|r10|c0.3|w40cup|v10|adv|t0.6|qcfg|gcfg,battery_cr2032,15.0,0.18398119474747693,0.0,0.3,0.18398119474747693,0.0,18.168745545744212,21.01173030730387,beak,adv,12,0,0,0,0,0,4,0,1,1,0,0,11,9,6,0,0,12,0,14.186602980453932,7.507878336154274,10.0,0.0,0.0,0.08333333333333333,0.75,0.5,2.3557245866845586,0.8953474344295108,0.5126619681967507,True,10.0,0,0.6,,40.0
beak|H15.0|r10|c0.3|w40cup|v10|adv|t0.6|qcfg|gcfg,bead,15.0,0.5685083866566518,0.1594853449258405,0.3,1.0,0.816018805252523,955.4806997591969,30.226639693766796,beak,adv,12,0,12,2,6,0,12,0,12,0,6,0,0,12,0,4,0,12,0,0.0,0.0,10.0,0.3333333333333333,1.0,1.0,1.0,0.0,211.19732743162237,1.0,0.816018805252523,True,10.0,4,0.6,,40.0
beak|H15.0|r10|c0.3|w40cup|v10|adv|t0.6|qcfg|gcfg,coin_1yen,15.0,0.18398119474747693,0.0,0.3,0.18398119474747693,0.0,19.77925396560362,0.4758040971059661,beak,adv,12,0,0,0,0,0,0,0,0,0,0,0,12,0,0,0,0,12,0,22.36272805877155,22.155045061711945,10.0,0.0,0.0,0.0,0.0,0.0,0.0,0.18398119474747693,0.0,True,10.0,0,0.6,,40.0
beak|H15.0|r10|c0.3|w40cup|v10|adv|t0.6|qcfg|gcfg,crumb_cube,15.0,0.18398119474747693,0.0,0.3,0.5685083866566518,0.1594853449258405,802.18997775854,593.7837225778453,beak,adv,12,8,4,0,0,0,4,0,4,0,4,0,8,4,0,0,0,12,0,10.171183042496743,9.943621866394228,10.0,0.0,0.3333333333333333,0.3333333333333333,0.3333333333333333,0.0,2525.221909305728,0.5685083866566518,0.1594853449258405,True,10.0,0,0.6,,40.0
beak|H15.0|r10|c0.3|w40cup|v10|stop|t0.6|qcfg|gcfg,battery_cr2032,15.0,0.18398119474747693,0.0,0.3,0.18398119474747693,0.0,37.13471668126941,5.915423656891947,beak,stop,12,0,0,0,0,0,7,0,0,0,0,0,12,8,4,0,0,12,0,6.814858734774671,1.7033102055783136,10.0,0.0,0.0,0.0,0.6666666666666666,0.3333333333333333,0.0,0.8405146550741593,0.4314916133433481,True,10.0,0,0.6,,40.0
beak|H15.0|r10|c0.3|w40cup|v10|stop|t0.6|qcfg|gcfg,bead,15.0,0.39920691041554024,0.05678055274944438,0.3,1.0,0.816018805252523,939.1251365052495,29.382568817980733,beak,stop,12,0,12,4,6,0,11,0,12,0,6,0,0,12,1,2,1,12,0,0.0,0.0,10.0,0.16666666666666666,1.0,1.0,1.0,0.08333333333333333,184.9134330189987,1.0,0.816018805252523,True,10.0,2,0.6,,40.0
beak|H15.0|r10|c0.3|w40cup|v10|stop|t0.6|qcfg|gcfg,coin_1yen,15.0,0.18398119474747693,0.0,0.3,0.18398119474747693,0.0,22.27501096215931,0.4098788879622378,beak,stop,12,0,0,0,0,0,0,0,0,0,0,0,12,0,0,0,0,12,0,3.091062895786027,2.683134403330732,10.0,0.0,0.0,0.0,0.0,0.0,0.0,0.18398119474747693,0.0,True,10.0,0,0.6,,40.0
beak|H15.0|r10|c0.3|w40cup|v10|stop|t0.6|qcfg|gcfg,crumb_cube,15.0,0.18398119474747693,0.0,0.3,0.39920691041554024,0.05678055274944438,478.5526229069824,786.7794955143856,beak,stop,12,10,2,0,0,0,2,0,2,0,2,0,10,2,0,0,0,12,0,0.14422331029710633,0.028844662059421267,10.0,0.0,0.16666666666666666,0.16666666666666666,0.16666666666666666,0.0,2834.757458043495,0.39920691041554024,0.05678055274944438,True,10.0,0,0.6,,40.0
beak|H15.0|r10|c0.3|w40cup|v2|adv|t0.6|qcfg|gcfg,battery_cr2032,15.0,0.18398119474747693,0.0,0.3,0.18398119474747693,0.0,28.510748292105138,20.272742264881593,beak,adv,12,0,0,0,0,0,8,0,0,0,0,0,12,10,3,0,0,12,0,3.212509330479337,1.1099528423438103,10.0,0.0,0.0,0.0,0.8333333333333334,0.25,0.0,0.9432194472505557,0.6007930895844598,True,2.0,0,0.6,,40.0
beak|H15.0|r10|c0.3|w40cup|v2|adv|t0.6|qcfg|gcfg,bead,15.0,0.18398119474747693,0.0,0.3,1.0,0.816018805252523,1903.1674702221735,32.790034710622045,beak,adv,12,0,12,0,0,0,12,0,12,0,12,0,0,12,0,0,0,12,0,0.0,0.0,10.0,0.0,1.0,1.0,1.0,0.0,234.71836733104294,1.0,0.816018805252523,True,2.0,0,0.6,,40.0
beak|H15.0|r10|c0.3|w40cup|v2|adv|t0.6|qcfg|gcfg,coin_1yen,15.0,0.18398119474747693,0.0,0.3,0.18398119474747693,0.0,19.780979323018787,0.4270641845269973,beak,adv,12,0,0,0,0,0,0,0,0,0,0,0,12,0,0,0,0,12,0,4.563223929658667,4.505155165794821,10.0,0.0,0.0,0.0,0.0,0.0,0.0,0.18398119474747693,0.0,True,2.0,0,0.6,,40.0
beak|H15.0|r10|c0.3|w40cup|v2|adv|t0.6|qcfg|gcfg,crumb_cube,15.0,0.18398119474747693,0.0,0.3,0.39920691041554024,0.05678055274944438,366.86316098835226,523.5920578158155,beak,adv,12,10,2,0,0,0,2,0,2,0,2,0,10,4,2,0,0,12,0,2.3499483081985058,1.8414352489895243,10.0,0.0,0.16666666666666666,0.16666666666666666,0.3333333333333333,0.16666666666666666,2167.9285805021304,0.5685083866566518,0.1594853449258405,True,2.0,0,0.6,,40.0
beak|H15.0|r10|c0.3|w40cup|v2|stop|t0.6|qcfg|gcfg,battery_cr2032,15.0,0.18398119474747693,0.0,0.3,0.18398119474747693,0.0,42.358116614428454,11.30339087840049,beak,stop,12,0,0,0,0,0,9,0,0,0,0,0,12,10,3,0,0,12,0,32.12950063459668,5.222112783388794,10.0,0.0,0.0,0.0,0.8333333333333334,0.25,0.0,0.9432194472505557,0.6007930895844598,True,2.0,0,0.6,,40.0
beak|H15.0|r10|c0.3|w40cup|v2|stop|t0.6|qcfg|gcfg,bead,15.0,0.18398119474747693,0.0,0.3,1.0,0.816018805252523,1830.9347717109385,31.093697345091677,beak,stop,12,0,12,0,0,0,12,0,12,0,12,0,0,12,0,0,0,12,0,0.0,0.0,10.0,0.0,1.0,1.0,1.0,0.0,218.32386539356648,1.0,0.816018805252523,True,2.0,0,0.6,,40.0
beak|H15.0|r10|c0.3|w40cup|v2|stop|t0.6|qcfg|gcfg,coin_1yen,15.0,0.18398119474747693,0.0,0.3,0.18398119474747693,0.0,22.327696891743482,0.47664266995519095,beak,stop,12,0,0,0,0,0,0,0,0,0,0,0,12,0,0,0,0,12,0,3.010413221138236,2.7148034255295634,10.0,0.0,0.0,0.0,0.0,0.0,0.0,0.18398119474747693,0.0,True,2.0,0,0.6,,40.0
beak|H15.0|r10|c0.3|w40cup|v2|stop|t0.6|qcfg|gcfg,crumb_cube,15.0,0.18398119474747693,0.0,0.3,0.39920691041554024,0.05678055274944438,370.2133874098588,544.9372624283374,beak,stop,12,10,2,0,0,0,2,0,2,0,2,0,10,2,0,0,0,12,0,0.12680219527617248,0.025360439055234496,10.0,0.0,0.16666666666666666,0.16666666666666666,0.16666666666666666,0.0,2184.9516474407314,0.39920691041554024,0.05678055274944438,True,2.0,0,0.6,,40.0
beak|H15.0|r10|c0.6|w30open|v10|adv|t0.6|qcfg|gcfg,battery_cr2032,15.0,0.18398119474747693,0.0,0.6,0.18398119474747693,0.0,163.55651589121783,37.44388951439564,beak,adv,12,0,0,0,0,3,10,0,1,0,1,0,8,10,2,0,0,12,0,17.272083162871194,10.243888656640216,10.0,0.0,0.0,0.08333333333333333,0.8333333333333334,0.16666666666666666,0.0,0.9432194472505557,0.6007930895844598,False,10.0,0,0.6,,30.0
beak|H15.0|r10|c0.6|w30open|v10|adv|t0.6|qcfg|gcfg,bead,15.0,0.7144651456224747,0.2855348543775254,0.6,1.0,0.816018805252523,344.7189109831855,24.56668022216037,beak,adv,12,0,12,0,6,0,6,0,12,0,6,0,0,12,6,6,6,12,0,0.0,0.0,10.0,0.5,1.0,1.0,1.0,0.5,74.8195986151372,1.0,0.816018805252523,False,10.0,6,0.6,,30.0
beak|H15.0|r10|c0.6|w30open|v10|adv|t0.6|qcfg|gcfg,coin_1yen,15.0,0.18398119474747693,0.0,0.6,0.18398119474747693,0.0,46.51252258845142,8.895269695939017,beak,adv,12,0,0,0,0,4,4,0,0,0,0,0,8,4,0,0,0,12,0,25.25735810710663,25.13606195072341,10.0,0.0,0.0,0.0,0.3333333333333333,0.0,0.0,0.5685083866566518,0.1594853449258405,False,10.0,0,0.6,,30.0
beak|H15.0|r10|c0.6|w30open|v10|adv|t0.6|qcfg|gcfg,crumb_cube,15.0,0.18398119474747693,0.0,0.6,0.39920691041554024,0.05678055274944438,414.71931530204057,540.0679872543168,beak,adv,12,10,2,0,0,0,2,0,2,0,2,0,10,2,0,0,0,12,0,11.844938290491754,11.496275717051503,10.0,0.0,0.16666666666666666,0.16666666666666666,0.16666666666666666,0.0,2452.4756832321364,0.39920691041554024,0.05678055274944438,False,10.0,0,0.6,,30.0
beak|H15.0|r10|c0.6|w30open|v10|stop|t0.6|qcfg|gcfg,battery_cr2032,15.0,0.18398119474747693,0.0,0.6,0.18398119474747693,0.0,82.54955314274383,11.383331131958581,beak,stop,12,0,0,0,0,3,11,0,3,0,1,0,8,10,0,0,0,12,0,2.9838261874363323,1.5763880571963915,10.0,0.0,0.0,0.25,0.8333333333333334,0.0,130.5597487791841,0.9432194472505557,0.6007930895844598,False,10.0,0,0.6,,30.0
beak|H15.0|r10|c0.6|w30open|v10|stop|t0.6|qcfg|gcfg,bead,15.0,0.7144651456224747,0.2855348543775254,0.6,1.0,0.816018805252523,156.93874927339985,9.980982992282472,beak,stop,12,0,12,1,7,0,6,0,12,0,0,0,5,12,6,6,6,12,0,311.52620169924285,304.6989527473015,10.0,0.5,1.0,1.0,1.0,0.5,36.097106974336526,1.0,0.816018805252523,False,10.0,6,0.6,,30.0
beak|H15.0|r10|c0.6|w30open|v10|stop|t0.6|qcfg|gcfg,coin_1yen,15.0,0.18398119474747693,0.0,0.6,0.18398119474747693,0.0,83.06531475242141,38.484853756742964,beak,stop,12,0,0,0,0,4,4,0,0,0,0,0,8,4,0,0,0,12,0,3.0791551782033064,2.7877465800879655,10.0,0.0,0.0,0.0,0.3333333333333333,0.0,0.0,0.5685083866566518,0.1594853449258405,False,10.0,0,0.6,,30.0
beak|H15.0|r10|c0.6|w30open|v10|stop|t0.6|qcfg|gcfg,crumb_cube,15.0,0.18398119474747693,0.0,0.6,0.39920691041554024,0.05678055274944438,360.7785266120332,464.778530708886,beak,stop,12,10,2,0,0,0,2,0,2,0,2,0,10,2,0,0,0,12,0,0.12736542897556075,0.02547308579511215,10.0,0.0,0.16666666666666666,0.16666666666666666,0.16666666666666666,0.0,2126.5792894314254,0.39920691041554024,0.05678055274944438,False,10.0,0,0.6,,30.0
beak|H15.0|r10|c0.6|w30open|v2|adv|t0.6|qcfg|gcfg,battery_cr2032,15.0,0.18398119474747693,0.0,0.6,0.18398119474747693,0.0,89.00542594392941,26.720341167408204,beak,adv,12,0,0,0,0,2,10,0,4,0,3,0,7,10,2,0,0,12,0,16.914507578332064,3.1311534766877167,10.0,0.0,0.0,0.3333333333333333,0.8333333333333334,0.16666666666666666,77.80584345265257,0.9432194472505557,0.6007930895844598,False,2.0,0,0.6,,30.0
beak|H15.0|r10|c0.6|w30open|v2|adv|t0.6|qcfg|gcfg,bead,15.0,0.30116827943986896,0.018816049516361844,0.6,1.0,0.816018805252523,361.0940804435016,23.86071264590019,beak,adv,12,0,12,0,1,0,12,0,12,0,11,0,0,12,0,1,0,12,0,0.0,0.0,10.0,0.08333333333333333,1.0,1.0,1.0,0.0,69.97943671337711,1.0,0.816018805252523,False,2.0,1,0.6,,30.0
beak|H15.0|r10|c0.6|w30open|v2|adv|t0.6|qcfg|gcfg,coin_1yen,15.0,0.18398119474747693,0.0,0.6,0.18398119474747693,0.0,75.69072515472313,10.3527092906822,beak,adv,12,0,0,0,0,4,4,0,0,0,0,0,8,4,0,0,0,12,0,5.208839628161127,5.146901309565921,10.0,0.0,0.0,0.0,0.3333333333333333,0.0,0.0,0.5685083866566518,0.1594853449258405,False,2.0,0,0.6,,30.0
beak|H15.0|r10|c0.6|w30open|v2|adv|t0.6|qcfg|gcfg,crumb_cube,15.0,0.18398119474747693,0.0,0.6,0.39920691041554024,0.05678055274944438,336.6666206749832,436.0179885375592,beak,adv,12,10,2,0,0,0,2,0,4,2,2,0,8,4,2,0,0,12,0,2.231440335327274,2.0229364046889313,10.0,0.0,0.16666666666666666,0.3333333333333333,0.3333333333333333,0.16666666666666666,1991.695049065599,0.5685083866566518,0.1594853449258405,False,2.0,0,0.6,,30.0
beak|H15.0|r10|c0.6|w30open|v2|stop|t0.6|qcfg|gcfg,battery_cr2032,15.0,0.18398119474747693,0.0,0.6,0.18398119474747693,0.0,118.02921068636891,17.596896828080556,beak,stop,12,0,0,0,0,3,11,0,4,0,1,0,8,9,0,0,0,12,0,22.405311744322823,5.083627754719992,10.0,0.0,0.0,0.3333333333333333,0.75,0.0,125.7563667296492,0.8953474344295108,0.5126619681967507,False,2.0,0,0.6,,30.0
beak|H15.0|r10|c0.6|w30open|v2|stop|t0.6|qcfg|gcfg,bead,15.0,0.30116827943986896,0.018816049516361844,0.6,1.0,0.816018805252523,246.80786719111302,14.850627174550718,beak,stop,12,0,12,8,9,0,12,0,12,0,0,0,3,12,0,1,0,12,0,306.1179300491298,299.9631330295269,10.0,0.08333333333333333,1.0,1.0,1.0,0.0,36.27439623204623,1.0,0.816018805252523,False,2.0,1,0.6,,30.0
beak|H15.0|r10|c0.6|w30open|v2|stop|t0.6|qcfg|gcfg,coin_1yen,15.0,0.18398119474747693,0.0,0.6,0.18398119474747693,0.0,70.16017179023535,20.26180309536596,beak,stop,12,0,0,0,0,4,4,0,0,0,0,0,8,4,0,0,0,12,0,3.0583621628829936,2.6924021784670233,10.0,0.0,0.0,0.0,0.3333333333333333,0.0,0.0,0.5685083866566518,0.1594853449258405,False,2.0,0,0.6,,30.0
beak|H15.0|r10|c0.6|w30open|v2|stop|t0.6|qcfg|gcfg,crumb_cube,15.0,0.18398119474747693,0.0,0.6,0.39920691041554024,0.05678055274944438,444.7115755016784,507.9448670798079,beak,stop,12,10,2,0,0,0,2,0,2,0,2,0,10,2,0,0,0,12,0,0.11115423023330684,0.022230846046661368,10.0,0.0,0.16666666666666666,0.16666666666666666,0.16666666666666666,0.0,2632.2321361481113,0.39920691041554024,0.05678055274944438,False,2.0,0,0.6,,30.0
beak|H15.0|r10|c0.6|w40cup|v10|adv|t0.6|qcfg|gcfg,battery_cr2032,15.0,0.18398119474747693,0.0,0.6,0.18398119474747693,0.0,17.850793946695394,8.405934086346898,beak,adv,12,0,0,0,0,0,8,0,1,1,0,0,11,12,4,0,0,12,0,17.129283367736974,12.395114806463464,10.0,0.0,0.0,0.08333333333333333,1.0,0.3333333333333333,3.0205067367704355,1.0,0.816018805252523,True,10.0,0,0.6,,40.0
beak|H15.0|r10|c0.6|w40cup|v10|adv|t0.6|qcfg|gcfg,bead,15.0,0.7144651456224747,0.2855348543775254,0.6,1.0,0.816018805252523,344.7189109831855,24.56668022216037,beak,adv,12,0,12,0,6,0,6,0,12,0,6,0,0,12,6,6,6,12,0,0.0,0.0,10.0,0.5,1.0,1.0,1.0,0.5,74.8195986151372,1.0,0.816018805252523,True,10.0,6,0.6,,40.0
beak|H15.0|r10|c0.6|w40cup|v10|adv|t0.6|qcfg|gcfg,coin_1yen,15.0,0.18398119474747693,0.0,0.6,0.18398119474747693,0.0,19.779262667219196,0.477441924792211,beak,adv,12,0,0,0,0,0,0,0,0,0,0,0,12,0,0,0,0,12,0,25.25397070990037,25.13017489042855,10.0,0.0,0.0,0.0,0.0,0.0,0.0,0.18398119474747693,0.0,True,10.0,0,0.6,,40.0
beak|H15.0|r10|c0.6|w40cup|v10|adv|t0.6|qcfg|gcfg,crumb_cube,15.0,0.18398119474747693,0.0,0.6,0.39920691041554024,0.05678055274944438,481.879117604497,746.2772687107671,beak,adv,12,10,2,0,0,0,2,0,2,0,2,0,10,2,0,0,0,12,0,11.843965793518894,11.496885041400404,10.0,0.0,0.16666666666666666,0.16666666666666666,0.16666666666666666,0.0,2855.75710022668,0.39920691041554024,0.05678055274944438,True,10.0,0,0.6,,40.0
beak|H15.0|r10|c0.6|w40cup|v10|stop|t0.6|qcfg|gcfg,battery_cr2032,15.0,0.18398119474747693,0.0,0.6,0.18398119474747693,0.0,37.57083197062686,5.765183673551344,beak,stop,12,0,0,0,0,1,9,0,1,0,0,0,11,8,2,0,0,12,0,16.9916998722982,2.3257637681531476,10.0,0.0,0.0,0.08333333333333333,0.6666666666666666,0.16666666666666666,0.0,0.8405146550741593,0.4314916133433481,True,10.0,0,0.6,,40.0
beak|H15.0|r10|c0.6|w40cup|v10|stop|t0.6|qcfg|gcfg,bead,15.0,0.7144651456224747,0.2855348543775254,0.6,1.0,0.816018805252523,156.93874927339985,9.980982992282472,beak,stop,12,0,12,1,7,0,6,0,12,0,0,0,5,12,6,6,6,12,0,311.52620169924285,304.6989527473015,10.0,0.5,1.0,1.0,1.0,0.5,36.097106974336526,1.0,0.816018805252523,True,10.0,6,0.6,,40.0
beak|H15.0|r10|c0.6|w40cup|v10|stop|t0.6|qcfg|gcfg,coin_1yen,15.0,0.18398119474747693,0.0,0.6,0.18398119474747693,0.0,22.21502272147222,0.4085586328938189,beak,stop,12,0,0,0,0,0,0,0,0,0,0,0,12,0,0,0,0,12,0,3.041110693228023,2.714119458911254,10.0,0.0,0.0,0.0,0.0,0.0,0.0,0.18398119474747693,0.0,True,10.0,0,0.6,,40.0
beak|H15.0|r10|c0.6|w40cup|v10|stop|t0.6|qcfg|gcfg,crumb_cube,15.0,0.18398119474747693,0.0,0.6,0.39920691041554024,0.05678055274944438,422.96487949071667,561.1415231323166,beak,stop,12,10,2,0,0,0,2,0,2,0,2,0,10,2,0,0,0,12,0,0.13434698942355744,0.026869397884711488,10.0,0.0,0.16666666666666666,0.16666666666666666,0.16666666666666666,0.0,2501.556967341837,0.39920691041554024,0.05678055274944438,True,10.0,0,0.6,,40.0
beak|H15.0|r10|c0.6|w40cup|v2|adv|t0.6|qcfg|gcfg,battery_cr2032,15.0,0.18398119474747693,0.0,0.6,0.18398119474747693,0.0,30.640268923999724,11.223682276717609,beak,adv,12,0,0,0,0,1,9,0,0,0,0,0,11,7,0,0,0,12,0,28.51870973615668,5.889249875821676,10.0,0.0,0.0,0.0,0.5833333333333334,0.0,0.0,0.7800221193082193,0.3559810149005347,True,2.0,0,0.6,,40.0
beak|H15.0|r10|c0.6|w40cup|v2|adv|t0.6|qcfg|gcfg,bead,15.0,0.30116827943986896,0.018816049516361844,0.6,1.0,0.816018805252523,361.0940804435016,23.86071264590019,beak,adv,12,0,12,0,1,0,12,0,12,0,11,0,0,12,0,1,0,12,0,0.0,0.0,10.0,0.08333333333333333,1.0,1.0,1.0,0.0,69.97943671337711,1.0,0.816018805252523,True,2.0,1,0.6,,40.0
beak|H15.0|r10|c0.6|w40cup|v2|adv|t0.6|qcfg|gcfg,coin_1yen,15.0,0.18398119474747693,0.0,0.6,0.18398119474747693,0.0,19.780965832228706,0.4266493231258184,beak,adv,12,0,0,0,0,0,0,0,0,0,0,0,12,0,0,0,0,12,0,5.215428865044759,5.1521031145813625,10.0,0.0,0.0,0.0,0.0,0.0,0.0,0.18398119474747693,0.0,True,2.0,0,0.6,,40.0
beak|H15.0|r10|c0.6|w40cup|v2|adv|t0.6|qcfg|gcfg,crumb_cube,15.0,0.18398119474747693,0.0,0.6,0.39920691041554024,0.05678055274944438,439.59815486043317,560.8370429201996,beak,adv,12,10,2,0,0,0,2,0,4,2,2,0,8,4,2,0,0,12,0,2.230730349708533,2.0232981271167927,10.0,0.0,0.16666666666666666,0.3333333333333333,0.3333333333333333,0.16666666666666666,2608.874758775787,0.5685083866566518,0.1594853449258405,True,2.0,0,0.6,,40.0
beak|H15.0|r10|c0.6|w40cup|v2|stop|t0.6|qcfg|gcfg,battery_cr2032,15.0,0.18398119474747693,0.0,0.6,0.18398119474747693,0.0,30.76216693897105,6.625941696157047,beak,stop,12,0,0,0,0,0,8,0,0,0,0,0,12,9,3,0,0,12,0,3.198845302059612,1.0736650204652851,10.0,0.0,0.0,0.0,0.75,0.25,0.0,0.8953474344295108,0.5126619681967507,True,2.0,0,0.6,,40.0
beak|H15.0|r10|c0.6|w40cup|v2|stop|t0.6|qcfg|gcfg,bead,15.0,0.30116827943986896,0.018816049516361844,0.6,1.0,0.816018805252523,246.80786719111302,14.850627174550718,beak,stop,12,0,12,8,9,0,12,0,12,0,0,0,3,12,0,1,0,12,0,306.1179300491298,299.9631330295269,10.0,0.08333333333333333,1.0,1.0,1.0,0.0,36.27439623204623,1.0,0.816018805252523,True,2.0,1,0.6,,40.0
beak|H15.0|r10|c0.6|w40cup|v2|stop|t0.6|qcfg|gcfg,coin_1yen,15.0,0.18398119474747693,0.0,0.6,0.18398119474747693,0.0,22.21971643530796,0.42925863120680813,beak,stop,12,0,0,0,0,0,0,0,0,0,0,0,12,0,0,0,0,12,0,3.010095957407477,2.6974703054993268,10.0,0.0,0.0,0.0,0.0,0.0,0.0,0.18398119474747693,0.0,True,2.0,0,0.6,,40.0
beak|H15.0|r10|c0.6|w40cup|v2|stop|t0.6|qcfg|gcfg,crumb_cube,15.0,0.18398119474747693,0.0,0.6,0.39920691041554024,0.05678055274944438,561.1605442385572,716.6373538556586,beak,stop,12,10,2,0,0,0,2,0,2,0,2,0,10,2,0,0,0,12,0,0.11764412494785076,0.023528824989570152,10.0,0.0,0.16666666666666666,0.16666666666666666,0.16666666666666666,0.0,3331.258481837105,0.39920691041554024,0.05678055274944438,True,2.0,0,0.6,,40.0
beak|H15.0|r5|c0.3|w30open|v10|adv|t0.6|qcfg|gcfg,battery_cr2032,15.0,0.18398119474747693,0.0,0.3,0.18398119474747693,0.0,35.30969328544818,19.329967342430372,beak,adv,12,0,0,0,0,2,10,0,2,0,1,0,9,10,1,0,0,12,0,21.981388637648887,9.025707615515374,5.0,0.0,0.0,0.16666666666666666,0.8333333333333334,0.08333333333333333,0.0,0.9432194472505557,0.6007930895844598,False,10.0,0,0.6,,30.0
beak|H15.0|r5|c0.3|w30open|v10|adv|t0.6|qcfg|gcfg,bead,15.0,0.5685083866566518,0.1594853449258405,0.3,1.0,0.816018805252523,946.1537034368816,30.22666542859139,beak,adv,12,0,12,2,6,0,12,0,12,0,6,0,0,12,0,4,0,12,0,0.0,0.0,5.0,0.3333333333333333,1.0,1.0,1.0,0.0,211.19690235049777,1.0,0.816018805252523,False,10.0,4,0.6,,30.0
beak|H15.0|r5|c0.3|w30open|v10|adv|t0.6|qcfg|gcfg,coin_1yen,15.0,0.18398119474747693,0.0,0.3,0.18398119474747693,0.0,44.05943328349526,19.681890685674365,beak,adv,12,0,0,0,0,4,4,0,1,0,0,0,8,3,0,0,0,12,0,22.258119305565337,22.15036831676652,5.0,0.0,0.0,0.08333333333333333,0.25,0.0,0.0,0.4873380318032493,0.10465256557048919,False,10.0,0,0.6,,30.0
beak|H15.0|r5|c0.3|w30open|v10|adv|t0.6|qcfg|gcfg,crumb_cube,15.0,0.18398119474747693,0.0,0.3,0.5685083866566518,0.1594853449258405,1302.755555641785,833.7043607757646,beak,adv,12,8,4,0,0,0,4,0,4,0,4,0,8,4,0,0,0,12,0,10.171698015685674,9.943044542980637,5.0,0.0,0.3333333333333333,0.3333333333333333,0.3333333333333333,0.0,4206.731018843364,0.5685083866566518,0.1594853449258405,False,10.0,0,0.6,,30.0
beak|H15.0|r5|c0.3|w30open|v10|stop|t0.6|qcfg|gcfg,battery_cr2032,15.0,0.18398119474747693,0.0,0.3,0.18398119474747693,0.0,39.24634527754326,23.07443043696872,beak,stop,12,0,0,0,0,4,9,0,1,0,0,0,8,12,3,0,0,12,0,3.2475125467291908,1.4263525950355214,5.0,0.0,0.0,0.08333333333333333,1.0,0.25,52.21584557664816,1.0,0.816018805252523,False,10.0,0,0.6,,30.0
beak|H15.0|r5|c0.3|w30open|v10|stop|t0.6|qcfg|gcfg,bead,15.0,0.5685083866566518,0.1594853449258405,0.3,1.0,0.816018805252523,870.4258644508369,29.382412569073786,beak,stop,12,0,12,2,6,0,11,0,12,0,6,0,0,12,1,4,1,12,0,0.0,0.0,5.0,0.3333333333333333,1.0,1.0,1.0,0.08333333333333333,184.91312000481318,1.0,0.816018805252523,False,10.0,4,0.6,,30.0
beak|H15.0|r5|c0.3|w30open|v10|stop|t0.6|qcfg|gcfg,coin_1yen,15.0,0.18398119474747693,0.0,0.3,0.18398119474747693,0.0,45.5598328398029,8.26304291957867,beak,stop,12,0,0,0,0,3,4,0,1,0,1,0,8,3,0,0,0,12,0,3.0650457746600606,2.6766900808377514,5.0,0.0,0.0,0.08333333333333333,0.25,0.0,97.06594487258377,0.4873380318032493,0.10465256557048919,False,10.0,0,0.6,,30.0
beak|H15.0|r5|c0.3|w30open|v10|stop|t0.6|qcfg|gcfg,crumb_cube,15.0,0.18398119474747693,0.0,0.3,0.39920691041554024,0.05678055274944438,655.7609439343317,822.7034312117831,beak,stop,12,10,2,0,0,0,2,0,2,0,2,0,10,2,0,0,0,12,0,0.1425924413113941,0.02851848826227882,5.0,0.0,0.16666666666666666,0.16666666666666666,0.16666666666666666,0.0,3918.5685598184236,0.39920691041554024,0.05678055274944438,False,10.0,0,0.6,,30.0
beak|H15.0|r5|c0.3|w30open|v2|adv|t0.6|qcfg|gcfg,battery_cr2032,15.0,0.18398119474747693,0.0,0.3,0.18398119474747693,0.0,46.057800404737634,9.33183414626431,beak,adv,12,0,0,0,0,4,11,0,2,0,0,0,8,12,1,0,0,12,0,7.293315085372072,2.5290963147381813,5.0,0.0,0.0,0.16666666666666666,1.0,0.08333333333333333,37.988981050994404,1.0,0.816018805252523,False,2.0,0,0.6,,30.0
beak|H15.0|r5|c0.3|w30open|v2|adv|t0.6|qcfg|gcfg,bead,15.0,0.18398119474747693,0.0,0.3,1.0,0.816018805252523,1908.0641412387376,32.789903183556106,beak,adv,12,0,12,0,0,0,12,0,12,0,12,0,0,12,0,0,0,12,0,0.0,0.0,5.0,0.0,1.0,1.0,1.0,0.0,234.71708358628666,1.0,0.816018805252523,False,2.0,0,0.6,,30.0
beak|H15.0|r5|c0.3|w30open|v2|adv|t0.6|qcfg|gcfg,coin_1yen,15.0,0.18398119474747693,0.0,0.3,0.18398119474747693,0.0,21.870463711881925,17.69866509381824,beak,adv,12,0,0,0,0,4,4,0,0,0,0,0,8,4,0,0,0,12,0,4.573527048045888,4.499570804248633,5.0,0.0,0.0,0.0,0.3333333333333333,0.0,0.0,0.5685083866566518,0.1594853449258405,False,2.0,0,0.6,,30.0
beak|H15.0|r5|c0.3|w30open|v2|adv|t0.6|qcfg|gcfg,crumb_cube,15.0,0.18398119474747693,0.0,0.3,0.39920691041554024,0.05678055274944438,714.7681883460982,875.0319805273527,beak,adv,12,10,2,0,0,0,2,0,2,0,2,0,10,4,2,0,0,12,0,1.905578472325961,1.7509555201729614,5.0,0.0,0.16666666666666666,0.16666666666666666,0.3333333333333333,0.16666666666666666,4247.593201175551,0.5685083866566518,0.1594853449258405,False,2.0,0,0.6,,30.0
beak|H15.0|r5|c0.3|w30open|v2|stop|t0.6|qcfg|gcfg,battery_cr2032,15.0,0.18398119474747693,0.0,0.3,0.18398119474747693,0.0,115.96641674482453,22.86379663500187,beak,stop,12,0,0,0,0,2,10,0,4,0,2,0,8,10,1,0,0,12,0,7.527145612086235,1.6612270491487324,5.0,0.0,0.0,0.3333333333333333,0.8333333333333334,0.08333333333333333,261.5485857127831,0.9432194472505557,0.6007930895844598,False,2.0,0,0.6,,30.0
beak|H15.0|r5|c0.3|w30open|v2|stop|t0.6|qcfg|gcfg,bead,15.0,0.18398119474747693,0.0,0.3,1.0,0.816018805252523,1835.8171469341823,31.093465045424736,beak,stop,12,0,12,0,0,0,12,0,12,0,12,0,0,12,0,0,0,12,0,0.0,0.0,5.0,0.0,1.0,1.0,1.0,0.0,218.32292981909234,1.0,0.816018805252523,False,2.0,0,0.6,,30.0
beak|H15.0|r5|c0.3|w30open|v2|stop|t0.6|qcfg|gcfg,coin_1yen,15.0,0.18398119474747693,0.0,0.3,0.18398119474747693,0.0,89.17564986605218,8.55829759846222,beak,stop,12,0,0,0,0,4,4,0,2,0,0,0,8,4,0,0,0,12,0,3.0679827730405242,2.717601251691638,5.0,0.0,0.0,0.16666666666666666,0.3333333333333333,0.0,0.0,0.5685083866566518,0.1594853449258405,False,2.0,0,0.6,,30.0
beak|H15.0|r5|c0.3|w30open|v2|stop|t0.6|qcfg|gcfg,crumb_cube,15.0,0.18398119474747693,0.0,0.3,0.39920691041554024,0.05678055274944438,643.751040442299,789.0530141894645,beak,stop,12,10,2,0,0,0,2,0,2,0,2,0,10,2,0,0,0,12,0,0.12524647878341122,0.025049295756682244,5.0,0.0,0.16666666666666666,0.16666666666666666,0.16666666666666666,0.0,3845.8876350803466,0.39920691041554024,0.05678055274944438,False,2.0,0,0.6,,30.0
beak|H15.0|r5|c0.3|w40cup|v10|adv|t0.6|qcfg|gcfg,battery_cr2032,15.0,0.18398119474747693,0.0,0.3,0.18398119474747693,0.0,16.955192834350758,7.2599084204568465,beak,adv,12,0,0,0,0,0,9,0,0,0,0,0,12,9,2,0,0,12,0,27.024539551756586,8.391260553202057,5.0,0.0,0.0,0.0,0.75,0.16666666666666666,0.0,0.8953474344295108,0.5126619681967507,True,10.0,0,0.6,,40.0
beak|H15.0|r5|c0.3|w40cup|v10|adv|t0.6|qcfg|gcfg,bead,15.0,0.5685083866566518,0.1594853449258405,0.3,1.0,0.816018805252523,946.1537034368816,30.22666542859139,beak,adv,12,0,12,2,6,0,12,0,12,0,6,0,0,12,0,4,0,12,0,0.0,0.0,5.0,0.3333333333333333,1.0,1.0,1.0,0.0,211.19690235049777,1.0,0.816018805252523,True,10.0,4,0.6,,40.0
beak|H15.0|r5|c0.3|w40cup|v10|adv|t0.6|qcfg|gcfg,coin_1yen,15.0,0.18398119474747693,0.0,0.3,0.18398119474747693,0.0,14.888357453137239,0.4766845701743615,beak,adv,12,0,0,0,0,0,0,0,0,0,0,0,12,0,0,0,0,12,0,22.309617241162954,22.143302136799274,5.0,0.0,0.0,0.0,0.0,0.0,0.0,0.18398119474747693,0.0,True,10.0,0,0.6,,40.0
beak|H15.0|r5|c0.3|w40cup|v10|adv|t0.6|qcfg|gcfg,crumb_cube,15.0,0.18398119474747693,0.0,0.3,0.5685083866566518,0.1594853449258405,1213.8522949806404,846.7866346730796,beak,adv,12,8,4,0,0,0,4,0,4,0,4,0,8,4,0,0,0,12,0,10.17118303738765,9.943621859091863,5.0,0.0,0.3333333333333333,0.3333333333333333,0.3333333333333333,0.0,3948.4293805568045,0.5685083866566518,0.1594853449258405,True,10.0,0,0.6,,40.0
beak|H15.0|r5|c0.3|w40cup|v10|stop|t0.6|qcfg|gcfg,battery_cr2032,15.0,0.18398119474747693,0.0,0.3,0.18398119474747693,0.0,34.30582849105183,8.79628748229433,beak,stop,12,0,0,0,0,0,8,0,0,0,0,0,12,10,4,0,0,12,0,20.20260481731863,3.403514469002683,5.0,0.0,0.0,0.0,0.8333333333333334,0.3333333333333333,0.0,0.9432194472505557,0.6007930895844598,True,10.0,0,0.6,,40.0
beak|H15.0|r5|c0.3|w40cup|v10|stop|t0.6|qcfg|gcfg,bead,15.0,0.5685083866566518,0.1594853449258405,0.3,1.0,0.816018805252523,870.4258644508369,29.382412569073786,beak,stop,12,0,12,2,6,0,11,0,12,0,6,0,0,12,1,4,1,12,0,0.0,0.0,5.0,0.3333333333333333,1.0,1.0,1.0,0.08333333333333333,184.91312000481318,1.0,0.816018805252523,True,10.0,4,0.6,,40.0
beak|H15.0|r5|c0.3|w40cup|v10|stop|t0.6|qcfg|gcfg,coin_1yen,15.0,0.18398119474747693,0.0,0.3,0.18398119474747693,0.0,17.44805217745086,0.4747232106426314,beak,stop,12,0,0,0,0,0,0,0,0,0,0,0,12,0,0,0,0,12,0,3.051576147655409,2.739386665469206,5.0,0.0,0.0,0.0,0.0,0.0,0.0,0.18398119474747693,0.0,True,10.0,0,0.6,,40.0
beak|H15.0|r5|c0.3|w40cup|v10|stop|t0.6|qcfg|gcfg,crumb_cube,15.0,0.18398119474747693,0.0,0.3,0.39920691041554024,0.05678055274944438,644.6867405064116,719.7560054296913,beak,stop,12,10,2,0,0,0,2,0,2,0,2,0,10,2,0,0,0,12,0,0.14422331382719922,0.028844662765439844,5.0,0.0,0.16666666666666666,0.16666666666666666,0.16666666666666666,0.0,3852.231872231813,0.39920691041554024,0.05678055274944438,True,10.0,0,0.6,,40.0
beak|H15.0|r5|c0.3|w40cup|v2|adv|t0.6|qcfg|gcfg,battery_cr2032,15.0,0.18398119474747693,0.0,0.3,0.18398119474747693,0.0,34.502038889894756,7.471594296035933,beak,adv,12,0,0,0,0,0,9,0,0,0,0,0,12,6,1,0,0,12,0,2.8209897677303335,0.9928195128531773,5.0,0.0,0.0,0.0,0.5,0.08333333333333333,0.0,0.7144651456224747,0.2855348543775254,True,2.0,0,0.6,,40.0
beak|H15.0|r5|c0.3|w40cup|v2|adv|t0.6|qcfg|gcfg,bead,15.0,0.18398119474747693,0.0,0.3,1.0,0.816018805252523,1908.0641412387376,32.789903183556106,beak,adv,12,0,12,0,0,0,12,0,12,0,12,0,0,12,0,0,0,12,0,0.0,0.0,5.0,0.0,1.0,1.0,1.0,0.0,234.71708358628666,1.0,0.816018805252523,True,2.0,0,0.6,,40.0
beak|H15.0|r5|c0.3|w40cup|v2|adv|t0.6|qcfg|gcfg,coin_1yen,15.0,0.18398119474747693,0.0,0.3,0.18398119474747693,0.0,14.890205885039075,0.475534539666215,beak,adv,12,0,0,0,0,0,0,0,0,0,0,0,12,0,0,0,0,12,0,4.568822483470708,4.515431909462116,5.0,0.0,0.0,0.0,0.0,0.0,0.0,0.18398119474747693,0.0,True,2.0,0,0.6,,40.0
beak|H15.0|r5|c0.3|w40cup|v2|adv|t0.6|qcfg|gcfg,crumb_cube,15.0,0.18398119474747693,0.0,0.3,0.39920691041554024,0.05678055274944438,676.2613323774159,828.9294419260005,beak,adv,12,10,2,0,0,0,2,0,2,0,2,0,10,4,2,0,0,12,0,2.343652813929925,1.840176148430332,5.0,0.0,0.16666666666666666,0.16666666666666666,0.3333333333333333,0.16666666666666666,4044.0101532200383,0.5685083866566518,0.1594853449258405,True,2.0,0,0.6,,40.0
beak|H15.0|r5|c0.3|w40cup|v2|stop|t0.6|qcfg|gcfg,battery_cr2032,15.0,0.18398119474747693,0.0,0.3,0.18398119474747693,0.0,31.659499302757936,10.046128049390958,beak,stop,12,0,0,0,0,2,7,0,0,0,0,0,10,11,4,0,0,12,0,19.430876257336255,3.0140148181771416,5.0,0.0,0.0,0.0,0.9166666666666666,0.3333333333333333,0.0,0.9811839504836382,0.6988317205601311,True,2.0,0,0.6,,40.0
beak|H15.0|r5|c0.3|w40cup|v2|stop|t0.6|qcfg|gcfg,bead,15.0,0.18398119474747693,0.0,0.3,1.0,0.816018805252523,1835.8171469341823,31.093465045424736,beak,stop,12,0,12,0,0,0,12,0,12,0,12,0,0,12,0,0,0,12,0,0.0,0.0,5.0,0.0,1.0,1.0,1.0,0.0,218.32292981909234,1.0,0.816018805252523,True,2.0,0,0.6,,40.0
beak|H15.0|r5|c0.3|w40cup|v2|stop|t0.6|qcfg|gcfg,coin_1yen,15.0,0.18398119474747693,0.0,0.3,0.18398119474747693,0.0,17.436985796648415,0.44449019690617003,beak,stop,12,0,0,0,0,0,0,0,0,0,0,0,12,0,0,0,0,12,0,3.0126441494886245,2.709868387408576,5.0,0.0,0.0,0.0,0.0,0.0,0.0,0.18398119474747693,0.0,True,2.0,0,0.6,,40.0
beak|H15.0|r5|c0.3|w40cup|v2|stop|t0.6|qcfg|gcfg,crumb_cube,15.0,0.18398119474747693,0.0,0.3,0.39920691041554024,0.05678055274944438,687.5866526379546,839.3166111026221,beak,stop,12,10,2,0,0,0,2,0,2,0,2,0,10,2,0,0,0,12,0,0.12680219896141903,0.025360439792283807,5.0,0.0,0.16666666666666666,0.16666666666666666,0.16666666666666666,0.0,4105.140317781951,0.39920691041554024,0.05678055274944438,True,2.0,0,0.6,,40.0
beak|H15.0|r5|c0.6|w30open|v10|adv|t0.6|qcfg|gcfg,battery_cr2032,15.0,0.18398119474747693,0.0,0.6,0.18398119474747693,0.0,92.38004634422911,38.07514758309817,beak,adv,12,0,0,0,0,1,10,0,3,0,3,0,8,10,1,0,0,12,0,13.722797503741072,10.490739840990596,5.0,0.0,0.0,0.25,0.8333333333333334,0.08333333333333333,87.41091814556574,0.9432194472505557,0.6007930895844598,False,10.0,0,0.6,,30.0
beak|H15.0|r5|c0.6|w30open|v10|adv|t0.6|qcfg|gcfg,bead,15.0,0.7144651456224747,0.2855348543775254,0.6,1.0,0.816018805252523,365.7633196360614,25.245554755973533,beak,adv,12,0,12,0,6,0,6,0,12,0,6,0,0,12,6,6,6,12,0,0.0,0.0,5.0,0.5,1.0,1.0,1.0,0.5,74.69850345535636,1.0,0.816018805252523,False,10.0,6,0.6,,30.0
beak|H15.0|r5|c0.6|w30open|v10|adv|t0.6|qcfg|gcfg,coin_1yen,15.0,0.18398119474747693,0.0,0.6,0.18398119474747693,0.0,87.64875681634278,21.259282997125347,beak,adv,12,0,0,0,0,4,4,0,1,0,0,0,8,4,0,0,0,12,0,25.229332123425657,25.124907261517183,5.0,0.0,0.0,0.08333333333333333,0.3333333333333333,0.0,12.428238757610629,0.5685083866566518,0.1594853449258405,False,10.0,0,0.6,,30.0
beak|H15.0|r5|c0.6|w30open|v10|adv|t0.6|qcfg|gcfg,crumb_cube,15.0,0.18398119474747693,0.0,0.6,0.39920691041554024,0.05678055274944438,704.422385208643,862.3359295988223,beak,adv,12,10,2,0,0,0,2,0,2,0,2,0,10,2,0,0,0,12,0,11.844938284792516,11.496275709171137,5.0,0.0,0.16666666666666666,0.16666666666666666,0.16666666666666666,0.0,4212.747251886738,0.39920691041554024,0.05678055274944438,False,10.0,0,0.6,,30.0
beak|H15.0|r5|c0.6|w30open|v10|stop|t0.6|qcfg|gcfg,battery_cr2032,15.0,0.18398119474747693,0.0,0.6,0.18398119474747693,0.0,114.61529647607183,65.57283681005426,beak,stop,12,0,0,0,0,5,11,0,0,0,0,0,7,11,1,0,0,12,0,2.340369384158852,0.8568231933354653,5.0,0.0,0.0,0.0,0.9166666666666666,0.08333333333333333,0.0,0.9811839504836382,0.6988317205601311,False,10.0,0,0.6,,30.0
beak|H15.0|r5|c0.6|w30open|v10|stop|t0.6|qcfg|gcfg,bead,15.0,0.8405146550741593,0.4314916133433481,0.6,1.0,0.816018805252523,75.75603733698186,9.981125297080013,beak,stop,12,0,12,4,12,0,6,0,12,0,0,0,0,12,6,8,6,12,0,0.0,0.0,5.0,0.6666666666666666,1.0,1.0,1.0,0.5,31.272375261623353,1.0,0.816018805252523,False,10.0,8,0.6,,30.0
beak|H15.0|r5|c0.6|w30open|v10|stop|t0.6|qcfg|gcfg,coin_1yen,15.0,0.18398119474747693,0.0,0.6,0.18398119474747693,0.0,85.72002959146613,19.003832816191874,beak,stop,12,0,0,0,0,4,4,0,2,0,0,0,8,3,0,0,0,12,0,3.01240173343479,2.707621404641546,5.0,0.0,0.0,0.16666666666666666,0.25,0.0,1.1180998362324175,0.4873380318032493,0.10465256557048919,False,10.0,0,0.6,,30.0
beak|H15.0|r5|c0.6|w30open|v10|stop|t0.6|qcfg|gcfg,crumb_cube,15.0,0.18398119474747693,0.0,0.6,0.39920691041554024,0.05678055274944438,609.3340233102259,826.855547009302,beak,stop,12,10,2,0,0,0,2,0,2,0,2,0,10,2,0,0,0,12,0,0.1273654372870095,0.0254730874574019,5.0,0.0,0.16666666666666666,0.16666666666666666,0.16666666666666666,0.0,3635.813504590388,0.39920691041554024,0.05678055274944438,False,10.0,0,0.6,,30.0
beak|H15.0|r5|c0.6|w30open|v2|adv|t0.6|qcfg|gcfg,battery_cr2032,15.0,0.18398119474747693,0.0,0.6,0.18398119474747693,0.0,169.78792726192586,22.964114056915818,beak,adv,12,0,0,0,0,5,11,0,0,0,0,0,7,8,0,0,0,12,0,11.525755130436126,2.463037160667109,5.0,0.0,0.0,0.0,0.6666666666666666,0.0,0.0,0.8405146550741593,0.4314916133433481,False,2.0,0,0.6,,30.0
beak|H15.0|r5|c0.6|w30open|v2|adv|t0.6|qcfg|gcfg,bead,15.0,0.18398119474747693,0.0,0.6,1.0,0.816018805252523,423.72576091722203,23.281185614562364,beak,adv,12,0,12,0,0,0,12,0,12,0,12,0,0,12,0,0,0,12,0,0.0,0.0,5.0,0.0,1.0,1.0,1.0,0.0,62.22309599139067,1.0,0.816018805252523,False,2.0,0,0.6,,30.0
beak|H15.0|r5|c0.6|w30open|v2|adv|t0.6|qcfg|gcfg,coin_1yen,15.0,0.18398119474747693,0.0,0.6,0.18398119474747693,0.0,67.78651451855681,12.129652228270478,beak,adv,12,0,0,0,0,4,4,0,1,0,0,0,8,4,0,0,0,12,0,5.211774513008999,5.1466159729779335,5.0,0.0,0.0,0.08333333333333333,0.3333333333333333,0.0,0.0,0.5685083866566518,0.1594853449258405,False,2.0,0,0.6,,30.0
beak|H15.0|r5|c0.6|w30open|v2|adv|t0.6|qcfg|gcfg,crumb_cube,15.0,0.18398119474747693,0.0,0.6,0.39920691041554024,0.05678055274944438,728.432940578642,860.0917752095567,beak,adv,12,10,2,0,0,0,2,0,4,0,2,2,8,4,2,0,0,12,0,2.231440330920695,2.022936496598909,5.0,0.0,0.16666666666666666,0.3333333333333333,0.3333333333333333,0.16666666666666666,4348.403561699184,0.5685083866566518,0.1594853449258405,False,2.0,0,0.6,,30.0
beak|H15.0|r5|c0.6|w30open|v2|stop|t0.6|qcfg|gcfg,battery_cr2032,15.0,0.18398119474747693,0.0,0.6,0.18398119474747693,0.0,194.8166476546107,16.586617075959047,beak,stop,12,0,0,0,0,3,10,0,1,0,1,0,8,10,2,0,0,12,0,5.271527801326149,1.7008942326519754,5.0,0.0,0.0,0.08333333333333333,0.8333333333333334,0.16666666666666666,73.87385440569075,0.9432194472505557,0.6007930895844598,False,2.0,0,0.6,,30.0
beak|H15.0|r5|c0.6|w30open|v2|stop|t0.6|qcfg|gcfg,bead,15.0,0.8405146550741593,0.4314916133433481,0.6,1.0,0.816018805252523,72.00553095678414,16.2087623354845,beak,stop,12,0,12,4,12,0,12,0,12,0,0,0,0,12,0,8,0,12,0,0.0,0.0,5.0,0.6666666666666666,1.0,1.0,1.0,0.0,31.470715477406074,1.0,0.816018805252523,False,2.0,8,0.6,,30.0
beak|H15.0|r5|c0.6|w30open|v2|stop|t0.6|qcfg|gcfg,coin_1yen,15.0,0.18398119474747693,0.0,0.6,0.18398119474747693,0.0,30.562132483360745,4.676508097220843,beak,stop,12,0,0,0,0,4,4,0,0,0,0,0,8,4,0,0,0,12,0,3.04545679760284,2.6895337340986654,5.0,0.0,0.0,0.0,0.3333333333333333,0.0,0.0,0.5685083866566518,0.1594853449258405,False,2.0,0,0.6,,30.0
beak|H15.0|r5|c0.6|w30open|v2|stop|t0.6|qcfg|gcfg,crumb_cube,15.0,0.18398119474747693,0.0,0.6,0.39920691041554024,0.05678055274944438,676.4861301726093,820.6778135426979,beak,stop,12,10,2,0,0,0,2,0,2,0,2,0,10,2,0,0,0,12,0,0.11115423752536963,0.022230847505073925,5.0,0.0,0.16666666666666666,0.16666666666666666,0.16666666666666666,0.0,4042.747782918722,0.39920691041554024,0.05678055274944438,False,2.0,0,0.6,,30.0
beak|H15.0|r5|c0.6|w40cup|v10|adv|t0.6|qcfg|gcfg,battery_cr2032,15.0,0.18398119474747693,0.0,0.6,0.18398119474747693,0.0,15.427969978495533,11.011233651707428,beak,adv,12,0,0,0,0,0,7,0,0,0,0,0,12,8,3,0,0,12,0,16.368007444680867,12.146480017543544,5.0,0.0,0.0,0.0,0.6666666666666666,0.25,0.0,0.8405146550741593,0.4314916133433481,True,10.0,0,0.6,,40.0
beak|H15.0|r5|c0.6|w40cup|v10|adv|t0.6|qcfg|gcfg,bead,15.0,0.7144651456224747,0.2855348543775254,0.6,1.0,0.816018805252523,365.7633196360614,25.245554755973533,beak,adv,12,0,12,0,6,0,6,0,12,0,6,0,0,12,6,6,6,12,0,0.0,0.0,5.0,0.5,1.0,1.0,1.0,0.5,74.69850345535636,1.0,0.816018805252523,True,10.0,6,0.6,,40.0
beak|H15.0|r5|c0.6|w40cup|v10|adv|t0.6|qcfg|gcfg,coin_1yen,15.0,0.18398119474747693,0.0,0.6,0.18398119474747693,0.0,14.888428923209238,0.4752767150261426,beak,adv,12,0,0,0,0,0,0,0,0,0,0,0,12,0,0,0,0,12,0,25.244890006818324,25.129263752840313,5.0,0.0,0.0,0.0,0.0,0.0,0.0,0.18398119474747693,0.0,True,10.0,0,0.6,,40.0
beak|H15.0|r5|c0.6|w40cup|v10|adv|t0.6|qcfg|gcfg,crumb_cube,15.0,0.18398119474747693,0.0,0.6,0.39920691041554024,0.05678055274944438,537.8552985922871,659.113729392709,beak,adv,12,10,2,0,0,0,2,0,2,0,2,0,10,2,0,0,0,12,0,11.843965787803564,11.49688503346206,5.0,0.0,0.16666666666666666,0.16666666666666666,0.16666666666666666,0.0,3203.249433028675,0.39920691041554024,0.05678055274944438,True,10.0,0,0.6,,40.0
beak|H15.0|r5|c0.6|w40cup|v10|stop|t0.6|qcfg|gcfg,battery_cr2032,15.0,0.18398119474747693,0.0,0.6,0.18398119474747693,0.0,27.696845016516495,14.612463524389662,beak,stop,12,0,0,0,0,0,8,0,0,0,0,0,12,10,3,0,0,12,0,22.546145310582165,3.7491227596722614,5.0,0.0,0.0,0.0,0.8333333333333334,0.25,0.0,0.9432194472505557,0.6007930895844598,True,10.0,0,0.6,,40.0
beak|H15.0|r5|c0.6|w40cup|v10|stop|t0.6|qcfg|gcfg,bead,15.0,0.8405146550741593,0.4314916133433481,0.6,1.0,0.816018805252523,75.75603733698186,9.981125297080013,beak,stop,12,0,12,4,12,0,6,0,12,0,0,0,0,12,6,8,6,12,0,0.0,0.0,5.0,0.6666666666666666,1.0,1.0,1.0,0.5,31.272375261623353,1.0,0.816018805252523,True,10.0,8,0.6,,40.0
beak|H15.0|r5|c0.6|w40cup|v10|stop|t0.6|qcfg|gcfg,coin_1yen,15.0,0.18398119474747693,0.0,0.6,0.18398119474747693,0.0,17.29195015696659,0.4096652479847933,beak,stop,12,0,0,0,0,0,0,0,0,0,0,0,12,0,0,0,0,12,0,3.036204394384276,2.678579120764178,5.0,0.0,0.0,0.0,0.0,0.0,0.0,0.18398119474747693,0.0,True,10.0,0,0.6,,40.0
beak|H15.0|r5|c0.6|w40cup|v10|stop|t0.6|qcfg|gcfg,crumb_cube,15.0,0.18398119474747693,0.0,0.6,0.39920691041554024,0.05678055274944438,741.8304608336219,851.3750170263153,beak,stop,12,10,2,0,0,0,2,0,2,0,2,0,10,2,0,0,0,12,0,0.13434699653520205,0.02686939930704041,5.0,0.0,0.16666666666666666,0.16666666666666666,0.16666666666666666,0.0,4434.1222613566215,0.39920691041554024,0.05678055274944438,True,10.0,0,0.6,,40.0
beak|H15.0|r5|c0.6|w40cup|v2|adv|t0.6|qcfg|gcfg,battery_cr2032,15.0,0.18398119474747693,0.0,0.6,0.18398119474747693,0.0,23.853793249134682,5.766553194384768,beak,adv,12,0,0,0,0,0,8,0,0,0,0,0,12,8,2,0,0,12,0,10.153532324484148,1.8721003621177754,5.0,0.0,0.0,0.0,0.6666666666666666,0.16666666666666666,0.0,0.8405146550741593,0.4314916133433481,True,2.0,0,0.6,,40.0
beak|H15.0|r5|c0.6|w40cup|v2|adv|t0.6|qcfg|gcfg,bead,15.0,0.18398119474747693,0.0,0.6,1.0,0.816018805252523,423.72576091722203,23.281185614562364,beak,adv,12,0,12,0,0,0,12,0,12,0,12,0,0,12,0,0,0,12,0,0.0,0.0,5.0,0.0,1.0,1.0,1.0,0.0,62.22309599139067,1.0,0.816018805252523,True,2.0,0,0.6,,40.0
beak|H15.0|r5|c0.6|w40cup|v2|adv|t0.6|qcfg|gcfg,coin_1yen,15.0,0.18398119474747693,0.0,0.6,0.18398119474747693,0.0,14.89016386586011,0.42806774417200133,beak,adv,12,0,0,0,0,0,0,0,0,0,0,0,12,0,0,0,0,12,0,5.283375792742461,5.157460062871074,5.0,0.0,0.0,0.0,0.0,0.0,0.0,0.18398119474747693,0.0,True,2.0,0,0.6,,40.0
beak|H15.0|r5|c0.6|w40cup|v2|adv|t0.6|qcfg|gcfg,crumb_cube,15.0,0.18398119474747693,0.0,0.6,0.39920691041554024,0.05678055274944438,613.3239357647506,820.67371133665,beak,adv,12,10,2,0,0,0,2,0,4,0,2,2,8,4,2,0,0,12,0,2.2307303454403224,2.023297826724977,5.0,0.0,0.16666666666666666,0.3333333333333333,0.3333333333333333,0.16666666666666666,3668.5733611230094,0.5685083866566518,0.1594853449258405,True,2.0,0,0.6,,40.0
beak|H15.0|r5|c0.6|w40cup|v2|stop|t0.6|qcfg|gcfg,battery_cr2032,15.0,0.18398119474747693,0.0,0.6,0.18398119474747693,0.0,29.835123994019654,14.805281396969086,beak,stop,12,0,0,0,0,0,10,0,0,0,0,0,12,8,1,0,0,12,0,28.406979706676342,2.859401594713646,5.0,0.0,0.0,0.0,0.6666666666666666,0.08333333333333333,0.0,0.8405146550741593,0.4314916133433481,True,2.0,0,0.6,,40.0
beak|H15.0|r5|c0.6|w40cup|v2|stop|t0.6|qcfg|gcfg,bead,15.0,0.8405146550741593,0.4314916133433481,0.6,1.0,0.816018805252523,72.00553095678414,16.2087623354845,beak,stop,12,0,12,4,12,0,12,0,12,0,0,0,0,12,0,8,0,12,0,0.0,0.0,5.0,0.6666666666666666,1.0,1.0,1.0,0.0,31.470715477406074,1.0,0.816018805252523,True,2.0,8,0.6,,40.0
beak|H15.0|r5|c0.6|w40cup|v2|stop|t0.6|qcfg|gcfg,coin_1yen,15.0,0.18398119474747693,0.0,0.6,0.18398119474747693,0.0,17.334553423861617,0.40940671402196,beak,stop,12,0,0,0,0,0,0,0,0,0,0,0,12,0,0,0,0,12,0,3.0556735394814543,2.7019053112738045,5.0,0.0,0.0,0.0,0.0,0.0,0.0,0.18398119474747693,0.0,True,2.0,0,0.6,,40.0
beak|H15.0|r5|c0.6|w40cup|v2|stop|t0.6|qcfg|gcfg,crumb_cube,15.0,0.18398119474747693,0.0,0.6,0.39920691041554024,0.05678055274944438,552.5419722453939,740.8242170708315,beak,stop,12,10,2,0,0,0,2,0,2,0,2,0,10,2,0,0,0,12,0,0.1176441324314062,0.02352882648628124,5.0,0.0,0.16666666666666666,0.16666666666666666,0.16666666666666666,0.0,3294.5599098998932,0.39920691041554024,0.05678055274944438,True,2.0,0,0.6,,40.0
beak|H15.0|r8|c0.3|w30open|v10|adv|t0.6|qcfg|gcfg,battery_cr2032,15.0,0.18398119474747693,0.0,0.3,0.18398119474747693,0.0,70.23817235161975,31.866574177688275,beak,adv,12,0,0,0,0,2,11,0,3,0,2,0,8,9,0,0,0,12,0,22.550472536215054,7.102917381583807,8.0,0.0,0.0,0.25,0.75,0.0,190.11112351472826,0.8953474344295108,0.5126619681967507,False,10.0,0,0.6,,30.0
beak|H15.0|r8|c0.3|w30open|v10|adv|t0.6|qcfg|gcfg,bead,15.0,0.5685083866566518,0.1594853449258405,0.3,1.0,0.816018805252523,952.4848272135663,30.22665911676449,beak,adv,12,0,12,2,6,0,12,0,12,0,6,0,0,12,0,4,0,12,0,0.0,0.0,8.0,0.3333333333333333,1.0,1.0,1.0,0.0,211.1965770285376,1.0,0.816018805252523,False,10.0,4,0.6,,30.0
beak|H15.0|r8|c0.3|w30open|v10|adv|t0.6|qcfg|gcfg,coin_1yen,15.0,0.18398119474747693,0.0,0.3,0.18398119474747693,0.0,75.76133454695861,18.860188319581507,beak,adv,12,0,0,0,0,1,4,0,3,0,3,0,8,4,0,0,0,12,0,22.288616648129885,22.1370053118622,8.0,0.0,0.0,0.25,0.3333333333333333,0.0,119.5389970535657,0.5685083866566518,0.1594853449258405,False,10.0,0,0.6,,30.0
beak|H15.0|r8|c0.3|w30open|v10|adv|t0.6|qcfg|gcfg,crumb_cube,15.0,0.18398119474747693,0.0,0.3,0.5685083866566518,0.1594853449258405,1249.5000340243894,1076.4968173153036,beak,adv,12,8,4,0,0,0,4,0,4,0,4,0,8,4,0,0,0,12,0,10.171697298784233,9.943044174810293,8.0,0.0,0.3333333333333333,0.3333333333333333,0.3333333333333333,0.0,3800.8332774748847,0.5685083866566518,0.1594853449258405,False,10.0,0,0.6,,30.0
beak|H15.0|r8|c0.3|w30open|v10|stop|t0.6|qcfg|gcfg,battery_cr2032,15.0,0.18398119474747693,0.0,0.3,0.18398119474747693,0.0,88.02708861181894,8.674836476329919,beak,stop,12,0,0,0,0,3,10,0,2,0,1,0,8,9,1,0,0,12,0,25.50492537037821,5.529720334299662,8.0,0.0,0.0,0.16666666666666666,0.75,0.08333333333333333,271.61630444285873,0.8953474344295108,0.5126619681967507,False,10.0,0,0.6,,30.0
beak|H15.0|r8|c0.3|w30open|v10|stop|t0.6|qcfg|gcfg,bead,15.0,0.39920691041554024,0.05678055274944438,0.3,1.0,0.816018805252523,928.496580071161,29.382292331193213,beak,stop,12,0,12,4,6,0,11,0,12,0,6,0,0,12,1,2,1,12,0,0.0,0.0,8.0,0.16666666666666666,1.0,1.0,1.0,0.08333333333333333,184.91284352644206,1.0,0.816018805252523,False,10.0,2,0.6,,30.0
beak|H15.0|r8|c0.3|w30open|v10|stop|t0.6|qcfg|gcfg,coin_1yen,15.0,0.18398119474747693,0.0,0.3,0.18398119474747693,0.0,68.28833057409678,45.90390320040339,beak,stop,12,0,0,0,0,4,4,0,2,0,0,0,8,4,0,0,0,12,0,2.9846078271146546,2.675310008789817,8.0,0.0,0.0,0.16666666666666666,0.3333333333333333,0.0,21.662980429176017,0.5685083866566518,0.1594853449258405,False,10.0,0,0.6,,30.0
beak|H15.0|r8|c0.3|w30open|v10|stop|t0.6|qcfg|gcfg,crumb_cube,15.0,0.18398119474747693,0.0,0.3,0.39920691041554024,0.05678055274944438,555.8450595471105,595.3313942250091,beak,stop,12,10,2,0,0,0,2,0,2,0,2,0,10,2,0,0,0,12,0,0.1425918789151881,0.02851837578303762,8.0,0.0,0.16666666666666666,0.16666666666666666,0.16666666666666666,0.0,3303.7678671172093,0.39920691041554024,0.05678055274944438,False,10.0,0,0.6,,30.0
beak|H15.0|r8|c0.3|w30open|v2|adv|t0.6|qcfg|gcfg,battery_cr2032,15.0,0.18398119474747693,0.0,0.3,0.18398119474747693,0.0,52.22447690676893,32.15100176877952,beak,adv,12,0,0,0,0,3,9,0,1,0,1,0,8,11,2,0,0,12,0,3.0545377124684276,1.0052867644474308,8.0,0.0,0.0,0.08333333333333333,0.9166666666666666,0.16666666666666666,176.45139109361415,0.9811839504836382,0.6988317205601311,False,2.0,0,0.6,,30.0
beak|H15.0|r8|c0.3|w30open|v2|adv|t0.6|qcfg|gcfg,bead,15.0,0.18398119474747693,0.0,0.3,1.0,0.816018805252523,1905.1220016433672,32.78972204162683,beak,adv,12,0,12,0,0,0,12,0,12,0,12,0,0,12,0,0,0,12,0,0.0,0.0,8.0,0.0,1.0,1.0,1.0,0.0,234.71548849750297,1.0,0.816018805252523,False,2.0,0,0.6,,30.0
beak|H15.0|r8|c0.3|w30open|v2|adv|t0.6|qcfg|gcfg,coin_1yen,15.0,0.18398119474747693,0.0,0.3,0.18398119474747693,0.0,109.56873465717348,32.6648218358204,beak,adv,12,0,0,0,0,4,4,0,1,0,0,0,8,4,0,0,0,12,0,4.577207670535849,4.5077285330071195,8.0,0.0,0.0,0.08333333333333333,0.3333333333333333,0.0,0.6004394017761517,0.5685083866566518,0.1594853449258405,False,2.0,0,0.6,,30.0
beak|H15.0|r8|c0.3|w30open|v2|adv|t0.6|qcfg|gcfg,crumb_cube,15.0,0.18398119474747693,0.0,0.3,0.39920691041554024,0.05678055274944438,605.7450343867996,735.9597984232088,beak,adv,12,10,2,0,0,0,2,0,2,0,2,0,10,4,2,0,0,12,0,1.905577948036162,1.750458603853773,8.0,0.0,0.16666666666666666,0.16666666666666666,0.3333333333333333,0.16666666666666666,3610.186394722071,0.5685083866566518,0.1594853449258405,False,2.0,0,0.6,,30.0
beak|H15.0|r8|c0.3|w30open|v2|stop|t0.6|qcfg|gcfg,battery_cr2032,15.0,0.18398119474747693,0.0,0.3,0.18398119474747693,0.0,65.66265048638888,7.889528092924938,beak,stop,12,0,0,0,0,2,10,0,3,0,2,0,8,9,1,0,0,12,0,7.479447679022949,2.2036448639090462,8.0,0.0,0.0,0.25,0.75,0.08333333333333333,88.06172050179347,0.8953474344295108,0.5126619681967507,False,2.0,0,0.6,,30.0
beak|H15.0|r8|c0.3|w30open|v2|stop|t0.6|qcfg|gcfg,bead,15.0,0.18398119474747693,0.0,0.3,1.0,0.816018805252523,1832.8704343076631,31.09319718166562,beak,stop,12,0,12,0,0,0,12,0,12,0,12,0,0,12,0,0,0,12,0,0.0,0.0,8.0,0.0,1.0,1.0,1.0,0.0,218.32175471732856,1.0,0.816018805252523,False,2.0,0,0.6,,30.0
beak|H15.0|r8|c0.3|w30open|v2|stop|t0.6|qcfg|gcfg,coin_1yen,15.0,0.18398119474747693,0.0,0.3,0.18398119474747693,0.0,58.85839482876802,8.084928934040795,beak,stop,12,0,0,0,0,4,5,0,1,0,0,0,8,4,0,0,0,12,0,2.9695472654033273,2.649741804976755,8.0,0.0,0.0,0.08333333333333333,0.3333333333333333,0.0,0.0,0.5685083866566518,0.1594853449258405,False,2.0,0,0.6,,30.0
beak|H15.0|r8|c0.3|w30open|v2|stop|t0.6|qcfg|gcfg,crumb_cube,15.0,0.18398119474747693,0.0,0.3,0.39920691041554024,0.05678055274944438,581.0785090283582,616.8412610853665,beak,stop,12,10,2,0,0,0,2,0,2,0,2,0,10,2,0,0,0,12,0,0.12524599607921516,0.025049199215843032,8.0,0.0,0.16666666666666666,0.16666666666666666,0.16666666666666666,0.0,3458.8784791658886,0.39920691041554024,0.05678055274944438,False,2.0,0,0.6,,30.0
beak|H15.0|r8|c0.3|w40cup|v10|adv|t0.6|qcfg|gcfg,battery_cr2032,15.0,0.30116827943986896,0.018816049516361844,0.3,0.30116827943986896,0.018816049516361844,15.472528272687633,32.00181643329514,beak,adv,12,0,1,0,1,0,9,0,1,0,0,0,11,10,2,1,0,12,0,10.336628353865798,6.2761456237539,8.0,0.08333333333333333,0.08333333333333333,0.08333333333333333,0.8333333333333334,0.16666666666666666,28.702704744237582,0.9432194472505557,0.6007930895844598,True,10.0,1,0.6,,40.0
beak|H15.0|r8|c0.3|w40cup|v10|adv|t0.6|qcfg|gcfg,bead,15.0,0.5685083866566518,0.1594853449258405,0.3,1.0,0.816018805252523,952.4848272135663,30.22665911676449,beak,adv,12,0,12,2,6,0,12,0,12,0,6,0,0,12,0,4,0,12,0,0.0,0.0,8.0,0.3333333333333333,1.0,1.0,1.0,0.0,211.1965770285376,1.0,0.816018805252523,True,10.0,4,0.6,,40.0
beak|H15.0|r8|c0.3|w40cup|v10|adv|t0.6|qcfg|gcfg,coin_1yen,15.0,0.18398119474747693,0.0,0.3,0.18398119474747693,0.0,17.82310313241103,0.4741529189892853,beak,adv,12,0,0,0,0,0,0,0,0,0,0,0,12,0,0,0,0,12,0,22.273731771071724,22.140703310362785,8.0,0.0,0.0,0.0,0.0,0.0,0.0,0.18398119474747693,0.0,True,10.0,0,0.6,,40.0
beak|H15.0|r8|c0.3|w40cup|v10|adv|t0.6|qcfg|gcfg,crumb_cube,15.0,0.18398119474747693,0.0,0.3,0.5685083866566518,0.1594853449258405,1254.1874012104624,992.2839246208481,beak,adv,12,8,4,0,0,0,4,0,4,0,4,0,8,4,0,0,0,12,0,10.171182321039606,9.943621492084059,8.0,0.0,0.3333333333333333,0.3333333333333333,0.3333333333333333,0.0,4000.779760380256,0.5685083866566518,0.1594853449258405,True,10.0,0,0.6,,40.0
beak|H15.0|r8|c0.3|w40cup|v10|stop|t0.6|qcfg|gcfg,battery_cr2032,15.0,0.18398119474747693,0.0,0.3,0.18398119474747693,0.0,38.30568179245095,6.991541644278331,beak,stop,12,0,0,0,0,0,11,0,0,0,0,0,12,5,0,0,0,12,0,7.267911273040717,1.3639591307264325,8.0,0.0,0.0,0.0,0.4166666666666667,0.0,0.0,0.6440189850994654,0.2199778806917808,True,10.0,0,0.6,,40.0
beak|H15.0|r8|c0.3|w40cup|v10|stop|t0.6|qcfg|gcfg,bead,15.0,0.39920691041554024,0.05678055274944438,0.3,1.0,0.816018805252523,928.496580071161,29.382292331193213,beak,stop,12,0,12,4,6,0,11,0,12,0,6,0,0,12,1,2,1,12,0,0.0,0.0,8.0,0.16666666666666666,1.0,1.0,1.0,0.08333333333333333,184.91284352644206,1.0,0.816018805252523,True,10.0,2,0.6,,40.0
beak|H15.0|r8|c0.3|w40cup|v10|stop|t0.6|qcfg|gcfg,coin_1yen,15.0,0.18398119474747693,0.0,0.3,0.18398119474747693,0.0,20.333655114514155,0.41014208756162923,beak,stop,12,0,0,0,0,0,0,0,0,0,0,0,12,0,0,0,0,12,0,3.0372687144758146,2.693228389167874,8.0,0.0,0.0,0.0,0.0,0.0,0.0,0.18398119474747693,0.0,True,10.0,0,0.6,,40.0
beak|H15.0|r8|c0.3|w40cup|v10|stop|t0.6|qcfg|gcfg,crumb_cube,15.0,0.18398119474747693,0.0,0.3,0.39920691041554024,0.05678055274944438,634.1423737286859,679.3093523361165,beak,stop,12,10,2,0,0,0,2,0,2,0,2,0,10,2,0,0,0,12,0,0.14422275122037004,0.028844550244074008,8.0,0.0,0.16666666666666666,0.16666666666666666,0.16666666666666666,0.0,3777.171244141079,0.39920691041554024,0.05678055274944438,True,10.0,0,0.6,,40.0
beak|H15.0|r8|c0.3|w40cup|v2|adv|t0.6|qcfg|gcfg,battery_cr2032,15.0,0.18398119474747693,0.0,0.3,0.18398119474747693,0.0,26.69614304653234,31.120621505363285,beak,adv,12,0,0,0,0,0,6,0,1,0,0,0,12,9,3,0,0,12,0,11.141263773918531,3.1606601539524504,8.0,0.0,0.0,0.08333333333333333,0.75,0.25,1.0002555261614254,0.8953474344295108,0.5126619681967507,True,2.0,0,0.6,,40.0
beak|H15.0|r8|c0.3|w40cup|v2|adv|t0.6|qcfg|gcfg,bead,15.0,0.18398119474747693,0.0,0.3,1.0,0.816018805252523,1905.1220016433672,32.78972204162683,beak,adv,12,0,12,0,0,0,12,0,12,0,12,0,0,12,0,0,0,12,0,0.0,0.0,8.0,0.0,1.0,1.0,1.0,0.0,234.71548849750297,1.0,0.816018805252523,True,2.0,0,0.6,,40.0
beak|H15.0|r8|c0.3|w40cup|v2|adv|t0.6|qcfg|gcfg,coin_1yen,15.0,0.18398119474747693,0.0,0.3,0.18398119474747693,0.0,17.8246373065097,0.4846573391515857,beak,adv,12,0,0,0,0,0,0,0,0,0,0,0,12,0,0,0,0,12,0,4.559781864766375,4.502309090182054,8.0,0.0,0.0,0.0,0.0,0.0,0.0,0.18398119474747693,0.0,True,2.0,0,0.6,,40.0
beak|H15.0|r8|c0.3|w40cup|v2|adv|t0.6|qcfg|gcfg,crumb_cube,15.0,0.18398119474747693,0.0,0.3,0.39920691041554024,0.05678055274944438,733.0676081275443,923.4453094006857,beak,adv,12,10,2,0,0,0,2,0,2,0,2,0,10,4,2,0,0,12,0,2.3436540419325067,1.8401760168361967,8.0,0.0,0.16666666666666666,0.16666666666666666,0.3333333333333333,0.16666666666666666,4373.360026549558,0.5685083866566518,0.1594853449258405,True,2.0,0,0.6,,40.0
beak|H15.0|r8|c0.3|w40cup|v2|stop|t0.6|qcfg|gcfg,battery_cr2032,15.0,0.18398119474747693,0.0,0.3,0.18398119474747693,0.0,34.34227790266129,17.43988714609866,beak,stop,12,0,0,0,0,0,8,0,0,0,0,0,12,9,3,0,0,12,0,5.412529086414243,0.7583658089052504,8.0,0.0,0.0,0.0,0.75,0.25,0.0,0.8953474344295108,0.5126619681967507,True,2.0,0,0.6,,40.0
beak|H15.0|r8|c0.3|w40cup|v2|stop|t0.6|qcfg|gcfg,bead,15.0,0.18398119474747693,0.0,0.3,1.0,0.816018805252523,1832.8704343076631,31.09319718166562,beak,stop,12,0,12,0,0,0,12,0,12,0,12,0,0,12,0,0,0,12,0,0.0,0.0,8.0,0.0,1.0,1.0,1.0,0.0,218.32175471732856,1.0,0.816018805252523,True,2.0,0,0.6,,40.0
beak|H15.0|r8|c0.3|w40cup|v2|stop|t0.6|qcfg|gcfg,coin_1yen,15.0,0.18398119474747693,0.0,0.3,0.18398119474747693,0.0,20.376728222820745,0.47174191363582424,beak,stop,12,0,0,0,0,0,0,0,0,0,0,0,12,0,0,0,0,12,0,3.0454957854556124,2.712759852023659,8.0,0.0,0.0,0.0,0.0,0.0,0.0,0.18398119474747693,0.0,True,2.0,0,0.6,,40.0
beak|H15.0|r8|c0.3|w40cup|v2|stop|t0.6|qcfg|gcfg,crumb_cube,15.0,0.18398119474747693,0.0,0.3,0.39920691041554024,0.05678055274944438,631.8284673633173,858.5947909573896,beak,stop,12,10,2,0,0,0,2,0,2,0,2,0,10,2,0,0,0,12,0,0.12680171950971847,0.025360343901943694,8.0,0.0,0.16666666666666666,0.16666666666666666,0.16666666666666666,0.0,3763.379183634601,0.39920691041554024,0.05678055274944438,True,2.0,0,0.6,,40.0
beak|H15.0|r8|c0.6|w30open|v10|adv|t0.6|qcfg|gcfg,battery_cr2032,15.0,0.18398119474747693,0.0,0.6,0.18398119474747693,0.0,351.0191125533989,48.90258751006202,beak,adv,12,0,0,0,0,2,10,0,4,1,2,0,7,9,1,0,0,12,0,17.33130762913793,15.362260141322071,8.0,0.0,0.0,0.3333333333333333,0.75,0.08333333333333333,240.9251215271624,0.8953474344295108,0.5126619681967507,False,10.0,0,0.6,,30.0
beak|H15.0|r8|c0.6|w30open|v10|adv|t0.6|qcfg|gcfg,bead,15.0,0.7144651456224747,0.2855348543775254,0.6,1.0,0.816018805252523,359.56685120302853,24.68756302806592,beak,adv,12,0,12,0,6,0,6,0,12,0,6,0,0,12,6,6,6,12,0,0.0,0.0,8.0,0.5,1.0,1.0,1.0,0.5,75.20496796493428,1.0,0.816018805252523,False,10.0,6,0.6,,30.0
beak|H15.0|r8|c0.6|w30open|v10|adv|t0.6|qcfg|gcfg,coin_1yen,15.0,0.18398119474747693,0.0,0.6,0.18398119474747693,0.0,71.7506259240117,40.546376076575676,beak,adv,12,0,0,0,0,4,4,0,2,0,0,0,8,3,0,0,0,12,0,25.255659054698793,25.14187616451604,8.0,0.0,0.0,0.16666666666666666,0.25,0.0,21.470027283036707,0.4873380318032493,0.10465256557048919,False,10.0,0,0.6,,30.0
beak|H15.0|r8|c0.6|w30open|v10|adv|t0.6|qcfg|gcfg,crumb_cube,15.0,0.18398119474747693,0.0,0.6,0.39920691041554024,0.05678055274944438,700.4856397365144,911.1414327436081,beak,adv,12,10,2,0,0,0,2,0,2,0,2,0,10,2,0,0,0,12,0,11.844937558703194,11.496275995618388,8.0,0.0,0.16666666666666666,0.16666666666666666,0.16666666666666666,0.0,4175.262088037902,0.39920691041554024,0.05678055274944438,False,10.0,0,0.6,,30.0
beak|H15.0|r8|c0.6|w30open|v10|stop|t0.6|qcfg|gcfg,battery_cr2032,15.0,0.18398119474747693,0.0,0.6,0.18398119474747693,0.0,123.78384900517756,34.59432000307649,beak,stop,12,0,0,0,0,1,10,0,4,0,3,0,8,8,1,0,0,12,0,3.3084721474390744,0.8439479252401659,8.0,0.0,0.0,0.3333333333333333,0.6666666666666666,0.08333333333333333,79.92539985564801,0.8405146550741593,0.4314916133433481,False,10.0,0,0.6,,30.0
beak|H15.0|r8|c0.6|w30open|v10|stop|t0.6|qcfg|gcfg,bead,15.0,0.7144651456224747,0.2855348543775254,0.6,1.0,0.816018805252523,138.06148964737758,9.981378317817741,beak,stop,12,0,12,4,10,0,6,0,12,0,0,0,2,12,6,6,6,12,0,275.77676712971436,272.1603527878887,8.0,0.5,1.0,1.0,1.0,0.5,34.163645109490915,1.0,0.816018805252523,False,10.0,6,0.6,,30.0
beak|H15.0|r8|c0.6|w30open|v10|stop|t0.6|qcfg|gcfg,coin_1yen,15.0,0.18398119474747693,0.0,0.6,0.18398119474747693,0.0,74.78921086601046,16.123518051103275,beak,stop,12,0,0,0,0,4,4,0,0,0,0,0,8,4,0,0,0,12,0,3.060227380493129,2.7441616777275017,8.0,0.0,0.0,0.0,0.3333333333333333,0.0,0.0,0.5685083866566518,0.1594853449258405,False,10.0,0,0.6,,30.0
beak|H15.0|r8|c0.6|w30open|v10|stop|t0.6|qcfg|gcfg,crumb_cube,15.0,0.18398119474747693,0.0,0.6,0.39920691041554024,0.05678055274944438,602.2537183399038,702.3561924026681,beak,stop,12,10,2,0,0,0,2,0,2,0,2,0,10,2,0,0,0,12,0,0.12729383791645899,0.025458767583291797,8.0,0.0,0.16666666666666666,0.16666666666666666,0.16666666666666666,0.0,3584.710511229667,0.39920691041554024,0.05678055274944438,False,10.0,0,0.6,,30.0
beak|H15.0|r8|c0.6|w30open|v2|adv|t0.6|qcfg|gcfg,battery_cr2032,15.0,0.18398119474747693,0.0,0.6,0.18398119474747693,0.0,216.5711370681529,53.24215811727266,beak,adv,12,0,0,0,0,1,9,0,4,0,3,0,8,7,1,0,0,12,0,20.676466305140245,5.802378667194228,8.0,0.0,0.0,0.3333333333333333,0.5833333333333334,0.08333333333333333,174.21894404463288,0.7800221193082193,0.3559810149005347,False,2.0,0,0.6,,30.0
beak|H15.0|r8|c0.6|w30open|v2|adv|t0.6|qcfg|gcfg,bead,15.0,0.18398119474747693,0.0,0.6,1.0,0.816018805252523,424.55542256614564,24.576483217386162,beak,adv,12,0,12,1,1,0,12,0,12,0,11,0,0,12,0,0,0,12,0,0.0,0.0,8.0,0.0,1.0,1.0,1.0,0.0,72.38647168212847,1.0,0.816018805252523,False,2.0,0,0.6,,30.0
beak|H15.0|r8|c0.6|w30open|v2|adv|t0.6|qcfg|gcfg,coin_1yen,15.0,0.18398119474747693,0.0,0.6,0.18398119474747693,0.0,84.07723718796781,13.49456923598786,beak,adv,12,0,0,0,0,4,4,0,0,0,0,0,8,4,0,0,0,12,0,5.212102899937086,5.152985746468309,8.0,0.0,0.0,0.0,0.3333333333333333,0.0,0.0,0.5685083866566518,0.1594853449258405,False,2.0,0,0.6,,30.0
beak|H15.0|r8|c0.6|w30open|v2|adv|t0.6|qcfg|gcfg,crumb_cube,15.0,0.18398119474747693,0.0,0.6,0.39920691041554024,0.05678055274944438,542.6288939252291,749.5519172509273,beak,adv,12,10,2,0,0,0,2,0,4,2,2,0,8,4,2,0,0,12,0,2.2314396983034515,2.0230814486144313,8.0,0.0,0.16666666666666666,0.3333333333333333,0.3333333333333333,0.16666666666666666,3235.0302457026623,0.5685083866566518,0.1594853449258405,False,2.0,0,0.6,,30.0
beak|H15.0|r8|c0.6|w30open|v2|stop|t0.6|qcfg|gcfg,battery_cr2032,15.0,0.18398119474747693,0.0,0.6,0.18398119474747693,0.0,61.89344289386326,12.981963370994727,beak,stop,12,0,0,0,0,4,8,0,2,0,0,0,8,10,3,0,0,12,0,20.481858520866467,3.448928357693712,8.0,0.0,0.0,0.16666666666666666,0.8333333333333334,0.25,57.29843593675208,0.9432194472505557,0.6007930895844598,False,2.0,0,0.6,,30.0
beak|H15.0|r8|c0.6|w30open|v2|stop|t0.6|qcfg|gcfg,bead,15.0,0.6440189850994654,0.2199778806917808,0.6,1.0,0.816018805252523,150.44100077866588,15.444340801601154,beak,stop,12,0,12,6,11,0,12,0,12,0,0,0,1,12,0,5,0,12,0,272.13244070372275,272.13244070372275,8.0,0.4166666666666667,1.0,1.0,1.0,0.0,34.34523534004989,1.0,0.816018805252523,False,2.0,5,0.6,,30.0
beak|H15.0|r8|c0.6|w30open|v2|stop|t0.6|qcfg|gcfg,coin_1yen,15.0,0.18398119474747693,0.0,0.6,0.18398119474747693,0.0,84.83193352468697,34.845434561809974,beak,stop,12,0,0,0,0,4,4,0,0,0,0,0,8,4,0,0,0,12,0,3.0865913478199114,2.724051354413299,8.0,0.0,0.0,0.0,0.3333333333333333,0.0,0.0,0.5685083866566518,0.1594853449258405,False,2.0,0,0.6,,30.0
beak|H15.0|r8|c0.6|w30open|v2|stop|t0.6|qcfg|gcfg,crumb_cube,15.0,0.18398119474747693,0.0,0.6,0.39920691041554024,0.05678055274944438,704.4638004523362,901.6900295958349,beak,stop,12,10,2,0,0,0,2,0,2,0,2,0,10,2,0,0,0,12,0,0.11099712329835226,0.022199424659670453,8.0,0.0,0.16666666666666666,0.16666666666666666,0.16666666666666666,0.0,4197.855080501584,0.39920691041554024,0.05678055274944438,False,2.0,0,0.6,,30.0
beak|H15.0|r8|c0.6|w40cup|v10|adv|t0.6|qcfg|gcfg,battery_cr2032,15.0,0.18398119474747693,0.0,0.6,0.18398119474747693,0.0,18.218248849415854,4.467909998264962,beak,adv,12,0,0,0,0,0,8,0,1,1,0,0,11,9,2,0,0,12,0,27.989062604463424,14.587503449182485,8.0,0.0,0.0,0.08333333333333333,0.75,0.16666666666666666,0.6085230622531259,0.8953474344295108,0.5126619681967507,True,10.0,0,0.6,,40.0
beak|H15.0|r8|c0.6|w40cup|v10|adv|t0.6|qcfg|gcfg,bead,15.0,0.7144651456224747,0.2855348543775254,0.6,1.0,0.816018805252523,359.56685120302853,24.68756302806592,beak,adv,12,0,12,0,6,0,6,0,12,0,6,0,0,12,6,6,6,12,0,0.0,0.0,8.0,0.5,1.0,1.0,1.0,0.5,75.20496796493428,1.0,0.816018805252523,True,10.0,6,0.6,,40.0
beak|H15.0|r8|c0.6|w40cup|v10|adv|t0.6|qcfg|gcfg,coin_1yen,15.0,0.18398119474747693,0.0,0.6,0.18398119474747693,0.0,17.82286701138087,0.47581551958032264,beak,adv,12,0,0,0,0,0,0,0,0,0,0,0,12,0,0,0,0,12,0,25.24986394661319,25.131821511290543,8.0,0.0,0.0,0.0,0.0,0.0,0.0,0.18398119474747693,0.0,True,10.0,0,0.6,,40.0
beak|H15.0|r8|c0.6|w40cup|v10|adv|t0.6|qcfg|gcfg,crumb_cube,15.0,0.18398119474747693,0.0,0.6,0.39920691041554024,0.05678055274944438,689.9472150154226,996.7063922221712,beak,adv,12,10,2,0,0,0,2,0,2,0,2,0,10,2,0,0,0,12,0,11.843965061913757,11.496885319376561,8.0,0.0,0.16666666666666666,0.16666666666666666,0.16666666666666666,0.0,4113.788055897616,0.39920691041554024,0.05678055274944438,True,10.0,0,0.6,,40.0
beak|H15.0|r8|c0.6|w40cup|v10|stop|t0.6|qcfg|gcfg,battery_cr2032,15.0,0.18398119474747693,0.0,0.6,0.18398119474747693,0.0,32.159037160134034,8.247005945490551,beak,stop,12,0,0,0,0,0,10,0,0,0,0,0,12,8,0,0,0,12,0,2.252313928219153,0.6175719532761963,8.0,0.0,0.0,0.0,0.6666666666666666,0.0,0.0,0.8405146550741593,0.4314916133433481,True,10.0,0,0.6,,40.0
beak|H15.0|r8|c0.6|w40cup|v10|stop|t0.6|qcfg|gcfg,bead,15.0,0.7144651456224747,0.2855348543775254,0.6,1.0,0.816018805252523,138.06148964737758,9.981378317817741,beak,stop,12,0,12,4,10,0,6,0,12,0,0,0,2,12,6,6,6,12,0,275.77676712971436,272.1603527878887,8.0,0.5,1.0,1.0,1.0,0.5,34.163645109490915,1.0,0.816018805252523,True,10.0,6,0.6,,40.0
beak|H15.0|r8|c0.6|w40cup|v10|stop|t0.6|qcfg|gcfg,coin_1yen,15.0,0.18398119474747693,0.0,0.6,0.18398119474747693,0.0,20.265898384588898,0.4097003191630267,beak,stop,12,0,0,0,0,0,0,0,0,0,0,0,12,0,0,0,0,12,0,3.078689659475282,2.720633973171971,8.0,0.0,0.0,0.0,0.0,0.0,0.0,0.18398119474747693,0.0,True,10.0,0,0.6,,40.0
beak|H15.0|r8|c0.6|w40cup|v10|stop|t0.6|qcfg|gcfg,crumb_cube,15.0,0.18398119474747693,0.0,0.6,0.39920691041554024,0.05678055274944438,551.7785885437538,750.3223026652261,beak,stop,12,10,2,0,0,0,2,0,2,0,2,0,10,2,0,0,0,12,0,0.13435101490672646,0.026870202981345293,8.0,0.0,0.16666666666666666,0.16666666666666666,0.16666666666666666,0.0,3282.453600939948,0.39920691041554024,0.05678055274944438,True,10.0,0,0.6,,40.0
beak|H15.0|r8|c0.6|w40cup|v2|adv|t0.6|qcfg|gcfg,battery_cr2032,15.0,0.18398119474747693,0.0,0.6,0.18398119474747693,0.0,27.771666233242968,9.784510441921169,beak,adv,12,0,0,0,0,1,6,0,0,0,0,0,11,10,4,0,0,12,0,3.952088194002109,1.6083584633768948,8.0,0.0,0.0,0.0,0.8333333333333334,0.3333333333333333,0.0,0.9432194472505557,0.6007930895844598,True,2.0,0,0.6,,40.0
beak|H15.0|r8|c0.6|w40cup|v2|adv|t0.6|qcfg|gcfg,bead,15.0,0.18398119474747693,0.0,0.6,1.0,0.816018805252523,424.55542256614564,24.576483217386162,beak,adv,12,0,12,1,1,0,12,0,12,0,11,0,0,12,0,0,0,12,0,0.0,0.0,8.0,0.0,1.0,1.0,1.0,0.0,72.38647168212847,1.0,0.816018805252523,True,2.0,0,0.6,,40.0
beak|H15.0|r8|c0.6|w40cup|v2|adv|t0.6|qcfg|gcfg,coin_1yen,15.0,0.18398119474747693,0.0,0.6,0.18398119474747693,0.0,17.824649816880388,0.4350430282287607,beak,adv,12,0,0,0,0,0,0,0,0,0,0,0,12,0,0,0,0,12,0,5.213591494424248,5.150517698714611,8.0,0.0,0.0,0.0,0.0,0.0,0.0,0.18398119474747693,0.0,True,2.0,0,0.6,,40.0
beak|H15.0|r8|c0.6|w40cup|v2|adv|t0.6|qcfg|gcfg,crumb_cube,15.0,0.18398119474747693,0.0,0.6,0.39920691041554024,0.05678055274944438,763.06866332684,869.4241272280784,beak,adv,12,10,2,0,0,0,2,0,4,2,2,0,8,4,2,0,0,12,0,2.230729713027561,2.023438550262319,8.0,0.0,0.16666666666666666,0.3333333333333333,0.3333333333333333,0.16666666666666666,4551.532175438261,0.5685083866566518,0.1594853449258405,True,2.0,0,0.6,,40.0
beak|H15.0|r8|c0.6|w40cup|v2|stop|t0.6|qcfg|gcfg,battery_cr2032,15.0,0.18398119474747693,0.0,0.6,0.18398119474747693,0.0,31.061538612892196,6.069380817646149,beak,stop,12,0,0,0,0,0,9,0,0,0,0,0,12,9,3,0,0,12,0,5.363611451137673,1.312447163144592,8.0,0.0,0.0,0.0,0.75,0.25,0.0,0.8953474344295108,0.5126619681967507,True,2.0,0,0.6,,40.0
beak|H15.0|r8|c0.6|w40cup|v2|stop|t0.6|qcfg|gcfg,bead,15.0,0.6440189850994654,0.2199778806917808,0.6,1.0,0.816018805252523,150.44100077866588,15.444340801601154,beak,stop,12,0,12,6,11,0,12,0,12,0,0,0,1,12,0,5,0,12,0,272.13244070372275,272.13244070372275,8.0,0.4166666666666667,1.0,1.0,1.0,0.0,34.34523534004989,1.0,0.816018805252523,True,2.0,5,0.6,,40.0
beak|H15.0|r8|c0.6|w40cup|v2|stop|t0.6|qcfg|gcfg,coin_1yen,15.0,0.18398119474747693,0.0,0.6,0.18398119474747693,0.0,20.25760539709486,0.408991850646877,beak,stop,12,0,0,0,0,0,0,0,0,0,0,0,12,0,0,0,0,12,0,3.0912418756092253,2.699373241971726,8.0,0.0,0.0,0.0,0.0,0.0,0.0,0.18398119474747693,0.0,True,2.0,0,0.6,,40.0
beak|H15.0|r8|c0.6|w40cup|v2|stop|t0.6|qcfg|gcfg,crumb_cube,15.0,0.18398119474747693,0.0,0.6,0.39920691041554024,0.05678055274944438,620.5458512121285,821.6178827016299,beak,stop,12,10,2,0,0,0,2,0,2,0,2,0,10,2,0,0,0,12,0,0.1176436236633438,0.02352872473266876,8.0,0.0,0.16666666666666666,0.16666666666666666,0.16666666666666666,0.0,3694.2011208293293,0.39920691041554024,0.05678055274944438,True,2.0,0,0.6,,40.0
rear|H-|r10|c0.3|w30open|v10|adv|t0.6|qcfg|gcfg,battery_cr2032,,0.18398119474747693,0.0,0.3,0.18398119474747693,0.0,19.779057230925808,0.0010573532008984875,rear,adv,12,0,0,0,0,0,0,0,0,0,0,0,12,0,0,0,0,12,0,22.57762387378616,22.32906187241716,10.0,0.0,0.0,0.0,0.0,0.0,0.0,0.18398119474747693,0.0,False,10.0,0,0.6,,30.0
rear|H-|r10|c0.3|w30open|v10|adv|t0.6|qcfg|gcfg,bead,,0.18398119474747693,0.0,0.3,0.18398119474747693,0.0,12.02550385556403,0.0012734598179011888,rear,adv,12,0,0,0,0,0,0,0,0,0,0,0,12,0,0,0,0,12,0,23.01162878706207,23.004758299565367,10.0,0.0,0.0,0.0,0.0,0.0,0.0,0.18398119474747693,0.0,False,10.0,0,0.6,,30.0
rear|H-|r10|c0.3|w30open|v10|adv|t0.6|qcfg|gcfg,coin_1yen,,0.18398119474747693,0.0,0.3,0.18398119474747693,0.0,19.779265603948296,0.0011694539110816563,rear,adv,12,0,0,0,0,0,0,0,0,0,0,0,12,0,0,0,0,12,0,22.865939913605448,22.780494436830693,10.0,0.0,0.0,0.0,0.0,0.0,0.0,0.18398119474747693,0.0,False,10.0,0,0.6,,30.0
rear|H-|r10|c0.3|w30open|v10|adv|t0.6|qcfg|gcfg,crumb_cube,,0.18398119474747693,0.0,0.3,0.18398119474747693,0.0,14.778036145154898,0.0028675364657183497,rear,adv,12,0,0,0,0,0,0,0,0,0,0,0,12,0,0,0,0,12,0,22.75517252370668,21.499619480930335,10.0,0.0,0.0,0.0,0.0,0.0,0.0,0.18398119474747693,0.0,False,10.0,0,0.6,,30.0
rear|H-|r10|c0.3|w30open|v10|stop|t0.6|qcfg|gcfg,battery_cr2032,,0.18398119474747693,0.0,0.3,0.18398119474747693,0.0,19.78147739158106,0.0007726645946907074,rear,stop,12,0,0,0,0,0,0,0,0,0,0,0,12,0,0,0,0,12,0,0.02584701650078236,0.021515753514422753,10.0,0.0,0.0,0.0,0.0,0.0,0.0,0.18398119474747693,0.0,False,10.0,0,0.6,,30.0
rear|H-|r10|c0.3|w30open|v10|stop|t0.6|qcfg|gcfg,bead,,0.18398119474747693,0.0,0.3,0.18398119474747693,0.0,14.835782371587337,0.0002686888999816478,rear,stop,12,0,0,0,0,0,0,0,0,0,0,0,12,0,0,0,0,12,0,6.022852382790149,2.832737801448531,10.0,0.0,0.0,0.0,0.0,0.0,0.0,0.18398119474747693,0.0,False,10.0,0,0.6,,30.0
rear|H-|r10|c0.3|w30open|v10|stop|t0.6|qcfg|gcfg,coin_1yen,,0.18398119474747693,0.0,0.3,0.18398119474747693,0.0,19.78152755137774,0.0008602231359606518,rear,stop,12,0,0,0,0,0,0,0,0,0,0,0,12,0,0,0,0,12,0,0.027243087969662516,0.02294129711703843,10.0,0.0,0.0,0.0,0.0,0.0,0.0,0.18398119474747693,0.0,False,10.0,0,0.6,,30.0
rear|H-|r10|c0.3|w30open|v10|stop|t0.6|qcfg|gcfg,crumb_cube,,0.18398119474747693,0.0,0.3,0.18398119474747693,0.0,16.090498567908824,0.00024636388444836815,rear,stop,12,0,0,0,0,0,0,0,0,0,0,0,12,0,0,0,0,12,0,0.022071000648354877,0.01907238941030569,10.0,0.0,0.0,0.0,0.0,0.0,0.0,0.18398119474747693,0.0,False,10.0,0,0.6,,30.0
rear|H-|r10|c0.3|w30open|v2|adv|t0.6|qcfg|gcfg,battery_cr2032,,0.18398119474747693,0.0,0.3,0.18398119474747693,0.0,19.78081034210192,6.093696776972475e-05,rear,adv,12,0,0,0,0,0,0,0,0,0,0,0,12,0,0,0,0,12,0,4.168366785260423,3.899728875781227,10.0,0.0,0.0,0.0,0.0,0.0,0.0,0.18398119474747693,0.0,False,2.0,0,0.6,,30.0
rear|H-|r10|c0.3|w30open|v2|adv|t0.6|qcfg|gcfg,bead,,0.18398119474747693,0.0,0.3,0.18398119474747693,0.0,12.027099181828989,0.0,rear,adv,12,0,0,0,0,0,0,0,0,0,0,0,12,0,0,0,0,12,0,4.610172236909092,4.604204931865423,10.0,0.0,0.0,0.0,0.0,0.0,0.0,0.18398119474747693,0.0,False,2.0,0,0.6,,30.0
rear|H-|r10|c0.3|w30open|v2|adv|t0.6|qcfg|gcfg,coin_1yen,,0.18398119474747693,0.0,0.3,0.18398119474747693,0.0,19.780932220064575,0.00011219671113850936,rear,adv,12,0,0,0,0,0,0,0,0,0,0,0,12,0,0,0,0,12,0,4.458544796087496,4.369912368165223,10.0,0.0,0.0,0.0,0.0,0.0,0.0,0.18398119474747693,0.0,False,2.0,0,0.6,,30.0
rear|H-|r10|c0.3|w30open|v2|adv|t0.6|qcfg|gcfg,crumb_cube,,0.18398119474747693,0.0,0.3,0.18398119474747693,0.0,15.567967733279973,0.00020642150734464376,rear,adv,12,0,0,0,0,0,0,0,0,0,0,0,12,0,0,0,0,12,0,4.339372787585442,3.8769370675888286,10.0,0.0,0.0,0.0,0.0,0.0,0.0,0.18398119474747693,0.0,False,2.0,0,0.6,,30.0
rear|H-|r10|c0.3|w30open|v2|stop|t0.6|qcfg|gcfg,battery_cr2032,,0.18398119474747693,0.0,0.3,0.18398119474747693,0.0,19.78151414678187,0.0,rear,stop,12,0,0,0,0,0,0,0,0,0,0,0,12,0,0,0,0,12,0,0.003883484181212149,0.002371196699628951,10.0,0.0,0.0,0.0,0.0,0.0,0.0,0.18398119474747693,0.0,False,2.0,0,0.6,,30.0
rear|H-|r10|c0.3|w30open|v2|stop|t0.6|qcfg|gcfg,bead,,0.18398119474747693,0.0,0.3,0.18398119474747693,0.0,12.717981310399956,0.0,rear,stop,12,0,0,0,0,0,0,0,0,0,0,0,12,0,0,0,0,12,0,1.3849335350428273,0.6966446969219788,10.0,0.0,0.0,0.0,0.0,0.0,0.0,0.18398119474747693,0.0,False,2.0,0,0.6,,30.0
rear|H-|r10|c0.3|w30open|v2|stop|t0.6|qcfg|gcfg,coin_1yen,,0.18398119474747693,0.0,0.3,0.18398119474747693,0.0,19.781511356323367,0.0,rear,stop,12,0,0,0,0,0,0,0,0,0,0,0,12,0,0,0,0,12,0,0.004527988702957009,0.003325908285594509,10.0,0.0,0.0,0.0,0.0,0.0,0.0,0.18398119474747693,0.0,False,2.0,0,0.6,,30.0
rear|H-|r10|c0.3|w30open|v2|stop|t0.6|qcfg|gcfg,crumb_cube,,0.18398119474747693,0.0,0.3,0.18398119474747693,0.0,16.094271625549496,0.0,rear,stop,12,0,0,0,0,0,0,0,0,0,0,0,12,0,0,0,0,12,0,0.004081298568790748,0.0034605619771942153,10.0,0.0,0.0,0.0,0.0,0.0,0.0,0.18398119474747693,0.0,False,2.0,0,0.6,,30.0
rear|H-|r10|c0.3|w40cup|v10|adv|t0.6|qcfg|gcfg,battery_cr2032,,0.18398119474747693,0.0,0.3,0.18398119474747693,0.0,19.779453719121015,0.0010740501144043766,rear,adv,12,0,0,0,0,0,0,0,0,0,0,0,12,0,0,0,0,12,0,22.58166769017554,22.329839606648353,10.0,0.0,0.0,0.0,0.0,0.0,0.0,0.18398119474747693,0.0,True,10.0,0,0.6,,40.0
rear|H-|r10|c0.3|w40cup|v10|adv|t0.6|qcfg|gcfg,bead,,0.18398119474747693,0.0,0.3,0.18398119474747693,0.0,12.02550385556403,0.0012734598179011888,rear,adv,12,0,0,0,0,0,0,0,0,0,0,0,12,0,0,0,0,12,0,23.01162878706207,23.004758299565367,10.0,0.0,0.0,0.0,0.0,0.0,0.0,0.18398119474747693,0.0,True,10.0,0,0.6,,40.0
rear|H-|r10|c0.3|w40cup|v10|adv|t0.6|qcfg|gcfg,coin_1yen,,0.18398119474747693,0.0,0.3,0.18398119474747693,0.0,19.779231150787783,0.0010839231234226763,rear,adv,12,0,0,0,0,0,0,0,0,0,0,0,12,0,0,0,0,12,0,22.865946796544655,22.780424603825153,10.0,0.0,0.0,0.0,0.0,0.0,0.0,0.18398119474747693,0.0,True,10.0,0,0.6,,40.0
rear|H-|r10|c0.3|w40cup|v10|adv|t0.6|qcfg|gcfg,crumb_cube,,0.18398119474747693,0.0,0.3,0.18398119474747693,0.0,14.77632856022961,0.0027297585500612315,rear,adv,12,0,0,0,0,0,0,0,0,0,0,0,12,0,0,0,0,12,0,22.75587438140062,21.500648650095414,10.0,0.0,0.0,0.0,0.0,0.0,0.0,0.18398119474747693,0.0,True,10.0,0,0.6,,40.0
rear|H-|r10|c0.3|w40cup|v10|stop|t0.6|qcfg|gcfg,battery_cr2032,,0.18398119474747693,0.0,0.3,0.18398119474747693,0.0,19.78147705894682,0.0007602926349534189,rear,stop,12,0,0,0,0,0,0,0,0,0,0,0,12,0,0,0,0,12,0,0.025737758756291806,0.021556644382332624,10.0,0.0,0.0,0.0,0.0,0.0,0.0,0.18398119474747693,0.0,True,10.0,0,0.6,,40.0
rear|H-|r10|c0.3|w40cup|v10|stop|t0.6|qcfg|gcfg,bead,,0.18398119474747693,0.0,0.3,0.18398119474747693,0.0,14.835782371587337,0.0002686888999816478,rear,stop,12,0,0,0,0,0,0,0,0,0,0,0,12,0,0,0,0,12,0,6.022852382790149,2.832737801448531,10.0,0.0,0.0,0.0,0.0,0.0,0.0,0.18398119474747693,0.0,True,10.0,0,0.6,,40.0
rear|H-|r10|c0.3|w40cup|v10|stop|t0.6|qcfg|gcfg,coin_1yen,,0.18398119474747693,0.0,0.3,0.18398119474747693,0.0,19.78122330751928,0.0008637975167860449,rear,stop,12,0,0,0,0,0,0,0,0,0,0,0,12,0,0,0,0,12,0,0.044425528555554206,0.024777725894388133,10.0,0.0,0.0,0.0,0.0,0.0,0.0,0.18398119474747693,0.0,True,10.0,0,0.6,,40.0
rear|H-|r10|c0.3|w40cup|v10|stop|t0.6|qcfg|gcfg,crumb_cube,,0.18398119474747693,0.0,0.3,0.18398119474747693,0.0,16.090498567908824,0.00024636388444836815,rear,stop,12,0,0,0,0,0,0,0,0,0,0,0,12,0,0,0,0,12,0,0.022071000648354877,0.01907238941030569,10.0,0.0,0.0,0.0,0.0,0.0,0.0,0.18398119474747693,0.0,True,10.0,0,0.6,,40.0
rear|H-|r10|c0.3|w40cup|v2|adv|t0.6|qcfg|gcfg,battery_cr2032,,0.18398119474747693,0.0,0.3,0.18398119474747693,0.0,19.780787841030868,9.512743796586537e-05,rear,adv,12,0,0,0,0,0,0,0,0,0,0,0,12,0,0,0,0,12,0,4.167743073936758,3.8996509510237867,10.0,0.0,0.0,0.0,0.0,0.0,0.0,0.18398119474747693,0.0,True,2.0,0,0.6,,40.0
rear|H-|r10|c0.3|w40cup|v2|adv|t0.6|qcfg|gcfg,bead,,0.18398119474747693,0.0,0.3,0.18398119474747693,0.0,12.027099181828989,0.0,rear,adv,12,0,0,0,0,0,0,0,0,0,0,0,12,0,0,0,0,12,0,4.610172236909092,4.604204931865423,10.0,0.0,0.0,0.0,0.0,0.0,0.0,0.18398119474747693,0.0,True,2.0,0,0.6,,40.0
rear|H-|r10|c0.3|w40cup|v2|adv|t0.6|qcfg|gcfg,coin_1yen,,0.18398119474747693,0.0,0.3,0.18398119474747693,0.0,19.780942924354257,8.859319139203296e-05,rear,adv,12,0,0,0,0,0,0,0,0,0,0,0,12,0,0,0,0,12,0,4.458458300082644,4.370051822124345,10.0,0.0,0.0,0.0,0.0,0.0,0.0,0.18398119474747693,0.0,True,2.0,0,0.6,,40.0
rear|H-|r10|c0.3|w40cup|v2|adv|t0.6|qcfg|gcfg,crumb_cube,,0.18398119474747693,0.0,0.3,0.18398119474747693,0.0,15.567713847429651,0.00021240511121050493,rear,adv,12,0,0,0,0,0,0,0,0,0,0,0,12,0,0,0,0,12,0,4.341178177586835,3.8775276023321865,10.0,0.0,0.0,0.0,0.0,0.0,0.0,0.18398119474747693,0.0,True,2.0,0,0.6,,40.0
rear|H-|r10|c0.3|w40cup|v2|stop|t0.6|qcfg|gcfg,battery_cr2032,,0.18398119474747693,0.0,0.3,0.18398119474747693,0.0,19.781477403507807,0.0,rear,stop,12,0,0,0,0,0,0,0,0,0,0,0,12,0,0,0,0,12,0,0.0035653943707900093,0.002337768713600412,10.0,0.0,0.0,0.0,0.0,0.0,0.0,0.18398119474747693,0.0,True,2.0,0,0.6,,40.0
rear|H-|r10|c0.3|w40cup|v2|stop|t0.6|qcfg|gcfg,bead,,0.18398119474747693,0.0,0.3,0.18398119474747693,0.0,12.717981310399956,0.0,rear,stop,12,0,0,0,0,0,0,0,0,0,0,0,12,0,0,0,0,12,0,1.3849335350428273,0.6966446969219788,10.0,0.0,0.0,0.0,0.0,0.0,0.0,0.18398119474747693,0.0,True,2.0,0,0.6,,40.0
rear|H-|r10|c0.3|w40cup|v2|stop|t0.6|qcfg|gcfg,coin_1yen,,0.18398119474747693,0.0,0.3,0.18398119474747693,0.0,19.780971145851968,0.0,rear,stop,12,0,0,0,0,0,0,0,0,0,0,0,12,0,0,0,0,12,0,0.027124630691183205,0.0071284682801239325,10.0,0.0,0.0,0.0,0.0,0.0,0.0,0.18398119474747693,0.0,True,2.0,0,0.6,,40.0
rear|H-|r10|c0.3|w40cup|v2|stop|t0.6|qcfg|gcfg,crumb_cube,,0.18398119474747693,0.0,0.3,0.18398119474747693,0.0,16.094271625549496,0.0,rear,stop,12,0,0,0,0,0,0,0,0,0,0,0,12,0,0,0,0,12,0,0.004081298568790748,0.0034605619771942153,10.0,0.0,0.0,0.0,0.0,0.0,0.0,0.18398119474747693,0.0,True,2.0,0,0.6,,40.0
rear|H-|r10|c0.6|w30open|v10|adv|t0.6|qcfg|gcfg,battery_cr2032,,0.18398119474747693,0.0,0.6,0.18398119474747693,0.0,19.779177801307913,0.0013145213043595783,rear,adv,12,0,0,0,0,0,0,0,0,0,0,0,12,0,0,0,0,12,0,25.521461685494824,25.240803735450083,10.0,0.0,0.0,0.0,0.0,0.0,0.0,0.18398119474747693,0.0,False,10.0,0,0.6,,30.0
rear|H-|r10|c0.6|w30open|v10|adv|t0.6|qcfg|gcfg,bead,,0.18398119474747693,0.0,0.6,0.18398119474747693,0.0,12.025017572291675,0.001273704258117521,rear,adv,12,0,0,0,0,0,0,0,0,0,0,0,12,0,0,0,0,12,0,26.009653405621535,26.00418206291214,10.0,0.0,0.0,0.0,0.0,0.0,0.0,0.18398119474747693,0.0,False,10.0,0,0.6,,30.0
rear|H-|r10|c0.6|w30open|v10|adv|t0.6|qcfg|gcfg,coin_1yen,,0.18398119474747693,0.0,0.6,0.18398119474747693,0.0,19.77937232671832,0.0012950681194356635,rear,adv,12,0,0,0,0,0,0,0,0,0,0,0,12,0,0,0,0,12,0,25.84711607338174,25.751200386963806,10.0,0.0,0.0,0.0,0.0,0.0,0.0,0.18398119474747693,0.0,False,10.0,0,0.6,,30.0
rear|H-|r10|c0.6|w30open|v10|adv|t0.6|qcfg|gcfg,crumb_cube,,0.18398119474747693,0.0,0.6,0.18398119474747693,0.0,14.778294348979715,0.002729694063907835,rear,adv,12,0,0,0,0,0,0,0,0,0,0,0,12,0,0,0,0,12,0,25.731247089700847,24.474750725195822,10.0,0.0,0.0,0.0,0.0,0.0,0.0,0.18398119474747693,0.0,False,10.0,0,0.6,,30.0
rear|H-|r10|c0.6|w30open|v10|stop|t0.6|qcfg|gcfg,battery_cr2032,,0.18398119474747693,0.0,0.6,0.18398119474747693,0.0,19.781478167969713,0.0007726645946907074,rear,stop,12,0,0,0,0,0,0,0,0,0,0,0,12,0,0,0,0,12,0,0.02593156072935171,0.02165369892440297,10.0,0.0,0.0,0.0,0.0,0.0,0.0,0.18398119474747693,0.0,False,10.0,0,0.6,,30.0
rear|H-|r10|c0.6|w30open|v10|stop|t0.6|qcfg|gcfg,bead,,0.18398119474747693,0.0,0.6,0.18398119474747693,0.0,14.9081077247035,0.0002686888999816478,rear,stop,12,0,0,0,0,0,0,0,0,0,0,0,12,0,0,0,0,12,0,6.211791592890196,2.905059911991484,10.0,0.0,0.0,0.0,0.0,0.0,0.0,0.18398119474747693,0.0,False,10.0,0,0.6,,30.0
rear|H-|r10|c0.6|w30open|v10|stop|t0.6|qcfg|gcfg,coin_1yen,,0.18398119474747693,0.0,0.6,0.18398119474747693,0.0,19.781477489000128,0.0008602231359606518,rear,stop,12,0,0,0,0,0,0,0,0,0,0,0,12,0,0,0,0,12,0,0.027432226530225978,0.023046586672530525,10.0,0.0,0.0,0.0,0.0,0.0,0.0,0.18398119474747693,0.0,False,10.0,0,0.6,,30.0
rear|H-|r10|c0.6|w30open|v10|stop|t0.6|qcfg|gcfg,crumb_cube,,0.18398119474747693,0.0,0.6,0.18398119474747693,0.0,16.090467003233027,0.00024636388444836815,rear,stop,12,0,0,0,0,0,0,0,0,0,0,0,12,0,0,0,0,12,0,0.02209901407755621,0.019115716766592943,10.0,0.0,0.0,0.0,0.0,0.0,0.0,0.18398119474747693,0.0,False,10.0,0,0.6,,30.0
rear|H-|r10|c0.6|w30open|v2|adv|t0.6|qcfg|gcfg,battery_cr2032,,0.18398119474747693,0.0,0.6,0.18398119474747693,0.0,19.780842277523565,8.571199240007925e-05,rear,adv,12,0,0,0,0,0,0,0,0,0,0,0,12,0,0,0,0,12,0,4.711627016417784,4.408132366287755,10.0,0.0,0.0,0.0,0.0,0.0,0.0,0.18398119474747693,0.0,False,2.0,0,0.6,,30.0
rear|H-|r10|c0.6|w30open|v2|adv|t0.6|qcfg|gcfg,bead,,0.18398119474747693,0.0,0.6,0.18398119474747693,0.0,12.026762745360337,0.0,rear,adv,12,0,0,0,0,0,0,0,0,0,0,0,12,0,0,0,0,12,0,5.209340905501153,5.203846108530164,10.0,0.0,0.0,0.0,0.0,0.0,0.0,0.18398119474747693,0.0,False,2.0,0,0.6,,30.0
rear|H-|r10|c0.6|w30open|v2|adv|t0.6|qcfg|gcfg,coin_1yen,,0.18398119474747693,0.0,0.6,0.18398119474747693,0.0,19.78087925769083,0.00010555812587204321,rear,adv,12,0,0,0,0,0,0,0,0,0,0,0,12,0,0,0,0,12,0,5.039360552063769,4.939344361379205,10.0,0.0,0.0,0.0,0.0,0.0,0.0,0.18398119474747693,0.0,False,2.0,0,0.6,,30.0
rear|H-|r10|c0.6|w30open|v2|adv|t0.6|qcfg|gcfg,crumb_cube,,0.18398119474747693,0.0,0.6,0.18398119474747693,0.0,15.463303131587454,0.0002153123121262715,rear,adv,12,0,0,0,0,0,0,0,0,0,0,0,12,0,0,0,0,12,0,4.912645823143914,4.347916546206091,10.0,0.0,0.0,0.0,0.0,0.0,0.0,0.18398119474747693,0.0,False,2.0,0,0.6,,30.0
rear|H-|r10|c0.6|w30open|v2|stop|t0.6|qcfg|gcfg,battery_cr2032,,0.18398119474747693,0.0,0.6,0.18398119474747693,0.0,19.781477531789854,0.0,rear,stop,12,0,0,0,0,0,0,0,0,0,0,0,12,0,0,0,0,12,0,0.0039212342585644155,0.0023545703831196266,10.0,0.0,0.0,0.0,0.0,0.0,0.0,0.18398119474747693,0.0,False,2.0,0,0.6,,30.0
rear|H-|r10|c0.6|w30open|v2|stop|t0.6|qcfg|gcfg,bead,,0.18398119474747693,0.0,0.6,0.18398119474747693,0.0,12.735455325603324,0.0,rear,stop,12,0,0,0,0,0,0,0,0,0,0,0,12,0,0,0,0,12,0,1.4282845141199567,0.71411549208838,10.0,0.0,0.0,0.0,0.0,0.0,0.0,0.18398119474747693,0.0,False,2.0,0,0.6,,30.0
rear|H-|r10|c0.6|w30open|v2|stop|t0.6|qcfg|gcfg,coin_1yen,,0.18398119474747693,0.0,0.6,0.18398119474747693,0.0,19.781490694568348,0.0,rear,stop,12,0,0,0,0,0,0,0,0,0,0,0,12,0,0,0,0,12,0,0.0045714794718876295,0.0033560711327085962,10.0,0.0,0.0,0.0,0.0,0.0,0.0,0.18398119474747693,0.0,False,2.0,0,0.6,,30.0
rear|H-|r10|c0.6|w30open|v2|stop|t0.6|qcfg|gcfg,crumb_cube,,0.18398119474747693,0.0,0.6,0.18398119474747693,0.0,16.094271903819852,0.0,rear,stop,12,0,0,0,0,0,0,0,0,0,0,0,12,0,0,0,0,12,0,0.004091599657023159,0.003466576136406524,10.0,0.0,0.0,0.0,0.0,0.0,0.0,0.18398119474747693,0.0,False,2.0,0,0.6,,30.0
rear|H-|r10|c0.6|w40cup|v10|adv|t0.6|qcfg|gcfg,battery_cr2032,,0.18398119474747693,0.0,0.6,0.18398119474747693,0.0,19.7791620158417,0.0011302906350147638,rear,adv,12,0,0,0,0,0,0,0,0,0,0,0,12,0,0,0,0,12,0,25.5235698876376,25.241156649064536,10.0,0.0,0.0,0.0,0.0,0.0,0.0,0.18398119474747693,0.0,True,10.0,0,0.6,,40.0
rear|H-|r10|c0.6|w40cup|v10|adv|t0.6|qcfg|gcfg,bead,,0.18398119474747693,0.0,0.6,0.18398119474747693,0.0,12.025017572291675,0.001273704258117521,rear,adv,12,0,0,0,0,0,0,0,0,0,0,0,12,0,0,0,0,12,0,26.009653405621535,26.00418206291214,10.0,0.0,0.0,0.0,0.0,0.0,0.0,0.18398119474747693,0.0,True,10.0,0,0.6,,40.0
rear|H-|r10|c0.6|w40cup|v10|adv|t0.6|qcfg|gcfg,coin_1yen,,0.18398119474747693,0.0,0.6,0.18398119474747693,0.0,19.779074245605546,0.0013259108422329548,rear,adv,12,0,0,0,0,0,0,0,0,0,0,0,12,0,0,0,0,12,0,25.846637759536655,25.750878897953907,10.0,0.0,0.0,0.0,0.0,0.0,0.0,0.18398119474747693,0.0,True,10.0,0,0.6,,40.0
rear|H-|r10|c0.6|w40cup|v10|adv|t0.6|qcfg|gcfg,crumb_cube,,0.18398119474747693,0.0,0.6,0.18398119474747693,0.0,14.777362114454176,0.003044296130949413,rear,adv,12,0,0,0,0,0,0,0,0,0,0,0,12,0,0,0,0,12,0,25.7296208012953,24.476782050981722,10.0,0.0,0.0,0.0,0.0,0.0,0.0,0.18398119474747693,0.0,True,10.0,0,0.6,,40.0
rear|H-|r10|c0.6|w40cup|v10|stop|t0.6|qcfg|gcfg,battery_cr2032,,0.18398119474747693,0.0,0.6,0.18398119474747693,0.0,19.78150708182523,0.0007602926349534189,rear,stop,12,0,0,0,0,0,0,0,0,0,0,0,12,0,0,0,0,12,0,0.02591569615558592,0.02168011552234565,10.0,0.0,0.0,0.0,0.0,0.0,0.0,0.18398119474747693,0.0,True,10.0,0,0.6,,40.0
rear|H-|r10|c0.6|w40cup|v10|stop|t0.6|qcfg|gcfg,bead,,0.18398119474747693,0.0,0.6,0.18398119474747693,0.0,14.9081077247035,0.0002686888999816478,rear,stop,12,0,0,0,0,0,0,0,0,0,0,0,12,0,0,0,0,12,0,6.211791592890196,2.905059911991484,10.0,0.0,0.0,0.0,0.0,0.0,0.0,0.18398119474747693,0.0,True,10.0,0,0.6,,40.0
rear|H-|r10|c0.6|w40cup|v10|stop|t0.6|qcfg|gcfg,coin_1yen,,0.18398119474747693,0.0,0.6,0.18398119474747693,0.0,19.781398007997637,0.0008637975167860449,rear,stop,12,0,0,0,0,0,0,0,0,0,0,0,12,0,0,0,0,12,0,0.02749616383063147,0.023579294634452675,10.0,0.0,0.0,0.0,0.0,0.0,0.0,0.18398119474747693,0.0,True,10.0,0,0.6,,40.0
rear|H-|r10|c0.6|w40cup|v10|stop|t0.6|qcfg|gcfg,crumb_cube,,0.18398119474747693,0.0,0.6,0.18398119474747693,0.0,16.090467003233027,0.00024636388444836815,rear,stop,12,0,0,0,0,0,0,0,0,0,0,0,12,0,0,0,0,12,0,0.02209901407755621,0.019115716766592943,10.0,0.0,0.0,0.0,0.0,0.0,0.0,0.18398119474747693,0.0,True,10.0,0,0.6,,40.0
rear|H-|r10|c0.6|w40cup|v2|adv|t0.6|qcfg|gcfg,battery_cr2032,,0.18398119474747693,0.0,0.6,0.18398119474747693,0.0,19.780828288663404,6.778838801228815e-05,rear,adv,12,0,0,0,0,0,0,0,0,0,0,0,12,0,0,0,0,12,0,4.71099556684305,4.407889866845882,10.0,0.0,0.0,0.0,0.0,0.0,0.0,0.18398119474747693,0.0,True,2.0,0,0.6,,40.0
rear|H-|r10|c0.6|w40cup|v2|adv|t0.6|qcfg|gcfg,bead,,0.18398119474747693,0.0,0.6,0.18398119474747693,0.0,12.026762745360337,0.0,rear,adv,12,0,0,0,0,0,0,0,0,0,0,0,12,0,0,0,0,12,0,5.209340905501153,5.203846108530164,10.0,0.0,0.0,0.0,0.0,0.0,0.0,0.18398119474747693,0.0,True,2.0,0,0.6,,40.0
rear|H-|r10|c0.6|w40cup|v2|adv|t0.6|qcfg|gcfg,coin_1yen,,0.18398119474747693,0.0,0.6,0.18398119474747693,0.0,19.78088513859151,0.00011651689954918828,rear,adv,12,0,0,0,0,0,0,0,0,0,0,0,12,0,0,0,0,12,0,5.0395594265600705,4.939592414062762,10.0,0.0,0.0,0.0,0.0,0.0,0.0,0.18398119474747693,0.0,True,2.0,0,0.6,,40.0
rear|H-|r10|c0.6|w40cup|v2|adv|t0.6|qcfg|gcfg,crumb_cube,,0.18398119474747693,0.0,0.6,0.18398119474747693,0.0,15.46328998967285,0.00019142381828436694,rear,adv,12,0,0,0,0,0,0,0,0,0,0,0,12,0,0,0,0,12,0,4.914335089985032,4.3484012970921375,10.0,0.0,0.0,0.0,0.0,0.0,0.0,0.18398119474747693,0.0,True,2.0,0,0.6,,40.0
rear|H-|r10|c0.6|w40cup|v2|stop|t0.6|qcfg|gcfg,battery_cr2032,,0.18398119474747693,0.0,0.6,0.18398119474747693,0.0,19.781477709232778,0.0,rear,stop,12,0,0,0,0,0,0,0,0,0,0,0,12,0,0,0,0,12,0,0.003825748011221375,0.0023782064826156565,10.0,0.0,0.0,0.0,0.0,0.0,0.0,0.18398119474747693,0.0,True,2.0,0,0.6,,40.0
rear|H-|r10|c0.6|w40cup|v2|stop|t0.6|qcfg|gcfg,bead,,0.18398119474747693,0.0,0.6,0.18398119474747693,0.0,12.735455325603324,0.0,rear,stop,12,0,0,0,0,0,0,0,0,0,0,0,12,0,0,0,0,12,0,1.4282845141199567,0.71411549208838,10.0,0.0,0.0,0.0,0.0,0.0,0.0,0.18398119474747693,0.0,True,2.0,0,0.6,,40.0
rear|H-|r10|c0.6|w40cup|v2|stop|t0.6|qcfg|gcfg,coin_1yen,,0.18398119474747693,0.0,0.6,0.18398119474747693,0.0,19.781263703906305,0.0,rear,stop,12,0,0,0,0,0,0,0,0,0,0,0,12,0,0,0,0,12,0,0.031188288871629444,0.0059274133243989125,10.0,0.0,0.0,0.0,0.0,0.0,0.0,0.18398119474747693,0.0,True,2.0,0,0.6,,40.0
rear|H-|r10|c0.6|w40cup|v2|stop|t0.6|qcfg|gcfg,crumb_cube,,0.18398119474747693,0.0,0.6,0.18398119474747693,0.0,16.094271903819852,0.0,rear,stop,12,0,0,0,0,0,0,0,0,0,0,0,12,0,0,0,0,12,0,0.004091599657023159,0.003466576136406524,10.0,0.0,0.0,0.0,0.0,0.0,0.0,0.18398119474747693,0.0,True,2.0,0,0.6,,40.0
rear|H-|r5|c0.3|w30open|v10|adv|t0.6|qcfg|gcfg,battery_cr2032,,0.18398119474747693,0.0,0.3,0.18398119474747693,0.0,14.888604690155441,0.0012537786219001326,rear,adv,12,0,0,0,0,0,0,0,0,0,0,0,12,0,0,0,0,12,0,22.578466513560436,22.32917912020353,5.0,0.0,0.0,0.0,0.0,0.0,0.0,0.18398119474747693,0.0,False,10.0,0,0.6,,30.0
rear|H-|r5|c0.3|w30open|v10|adv|t0.6|qcfg|gcfg,bead,,0.18398119474747693,0.0,0.3,0.18398119474747693,0.0,7.1349251503489315,0.00127338327833397,rear,adv,12,0,0,0,0,0,0,0,0,0,0,0,12,0,0,0,0,12,0,23.010714696428575,23.004917022731874,5.0,0.0,0.0,0.0,0.0,0.0,0.0,0.18398119474747693,0.0,False,10.0,0,0.6,,30.0
rear|H-|r5|c0.3|w30open|v10|adv|t0.6|qcfg|gcfg,coin_1yen,,0.18398119474747693,0.0,0.3,0.18398119474747693,0.0,14.888467321003874,0.0012625366587719214,rear,adv,12,0,0,0,0,0,0,0,0,0,0,0,12,0,0,0,0,12,0,22.865612947302612,22.780380346633365,5.0,0.0,0.0,0.0,0.0,0.0,0.0,0.18398119474747693,0.0,False,10.0,0,0.6,,30.0
rear|H-|r5|c0.3|w30open|v10|adv|t0.6|qcfg|gcfg,crumb_cube,,0.18398119474747693,0.0,0.3,0.18398119474747693,0.0,9.887539896753465,0.002653422302044059,rear,adv,12,0,0,0,0,0,0,0,0,0,0,0,12,0,0,0,0,12,0,22.755293864104956,21.499806711546327,5.0,0.0,0.0,0.0,0.0,0.0,0.0,0.18398119474747693,0.0,False,10.0,0,0.6,,30.0
rear|H-|r5|c0.3|w30open|v10|stop|t0.6|qcfg|gcfg,battery_cr2032,,0.18398119474747693,0.0,0.3,0.18398119474747693,0.0,14.890740068748615,0.0007718935237236487,rear,stop,12,0,0,0,0,0,0,0,0,0,0,0,12,0,0,0,0,12,0,0.025840873205791592,0.021382658935369864,5.0,0.0,0.0,0.0,0.0,0.0,0.0,0.18398119474747693,0.0,False,10.0,0,0.6,,30.0
rear|H-|r5|c0.3|w30open|v10|stop|t0.6|qcfg|gcfg,bead,,0.18398119474747693,0.0,0.3,0.18398119474747693,0.0,9.945626894537119,0.00026871865714366006,rear,stop,12,0,0,0,0,0,0,0,0,0,0,0,12,0,0,0,0,12,0,6.022991016050617,2.8333198438233342,5.0,0.0,0.0,0.0,0.0,0.0,0.0,0.18398119474747693,0.0,False,10.0,0,0.6,,30.0
rear|H-|r5|c0.3|w30open|v10|stop|t0.6|qcfg|gcfg,coin_1yen,,0.18398119474747693,0.0,0.3,0.18398119474747693,0.0,14.890764392326,0.0008610615198789305,rear,stop,12,0,0,0,0,0,0,0,0,0,0,0,12,0,0,0,0,12,0,0.027241348948409128,0.0229004733174881,5.0,0.0,0.0,0.0,0.0,0.0,0.0,0.18398119474747693,0.0,False,10.0,0,0.6,,30.0
rear|H-|r5|c0.3|w30open|v10|stop|t0.6|qcfg|gcfg,crumb_cube,,0.18398119474747693,0.0,0.3,0.18398119474747693,0.0,11.199739573307191,0.0002463641938571168,rear,stop,12,0,0,0,0,0,0,0,0,0,0,0,12,0,0,0,0,12,0,0.022071821751949716,0.019076289633872257,5.0,0.0,0.0,0.0,0.0,0.0,0.0,0.18398119474747693,0.0,False,10.0,0,0.6,,30.0
rear|H-|r5|c0.3|w30open|v2|adv|t0.6|qcfg|gcfg,battery_cr2032,,0.18398119474747693,0.0,0.3,0.18398119474747693,0.0,14.890008271192448,8.402104750967684e-05,rear,adv,12,0,0,0,0,0,0,0,0,0,0,0,12,0,0,0,0,12,0,4.168236269789977,3.899720375771548,5.0,0.0,0.0,0.0,0.0,0.0,0.0,0.18398119474747693,0.0,False,2.0,0,0.6,,30.0
rear|H-|r5|c0.3|w30open|v2|adv|t0.6|qcfg|gcfg,bead,,0.18398119474747693,0.0,0.3,0.18398119474747693,0.0,7.136601528416111,0.0,rear,adv,12,0,0,0,0,0,0,0,0,0,0,0,12,0,0,0,0,12,0,4.610088967663198,4.604444961083399,5.0,0.0,0.0,0.0,0.0,0.0,0.0,0.18398119474747693,0.0,False,2.0,0,0.6,,30.0
rear|H-|r5|c0.3|w30open|v2|adv|t0.6|qcfg|gcfg,coin_1yen,,0.18398119474747693,0.0,0.3,0.18398119474747693,0.0,14.890207820510431,0.0001247483871984591,rear,adv,12,0,0,0,0,0,0,0,0,0,0,0,12,0,0,0,0,12,0,4.4583757322018345,4.3697147962976715,5.0,0.0,0.0,0.0,0.0,0.0,0.0,0.18398119474747693,0.0,False,2.0,0,0.6,,30.0
rear|H-|r5|c0.3|w30open|v2|adv|t0.6|qcfg|gcfg,crumb_cube,,0.18398119474747693,0.0,0.3,0.18398119474747693,0.0,10.676904252776554,0.00022618448056004048,rear,adv,12,0,0,0,0,0,0,0,0,0,0,0,12,0,0,0,0,12,0,4.33977521897183,3.8766437380625614,5.0,0.0,0.0,0.0,0.0,0.0,0.0,0.18398119474747693,0.0,False,2.0,0,0.6,,30.0
rear|H-|r5|c0.3|w30open|v2|stop|t0.6|qcfg|gcfg,battery_cr2032,,0.18398119474747693,0.0,0.3,0.18398119474747693,0.0,14.890750155855464,0.0,rear,stop,12,0,0,0,0,0,0,0,0,0,0,0,12,0,0,0,0,12,0,0.004006392585475388,0.002272733107107928,5.0,0.0,0.0,0.0,0.0,0.0,0.0,0.18398119474747693,0.0,False,2.0,0,0.6,,30.0
rear|H-|r5|c0.3|w30open|v2|stop|t0.6|qcfg|gcfg,bead,,0.18398119474747693,0.0,0.3,0.18398119474747693,0.0,7.827245550597382,0.0,rear,stop,12,0,0,0,0,0,0,0,0,0,0,0,12,0,0,0,0,12,0,1.3848851054513098,0.6966464697565083,5.0,0.0,0.0,0.0,0.0,0.0,0.0,0.18398119474747693,0.0,False,2.0,0,0.6,,30.0
rear|H-|r5|c0.3|w30open|v2|stop|t0.6|qcfg|gcfg,coin_1yen,,0.18398119474747693,0.0,0.3,0.18398119474747693,0.0,14.890739189605954,0.0,rear,stop,12,0,0,0,0,0,0,0,0,0,0,0,12,0,0,0,0,12,0,0.0045843785716342955,0.0033174549038672563,5.0,0.0,0.0,0.0,0.0,0.0,0.0,0.18398119474747693,0.0,False,2.0,0,0.6,,30.0
rear|H-|r5|c0.3|w30open|v2|stop|t0.6|qcfg|gcfg,crumb_cube,,0.18398119474747693,0.0,0.3,0.18398119474747693,0.0,11.203535037369667,0.0,rear,stop,12,0,0,0,0,0,0,0,0,0,0,0,12,0,0,0,0,12,0,0.004081580793013906,0.0034605878601982887,5.0,0.0,0.0,0.0,0.0,0.0,0.0,0.18398119474747693,0.0,False,2.0,0,0.6,,30.0
rear|H-|r5|c0.3|w40cup|v10|adv|t0.6|qcfg|gcfg,battery_cr2032,,0.18398119474747693,0.0,0.3,0.18398119474747693,0.0,14.888455807260263,0.001223478881427634,rear,adv,12,0,0,0,0,0,0,0,0,0,0,0,12,0,0,0,0,12,0,22.5781501439776,22.329247602899997,5.0,0.0,0.0,0.0,0.0,0.0,0.0,0.18398119474747693,0.0,True,10.0,0,0.6,,40.0
rear|H-|r5|c0.3|w40cup|v10|adv|t0.6|qcfg|gcfg,bead,,0.18398119474747693,0.0,0.3,0.18398119474747693,0.0,7.1349251503489315,0.00127338327833397,rear,adv,12,0,0,0,0,0,0,0,0,0,0,0,12,0,0,0,0,12,0,23.010714696428575,23.004917022731874,5.0,0.0,0.0,0.0,0.0,0.0,0.0,0.18398119474747693,0.0,True,10.0,0,0.6,,40.0
rear|H-|r5|c0.3|w40cup|v10|adv|t0.6|qcfg|gcfg,coin_1yen,,0.18398119474747693,0.0,0.3,0.18398119474747693,0.0,14.888410192793385,0.001094038025580826,rear,adv,12,0,0,0,0,0,0,0,0,0,0,0,12,0,0,0,0,12,0,22.86616633990359,22.780352269180867,5.0,0.0,0.0,0.0,0.0,0.0,0.0,0.18398119474747693,0.0,True,10.0,0,0.6,,40.0
rear|H-|r5|c0.3|w40cup|v10|adv|t0.6|qcfg|gcfg,crumb_cube,,0.18398119474747693,0.0,0.3,0.18398119474747693,0.0,9.886923708896663,0.0027309662770230725,rear,adv,12,0,0,0,0,0,0,0,0,0,0,0,12,0,0,0,0,12,0,22.756387285816935,21.502397551251637,5.0,0.0,0.0,0.0,0.0,0.0,0.0,0.18398119474747693,0.0,True,10.0,0,0.6,,40.0
rear|H-|r5|c0.3|w40cup|v10|stop|t0.6|qcfg|gcfg,battery_cr2032,,0.18398119474747693,0.0,0.3,0.18398119474747693,0.0,14.890759898329485,0.000765705223925708,rear,stop,12,0,0,0,0,0,0,0,0,0,0,0,12,0,0,0,0,12,0,0.025793857866392156,0.02150272987238959,5.0,0.0,0.0,0.0,0.0,0.0,0.0,0.18398119474747693,0.0,True,10.0,0,0.6,,40.0
rear|H-|r5|c0.3|w40cup|v10|stop|t0.6|qcfg|gcfg,bead,,0.18398119474747693,0.0,0.3,0.18398119474747693,0.0,9.945626894537119,0.00026871865714366006,rear,stop,12,0,0,0,0,0,0,0,0,0,0,0,12,0,0,0,0,12,0,6.022991016050617,2.8333198438233342,5.0,0.0,0.0,0.0,0.0,0.0,0.0,0.18398119474747693,0.0,True,10.0,0,0.6,,40.0
rear|H-|r5|c0.3|w40cup|v10|stop|t0.6|qcfg|gcfg,coin_1yen,,0.18398119474747693,0.0,0.3,0.18398119474747693,0.0,14.89073940803537,0.000864145361286644,rear,stop,12,0,0,0,0,0,0,0,0,0,0,0,12,0,0,0,0,12,0,0.027262359031929306,0.022862233301898863,5.0,0.0,0.0,0.0,0.0,0.0,0.0,0.18398119474747693,0.0,True,10.0,0,0.6,,40.0
rear|H-|r5|c0.3|w40cup|v10|stop|t0.6|qcfg|gcfg,crumb_cube,,0.18398119474747693,0.0,0.3,0.18398119474747693,0.0,11.199739573307191,0.0002463641938571168,rear,stop,12,0,0,0,0,0,0,0,0,0,0,0,12,0,0,0,0,12,0,0.022071821751949716,0.019076289633872257,5.0,0.0,0.0,0.0,0.0,0.0,0.0,0.18398119474747693,0.0,True,10.0,0,0.6,,40.0
rear|H-|r5|c0.3|w40cup|v2|adv|t0.6|qcfg|gcfg,battery_cr2032,,0.18398119474747693,0.0,0.3,0.18398119474747693,0.0,14.890028021101125,9.647163001910361e-05,rear,adv,12,0,0,0,0,0,0,0,0,0,0,0,12,0,0,0,0,12,0,4.167898576777382,3.8995968734229396,5.0,0.0,0.0,0.0,0.0,0.0,0.0,0.18398119474747693,0.0,True,2.0,0,0.6,,40.0
rear|H-|r5|c0.3|w40cup|v2|adv|t0.6|qcfg|gcfg,bead,,0.18398119474747693,0.0,0.3,0.18398119474747693,0.0,7.136601528416111,0.0,rear,adv,12,0,0,0,0,0,0,0,0,0,0,0,12,0,0,0,0,12,0,4.610088967663198,4.604444961083399,5.0,0.0,0.0,0.0,0.0,0.0,0.0,0.18398119474747693,0.0,True,2.0,0,0.6,,40.0
rear|H-|r5|c0.3|w40cup|v2|adv|t0.6|qcfg|gcfg,coin_1yen,,0.18398119474747693,0.0,0.3,0.18398119474747693,0.0,14.89013875333238,0.0001166096553558045,rear,adv,12,0,0,0,0,0,0,0,0,0,0,0,12,0,0,0,0,12,0,4.45862662066105,4.369890085152059,5.0,0.0,0.0,0.0,0.0,0.0,0.0,0.18398119474747693,0.0,True,2.0,0,0.6,,40.0
rear|H-|r5|c0.3|w40cup|v2|adv|t0.6|qcfg|gcfg,crumb_cube,,0.18398119474747693,0.0,0.3,0.18398119474747693,0.0,10.676781380112274,0.00022618448056004048,rear,adv,12,0,0,0,0,0,0,0,0,0,0,0,12,0,0,0,0,12,0,4.342190661079881,3.8771857496352244,5.0,0.0,0.0,0.0,0.0,0.0,0.0,0.18398119474747693,0.0,True,2.0,0,0.6,,40.0
rear|H-|r5|c0.3|w40cup|v2|stop|t0.6|qcfg|gcfg,battery_cr2032,,0.18398119474747693,0.0,0.3,0.18398119474747693,0.0,14.890754770851553,0.0,rear,stop,12,0,0,0,0,0,0,0,0,0,0,0,12,0,0,0,0,12,0,0.003743120512433862,0.0023106756595620234,5.0,0.0,0.0,0.0,0.0,0.0,0.0,0.18398119474747693,0.0,True,2.0,0,0.6,,40.0
rear|H-|r5|c0.3|w40cup|v2|stop|t0.6|qcfg|gcfg,bead,,0.18398119474747693,0.0,0.3,0.18398119474747693,0.0,7.827245550597382,0.0,rear,stop,12,0,0,0,0,0,0,0,0,0,0,0,12,0,0,0,0,12,0,1.3848851054513098,0.6966464697565083,5.0,0.0,0.0,0.0,0.0,0.0,0.0,0.18398119474747693,0.0,True,2.0,0,0.6,,40.0
rear|H-|r5|c0.3|w40cup|v2|stop|t0.6|qcfg|gcfg,coin_1yen,,0.18398119474747693,0.0,0.3,0.18398119474747693,0.0,14.890739427854724,0.0,rear,stop,12,0,0,0,0,0,0,0,0,0,0,0,12,0,0,0,0,12,0,0.004537334779314284,0.003276576024687991,5.0,0.0,0.0,0.0,0.0,0.0,0.0,0.18398119474747693,0.0,True,2.0,0,0.6,,40.0
rear|H-|r5|c0.3|w40cup|v2|stop|t0.6|qcfg|gcfg,crumb_cube,,0.18398119474747693,0.0,0.3,0.18398119474747693,0.0,11.203535037369667,0.0,rear,stop,12,0,0,0,0,0,0,0,0,0,0,0,12,0,0,0,0,12,0,0.004081580793013906,0.0034605878601982887,5.0,0.0,0.0,0.0,0.0,0.0,0.0,0.18398119474747693,0.0,True,2.0,0,0.6,,40.0
rear|H-|r5|c0.6|w30open|v10|adv|t0.6|qcfg|gcfg,battery_cr2032,,0.18398119474747693,0.0,0.6,0.18398119474747693,0.0,14.888471716503224,0.0014609559132801753,rear,adv,12,0,0,0,0,0,0,0,0,0,0,0,12,0,0,0,0,12,0,25.5216324761363,25.240834236948192,5.0,0.0,0.0,0.0,0.0,0.0,0.0,0.18398119474747693,0.0,False,10.0,0,0.6,,30.0
rear|H-|r5|c0.6|w30open|v10|adv|t0.6|qcfg|gcfg,bead,,0.18398119474747693,0.0,0.6,0.18398119474747693,0.0,7.134129519688055,0.0012736559276528905,rear,adv,12,0,0,0,0,0,0,0,0,0,0,0,12,0,0,0,0,12,0,26.008891609674173,26.004030870605636,5.0,0.0,0.0,0.0,0.0,0.0,0.0,0.18398119474747693,0.0,False,10.0,0,0.6,,30.0
rear|H-|r5|c0.6|w30open|v10|adv|t0.6|qcfg|gcfg,coin_1yen,,0.18398119474747693,0.0,0.6,0.18398119474747693,0.0,14.88836175657863,0.0010462126447648504,rear,adv,12,0,0,0,0,0,0,0,0,0,0,0,12,0,0,0,0,12,0,25.846815626567132,25.750968592057642,5.0,0.0,0.0,0.0,0.0,0.0,0.0,0.18398119474747693,0.0,False,10.0,0,0.6,,30.0
rear|H-|r5|c0.6|w30open|v10|adv|t0.6|qcfg|gcfg,crumb_cube,,0.18398119474747693,0.0,0.6,0.18398119474747693,0.0,9.886866560421625,0.0033558959181244352,rear,adv,12,0,0,0,0,0,0,0,0,0,0,0,12,0,0,0,0,12,0,25.7299336874165,24.473981613396287,5.0,0.0,0.0,0.0,0.0,0.0,0.0,0.18398119474747693,0.0,False,10.0,0,0.6,,30.0
rear|H-|r5|c0.6|w30open|v10|stop|t0.6|qcfg|gcfg,battery_cr2032,,0.18398119474747693,0.0,0.6,0.18398119474747693,0.0,14.890739425158293,0.0007718935237236487,rear,stop,12,0,0,0,0,0,0,0,0,0,0,0,12,0,0,0,0,12,0,0.026025222648634605,0.021558985398955944,5.0,0.0,0.0,0.0,0.0,0.0,0.0,0.18398119474747693,0.0,False,10.0,0,0.6,,30.0
rear|H-|r5|c0.6|w30open|v10|stop|t0.6|qcfg|gcfg,bead,,0.18398119474747693,0.0,0.6,0.18398119474747693,0.0,10.018074197568271,0.00026871865714366006,rear,stop,12,0,0,0,0,0,0,0,0,0,0,0,12,0,0,0,0,12,0,6.211951852083564,2.905764254844008,5.0,0.0,0.0,0.0,0.0,0.0,0.0,0.18398119474747693,0.0,False,10.0,0,0.6,,30.0
rear|H-|r5|c0.6|w30open|v10|stop|t0.6|qcfg|gcfg,coin_1yen,,0.18398119474747693,0.0,0.6,0.18398119474747693,0.0,14.890740110471647,0.0008610615198789305,rear,stop,12,0,0,0,0,0,0,0,0,0,0,0,12,0,0,0,0,12,0,0.027440639908365982,0.023058158781350327,5.0,0.0,0.0,0.0,0.0,0.0,0.0,0.18398119474747693,0.0,False,10.0,0,0.6,,30.0
rear|H-|r5|c0.6|w30open|v10|stop|t0.6|qcfg|gcfg,crumb_cube,,0.18398119474747693,0.0,0.6,0.18398119474747693,0.0,11.199747527923082,0.0002463641938571168,rear,stop,12,0,0,0,0,0,0,0,0,0,0,0,12,0,0,0,0,12,0,0.02190845208246278,0.0190783837673419,5.0,0.0,0.0,0.0,0.0,0.0,0.0,0.18398119474747693,0.0,False,10.0,0,0.6,,30.0
rear|H-|r5|c0.6|w30open|v2|adv|t0.6|qcfg|gcfg,battery_cr2032,,0.18398119474747693,0.0,0.6,0.18398119474747693,0.0,14.889984431529783,6.861046943800776e-05,rear,adv,12,0,0,0,0,0,0,0,0,0,0,0,12,0,0,0,0,12,0,4.711336641494517,4.407968149248203,5.0,0.0,0.0,0.0,0.0,0.0,0.0,0.18398119474747693,0.0,False,2.0,0,0.6,,30.0
rear|H-|r5|c0.6|w30open|v2|adv|t0.6|qcfg|gcfg,bead,,0.18398119474747693,0.0,0.6,0.18398119474747693,0.0,7.136449944290773,0.0,rear,adv,12,0,0,0,0,0,0,0,0,0,0,0,12,0,0,0,0,12,0,5.210055994248654,5.204271480194527,5.0,0.0,0.0,0.0,0.0,0.0,0.0,0.18398119474747693,0.0,False,2.0,0,0.6,,30.0
rear|H-|r5|c0.6|w30open|v2|adv|t0.6|qcfg|gcfg,coin_1yen,,0.18398119474747693,0.0,0.6,0.18398119474747693,0.0,14.89019781797378,7.219737854118665e-05,rear,adv,12,0,0,0,0,0,0,0,0,0,0,0,12,0,0,0,0,12,0,5.0394484645489355,4.939395396447456,5.0,0.0,0.0,0.0,0.0,0.0,0.0,0.18398119474747693,0.0,False,2.0,0,0.6,,30.0
rear|H-|r5|c0.6|w30open|v2|adv|t0.6|qcfg|gcfg,crumb_cube,,0.18398119474747693,0.0,0.6,0.18398119474747693,0.0,10.582513966770101,0.00023703743971034003,rear,adv,12,0,0,0,0,0,0,0,0,0,0,0,12,0,0,0,0,12,0,4.91159916188693,4.357308201196301,5.0,0.0,0.0,0.0,0.0,0.0,0.0,0.18398119474747693,0.0,False,2.0,0,0.6,,30.0
rear|H-|r5|c0.6|w30open|v2|stop|t0.6|qcfg|gcfg,battery_cr2032,,0.18398119474747693,0.0,0.6,0.18398119474747693,0.0,14.890739602082895,0.0,rear,stop,12,0,0,0,0,0,0,0,0,0,0,0,12,0,0,0,0,12,0,0.003818064185465153,0.0023166550233722403,5.0,0.0,0.0,0.0,0.0,0.0,0.0,0.18398119474747693,0.0,False,2.0,0,0.6,,30.0
rear|H-|r5|c0.6|w30open|v2|stop|t0.6|qcfg|gcfg,bead,,0.18398119474747693,0.0,0.6,0.18398119474747693,0.0,7.844751939122678,0.0,rear,stop,12,0,0,0,0,0,0,0,0,0,0,0,12,0,0,0,0,12,0,1.4282345694088954,0.7141499912159354,5.0,0.0,0.0,0.0,0.0,0.0,0.0,0.18398119474747693,0.0,False,2.0,0,0.6,,30.0
rear|H-|r5|c0.6|w30open|v2|stop|t0.6|qcfg|gcfg,coin_1yen,,0.18398119474747693,0.0,0.6,0.18398119474747693,0.0,14.890768635955778,0.0,rear,stop,12,0,0,0,0,0,0,0,0,0,0,0,12,0,0,0,0,12,0,0.004739421815294631,0.003375499650411807,5.0,0.0,0.0,0.0,0.0,0.0,0.0,0.18398119474747693,0.0,False,2.0,0,0.6,,30.0
rear|H-|r5|c0.6|w30open|v2|stop|t0.6|qcfg|gcfg,crumb_cube,,0.18398119474747693,0.0,0.6,0.18398119474747693,0.0,11.203534545125649,0.0,rear,stop,12,0,0,0,0,0,0,0,0,0,0,0,12,0,0,0,0,12,0,0.004084654243965979,0.0034660772766798484,5.0,0.0,0.0,0.0,0.0,0.0,0.0,0.18398119474747693,0.0,False,2.0,0,0.6,,30.0
rear|H-|r5|c0.6|w40cup|v10|adv|t0.6|qcfg|gcfg,battery_cr2032,,0.18398119474747693,0.0,0.6,0.18398119474747693,0.0,14.888498503004977,0.001316886919848449,rear,adv,12,0,0,0,0,0,0,0,0,0,0,0,12,0,0,0,0,12,0,25.521776093166288,25.240672128431076,5.0,0.0,0.0,0.0,0.0,0.0,0.0,0.18398119474747693,0.0,True,10.0,0,0.6,,40.0
rear|H-|r5|c0.6|w40cup|v10|adv|t0.6|qcfg|gcfg,bead,,0.18398119474747693,0.0,0.6,0.18398119474747693,0.0,7.134129519688055,0.0012736559276528905,rear,adv,12,0,0,0,0,0,0,0,0,0,0,0,12,0,0,0,0,12,0,26.008891609674173,26.004030870605636,5.0,0.0,0.0,0.0,0.0,0.0,0.0,0.18398119474747693,0.0,True,10.0,0,0.6,,40.0
rear|H-|r5|c0.6|w40cup|v10|adv|t0.6|qcfg|gcfg,coin_1yen,,0.18398119474747693,0.0,0.6,0.18398119474747693,0.0,14.888260135960047,0.0011963912524623607,rear,adv,12,0,0,0,0,0,0,0,0,0,0,0,12,0,0,0,0,12,0,25.84710556375256,25.75087956374992,5.0,0.0,0.0,0.0,0.0,0.0,0.0,0.18398119474747693,0.0,True,10.0,0,0.6,,40.0
rear|H-|r5|c0.6|w40cup|v10|adv|t0.6|qcfg|gcfg,crumb_cube,,0.18398119474747693,0.0,0.6,0.18398119474747693,0.0,9.886795391358653,0.0024316550598230124,rear,adv,12,0,0,0,0,0,0,0,0,0,0,0,12,0,0,0,0,12,0,25.730376504517114,24.477542789869435,5.0,0.0,0.0,0.0,0.0,0.0,0.0,0.18398119474747693,0.0,True,10.0,0,0.6,,40.0
rear|H-|r5|c0.6|w40cup|v10|stop|t0.6|qcfg|gcfg,battery_cr2032,,0.18398119474747693,0.0,0.6,0.18398119474747693,0.0,14.890739976897146,0.000765705223925708,rear,stop,12,0,0,0,0,0,0,0,0,0,0,0,12,0,0,0,0,12,0,0.025979517939034302,0.021617674414241284,5.0,0.0,0.0,0.0,0.0,0.0,0.0,0.18398119474747693,0.0,True,10.0,0,0.6,,40.0
rear|H-|r5|c0.6|w40cup|v10|stop|t0.6|qcfg|gcfg,bead,,0.18398119474747693,0.0,0.6,0.18398119474747693,0.0,10.018074197568271,0.00026871865714366006,rear,stop,12,0,0,0,0,0,0,0,0,0,0,0,12,0,0,0,0,12,0,6.211951852083564,2.905764254844008,5.0,0.0,0.0,0.0,0.0,0.0,0.0,0.18398119474747693,0.0,True,10.0,0,0.6,,40.0
rear|H-|r5|c0.6|w40cup|v10|stop|t0.6|qcfg|gcfg,coin_1yen,,0.18398119474747693,0.0,0.6,0.18398119474747693,0.0,14.890621289413714,0.000864145361286644,rear,stop,12,0,0,0,0,0,0,0,0,0,0,0,12,0,0,0,0,12,0,0.02753169607457029,0.022971456005825796,5.0,0.0,0.0,0.0,0.0,0.0,0.0,0.18398119474747693,0.0,True,10.0,0,0.6,,40.0
rear|H-|r5|c0.6|w40cup|v10|stop|t0.6|qcfg|gcfg,crumb_cube,,0.18398119474747693,0.0,0.6,0.18398119474747693,0.0,11.199747527923082,0.0002463641938571168,rear,stop,12,0,0,0,0,0,0,0,0,0,0,0,12,0,0,0,0,12,0,0.02190845208246278,0.0190783837673419,5.0,0.0,0.0,0.0,0.0,0.0,0.0,0.18398119474747693,0.0,True,10.0,0,0.6,,40.0
rear|H-|r5|c0.6|w40cup|v2|adv|t0.6|qcfg|gcfg,battery_cr2032,,0.18398119474747693,0.0,0.6,0.18398119474747693,0.0,14.890086013904702,8.484673039523861e-05,rear,adv,12,0,0,0,0,0,0,0,0,0,0,0,12,0,0,0,0,12,0,4.711228664610923,4.407941105152694,5.0,0.0,0.0,0.0,0.0,0.0,0.0,0.18398119474747693,0.0,True,2.0,0,0.6,,40.0
rear|H-|r5|c0.6|w40cup|v2|adv|t0.6|qcfg|gcfg,bead,,0.18398119474747693,0.0,0.6,0.18398119474747693,0.0,7.136449944290773,0.0,rear,adv,12,0,0,0,0,0,0,0,0,0,0,0,12,0,0,0,0,12,0,5.210055994248654,5.204271480194527,5.0,0.0,0.0,0.0,0.0,0.0,0.0,0.18398119474747693,0.0,True,2.0,0,0.6,,40.0
rear|H-|r5|c0.6|w40cup|v2|adv|t0.6|qcfg|gcfg,coin_1yen,,0.18398119474747693,0.0,0.6,0.18398119474747693,0.0,14.89014955305565,6.612801982548971e-05,rear,adv,12,0,0,0,0,0,0,0,0,0,0,0,12,0,0,0,0,12,0,5.039858721944699,4.941723294279776,5.0,0.0,0.0,0.0,0.0,0.0,0.0,0.18398119474747693,0.0,True,2.0,0,0.6,,40.0
rear|H-|r5|c0.6|w40cup|v2|adv|t0.6|qcfg|gcfg,crumb_cube,,0.18398119474747693,0.0,0.6,0.18398119474747693,0.0,10.582470373077218,0.0002497288408460918,rear,adv,12,0,0,0,0,0,0,0,0,0,0,0,12,0,0,0,0,12,0,4.914503612179162,4.357864040071409,5.0,0.0,0.0,0.0,0.0,0.0,0.0,0.18398119474747693,0.0,True,2.0,0,0.6,,40.0
rear|H-|r5|c0.6|w40cup|v2|stop|t0.6|qcfg|gcfg,battery_cr2032,,0.18398119474747693,0.0,0.6,0.18398119474747693,0.0,14.890739677080196,0.0,rear,stop,12,0,0,0,0,0,0,0,0,0,0,0,12,0,0,0,0,12,0,0.0038761793079364337,0.00233997673876127,5.0,0.0,0.0,0.0,0.0,0.0,0.0,0.18398119474747693,0.0,True,2.0,0,0.6,,40.0
rear|H-|r5|c0.6|w40cup|v2|stop|t0.6|qcfg|gcfg,bead,,0.18398119474747693,0.0,0.6,0.18398119474747693,0.0,7.844751939122678,0.0,rear,stop,12,0,0,0,0,0,0,0,0,0,0,0,12,0,0,0,0,12,0,1.4282345694088954,0.7141499912159354,5.0,0.0,0.0,0.0,0.0,0.0,0.0,0.18398119474747693,0.0,True,2.0,0,0.6,,40.0
rear|H-|r5|c0.6|w40cup|v2|stop|t0.6|qcfg|gcfg,coin_1yen,,0.18398119474747693,0.0,0.6,0.18398119474747693,0.0,14.890479508241777,0.0,rear,stop,12,0,0,0,0,0,0,0,0,0,0,0,12,0,0,0,0,12,0,0.004589120497069943,0.003233305630362509,5.0,0.0,0.0,0.0,0.0,0.0,0.0,0.18398119474747693,0.0,True,2.0,0,0.6,,40.0
rear|H-|r5|c0.6|w40cup|v2|stop|t0.6|qcfg|gcfg,crumb_cube,,0.18398119474747693,0.0,0.6,0.18398119474747693,0.0,11.203534545125649,0.0,rear,stop,12,0,0,0,0,0,0,0,0,0,0,0,12,0,0,0,0,12,0,0.004084654243965979,0.0034660772766798484,5.0,0.0,0.0,0.0,0.0,0.0,0.0,0.18398119474747693,0.0,True,2.0,0,0.6,,40.0
rear|H-|r8|c0.3|w30open|v10|adv|t0.6|qcfg|gcfg,battery_cr2032,,0.18398119474747693,0.0,0.3,0.18398119474747693,0.0,17.823106374891577,0.0012585591588659857,rear,adv,12,0,0,0,0,0,0,0,0,0,0,0,12,0,0,0,0,12,0,22.578058545371427,22.32936265261507,8.0,0.0,0.0,0.0,0.0,0.0,0.0,0.18398119474747693,0.0,False,10.0,0,0.6,,30.0
rear|H-|r8|c0.3|w30open|v10|adv|t0.6|qcfg|gcfg,bead,,0.18398119474747693,0.0,0.3,0.18398119474747693,0.0,10.069303613646834,0.0012733372193049833,rear,adv,12,0,0,0,0,0,0,0,0,0,0,0,12,0,0,0,0,12,0,23.01034643484074,23.004853446837256,8.0,0.0,0.0,0.0,0.0,0.0,0.0,0.18398119474747693,0.0,False,10.0,0,0.6,,30.0
rear|H-|r8|c0.3|w30open|v10|adv|t0.6|qcfg|gcfg,coin_1yen,,0.18398119474747693,0.0,0.3,0.18398119474747693,0.0,17.82299708581365,0.0011093845709893172,rear,adv,12,0,0,0,0,0,0,0,0,0,0,0,12,0,0,0,0,12,0,22.86614035744446,22.78036989381543,8.0,0.0,0.0,0.0,0.0,0.0,0.0,0.18398119474747693,0.0,False,10.0,0,0.6,,30.0
rear|H-|r8|c0.3|w30open|v10|adv|t0.6|qcfg|gcfg,crumb_cube,,0.18398119474747693,0.0,0.3,0.18398119474747693,0.0,12.821368350582352,0.0026286893433091763,rear,adv,12,0,0,0,0,0,0,0,0,0,0,0,12,0,0,0,0,12,0,22.75566683224426,21.499085783673337,8.0,0.0,0.0,0.0,0.0,0.0,0.0,0.18398119474747693,0.0,False,10.0,0,0.6,,30.0
rear|H-|r8|c0.3|w30open|v10|stop|t0.6|qcfg|gcfg,battery_cr2032,,0.18398119474747693,0.0,0.3,0.18398119474747693,0.0,17.825197197860394,0.0007723580510595168,rear,stop,12,0,0,0,0,0,0,0,0,0,0,0,12,0,0,0,0,12,0,0.02584419082533873,0.021504703802433023,8.0,0.0,0.0,0.0,0.0,0.0,0.0,0.18398119474747693,0.0,False,10.0,0,0.6,,30.0
rear|H-|r8|c0.3|w30open|v10|stop|t0.6|qcfg|gcfg,bead,,0.18398119474747693,0.0,0.3,0.18398119474747693,0.0,12.879650376667009,0.00026863575386913696,rear,stop,12,0,0,0,0,0,0,0,0,0,0,0,12,0,0,0,0,12,0,6.022874482286874,2.8329008157310773,8.0,0.0,0.0,0.0,0.0,0.0,0.0,0.18398119474747693,0.0,False,10.0,0,0.6,,30.0
rear|H-|r8|c0.3|w30open|v10|stop|t0.6|qcfg|gcfg,coin_1yen,,0.18398119474747693,0.0,0.3,0.18398119474747693,0.0,17.825259632127604,0.0008604845004374796,rear,stop,12,0,0,0,0,0,0,0,0,0,0,0,12,0,0,0,0,12,0,0.027337502650964796,0.022950094575495173,8.0,0.0,0.0,0.0,0.0,0.0,0.0,0.18398119474747693,0.0,False,10.0,0,0.6,,30.0
rear|H-|r8|c0.3|w30open|v10|stop|t0.6|qcfg|gcfg,crumb_cube,,0.18398119474747693,0.0,0.3,0.18398119474747693,0.0,14.134184645343032,0.0002463519216955312,rear,stop,12,0,0,0,0,0,0,0,0,0,0,0,12,0,0,0,0,12,0,0.022070783751486356,0.019078148954226187,8.0,0.0,0.0,0.0,0.0,0.0,0.0,0.18398119474747693,0.0,False,10.0,0,0.6,,30.0
rear|H-|r8|c0.3|w30open|v2|adv|t0.6|qcfg|gcfg,battery_cr2032,,0.18398119474747693,0.0,0.3,0.18398119474747693,0.0,17.824498184939166,8.320392808135006e-05,rear,adv,12,0,0,0,0,0,0,0,0,0,0,0,12,0,0,0,0,12,0,4.168527441715131,3.89968531918186,8.0,0.0,0.0,0.0,0.0,0.0,0.0,0.18398119474747693,0.0,False,2.0,0,0.6,,30.0
rear|H-|r8|c0.3|w30open|v2|adv|t0.6|qcfg|gcfg,bead,,0.18398119474747693,0.0,0.3,0.18398119474747693,0.0,10.071139234755462,0.0,rear,adv,12,0,0,0,0,0,0,0,0,0,0,0,12,0,0,0,0,12,0,4.609691613875907,4.604539777296882,8.0,0.0,0.0,0.0,0.0,0.0,0.0,0.18398119474747693,0.0,False,2.0,0,0.6,,30.0
rear|H-|r8|c0.3|w30open|v2|adv|t0.6|qcfg|gcfg,coin_1yen,,0.18398119474747693,0.0,0.3,0.18398119474747693,0.0,17.824664714587012,6.145472742995726e-05,rear,adv,12,0,0,0,0,0,0,0,0,0,0,0,12,0,0,0,0,12,0,4.458627889786855,4.36988558876713,8.0,0.0,0.0,0.0,0.0,0.0,0.0,0.18398119474747693,0.0,False,2.0,0,0.6,,30.0
rear|H-|r8|c0.3|w30open|v2|adv|t0.6|qcfg|gcfg,crumb_cube,,0.18398119474747693,0.0,0.3,0.18398119474747693,0.0,13.611032644522195,0.00024528182915317664,rear,adv,12,0,0,0,0,0,0,0,0,0,0,0,12,0,0,0,0,12,0,4.339658299630365,3.8762579377289854,8.0,0.0,0.0,0.0,0.0,0.0,0.0,0.18398119474747693,0.0,False,2.0,0,0.6,,30.0
rear|H-|r8|c0.3|w30open|v2|stop|t0.6|qcfg|gcfg,battery_cr2032,,0.18398119474747693,0.0,0.3,0.18398119474747693,0.0,17.82518130072405,0.0,rear,stop,12,0,0,0,0,0,0,0,0,0,0,0,12,0,0,0,0,12,0,0.003659114492887,0.00230238599176983,8.0,0.0,0.0,0.0,0.0,0.0,0.0,0.18398119474747693,0.0,False,2.0,0,0.6,,30.0
rear|H-|r8|c0.3|w30open|v2|stop|t0.6|qcfg|gcfg,bead,,0.18398119474747693,0.0,0.3,0.18398119474747693,0.0,10.761606942388548,0.0,rear,stop,12,0,0,0,0,0,0,0,0,0,0,0,12,0,0,0,0,12,0,1.3848041069330006,0.696565343598078,8.0,0.0,0.0,0.0,0.0,0.0,0.0,0.18398119474747693,0.0,False,2.0,0,0.6,,30.0
rear|H-|r8|c0.3|w30open|v2|stop|t0.6|qcfg|gcfg,coin_1yen,,0.18398119474747693,0.0,0.3,0.18398119474747693,0.0,17.825194779891813,0.0,rear,stop,12,0,0,0,0,0,0,0,0,0,0,0,12,0,0,0,0,12,0,0.004505081793206023,0.003312523053961939,8.0,0.0,0.0,0.0,0.0,0.0,0.0,0.18398119474747693,0.0,False,2.0,0,0.6,,30.0
rear|H-|r8|c0.3|w30open|v2|stop|t0.6|qcfg|gcfg,crumb_cube,,0.18398119474747693,0.0,0.3,0.18398119474747693,0.0,14.137975925476121,0.0,rear,stop,12,0,0,0,0,0,0,0,0,0,0,0,12,0,0,0,0,12,0,0.004079480941304725,0.003459523552463752,8.0,0.0,0.0,0.0,0.0,0.0,0.0,0.18398119474747693,0.0,False,2.0,0,0.6,,30.0
rear|H-|r8|c0.3|w40cup|v10|adv|t0.6|qcfg|gcfg,battery_cr2032,,0.18398119474747693,0.0,0.3,0.18398119474747693,0.0,17.823014765544926,0.0012950744270644535,rear,adv,12,0,0,0,0,0,0,0,0,0,0,0,12,0,0,0,0,12,0,22.578561483991898,22.329348564081513,8.0,0.0,0.0,0.0,0.0,0.0,0.0,0.18398119474747693,0.0,True,10.0,0,0.6,,40.0
rear|H-|r8|c0.3|w40cup|v10|adv|t0.6|qcfg|gcfg,bead,,0.18398119474747693,0.0,0.3,0.18398119474747693,0.0,10.069303613646834,0.0012733372193049833,rear,adv,12,0,0,0,0,0,0,0,0,0,0,0,12,0,0,0,0,12,0,23.01034643484074,23.004853446837256,8.0,0.0,0.0,0.0,0.0,0.0,0.0,0.18398119474747693,0.0,True,10.0,0,0.6,,40.0
rear|H-|r8|c0.3|w40cup|v10|adv|t0.6|qcfg|gcfg,coin_1yen,,0.18398119474747693,0.0,0.3,0.18398119474747693,0.0,17.822982081460804,0.0010350373456811598,rear,adv,12,0,0,0,0,0,0,0,0,0,0,0,12,0,0,0,0,12,0,22.866196249498433,22.780539634191225,8.0,0.0,0.0,0.0,0.0,0.0,0.0,0.18398119474747693,0.0,True,10.0,0,0.6,,40.0
rear|H-|r8|c0.3|w40cup|v10|adv|t0.6|qcfg|gcfg,crumb_cube,,0.18398119474747693,0.0,0.3,0.18398119474747693,0.0,12.820826607470217,0.002452353940868811,rear,adv,12,0,0,0,0,0,0,0,0,0,0,0,12,0,0,0,0,12,0,22.75578296103544,21.501699345307756,8.0,0.0,0.0,0.0,0.0,0.0,0.0,0.18398119474747693,0.0,True,10.0,0,0.6,,40.0
rear|H-|r8|c0.3|w40cup|v10|stop|t0.6|qcfg|gcfg,battery_cr2032,,0.18398119474747693,0.0,0.3,0.18398119474747693,0.0,17.825181389159418,0.0007625862578663264,rear,stop,12,0,0,0,0,0,0,0,0,0,0,0,12,0,0,0,0,12,0,0.02576241788503769,0.021544906132789827,8.0,0.0,0.0,0.0,0.0,0.0,0.0,0.18398119474747693,0.0,True,10.0,0,0.6,,40.0
rear|H-|r8|c0.3|w40cup|v10|stop|t0.6|qcfg|gcfg,bead,,0.18398119474747693,0.0,0.3,0.18398119474747693,0.0,12.879650376667009,0.00026863575386913696,rear,stop,12,0,0,0,0,0,0,0,0,0,0,0,12,0,0,0,0,12,0,6.022874482286874,2.8329008157310773,8.0,0.0,0.0,0.0,0.0,0.0,0.0,0.18398119474747693,0.0,True,10.0,0,0.6,,40.0
rear|H-|r8|c0.3|w40cup|v10|stop|t0.6|qcfg|gcfg,coin_1yen,,0.18398119474747693,0.0,0.3,0.18398119474747693,0.0,17.82509911583126,0.0008638896545627283,rear,stop,12,0,0,0,0,0,0,0,0,0,0,0,12,0,0,0,0,12,0,0.027261543836816504,0.022856433062385637,8.0,0.0,0.0,0.0,0.0,0.0,0.0,0.18398119474747693,0.0,True,10.0,0,0.6,,40.0
rear|H-|r8|c0.3|w40cup|v10|stop|t0.6|qcfg|gcfg,crumb_cube,,0.18398119474747693,0.0,0.3,0.18398119474747693,0.0,14.134184645343032,0.0002463519216955312,rear,stop,12,0,0,0,0,0,0,0,0,0,0,0,12,0,0,0,0,12,0,0.022070783751486356,0.019078148954226187,8.0,0.0,0.0,0.0,0.0,0.0,0.0,0.18398119474747693,0.0,True,10.0,0,0.6,,40.0
rear|H-|r8|c0.3|w40cup|v2|adv|t0.6|qcfg|gcfg,battery_cr2032,,0.18398119474747693,0.0,0.3,0.18398119474747693,0.0,17.824468907220982,6.757427170578888e-05,rear,adv,12,0,0,0,0,0,0,0,0,0,0,0,12,0,0,0,0,12,0,4.167752591462677,3.89958912573835,8.0,0.0,0.0,0.0,0.0,0.0,0.0,0.18398119474747693,0.0,True,2.0,0,0.6,,40.0
rear|H-|r8|c0.3|w40cup|v2|adv|t0.6|qcfg|gcfg,bead,,0.18398119474747693,0.0,0.3,0.18398119474747693,0.0,10.071139234755462,0.0,rear,adv,12,0,0,0,0,0,0,0,0,0,0,0,12,0,0,0,0,12,0,4.609691613875907,4.604539777296882,8.0,0.0,0.0,0.0,0.0,0.0,0.0,0.18398119474747693,0.0,True,2.0,0,0.6,,40.0
rear|H-|r8|c0.3|w40cup|v2|adv|t0.6|qcfg|gcfg,coin_1yen,,0.18398119474747693,0.0,0.3,0.18398119474747693,0.0,17.82466547473249,7.663862691437585e-05,rear,adv,12,0,0,0,0,0,0,0,0,0,0,0,12,0,0,0,0,12,0,4.4583068810509845,4.371079553981763,8.0,0.0,0.0,0.0,0.0,0.0,0.0,0.18398119474747693,0.0,True,2.0,0,0.6,,40.0
rear|H-|r8|c0.3|w40cup|v2|adv|t0.6|qcfg|gcfg,crumb_cube,,0.18398119474747693,0.0,0.3,0.18398119474747693,0.0,13.610775501071581,0.000229245278145912,rear,adv,12,0,0,0,0,0,0,0,0,0,0,0,12,0,0,0,0,12,0,4.341246953411343,3.8767697809848873,8.0,0.0,0.0,0.0,0.0,0.0,0.0,0.18398119474747693,0.0,True,2.0,0,0.6,,40.0
rear|H-|r8|c0.3|w40cup|v2|stop|t0.6|qcfg|gcfg,battery_cr2032,,0.18398119474747693,0.0,0.3,0.18398119474747693,0.0,17.825181353088336,0.0,rear,stop,12,0,0,0,0,0,0,0,0,0,0,0,12,0,0,0,0,12,0,0.0037141287383725408,0.002349590480600338,8.0,0.0,0.0,0.0,0.0,0.0,0.0,0.18398119474747693,0.0,True,2.0,0,0.6,,40.0
rear|H-|r8|c0.3|w40cup|v2|stop|t0.6|qcfg|gcfg,bead,,0.18398119474747693,0.0,0.3,0.18398119474747693,0.0,10.761606942388548,0.0,rear,stop,12,0,0,0,0,0,0,0,0,0,0,0,12,0,0,0,0,12,0,1.3848041069330006,0.696565343598078,8.0,0.0,0.0,0.0,0.0,0.0,0.0,0.18398119474747693,0.0,True,2.0,0,0.6,,40.0
rear|H-|r8|c0.3|w40cup|v2|stop|t0.6|qcfg|gcfg,coin_1yen,,0.18398119474747693,0.0,0.3,0.18398119474747693,0.0,17.825084314236445,0.0,rear,stop,12,0,0,0,0,0,0,0,0,0,0,0,12,0,0,0,0,12,0,0.005256123913548183,0.0033737593119782575,8.0,0.0,0.0,0.0,0.0,0.0,0.0,0.18398119474747693,0.0,True,2.0,0,0.6,,40.0
rear|H-|r8|c0.3|w40cup|v2|stop|t0.6|qcfg|gcfg,crumb_cube,,0.18398119474747693,0.0,0.3,0.18398119474747693,0.0,14.137975925476121,0.0,rear,stop,12,0,0,0,0,0,0,0,0,0,0,0,12,0,0,0,0,12,0,0.004079480941304725,0.003459523552463752,8.0,0.0,0.0,0.0,0.0,0.0,0.0,0.18398119474747693,0.0,True,2.0,0,0.6,,40.0
rear|H-|r8|c0.6|w30open|v10|adv|t0.6|qcfg|gcfg,battery_cr2032,,0.18398119474747693,0.0,0.6,0.18398119474747693,0.0,17.822792452030793,0.001231943516788762,rear,adv,12,0,0,0,0,0,0,0,0,0,0,0,12,0,0,0,0,12,0,25.52187759166974,25.24123327900742,8.0,0.0,0.0,0.0,0.0,0.0,0.0,0.18398119474747693,0.0,False,10.0,0,0.6,,30.0
rear|H-|r8|c0.6|w30open|v10|adv|t0.6|qcfg|gcfg,bead,,0.18398119474747693,0.0,0.6,0.18398119474747693,0.0,10.06867943779993,0.0012735922141062991,rear,adv,12,0,0,0,0,0,0,0,0,0,0,0,12,0,0,0,0,12,0,26.009653158199175,26.00413802578093,8.0,0.0,0.0,0.0,0.0,0.0,0.0,0.18398119474747693,0.0,False,10.0,0,0.6,,30.0
rear|H-|r8|c0.6|w30open|v10|adv|t0.6|qcfg|gcfg,coin_1yen,,0.18398119474747693,0.0,0.6,0.18398119474747693,0.0,17.82281778783255,0.0011573639646943234,rear,adv,12,0,0,0,0,0,0,0,0,0,0,0,12,0,0,0,0,12,0,25.847468623670565,25.75102373511442,8.0,0.0,0.0,0.0,0.0,0.0,0.0,0.18398119474747693,0.0,False,10.0,0,0.6,,30.0
rear|H-|r8|c0.6|w30open|v10|adv|t0.6|qcfg|gcfg,crumb_cube,,0.18398119474747693,0.0,0.6,0.18398119474747693,0.0,12.822542400622345,0.0024776000399533496,rear,adv,12,0,0,0,0,0,0,0,0,0,0,0,12,0,0,0,0,12,0,25.729197264259664,24.475169458948574,8.0,0.0,0.0,0.0,0.0,0.0,0.0,0.18398119474747693,0.0,False,10.0,0,0.6,,30.0
rear|H-|r8|c0.6|w30open|v10|stop|t0.6|qcfg|gcfg,battery_cr2032,,0.18398119474747693,0.0,0.6,0.18398119474747693,0.0,17.825182216315728,0.0007723580510595168,rear,stop,12,0,0,0,0,0,0,0,0,0,0,0,12,0,0,0,0,12,0,0.0260273547885298,0.02161610779540778,8.0,0.0,0.0,0.0,0.0,0.0,0.0,0.18398119474747693,0.0,False,10.0,0,0.6,,30.0
rear|H-|r8|c0.6|w30open|v10|stop|t0.6|qcfg|gcfg,bead,,0.18398119474747693,0.0,0.6,0.18398119474747693,0.0,12.95202015221583,0.00026863575386913696,rear,stop,12,0,0,0,0,0,0,0,0,0,0,0,12,0,0,0,0,12,0,6.211820837659553,2.905267489085347,8.0,0.0,0.0,0.0,0.0,0.0,0.0,0.18398119474747693,0.0,False,10.0,0,0.6,,30.0
rear|H-|r8|c0.6|w30open|v10|stop|t0.6|qcfg|gcfg,coin_1yen,,0.18398119474747693,0.0,0.6,0.18398119474747693,0.0,17.82519414786611,0.0008604845004374796,rear,stop,12,0,0,0,0,0,0,0,0,0,0,0,12,0,0,0,0,12,0,0.027436027902005833,0.02305060229110661,8.0,0.0,0.0,0.0,0.0,0.0,0.0,0.18398119474747693,0.0,False,10.0,0,0.6,,30.0
rear|H-|r8|c0.6|w30open|v10|stop|t0.6|qcfg|gcfg,crumb_cube,,0.18398119474747693,0.0,0.6,0.18398119474747693,0.0,14.134171329434288,0.0002463519216955312,rear,stop,12,0,0,0,0,0,0,0,0,0,0,0,12,0,0,0,0,12,0,0.022107613656077718,0.019116368748000462,8.0,0.0,0.0,0.0,0.0,0.0,0.0,0.18398119474747693,0.0,False,10.0,0,0.6,,30.0
rear|H-|r8|c0.6|w30open|v2|adv|t0.6|qcfg|gcfg,battery_cr2032,,0.18398119474747693,0.0,0.6,0.18398119474747693,0.0,17.82450909195427,8.935125846870097e-05,rear,adv,12,0,0,0,0,0,0,0,0,0,0,0,12,0,0,0,0,12,0,4.7114422538539165,4.408051324976807,8.0,0.0,0.0,0.0,0.0,0.0,0.0,0.18398119474747693,0.0,False,2.0,0,0.6,,30.0
rear|H-|r8|c0.6|w30open|v2|adv|t0.6|qcfg|gcfg,bead,,0.18398119474747693,0.0,0.6,0.18398119474747693,0.0,10.071504938350795,0.0,rear,adv,12,0,0,0,0,0,0,0,0,0,0,0,12,0,0,0,0,12,0,5.212369567297586,5.204883813451315,8.0,0.0,0.0,0.0,0.0,0.0,0.0,0.18398119474747693,0.0,False,2.0,0,0.6,,30.0
rear|H-|r8|c0.6|w30open|v2|adv|t0.6|qcfg|gcfg,coin_1yen,,0.18398119474747693,0.0,0.6,0.18398119474747693,0.0,17.82464334638353,8.40582720804334e-05,rear,adv,12,0,0,0,0,0,0,0,0,0,0,0,12,0,0,0,0,12,0,5.03975206452939,4.939247165875208,8.0,0.0,0.0,0.0,0.0,0.0,0.0,0.18398119474747693,0.0,False,2.0,0,0.6,,30.0
rear|H-|r8|c0.6|w30open|v2|adv|t0.6|qcfg|gcfg,crumb_cube,,0.18398119474747693,0.0,0.6,0.18398119474747693,0.0,13.503420681944755,0.0001948723967453575,rear,adv,12,0,0,0,0,0,0,0,0,0,0,0,12,0,0,0,0,12,0,4.9128399970794,4.344713750970453,8.0,0.0,0.0,0.0,0.0,0.0,0.0,0.18398119474747693,0.0,False,2.0,0,0.6,,30.0
rear|H-|r8|c0.6|w30open|v2|stop|t0.6|qcfg|gcfg,battery_cr2032,,0.18398119474747693,0.0,0.6,0.18398119474747693,0.0,17.825182159441432,0.0,rear,stop,12,0,0,0,0,0,0,0,0,0,0,0,12,0,0,0,0,12,0,0.0038186378417126576,0.0023390584494405293,8.0,0.0,0.0,0.0,0.0,0.0,0.0,0.18398119474747693,0.0,False,2.0,0,0.6,,30.0
rear|H-|r8|c0.6|w30open|v2|stop|t0.6|qcfg|gcfg,bead,,0.18398119474747693,0.0,0.6,0.18398119474747693,0.0,10.779091041881053,0.0,rear,stop,12,0,0,0,0,0,0,0,0,0,0,0,12,0,0,0,0,12,0,1.4281510348208224,0.7140463643387588,8.0,0.0,0.0,0.0,0.0,0.0,0.0,0.18398119474747693,0.0,False,2.0,0,0.6,,30.0
rear|H-|r8|c0.6|w30open|v2|stop|t0.6|qcfg|gcfg,coin_1yen,,0.18398119474747693,0.0,0.6,0.18398119474747693,0.0,17.825182238471566,0.0,rear,stop,12,0,0,0,0,0,0,0,0,0,0,0,12,0,0,0,0,12,0,0.004552777596630864,0.0033473453329585976,8.0,0.0,0.0,0.0,0.0,0.0,0.0,0.18398119474747693,0.0,False,2.0,0,0.6,,30.0
rear|H-|r8|c0.6|w30open|v2|stop|t0.6|qcfg|gcfg,crumb_cube,,0.18398119474747693,0.0,0.6,0.18398119474747693,0.0,14.13797703954902,0.0,rear,stop,12,0,0,0,0,0,0,0,0,0,0,0,12,0,0,0,0,12,0,0.00409208616685558,0.003466269909734032,8.0,0.0,0.0,0.0,0.0,0.0,0.0,0.18398119474747693,0.0,False,2.0,0,0.6,,30.0
rear|H-|r8|c0.6|w40cup|v10|adv|t0.6|qcfg|gcfg,battery_cr2032,,0.18398119474747693,0.0,0.6,0.18398119474747693,0.0,17.82287738262528,0.0011588742585859,rear,adv,12,0,0,0,0,0,0,0,0,0,0,0,12,0,0,0,0,12,0,25.525200100147924,25.24177267668828,8.0,0.0,0.0,0.0,0.0,0.0,0.0,0.18398119474747693,0.0,True,10.0,0,0.6,,40.0
rear|H-|r8|c0.6|w40cup|v10|adv|t0.6|qcfg|gcfg,bead,,0.18398119474747693,0.0,0.6,0.18398119474747693,0.0,10.06867943779993,0.0012735922141062991,rear,adv,12,0,0,0,0,0,0,0,0,0,0,0,12,0,0,0,0,12,0,26.009653158199175,26.00413802578093,8.0,0.0,0.0,0.0,0.0,0.0,0.0,0.18398119474747693,0.0,True,10.0,0,0.6,,40.0
rear|H-|r8|c0.6|w40cup|v10|adv|t0.6|qcfg|gcfg,coin_1yen,,0.18398119474747693,0.0,0.6,0.18398119474747693,0.0,17.82303014484683,0.0013989368607355852,rear,adv,12,0,0,0,0,0,0,0,0,0,0,0,12,0,0,0,0,12,0,25.847324315481334,25.751128383080346,8.0,0.0,0.0,0.0,0.0,0.0,0.0,0.18398119474747693,0.0,True,10.0,0,0.6,,40.0
rear|H-|r8|c0.6|w40cup|v10|adv|t0.6|qcfg|gcfg,crumb_cube,,0.18398119474747693,0.0,0.6,0.18398119474747693,0.0,12.822188623515794,0.0025743194526136465,rear,adv,12,0,0,0,0,0,0,0,0,0,0,0,12,0,0,0,0,12,0,25.734452106552098,24.478228489219997,8.0,0.0,0.0,0.0,0.0,0.0,0.0,0.18398119474747693,0.0,True,10.0,0,0.6,,40.0
rear|H-|r8|c0.6|w40cup|v10|stop|t0.6|qcfg|gcfg,battery_cr2032,,0.18398119474747693,0.0,0.6,0.18398119474747693,0.0,17.825192279118422,0.0007625862578663264,rear,stop,12,0,0,0,0,0,0,0,0,0,0,0,12,0,0,0,0,12,0,0.025942441531735805,0.021640857439647786,8.0,0.0,0.0,0.0,0.0,0.0,0.0,0.18398119474747693,0.0,True,10.0,0,0.6,,40.0
rear|H-|r8|c0.6|w40cup|v10|stop|t0.6|qcfg|gcfg,bead,,0.18398119474747693,0.0,0.6,0.18398119474747693,0.0,12.95202015221583,0.00026863575386913696,rear,stop,12,0,0,0,0,0,0,0,0,0,0,0,12,0,0,0,0,12,0,6.211820837659553,2.905267489085347,8.0,0.0,0.0,0.0,0.0,0.0,0.0,0.18398119474747693,0.0,True,10.0,0,0.6,,40.0
rear|H-|r8|c0.6|w40cup|v10|stop|t0.6|qcfg|gcfg,coin_1yen,,0.18398119474747693,0.0,0.6,0.18398119474747693,0.0,17.825114586783364,0.0008638896545627283,rear,stop,12,0,0,0,0,0,0,0,0,0,0,0,12,0,0,0,0,12,0,0.027454507391194705,0.02310582320178579,8.0,0.0,0.0,0.0,0.0,0.0,0.0,0.18398119474747693,0.0,True,10.0,0,0.6,,40.0
rear|H-|r8|c0.6|w40cup|v10|stop|t0.6|qcfg|gcfg,crumb_cube,,0.18398119474747693,0.0,0.6,0.18398119474747693,0.0,14.134171329434288,0.0002463519216955312,rear,stop,12,0,0,0,0,0,0,0,0,0,0,0,12,0,0,0,0,12,0,0.022107613656077718,0.019116368748000462,8.0,0.0,0.0,0.0,0.0,0.0,0.0,0.18398119474747693,0.0,True,10.0,0,0.6,,40.0
rear|H-|r8|c0.6|w40cup|v2|adv|t0.6|qcfg|gcfg,battery_cr2032,,0.18398119474747693,0.0,0.6,0.18398119474747693,0.0,17.824560440804813,6.369148895638867e-05,rear,adv,12,0,0,0,0,0,0,0,0,0,0,0,12,0,0,0,0,12,0,4.710984769432682,4.408033624709845,8.0,0.0,0.0,0.0,0.0,0.0,0.0,0.18398119474747693,0.0,True,2.0,0,0.6,,40.0
rear|H-|r8|c0.6|w40cup|v2|adv|t0.6|qcfg|gcfg,bead,,0.18398119474747693,0.0,0.6,0.18398119474747693,0.0,10.071504938350795,0.0,rear,adv,12,0,0,0,0,0,0,0,0,0,0,0,12,0,0,0,0,12,0,5.212369567297586,5.204883813451315,8.0,0.0,0.0,0.0,0.0,0.0,0.0,0.18398119474747693,0.0,True,2.0,0,0.6,,40.0
rear|H-|r8|c0.6|w40cup|v2|adv|t0.6|qcfg|gcfg,coin_1yen,,0.18398119474747693,0.0,0.6,0.18398119474747693,0.0,17.824614860156217,8.088965306883751e-05,rear,adv,12,0,0,0,0,0,0,0,0,0,0,0,12,0,0,0,0,12,0,5.039327569790079,4.940567805832573,8.0,0.0,0.0,0.0,0.0,0.0,0.0,0.18398119474747693,0.0,True,2.0,0,0.6,,40.0
rear|H-|r8|c0.6|w40cup|v2|adv|t0.6|qcfg|gcfg,crumb_cube,,0.18398119474747693,0.0,0.6,0.18398119474747693,0.0,13.503349399118903,0.0002274356862477095,rear,adv,12,0,0,0,0,0,0,0,0,0,0,0,12,0,0,0,0,12,0,4.916313250187189,4.3455486879795195,8.0,0.0,0.0,0.0,0.0,0.0,0.0,0.18398119474747693,0.0,True,2.0,0,0.6,,40.0
rear|H-|r8|c0.6|w40cup|v2|stop|t0.6|qcfg|gcfg,battery_cr2032,,0.18398119474747693,0.0,0.6,0.18398119474747693,0.0,17.825182016221948,0.0,rear,stop,12,0,0,0,0,0,0,0,0,0,0,0,12,0,0,0,0,12,0,0.003844509011776548,0.0023680876303870204,8.0,0.0,0.0,0.0,0.0,0.0,0.0,0.18398119474747693,0.0,True,2.0,0,0.6,,40.0
rear|H-|r8|c0.6|w40cup|v2|stop|t0.6|qcfg|gcfg,bead,,0.18398119474747693,0.0,0.6,0.18398119474747693,0.0,10.779091041881053,0.0,rear,stop,12,0,0,0,0,0,0,0,0,0,0,0,12,0,0,0,0,12,0,1.4281510348208224,0.7140463643387588,8.0,0.0,0.0,0.0,0.0,0.0,0.0,0.18398119474747693,0.0,True,2.0,0,0.6,,40.0
rear|H-|r8|c0.6|w40cup|v2|stop|t0.6|qcfg|gcfg,coin_1yen,,0.18398119474747693,0.0,0.6,0.18398119474747693,0.0,17.825016915863934,0.0,rear,stop,12,0,0,0,0,0,0,0,0,0,0,0,12,0,0,0,0,12,0,0.004643858621054819,0.0035740879975986136,8.0,0.0,0.0,0.0,0.0,0.0,0.0,0.18398119474747693,0.0,True,2.0,0,0.6,,40.0
rear|H-|r8|c0.6|w40cup|v2|stop|t0.6|qcfg|gcfg,crumb_cube,,0.18398119474747693,0.0,0.6,0.18398119474747693,0.0,14.13797703954902,0.0,rear,stop,12,0,0,0,0,0,0,0,0,0,0,0,12,0,0,0,0,12,0,0.00409208616685558,0.003466269909734032,8.0,0.0,0.0,0.0,0.0,0.0,0.0,0.18398119474747693,0.0,True,2.0,0,0.6,,40.0
