tag,obj,floor,offset,n,success,knocked_in,escaped,pushed_ahead,not_entered,pinched,entered,wall_contact,entered_nowall,entered_wall,fire_x_mean_mm,fire_absy_mean_mm
"cloche|backstop=None,clearance_mm=0.0,drop_speed_mm_s=20.0,lift_mm=10.0,retreat=-30|v10|stop",battery_cr2032,flooring,0.0,1,1,0,0,0,0,0,1,0,1,0,11.04,0.01
"cloche|backstop=None,clearance_mm=0.0,drop_speed_mm_s=20.0,lift_mm=10.0,retreat=-30|v10|stop",battery_cr2032,flooring,5.0,1,1,0,0,0,0,0,1,0,1,0,11.03,5.00
"cloche|backstop=None,clearance_mm=0.0,drop_speed_mm_s=20.0,lift_mm=10.0,retreat=-30|v10|stop",battery_cr2032,flooring,10.0,1,0,0,0,0,0,1,1,0,1,0,,
"cloche|backstop=None,clearance_mm=0.0,drop_speed_mm_s=20.0,lift_mm=10.0,retreat=-30|v10|stop",battery_cr2032,flooring,15.0,1,0,0,0,0,1,0,0,0,0,0,,
"cloche|backstop=None,clearance_mm=0.0,drop_speed_mm_s=20.0,lift_mm=10.0,retreat=-30|v10|stop",battery_cr2032,mat,0.0,1,1,0,0,0,0,0,1,0,1,0,11.03,0.01
"cloche|backstop=None,clearance_mm=0.0,drop_speed_mm_s=20.0,lift_mm=10.0,retreat=-30|v10|stop",battery_cr2032,mat,5.0,1,1,0,0,0,0,0,1,0,1,0,11.03,5.00
"cloche|backstop=None,clearance_mm=0.0,drop_speed_mm_s=20.0,lift_mm=10.0,retreat=-30|v10|stop",battery_cr2032,mat,10.0,1,0,0,0,0,0,1,1,0,1,0,,
"cloche|backstop=None,clearance_mm=0.0,drop_speed_mm_s=20.0,lift_mm=10.0,retreat=-30|v10|stop",battery_cr2032,mat,15.0,1,0,0,0,0,1,0,0,0,0,0,,
"cloche|backstop=None,clearance_mm=0.0,drop_speed_mm_s=20.0,lift_mm=10.0,retreat=-30|v10|stop",bead,flooring,0.0,1,1,0,0,0,0,0,1,0,1,0,5.04,0.00
"cloche|backstop=None,clearance_mm=0.0,drop_speed_mm_s=20.0,lift_mm=10.0,retreat=-30|v10|stop",bead,flooring,5.0,1,1,0,0,0,0,0,1,0,1,0,5.03,5.00
"cloche|backstop=None,clearance_mm=0.0,drop_speed_mm_s=20.0,lift_mm=10.0,retreat=-30|v10|stop",bead,flooring,10.0,1,1,0,0,0,0,0,1,0,1,0,5.04,10.00
"cloche|backstop=None,clearance_mm=0.0,drop_speed_mm_s=20.0,lift_mm=10.0,retreat=-30|v10|stop",bead,flooring,15.0,1,0,1,0,0,0,0,1,0,1,0,5.03,3.44
"cloche|backstop=None,clearance_mm=0.0,drop_speed_mm_s=20.0,lift_mm=10.0,retreat=-30|v10|stop",bead,mat,0.0,1,1,0,0,0,0,0,1,0,1,0,5.04,0.00
"cloche|backstop=None,clearance_mm=0.0,drop_speed_mm_s=20.0,lift_mm=10.0,retreat=-30|v10|stop",bead,mat,5.0,1,1,0,0,0,0,0,1,0,1,0,5.03,5.00
"cloche|backstop=None,clearance_mm=0.0,drop_speed_mm_s=20.0,lift_mm=10.0,retreat=-30|v10|stop",bead,mat,10.0,1,1,0,0,0,0,0,1,0,1,0,5.04,10.00
"cloche|backstop=None,clearance_mm=0.0,drop_speed_mm_s=20.0,lift_mm=10.0,retreat=-30|v10|stop",bead,mat,15.0,1,0,1,0,0,0,0,1,0,1,0,5.03,3.58
"cloche|backstop=None,clearance_mm=0.0,drop_speed_mm_s=20.0,lift_mm=10.0,retreat=-30|v10|stop",coin_1yen,flooring,0.0,1,1,0,0,0,0,0,1,0,1,0,11.04,0.00
"cloche|backstop=None,clearance_mm=0.0,drop_speed_mm_s=20.0,lift_mm=10.0,retreat=-30|v10|stop",coin_1yen,flooring,5.0,1,1,0,0,0,0,0,1,0,1,0,11.03,5.00
"cloche|backstop=None,clearance_mm=0.0,drop_speed_mm_s=20.0,lift_mm=10.0,retreat=-30|v10|stop",coin_1yen,flooring,10.0,1,0,0,0,0,0,1,1,0,1,0,,
"cloche|backstop=None,clearance_mm=0.0,drop_speed_mm_s=20.0,lift_mm=10.0,retreat=-30|v10|stop",coin_1yen,flooring,15.0,1,0,0,0,0,0,1,1,0,1,0,,
"cloche|backstop=None,clearance_mm=0.0,drop_speed_mm_s=20.0,lift_mm=10.0,retreat=-30|v10|stop",coin_1yen,mat,0.0,1,1,0,0,0,0,0,1,0,1,0,11.04,0.00
"cloche|backstop=None,clearance_mm=0.0,drop_speed_mm_s=20.0,lift_mm=10.0,retreat=-30|v10|stop",coin_1yen,mat,5.0,1,1,0,0,0,0,0,1,0,1,0,11.03,5.00
"cloche|backstop=None,clearance_mm=0.0,drop_speed_mm_s=20.0,lift_mm=10.0,retreat=-30|v10|stop",coin_1yen,mat,10.0,1,0,0,0,0,0,1,1,0,1,0,,
"cloche|backstop=None,clearance_mm=0.0,drop_speed_mm_s=20.0,lift_mm=10.0,retreat=-30|v10|stop",coin_1yen,mat,15.0,1,0,0,0,0,0,1,1,0,1,0,,
"cloche|backstop=None,clearance_mm=0.0,drop_speed_mm_s=20.0,lift_mm=10.0,retreat=-30|v10|stop",crumb_cube,flooring,0.0,1,1,0,0,0,0,0,1,0,1,0,8.10,0.00
"cloche|backstop=None,clearance_mm=0.0,drop_speed_mm_s=20.0,lift_mm=10.0,retreat=-30|v10|stop",crumb_cube,flooring,5.0,1,1,0,0,0,0,0,1,0,1,0,8.11,5.00
"cloche|backstop=None,clearance_mm=0.0,drop_speed_mm_s=20.0,lift_mm=10.0,retreat=-30|v10|stop",crumb_cube,flooring,10.0,1,1,0,0,0,0,0,1,1,0,1,8.11,9.17
"cloche|backstop=None,clearance_mm=0.0,drop_speed_mm_s=20.0,lift_mm=10.0,retreat=-30|v10|stop",crumb_cube,flooring,15.0,1,1,0,0,0,0,0,1,1,0,1,8.11,5.05
"cloche|backstop=None,clearance_mm=0.0,drop_speed_mm_s=20.0,lift_mm=10.0,retreat=-30|v10|stop",crumb_cube,mat,0.0,1,1,0,0,0,0,0,1,0,1,0,8.10,0.00
"cloche|backstop=None,clearance_mm=0.0,drop_speed_mm_s=20.0,lift_mm=10.0,retreat=-30|v10|stop",crumb_cube,mat,5.0,1,1,0,0,0,0,0,1,0,1,0,8.11,5.00
"cloche|backstop=None,clearance_mm=0.0,drop_speed_mm_s=20.0,lift_mm=10.0,retreat=-30|v10|stop",crumb_cube,mat,10.0,1,1,0,0,0,0,0,1,1,0,1,8.11,9.17
"cloche|backstop=None,clearance_mm=0.0,drop_speed_mm_s=20.0,lift_mm=10.0,retreat=-30|v10|stop",crumb_cube,mat,15.0,1,1,0,0,0,0,0,1,1,0,1,8.11,5.05
"cloche|backstop=None,clearance_mm=0.0,drop_speed_mm_s=20.0,lift_mm=10.0,retreat=0|v10|stop",battery_cr2032,flooring,0.0,1,1,0,0,0,0,0,1,0,1,0,11.04,0.01
"cloche|backstop=None,clearance_mm=0.0,drop_speed_mm_s=20.0,lift_mm=10.0,retreat=0|v10|stop",battery_cr2032,flooring,5.0,1,1,0,0,0,0,0,1,0,1,0,11.03,5.00
"cloche|backstop=None,clearance_mm=0.0,drop_speed_mm_s=20.0,lift_mm=10.0,retreat=0|v10|stop",battery_cr2032,flooring,10.0,1,0,0,0,0,0,1,1,0,1,0,,
"cloche|backstop=None,clearance_mm=0.0,drop_speed_mm_s=20.0,lift_mm=10.0,retreat=0|v10|stop",battery_cr2032,flooring,15.0,1,0,0,0,0,1,0,0,0,0,0,,
"cloche|backstop=None,clearance_mm=0.0,drop_speed_mm_s=20.0,lift_mm=10.0,retreat=0|v10|stop",battery_cr2032,mat,0.0,1,1,0,0,0,0,0,1,0,1,0,11.03,0.01
"cloche|backstop=None,clearance_mm=0.0,drop_speed_mm_s=20.0,lift_mm=10.0,retreat=0|v10|stop",battery_cr2032,mat,5.0,1,1,0,0,0,0,0,1,0,1,0,11.03,5.00
"cloche|backstop=None,clearance_mm=0.0,drop_speed_mm_s=20.0,lift_mm=10.0,retreat=0|v10|stop",battery_cr2032,mat,10.0,1,0,0,0,0,0,1,1,0,1,0,,
"cloche|backstop=None,clearance_mm=0.0,drop_speed_mm_s=20.0,lift_mm=10.0,retreat=0|v10|stop",battery_cr2032,mat,15.0,1,0,0,0,0,1,0,0,0,0,0,,
"cloche|backstop=None,clearance_mm=0.0,drop_speed_mm_s=20.0,lift_mm=10.0,retreat=0|v10|stop",bead,flooring,0.0,1,1,0,0,0,0,0,1,0,1,0,5.04,0.00
"cloche|backstop=None,clearance_mm=0.0,drop_speed_mm_s=20.0,lift_mm=10.0,retreat=0|v10|stop",bead,flooring,5.0,1,1,0,0,0,0,0,1,0,1,0,5.03,5.00
"cloche|backstop=None,clearance_mm=0.0,drop_speed_mm_s=20.0,lift_mm=10.0,retreat=0|v10|stop",bead,flooring,10.0,1,1,0,0,0,0,0,1,0,1,0,5.04,10.00
"cloche|backstop=None,clearance_mm=0.0,drop_speed_mm_s=20.0,lift_mm=10.0,retreat=0|v10|stop",bead,flooring,15.0,1,0,1,0,0,0,0,1,0,1,0,5.03,3.44
"cloche|backstop=None,clearance_mm=0.0,drop_speed_mm_s=20.0,lift_mm=10.0,retreat=0|v10|stop",bead,mat,0.0,1,1,0,0,0,0,0,1,0,1,0,5.04,0.00
"cloche|backstop=None,clearance_mm=0.0,drop_speed_mm_s=20.0,lift_mm=10.0,retreat=0|v10|stop",bead,mat,5.0,1,1,0,0,0,0,0,1,0,1,0,5.03,5.00
"cloche|backstop=None,clearance_mm=0.0,drop_speed_mm_s=20.0,lift_mm=10.0,retreat=0|v10|stop",bead,mat,10.0,1,1,0,0,0,0,0,1,0,1,0,5.04,10.00
"cloche|backstop=None,clearance_mm=0.0,drop_speed_mm_s=20.0,lift_mm=10.0,retreat=0|v10|stop",bead,mat,15.0,1,0,1,0,0,0,0,1,0,1,0,5.03,3.58
"cloche|backstop=None,clearance_mm=0.0,drop_speed_mm_s=20.0,lift_mm=10.0,retreat=0|v10|stop",coin_1yen,flooring,0.0,1,1,0,0,0,0,0,1,0,1,0,11.04,0.00
"cloche|backstop=None,clearance_mm=0.0,drop_speed_mm_s=20.0,lift_mm=10.0,retreat=0|v10|stop",coin_1yen,flooring,5.0,1,1,0,0,0,0,0,1,0,1,0,11.03,5.00
"cloche|backstop=None,clearance_mm=0.0,drop_speed_mm_s=20.0,lift_mm=10.0,retreat=0|v10|stop",coin_1yen,flooring,10.0,1,0,0,0,0,0,1,1,0,1,0,,
"cloche|backstop=None,clearance_mm=0.0,drop_speed_mm_s=20.0,lift_mm=10.0,retreat=0|v10|stop",coin_1yen,flooring,15.0,1,0,0,0,0,0,1,1,0,1,0,,
"cloche|backstop=None,clearance_mm=0.0,drop_speed_mm_s=20.0,lift_mm=10.0,retreat=0|v10|stop",coin_1yen,mat,0.0,1,1,0,0,0,0,0,1,0,1,0,11.04,0.00
"cloche|backstop=None,clearance_mm=0.0,drop_speed_mm_s=20.0,lift_mm=10.0,retreat=0|v10|stop",coin_1yen,mat,5.0,1,1,0,0,0,0,0,1,0,1,0,11.03,5.00
"cloche|backstop=None,clearance_mm=0.0,drop_speed_mm_s=20.0,lift_mm=10.0,retreat=0|v10|stop",coin_1yen,mat,10.0,1,0,0,0,0,0,1,1,0,1,0,,
"cloche|backstop=None,clearance_mm=0.0,drop_speed_mm_s=20.0,lift_mm=10.0,retreat=0|v10|stop",coin_1yen,mat,15.0,1,0,0,0,0,0,1,1,0,1,0,,
"cloche|backstop=None,clearance_mm=0.0,drop_speed_mm_s=20.0,lift_mm=10.0,retreat=0|v10|stop",crumb_cube,flooring,0.0,1,1,0,0,0,0,0,1,0,1,0,8.10,0.00
"cloche|backstop=None,clearance_mm=0.0,drop_speed_mm_s=20.0,lift_mm=10.0,retreat=0|v10|stop",crumb_cube,flooring,5.0,1,1,0,0,0,0,0,1,0,1,0,8.11,5.00
"cloche|backstop=None,clearance_mm=0.0,drop_speed_mm_s=20.0,lift_mm=10.0,retreat=0|v10|stop",crumb_cube,flooring,10.0,1,1,0,0,0,0,0,1,1,0,1,8.11,9.17
"cloche|backstop=None,clearance_mm=0.0,drop_speed_mm_s=20.0,lift_mm=10.0,retreat=0|v10|stop",crumb_cube,flooring,15.0,1,1,0,0,0,0,0,1,1,0,1,8.11,5.05
"cloche|backstop=None,clearance_mm=0.0,drop_speed_mm_s=20.0,lift_mm=10.0,retreat=0|v10|stop",crumb_cube,mat,0.0,1,1,0,0,0,0,0,1,0,1,0,8.10,0.00
"cloche|backstop=None,clearance_mm=0.0,drop_speed_mm_s=20.0,lift_mm=10.0,retreat=0|v10|stop",crumb_cube,mat,5.0,1,1,0,0,0,0,0,1,0,1,0,8.11,5.00
"cloche|backstop=None,clearance_mm=0.0,drop_speed_mm_s=20.0,lift_mm=10.0,retreat=0|v10|stop",crumb_cube,mat,10.0,1,1,0,0,0,0,0,1,1,0,1,8.11,9.17
"cloche|backstop=None,clearance_mm=0.0,drop_speed_mm_s=20.0,lift_mm=10.0,retreat=0|v10|stop",crumb_cube,mat,15.0,1,1,0,0,0,0,0,1,1,0,1,8.11,5.05
"cloche|backstop=None,clearance_mm=0.0,drop_speed_mm_s=20.0,lift_mm=10.0,retreat=30|v10|stop",battery_cr2032,flooring,0.0,1,1,0,0,0,0,0,1,0,1,0,11.04,0.01
"cloche|backstop=None,clearance_mm=0.0,drop_speed_mm_s=20.0,lift_mm=10.0,retreat=30|v10|stop",battery_cr2032,flooring,5.0,1,1,0,0,0,0,0,1,0,1,0,11.03,5.00
"cloche|backstop=None,clearance_mm=0.0,drop_speed_mm_s=20.0,lift_mm=10.0,retreat=30|v10|stop",battery_cr2032,flooring,10.0,1,0,0,0,0,0,1,1,0,1,0,,
"cloche|backstop=None,clearance_mm=0.0,drop_speed_mm_s=20.0,lift_mm=10.0,retreat=30|v10|stop",battery_cr2032,flooring,15.0,1,0,0,0,0,1,0,0,0,0,0,,
"cloche|backstop=None,clearance_mm=0.0,drop_speed_mm_s=20.0,lift_mm=10.0,retreat=30|v10|stop",battery_cr2032,mat,0.0,1,1,0,0,0,0,0,1,0,1,0,11.03,0.01
"cloche|backstop=None,clearance_mm=0.0,drop_speed_mm_s=20.0,lift_mm=10.0,retreat=30|v10|stop",battery_cr2032,mat,5.0,1,1,0,0,0,0,0,1,0,1,0,11.03,5.00
"cloche|backstop=None,clearance_mm=0.0,drop_speed_mm_s=20.0,lift_mm=10.0,retreat=30|v10|stop",battery_cr2032,mat,10.0,1,0,0,0,0,0,1,1,0,1,0,,
"cloche|backstop=None,clearance_mm=0.0,drop_speed_mm_s=20.0,lift_mm=10.0,retreat=30|v10|stop",battery_cr2032,mat,15.0,1,0,0,0,0,1,0,0,0,0,0,,
"cloche|backstop=None,clearance_mm=0.0,drop_speed_mm_s=20.0,lift_mm=10.0,retreat=30|v10|stop",bead,flooring,0.0,1,1,0,0,0,0,0,1,0,1,0,5.04,0.00
"cloche|backstop=None,clearance_mm=0.0,drop_speed_mm_s=20.0,lift_mm=10.0,retreat=30|v10|stop",bead,flooring,5.0,1,1,0,0,0,0,0,1,0,1,0,5.03,5.00
"cloche|backstop=None,clearance_mm=0.0,drop_speed_mm_s=20.0,lift_mm=10.0,retreat=30|v10|stop",bead,flooring,10.0,1,1,0,0,0,0,0,1,0,1,0,5.04,10.00
"cloche|backstop=None,clearance_mm=0.0,drop_speed_mm_s=20.0,lift_mm=10.0,retreat=30|v10|stop",bead,flooring,15.0,1,0,1,0,0,0,0,1,0,1,0,5.03,3.44
"cloche|backstop=None,clearance_mm=0.0,drop_speed_mm_s=20.0,lift_mm=10.0,retreat=30|v10|stop",bead,mat,0.0,1,1,0,0,0,0,0,1,0,1,0,5.04,0.00
"cloche|backstop=None,clearance_mm=0.0,drop_speed_mm_s=20.0,lift_mm=10.0,retreat=30|v10|stop",bead,mat,5.0,1,1,0,0,0,0,0,1,0,1,0,5.03,5.00
"cloche|backstop=None,clearance_mm=0.0,drop_speed_mm_s=20.0,lift_mm=10.0,retreat=30|v10|stop",bead,mat,10.0,1,1,0,0,0,0,0,1,0,1,0,5.04,10.00
"cloche|backstop=None,clearance_mm=0.0,drop_speed_mm_s=20.0,lift_mm=10.0,retreat=30|v10|stop",bead,mat,15.0,1,0,1,0,0,0,0,1,0,1,0,5.03,3.58
"cloche|backstop=None,clearance_mm=0.0,drop_speed_mm_s=20.0,lift_mm=10.0,retreat=30|v10|stop",coin_1yen,flooring,0.0,1,1,0,0,0,0,0,1,0,1,0,11.04,0.00
"cloche|backstop=None,clearance_mm=0.0,drop_speed_mm_s=20.0,lift_mm=10.0,retreat=30|v10|stop",coin_1yen,flooring,5.0,1,1,0,0,0,0,0,1,0,1,0,11.03,5.00
"cloche|backstop=None,clearance_mm=0.0,drop_speed_mm_s=20.0,lift_mm=10.0,retreat=30|v10|stop",coin_1yen,flooring,10.0,1,0,0,0,0,0,1,1,0,1,0,,
"cloche|backstop=None,clearance_mm=0.0,drop_speed_mm_s=20.0,lift_mm=10.0,retreat=30|v10|stop",coin_1yen,flooring,15.0,1,0,0,0,0,0,1,1,0,1,0,,
"cloche|backstop=None,clearance_mm=0.0,drop_speed_mm_s=20.0,lift_mm=10.0,retreat=30|v10|stop",coin_1yen,mat,0.0,1,1,0,0,0,0,0,1,0,1,0,11.04,0.00
"cloche|backstop=None,clearance_mm=0.0,drop_speed_mm_s=20.0,lift_mm=10.0,retreat=30|v10|stop",coin_1yen,mat,5.0,1,1,0,0,0,0,0,1,0,1,0,11.03,5.00
"cloche|backstop=None,clearance_mm=0.0,drop_speed_mm_s=20.0,lift_mm=10.0,retreat=30|v10|stop",coin_1yen,mat,10.0,1,0,0,0,0,0,1,1,0,1,0,,
"cloche|backstop=None,clearance_mm=0.0,drop_speed_mm_s=20.0,lift_mm=10.0,retreat=30|v10|stop",coin_1yen,mat,15.0,1,0,0,0,0,0,1,1,0,1,0,,
"cloche|backstop=None,clearance_mm=0.0,drop_speed_mm_s=20.0,lift_mm=10.0,retreat=30|v10|stop",crumb_cube,flooring,0.0,1,1,0,0,0,0,0,1,0,1,0,8.10,0.00
"cloche|backstop=None,clearance_mm=0.0,drop_speed_mm_s=20.0,lift_mm=10.0,retreat=30|v10|stop",crumb_cube,flooring,5.0,1,1,0,0,0,0,0,1,0,1,0,8.11,5.00
"cloche|backstop=None,clearance_mm=0.0,drop_speed_mm_s=20.0,lift_mm=10.0,retreat=30|v10|stop",crumb_cube,flooring,10.0,1,1,0,0,0,0,0,1,1,0,1,8.11,9.17
"cloche|backstop=None,clearance_mm=0.0,drop_speed_mm_s=20.0,lift_mm=10.0,retreat=30|v10|stop",crumb_cube,flooring,15.0,1,1,0,0,0,0,0,1,1,0,1,8.11,5.05
"cloche|backstop=None,clearance_mm=0.0,drop_speed_mm_s=20.0,lift_mm=10.0,retreat=30|v10|stop",crumb_cube,mat,0.0,1,1,0,0,0,0,0,1,0,1,0,8.10,0.00
"cloche|backstop=None,clearance_mm=0.0,drop_speed_mm_s=20.0,lift_mm=10.0,retreat=30|v10|stop",crumb_cube,mat,5.0,1,1,0,0,0,0,0,1,0,1,0,8.11,5.00
"cloche|backstop=None,clearance_mm=0.0,drop_speed_mm_s=20.0,lift_mm=10.0,retreat=30|v10|stop",crumb_cube,mat,10.0,1,1,0,0,0,0,0,1,1,0,1,8.11,9.17
"cloche|backstop=None,clearance_mm=0.0,drop_speed_mm_s=20.0,lift_mm=10.0,retreat=30|v10|stop",crumb_cube,mat,15.0,1,1,0,0,0,0,0,1,1,0,1,8.11,5.05
"cloche|backstop=None,clearance_mm=0.0,drop_speed_mm_s=20.0,lift_mm=3.0,retreat=-30|v10|stop",battery_cr2032,flooring,0.0,1,1,0,0,0,0,0,1,0,1,0,11.04,0.01
"cloche|backstop=None,clearance_mm=0.0,drop_speed_mm_s=20.0,lift_mm=3.0,retreat=-30|v10|stop",battery_cr2032,flooring,5.0,1,1,0,0,0,0,0,1,0,1,0,11.03,5.00
"cloche|backstop=None,clearance_mm=0.0,drop_speed_mm_s=20.0,lift_mm=3.0,retreat=-30|v10|stop",battery_cr2032,flooring,10.0,1,1,0,0,0,0,0,1,1,0,1,11.04,5.00
"cloche|backstop=None,clearance_mm=0.0,drop_speed_mm_s=20.0,lift_mm=3.0,retreat=-30|v10|stop",battery_cr2032,flooring,15.0,1,1,0,0,0,0,0,1,1,0,1,11.04,5.00
"cloche|backstop=None,clearance_mm=0.0,drop_speed_mm_s=20.0,lift_mm=3.0,retreat=-30|v10|stop",battery_cr2032,mat,0.0,1,1,0,0,0,0,0,1,0,1,0,11.03,0.01
"cloche|backstop=None,clearance_mm=0.0,drop_speed_mm_s=20.0,lift_mm=3.0,retreat=-30|v10|stop",battery_cr2032,mat,5.0,1,1,0,0,0,0,0,1,0,1,0,11.03,5.00
"cloche|backstop=None,clearance_mm=0.0,drop_speed_mm_s=20.0,lift_mm=3.0,retreat=-30|v10|stop",battery_cr2032,mat,10.0,1,1,0,0,0,0,0,1,1,0,1,11.03,5.00
"cloche|backstop=None,clearance_mm=0.0,drop_speed_mm_s=20.0,lift_mm=3.0,retreat=-30|v10|stop",battery_cr2032,mat,15.0,1,1,0,0,0,0,0,1,1,0,1,11.04,5.00
"cloche|backstop=None,clearance_mm=0.0,drop_speed_mm_s=20.0,lift_mm=3.0,retreat=-30|v10|stop",bead,flooring,0.0,1,1,0,0,0,0,0,1,0,1,0,5.04,0.00
"cloche|backstop=None,clearance_mm=0.0,drop_speed_mm_s=20.0,lift_mm=3.0,retreat=-30|v10|stop",bead,flooring,5.0,1,1,0,0,0,0,0,1,0,1,0,5.03,5.00
"cloche|backstop=None,clearance_mm=0.0,drop_speed_mm_s=20.0,lift_mm=3.0,retreat=-30|v10|stop",bead,flooring,10.0,1,1,0,0,0,0,0,1,0,1,0,5.04,10.00
"cloche|backstop=None,clearance_mm=0.0,drop_speed_mm_s=20.0,lift_mm=3.0,retreat=-30|v10|stop",bead,flooring,15.0,1,1,0,0,0,0,0,1,1,0,1,5.01,10.45
"cloche|backstop=None,clearance_mm=0.0,drop_speed_mm_s=20.0,lift_mm=3.0,retreat=-30|v10|stop",bead,mat,0.0,1,1,0,0,0,0,0,1,0,1,0,5.04,0.00
"cloche|backstop=None,clearance_mm=0.0,drop_speed_mm_s=20.0,lift_mm=3.0,retreat=-30|v10|stop",bead,mat,5.0,1,1,0,0,0,0,0,1,0,1,0,5.03,5.00
"cloche|backstop=None,clearance_mm=0.0,drop_speed_mm_s=20.0,lift_mm=3.0,retreat=-30|v10|stop",bead,mat,10.0,1,1,0,0,0,0,0,1,0,1,0,5.04,10.00
"cloche|backstop=None,clearance_mm=0.0,drop_speed_mm_s=20.0,lift_mm=3.0,retreat=-30|v10|stop",bead,mat,15.0,1,1,0,0,0,0,0,1,1,0,1,4.75,8.90
"cloche|backstop=None,clearance_mm=0.0,drop_speed_mm_s=20.0,lift_mm=3.0,retreat=-30|v10|stop",coin_1yen,flooring,0.0,1,1,0,0,0,0,0,1,0,1,0,11.04,0.00
"cloche|backstop=None,clearance_mm=0.0,drop_speed_mm_s=20.0,lift_mm=3.0,retreat=-30|v10|stop",coin_1yen,flooring,5.0,1,1,0,0,0,0,0,1,0,1,0,11.03,5.00
"cloche|backstop=None,clearance_mm=0.0,drop_speed_mm_s=20.0,lift_mm=3.0,retreat=-30|v10|stop",coin_1yen,flooring,10.0,1,0,0,0,0,0,1,1,0,1,0,,
"cloche|backstop=None,clearance_mm=0.0,drop_speed_mm_s=20.0,lift_mm=3.0,retreat=-30|v10|stop",coin_1yen,flooring,15.0,1,0,0,0,0,0,1,1,0,1,0,,
"cloche|backstop=None,clearance_mm=0.0,drop_speed_mm_s=20.0,lift_mm=3.0,retreat=-30|v10|stop",coin_1yen,mat,0.0,1,1,0,0,0,0,0,1,0,1,0,11.04,0.00
"cloche|backstop=None,clearance_mm=0.0,drop_speed_mm_s=20.0,lift_mm=3.0,retreat=-30|v10|stop",coin_1yen,mat,5.0,1,1,0,0,0,0,0,1,0,1,0,11.03,5.00
"cloche|backstop=None,clearance_mm=0.0,drop_speed_mm_s=20.0,lift_mm=3.0,retreat=-30|v10|stop",coin_1yen,mat,10.0,1,0,0,0,0,0,1,1,0,1,0,,
"cloche|backstop=None,clearance_mm=0.0,drop_speed_mm_s=20.0,lift_mm=3.0,retreat=-30|v10|stop",coin_1yen,mat,15.0,1,0,0,0,0,0,1,1,0,1,0,,
"cloche|backstop=None,clearance_mm=0.0,drop_speed_mm_s=20.0,lift_mm=3.0,retreat=-30|v10|stop",crumb_cube,flooring,0.0,1,1,0,0,0,0,0,1,0,1,0,8.10,0.00
"cloche|backstop=None,clearance_mm=0.0,drop_speed_mm_s=20.0,lift_mm=3.0,retreat=-30|v10|stop",crumb_cube,flooring,5.0,1,1,0,0,0,0,0,1,0,1,0,8.11,5.00
"cloche|backstop=None,clearance_mm=0.0,drop_speed_mm_s=20.0,lift_mm=3.0,retreat=-30|v10|stop",crumb_cube,flooring,10.0,1,1,0,0,0,0,0,1,1,0,1,8.11,8.93
"cloche|backstop=None,clearance_mm=0.0,drop_speed_mm_s=20.0,lift_mm=3.0,retreat=-30|v10|stop",crumb_cube,flooring,15.0,1,1,0,0,0,0,0,1,1,0,1,8.10,9.11
"cloche|backstop=None,clearance_mm=0.0,drop_speed_mm_s=20.0,lift_mm=3.0,retreat=-30|v10|stop",crumb_cube,mat,0.0,1,1,0,0,0,0,0,1,0,1,0,8.10,0.00
"cloche|backstop=None,clearance_mm=0.0,drop_speed_mm_s=20.0,lift_mm=3.0,retreat=-30|v10|stop",crumb_cube,mat,5.0,1,1,0,0,0,0,0,1,0,1,0,8.11,5.00
"cloche|backstop=None,clearance_mm=0.0,drop_speed_mm_s=20.0,lift_mm=3.0,retreat=-30|v10|stop",crumb_cube,mat,10.0,1,1,0,0,0,0,0,1,1,0,1,8.11,8.93
"cloche|backstop=None,clearance_mm=0.0,drop_speed_mm_s=20.0,lift_mm=3.0,retreat=-30|v10|stop",crumb_cube,mat,15.0,1,1,0,0,0,0,0,1,1,0,1,8.10,9.11
"cloche|backstop=None,clearance_mm=0.0,drop_speed_mm_s=20.0,lift_mm=3.0,retreat=0|v10|stop",battery_cr2032,flooring,0.0,1,1,0,0,0,0,0,1,0,1,0,11.04,0.01
"cloche|backstop=None,clearance_mm=0.0,drop_speed_mm_s=20.0,lift_mm=3.0,retreat=0|v10|stop",battery_cr2032,flooring,5.0,1,1,0,0,0,0,0,1,0,1,0,11.03,5.00
"cloche|backstop=None,clearance_mm=0.0,drop_speed_mm_s=20.0,lift_mm=3.0,retreat=0|v10|stop",battery_cr2032,flooring,10.0,1,1,0,0,0,0,0,1,1,0,1,11.04,5.00
"cloche|backstop=None,clearance_mm=0.0,drop_speed_mm_s=20.0,lift_mm=3.0,retreat=0|v10|stop",battery_cr2032,flooring,15.0,1,1,0,0,0,0,0,1,1,0,1,11.04,5.00
"cloche|backstop=None,clearance_mm=0.0,drop_speed_mm_s=20.0,lift_mm=3.0,retreat=0|v10|stop",battery_cr2032,mat,0.0,1,1,0,0,0,0,0,1,0,1,0,11.03,0.01
"cloche|backstop=None,clearance_mm=0.0,drop_speed_mm_s=20.0,lift_mm=3.0,retreat=0|v10|stop",battery_cr2032,mat,5.0,1,1,0,0,0,0,0,1,0,1,0,11.03,5.00
"cloche|backstop=None,clearance_mm=0.0,drop_speed_mm_s=20.0,lift_mm=3.0,retreat=0|v10|stop",battery_cr2032,mat,10.0,1,1,0,0,0,0,0,1,1,0,1,11.03,5.00
"cloche|backstop=None,clearance_mm=0.0,drop_speed_mm_s=20.0,lift_mm=3.0,retreat=0|v10|stop",battery_cr2032,mat,15.0,1,1,0,0,0,0,0,1,1,0,1,11.04,5.00
"cloche|backstop=None,clearance_mm=0.0,drop_speed_mm_s=20.0,lift_mm=3.0,retreat=0|v10|stop",bead,flooring,0.0,1,1,0,0,0,0,0,1,0,1,0,5.04,0.00
"cloche|backstop=None,clearance_mm=0.0,drop_speed_mm_s=20.0,lift_mm=3.0,retreat=0|v10|stop",bead,flooring,5.0,1,1,0,0,0,0,0,1,0,1,0,5.03,5.00
"cloche|backstop=None,clearance_mm=0.0,drop_speed_mm_s=20.0,lift_mm=3.0,retreat=0|v10|stop",bead,flooring,10.0,1,1,0,0,0,0,0,1,0,1,0,5.04,10.00
"cloche|backstop=None,clearance_mm=0.0,drop_speed_mm_s=20.0,lift_mm=3.0,retreat=0|v10|stop",bead,flooring,15.0,1,1,0,0,0,0,0,1,1,0,1,5.01,10.45
"cloche|backstop=None,clearance_mm=0.0,drop_speed_mm_s=20.0,lift_mm=3.0,retreat=0|v10|stop",bead,mat,0.0,1,1,0,0,0,0,0,1,0,1,0,5.04,0.00
"cloche|backstop=None,clearance_mm=0.0,drop_speed_mm_s=20.0,lift_mm=3.0,retreat=0|v10|stop",bead,mat,5.0,1,1,0,0,0,0,0,1,0,1,0,5.03,5.00
"cloche|backstop=None,clearance_mm=0.0,drop_speed_mm_s=20.0,lift_mm=3.0,retreat=0|v10|stop",bead,mat,10.0,1,1,0,0,0,0,0,1,0,1,0,5.04,10.00
"cloche|backstop=None,clearance_mm=0.0,drop_speed_mm_s=20.0,lift_mm=3.0,retreat=0|v10|stop",bead,mat,15.0,1,1,0,0,0,0,0,1,1,0,1,4.75,8.90
"cloche|backstop=None,clearance_mm=0.0,drop_speed_mm_s=20.0,lift_mm=3.0,retreat=0|v10|stop",coin_1yen,flooring,0.0,1,1,0,0,0,0,0,1,0,1,0,11.04,0.00
"cloche|backstop=None,clearance_mm=0.0,drop_speed_mm_s=20.0,lift_mm=3.0,retreat=0|v10|stop",coin_1yen,flooring,5.0,1,1,0,0,0,0,0,1,0,1,0,11.03,5.00
"cloche|backstop=None,clearance_mm=0.0,drop_speed_mm_s=20.0,lift_mm=3.0,retreat=0|v10|stop",coin_1yen,flooring,10.0,1,0,0,0,0,0,1,1,0,1,0,,
"cloche|backstop=None,clearance_mm=0.0,drop_speed_mm_s=20.0,lift_mm=3.0,retreat=0|v10|stop",coin_1yen,flooring,15.0,1,0,0,0,0,0,1,1,0,1,0,,
"cloche|backstop=None,clearance_mm=0.0,drop_speed_mm_s=20.0,lift_mm=3.0,retreat=0|v10|stop",coin_1yen,mat,0.0,1,1,0,0,0,0,0,1,0,1,0,11.04,0.00
"cloche|backstop=None,clearance_mm=0.0,drop_speed_mm_s=20.0,lift_mm=3.0,retreat=0|v10|stop",coin_1yen,mat,5.0,1,1,0,0,0,0,0,1,0,1,0,11.03,5.00
"cloche|backstop=None,clearance_mm=0.0,drop_speed_mm_s=20.0,lift_mm=3.0,retreat=0|v10|stop",coin_1yen,mat,10.0,1,0,0,0,0,0,1,1,0,1,0,,
"cloche|backstop=None,clearance_mm=0.0,drop_speed_mm_s=20.0,lift_mm=3.0,retreat=0|v10|stop",coin_1yen,mat,15.0,1,0,0,0,0,0,1,1,0,1,0,,
"cloche|backstop=None,clearance_mm=0.0,drop_speed_mm_s=20.0,lift_mm=3.0,retreat=0|v10|stop",crumb_cube,flooring,0.0,1,1,0,0,0,0,0,1,0,1,0,8.10,0.00
"cloche|backstop=None,clearance_mm=0.0,drop_speed_mm_s=20.0,lift_mm=3.0,retreat=0|v10|stop",crumb_cube,flooring,5.0,1,1,0,0,0,0,0,1,0,1,0,8.11,5.00
"cloche|backstop=None,clearance_mm=0.0,drop_speed_mm_s=20.0,lift_mm=3.0,retreat=0|v10|stop",crumb_cube,flooring,10.0,1,1,0,0,0,0,0,1,1,0,1,8.11,8.93
"cloche|backstop=None,clearance_mm=0.0,drop_speed_mm_s=20.0,lift_mm=3.0,retreat=0|v10|stop",crumb_cube,flooring,15.0,1,1,0,0,0,0,0,1,1,0,1,8.10,9.11
"cloche|backstop=None,clearance_mm=0.0,drop_speed_mm_s=20.0,lift_mm=3.0,retreat=0|v10|stop",crumb_cube,mat,0.0,1,1,0,0,0,0,0,1,0,1,0,8.10,0.00
"cloche|backstop=None,clearance_mm=0.0,drop_speed_mm_s=20.0,lift_mm=3.0,retreat=0|v10|stop",crumb_cube,mat,5.0,1,1,0,0,0,0,0,1,0,1,0,8.11,5.00
"cloche|backstop=None,clearance_mm=0.0,drop_speed_mm_s=20.0,lift_mm=3.0,retreat=0|v10|stop",crumb_cube,mat,10.0,1,1,0,0,0,0,0,1,1,0,1,8.11,8.93
"cloche|backstop=None,clearance_mm=0.0,drop_speed_mm_s=20.0,lift_mm=3.0,retreat=0|v10|stop",crumb_cube,mat,15.0,1,1,0,0,0,0,0,1,1,0,1,8.10,9.11
"cloche|backstop=None,clearance_mm=0.0,drop_speed_mm_s=20.0,lift_mm=3.0,retreat=30|v10|stop",battery_cr2032,flooring,0.0,1,1,0,0,0,0,0,1,0,1,0,11.04,0.01
"cloche|backstop=None,clearance_mm=0.0,drop_speed_mm_s=20.0,lift_mm=3.0,retreat=30|v10|stop",battery_cr2032,flooring,5.0,1,1,0,0,0,0,0,1,0,1,0,11.03,5.00
"cloche|backstop=None,clearance_mm=0.0,drop_speed_mm_s=20.0,lift_mm=3.0,retreat=30|v10|stop",battery_cr2032,flooring,10.0,1,1,0,0,0,0,0,1,1,0,1,11.04,5.00
"cloche|backstop=None,clearance_mm=0.0,drop_speed_mm_s=20.0,lift_mm=3.0,retreat=30|v10|stop",battery_cr2032,flooring,15.0,1,1,0,0,0,0,0,1,1,0,1,11.04,5.00
"cloche|backstop=None,clearance_mm=0.0,drop_speed_mm_s=20.0,lift_mm=3.0,retreat=30|v10|stop",battery_cr2032,mat,0.0,1,1,0,0,0,0,0,1,0,1,0,11.03,0.01
"cloche|backstop=None,clearance_mm=0.0,drop_speed_mm_s=20.0,lift_mm=3.0,retreat=30|v10|stop",battery_cr2032,mat,5.0,1,1,0,0,0,0,0,1,0,1,0,11.03,5.00
"cloche|backstop=None,clearance_mm=0.0,drop_speed_mm_s=20.0,lift_mm=3.0,retreat=30|v10|stop",battery_cr2032,mat,10.0,1,1,0,0,0,0,0,1,1,0,1,11.03,5.00
"cloche|backstop=None,clearance_mm=0.0,drop_speed_mm_s=20.0,lift_mm=3.0,retreat=30|v10|stop",battery_cr2032,mat,15.0,1,1,0,0,0,0,0,1,1,0,1,11.04,5.00
"cloche|backstop=None,clearance_mm=0.0,drop_speed_mm_s=20.0,lift_mm=3.0,retreat=30|v10|stop",bead,flooring,0.0,1,1,0,0,0,0,0,1,0,1,0,5.04,0.00
"cloche|backstop=None,clearance_mm=0.0,drop_speed_mm_s=20.0,lift_mm=3.0,retreat=30|v10|stop",bead,flooring,5.0,1,1,0,0,0,0,0,1,0,1,0,5.03,5.00
"cloche|backstop=None,clearance_mm=0.0,drop_speed_mm_s=20.0,lift_mm=3.0,retreat=30|v10|stop",bead,flooring,10.0,1,1,0,0,0,0,0,1,0,1,0,5.04,10.00
"cloche|backstop=None,clearance_mm=0.0,drop_speed_mm_s=20.0,lift_mm=3.0,retreat=30|v10|stop",bead,flooring,15.0,1,1,0,0,0,0,0,1,1,0,1,5.01,10.45
"cloche|backstop=None,clearance_mm=0.0,drop_speed_mm_s=20.0,lift_mm=3.0,retreat=30|v10|stop",bead,mat,0.0,1,1,0,0,0,0,0,1,0,1,0,5.04,0.00
"cloche|backstop=None,clearance_mm=0.0,drop_speed_mm_s=20.0,lift_mm=3.0,retreat=30|v10|stop",bead,mat,5.0,1,1,0,0,0,0,0,1,0,1,0,5.03,5.00
"cloche|backstop=None,clearance_mm=0.0,drop_speed_mm_s=20.0,lift_mm=3.0,retreat=30|v10|stop",bead,mat,10.0,1,1,0,0,0,0,0,1,0,1,0,5.04,10.00
"cloche|backstop=None,clearance_mm=0.0,drop_speed_mm_s=20.0,lift_mm=3.0,retreat=30|v10|stop",bead,mat,15.0,1,1,0,0,0,0,0,1,1,0,1,4.75,8.90
"cloche|backstop=None,clearance_mm=0.0,drop_speed_mm_s=20.0,lift_mm=3.0,retreat=30|v10|stop",coin_1yen,flooring,0.0,1,1,0,0,0,0,0,1,0,1,0,11.04,0.00
"cloche|backstop=None,clearance_mm=0.0,drop_speed_mm_s=20.0,lift_mm=3.0,retreat=30|v10|stop",coin_1yen,flooring,5.0,1,1,0,0,0,0,0,1,0,1,0,11.03,5.00
"cloche|backstop=None,clearance_mm=0.0,drop_speed_mm_s=20.0,lift_mm=3.0,retreat=30|v10|stop",coin_1yen,flooring,10.0,1,0,0,0,0,0,1,1,0,1,0,,
"cloche|backstop=None,clearance_mm=0.0,drop_speed_mm_s=20.0,lift_mm=3.0,retreat=30|v10|stop",coin_1yen,flooring,15.0,1,0,0,0,0,0,1,1,0,1,0,,
"cloche|backstop=None,clearance_mm=0.0,drop_speed_mm_s=20.0,lift_mm=3.0,retreat=30|v10|stop",coin_1yen,mat,0.0,1,1,0,0,0,0,0,1,0,1,0,11.04,0.00
"cloche|backstop=None,clearance_mm=0.0,drop_speed_mm_s=20.0,lift_mm=3.0,retreat=30|v10|stop",coin_1yen,mat,5.0,1,1,0,0,0,0,0,1,0,1,0,11.03,5.00
"cloche|backstop=None,clearance_mm=0.0,drop_speed_mm_s=20.0,lift_mm=3.0,retreat=30|v10|stop",coin_1yen,mat,10.0,1,0,0,0,0,0,1,1,0,1,0,,
"cloche|backstop=None,clearance_mm=0.0,drop_speed_mm_s=20.0,lift_mm=3.0,retreat=30|v10|stop",coin_1yen,mat,15.0,1,0,0,0,0,0,1,1,0,1,0,,
"cloche|backstop=None,clearance_mm=0.0,drop_speed_mm_s=20.0,lift_mm=3.0,retreat=30|v10|stop",crumb_cube,flooring,0.0,1,1,0,0,0,0,0,1,0,1,0,8.10,0.00
"cloche|backstop=None,clearance_mm=0.0,drop_speed_mm_s=20.0,lift_mm=3.0,retreat=30|v10|stop",crumb_cube,flooring,5.0,1,1,0,0,0,0,0,1,0,1,0,8.11,5.00
"cloche|backstop=None,clearance_mm=0.0,drop_speed_mm_s=20.0,lift_mm=3.0,retreat=30|v10|stop",crumb_cube,flooring,10.0,1,1,0,0,0,0,0,1,1,0,1,8.11,8.93
"cloche|backstop=None,clearance_mm=0.0,drop_speed_mm_s=20.0,lift_mm=3.0,retreat=30|v10|stop",crumb_cube,flooring,15.0,1,1,0,0,0,0,0,1,1,0,1,8.10,9.11
"cloche|backstop=None,clearance_mm=0.0,drop_speed_mm_s=20.0,lift_mm=3.0,retreat=30|v10|stop",crumb_cube,mat,0.0,1,1,0,0,0,0,0,1,0,1,0,8.10,0.00
"cloche|backstop=None,clearance_mm=0.0,drop_speed_mm_s=20.0,lift_mm=3.0,retreat=30|v10|stop",crumb_cube,mat,5.0,1,1,0,0,0,0,0,1,0,1,0,8.11,5.00
"cloche|backstop=None,clearance_mm=0.0,drop_speed_mm_s=20.0,lift_mm=3.0,retreat=30|v10|stop",crumb_cube,mat,10.0,1,1,0,0,0,0,0,1,1,0,1,8.11,8.93
"cloche|backstop=None,clearance_mm=0.0,drop_speed_mm_s=20.0,lift_mm=3.0,retreat=30|v10|stop",crumb_cube,mat,15.0,1,1,0,0,0,0,0,1,1,0,1,8.10,9.11
"cloche|backstop=None,clearance_mm=0.0,drop_speed_mm_s=20.0,lift_mm=5.0,retreat=-30|v10|stop",battery_cr2032,flooring,0.0,1,1,0,0,0,0,0,1,0,1,0,11.04,0.01
"cloche|backstop=None,clearance_mm=0.0,drop_speed_mm_s=20.0,lift_mm=5.0,retreat=-30|v10|stop",battery_cr2032,flooring,5.0,1,1,0,0,0,0,0,1,0,1,0,11.03,5.00
"cloche|backstop=None,clearance_mm=0.0,drop_speed_mm_s=20.0,lift_mm=5.0,retreat=-30|v10|stop",battery_cr2032,flooring,10.0,1,0,0,0,0,0,1,1,0,1,0,,
"cloche|backstop=None,clearance_mm=0.0,drop_speed_mm_s=20.0,lift_mm=5.0,retreat=-30|v10|stop",battery_cr2032,flooring,15.0,1,0,0,0,0,1,0,0,0,0,0,,
"cloche|backstop=None,clearance_mm=0.0,drop_speed_mm_s=20.0,lift_mm=5.0,retreat=-30|v10|stop",battery_cr2032,mat,0.0,1,1,0,0,0,0,0,1,0,1,0,11.03,0.01
"cloche|backstop=None,clearance_mm=0.0,drop_speed_mm_s=20.0,lift_mm=5.0,retreat=-30|v10|stop",battery_cr2032,mat,5.0,1,1,0,0,0,0,0,1,0,1,0,11.03,5.00
"cloche|backstop=None,clearance_mm=0.0,drop_speed_mm_s=20.0,lift_mm=5.0,retreat=-30|v10|stop",battery_cr2032,mat,10.0,1,0,0,0,0,0,1,1,0,1,0,,
"cloche|backstop=None,clearance_mm=0.0,drop_speed_mm_s=20.0,lift_mm=5.0,retreat=-30|v10|stop",battery_cr2032,mat,15.0,1,0,0,0,0,1,0,0,0,0,0,,
"cloche|backstop=None,clearance_mm=0.0,drop_speed_mm_s=20.0,lift_mm=5.0,retreat=-30|v10|stop",bead,flooring,0.0,1,1,0,0,0,0,0,1,0,1,0,5.04,0.00
"cloche|backstop=None,clearance_mm=0.0,drop_speed_mm_s=20.0,lift_mm=5.0,retreat=-30|v10|stop",bead,flooring,5.0,1,1,0,0,0,0,0,1,0,1,0,5.03,5.00
"cloche|backstop=None,clearance_mm=0.0,drop_speed_mm_s=20.0,lift_mm=5.0,retreat=-30|v10|stop",bead,flooring,10.0,1,1,0,0,0,0,0,1,0,1,0,5.04,10.00
"cloche|backstop=None,clearance_mm=0.0,drop_speed_mm_s=20.0,lift_mm=5.0,retreat=-30|v10|stop",bead,flooring,15.0,1,1,0,0,0,0,0,1,1,0,1,5.00,10.57
"cloche|backstop=None,clearance_mm=0.0,drop_speed_mm_s=20.0,lift_mm=5.0,retreat=-30|v10|stop",bead,mat,0.0,1,1,0,0,0,0,0,1,0,1,0,5.04,0.00
"cloche|backstop=None,clearance_mm=0.0,drop_speed_mm_s=20.0,lift_mm=5.0,retreat=-30|v10|stop",bead,mat,5.0,1,1,0,0,0,0,0,1,0,1,0,5.03,5.00
"cloche|backstop=None,clearance_mm=0.0,drop_speed_mm_s=20.0,lift_mm=5.0,retreat=-30|v10|stop",bead,mat,10.0,1,1,0,0,0,0,0,1,0,1,0,5.04,10.00
"cloche|backstop=None,clearance_mm=0.0,drop_speed_mm_s=20.0,lift_mm=5.0,retreat=-30|v10|stop",bead,mat,15.0,1,1,0,0,0,0,0,1,1,0,1,4.57,8.44
"cloche|backstop=None,clearance_mm=0.0,drop_speed_mm_s=20.0,lift_mm=5.0,retreat=-30|v10|stop",coin_1yen,flooring,0.0,1,1,0,0,0,0,0,1,0,1,0,11.04,0.00
"cloche|backstop=None,clearance_mm=0.0,drop_speed_mm_s=20.0,lift_mm=5.0,retreat=-30|v10|stop",coin_1yen,flooring,5.0,1,1,0,0,0,0,0,1,0,1,0,11.03,5.00
"cloche|backstop=None,clearance_mm=0.0,drop_speed_mm_s=20.0,lift_mm=5.0,retreat=-30|v10|stop",coin_1yen,flooring,10.0,1,0,0,0,0,0,1,1,0,1,0,,
"cloche|backstop=None,clearance_mm=0.0,drop_speed_mm_s=20.0,lift_mm=5.0,retreat=-30|v10|stop",coin_1yen,flooring,15.0,1,0,0,0,0,0,1,1,0,1,0,,
"cloche|backstop=None,clearance_mm=0.0,drop_speed_mm_s=20.0,lift_mm=5.0,retreat=-30|v10|stop",coin_1yen,mat,0.0,1,1,0,0,0,0,0,1,0,1,0,11.04,0.00
"cloche|backstop=None,clearance_mm=0.0,drop_speed_mm_s=20.0,lift_mm=5.0,retreat=-30|v10|stop",coin_1yen,mat,5.0,1,1,0,0,0,0,0,1,0,1,0,11.03,5.00
"cloche|backstop=None,clearance_mm=0.0,drop_speed_mm_s=20.0,lift_mm=5.0,retreat=-30|v10|stop",coin_1yen,mat,10.0,1,0,0,0,0,0,1,1,0,1,0,,
"cloche|backstop=None,clearance_mm=0.0,drop_speed_mm_s=20.0,lift_mm=5.0,retreat=-30|v10|stop",coin_1yen,mat,15.0,1,0,0,0,0,0,1,1,0,1,0,,
"cloche|backstop=None,clearance_mm=0.0,drop_speed_mm_s=20.0,lift_mm=5.0,retreat=-30|v10|stop",crumb_cube,flooring,0.0,1,1,0,0,0,0,0,1,0,1,0,8.10,0.00
"cloche|backstop=None,clearance_mm=0.0,drop_speed_mm_s=20.0,lift_mm=5.0,retreat=-30|v10|stop",crumb_cube,flooring,5.0,1,1,0,0,0,0,0,1,0,1,0,8.11,5.00
"cloche|backstop=None,clearance_mm=0.0,drop_speed_mm_s=20.0,lift_mm=5.0,retreat=-30|v10|stop",crumb_cube,flooring,10.0,1,1,0,0,0,0,0,1,1,0,1,8.10,8.99
"cloche|backstop=None,clearance_mm=0.0,drop_speed_mm_s=20.0,lift_mm=5.0,retreat=-30|v10|stop",crumb_cube,flooring,15.0,1,1,0,0,0,0,0,1,1,0,1,8.10,9.23
"cloche|backstop=None,clearance_mm=0.0,drop_speed_mm_s=20.0,lift_mm=5.0,retreat=-30|v10|stop",crumb_cube,mat,0.0,1,1,0,0,0,0,0,1,0,1,0,8.10,0.00
"cloche|backstop=None,clearance_mm=0.0,drop_speed_mm_s=20.0,lift_mm=5.0,retreat=-30|v10|stop",crumb_cube,mat,5.0,1,1,0,0,0,0,0,1,0,1,0,8.11,5.00
"cloche|backstop=None,clearance_mm=0.0,drop_speed_mm_s=20.0,lift_mm=5.0,retreat=-30|v10|stop",crumb_cube,mat,10.0,1,1,0,0,0,0,0,1,1,0,1,8.10,8.99
"cloche|backstop=None,clearance_mm=0.0,drop_speed_mm_s=20.0,lift_mm=5.0,retreat=-30|v10|stop",crumb_cube,mat,15.0,1,1,0,0,0,0,0,1,1,0,1,8.10,9.23
"cloche|backstop=None,clearance_mm=0.0,drop_speed_mm_s=20.0,lift_mm=5.0,retreat=0|v10|stop",battery_cr2032,flooring,0.0,1,1,0,0,0,0,0,1,0,1,0,11.04,0.01
"cloche|backstop=None,clearance_mm=0.0,drop_speed_mm_s=20.0,lift_mm=5.0,retreat=0|v10|stop",battery_cr2032,flooring,5.0,1,1,0,0,0,0,0,1,0,1,0,11.03,5.00
"cloche|backstop=None,clearance_mm=0.0,drop_speed_mm_s=20.0,lift_mm=5.0,retreat=0|v10|stop",battery_cr2032,flooring,10.0,1,0,0,0,0,0,1,1,0,1,0,,
"cloche|backstop=None,clearance_mm=0.0,drop_speed_mm_s=20.0,lift_mm=5.0,retreat=0|v10|stop",battery_cr2032,flooring,15.0,1,0,0,0,0,1,0,0,0,0,0,,
"cloche|backstop=None,clearance_mm=0.0,drop_speed_mm_s=20.0,lift_mm=5.0,retreat=0|v10|stop",battery_cr2032,mat,0.0,1,1,0,0,0,0,0,1,0,1,0,11.03,0.01
"cloche|backstop=None,clearance_mm=0.0,drop_speed_mm_s=20.0,lift_mm=5.0,retreat=0|v10|stop",battery_cr2032,mat,5.0,1,1,0,0,0,0,0,1,0,1,0,11.03,5.00
"cloche|backstop=None,clearance_mm=0.0,drop_speed_mm_s=20.0,lift_mm=5.0,retreat=0|v10|stop",battery_cr2032,mat,10.0,1,0,0,0,0,0,1,1,0,1,0,,
"cloche|backstop=None,clearance_mm=0.0,drop_speed_mm_s=20.0,lift_mm=5.0,retreat=0|v10|stop",battery_cr2032,mat,15.0,1,0,0,0,0,1,0,0,0,0,0,,
"cloche|backstop=None,clearance_mm=0.0,drop_speed_mm_s=20.0,lift_mm=5.0,retreat=0|v10|stop",bead,flooring,0.0,1,1,0,0,0,0,0,1,0,1,0,5.04,0.00
"cloche|backstop=None,clearance_mm=0.0,drop_speed_mm_s=20.0,lift_mm=5.0,retreat=0|v10|stop",bead,flooring,5.0,1,1,0,0,0,0,0,1,0,1,0,5.03,5.00
"cloche|backstop=None,clearance_mm=0.0,drop_speed_mm_s=20.0,lift_mm=5.0,retreat=0|v10|stop",bead,flooring,10.0,1,1,0,0,0,0,0,1,0,1,0,5.04,10.00
"cloche|backstop=None,clearance_mm=0.0,drop_speed_mm_s=20.0,lift_mm=5.0,retreat=0|v10|stop",bead,flooring,15.0,1,1,0,0,0,0,0,1,1,0,1,5.00,10.57
"cloche|backstop=None,clearance_mm=0.0,drop_speed_mm_s=20.0,lift_mm=5.0,retreat=0|v10|stop",bead,mat,0.0,1,1,0,0,0,0,0,1,0,1,0,5.04,0.00
"cloche|backstop=None,clearance_mm=0.0,drop_speed_mm_s=20.0,lift_mm=5.0,retreat=0|v10|stop",bead,mat,5.0,1,1,0,0,0,0,0,1,0,1,0,5.03,5.00
"cloche|backstop=None,clearance_mm=0.0,drop_speed_mm_s=20.0,lift_mm=5.0,retreat=0|v10|stop",bead,mat,10.0,1,1,0,0,0,0,0,1,0,1,0,5.04,10.00
"cloche|backstop=None,clearance_mm=0.0,drop_speed_mm_s=20.0,lift_mm=5.0,retreat=0|v10|stop",bead,mat,15.0,1,1,0,0,0,0,0,1,1,0,1,4.57,8.44
"cloche|backstop=None,clearance_mm=0.0,drop_speed_mm_s=20.0,lift_mm=5.0,retreat=0|v10|stop",coin_1yen,flooring,0.0,1,1,0,0,0,0,0,1,0,1,0,11.04,0.00
"cloche|backstop=None,clearance_mm=0.0,drop_speed_mm_s=20.0,lift_mm=5.0,retreat=0|v10|stop",coin_1yen,flooring,5.0,1,1,0,0,0,0,0,1,0,1,0,11.03,5.00
"cloche|backstop=None,clearance_mm=0.0,drop_speed_mm_s=20.0,lift_mm=5.0,retreat=0|v10|stop",coin_1yen,flooring,10.0,1,0,0,0,0,0,1,1,0,1,0,,
"cloche|backstop=None,clearance_mm=0.0,drop_speed_mm_s=20.0,lift_mm=5.0,retreat=0|v10|stop",coin_1yen,flooring,15.0,1,0,0,0,0,0,1,1,0,1,0,,
"cloche|backstop=None,clearance_mm=0.0,drop_speed_mm_s=20.0,lift_mm=5.0,retreat=0|v10|stop",coin_1yen,mat,0.0,1,1,0,0,0,0,0,1,0,1,0,11.04,0.00
"cloche|backstop=None,clearance_mm=0.0,drop_speed_mm_s=20.0,lift_mm=5.0,retreat=0|v10|stop",coin_1yen,mat,5.0,1,1,0,0,0,0,0,1,0,1,0,11.03,5.00
"cloche|backstop=None,clearance_mm=0.0,drop_speed_mm_s=20.0,lift_mm=5.0,retreat=0|v10|stop",coin_1yen,mat,10.0,1,0,0,0,0,0,1,1,0,1,0,,
"cloche|backstop=None,clearance_mm=0.0,drop_speed_mm_s=20.0,lift_mm=5.0,retreat=0|v10|stop",coin_1yen,mat,15.0,1,0,0,0,0,0,1,1,0,1,0,,
"cloche|backstop=None,clearance_mm=0.0,drop_speed_mm_s=20.0,lift_mm=5.0,retreat=0|v10|stop",crumb_cube,flooring,0.0,1,1,0,0,0,0,0,1,0,1,0,8.10,0.00
"cloche|backstop=None,clearance_mm=0.0,drop_speed_mm_s=20.0,lift_mm=5.0,retreat=0|v10|stop",crumb_cube,flooring,5.0,1,1,0,0,0,0,0,1,0,1,0,8.11,5.00
"cloche|backstop=None,clearance_mm=0.0,drop_speed_mm_s=20.0,lift_mm=5.0,retreat=0|v10|stop",crumb_cube,flooring,10.0,1,1,0,0,0,0,0,1,1,0,1,8.10,8.99
"cloche|backstop=None,clearance_mm=0.0,drop_speed_mm_s=20.0,lift_mm=5.0,retreat=0|v10|stop",crumb_cube,flooring,15.0,1,1,0,0,0,0,0,1,1,0,1,8.10,9.23
"cloche|backstop=None,clearance_mm=0.0,drop_speed_mm_s=20.0,lift_mm=5.0,retreat=0|v10|stop",crumb_cube,mat,0.0,1,1,0,0,0,0,0,1,0,1,0,8.10,0.00
"cloche|backstop=None,clearance_mm=0.0,drop_speed_mm_s=20.0,lift_mm=5.0,retreat=0|v10|stop",crumb_cube,mat,5.0,1,1,0,0,0,0,0,1,0,1,0,8.11,5.00
"cloche|backstop=None,clearance_mm=0.0,drop_speed_mm_s=20.0,lift_mm=5.0,retreat=0|v10|stop",crumb_cube,mat,10.0,1,1,0,0,0,0,0,1,1,0,1,8.10,8.99
"cloche|backstop=None,clearance_mm=0.0,drop_speed_mm_s=20.0,lift_mm=5.0,retreat=0|v10|stop",crumb_cube,mat,15.0,1,1,0,0,0,0,0,1,1,0,1,8.10,9.23
"cloche|backstop=None,clearance_mm=0.0,drop_speed_mm_s=20.0,lift_mm=5.0,retreat=30|v10|stop",battery_cr2032,flooring,0.0,1,1,0,0,0,0,0,1,0,1,0,11.04,0.01
"cloche|backstop=None,clearance_mm=0.0,drop_speed_mm_s=20.0,lift_mm=5.0,retreat=30|v10|stop",battery_cr2032,flooring,5.0,1,1,0,0,0,0,0,1,0,1,0,11.03,5.00
"cloche|backstop=None,clearance_mm=0.0,drop_speed_mm_s=20.0,lift_mm=5.0,retreat=30|v10|stop",battery_cr2032,flooring,10.0,1,0,0,0,0,0,1,1,0,1,0,,
"cloche|backstop=None,clearance_mm=0.0,drop_speed_mm_s=20.0,lift_mm=5.0,retreat=30|v10|stop",battery_cr2032,flooring,15.0,1,0,0,0,0,1,0,0,0,0,0,,
"cloche|backstop=None,clearance_mm=0.0,drop_speed_mm_s=20.0,lift_mm=5.0,retreat=30|v10|stop",battery_cr2032,mat,0.0,1,1,0,0,0,0,0,1,0,1,0,11.03,0.01
"cloche|backstop=None,clearance_mm=0.0,drop_speed_mm_s=20.0,lift_mm=5.0,retreat=30|v10|stop",battery_cr2032,mat,5.0,1,1,0,0,0,0,0,1,0,1,0,11.03,5.00
"cloche|backstop=None,clearance_mm=0.0,drop_speed_mm_s=20.0,lift_mm=5.0,retreat=30|v10|stop",battery_cr2032,mat,10.0,1,0,0,0,0,0,1,1,0,1,0,,
"cloche|backstop=None,clearance_mm=0.0,drop_speed_mm_s=20.0,lift_mm=5.0,retreat=30|v10|stop",battery_cr2032,mat,15.0,1,0,0,0,0,1,0,0,0,0,0,,
"cloche|backstop=None,clearance_mm=0.0,drop_speed_mm_s=20.0,lift_mm=5.0,retreat=30|v10|stop",bead,flooring,0.0,1,1,0,0,0,0,0,1,0,1,0,5.04,0.00
"cloche|backstop=None,clearance_mm=0.0,drop_speed_mm_s=20.0,lift_mm=5.0,retreat=30|v10|stop",bead,flooring,5.0,1,1,0,0,0,0,0,1,0,1,0,5.03,5.00
"cloche|backstop=None,clearance_mm=0.0,drop_speed_mm_s=20.0,lift_mm=5.0,retreat=30|v10|stop",bead,flooring,10.0,1,1,0,0,0,0,0,1,0,1,0,5.04,10.00
"cloche|backstop=None,clearance_mm=0.0,drop_speed_mm_s=20.0,lift_mm=5.0,retreat=30|v10|stop",bead,flooring,15.0,1,1,0,0,0,0,0,1,1,0,1,5.00,10.57
"cloche|backstop=None,clearance_mm=0.0,drop_speed_mm_s=20.0,lift_mm=5.0,retreat=30|v10|stop",bead,mat,0.0,1,1,0,0,0,0,0,1,0,1,0,5.04,0.00
"cloche|backstop=None,clearance_mm=0.0,drop_speed_mm_s=20.0,lift_mm=5.0,retreat=30|v10|stop",bead,mat,5.0,1,1,0,0,0,0,0,1,0,1,0,5.03,5.00
"cloche|backstop=None,clearance_mm=0.0,drop_speed_mm_s=20.0,lift_mm=5.0,retreat=30|v10|stop",bead,mat,10.0,1,1,0,0,0,0,0,1,0,1,0,5.04,10.00
"cloche|backstop=None,clearance_mm=0.0,drop_speed_mm_s=20.0,lift_mm=5.0,retreat=30|v10|stop",bead,mat,15.0,1,1,0,0,0,0,0,1,1,0,1,4.57,8.44
"cloche|backstop=None,clearance_mm=0.0,drop_speed_mm_s=20.0,lift_mm=5.0,retreat=30|v10|stop",coin_1yen,flooring,0.0,1,1,0,0,0,0,0,1,0,1,0,11.04,0.00
"cloche|backstop=None,clearance_mm=0.0,drop_speed_mm_s=20.0,lift_mm=5.0,retreat=30|v10|stop",coin_1yen,flooring,5.0,1,1,0,0,0,0,0,1,0,1,0,11.03,5.00
"cloche|backstop=None,clearance_mm=0.0,drop_speed_mm_s=20.0,lift_mm=5.0,retreat=30|v10|stop",coin_1yen,flooring,10.0,1,0,0,0,0,0,1,1,0,1,0,,
"cloche|backstop=None,clearance_mm=0.0,drop_speed_mm_s=20.0,lift_mm=5.0,retreat=30|v10|stop",coin_1yen,flooring,15.0,1,0,0,0,0,0,1,1,0,1,0,,
"cloche|backstop=None,clearance_mm=0.0,drop_speed_mm_s=20.0,lift_mm=5.0,retreat=30|v10|stop",coin_1yen,mat,0.0,1,1,0,0,0,0,0,1,0,1,0,11.04,0.00
"cloche|backstop=None,clearance_mm=0.0,drop_speed_mm_s=20.0,lift_mm=5.0,retreat=30|v10|stop",coin_1yen,mat,5.0,1,1,0,0,0,0,0,1,0,1,0,11.03,5.00
"cloche|backstop=None,clearance_mm=0.0,drop_speed_mm_s=20.0,lift_mm=5.0,retreat=30|v10|stop",coin_1yen,mat,10.0,1,0,0,0,0,0,1,1,0,1,0,,
"cloche|backstop=None,clearance_mm=0.0,drop_speed_mm_s=20.0,lift_mm=5.0,retreat=30|v10|stop",coin_1yen,mat,15.0,1,0,0,0,0,0,1,1,0,1,0,,
"cloche|backstop=None,clearance_mm=0.0,drop_speed_mm_s=20.0,lift_mm=5.0,retreat=30|v10|stop",crumb_cube,flooring,0.0,1,1,0,0,0,0,0,1,0,1,0,8.10,0.00
"cloche|backstop=None,clearance_mm=0.0,drop_speed_mm_s=20.0,lift_mm=5.0,retreat=30|v10|stop",crumb_cube,flooring,5.0,1,1,0,0,0,0,0,1,0,1,0,8.11,5.00
"cloche|backstop=None,clearance_mm=0.0,drop_speed_mm_s=20.0,lift_mm=5.0,retreat=30|v10|stop",crumb_cube,flooring,10.0,1,1,0,0,0,0,0,1,1,0,1,8.10,8.99
"cloche|backstop=None,clearance_mm=0.0,drop_speed_mm_s=20.0,lift_mm=5.0,retreat=30|v10|stop",crumb_cube,flooring,15.0,1,1,0,0,0,0,0,1,1,0,1,8.10,9.23
"cloche|backstop=None,clearance_mm=0.0,drop_speed_mm_s=20.0,lift_mm=5.0,retreat=30|v10|stop",crumb_cube,mat,0.0,1,1,0,0,0,0,0,1,0,1,0,8.10,0.00
"cloche|backstop=None,clearance_mm=0.0,drop_speed_mm_s=20.0,lift_mm=5.0,retreat=30|v10|stop",crumb_cube,mat,5.0,1,1,0,0,0,0,0,1,0,1,0,8.11,5.00
"cloche|backstop=None,clearance_mm=0.0,drop_speed_mm_s=20.0,lift_mm=5.0,retreat=30|v10|stop",crumb_cube,mat,10.0,1,1,0,0,0,0,0,1,1,0,1,8.10,8.99
"cloche|backstop=None,clearance_mm=0.0,drop_speed_mm_s=20.0,lift_mm=5.0,retreat=30|v10|stop",crumb_cube,mat,15.0,1,1,0,0,0,0,0,1,1,0,1,8.10,9.23
"cloche|backstop=None,clearance_mm=0.0,drop_speed_mm_s=20.0,lift_mm=8.0,retreat=-30|v10|stop",battery_cr2032,flooring,0.0,1,1,0,0,0,0,0,1,0,1,0,11.04,0.01
"cloche|backstop=None,clearance_mm=0.0,drop_speed_mm_s=20.0,lift_mm=8.0,retreat=-30|v10|stop",battery_cr2032,flooring,5.0,1,1,0,0,0,0,0,1,0,1,0,11.03,5.00
"cloche|backstop=None,clearance_mm=0.0,drop_speed_mm_s=20.0,lift_mm=8.0,retreat=-30|v10|stop",battery_cr2032,flooring,10.0,1,0,0,0,0,0,1,1,0,1,0,,
"cloche|backstop=None,clearance_mm=0.0,drop_speed_mm_s=20.0,lift_mm=8.0,retreat=-30|v10|stop",battery_cr2032,flooring,15.0,1,0,0,0,0,1,0,0,0,0,0,,
"cloche|backstop=None,clearance_mm=0.0,drop_speed_mm_s=20.0,lift_mm=8.0,retreat=-30|v10|stop",battery_cr2032,mat,0.0,1,1,0,0,0,0,0,1,0,1,0,11.03,0.01
"cloche|backstop=None,clearance_mm=0.0,drop_speed_mm_s=20.0,lift_mm=8.0,retreat=-30|v10|stop",battery_cr2032,mat,5.0,1,1,0,0,0,0,0,1,0,1,0,11.03,5.00
"cloche|backstop=None,clearance_mm=0.0,drop_speed_mm_s=20.0,lift_mm=8.0,retreat=-30|v10|stop",battery_cr2032,mat,10.0,1,0,0,0,0,0,1,1,0,1,0,,
"cloche|backstop=None,clearance_mm=0.0,drop_speed_mm_s=20.0,lift_mm=8.0,retreat=-30|v10|stop",battery_cr2032,mat,15.0,1,0,0,0,0,1,0,0,0,0,0,,
"cloche|backstop=None,clearance_mm=0.0,drop_speed_mm_s=20.0,lift_mm=8.0,retreat=-30|v10|stop",bead,flooring,0.0,1,1,0,0,0,0,0,1,0,1,0,5.04,0.00
"cloche|backstop=None,clearance_mm=0.0,drop_speed_mm_s=20.0,lift_mm=8.0,retreat=-30|v10|stop",bead,flooring,5.0,1,1,0,0,0,0,0,1,0,1,0,5.03,5.00
"cloche|backstop=None,clearance_mm=0.0,drop_speed_mm_s=20.0,lift_mm=8.0,retreat=-30|v10|stop",bead,flooring,10.0,1,1,0,0,0,0,0,1,0,1,0,5.04,10.00
"cloche|backstop=None,clearance_mm=0.0,drop_speed_mm_s=20.0,lift_mm=8.0,retreat=-30|v10|stop",bead,flooring,15.0,1,0,1,0,0,0,0,1,1,0,1,5.02,2.18
"cloche|backstop=None,clearance_mm=0.0,drop_speed_mm_s=20.0,lift_mm=8.0,retreat=-30|v10|stop",bead,mat,0.0,1,1,0,0,0,0,0,1,0,1,0,5.04,0.00
"cloche|backstop=None,clearance_mm=0.0,drop_speed_mm_s=20.0,lift_mm=8.0,retreat=-30|v10|stop",bead,mat,5.0,1,1,0,0,0,0,0,1,0,1,0,5.03,5.00
"cloche|backstop=None,clearance_mm=0.0,drop_speed_mm_s=20.0,lift_mm=8.0,retreat=-30|v10|stop",bead,mat,10.0,1,1,0,0,0,0,0,1,0,1,0,5.04,10.00
"cloche|backstop=None,clearance_mm=0.0,drop_speed_mm_s=20.0,lift_mm=8.0,retreat=-30|v10|stop",bead,mat,15.0,1,0,1,0,0,0,0,1,1,0,1,5.02,1.28
"cloche|backstop=None,clearance_mm=0.0,drop_speed_mm_s=20.0,lift_mm=8.0,retreat=-30|v10|stop",coin_1yen,flooring,0.0,1,1,0,0,0,0,0,1,0,1,0,11.04,0.00
"cloche|backstop=None,clearance_mm=0.0,drop_speed_mm_s=20.0,lift_mm=8.0,retreat=-30|v10|stop",coin_1yen,flooring,5.0,1,1,0,0,0,0,0,1,0,1,0,11.03,5.00
"cloche|backstop=None,clearance_mm=0.0,drop_speed_mm_s=20.0,lift_mm=8.0,retreat=-30|v10|stop",coin_1yen,flooring,10.0,1,0,0,0,0,0,1,1,0,1,0,,
"cloche|backstop=None,clearance_mm=0.0,drop_speed_mm_s=20.0,lift_mm=8.0,retreat=-30|v10|stop",coin_1yen,flooring,15.0,1,0,0,0,0,0,1,1,0,1,0,,
"cloche|backstop=None,clearance_mm=0.0,drop_speed_mm_s=20.0,lift_mm=8.0,retreat=-30|v10|stop",coin_1yen,mat,0.0,1,1,0,0,0,0,0,1,0,1,0,11.04,0.00
"cloche|backstop=None,clearance_mm=0.0,drop_speed_mm_s=20.0,lift_mm=8.0,retreat=-30|v10|stop",coin_1yen,mat,5.0,1,1,0,0,0,0,0,1,0,1,0,11.03,5.00
"cloche|backstop=None,clearance_mm=0.0,drop_speed_mm_s=20.0,lift_mm=8.0,retreat=-30|v10|stop",coin_1yen,mat,10.0,1,0,0,0,0,0,1,1,0,1,0,,
"cloche|backstop=None,clearance_mm=0.0,drop_speed_mm_s=20.0,lift_mm=8.0,retreat=-30|v10|stop",coin_1yen,mat,15.0,1,0,0,0,0,0,1,1,0,1,0,,
"cloche|backstop=None,clearance_mm=0.0,drop_speed_mm_s=20.0,lift_mm=8.0,retreat=-30|v10|stop",crumb_cube,flooring,0.0,1,1,0,0,0,0,0,1,0,1,0,8.10,0.00
"cloche|backstop=None,clearance_mm=0.0,drop_speed_mm_s=20.0,lift_mm=8.0,retreat=-30|v10|stop",crumb_cube,flooring,5.0,1,1,0,0,0,0,0,1,0,1,0,8.11,5.00
"cloche|backstop=None,clearance_mm=0.0,drop_speed_mm_s=20.0,lift_mm=8.0,retreat=-30|v10|stop",crumb_cube,flooring,10.0,1,1,0,0,0,0,0,1,1,0,1,8.11,9.11
"cloche|backstop=None,clearance_mm=0.0,drop_speed_mm_s=20.0,lift_mm=8.0,retreat=-30|v10|stop",crumb_cube,flooring,15.0,1,1,0,0,0,0,0,1,1,0,1,8.13,9.95
"cloche|backstop=None,clearance_mm=0.0,drop_speed_mm_s=20.0,lift_mm=8.0,retreat=-30|v10|stop",crumb_cube,mat,0.0,1,1,0,0,0,0,0,1,0,1,0,8.10,0.00
"cloche|backstop=None,clearance_mm=0.0,drop_speed_mm_s=20.0,lift_mm=8.0,retreat=-30|v10|stop",crumb_cube,mat,5.0,1,1,0,0,0,0,0,1,0,1,0,8.11,5.00
"cloche|backstop=None,clearance_mm=0.0,drop_speed_mm_s=20.0,lift_mm=8.0,retreat=-30|v10|stop",crumb_cube,mat,10.0,1,1,0,0,0,0,0,1,1,0,1,8.11,9.11
"cloche|backstop=None,clearance_mm=0.0,drop_speed_mm_s=20.0,lift_mm=8.0,retreat=-30|v10|stop",crumb_cube,mat,15.0,1,1,0,0,0,0,0,1,1,0,1,8.13,9.95
"cloche|backstop=None,clearance_mm=0.0,drop_speed_mm_s=20.0,lift_mm=8.0,retreat=0|v10|stop",battery_cr2032,flooring,0.0,1,1,0,0,0,0,0,1,0,1,0,11.04,0.01
"cloche|backstop=None,clearance_mm=0.0,drop_speed_mm_s=20.0,lift_mm=8.0,retreat=0|v10|stop",battery_cr2032,flooring,5.0,1,1,0,0,0,0,0,1,0,1,0,11.03,5.00
"cloche|backstop=None,clearance_mm=0.0,drop_speed_mm_s=20.0,lift_mm=8.0,retreat=0|v10|stop",battery_cr2032,flooring,10.0,1,0,0,0,0,0,1,1,0,1,0,,
"cloche|backstop=None,clearance_mm=0.0,drop_speed_mm_s=20.0,lift_mm=8.0,retreat=0|v10|stop",battery_cr2032,flooring,15.0,1,0,0,0,0,1,0,0,0,0,0,,
"cloche|backstop=None,clearance_mm=0.0,drop_speed_mm_s=20.0,lift_mm=8.0,retreat=0|v10|stop",battery_cr2032,mat,0.0,1,1,0,0,0,0,0,1,0,1,0,11.03,0.01
"cloche|backstop=None,clearance_mm=0.0,drop_speed_mm_s=20.0,lift_mm=8.0,retreat=0|v10|stop",battery_cr2032,mat,5.0,1,1,0,0,0,0,0,1,0,1,0,11.03,5.00
"cloche|backstop=None,clearance_mm=0.0,drop_speed_mm_s=20.0,lift_mm=8.0,retreat=0|v10|stop",battery_cr2032,mat,10.0,1,0,0,0,0,0,1,1,0,1,0,,
"cloche|backstop=None,clearance_mm=0.0,drop_speed_mm_s=20.0,lift_mm=8.0,retreat=0|v10|stop",battery_cr2032,mat,15.0,1,0,0,0,0,1,0,0,0,0,0,,
"cloche|backstop=None,clearance_mm=0.0,drop_speed_mm_s=20.0,lift_mm=8.0,retreat=0|v10|stop",bead,flooring,0.0,1,1,0,0,0,0,0,1,0,1,0,5.04,0.00
"cloche|backstop=None,clearance_mm=0.0,drop_speed_mm_s=20.0,lift_mm=8.0,retreat=0|v10|stop",bead,flooring,5.0,1,1,0,0,0,0,0,1,0,1,0,5.03,5.00
"cloche|backstop=None,clearance_mm=0.0,drop_speed_mm_s=20.0,lift_mm=8.0,retreat=0|v10|stop",bead,flooring,10.0,1,1,0,0,0,0,0,1,0,1,0,5.04,10.00
"cloche|backstop=None,clearance_mm=0.0,drop_speed_mm_s=20.0,lift_mm=8.0,retreat=0|v10|stop",bead,flooring,15.0,1,0,1,0,0,0,0,1,1,0,1,5.02,2.18
"cloche|backstop=None,clearance_mm=0.0,drop_speed_mm_s=20.0,lift_mm=8.0,retreat=0|v10|stop",bead,mat,0.0,1,1,0,0,0,0,0,1,0,1,0,5.04,0.00
"cloche|backstop=None,clearance_mm=0.0,drop_speed_mm_s=20.0,lift_mm=8.0,retreat=0|v10|stop",bead,mat,5.0,1,1,0,0,0,0,0,1,0,1,0,5.03,5.00
"cloche|backstop=None,clearance_mm=0.0,drop_speed_mm_s=20.0,lift_mm=8.0,retreat=0|v10|stop",bead,mat,10.0,1,1,0,0,0,0,0,1,0,1,0,5.04,10.00
"cloche|backstop=None,clearance_mm=0.0,drop_speed_mm_s=20.0,lift_mm=8.0,retreat=0|v10|stop",bead,mat,15.0,1,0,1,0,0,0,0,1,1,0,1,5.02,1.28
"cloche|backstop=None,clearance_mm=0.0,drop_speed_mm_s=20.0,lift_mm=8.0,retreat=0|v10|stop",coin_1yen,flooring,0.0,1,1,0,0,0,0,0,1,0,1,0,11.04,0.00
"cloche|backstop=None,clearance_mm=0.0,drop_speed_mm_s=20.0,lift_mm=8.0,retreat=0|v10|stop",coin_1yen,flooring,5.0,1,1,0,0,0,0,0,1,0,1,0,11.03,5.00
"cloche|backstop=None,clearance_mm=0.0,drop_speed_mm_s=20.0,lift_mm=8.0,retreat=0|v10|stop",coin_1yen,flooring,10.0,1,0,0,0,0,0,1,1,0,1,0,,
"cloche|backstop=None,clearance_mm=0.0,drop_speed_mm_s=20.0,lift_mm=8.0,retreat=0|v10|stop",coin_1yen,flooring,15.0,1,0,0,0,0,0,1,1,0,1,0,,
"cloche|backstop=None,clearance_mm=0.0,drop_speed_mm_s=20.0,lift_mm=8.0,retreat=0|v10|stop",coin_1yen,mat,0.0,1,1,0,0,0,0,0,1,0,1,0,11.04,0.00
"cloche|backstop=None,clearance_mm=0.0,drop_speed_mm_s=20.0,lift_mm=8.0,retreat=0|v10|stop",coin_1yen,mat,5.0,1,1,0,0,0,0,0,1,0,1,0,11.03,5.00
"cloche|backstop=None,clearance_mm=0.0,drop_speed_mm_s=20.0,lift_mm=8.0,retreat=0|v10|stop",coin_1yen,mat,10.0,1,0,0,0,0,0,1,1,0,1,0,,
"cloche|backstop=None,clearance_mm=0.0,drop_speed_mm_s=20.0,lift_mm=8.0,retreat=0|v10|stop",coin_1yen,mat,15.0,1,0,0,0,0,0,1,1,0,1,0,,
"cloche|backstop=None,clearance_mm=0.0,drop_speed_mm_s=20.0,lift_mm=8.0,retreat=0|v10|stop",crumb_cube,flooring,0.0,1,1,0,0,0,0,0,1,0,1,0,8.10,0.00
"cloche|backstop=None,clearance_mm=0.0,drop_speed_mm_s=20.0,lift_mm=8.0,retreat=0|v10|stop",crumb_cube,flooring,5.0,1,1,0,0,0,0,0,1,0,1,0,8.11,5.00
"cloche|backstop=None,clearance_mm=0.0,drop_speed_mm_s=20.0,lift_mm=8.0,retreat=0|v10|stop",crumb_cube,flooring,10.0,1,1,0,0,0,0,0,1,1,0,1,8.11,9.11
"cloche|backstop=None,clearance_mm=0.0,drop_speed_mm_s=20.0,lift_mm=8.0,retreat=0|v10|stop",crumb_cube,flooring,15.0,1,1,0,0,0,0,0,1,1,0,1,8.13,9.95
"cloche|backstop=None,clearance_mm=0.0,drop_speed_mm_s=20.0,lift_mm=8.0,retreat=0|v10|stop",crumb_cube,mat,0.0,1,1,0,0,0,0,0,1,0,1,0,8.10,0.00
"cloche|backstop=None,clearance_mm=0.0,drop_speed_mm_s=20.0,lift_mm=8.0,retreat=0|v10|stop",crumb_cube,mat,5.0,1,1,0,0,0,0,0,1,0,1,0,8.11,5.00
"cloche|backstop=None,clearance_mm=0.0,drop_speed_mm_s=20.0,lift_mm=8.0,retreat=0|v10|stop",crumb_cube,mat,10.0,1,1,0,0,0,0,0,1,1,0,1,8.11,9.11
"cloche|backstop=None,clearance_mm=0.0,drop_speed_mm_s=20.0,lift_mm=8.0,retreat=0|v10|stop",crumb_cube,mat,15.0,1,1,0,0,0,0,0,1,1,0,1,8.13,9.95
"cloche|backstop=None,clearance_mm=0.0,drop_speed_mm_s=20.0,lift_mm=8.0,retreat=30|v10|stop",battery_cr2032,flooring,0.0,1,1,0,0,0,0,0,1,0,1,0,11.04,0.01
"cloche|backstop=None,clearance_mm=0.0,drop_speed_mm_s=20.0,lift_mm=8.0,retreat=30|v10|stop",battery_cr2032,flooring,5.0,1,1,0,0,0,0,0,1,0,1,0,11.03,5.00
"cloche|backstop=None,clearance_mm=0.0,drop_speed_mm_s=20.0,lift_mm=8.0,retreat=30|v10|stop",battery_cr2032,flooring,10.0,1,0,0,0,0,0,1,1,0,1,0,,
"cloche|backstop=None,clearance_mm=0.0,drop_speed_mm_s=20.0,lift_mm=8.0,retreat=30|v10|stop",battery_cr2032,flooring,15.0,1,0,0,0,0,1,0,0,0,0,0,,
"cloche|backstop=None,clearance_mm=0.0,drop_speed_mm_s=20.0,lift_mm=8.0,retreat=30|v10|stop",battery_cr2032,mat,0.0,1,1,0,0,0,0,0,1,0,1,0,11.03,0.01
"cloche|backstop=None,clearance_mm=0.0,drop_speed_mm_s=20.0,lift_mm=8.0,retreat=30|v10|stop",battery_cr2032,mat,5.0,1,1,0,0,0,0,0,1,0,1,0,11.03,5.00
"cloche|backstop=None,clearance_mm=0.0,drop_speed_mm_s=20.0,lift_mm=8.0,retreat=30|v10|stop",battery_cr2032,mat,10.0,1,0,0,0,0,0,1,1,0,1,0,,
"cloche|backstop=None,clearance_mm=0.0,drop_speed_mm_s=20.0,lift_mm=8.0,retreat=30|v10|stop",battery_cr2032,mat,15.0,1,0,0,0,0,1,0,0,0,0,0,,
"cloche|backstop=None,clearance_mm=0.0,drop_speed_mm_s=20.0,lift_mm=8.0,retreat=30|v10|stop",bead,flooring,0.0,1,1,0,0,0,0,0,1,0,1,0,5.04,0.00
"cloche|backstop=None,clearance_mm=0.0,drop_speed_mm_s=20.0,lift_mm=8.0,retreat=30|v10|stop",bead,flooring,5.0,1,1,0,0,0,0,0,1,0,1,0,5.03,5.00
"cloche|backstop=None,clearance_mm=0.0,drop_speed_mm_s=20.0,lift_mm=8.0,retreat=30|v10|stop",bead,flooring,10.0,1,1,0,0,0,0,0,1,0,1,0,5.04,10.00
"cloche|backstop=None,clearance_mm=0.0,drop_speed_mm_s=20.0,lift_mm=8.0,retreat=30|v10|stop",bead,flooring,15.0,1,0,1,0,0,0,0,1,1,0,1,5.02,2.18
"cloche|backstop=None,clearance_mm=0.0,drop_speed_mm_s=20.0,lift_mm=8.0,retreat=30|v10|stop",bead,mat,0.0,1,1,0,0,0,0,0,1,0,1,0,5.04,0.00
"cloche|backstop=None,clearance_mm=0.0,drop_speed_mm_s=20.0,lift_mm=8.0,retreat=30|v10|stop",bead,mat,5.0,1,1,0,0,0,0,0,1,0,1,0,5.03,5.00
"cloche|backstop=None,clearance_mm=0.0,drop_speed_mm_s=20.0,lift_mm=8.0,retreat=30|v10|stop",bead,mat,10.0,1,1,0,0,0,0,0,1,0,1,0,5.04,10.00
"cloche|backstop=None,clearance_mm=0.0,drop_speed_mm_s=20.0,lift_mm=8.0,retreat=30|v10|stop",bead,mat,15.0,1,0,1,0,0,0,0,1,1,0,1,5.02,1.28
"cloche|backstop=None,clearance_mm=0.0,drop_speed_mm_s=20.0,lift_mm=8.0,retreat=30|v10|stop",coin_1yen,flooring,0.0,1,1,0,0,0,0,0,1,0,1,0,11.04,0.00
"cloche|backstop=None,clearance_mm=0.0,drop_speed_mm_s=20.0,lift_mm=8.0,retreat=30|v10|stop",coin_1yen,flooring,5.0,1,1,0,0,0,0,0,1,0,1,0,11.03,5.00
"cloche|backstop=None,clearance_mm=0.0,drop_speed_mm_s=20.0,lift_mm=8.0,retreat=30|v10|stop",coin_1yen,flooring,10.0,1,0,0,0,0,0,1,1,0,1,0,,
"cloche|backstop=None,clearance_mm=0.0,drop_speed_mm_s=20.0,lift_mm=8.0,retreat=30|v10|stop",coin_1yen,flooring,15.0,1,0,0,0,0,0,1,1,0,1,0,,
"cloche|backstop=None,clearance_mm=0.0,drop_speed_mm_s=20.0,lift_mm=8.0,retreat=30|v10|stop",coin_1yen,mat,0.0,1,1,0,0,0,0,0,1,0,1,0,11.04,0.00
"cloche|backstop=None,clearance_mm=0.0,drop_speed_mm_s=20.0,lift_mm=8.0,retreat=30|v10|stop",coin_1yen,mat,5.0,1,1,0,0,0,0,0,1,0,1,0,11.03,5.00
"cloche|backstop=None,clearance_mm=0.0,drop_speed_mm_s=20.0,lift_mm=8.0,retreat=30|v10|stop",coin_1yen,mat,10.0,1,0,0,0,0,0,1,1,0,1,0,,
"cloche|backstop=None,clearance_mm=0.0,drop_speed_mm_s=20.0,lift_mm=8.0,retreat=30|v10|stop",coin_1yen,mat,15.0,1,0,0,0,0,0,1,1,0,1,0,,
"cloche|backstop=None,clearance_mm=0.0,drop_speed_mm_s=20.0,lift_mm=8.0,retreat=30|v10|stop",crumb_cube,flooring,0.0,1,1,0,0,0,0,0,1,0,1,0,8.10,0.00
"cloche|backstop=None,clearance_mm=0.0,drop_speed_mm_s=20.0,lift_mm=8.0,retreat=30|v10|stop",crumb_cube,flooring,5.0,1,1,0,0,0,0,0,1,0,1,0,8.11,5.00
"cloche|backstop=None,clearance_mm=0.0,drop_speed_mm_s=20.0,lift_mm=8.0,retreat=30|v10|stop",crumb_cube,flooring,10.0,1,1,0,0,0,0,0,1,1,0,1,8.11,9.11
"cloche|backstop=None,clearance_mm=0.0,drop_speed_mm_s=20.0,lift_mm=8.0,retreat=30|v10|stop",crumb_cube,flooring,15.0,1,1,0,0,0,0,0,1,1,0,1,8.13,9.95
"cloche|backstop=None,clearance_mm=0.0,drop_speed_mm_s=20.0,lift_mm=8.0,retreat=30|v10|stop",crumb_cube,mat,0.0,1,1,0,0,0,0,0,1,0,1,0,8.10,0.00
"cloche|backstop=None,clearance_mm=0.0,drop_speed_mm_s=20.0,lift_mm=8.0,retreat=30|v10|stop",crumb_cube,mat,5.0,1,1,0,0,0,0,0,1,0,1,0,8.11,5.00
"cloche|backstop=None,clearance_mm=0.0,drop_speed_mm_s=20.0,lift_mm=8.0,retreat=30|v10|stop",crumb_cube,mat,10.0,1,1,0,0,0,0,0,1,1,0,1,8.11,9.11
"cloche|backstop=None,clearance_mm=0.0,drop_speed_mm_s=20.0,lift_mm=8.0,retreat=30|v10|stop",crumb_cube,mat,15.0,1,1,0,0,0,0,0,1,1,0,1,8.13,9.95
"cloche|backstop=None,clearance_mm=0.0,drop_speed_mm_s=5.0,lift_mm=10.0,retreat=-30|v10|stop",battery_cr2032,flooring,0.0,1,1,0,0,0,0,0,1,0,1,0,11.04,0.01
"cloche|backstop=None,clearance_mm=0.0,drop_speed_mm_s=5.0,lift_mm=10.0,retreat=-30|v10|stop",battery_cr2032,flooring,5.0,1,1,0,0,0,0,0,1,0,1,0,11.03,5.00
"cloche|backstop=None,clearance_mm=0.0,drop_speed_mm_s=5.0,lift_mm=10.0,retreat=-30|v10|stop",battery_cr2032,flooring,10.0,1,0,0,0,0,0,1,1,0,1,0,,
"cloche|backstop=None,clearance_mm=0.0,drop_speed_mm_s=5.0,lift_mm=10.0,retreat=-30|v10|stop",battery_cr2032,flooring,15.0,1,0,0,0,0,1,0,0,0,0,0,,
"cloche|backstop=None,clearance_mm=0.0,drop_speed_mm_s=5.0,lift_mm=10.0,retreat=-30|v10|stop",battery_cr2032,mat,0.0,1,1,0,0,0,0,0,1,0,1,0,11.03,0.01
"cloche|backstop=None,clearance_mm=0.0,drop_speed_mm_s=5.0,lift_mm=10.0,retreat=-30|v10|stop",battery_cr2032,mat,5.0,1,1,0,0,0,0,0,1,0,1,0,11.03,5.00
"cloche|backstop=None,clearance_mm=0.0,drop_speed_mm_s=5.0,lift_mm=10.0,retreat=-30|v10|stop",battery_cr2032,mat,10.0,1,0,0,0,0,0,1,1,0,1,0,,
"cloche|backstop=None,clearance_mm=0.0,drop_speed_mm_s=5.0,lift_mm=10.0,retreat=-30|v10|stop",battery_cr2032,mat,15.0,1,0,0,0,0,1,0,0,0,0,0,,
"cloche|backstop=None,clearance_mm=0.0,drop_speed_mm_s=5.0,lift_mm=10.0,retreat=-30|v10|stop",bead,flooring,0.0,1,1,0,0,0,0,0,1,0,1,0,5.04,0.00
"cloche|backstop=None,clearance_mm=0.0,drop_speed_mm_s=5.0,lift_mm=10.0,retreat=-30|v10|stop",bead,flooring,5.0,1,1,0,0,0,0,0,1,0,1,0,5.03,5.00
"cloche|backstop=None,clearance_mm=0.0,drop_speed_mm_s=5.0,lift_mm=10.0,retreat=-30|v10|stop",bead,flooring,10.0,1,1,0,0,0,0,0,1,0,1,0,5.04,10.00
"cloche|backstop=None,clearance_mm=0.0,drop_speed_mm_s=5.0,lift_mm=10.0,retreat=-30|v10|stop",bead,flooring,15.0,1,0,1,0,0,0,0,1,0,1,0,5.03,2.71
"cloche|backstop=None,clearance_mm=0.0,drop_speed_mm_s=5.0,lift_mm=10.0,retreat=-30|v10|stop",bead,mat,0.0,1,1,0,0,0,0,0,1,0,1,0,5.04,0.00
"cloche|backstop=None,clearance_mm=0.0,drop_speed_mm_s=5.0,lift_mm=10.0,retreat=-30|v10|stop",bead,mat,5.0,1,1,0,0,0,0,0,1,0,1,0,5.03,5.00
"cloche|backstop=None,clearance_mm=0.0,drop_speed_mm_s=5.0,lift_mm=10.0,retreat=-30|v10|stop",bead,mat,10.0,1,1,0,0,0,0,0,1,0,1,0,5.04,10.00
"cloche|backstop=None,clearance_mm=0.0,drop_speed_mm_s=5.0,lift_mm=10.0,retreat=-30|v10|stop",bead,mat,15.0,1,0,1,0,0,0,0,1,0,1,0,5.03,5.33
"cloche|backstop=None,clearance_mm=0.0,drop_speed_mm_s=5.0,lift_mm=10.0,retreat=-30|v10|stop",coin_1yen,flooring,0.0,1,1,0,0,0,0,0,1,0,1,0,11.04,0.00
"cloche|backstop=None,clearance_mm=0.0,drop_speed_mm_s=5.0,lift_mm=10.0,retreat=-30|v10|stop",coin_1yen,flooring,5.0,1,1,0,0,0,0,0,1,0,1,0,11.03,5.00
"cloche|backstop=None,clearance_mm=0.0,drop_speed_mm_s=5.0,lift_mm=10.0,retreat=-30|v10|stop",coin_1yen,flooring,10.0,1,0,0,0,0,0,1,1,0,1,0,,
"cloche|backstop=None,clearance_mm=0.0,drop_speed_mm_s=5.0,lift_mm=10.0,retreat=-30|v10|stop",coin_1yen,flooring,15.0,1,0,0,0,0,0,1,1,0,1,0,,
"cloche|backstop=None,clearance_mm=0.0,drop_speed_mm_s=5.0,lift_mm=10.0,retreat=-30|v10|stop",coin_1yen,mat,0.0,1,1,0,0,0,0,0,1,0,1,0,11.04,0.00
"cloche|backstop=None,clearance_mm=0.0,drop_speed_mm_s=5.0,lift_mm=10.0,retreat=-30|v10|stop",coin_1yen,mat,5.0,1,1,0,0,0,0,0,1,0,1,0,11.03,5.00
"cloche|backstop=None,clearance_mm=0.0,drop_speed_mm_s=5.0,lift_mm=10.0,retreat=-30|v10|stop",coin_1yen,mat,10.0,1,0,0,0,0,0,1,1,0,1,0,,
"cloche|backstop=None,clearance_mm=0.0,drop_speed_mm_s=5.0,lift_mm=10.0,retreat=-30|v10|stop",coin_1yen,mat,15.0,1,0,0,0,0,0,1,1,0,1,0,,
"cloche|backstop=None,clearance_mm=0.0,drop_speed_mm_s=5.0,lift_mm=10.0,retreat=-30|v10|stop",crumb_cube,flooring,0.0,1,1,0,0,0,0,0,1,0,1,0,8.10,0.00
"cloche|backstop=None,clearance_mm=0.0,drop_speed_mm_s=5.0,lift_mm=10.0,retreat=-30|v10|stop",crumb_cube,flooring,5.0,1,1,0,0,0,0,0,1,0,1,0,8.11,5.00
"cloche|backstop=None,clearance_mm=0.0,drop_speed_mm_s=5.0,lift_mm=10.0,retreat=-30|v10|stop",crumb_cube,flooring,10.0,1,1,0,0,0,0,0,1,1,0,1,8.11,9.17
"cloche|backstop=None,clearance_mm=0.0,drop_speed_mm_s=5.0,lift_mm=10.0,retreat=-30|v10|stop",crumb_cube,flooring,15.0,1,1,0,0,0,0,0,1,1,0,1,8.11,5.05
"cloche|backstop=None,clearance_mm=0.0,drop_speed_mm_s=5.0,lift_mm=10.0,retreat=-30|v10|stop",crumb_cube,mat,0.0,1,1,0,0,0,0,0,1,0,1,0,8.10,0.00
"cloche|backstop=None,clearance_mm=0.0,drop_speed_mm_s=5.0,lift_mm=10.0,retreat=-30|v10|stop",crumb_cube,mat,5.0,1,1,0,0,0,0,0,1,0,1,0,8.11,5.00
"cloche|backstop=None,clearance_mm=0.0,drop_speed_mm_s=5.0,lift_mm=10.0,retreat=-30|v10|stop",crumb_cube,mat,10.0,1,1,0,0,0,0,0,1,1,0,1,8.11,9.17
"cloche|backstop=None,clearance_mm=0.0,drop_speed_mm_s=5.0,lift_mm=10.0,retreat=-30|v10|stop",crumb_cube,mat,15.0,1,1,0,0,0,0,0,1,1,0,1,8.11,5.05
"cloche|backstop=None,clearance_mm=0.0,drop_speed_mm_s=5.0,lift_mm=10.0,retreat=0|v10|stop",battery_cr2032,flooring,0.0,1,1,0,0,0,0,0,1,0,1,0,11.04,0.01
"cloche|backstop=None,clearance_mm=0.0,drop_speed_mm_s=5.0,lift_mm=10.0,retreat=0|v10|stop",battery_cr2032,flooring,5.0,1,1,0,0,0,0,0,1,0,1,0,11.03,5.00
"cloche|backstop=None,clearance_mm=0.0,drop_speed_mm_s=5.0,lift_mm=10.0,retreat=0|v10|stop",battery_cr2032,flooring,10.0,1,0,0,0,0,0,1,1,0,1,0,,
"cloche|backstop=None,clearance_mm=0.0,drop_speed_mm_s=5.0,lift_mm=10.0,retreat=0|v10|stop",battery_cr2032,flooring,15.0,1,0,0,0,0,1,0,0,0,0,0,,
"cloche|backstop=None,clearance_mm=0.0,drop_speed_mm_s=5.0,lift_mm=10.0,retreat=0|v10|stop",battery_cr2032,mat,0.0,1,1,0,0,0,0,0,1,0,1,0,11.03,0.01
"cloche|backstop=None,clearance_mm=0.0,drop_speed_mm_s=5.0,lift_mm=10.0,retreat=0|v10|stop",battery_cr2032,mat,5.0,1,1,0,0,0,0,0,1,0,1,0,11.03,5.00
"cloche|backstop=None,clearance_mm=0.0,drop_speed_mm_s=5.0,lift_mm=10.0,retreat=0|v10|stop",battery_cr2032,mat,10.0,1,0,0,0,0,0,1,1,0,1,0,,
"cloche|backstop=None,clearance_mm=0.0,drop_speed_mm_s=5.0,lift_mm=10.0,retreat=0|v10|stop",battery_cr2032,mat,15.0,1,0,0,0,0,1,0,0,0,0,0,,
"cloche|backstop=None,clearance_mm=0.0,drop_speed_mm_s=5.0,lift_mm=10.0,retreat=0|v10|stop",bead,flooring,0.0,1,1,0,0,0,0,0,1,0,1,0,5.04,0.00
"cloche|backstop=None,clearance_mm=0.0,drop_speed_mm_s=5.0,lift_mm=10.0,retreat=0|v10|stop",bead,flooring,5.0,1,1,0,0,0,0,0,1,0,1,0,5.03,5.00
"cloche|backstop=None,clearance_mm=0.0,drop_speed_mm_s=5.0,lift_mm=10.0,retreat=0|v10|stop",bead,flooring,10.0,1,1,0,0,0,0,0,1,0,1,0,5.04,10.00
"cloche|backstop=None,clearance_mm=0.0,drop_speed_mm_s=5.0,lift_mm=10.0,retreat=0|v10|stop",bead,flooring,15.0,1,0,1,0,0,0,0,1,0,1,0,5.03,2.71
"cloche|backstop=None,clearance_mm=0.0,drop_speed_mm_s=5.0,lift_mm=10.0,retreat=0|v10|stop",bead,mat,0.0,1,1,0,0,0,0,0,1,0,1,0,5.04,0.00
"cloche|backstop=None,clearance_mm=0.0,drop_speed_mm_s=5.0,lift_mm=10.0,retreat=0|v10|stop",bead,mat,5.0,1,1,0,0,0,0,0,1,0,1,0,5.03,5.00
"cloche|backstop=None,clearance_mm=0.0,drop_speed_mm_s=5.0,lift_mm=10.0,retreat=0|v10|stop",bead,mat,10.0,1,1,0,0,0,0,0,1,0,1,0,5.04,10.00
"cloche|backstop=None,clearance_mm=0.0,drop_speed_mm_s=5.0,lift_mm=10.0,retreat=0|v10|stop",bead,mat,15.0,1,0,1,0,0,0,0,1,0,1,0,5.03,5.33
"cloche|backstop=None,clearance_mm=0.0,drop_speed_mm_s=5.0,lift_mm=10.0,retreat=0|v10|stop",coin_1yen,flooring,0.0,1,1,0,0,0,0,0,1,0,1,0,11.04,0.00
"cloche|backstop=None,clearance_mm=0.0,drop_speed_mm_s=5.0,lift_mm=10.0,retreat=0|v10|stop",coin_1yen,flooring,5.0,1,1,0,0,0,0,0,1,0,1,0,11.03,5.00
"cloche|backstop=None,clearance_mm=0.0,drop_speed_mm_s=5.0,lift_mm=10.0,retreat=0|v10|stop",coin_1yen,flooring,10.0,1,0,0,0,0,0,1,1,0,1,0,,
"cloche|backstop=None,clearance_mm=0.0,drop_speed_mm_s=5.0,lift_mm=10.0,retreat=0|v10|stop",coin_1yen,flooring,15.0,1,0,0,0,0,0,1,1,0,1,0,,
"cloche|backstop=None,clearance_mm=0.0,drop_speed_mm_s=5.0,lift_mm=10.0,retreat=0|v10|stop",coin_1yen,mat,0.0,1,1,0,0,0,0,0,1,0,1,0,11.04,0.00
"cloche|backstop=None,clearance_mm=0.0,drop_speed_mm_s=5.0,lift_mm=10.0,retreat=0|v10|stop",coin_1yen,mat,5.0,1,1,0,0,0,0,0,1,0,1,0,11.03,5.00
"cloche|backstop=None,clearance_mm=0.0,drop_speed_mm_s=5.0,lift_mm=10.0,retreat=0|v10|stop",coin_1yen,mat,10.0,1,0,0,0,0,0,1,1,0,1,0,,
"cloche|backstop=None,clearance_mm=0.0,drop_speed_mm_s=5.0,lift_mm=10.0,retreat=0|v10|stop",coin_1yen,mat,15.0,1,0,0,0,0,0,1,1,0,1,0,,
"cloche|backstop=None,clearance_mm=0.0,drop_speed_mm_s=5.0,lift_mm=10.0,retreat=0|v10|stop",crumb_cube,flooring,0.0,1,1,0,0,0,0,0,1,0,1,0,8.10,0.00
"cloche|backstop=None,clearance_mm=0.0,drop_speed_mm_s=5.0,lift_mm=10.0,retreat=0|v10|stop",crumb_cube,flooring,5.0,1,1,0,0,0,0,0,1,0,1,0,8.11,5.00
"cloche|backstop=None,clearance_mm=0.0,drop_speed_mm_s=5.0,lift_mm=10.0,retreat=0|v10|stop",crumb_cube,flooring,10.0,1,1,0,0,0,0,0,1,1,0,1,8.11,9.17
"cloche|backstop=None,clearance_mm=0.0,drop_speed_mm_s=5.0,lift_mm=10.0,retreat=0|v10|stop",crumb_cube,flooring,15.0,1,1,0,0,0,0,0,1,1,0,1,8.11,5.05
"cloche|backstop=None,clearance_mm=0.0,drop_speed_mm_s=5.0,lift_mm=10.0,retreat=0|v10|stop",crumb_cube,mat,0.0,1,1,0,0,0,0,0,1,0,1,0,8.10,0.00
"cloche|backstop=None,clearance_mm=0.0,drop_speed_mm_s=5.0,lift_mm=10.0,retreat=0|v10|stop",crumb_cube,mat,5.0,1,1,0,0,0,0,0,1,0,1,0,8.11,5.00
"cloche|backstop=None,clearance_mm=0.0,drop_speed_mm_s=5.0,lift_mm=10.0,retreat=0|v10|stop",crumb_cube,mat,10.0,1,1,0,0,0,0,0,1,1,0,1,8.11,9.17
"cloche|backstop=None,clearance_mm=0.0,drop_speed_mm_s=5.0,lift_mm=10.0,retreat=0|v10|stop",crumb_cube,mat,15.0,1,1,0,0,0,0,0,1,1,0,1,8.11,5.05
"cloche|backstop=None,clearance_mm=0.0,drop_speed_mm_s=5.0,lift_mm=10.0,retreat=30|v10|stop",battery_cr2032,flooring,0.0,1,1,0,0,0,0,0,1,0,1,0,11.04,0.01
"cloche|backstop=None,clearance_mm=0.0,drop_speed_mm_s=5.0,lift_mm=10.0,retreat=30|v10|stop",battery_cr2032,flooring,5.0,1,1,0,0,0,0,0,1,0,1,0,11.03,5.00
"cloche|backstop=None,clearance_mm=0.0,drop_speed_mm_s=5.0,lift_mm=10.0,retreat=30|v10|stop",battery_cr2032,flooring,10.0,1,0,0,0,0,0,1,1,0,1,0,,
"cloche|backstop=None,clearance_mm=0.0,drop_speed_mm_s=5.0,lift_mm=10.0,retreat=30|v10|stop",battery_cr2032,flooring,15.0,1,0,0,0,0,1,0,0,0,0,0,,
"cloche|backstop=None,clearance_mm=0.0,drop_speed_mm_s=5.0,lift_mm=10.0,retreat=30|v10|stop",battery_cr2032,mat,0.0,1,1,0,0,0,0,0,1,0,1,0,11.03,0.01
"cloche|backstop=None,clearance_mm=0.0,drop_speed_mm_s=5.0,lift_mm=10.0,retreat=30|v10|stop",battery_cr2032,mat,5.0,1,1,0,0,0,0,0,1,0,1,0,11.03,5.00
"cloche|backstop=None,clearance_mm=0.0,drop_speed_mm_s=5.0,lift_mm=10.0,retreat=30|v10|stop",battery_cr2032,mat,10.0,1,0,0,0,0,0,1,1,0,1,0,,
"cloche|backstop=None,clearance_mm=0.0,drop_speed_mm_s=5.0,lift_mm=10.0,retreat=30|v10|stop",battery_cr2032,mat,15.0,1,0,0,0,0,1,0,0,0,0,0,,
"cloche|backstop=None,clearance_mm=0.0,drop_speed_mm_s=5.0,lift_mm=10.0,retreat=30|v10|stop",bead,flooring,0.0,1,1,0,0,0,0,0,1,0,1,0,5.04,0.00
"cloche|backstop=None,clearance_mm=0.0,drop_speed_mm_s=5.0,lift_mm=10.0,retreat=30|v10|stop",bead,flooring,5.0,1,1,0,0,0,0,0,1,0,1,0,5.03,5.00
"cloche|backstop=None,clearance_mm=0.0,drop_speed_mm_s=5.0,lift_mm=10.0,retreat=30|v10|stop",bead,flooring,10.0,1,1,0,0,0,0,0,1,0,1,0,5.04,10.00
"cloche|backstop=None,clearance_mm=0.0,drop_speed_mm_s=5.0,lift_mm=10.0,retreat=30|v10|stop",bead,flooring,15.0,1,0,1,0,0,0,0,1,0,1,0,5.03,2.71
"cloche|backstop=None,clearance_mm=0.0,drop_speed_mm_s=5.0,lift_mm=10.0,retreat=30|v10|stop",bead,mat,0.0,1,1,0,0,0,0,0,1,0,1,0,5.04,0.00
"cloche|backstop=None,clearance_mm=0.0,drop_speed_mm_s=5.0,lift_mm=10.0,retreat=30|v10|stop",bead,mat,5.0,1,1,0,0,0,0,0,1,0,1,0,5.03,5.00
"cloche|backstop=None,clearance_mm=0.0,drop_speed_mm_s=5.0,lift_mm=10.0,retreat=30|v10|stop",bead,mat,10.0,1,1,0,0,0,0,0,1,0,1,0,5.04,10.00
"cloche|backstop=None,clearance_mm=0.0,drop_speed_mm_s=5.0,lift_mm=10.0,retreat=30|v10|stop",bead,mat,15.0,1,0,1,0,0,0,0,1,0,1,0,5.03,5.33
"cloche|backstop=None,clearance_mm=0.0,drop_speed_mm_s=5.0,lift_mm=10.0,retreat=30|v10|stop",coin_1yen,flooring,0.0,1,1,0,0,0,0,0,1,0,1,0,11.04,0.00
"cloche|backstop=None,clearance_mm=0.0,drop_speed_mm_s=5.0,lift_mm=10.0,retreat=30|v10|stop",coin_1yen,flooring,5.0,1,1,0,0,0,0,0,1,0,1,0,11.03,5.00
"cloche|backstop=None,clearance_mm=0.0,drop_speed_mm_s=5.0,lift_mm=10.0,retreat=30|v10|stop",coin_1yen,flooring,10.0,1,0,0,0,0,0,1,1,0,1,0,,
"cloche|backstop=None,clearance_mm=0.0,drop_speed_mm_s=5.0,lift_mm=10.0,retreat=30|v10|stop",coin_1yen,flooring,15.0,1,0,0,0,0,0,1,1,0,1,0,,
"cloche|backstop=None,clearance_mm=0.0,drop_speed_mm_s=5.0,lift_mm=10.0,retreat=30|v10|stop",coin_1yen,mat,0.0,1,1,0,0,0,0,0,1,0,1,0,11.04,0.00
"cloche|backstop=None,clearance_mm=0.0,drop_speed_mm_s=5.0,lift_mm=10.0,retreat=30|v10|stop",coin_1yen,mat,5.0,1,1,0,0,0,0,0,1,0,1,0,11.03,5.00
"cloche|backstop=None,clearance_mm=0.0,drop_speed_mm_s=5.0,lift_mm=10.0,retreat=30|v10|stop",coin_1yen,mat,10.0,1,0,0,0,0,0,1,1,0,1,0,,
"cloche|backstop=None,clearance_mm=0.0,drop_speed_mm_s=5.0,lift_mm=10.0,retreat=30|v10|stop",coin_1yen,mat,15.0,1,0,0,0,0,0,1,1,0,1,0,,
"cloche|backstop=None,clearance_mm=0.0,drop_speed_mm_s=5.0,lift_mm=10.0,retreat=30|v10|stop",crumb_cube,flooring,0.0,1,1,0,0,0,0,0,1,0,1,0,8.10,0.00
"cloche|backstop=None,clearance_mm=0.0,drop_speed_mm_s=5.0,lift_mm=10.0,retreat=30|v10|stop",crumb_cube,flooring,5.0,1,1,0,0,0,0,0,1,0,1,0,8.11,5.00
"cloche|backstop=None,clearance_mm=0.0,drop_speed_mm_s=5.0,lift_mm=10.0,retreat=30|v10|stop",crumb_cube,flooring,10.0,1,1,0,0,0,0,0,1,1,0,1,8.11,9.17
"cloche|backstop=None,clearance_mm=0.0,drop_speed_mm_s=5.0,lift_mm=10.0,retreat=30|v10|stop",crumb_cube,flooring,15.0,1,1,0,0,0,0,0,1,1,0,1,8.11,5.05
"cloche|backstop=None,clearance_mm=0.0,drop_speed_mm_s=5.0,lift_mm=10.0,retreat=30|v10|stop",crumb_cube,mat,0.0,1,1,0,0,0,0,0,1,0,1,0,8.10,0.00
"cloche|backstop=None,clearance_mm=0.0,drop_speed_mm_s=5.0,lift_mm=10.0,retreat=30|v10|stop",crumb_cube,mat,5.0,1,1,0,0,0,0,0,1,0,1,0,8.11,5.00
"cloche|backstop=None,clearance_mm=0.0,drop_speed_mm_s=5.0,lift_mm=10.0,retreat=30|v10|stop",crumb_cube,mat,10.0,1,1,0,0,0,0,0,1,1,0,1,8.11,9.17
"cloche|backstop=None,clearance_mm=0.0,drop_speed_mm_s=5.0,lift_mm=10.0,retreat=30|v10|stop",crumb_cube,mat,15.0,1,1,0,0,0,0,0,1,1,0,1,8.11,5.05
"cloche|backstop=None,clearance_mm=0.0,drop_speed_mm_s=5.0,lift_mm=3.0,retreat=-30|v10|stop",battery_cr2032,flooring,0.0,1,1,0,0,0,0,0,1,0,1,0,11.04,0.01
"cloche|backstop=None,clearance_mm=0.0,drop_speed_mm_s=5.0,lift_mm=3.0,retreat=-30|v10|stop",battery_cr2032,flooring,5.0,1,1,0,0,0,0,0,1,0,1,0,11.03,5.00
"cloche|backstop=None,clearance_mm=0.0,drop_speed_mm_s=5.0,lift_mm=3.0,retreat=-30|v10|stop",battery_cr2032,flooring,10.0,1,1,0,0,0,0,0,1,1,0,1,11.04,5.00
"cloche|backstop=None,clearance_mm=0.0,drop_speed_mm_s=5.0,lift_mm=3.0,retreat=-30|v10|stop",battery_cr2032,flooring,15.0,1,1,0,0,0,0,0,1,1,0,1,11.04,5.00
"cloche|backstop=None,clearance_mm=0.0,drop_speed_mm_s=5.0,lift_mm=3.0,retreat=-30|v10|stop",battery_cr2032,mat,0.0,1,1,0,0,0,0,0,1,0,1,0,11.03,0.01
"cloche|backstop=None,clearance_mm=0.0,drop_speed_mm_s=5.0,lift_mm=3.0,retreat=-30|v10|stop",battery_cr2032,mat,5.0,1,1,0,0,0,0,0,1,0,1,0,11.03,5.00
"cloche|backstop=None,clearance_mm=0.0,drop_speed_mm_s=5.0,lift_mm=3.0,retreat=-30|v10|stop",battery_cr2032,mat,10.0,1,1,0,0,0,0,0,1,1,0,1,11.03,5.00
"cloche|backstop=None,clearance_mm=0.0,drop_speed_mm_s=5.0,lift_mm=3.0,retreat=-30|v10|stop",battery_cr2032,mat,15.0,1,1,0,0,0,0,0,1,1,0,1,11.04,5.00
"cloche|backstop=None,clearance_mm=0.0,drop_speed_mm_s=5.0,lift_mm=3.0,retreat=-30|v10|stop",bead,flooring,0.0,1,1,0,0,0,0,0,1,0,1,0,5.04,0.00
"cloche|backstop=None,clearance_mm=0.0,drop_speed_mm_s=5.0,lift_mm=3.0,retreat=-30|v10|stop",bead,flooring,5.0,1,1,0,0,0,0,0,1,0,1,0,5.03,5.00
"cloche|backstop=None,clearance_mm=0.0,drop_speed_mm_s=5.0,lift_mm=3.0,retreat=-30|v10|stop",bead,flooring,10.0,1,1,0,0,0,0,0,1,0,1,0,5.04,10.00
"cloche|backstop=None,clearance_mm=0.0,drop_speed_mm_s=5.0,lift_mm=3.0,retreat=-30|v10|stop",bead,flooring,15.0,1,1,0,0,0,0,0,1,1,0,1,4.99,10.44
"cloche|backstop=None,clearance_mm=0.0,drop_speed_mm_s=5.0,lift_mm=3.0,retreat=-30|v10|stop",bead,mat,0.0,1,1,0,0,0,0,0,1,0,1,0,5.04,0.00
"cloche|backstop=None,clearance_mm=0.0,drop_speed_mm_s=5.0,lift_mm=3.0,retreat=-30|v10|stop",bead,mat,5.0,1,1,0,0,0,0,0,1,0,1,0,5.03,5.00
"cloche|backstop=None,clearance_mm=0.0,drop_speed_mm_s=5.0,lift_mm=3.0,retreat=-30|v10|stop",bead,mat,10.0,1,1,0,0,0,0,0,1,0,1,0,5.04,10.00
"cloche|backstop=None,clearance_mm=0.0,drop_speed_mm_s=5.0,lift_mm=3.0,retreat=-30|v10|stop",bead,mat,15.0,1,1,0,0,0,0,0,1,1,0,1,4.39,8.44
"cloche|backstop=None,clearance_mm=0.0,drop_speed_mm_s=5.0,lift_mm=3.0,retreat=-30|v10|stop",coin_1yen,flooring,0.0,1,1,0,0,0,0,0,1,0,1,0,11.04,0.00
"cloche|backstop=None,clearance_mm=0.0,drop_speed_mm_s=5.0,lift_mm=3.0,retreat=-30|v10|stop",coin_1yen,flooring,5.0,1,1,0,0,0,0,0,1,0,1,0,11.03,5.00
"cloche|backstop=None,clearance_mm=0.0,drop_speed_mm_s=5.0,lift_mm=3.0,retreat=-30|v10|stop",coin_1yen,flooring,10.0,1,0,0,0,0,0,1,1,0,1,0,,
"cloche|backstop=None,clearance_mm=0.0,drop_speed_mm_s=5.0,lift_mm=3.0,retreat=-30|v10|stop",coin_1yen,flooring,15.0,1,0,0,0,0,0,1,1,0,1,0,,
"cloche|backstop=None,clearance_mm=0.0,drop_speed_mm_s=5.0,lift_mm=3.0,retreat=-30|v10|stop",coin_1yen,mat,0.0,1,1,0,0,0,0,0,1,0,1,0,11.04,0.00
"cloche|backstop=None,clearance_mm=0.0,drop_speed_mm_s=5.0,lift_mm=3.0,retreat=-30|v10|stop",coin_1yen,mat,5.0,1,1,0,0,0,0,0,1,0,1,0,11.03,5.00
"cloche|backstop=None,clearance_mm=0.0,drop_speed_mm_s=5.0,lift_mm=3.0,retreat=-30|v10|stop",coin_1yen,mat,10.0,1,0,0,0,0,0,1,1,0,1,0,,
"cloche|backstop=None,clearance_mm=0.0,drop_speed_mm_s=5.0,lift_mm=3.0,retreat=-30|v10|stop",coin_1yen,mat,15.0,1,0,0,0,0,0,1,1,0,1,0,,
"cloche|backstop=None,clearance_mm=0.0,drop_speed_mm_s=5.0,lift_mm=3.0,retreat=-30|v10|stop",crumb_cube,flooring,0.0,1,1,0,0,0,0,0,1,0,1,0,8.10,0.00
"cloche|backstop=None,clearance_mm=0.0,drop_speed_mm_s=5.0,lift_mm=3.0,retreat=-30|v10|stop",crumb_cube,flooring,5.0,1,1,0,0,0,0,0,1,0,1,0,8.11,5.00
"cloche|backstop=None,clearance_mm=0.0,drop_speed_mm_s=5.0,lift_mm=3.0,retreat=-30|v10|stop",crumb_cube,flooring,10.0,1,1,0,0,0,0,0,1,1,0,1,8.11,8.93
"cloche|backstop=None,clearance_mm=0.0,drop_speed_mm_s=5.0,lift_mm=3.0,retreat=-30|v10|stop",crumb_cube,flooring,15.0,1,1,0,0,0,0,0,1,1,0,1,8.10,9.11
"cloche|backstop=None,clearance_mm=0.0,drop_speed_mm_s=5.0,lift_mm=3.0,retreat=-30|v10|stop",crumb_cube,mat,0.0,1,1,0,0,0,0,0,1,0,1,0,8.10,0.00
"cloche|backstop=None,clearance_mm=0.0,drop_speed_mm_s=5.0,lift_mm=3.0,retreat=-30|v10|stop",crumb_cube,mat,5.0,1,1,0,0,0,0,0,1,0,1,0,8.11,5.00
"cloche|backstop=None,clearance_mm=0.0,drop_speed_mm_s=5.0,lift_mm=3.0,retreat=-30|v10|stop",crumb_cube,mat,10.0,1,1,0,0,0,0,0,1,1,0,1,8.11,8.93
"cloche|backstop=None,clearance_mm=0.0,drop_speed_mm_s=5.0,lift_mm=3.0,retreat=-30|v10|stop",crumb_cube,mat,15.0,1,1,0,0,0,0,0,1,1,0,1,8.10,9.11
"cloche|backstop=None,clearance_mm=0.0,drop_speed_mm_s=5.0,lift_mm=3.0,retreat=0|v10|stop",battery_cr2032,flooring,0.0,1,1,0,0,0,0,0,1,0,1,0,11.04,0.01
"cloche|backstop=None,clearance_mm=0.0,drop_speed_mm_s=5.0,lift_mm=3.0,retreat=0|v10|stop",battery_cr2032,flooring,5.0,1,1,0,0,0,0,0,1,0,1,0,11.03,5.00
"cloche|backstop=None,clearance_mm=0.0,drop_speed_mm_s=5.0,lift_mm=3.0,retreat=0|v10|stop",battery_cr2032,flooring,10.0,1,1,0,0,0,0,0,1,1,0,1,11.04,5.00
"cloche|backstop=None,clearance_mm=0.0,drop_speed_mm_s=5.0,lift_mm=3.0,retreat=0|v10|stop",battery_cr2032,flooring,15.0,1,1,0,0,0,0,0,1,1,0,1,11.04,5.00
"cloche|backstop=None,clearance_mm=0.0,drop_speed_mm_s=5.0,lift_mm=3.0,retreat=0|v10|stop",battery_cr2032,mat,0.0,1,1,0,0,0,0,0,1,0,1,0,11.03,0.01
"cloche|backstop=None,clearance_mm=0.0,drop_speed_mm_s=5.0,lift_mm=3.0,retreat=0|v10|stop",battery_cr2032,mat,5.0,1,1,0,0,0,0,0,1,0,1,0,11.03,5.00
"cloche|backstop=None,clearance_mm=0.0,drop_speed_mm_s=5.0,lift_mm=3.0,retreat=0|v10|stop",battery_cr2032,mat,10.0,1,1,0,0,0,0,0,1,1,0,1,11.03,5.00
"cloche|backstop=None,clearance_mm=0.0,drop_speed_mm_s=5.0,lift_mm=3.0,retreat=0|v10|stop",battery_cr2032,mat,15.0,1,1,0,0,0,0,0,1,1,0,1,11.04,5.00
"cloche|backstop=None,clearance_mm=0.0,drop_speed_mm_s=5.0,lift_mm=3.0,retreat=0|v10|stop",bead,flooring,0.0,1,1,0,0,0,0,0,1,0,1,0,5.04,0.00
"cloche|backstop=None,clearance_mm=0.0,drop_speed_mm_s=5.0,lift_mm=3.0,retreat=0|v10|stop",bead,flooring,5.0,1,1,0,0,0,0,0,1,0,1,0,5.03,5.00
"cloche|backstop=None,clearance_mm=0.0,drop_speed_mm_s=5.0,lift_mm=3.0,retreat=0|v10|stop",bead,flooring,10.0,1,1,0,0,0,0,0,1,0,1,0,5.04,10.00
"cloche|backstop=None,clearance_mm=0.0,drop_speed_mm_s=5.0,lift_mm=3.0,retreat=0|v10|stop",bead,flooring,15.0,1,1,0,0,0,0,0,1,1,0,1,4.99,10.44
"cloche|backstop=None,clearance_mm=0.0,drop_speed_mm_s=5.0,lift_mm=3.0,retreat=0|v10|stop",bead,mat,0.0,1,1,0,0,0,0,0,1,0,1,0,5.04,0.00
"cloche|backstop=None,clearance_mm=0.0,drop_speed_mm_s=5.0,lift_mm=3.0,retreat=0|v10|stop",bead,mat,5.0,1,1,0,0,0,0,0,1,0,1,0,5.03,5.00
"cloche|backstop=None,clearance_mm=0.0,drop_speed_mm_s=5.0,lift_mm=3.0,retreat=0|v10|stop",bead,mat,10.0,1,1,0,0,0,0,0,1,0,1,0,5.04,10.00
"cloche|backstop=None,clearance_mm=0.0,drop_speed_mm_s=5.0,lift_mm=3.0,retreat=0|v10|stop",bead,mat,15.0,1,1,0,0,0,0,0,1,1,0,1,4.39,8.44
"cloche|backstop=None,clearance_mm=0.0,drop_speed_mm_s=5.0,lift_mm=3.0,retreat=0|v10|stop",coin_1yen,flooring,0.0,1,1,0,0,0,0,0,1,0,1,0,11.04,0.00
"cloche|backstop=None,clearance_mm=0.0,drop_speed_mm_s=5.0,lift_mm=3.0,retreat=0|v10|stop",coin_1yen,flooring,5.0,1,1,0,0,0,0,0,1,0,1,0,11.03,5.00
"cloche|backstop=None,clearance_mm=0.0,drop_speed_mm_s=5.0,lift_mm=3.0,retreat=0|v10|stop",coin_1yen,flooring,10.0,1,0,0,0,0,0,1,1,0,1,0,,
"cloche|backstop=None,clearance_mm=0.0,drop_speed_mm_s=5.0,lift_mm=3.0,retreat=0|v10|stop",coin_1yen,flooring,15.0,1,0,0,0,0,0,1,1,0,1,0,,
"cloche|backstop=None,clearance_mm=0.0,drop_speed_mm_s=5.0,lift_mm=3.0,retreat=0|v10|stop",coin_1yen,mat,0.0,1,1,0,0,0,0,0,1,0,1,0,11.04,0.00
"cloche|backstop=None,clearance_mm=0.0,drop_speed_mm_s=5.0,lift_mm=3.0,retreat=0|v10|stop",coin_1yen,mat,5.0,1,1,0,0,0,0,0,1,0,1,0,11.03,5.00
"cloche|backstop=None,clearance_mm=0.0,drop_speed_mm_s=5.0,lift_mm=3.0,retreat=0|v10|stop",coin_1yen,mat,10.0,1,0,0,0,0,0,1,1,0,1,0,,
"cloche|backstop=None,clearance_mm=0.0,drop_speed_mm_s=5.0,lift_mm=3.0,retreat=0|v10|stop",coin_1yen,mat,15.0,1,0,0,0,0,0,1,1,0,1,0,,
"cloche|backstop=None,clearance_mm=0.0,drop_speed_mm_s=5.0,lift_mm=3.0,retreat=0|v10|stop",crumb_cube,flooring,0.0,1,1,0,0,0,0,0,1,0,1,0,8.10,0.00
"cloche|backstop=None,clearance_mm=0.0,drop_speed_mm_s=5.0,lift_mm=3.0,retreat=0|v10|stop",crumb_cube,flooring,5.0,1,1,0,0,0,0,0,1,0,1,0,8.11,5.00
"cloche|backstop=None,clearance_mm=0.0,drop_speed_mm_s=5.0,lift_mm=3.0,retreat=0|v10|stop",crumb_cube,flooring,10.0,1,1,0,0,0,0,0,1,1,0,1,8.11,8.93
"cloche|backstop=None,clearance_mm=0.0,drop_speed_mm_s=5.0,lift_mm=3.0,retreat=0|v10|stop",crumb_cube,flooring,15.0,1,1,0,0,0,0,0,1,1,0,1,8.10,9.11
"cloche|backstop=None,clearance_mm=0.0,drop_speed_mm_s=5.0,lift_mm=3.0,retreat=0|v10|stop",crumb_cube,mat,0.0,1,1,0,0,0,0,0,1,0,1,0,8.10,0.00
"cloche|backstop=None,clearance_mm=0.0,drop_speed_mm_s=5.0,lift_mm=3.0,retreat=0|v10|stop",crumb_cube,mat,5.0,1,1,0,0,0,0,0,1,0,1,0,8.11,5.00
"cloche|backstop=None,clearance_mm=0.0,drop_speed_mm_s=5.0,lift_mm=3.0,retreat=0|v10|stop",crumb_cube,mat,10.0,1,1,0,0,0,0,0,1,1,0,1,8.11,8.93
"cloche|backstop=None,clearance_mm=0.0,drop_speed_mm_s=5.0,lift_mm=3.0,retreat=0|v10|stop",crumb_cube,mat,15.0,1,1,0,0,0,0,0,1,1,0,1,8.10,9.11
"cloche|backstop=None,clearance_mm=0.0,drop_speed_mm_s=5.0,lift_mm=3.0,retreat=30|v10|stop",battery_cr2032,flooring,0.0,1,1,0,0,0,0,0,1,0,1,0,11.04,0.01
"cloche|backstop=None,clearance_mm=0.0,drop_speed_mm_s=5.0,lift_mm=3.0,retreat=30|v10|stop",battery_cr2032,flooring,5.0,1,1,0,0,0,0,0,1,0,1,0,11.03,5.00
"cloche|backstop=None,clearance_mm=0.0,drop_speed_mm_s=5.0,lift_mm=3.0,retreat=30|v10|stop",battery_cr2032,flooring,10.0,1,1,0,0,0,0,0,1,1,0,1,11.04,5.00
"cloche|backstop=None,clearance_mm=0.0,drop_speed_mm_s=5.0,lift_mm=3.0,retreat=30|v10|stop",battery_cr2032,flooring,15.0,1,1,0,0,0,0,0,1,1,0,1,11.04,5.00
"cloche|backstop=None,clearance_mm=0.0,drop_speed_mm_s=5.0,lift_mm=3.0,retreat=30|v10|stop",battery_cr2032,mat,0.0,1,1,0,0,0,0,0,1,0,1,0,11.03,0.01
"cloche|backstop=None,clearance_mm=0.0,drop_speed_mm_s=5.0,lift_mm=3.0,retreat=30|v10|stop",battery_cr2032,mat,5.0,1,1,0,0,0,0,0,1,0,1,0,11.03,5.00
"cloche|backstop=None,clearance_mm=0.0,drop_speed_mm_s=5.0,lift_mm=3.0,retreat=30|v10|stop",battery_cr2032,mat,10.0,1,1,0,0,0,0,0,1,1,0,1,11.03,5.00
"cloche|backstop=None,clearance_mm=0.0,drop_speed_mm_s=5.0,lift_mm=3.0,retreat=30|v10|stop",battery_cr2032,mat,15.0,1,1,0,0,0,0,0,1,1,0,1,11.04,5.00
"cloche|backstop=None,clearance_mm=0.0,drop_speed_mm_s=5.0,lift_mm=3.0,retreat=30|v10|stop",bead,flooring,0.0,1,1,0,0,0,0,0,1,0,1,0,5.04,0.00
"cloche|backstop=None,clearance_mm=0.0,drop_speed_mm_s=5.0,lift_mm=3.0,retreat=30|v10|stop",bead,flooring,5.0,1,1,0,0,0,0,0,1,0,1,0,5.03,5.00
"cloche|backstop=None,clearance_mm=0.0,drop_speed_mm_s=5.0,lift_mm=3.0,retreat=30|v10|stop",bead,flooring,10.0,1,1,0,0,0,0,0,1,0,1,0,5.04,10.00
"cloche|backstop=None,clearance_mm=0.0,drop_speed_mm_s=5.0,lift_mm=3.0,retreat=30|v10|stop",bead,flooring,15.0,1,1,0,0,0,0,0,1,1,0,1,4.99,10.44
"cloche|backstop=None,clearance_mm=0.0,drop_speed_mm_s=5.0,lift_mm=3.0,retreat=30|v10|stop",bead,mat,0.0,1,1,0,0,0,0,0,1,0,1,0,5.04,0.00
"cloche|backstop=None,clearance_mm=0.0,drop_speed_mm_s=5.0,lift_mm=3.0,retreat=30|v10|stop",bead,mat,5.0,1,1,0,0,0,0,0,1,0,1,0,5.03,5.00
"cloche|backstop=None,clearance_mm=0.0,drop_speed_mm_s=5.0,lift_mm=3.0,retreat=30|v10|stop",bead,mat,10.0,1,1,0,0,0,0,0,1,0,1,0,5.04,10.00
"cloche|backstop=None,clearance_mm=0.0,drop_speed_mm_s=5.0,lift_mm=3.0,retreat=30|v10|stop",bead,mat,15.0,1,1,0,0,0,0,0,1,1,0,1,4.39,8.44
"cloche|backstop=None,clearance_mm=0.0,drop_speed_mm_s=5.0,lift_mm=3.0,retreat=30|v10|stop",coin_1yen,flooring,0.0,1,1,0,0,0,0,0,1,0,1,0,11.04,0.00
"cloche|backstop=None,clearance_mm=0.0,drop_speed_mm_s=5.0,lift_mm=3.0,retreat=30|v10|stop",coin_1yen,flooring,5.0,1,1,0,0,0,0,0,1,0,1,0,11.03,5.00
"cloche|backstop=None,clearance_mm=0.0,drop_speed_mm_s=5.0,lift_mm=3.0,retreat=30|v10|stop",coin_1yen,flooring,10.0,1,0,0,0,0,0,1,1,0,1,0,,
"cloche|backstop=None,clearance_mm=0.0,drop_speed_mm_s=5.0,lift_mm=3.0,retreat=30|v10|stop",coin_1yen,flooring,15.0,1,0,0,0,0,0,1,1,0,1,0,,
"cloche|backstop=None,clearance_mm=0.0,drop_speed_mm_s=5.0,lift_mm=3.0,retreat=30|v10|stop",coin_1yen,mat,0.0,1,1,0,0,0,0,0,1,0,1,0,11.04,0.00
"cloche|backstop=None,clearance_mm=0.0,drop_speed_mm_s=5.0,lift_mm=3.0,retreat=30|v10|stop",coin_1yen,mat,5.0,1,1,0,0,0,0,0,1,0,1,0,11.03,5.00
"cloche|backstop=None,clearance_mm=0.0,drop_speed_mm_s=5.0,lift_mm=3.0,retreat=30|v10|stop",coin_1yen,mat,10.0,1,0,0,0,0,0,1,1,0,1,0,,
"cloche|backstop=None,clearance_mm=0.0,drop_speed_mm_s=5.0,lift_mm=3.0,retreat=30|v10|stop",coin_1yen,mat,15.0,1,0,0,0,0,0,1,1,0,1,0,,
"cloche|backstop=None,clearance_mm=0.0,drop_speed_mm_s=5.0,lift_mm=3.0,retreat=30|v10|stop",crumb_cube,flooring,0.0,1,1,0,0,0,0,0,1,0,1,0,8.10,0.00
"cloche|backstop=None,clearance_mm=0.0,drop_speed_mm_s=5.0,lift_mm=3.0,retreat=30|v10|stop",crumb_cube,flooring,5.0,1,1,0,0,0,0,0,1,0,1,0,8.11,5.00
"cloche|backstop=None,clearance_mm=0.0,drop_speed_mm_s=5.0,lift_mm=3.0,retreat=30|v10|stop",crumb_cube,flooring,10.0,1,1,0,0,0,0,0,1,1,0,1,8.11,8.93
"cloche|backstop=None,clearance_mm=0.0,drop_speed_mm_s=5.0,lift_mm=3.0,retreat=30|v10|stop",crumb_cube,flooring,15.0,1,1,0,0,0,0,0,1,1,0,1,8.10,9.11
"cloche|backstop=None,clearance_mm=0.0,drop_speed_mm_s=5.0,lift_mm=3.0,retreat=30|v10|stop",crumb_cube,mat,0.0,1,1,0,0,0,0,0,1,0,1,0,8.10,0.00
"cloche|backstop=None,clearance_mm=0.0,drop_speed_mm_s=5.0,lift_mm=3.0,retreat=30|v10|stop",crumb_cube,mat,5.0,1,1,0,0,0,0,0,1,0,1,0,8.11,5.00
"cloche|backstop=None,clearance_mm=0.0,drop_speed_mm_s=5.0,lift_mm=3.0,retreat=30|v10|stop",crumb_cube,mat,10.0,1,1,0,0,0,0,0,1,1,0,1,8.11,8.93
"cloche|backstop=None,clearance_mm=0.0,drop_speed_mm_s=5.0,lift_mm=3.0,retreat=30|v10|stop",crumb_cube,mat,15.0,1,1,0,0,0,0,0,1,1,0,1,8.10,9.11
"cloche|backstop=None,clearance_mm=0.0,drop_speed_mm_s=5.0,lift_mm=5.0,retreat=-30|v10|stop",battery_cr2032,flooring,0.0,1,1,0,0,0,0,0,1,0,1,0,11.04,0.01
"cloche|backstop=None,clearance_mm=0.0,drop_speed_mm_s=5.0,lift_mm=5.0,retreat=-30|v10|stop",battery_cr2032,flooring,5.0,1,1,0,0,0,0,0,1,0,1,0,11.03,5.00
"cloche|backstop=None,clearance_mm=0.0,drop_speed_mm_s=5.0,lift_mm=5.0,retreat=-30|v10|stop",battery_cr2032,flooring,10.0,1,0,0,0,0,0,1,1,0,1,0,,
"cloche|backstop=None,clearance_mm=0.0,drop_speed_mm_s=5.0,lift_mm=5.0,retreat=-30|v10|stop",battery_cr2032,flooring,15.0,1,0,0,0,0,1,0,0,0,0,0,,
"cloche|backstop=None,clearance_mm=0.0,drop_speed_mm_s=5.0,lift_mm=5.0,retreat=-30|v10|stop",battery_cr2032,mat,0.0,1,1,0,0,0,0,0,1,0,1,0,11.03,0.01
"cloche|backstop=None,clearance_mm=0.0,drop_speed_mm_s=5.0,lift_mm=5.0,retreat=-30|v10|stop",battery_cr2032,mat,5.0,1,1,0,0,0,0,0,1,0,1,0,11.03,5.00
"cloche|backstop=None,clearance_mm=0.0,drop_speed_mm_s=5.0,lift_mm=5.0,retreat=-30|v10|stop",battery_cr2032,mat,10.0,1,0,0,0,0,0,1,1,0,1,0,,
"cloche|backstop=None,clearance_mm=0.0,drop_speed_mm_s=5.0,lift_mm=5.0,retreat=-30|v10|stop",battery_cr2032,mat,15.0,1,0,0,0,0,1,0,0,0,0,0,,
"cloche|backstop=None,clearance_mm=0.0,drop_speed_mm_s=5.0,lift_mm=5.0,retreat=-30|v10|stop",bead,flooring,0.0,1,1,0,0,0,0,0,1,0,1,0,5.04,0.00
"cloche|backstop=None,clearance_mm=0.0,drop_speed_mm_s=5.0,lift_mm=5.0,retreat=-30|v10|stop",bead,flooring,5.0,1,1,0,0,0,0,0,1,0,1,0,5.03,5.00
"cloche|backstop=None,clearance_mm=0.0,drop_speed_mm_s=5.0,lift_mm=5.0,retreat=-30|v10|stop",bead,flooring,10.0,1,1,0,0,0,0,0,1,0,1,0,5.04,10.00
"cloche|backstop=None,clearance_mm=0.0,drop_speed_mm_s=5.0,lift_mm=5.0,retreat=-30|v10|stop",bead,flooring,15.0,1,1,0,0,0,0,0,1,1,0,1,4.99,10.56
"cloche|backstop=None,clearance_mm=0.0,drop_speed_mm_s=5.0,lift_mm=5.0,retreat=-30|v10|stop",bead,mat,0.0,1,1,0,0,0,0,0,1,0,1,0,5.04,0.00
"cloche|backstop=None,clearance_mm=0.0,drop_speed_mm_s=5.0,lift_mm=5.0,retreat=-30|v10|stop",bead,mat,5.0,1,1,0,0,0,0,0,1,0,1,0,5.03,5.00
"cloche|backstop=None,clearance_mm=0.0,drop_speed_mm_s=5.0,lift_mm=5.0,retreat=-30|v10|stop",bead,mat,10.0,1,1,0,0,0,0,0,1,0,1,0,5.04,10.00
"cloche|backstop=None,clearance_mm=0.0,drop_speed_mm_s=5.0,lift_mm=5.0,retreat=-30|v10|stop",bead,mat,15.0,1,1,0,0,0,0,0,1,1,0,1,3.97,7.77
"cloche|backstop=None,clearance_mm=0.0,drop_speed_mm_s=5.0,lift_mm=5.0,retreat=-30|v10|stop",coin_1yen,flooring,0.0,1,1,0,0,0,0,0,1,0,1,0,11.04,0.00
"cloche|backstop=None,clearance_mm=0.0,drop_speed_mm_s=5.0,lift_mm=5.0,retreat=-30|v10|stop",coin_1yen,flooring,5.0,1,1,0,0,0,0,0,1,0,1,0,11.03,5.00
"cloche|backstop=None,clearance_mm=0.0,drop_speed_mm_s=5.0,lift_mm=5.0,retreat=-30|v10|stop",coin_1yen,flooring,10.0,1,0,0,0,0,0,1,1,0,1,0,,
"cloche|backstop=None,clearance_mm=0.0,drop_speed_mm_s=5.0,lift_mm=5.0,retreat=-30|v10|stop",coin_1yen,flooring,15.0,1,0,0,0,0,0,1,1,0,1,0,,
"cloche|backstop=None,clearance_mm=0.0,drop_speed_mm_s=5.0,lift_mm=5.0,retreat=-30|v10|stop",coin_1yen,mat,0.0,1,1,0,0,0,0,0,1,0,1,0,11.04,0.00
"cloche|backstop=None,clearance_mm=0.0,drop_speed_mm_s=5.0,lift_mm=5.0,retreat=-30|v10|stop",coin_1yen,mat,5.0,1,1,0,0,0,0,0,1,0,1,0,11.03,5.00
"cloche|backstop=None,clearance_mm=0.0,drop_speed_mm_s=5.0,lift_mm=5.0,retreat=-30|v10|stop",coin_1yen,mat,10.0,1,0,0,0,0,0,1,1,0,1,0,,
"cloche|backstop=None,clearance_mm=0.0,drop_speed_mm_s=5.0,lift_mm=5.0,retreat=-30|v10|stop",coin_1yen,mat,15.0,1,0,0,0,0,0,1,1,0,1,0,,
"cloche|backstop=None,clearance_mm=0.0,drop_speed_mm_s=5.0,lift_mm=5.0,retreat=-30|v10|stop",crumb_cube,flooring,0.0,1,1,0,0,0,0,0,1,0,1,0,8.10,0.00
"cloche|backstop=None,clearance_mm=0.0,drop_speed_mm_s=5.0,lift_mm=5.0,retreat=-30|v10|stop",crumb_cube,flooring,5.0,1,1,0,0,0,0,0,1,0,1,0,8.11,5.00
"cloche|backstop=None,clearance_mm=0.0,drop_speed_mm_s=5.0,lift_mm=5.0,retreat=-30|v10|stop",crumb_cube,flooring,10.0,1,1,0,0,0,0,0,1,1,0,1,8.10,8.99
"cloche|backstop=None,clearance_mm=0.0,drop_speed_mm_s=5.0,lift_mm=5.0,retreat=-30|v10|stop",crumb_cube,flooring,15.0,1,1,0,0,0,0,0,1,1,0,1,8.10,9.23
"cloche|backstop=None,clearance_mm=0.0,drop_speed_mm_s=5.0,lift_mm=5.0,retreat=-30|v10|stop",crumb_cube,mat,0.0,1,1,0,0,0,0,0,1,0,1,0,8.10,0.00
"cloche|backstop=None,clearance_mm=0.0,drop_speed_mm_s=5.0,lift_mm=5.0,retreat=-30|v10|stop",crumb_cube,mat,5.0,1,1,0,0,0,0,0,1,0,1,0,8.11,5.00
"cloche|backstop=None,clearance_mm=0.0,drop_speed_mm_s=5.0,lift_mm=5.0,retreat=-30|v10|stop",crumb_cube,mat,10.0,1,1,0,0,0,0,0,1,1,0,1,8.10,8.99
"cloche|backstop=None,clearance_mm=0.0,drop_speed_mm_s=5.0,lift_mm=5.0,retreat=-30|v10|stop",crumb_cube,mat,15.0,1,1,0,0,0,0,0,1,1,0,1,8.10,9.23
"cloche|backstop=None,clearance_mm=0.0,drop_speed_mm_s=5.0,lift_mm=5.0,retreat=0|v10|stop",battery_cr2032,flooring,0.0,1,1,0,0,0,0,0,1,0,1,0,11.04,0.01
"cloche|backstop=None,clearance_mm=0.0,drop_speed_mm_s=5.0,lift_mm=5.0,retreat=0|v10|stop",battery_cr2032,flooring,5.0,1,1,0,0,0,0,0,1,0,1,0,11.03,5.00
"cloche|backstop=None,clearance_mm=0.0,drop_speed_mm_s=5.0,lift_mm=5.0,retreat=0|v10|stop",battery_cr2032,flooring,10.0,1,0,0,0,0,0,1,1,0,1,0,,
"cloche|backstop=None,clearance_mm=0.0,drop_speed_mm_s=5.0,lift_mm=5.0,retreat=0|v10|stop",battery_cr2032,flooring,15.0,1,0,0,0,0,1,0,0,0,0,0,,
"cloche|backstop=None,clearance_mm=0.0,drop_speed_mm_s=5.0,lift_mm=5.0,retreat=0|v10|stop",battery_cr2032,mat,0.0,1,1,0,0,0,0,0,1,0,1,0,11.03,0.01
"cloche|backstop=None,clearance_mm=0.0,drop_speed_mm_s=5.0,lift_mm=5.0,retreat=0|v10|stop",battery_cr2032,mat,5.0,1,1,0,0,0,0,0,1,0,1,0,11.03,5.00
"cloche|backstop=None,clearance_mm=0.0,drop_speed_mm_s=5.0,lift_mm=5.0,retreat=0|v10|stop",battery_cr2032,mat,10.0,1,0,0,0,0,0,1,1,0,1,0,,
"cloche|backstop=None,clearance_mm=0.0,drop_speed_mm_s=5.0,lift_mm=5.0,retreat=0|v10|stop",battery_cr2032,mat,15.0,1,0,0,0,0,1,0,0,0,0,0,,
"cloche|backstop=None,clearance_mm=0.0,drop_speed_mm_s=5.0,lift_mm=5.0,retreat=0|v10|stop",bead,flooring,0.0,1,1,0,0,0,0,0,1,0,1,0,5.04,0.00
"cloche|backstop=None,clearance_mm=0.0,drop_speed_mm_s=5.0,lift_mm=5.0,retreat=0|v10|stop",bead,flooring,5.0,1,1,0,0,0,0,0,1,0,1,0,5.03,5.00
"cloche|backstop=None,clearance_mm=0.0,drop_speed_mm_s=5.0,lift_mm=5.0,retreat=0|v10|stop",bead,flooring,10.0,1,1,0,0,0,0,0,1,0,1,0,5.04,10.00
"cloche|backstop=None,clearance_mm=0.0,drop_speed_mm_s=5.0,lift_mm=5.0,retreat=0|v10|stop",bead,flooring,15.0,1,1,0,0,0,0,0,1,1,0,1,4.99,10.56
"cloche|backstop=None,clearance_mm=0.0,drop_speed_mm_s=5.0,lift_mm=5.0,retreat=0|v10|stop",bead,mat,0.0,1,1,0,0,0,0,0,1,0,1,0,5.04,0.00
"cloche|backstop=None,clearance_mm=0.0,drop_speed_mm_s=5.0,lift_mm=5.0,retreat=0|v10|stop",bead,mat,5.0,1,1,0,0,0,0,0,1,0,1,0,5.03,5.00
"cloche|backstop=None,clearance_mm=0.0,drop_speed_mm_s=5.0,lift_mm=5.0,retreat=0|v10|stop",bead,mat,10.0,1,1,0,0,0,0,0,1,0,1,0,5.04,10.00
"cloche|backstop=None,clearance_mm=0.0,drop_speed_mm_s=5.0,lift_mm=5.0,retreat=0|v10|stop",bead,mat,15.0,1,1,0,0,0,0,0,1,1,0,1,3.97,7.77
"cloche|backstop=None,clearance_mm=0.0,drop_speed_mm_s=5.0,lift_mm=5.0,retreat=0|v10|stop",coin_1yen,flooring,0.0,1,1,0,0,0,0,0,1,0,1,0,11.04,0.00
"cloche|backstop=None,clearance_mm=0.0,drop_speed_mm_s=5.0,lift_mm=5.0,retreat=0|v10|stop",coin_1yen,flooring,5.0,1,1,0,0,0,0,0,1,0,1,0,11.03,5.00
"cloche|backstop=None,clearance_mm=0.0,drop_speed_mm_s=5.0,lift_mm=5.0,retreat=0|v10|stop",coin_1yen,flooring,10.0,1,0,0,0,0,0,1,1,0,1,0,,
"cloche|backstop=None,clearance_mm=0.0,drop_speed_mm_s=5.0,lift_mm=5.0,retreat=0|v10|stop",coin_1yen,flooring,15.0,1,0,0,0,0,0,1,1,0,1,0,,
"cloche|backstop=None,clearance_mm=0.0,drop_speed_mm_s=5.0,lift_mm=5.0,retreat=0|v10|stop",coin_1yen,mat,0.0,1,1,0,0,0,0,0,1,0,1,0,11.04,0.00
"cloche|backstop=None,clearance_mm=0.0,drop_speed_mm_s=5.0,lift_mm=5.0,retreat=0|v10|stop",coin_1yen,mat,5.0,1,1,0,0,0,0,0,1,0,1,0,11.03,5.00
"cloche|backstop=None,clearance_mm=0.0,drop_speed_mm_s=5.0,lift_mm=5.0,retreat=0|v10|stop",coin_1yen,mat,10.0,1,0,0,0,0,0,1,1,0,1,0,,
"cloche|backstop=None,clearance_mm=0.0,drop_speed_mm_s=5.0,lift_mm=5.0,retreat=0|v10|stop",coin_1yen,mat,15.0,1,0,0,0,0,0,1,1,0,1,0,,
"cloche|backstop=None,clearance_mm=0.0,drop_speed_mm_s=5.0,lift_mm=5.0,retreat=0|v10|stop",crumb_cube,flooring,0.0,1,1,0,0,0,0,0,1,0,1,0,8.10,0.00
"cloche|backstop=None,clearance_mm=0.0,drop_speed_mm_s=5.0,lift_mm=5.0,retreat=0|v10|stop",crumb_cube,flooring,5.0,1,1,0,0,0,0,0,1,0,1,0,8.11,5.00
"cloche|backstop=None,clearance_mm=0.0,drop_speed_mm_s=5.0,lift_mm=5.0,retreat=0|v10|stop",crumb_cube,flooring,10.0,1,1,0,0,0,0,0,1,1,0,1,8.10,8.99
"cloche|backstop=None,clearance_mm=0.0,drop_speed_mm_s=5.0,lift_mm=5.0,retreat=0|v10|stop",crumb_cube,flooring,15.0,1,1,0,0,0,0,0,1,1,0,1,8.10,9.23
"cloche|backstop=None,clearance_mm=0.0,drop_speed_mm_s=5.0,lift_mm=5.0,retreat=0|v10|stop",crumb_cube,mat,0.0,1,1,0,0,0,0,0,1,0,1,0,8.10,0.00
"cloche|backstop=None,clearance_mm=0.0,drop_speed_mm_s=5.0,lift_mm=5.0,retreat=0|v10|stop",crumb_cube,mat,5.0,1,1,0,0,0,0,0,1,0,1,0,8.11,5.00
"cloche|backstop=None,clearance_mm=0.0,drop_speed_mm_s=5.0,lift_mm=5.0,retreat=0|v10|stop",crumb_cube,mat,10.0,1,1,0,0,0,0,0,1,1,0,1,8.10,8.99
"cloche|backstop=None,clearance_mm=0.0,drop_speed_mm_s=5.0,lift_mm=5.0,retreat=0|v10|stop",crumb_cube,mat,15.0,1,1,0,0,0,0,0,1,1,0,1,8.10,9.23
"cloche|backstop=None,clearance_mm=0.0,drop_speed_mm_s=5.0,lift_mm=5.0,retreat=30|v10|stop",battery_cr2032,flooring,0.0,1,1,0,0,0,0,0,1,0,1,0,11.04,0.01
"cloche|backstop=None,clearance_mm=0.0,drop_speed_mm_s=5.0,lift_mm=5.0,retreat=30|v10|stop",battery_cr2032,flooring,5.0,1,1,0,0,0,0,0,1,0,1,0,11.03,5.00
"cloche|backstop=None,clearance_mm=0.0,drop_speed_mm_s=5.0,lift_mm=5.0,retreat=30|v10|stop",battery_cr2032,flooring,10.0,1,0,0,0,0,0,1,1,0,1,0,,
"cloche|backstop=None,clearance_mm=0.0,drop_speed_mm_s=5.0,lift_mm=5.0,retreat=30|v10|stop",battery_cr2032,flooring,15.0,1,0,0,0,0,1,0,0,0,0,0,,
"cloche|backstop=None,clearance_mm=0.0,drop_speed_mm_s=5.0,lift_mm=5.0,retreat=30|v10|stop",battery_cr2032,mat,0.0,1,1,0,0,0,0,0,1,0,1,0,11.03,0.01
"cloche|backstop=None,clearance_mm=0.0,drop_speed_mm_s=5.0,lift_mm=5.0,retreat=30|v10|stop",battery_cr2032,mat,5.0,1,1,0,0,0,0,0,1,0,1,0,11.03,5.00
"cloche|backstop=None,clearance_mm=0.0,drop_speed_mm_s=5.0,lift_mm=5.0,retreat=30|v10|stop",battery_cr2032,mat,10.0,1,0,0,0,0,0,1,1,0,1,0,,
"cloche|backstop=None,clearance_mm=0.0,drop_speed_mm_s=5.0,lift_mm=5.0,retreat=30|v10|stop",battery_cr2032,mat,15.0,1,0,0,0,0,1,0,0,0,0,0,,
"cloche|backstop=None,clearance_mm=0.0,drop_speed_mm_s=5.0,lift_mm=5.0,retreat=30|v10|stop",bead,flooring,0.0,1,1,0,0,0,0,0,1,0,1,0,5.04,0.00
"cloche|backstop=None,clearance_mm=0.0,drop_speed_mm_s=5.0,lift_mm=5.0,retreat=30|v10|stop",bead,flooring,5.0,1,1,0,0,0,0,0,1,0,1,0,5.03,5.00
"cloche|backstop=None,clearance_mm=0.0,drop_speed_mm_s=5.0,lift_mm=5.0,retreat=30|v10|stop",bead,flooring,10.0,1,1,0,0,0,0,0,1,0,1,0,5.04,10.00
"cloche|backstop=None,clearance_mm=0.0,drop_speed_mm_s=5.0,lift_mm=5.0,retreat=30|v10|stop",bead,flooring,15.0,1,1,0,0,0,0,0,1,1,0,1,4.99,10.56
"cloche|backstop=None,clearance_mm=0.0,drop_speed_mm_s=5.0,lift_mm=5.0,retreat=30|v10|stop",bead,mat,0.0,1,1,0,0,0,0,0,1,0,1,0,5.04,0.00
"cloche|backstop=None,clearance_mm=0.0,drop_speed_mm_s=5.0,lift_mm=5.0,retreat=30|v10|stop",bead,mat,5.0,1,1,0,0,0,0,0,1,0,1,0,5.03,5.00
"cloche|backstop=None,clearance_mm=0.0,drop_speed_mm_s=5.0,lift_mm=5.0,retreat=30|v10|stop",bead,mat,10.0,1,1,0,0,0,0,0,1,0,1,0,5.04,10.00
"cloche|backstop=None,clearance_mm=0.0,drop_speed_mm_s=5.0,lift_mm=5.0,retreat=30|v10|stop",bead,mat,15.0,1,1,0,0,0,0,0,1,1,0,1,3.97,7.77
"cloche|backstop=None,clearance_mm=0.0,drop_speed_mm_s=5.0,lift_mm=5.0,retreat=30|v10|stop",coin_1yen,flooring,0.0,1,1,0,0,0,0,0,1,0,1,0,11.04,0.00
"cloche|backstop=None,clearance_mm=0.0,drop_speed_mm_s=5.0,lift_mm=5.0,retreat=30|v10|stop",coin_1yen,flooring,5.0,1,1,0,0,0,0,0,1,0,1,0,11.03,5.00
"cloche|backstop=None,clearance_mm=0.0,drop_speed_mm_s=5.0,lift_mm=5.0,retreat=30|v10|stop",coin_1yen,flooring,10.0,1,0,0,0,0,0,1,1,0,1,0,,
"cloche|backstop=None,clearance_mm=0.0,drop_speed_mm_s=5.0,lift_mm=5.0,retreat=30|v10|stop",coin_1yen,flooring,15.0,1,0,0,0,0,0,1,1,0,1,0,,
"cloche|backstop=None,clearance_mm=0.0,drop_speed_mm_s=5.0,lift_mm=5.0,retreat=30|v10|stop",coin_1yen,mat,0.0,1,1,0,0,0,0,0,1,0,1,0,11.04,0.00
"cloche|backstop=None,clearance_mm=0.0,drop_speed_mm_s=5.0,lift_mm=5.0,retreat=30|v10|stop",coin_1yen,mat,5.0,1,1,0,0,0,0,0,1,0,1,0,11.03,5.00
"cloche|backstop=None,clearance_mm=0.0,drop_speed_mm_s=5.0,lift_mm=5.0,retreat=30|v10|stop",coin_1yen,mat,10.0,1,0,0,0,0,0,1,1,0,1,0,,
"cloche|backstop=None,clearance_mm=0.0,drop_speed_mm_s=5.0,lift_mm=5.0,retreat=30|v10|stop",coin_1yen,mat,15.0,1,0,0,0,0,0,1,1,0,1,0,,
"cloche|backstop=None,clearance_mm=0.0,drop_speed_mm_s=5.0,lift_mm=5.0,retreat=30|v10|stop",crumb_cube,flooring,0.0,1,1,0,0,0,0,0,1,0,1,0,8.10,0.00
"cloche|backstop=None,clearance_mm=0.0,drop_speed_mm_s=5.0,lift_mm=5.0,retreat=30|v10|stop",crumb_cube,flooring,5.0,1,1,0,0,0,0,0,1,0,1,0,8.11,5.00
"cloche|backstop=None,clearance_mm=0.0,drop_speed_mm_s=5.0,lift_mm=5.0,retreat=30|v10|stop",crumb_cube,flooring,10.0,1,1,0,0,0,0,0,1,1,0,1,8.10,8.99
"cloche|backstop=None,clearance_mm=0.0,drop_speed_mm_s=5.0,lift_mm=5.0,retreat=30|v10|stop",crumb_cube,flooring,15.0,1,1,0,0,0,0,0,1,1,0,1,8.10,9.23
"cloche|backstop=None,clearance_mm=0.0,drop_speed_mm_s=5.0,lift_mm=5.0,retreat=30|v10|stop",crumb_cube,mat,0.0,1,1,0,0,0,0,0,1,0,1,0,8.10,0.00
"cloche|backstop=None,clearance_mm=0.0,drop_speed_mm_s=5.0,lift_mm=5.0,retreat=30|v10|stop",crumb_cube,mat,5.0,1,1,0,0,0,0,0,1,0,1,0,8.11,5.00
"cloche|backstop=None,clearance_mm=0.0,drop_speed_mm_s=5.0,lift_mm=5.0,retreat=30|v10|stop",crumb_cube,mat,10.0,1,1,0,0,0,0,0,1,1,0,1,8.10,8.99
"cloche|backstop=None,clearance_mm=0.0,drop_speed_mm_s=5.0,lift_mm=5.0,retreat=30|v10|stop",crumb_cube,mat,15.0,1,1,0,0,0,0,0,1,1,0,1,8.10,9.23
"cloche|backstop=None,clearance_mm=0.0,drop_speed_mm_s=5.0,lift_mm=8.0,retreat=-30|v10|stop",battery_cr2032,flooring,0.0,1,1,0,0,0,0,0,1,0,1,0,11.04,0.01
"cloche|backstop=None,clearance_mm=0.0,drop_speed_mm_s=5.0,lift_mm=8.0,retreat=-30|v10|stop",battery_cr2032,flooring,5.0,1,1,0,0,0,0,0,1,0,1,0,11.03,5.00
"cloche|backstop=None,clearance_mm=0.0,drop_speed_mm_s=5.0,lift_mm=8.0,retreat=-30|v10|stop",battery_cr2032,flooring,10.0,1,0,0,0,0,0,1,1,0,1,0,,
"cloche|backstop=None,clearance_mm=0.0,drop_speed_mm_s=5.0,lift_mm=8.0,retreat=-30|v10|stop",battery_cr2032,flooring,15.0,1,0,0,0,0,1,0,0,0,0,0,,
"cloche|backstop=None,clearance_mm=0.0,drop_speed_mm_s=5.0,lift_mm=8.0,retreat=-30|v10|stop",battery_cr2032,mat,0.0,1,1,0,0,0,0,0,1,0,1,0,11.03,0.01
"cloche|backstop=None,clearance_mm=0.0,drop_speed_mm_s=5.0,lift_mm=8.0,retreat=-30|v10|stop",battery_cr2032,mat,5.0,1,1,0,0,0,0,0,1,0,1,0,11.03,5.00
"cloche|backstop=None,clearance_mm=0.0,drop_speed_mm_s=5.0,lift_mm=8.0,retreat=-30|v10|stop",battery_cr2032,mat,10.0,1,0,0,0,0,0,1,1,0,1,0,,
"cloche|backstop=None,clearance_mm=0.0,drop_speed_mm_s=5.0,lift_mm=8.0,retreat=-30|v10|stop",battery_cr2032,mat,15.0,1,0,0,0,0,1,0,0,0,0,0,,
"cloche|backstop=None,clearance_mm=0.0,drop_speed_mm_s=5.0,lift_mm=8.0,retreat=-30|v10|stop",bead,flooring,0.0,1,1,0,0,0,0,0,1,0,1,0,5.04,0.00
"cloche|backstop=None,clearance_mm=0.0,drop_speed_mm_s=5.0,lift_mm=8.0,retreat=-30|v10|stop",bead,flooring,5.0,1,1,0,0,0,0,0,1,0,1,0,5.03,5.00
"cloche|backstop=None,clearance_mm=0.0,drop_speed_mm_s=5.0,lift_mm=8.0,retreat=-30|v10|stop",bead,flooring,10.0,1,1,0,0,0,0,0,1,0,1,0,5.04,10.00
"cloche|backstop=None,clearance_mm=0.0,drop_speed_mm_s=5.0,lift_mm=8.0,retreat=-30|v10|stop",bead,flooring,15.0,1,0,1,0,0,0,0,1,1,0,1,5.02,9.42
"cloche|backstop=None,clearance_mm=0.0,drop_speed_mm_s=5.0,lift_mm=8.0,retreat=-30|v10|stop",bead,mat,0.0,1,1,0,0,0,0,0,1,0,1,0,5.04,0.00
"cloche|backstop=None,clearance_mm=0.0,drop_speed_mm_s=5.0,lift_mm=8.0,retreat=-30|v10|stop",bead,mat,5.0,1,1,0,0,0,0,0,1,0,1,0,5.03,5.00
"cloche|backstop=None,clearance_mm=0.0,drop_speed_mm_s=5.0,lift_mm=8.0,retreat=-30|v10|stop",bead,mat,10.0,1,1,0,0,0,0,0,1,0,1,0,5.04,10.00
"cloche|backstop=None,clearance_mm=0.0,drop_speed_mm_s=5.0,lift_mm=8.0,retreat=-30|v10|stop",bead,mat,15.0,1,0,1,0,0,0,0,1,1,0,1,5.02,1.11
"cloche|backstop=None,clearance_mm=0.0,drop_speed_mm_s=5.0,lift_mm=8.0,retreat=-30|v10|stop",coin_1yen,flooring,0.0,1,1,0,0,0,0,0,1,0,1,0,11.04,0.00
"cloche|backstop=None,clearance_mm=0.0,drop_speed_mm_s=5.0,lift_mm=8.0,retreat=-30|v10|stop",coin_1yen,flooring,5.0,1,1,0,0,0,0,0,1,0,1,0,11.03,5.00
"cloche|backstop=None,clearance_mm=0.0,drop_speed_mm_s=5.0,lift_mm=8.0,retreat=-30|v10|stop",coin_1yen,flooring,10.0,1,0,0,0,0,0,1,1,0,1,0,,
"cloche|backstop=None,clearance_mm=0.0,drop_speed_mm_s=5.0,lift_mm=8.0,retreat=-30|v10|stop",coin_1yen,flooring,15.0,1,0,0,0,0,0,1,1,0,1,0,,
"cloche|backstop=None,clearance_mm=0.0,drop_speed_mm_s=5.0,lift_mm=8.0,retreat=-30|v10|stop",coin_1yen,mat,0.0,1,1,0,0,0,0,0,1,0,1,0,11.04,0.00
"cloche|backstop=None,clearance_mm=0.0,drop_speed_mm_s=5.0,lift_mm=8.0,retreat=-30|v10|stop",coin_1yen,mat,5.0,1,1,0,0,0,0,0,1,0,1,0,11.03,5.00
"cloche|backstop=None,clearance_mm=0.0,drop_speed_mm_s=5.0,lift_mm=8.0,retreat=-30|v10|stop",coin_1yen,mat,10.0,1,0,0,0,0,0,1,1,0,1,0,,
"cloche|backstop=None,clearance_mm=0.0,drop_speed_mm_s=5.0,lift_mm=8.0,retreat=-30|v10|stop",coin_1yen,mat,15.0,1,0,0,0,0,0,1,1,0,1,0,,
"cloche|backstop=None,clearance_mm=0.0,drop_speed_mm_s=5.0,lift_mm=8.0,retreat=-30|v10|stop",crumb_cube,flooring,0.0,1,1,0,0,0,0,0,1,0,1,0,8.10,0.00
"cloche|backstop=None,clearance_mm=0.0,drop_speed_mm_s=5.0,lift_mm=8.0,retreat=-30|v10|stop",crumb_cube,flooring,5.0,1,1,0,0,0,0,0,1,0,1,0,8.11,5.00
"cloche|backstop=None,clearance_mm=0.0,drop_speed_mm_s=5.0,lift_mm=8.0,retreat=-30|v10|stop",crumb_cube,flooring,10.0,1,1,0,0,0,0,0,1,1,0,1,8.11,9.11
"cloche|backstop=None,clearance_mm=0.0,drop_speed_mm_s=5.0,lift_mm=8.0,retreat=-30|v10|stop",crumb_cube,flooring,15.0,1,1,0,0,0,0,0,1,1,0,1,8.11,9.98
"cloche|backstop=None,clearance_mm=0.0,drop_speed_mm_s=5.0,lift_mm=8.0,retreat=-30|v10|stop",crumb_cube,mat,0.0,1,1,0,0,0,0,0,1,0,1,0,8.10,0.00
"cloche|backstop=None,clearance_mm=0.0,drop_speed_mm_s=5.0,lift_mm=8.0,retreat=-30|v10|stop",crumb_cube,mat,5.0,1,1,0,0,0,0,0,1,0,1,0,8.11,5.00
"cloche|backstop=None,clearance_mm=0.0,drop_speed_mm_s=5.0,lift_mm=8.0,retreat=-30|v10|stop",crumb_cube,mat,10.0,1,1,0,0,0,0,0,1,1,0,1,8.11,9.11
"cloche|backstop=None,clearance_mm=0.0,drop_speed_mm_s=5.0,lift_mm=8.0,retreat=-30|v10|stop",crumb_cube,mat,15.0,1,1,0,0,0,0,0,1,1,0,1,8.11,9.98
"cloche|backstop=None,clearance_mm=0.0,drop_speed_mm_s=5.0,lift_mm=8.0,retreat=0|v10|stop",battery_cr2032,flooring,0.0,1,1,0,0,0,0,0,1,0,1,0,11.04,0.01
"cloche|backstop=None,clearance_mm=0.0,drop_speed_mm_s=5.0,lift_mm=8.0,retreat=0|v10|stop",battery_cr2032,flooring,5.0,1,1,0,0,0,0,0,1,0,1,0,11.03,5.00
"cloche|backstop=None,clearance_mm=0.0,drop_speed_mm_s=5.0,lift_mm=8.0,retreat=0|v10|stop",battery_cr2032,flooring,10.0,1,0,0,0,0,0,1,1,0,1,0,,
"cloche|backstop=None,clearance_mm=0.0,drop_speed_mm_s=5.0,lift_mm=8.0,retreat=0|v10|stop",battery_cr2032,flooring,15.0,1,0,0,0,0,1,0,0,0,0,0,,
"cloche|backstop=None,clearance_mm=0.0,drop_speed_mm_s=5.0,lift_mm=8.0,retreat=0|v10|stop",battery_cr2032,mat,0.0,1,1,0,0,0,0,0,1,0,1,0,11.03,0.01
"cloche|backstop=None,clearance_mm=0.0,drop_speed_mm_s=5.0,lift_mm=8.0,retreat=0|v10|stop",battery_cr2032,mat,5.0,1,1,0,0,0,0,0,1,0,1,0,11.03,5.00
"cloche|backstop=None,clearance_mm=0.0,drop_speed_mm_s=5.0,lift_mm=8.0,retreat=0|v10|stop",battery_cr2032,mat,10.0,1,0,0,0,0,0,1,1,0,1,0,,
"cloche|backstop=None,clearance_mm=0.0,drop_speed_mm_s=5.0,lift_mm=8.0,retreat=0|v10|stop",battery_cr2032,mat,15.0,1,0,0,0,0,1,0,0,0,0,0,,
"cloche|backstop=None,clearance_mm=0.0,drop_speed_mm_s=5.0,lift_mm=8.0,retreat=0|v10|stop",bead,flooring,0.0,1,1,0,0,0,0,0,1,0,1,0,5.04,0.00
"cloche|backstop=None,clearance_mm=0.0,drop_speed_mm_s=5.0,lift_mm=8.0,retreat=0|v10|stop",bead,flooring,5.0,1,1,0,0,0,0,0,1,0,1,0,5.03,5.00
"cloche|backstop=None,clearance_mm=0.0,drop_speed_mm_s=5.0,lift_mm=8.0,retreat=0|v10|stop",bead,flooring,10.0,1,1,0,0,0,0,0,1,0,1,0,5.04,10.00
"cloche|backstop=None,clearance_mm=0.0,drop_speed_mm_s=5.0,lift_mm=8.0,retreat=0|v10|stop",bead,flooring,15.0,1,0,1,0,0,0,0,1,1,0,1,5.02,9.42
"cloche|backstop=None,clearance_mm=0.0,drop_speed_mm_s=5.0,lift_mm=8.0,retreat=0|v10|stop",bead,mat,0.0,1,1,0,0,0,0,0,1,0,1,0,5.04,0.00
"cloche|backstop=None,clearance_mm=0.0,drop_speed_mm_s=5.0,lift_mm=8.0,retreat=0|v10|stop",bead,mat,5.0,1,1,0,0,0,0,0,1,0,1,0,5.03,5.00
"cloche|backstop=None,clearance_mm=0.0,drop_speed_mm_s=5.0,lift_mm=8.0,retreat=0|v10|stop",bead,mat,10.0,1,1,0,0,0,0,0,1,0,1,0,5.04,10.00
"cloche|backstop=None,clearance_mm=0.0,drop_speed_mm_s=5.0,lift_mm=8.0,retreat=0|v10|stop",bead,mat,15.0,1,0,1,0,0,0,0,1,1,0,1,5.02,1.11
"cloche|backstop=None,clearance_mm=0.0,drop_speed_mm_s=5.0,lift_mm=8.0,retreat=0|v10|stop",coin_1yen,flooring,0.0,1,1,0,0,0,0,0,1,0,1,0,11.04,0.00
"cloche|backstop=None,clearance_mm=0.0,drop_speed_mm_s=5.0,lift_mm=8.0,retreat=0|v10|stop",coin_1yen,flooring,5.0,1,1,0,0,0,0,0,1,0,1,0,11.03,5.00
"cloche|backstop=None,clearance_mm=0.0,drop_speed_mm_s=5.0,lift_mm=8.0,retreat=0|v10|stop",coin_1yen,flooring,10.0,1,0,0,0,0,0,1,1,0,1,0,,
"cloche|backstop=None,clearance_mm=0.0,drop_speed_mm_s=5.0,lift_mm=8.0,retreat=0|v10|stop",coin_1yen,flooring,15.0,1,0,0,0,0,0,1,1,0,1,0,,
"cloche|backstop=None,clearance_mm=0.0,drop_speed_mm_s=5.0,lift_mm=8.0,retreat=0|v10|stop",coin_1yen,mat,0.0,1,1,0,0,0,0,0,1,0,1,0,11.04,0.00
"cloche|backstop=None,clearance_mm=0.0,drop_speed_mm_s=5.0,lift_mm=8.0,retreat=0|v10|stop",coin_1yen,mat,5.0,1,1,0,0,0,0,0,1,0,1,0,11.03,5.00
"cloche|backstop=None,clearance_mm=0.0,drop_speed_mm_s=5.0,lift_mm=8.0,retreat=0|v10|stop",coin_1yen,mat,10.0,1,0,0,0,0,0,1,1,0,1,0,,
"cloche|backstop=None,clearance_mm=0.0,drop_speed_mm_s=5.0,lift_mm=8.0,retreat=0|v10|stop",coin_1yen,mat,15.0,1,0,0,0,0,0,1,1,0,1,0,,
"cloche|backstop=None,clearance_mm=0.0,drop_speed_mm_s=5.0,lift_mm=8.0,retreat=0|v10|stop",crumb_cube,flooring,0.0,1,1,0,0,0,0,0,1,0,1,0,8.10,0.00
"cloche|backstop=None,clearance_mm=0.0,drop_speed_mm_s=5.0,lift_mm=8.0,retreat=0|v10|stop",crumb_cube,flooring,5.0,1,1,0,0,0,0,0,1,0,1,0,8.11,5.00
"cloche|backstop=None,clearance_mm=0.0,drop_speed_mm_s=5.0,lift_mm=8.0,retreat=0|v10|stop",crumb_cube,flooring,10.0,1,1,0,0,0,0,0,1,1,0,1,8.11,9.11
"cloche|backstop=None,clearance_mm=0.0,drop_speed_mm_s=5.0,lift_mm=8.0,retreat=0|v10|stop",crumb_cube,flooring,15.0,1,1,0,0,0,0,0,1,1,0,1,8.11,9.98
"cloche|backstop=None,clearance_mm=0.0,drop_speed_mm_s=5.0,lift_mm=8.0,retreat=0|v10|stop",crumb_cube,mat,0.0,1,1,0,0,0,0,0,1,0,1,0,8.10,0.00
"cloche|backstop=None,clearance_mm=0.0,drop_speed_mm_s=5.0,lift_mm=8.0,retreat=0|v10|stop",crumb_cube,mat,5.0,1,1,0,0,0,0,0,1,0,1,0,8.11,5.00
"cloche|backstop=None,clearance_mm=0.0,drop_speed_mm_s=5.0,lift_mm=8.0,retreat=0|v10|stop",crumb_cube,mat,10.0,1,1,0,0,0,0,0,1,1,0,1,8.11,9.11
"cloche|backstop=None,clearance_mm=0.0,drop_speed_mm_s=5.0,lift_mm=8.0,retreat=0|v10|stop",crumb_cube,mat,15.0,1,1,0,0,0,0,0,1,1,0,1,8.11,9.98
"cloche|backstop=None,clearance_mm=0.0,drop_speed_mm_s=5.0,lift_mm=8.0,retreat=30|v10|stop",battery_cr2032,flooring,0.0,1,1,0,0,0,0,0,1,0,1,0,11.04,0.01
"cloche|backstop=None,clearance_mm=0.0,drop_speed_mm_s=5.0,lift_mm=8.0,retreat=30|v10|stop",battery_cr2032,flooring,5.0,1,1,0,0,0,0,0,1,0,1,0,11.03,5.00
"cloche|backstop=None,clearance_mm=0.0,drop_speed_mm_s=5.0,lift_mm=8.0,retreat=30|v10|stop",battery_cr2032,flooring,10.0,1,0,0,0,0,0,1,1,0,1,0,,
"cloche|backstop=None,clearance_mm=0.0,drop_speed_mm_s=5.0,lift_mm=8.0,retreat=30|v10|stop",battery_cr2032,flooring,15.0,1,0,0,0,0,1,0,0,0,0,0,,
"cloche|backstop=None,clearance_mm=0.0,drop_speed_mm_s=5.0,lift_mm=8.0,retreat=30|v10|stop",battery_cr2032,mat,0.0,1,1,0,0,0,0,0,1,0,1,0,11.03,0.01
"cloche|backstop=None,clearance_mm=0.0,drop_speed_mm_s=5.0,lift_mm=8.0,retreat=30|v10|stop",battery_cr2032,mat,5.0,1,1,0,0,0,0,0,1,0,1,0,11.03,5.00
"cloche|backstop=None,clearance_mm=0.0,drop_speed_mm_s=5.0,lift_mm=8.0,retreat=30|v10|stop",battery_cr2032,mat,10.0,1,0,0,0,0,0,1,1,0,1,0,,
"cloche|backstop=None,clearance_mm=0.0,drop_speed_mm_s=5.0,lift_mm=8.0,retreat=30|v10|stop",battery_cr2032,mat,15.0,1,0,0,0,0,1,0,0,0,0,0,,
"cloche|backstop=None,clearance_mm=0.0,drop_speed_mm_s=5.0,lift_mm=8.0,retreat=30|v10|stop",bead,flooring,0.0,1,1,0,0,0,0,0,1,0,1,0,5.04,0.00
"cloche|backstop=None,clearance_mm=0.0,drop_speed_mm_s=5.0,lift_mm=8.0,retreat=30|v10|stop",bead,flooring,5.0,1,1,0,0,0,0,0,1,0,1,0,5.03,5.00
"cloche|backstop=None,clearance_mm=0.0,drop_speed_mm_s=5.0,lift_mm=8.0,retreat=30|v10|stop",bead,flooring,10.0,1,1,0,0,0,0,0,1,0,1,0,5.04,10.00
"cloche|backstop=None,clearance_mm=0.0,drop_speed_mm_s=5.0,lift_mm=8.0,retreat=30|v10|stop",bead,flooring,15.0,1,0,1,0,0,0,0,1,1,0,1,5.02,9.42
"cloche|backstop=None,clearance_mm=0.0,drop_speed_mm_s=5.0,lift_mm=8.0,retreat=30|v10|stop",bead,mat,0.0,1,1,0,0,0,0,0,1,0,1,0,5.04,0.00
"cloche|backstop=None,clearance_mm=0.0,drop_speed_mm_s=5.0,lift_mm=8.0,retreat=30|v10|stop",bead,mat,5.0,1,1,0,0,0,0,0,1,0,1,0,5.03,5.00
"cloche|backstop=None,clearance_mm=0.0,drop_speed_mm_s=5.0,lift_mm=8.0,retreat=30|v10|stop",bead,mat,10.0,1,1,0,0,0,0,0,1,0,1,0,5.04,10.00
"cloche|backstop=None,clearance_mm=0.0,drop_speed_mm_s=5.0,lift_mm=8.0,retreat=30|v10|stop",bead,mat,15.0,1,0,1,0,0,0,0,1,1,0,1,5.02,1.11
"cloche|backstop=None,clearance_mm=0.0,drop_speed_mm_s=5.0,lift_mm=8.0,retreat=30|v10|stop",coin_1yen,flooring,0.0,1,1,0,0,0,0,0,1,0,1,0,11.04,0.00
"cloche|backstop=None,clearance_mm=0.0,drop_speed_mm_s=5.0,lift_mm=8.0,retreat=30|v10|stop",coin_1yen,flooring,5.0,1,1,0,0,0,0,0,1,0,1,0,11.03,5.00
"cloche|backstop=None,clearance_mm=0.0,drop_speed_mm_s=5.0,lift_mm=8.0,retreat=30|v10|stop",coin_1yen,flooring,10.0,1,0,0,0,0,0,1,1,0,1,0,,
"cloche|backstop=None,clearance_mm=0.0,drop_speed_mm_s=5.0,lift_mm=8.0,retreat=30|v10|stop",coin_1yen,flooring,15.0,1,0,0,0,0,0,1,1,0,1,0,,
"cloche|backstop=None,clearance_mm=0.0,drop_speed_mm_s=5.0,lift_mm=8.0,retreat=30|v10|stop",coin_1yen,mat,0.0,1,1,0,0,0,0,0,1,0,1,0,11.04,0.00
"cloche|backstop=None,clearance_mm=0.0,drop_speed_mm_s=5.0,lift_mm=8.0,retreat=30|v10|stop",coin_1yen,mat,5.0,1,1,0,0,0,0,0,1,0,1,0,11.03,5.00
"cloche|backstop=None,clearance_mm=0.0,drop_speed_mm_s=5.0,lift_mm=8.0,retreat=30|v10|stop",coin_1yen,mat,10.0,1,0,0,0,0,0,1,1,0,1,0,,
"cloche|backstop=None,clearance_mm=0.0,drop_speed_mm_s=5.0,lift_mm=8.0,retreat=30|v10|stop",coin_1yen,mat,15.0,1,0,0,0,0,0,1,1,0,1,0,,
"cloche|backstop=None,clearance_mm=0.0,drop_speed_mm_s=5.0,lift_mm=8.0,retreat=30|v10|stop",crumb_cube,flooring,0.0,1,1,0,0,0,0,0,1,0,1,0,8.10,0.00
"cloche|backstop=None,clearance_mm=0.0,drop_speed_mm_s=5.0,lift_mm=8.0,retreat=30|v10|stop",crumb_cube,flooring,5.0,1,1,0,0,0,0,0,1,0,1,0,8.11,5.00
"cloche|backstop=None,clearance_mm=0.0,drop_speed_mm_s=5.0,lift_mm=8.0,retreat=30|v10|stop",crumb_cube,flooring,10.0,1,1,0,0,0,0,0,1,1,0,1,8.11,9.11
"cloche|backstop=None,clearance_mm=0.0,drop_speed_mm_s=5.0,lift_mm=8.0,retreat=30|v10|stop",crumb_cube,flooring,15.0,1,1,0,0,0,0,0,1,1,0,1,8.11,9.98
"cloche|backstop=None,clearance_mm=0.0,drop_speed_mm_s=5.0,lift_mm=8.0,retreat=30|v10|stop",crumb_cube,mat,0.0,1,1,0,0,0,0,0,1,0,1,0,8.10,0.00
"cloche|backstop=None,clearance_mm=0.0,drop_speed_mm_s=5.0,lift_mm=8.0,retreat=30|v10|stop",crumb_cube,mat,5.0,1,1,0,0,0,0,0,1,0,1,0,8.11,5.00
"cloche|backstop=None,clearance_mm=0.0,drop_speed_mm_s=5.0,lift_mm=8.0,retreat=30|v10|stop",crumb_cube,mat,10.0,1,1,0,0,0,0,0,1,1,0,1,8.11,9.11
"cloche|backstop=None,clearance_mm=0.0,drop_speed_mm_s=5.0,lift_mm=8.0,retreat=30|v10|stop",crumb_cube,mat,15.0,1,1,0,0,0,0,0,1,1,0,1,8.11,9.98
"cloche|backstop=None,clearance_mm=0.3,drop_speed_mm_s=20.0,lift_mm=10.0,retreat=-30|v10|stop",battery_cr2032,flooring,0.0,1,1,0,0,0,0,0,1,0,1,0,11.04,0.01
"cloche|backstop=None,clearance_mm=0.3,drop_speed_mm_s=20.0,lift_mm=10.0,retreat=-30|v10|stop",battery_cr2032,flooring,5.0,1,1,0,0,0,0,0,1,0,1,0,11.03,5.00
"cloche|backstop=None,clearance_mm=0.3,drop_speed_mm_s=20.0,lift_mm=10.0,retreat=-30|v10|stop",battery_cr2032,flooring,10.0,1,0,0,0,0,0,1,1,0,1,0,,
"cloche|backstop=None,clearance_mm=0.3,drop_speed_mm_s=20.0,lift_mm=10.0,retreat=-30|v10|stop",battery_cr2032,flooring,15.0,1,0,0,0,0,1,0,0,0,0,0,,
"cloche|backstop=None,clearance_mm=0.3,drop_speed_mm_s=20.0,lift_mm=10.0,retreat=-30|v10|stop",battery_cr2032,mat,0.0,1,1,0,0,0,0,0,1,0,1,0,11.03,0.01
"cloche|backstop=None,clearance_mm=0.3,drop_speed_mm_s=20.0,lift_mm=10.0,retreat=-30|v10|stop",battery_cr2032,mat,5.0,1,1,0,0,0,0,0,1,0,1,0,11.03,5.00
"cloche|backstop=None,clearance_mm=0.3,drop_speed_mm_s=20.0,lift_mm=10.0,retreat=-30|v10|stop",battery_cr2032,mat,10.0,1,0,0,0,0,0,1,1,0,1,0,,
"cloche|backstop=None,clearance_mm=0.3,drop_speed_mm_s=20.0,lift_mm=10.0,retreat=-30|v10|stop",battery_cr2032,mat,15.0,1,0,0,0,0,1,0,0,0,0,0,,
"cloche|backstop=None,clearance_mm=0.3,drop_speed_mm_s=20.0,lift_mm=10.0,retreat=-30|v10|stop",bead,flooring,0.0,1,1,0,0,0,0,0,1,0,1,0,5.04,0.00
"cloche|backstop=None,clearance_mm=0.3,drop_speed_mm_s=20.0,lift_mm=10.0,retreat=-30|v10|stop",bead,flooring,5.0,1,1,0,0,0,0,0,1,0,1,0,5.03,5.00
"cloche|backstop=None,clearance_mm=0.3,drop_speed_mm_s=20.0,lift_mm=10.0,retreat=-30|v10|stop",bead,flooring,10.0,1,1,0,0,0,0,0,1,0,1,0,5.04,10.00
"cloche|backstop=None,clearance_mm=0.3,drop_speed_mm_s=20.0,lift_mm=10.0,retreat=-30|v10|stop",bead,flooring,15.0,1,0,1,0,0,0,0,1,0,1,0,5.03,3.36
"cloche|backstop=None,clearance_mm=0.3,drop_speed_mm_s=20.0,lift_mm=10.0,retreat=-30|v10|stop",bead,mat,0.0,1,1,0,0,0,0,0,1,0,1,0,5.04,0.00
"cloche|backstop=None,clearance_mm=0.3,drop_speed_mm_s=20.0,lift_mm=10.0,retreat=-30|v10|stop",bead,mat,5.0,1,1,0,0,0,0,0,1,0,1,0,5.03,5.00
"cloche|backstop=None,clearance_mm=0.3,drop_speed_mm_s=20.0,lift_mm=10.0,retreat=-30|v10|stop",bead,mat,10.0,1,1,0,0,0,0,0,1,0,1,0,5.04,10.00
"cloche|backstop=None,clearance_mm=0.3,drop_speed_mm_s=20.0,lift_mm=10.0,retreat=-30|v10|stop",bead,mat,15.0,1,0,1,0,0,0,0,1,0,1,0,5.03,3.50
"cloche|backstop=None,clearance_mm=0.3,drop_speed_mm_s=20.0,lift_mm=10.0,retreat=-30|v10|stop",coin_1yen,flooring,0.0,1,1,0,0,0,0,0,1,0,1,0,11.04,0.00
"cloche|backstop=None,clearance_mm=0.3,drop_speed_mm_s=20.0,lift_mm=10.0,retreat=-30|v10|stop",coin_1yen,flooring,5.0,1,1,0,0,0,0,0,1,0,1,0,11.03,5.00
"cloche|backstop=None,clearance_mm=0.3,drop_speed_mm_s=20.0,lift_mm=10.0,retreat=-30|v10|stop",coin_1yen,flooring,10.0,1,0,0,0,0,0,1,1,0,1,0,,
"cloche|backstop=None,clearance_mm=0.3,drop_speed_mm_s=20.0,lift_mm=10.0,retreat=-30|v10|stop",coin_1yen,flooring,15.0,1,0,0,0,0,0,1,1,0,1,0,,
"cloche|backstop=None,clearance_mm=0.3,drop_speed_mm_s=20.0,lift_mm=10.0,retreat=-30|v10|stop",coin_1yen,mat,0.0,1,1,0,0,0,0,0,1,0,1,0,11.04,0.00
"cloche|backstop=None,clearance_mm=0.3,drop_speed_mm_s=20.0,lift_mm=10.0,retreat=-30|v10|stop",coin_1yen,mat,5.0,1,1,0,0,0,0,0,1,0,1,0,11.03,5.00
"cloche|backstop=None,clearance_mm=0.3,drop_speed_mm_s=20.0,lift_mm=10.0,retreat=-30|v10|stop",coin_1yen,mat,10.0,1,0,0,0,0,0,1,1,0,1,0,,
"cloche|backstop=None,clearance_mm=0.3,drop_speed_mm_s=20.0,lift_mm=10.0,retreat=-30|v10|stop",coin_1yen,mat,15.0,1,0,0,0,0,0,1,1,0,1,0,,
"cloche|backstop=None,clearance_mm=0.3,drop_speed_mm_s=20.0,lift_mm=10.0,retreat=-30|v10|stop",crumb_cube,flooring,0.0,1,1,0,0,0,0,0,1,0,1,0,8.10,0.00
"cloche|backstop=None,clearance_mm=0.3,drop_speed_mm_s=20.0,lift_mm=10.0,retreat=-30|v10|stop",crumb_cube,flooring,5.0,1,1,0,0,0,0,0,1,0,1,0,8.11,5.00
"cloche|backstop=None,clearance_mm=0.3,drop_speed_mm_s=20.0,lift_mm=10.0,retreat=-30|v10|stop",crumb_cube,flooring,10.0,1,1,0,0,0,0,0,1,0,1,0,9.68,7.41
"cloche|backstop=None,clearance_mm=0.3,drop_speed_mm_s=20.0,lift_mm=10.0,retreat=-30|v10|stop",crumb_cube,flooring,15.0,1,0,0,0,0,1,0,0,0,0,0,,
"cloche|backstop=None,clearance_mm=0.3,drop_speed_mm_s=20.0,lift_mm=10.0,retreat=-30|v10|stop",crumb_cube,mat,0.0,1,1,0,0,0,0,0,1,0,1,0,8.10,0.00
"cloche|backstop=None,clearance_mm=0.3,drop_speed_mm_s=20.0,lift_mm=10.0,retreat=-30|v10|stop",crumb_cube,mat,5.0,1,1,0,0,0,0,0,1,0,1,0,8.11,5.00
"cloche|backstop=None,clearance_mm=0.3,drop_speed_mm_s=20.0,lift_mm=10.0,retreat=-30|v10|stop",crumb_cube,mat,10.0,1,1,0,0,0,0,0,1,0,1,0,9.68,7.41
"cloche|backstop=None,clearance_mm=0.3,drop_speed_mm_s=20.0,lift_mm=10.0,retreat=-30|v10|stop",crumb_cube,mat,15.0,1,0,0,0,0,1,0,0,0,0,0,,
"cloche|backstop=None,clearance_mm=0.3,drop_speed_mm_s=20.0,lift_mm=10.0,retreat=0|v10|stop",battery_cr2032,flooring,0.0,1,1,0,0,0,0,0,1,0,1,0,11.04,0.01
"cloche|backstop=None,clearance_mm=0.3,drop_speed_mm_s=20.0,lift_mm=10.0,retreat=0|v10|stop",battery_cr2032,flooring,5.0,1,1,0,0,0,0,0,1,0,1,0,11.03,5.00
"cloche|backstop=None,clearance_mm=0.3,drop_speed_mm_s=20.0,lift_mm=10.0,retreat=0|v10|stop",battery_cr2032,flooring,10.0,1,0,0,0,0,0,1,1,0,1,0,,
"cloche|backstop=None,clearance_mm=0.3,drop_speed_mm_s=20.0,lift_mm=10.0,retreat=0|v10|stop",battery_cr2032,flooring,15.0,1,0,0,0,0,1,0,0,0,0,0,,
"cloche|backstop=None,clearance_mm=0.3,drop_speed_mm_s=20.0,lift_mm=10.0,retreat=0|v10|stop",battery_cr2032,mat,0.0,1,1,0,0,0,0,0,1,0,1,0,11.03,0.01
"cloche|backstop=None,clearance_mm=0.3,drop_speed_mm_s=20.0,lift_mm=10.0,retreat=0|v10|stop",battery_cr2032,mat,5.0,1,1,0,0,0,0,0,1,0,1,0,11.03,5.00
"cloche|backstop=None,clearance_mm=0.3,drop_speed_mm_s=20.0,lift_mm=10.0,retreat=0|v10|stop",battery_cr2032,mat,10.0,1,0,0,0,0,0,1,1,0,1,0,,
"cloche|backstop=None,clearance_mm=0.3,drop_speed_mm_s=20.0,lift_mm=10.0,retreat=0|v10|stop",battery_cr2032,mat,15.0,1,0,0,0,0,1,0,0,0,0,0,,
"cloche|backstop=None,clearance_mm=0.3,drop_speed_mm_s=20.0,lift_mm=10.0,retreat=0|v10|stop",bead,flooring,0.0,1,1,0,0,0,0,0,1,0,1,0,5.04,0.00
"cloche|backstop=None,clearance_mm=0.3,drop_speed_mm_s=20.0,lift_mm=10.0,retreat=0|v10|stop",bead,flooring,5.0,1,1,0,0,0,0,0,1,0,1,0,5.03,5.00
"cloche|backstop=None,clearance_mm=0.3,drop_speed_mm_s=20.0,lift_mm=10.0,retreat=0|v10|stop",bead,flooring,10.0,1,1,0,0,0,0,0,1,0,1,0,5.04,10.00
"cloche|backstop=None,clearance_mm=0.3,drop_speed_mm_s=20.0,lift_mm=10.0,retreat=0|v10|stop",bead,flooring,15.0,1,0,1,0,0,0,0,1,0,1,0,5.03,3.36
"cloche|backstop=None,clearance_mm=0.3,drop_speed_mm_s=20.0,lift_mm=10.0,retreat=0|v10|stop",bead,mat,0.0,1,1,0,0,0,0,0,1,0,1,0,5.04,0.00
"cloche|backstop=None,clearance_mm=0.3,drop_speed_mm_s=20.0,lift_mm=10.0,retreat=0|v10|stop",bead,mat,5.0,1,1,0,0,0,0,0,1,0,1,0,5.03,5.00
"cloche|backstop=None,clearance_mm=0.3,drop_speed_mm_s=20.0,lift_mm=10.0,retreat=0|v10|stop",bead,mat,10.0,1,1,0,0,0,0,0,1,0,1,0,5.04,10.00
"cloche|backstop=None,clearance_mm=0.3,drop_speed_mm_s=20.0,lift_mm=10.0,retreat=0|v10|stop",bead,mat,15.0,1,0,1,0,0,0,0,1,0,1,0,5.03,3.50
"cloche|backstop=None,clearance_mm=0.3,drop_speed_mm_s=20.0,lift_mm=10.0,retreat=0|v10|stop",coin_1yen,flooring,0.0,1,1,0,0,0,0,0,1,0,1,0,11.04,0.00
"cloche|backstop=None,clearance_mm=0.3,drop_speed_mm_s=20.0,lift_mm=10.0,retreat=0|v10|stop",coin_1yen,flooring,5.0,1,1,0,0,0,0,0,1,0,1,0,11.03,5.00
"cloche|backstop=None,clearance_mm=0.3,drop_speed_mm_s=20.0,lift_mm=10.0,retreat=0|v10|stop",coin_1yen,flooring,10.0,1,0,0,0,0,0,1,1,0,1,0,,
"cloche|backstop=None,clearance_mm=0.3,drop_speed_mm_s=20.0,lift_mm=10.0,retreat=0|v10|stop",coin_1yen,flooring,15.0,1,0,0,0,0,0,1,1,0,1,0,,
"cloche|backstop=None,clearance_mm=0.3,drop_speed_mm_s=20.0,lift_mm=10.0,retreat=0|v10|stop",coin_1yen,mat,0.0,1,1,0,0,0,0,0,1,0,1,0,11.04,0.00
"cloche|backstop=None,clearance_mm=0.3,drop_speed_mm_s=20.0,lift_mm=10.0,retreat=0|v10|stop",coin_1yen,mat,5.0,1,1,0,0,0,0,0,1,0,1,0,11.03,5.00
"cloche|backstop=None,clearance_mm=0.3,drop_speed_mm_s=20.0,lift_mm=10.0,retreat=0|v10|stop",coin_1yen,mat,10.0,1,0,0,0,0,0,1,1,0,1,0,,
"cloche|backstop=None,clearance_mm=0.3,drop_speed_mm_s=20.0,lift_mm=10.0,retreat=0|v10|stop",coin_1yen,mat,15.0,1,0,0,0,0,0,1,1,0,1,0,,
"cloche|backstop=None,clearance_mm=0.3,drop_speed_mm_s=20.0,lift_mm=10.0,retreat=0|v10|stop",crumb_cube,flooring,0.0,1,1,0,0,0,0,0,1,0,1,0,8.10,0.00
"cloche|backstop=None,clearance_mm=0.3,drop_speed_mm_s=20.0,lift_mm=10.0,retreat=0|v10|stop",crumb_cube,flooring,5.0,1,1,0,0,0,0,0,1,0,1,0,8.11,5.00
"cloche|backstop=None,clearance_mm=0.3,drop_speed_mm_s=20.0,lift_mm=10.0,retreat=0|v10|stop",crumb_cube,flooring,10.0,1,1,0,0,0,0,0,1,0,1,0,9.68,7.41
"cloche|backstop=None,clearance_mm=0.3,drop_speed_mm_s=20.0,lift_mm=10.0,retreat=0|v10|stop",crumb_cube,flooring,15.0,1,0,0,0,0,1,0,0,0,0,0,,
"cloche|backstop=None,clearance_mm=0.3,drop_speed_mm_s=20.0,lift_mm=10.0,retreat=0|v10|stop",crumb_cube,mat,0.0,1,1,0,0,0,0,0,1,0,1,0,8.10,0.00
"cloche|backstop=None,clearance_mm=0.3,drop_speed_mm_s=20.0,lift_mm=10.0,retreat=0|v10|stop",crumb_cube,mat,5.0,1,1,0,0,0,0,0,1,0,1,0,8.11,5.00
"cloche|backstop=None,clearance_mm=0.3,drop_speed_mm_s=20.0,lift_mm=10.0,retreat=0|v10|stop",crumb_cube,mat,10.0,1,1,0,0,0,0,0,1,0,1,0,9.68,7.41
"cloche|backstop=None,clearance_mm=0.3,drop_speed_mm_s=20.0,lift_mm=10.0,retreat=0|v10|stop",crumb_cube,mat,15.0,1,0,0,0,0,1,0,0,0,0,0,,
"cloche|backstop=None,clearance_mm=0.3,drop_speed_mm_s=20.0,lift_mm=10.0,retreat=30|v10|stop",battery_cr2032,flooring,0.0,1,1,0,0,0,0,0,1,0,1,0,11.04,0.01
"cloche|backstop=None,clearance_mm=0.3,drop_speed_mm_s=20.0,lift_mm=10.0,retreat=30|v10|stop",battery_cr2032,flooring,5.0,1,1,0,0,0,0,0,1,0,1,0,11.03,5.00
"cloche|backstop=None,clearance_mm=0.3,drop_speed_mm_s=20.0,lift_mm=10.0,retreat=30|v10|stop",battery_cr2032,flooring,10.0,1,0,0,0,0,0,1,1,0,1,0,,
"cloche|backstop=None,clearance_mm=0.3,drop_speed_mm_s=20.0,lift_mm=10.0,retreat=30|v10|stop",battery_cr2032,flooring,15.0,1,0,0,0,0,1,0,0,0,0,0,,
"cloche|backstop=None,clearance_mm=0.3,drop_speed_mm_s=20.0,lift_mm=10.0,retreat=30|v10|stop",battery_cr2032,mat,0.0,1,1,0,0,0,0,0,1,0,1,0,11.03,0.01
"cloche|backstop=None,clearance_mm=0.3,drop_speed_mm_s=20.0,lift_mm=10.0,retreat=30|v10|stop",battery_cr2032,mat,5.0,1,1,0,0,0,0,0,1,0,1,0,11.03,5.00
"cloche|backstop=None,clearance_mm=0.3,drop_speed_mm_s=20.0,lift_mm=10.0,retreat=30|v10|stop",battery_cr2032,mat,10.0,1,0,0,0,0,0,1,1,0,1,0,,
"cloche|backstop=None,clearance_mm=0.3,drop_speed_mm_s=20.0,lift_mm=10.0,retreat=30|v10|stop",battery_cr2032,mat,15.0,1,0,0,0,0,1,0,0,0,0,0,,
"cloche|backstop=None,clearance_mm=0.3,drop_speed_mm_s=20.0,lift_mm=10.0,retreat=30|v10|stop",bead,flooring,0.0,1,1,0,0,0,0,0,1,0,1,0,5.04,0.00
"cloche|backstop=None,clearance_mm=0.3,drop_speed_mm_s=20.0,lift_mm=10.0,retreat=30|v10|stop",bead,flooring,5.0,1,1,0,0,0,0,0,1,0,1,0,5.03,5.00
"cloche|backstop=None,clearance_mm=0.3,drop_speed_mm_s=20.0,lift_mm=10.0,retreat=30|v10|stop",bead,flooring,10.0,1,1,0,0,0,0,0,1,0,1,0,5.04,10.00
"cloche|backstop=None,clearance_mm=0.3,drop_speed_mm_s=20.0,lift_mm=10.0,retreat=30|v10|stop",bead,flooring,15.0,1,0,1,0,0,0,0,1,0,1,0,5.03,3.36
"cloche|backstop=None,clearance_mm=0.3,drop_speed_mm_s=20.0,lift_mm=10.0,retreat=30|v10|stop",bead,mat,0.0,1,1,0,0,0,0,0,1,0,1,0,5.04,0.00
"cloche|backstop=None,clearance_mm=0.3,drop_speed_mm_s=20.0,lift_mm=10.0,retreat=30|v10|stop",bead,mat,5.0,1,1,0,0,0,0,0,1,0,1,0,5.03,5.00
"cloche|backstop=None,clearance_mm=0.3,drop_speed_mm_s=20.0,lift_mm=10.0,retreat=30|v10|stop",bead,mat,10.0,1,1,0,0,0,0,0,1,0,1,0,5.04,10.00
"cloche|backstop=None,clearance_mm=0.3,drop_speed_mm_s=20.0,lift_mm=10.0,retreat=30|v10|stop",bead,mat,15.0,1,0,1,0,0,0,0,1,0,1,0,5.03,3.50
"cloche|backstop=None,clearance_mm=0.3,drop_speed_mm_s=20.0,lift_mm=10.0,retreat=30|v10|stop",coin_1yen,flooring,0.0,1,1,0,0,0,0,0,1,0,1,0,11.04,0.00
"cloche|backstop=None,clearance_mm=0.3,drop_speed_mm_s=20.0,lift_mm=10.0,retreat=30|v10|stop",coin_1yen,flooring,5.0,1,1,0,0,0,0,0,1,0,1,0,11.03,5.00
"cloche|backstop=None,clearance_mm=0.3,drop_speed_mm_s=20.0,lift_mm=10.0,retreat=30|v10|stop",coin_1yen,flooring,10.0,1,0,0,0,0,0,1,1,0,1,0,,
"cloche|backstop=None,clearance_mm=0.3,drop_speed_mm_s=20.0,lift_mm=10.0,retreat=30|v10|stop",coin_1yen,flooring,15.0,1,0,0,0,0,0,1,1,0,1,0,,
"cloche|backstop=None,clearance_mm=0.3,drop_speed_mm_s=20.0,lift_mm=10.0,retreat=30|v10|stop",coin_1yen,mat,0.0,1,1,0,0,0,0,0,1,0,1,0,11.04,0.00
"cloche|backstop=None,clearance_mm=0.3,drop_speed_mm_s=20.0,lift_mm=10.0,retreat=30|v10|stop",coin_1yen,mat,5.0,1,1,0,0,0,0,0,1,0,1,0,11.03,5.00
"cloche|backstop=None,clearance_mm=0.3,drop_speed_mm_s=20.0,lift_mm=10.0,retreat=30|v10|stop",coin_1yen,mat,10.0,1,0,0,0,0,0,1,1,0,1,0,,
"cloche|backstop=None,clearance_mm=0.3,drop_speed_mm_s=20.0,lift_mm=10.0,retreat=30|v10|stop",coin_1yen,mat,15.0,1,0,0,0,0,0,1,1,0,1,0,,
"cloche|backstop=None,clearance_mm=0.3,drop_speed_mm_s=20.0,lift_mm=10.0,retreat=30|v10|stop",crumb_cube,flooring,0.0,1,1,0,0,0,0,0,1,0,1,0,8.10,0.00
"cloche|backstop=None,clearance_mm=0.3,drop_speed_mm_s=20.0,lift_mm=10.0,retreat=30|v10|stop",crumb_cube,flooring,5.0,1,1,0,0,0,0,0,1,0,1,0,8.11,5.00
"cloche|backstop=None,clearance_mm=0.3,drop_speed_mm_s=20.0,lift_mm=10.0,retreat=30|v10|stop",crumb_cube,flooring,10.0,1,1,0,0,0,0,0,1,0,1,0,9.68,7.41
"cloche|backstop=None,clearance_mm=0.3,drop_speed_mm_s=20.0,lift_mm=10.0,retreat=30|v10|stop",crumb_cube,flooring,15.0,1,0,0,0,0,1,0,0,0,0,0,,
"cloche|backstop=None,clearance_mm=0.3,drop_speed_mm_s=20.0,lift_mm=10.0,retreat=30|v10|stop",crumb_cube,mat,0.0,1,1,0,0,0,0,0,1,0,1,0,8.10,0.00
"cloche|backstop=None,clearance_mm=0.3,drop_speed_mm_s=20.0,lift_mm=10.0,retreat=30|v10|stop",crumb_cube,mat,5.0,1,1,0,0,0,0,0,1,0,1,0,8.11,5.00
"cloche|backstop=None,clearance_mm=0.3,drop_speed_mm_s=20.0,lift_mm=10.0,retreat=30|v10|stop",crumb_cube,mat,10.0,1,1,0,0,0,0,0,1,0,1,0,9.68,7.41
"cloche|backstop=None,clearance_mm=0.3,drop_speed_mm_s=20.0,lift_mm=10.0,retreat=30|v10|stop",crumb_cube,mat,15.0,1,0,0,0,0,1,0,0,0,0,0,,
"cloche|backstop=None,clearance_mm=0.3,drop_speed_mm_s=20.0,lift_mm=3.0,retreat=-30|v10|stop",battery_cr2032,flooring,0.0,1,1,0,0,0,0,0,1,0,1,0,11.04,0.01
"cloche|backstop=None,clearance_mm=0.3,drop_speed_mm_s=20.0,lift_mm=3.0,retreat=-30|v10|stop",battery_cr2032,flooring,5.0,1,1,0,0,0,0,0,1,0,1,0,11.03,5.00
"cloche|backstop=None,clearance_mm=0.3,drop_speed_mm_s=20.0,lift_mm=3.0,retreat=-30|v10|stop",battery_cr2032,flooring,10.0,1,0,0,0,0,0,1,1,0,1,0,,
"cloche|backstop=None,clearance_mm=0.3,drop_speed_mm_s=20.0,lift_mm=3.0,retreat=-30|v10|stop",battery_cr2032,flooring,15.0,1,0,0,0,0,1,0,0,0,0,0,,
"cloche|backstop=None,clearance_mm=0.3,drop_speed_mm_s=20.0,lift_mm=3.0,retreat=-30|v10|stop",battery_cr2032,mat,0.0,1,1,0,0,0,0,0,1,0,1,0,11.03,0.01
"cloche|backstop=None,clearance_mm=0.3,drop_speed_mm_s=20.0,lift_mm=3.0,retreat=-30|v10|stop",battery_cr2032,mat,5.0,1,1,0,0,0,0,0,1,0,1,0,11.03,5.00
"cloche|backstop=None,clearance_mm=0.3,drop_speed_mm_s=20.0,lift_mm=3.0,retreat=-30|v10|stop",battery_cr2032,mat,10.0,1,0,0,0,0,0,1,1,0,1,0,,
"cloche|backstop=None,clearance_mm=0.3,drop_speed_mm_s=20.0,lift_mm=3.0,retreat=-30|v10|stop",battery_cr2032,mat,15.0,1,0,0,0,0,1,0,0,0,0,0,,
"cloche|backstop=None,clearance_mm=0.3,drop_speed_mm_s=20.0,lift_mm=3.0,retreat=-30|v10|stop",bead,flooring,0.0,1,1,0,0,0,0,0,1,0,1,0,5.04,0.00
"cloche|backstop=None,clearance_mm=0.3,drop_speed_mm_s=20.0,lift_mm=3.0,retreat=-30|v10|stop",bead,flooring,5.0,1,1,0,0,0,0,0,1,0,1,0,5.03,5.00
"cloche|backstop=None,clearance_mm=0.3,drop_speed_mm_s=20.0,lift_mm=3.0,retreat=-30|v10|stop",bead,flooring,10.0,1,1,0,0,0,0,0,1,0,1,0,5.04,10.00
"cloche|backstop=None,clearance_mm=0.3,drop_speed_mm_s=20.0,lift_mm=3.0,retreat=-30|v10|stop",bead,flooring,15.0,1,1,0,0,0,0,0,1,1,0,1,5.01,10.45
"cloche|backstop=None,clearance_mm=0.3,drop_speed_mm_s=20.0,lift_mm=3.0,retreat=-30|v10|stop",bead,mat,0.0,1,1,0,0,0,0,0,1,0,1,0,5.04,0.00
"cloche|backstop=None,clearance_mm=0.3,drop_speed_mm_s=20.0,lift_mm=3.0,retreat=-30|v10|stop",bead,mat,5.0,1,1,0,0,0,0,0,1,0,1,0,5.03,5.00
"cloche|backstop=None,clearance_mm=0.3,drop_speed_mm_s=20.0,lift_mm=3.0,retreat=-30|v10|stop",bead,mat,10.0,1,1,0,0,0,0,0,1,0,1,0,5.04,10.00
"cloche|backstop=None,clearance_mm=0.3,drop_speed_mm_s=20.0,lift_mm=3.0,retreat=-30|v10|stop",bead,mat,15.0,1,1,0,0,0,0,0,1,1,0,1,4.75,8.90
"cloche|backstop=None,clearance_mm=0.3,drop_speed_mm_s=20.0,lift_mm=3.0,retreat=-30|v10|stop",coin_1yen,flooring,0.0,1,1,0,0,0,0,0,1,0,1,0,11.04,0.00
"cloche|backstop=None,clearance_mm=0.3,drop_speed_mm_s=20.0,lift_mm=3.0,retreat=-30|v10|stop",coin_1yen,flooring,5.0,1,1,0,0,0,0,0,1,0,1,0,11.03,5.00
"cloche|backstop=None,clearance_mm=0.3,drop_speed_mm_s=20.0,lift_mm=3.0,retreat=-30|v10|stop",coin_1yen,flooring,10.0,1,0,0,0,0,0,1,1,0,1,0,,
"cloche|backstop=None,clearance_mm=0.3,drop_speed_mm_s=20.0,lift_mm=3.0,retreat=-30|v10|stop",coin_1yen,flooring,15.0,1,0,0,0,0,0,1,1,0,1,0,,
"cloche|backstop=None,clearance_mm=0.3,drop_speed_mm_s=20.0,lift_mm=3.0,retreat=-30|v10|stop",coin_1yen,mat,0.0,1,1,0,0,0,0,0,1,0,1,0,11.04,0.00
"cloche|backstop=None,clearance_mm=0.3,drop_speed_mm_s=20.0,lift_mm=3.0,retreat=-30|v10|stop",coin_1yen,mat,5.0,1,1,0,0,0,0,0,1,0,1,0,11.03,5.00
"cloche|backstop=None,clearance_mm=0.3,drop_speed_mm_s=20.0,lift_mm=3.0,retreat=-30|v10|stop",coin_1yen,mat,10.0,1,0,0,0,0,0,1,1,0,1,0,,
"cloche|backstop=None,clearance_mm=0.3,drop_speed_mm_s=20.0,lift_mm=3.0,retreat=-30|v10|stop",coin_1yen,mat,15.0,1,0,0,0,0,0,1,1,0,1,0,,
"cloche|backstop=None,clearance_mm=0.3,drop_speed_mm_s=20.0,lift_mm=3.0,retreat=-30|v10|stop",crumb_cube,flooring,0.0,1,1,0,0,0,0,0,1,0,1,0,8.10,0.00
"cloche|backstop=None,clearance_mm=0.3,drop_speed_mm_s=20.0,lift_mm=3.0,retreat=-30|v10|stop",crumb_cube,flooring,5.0,1,1,0,0,0,0,0,1,0,1,0,8.11,5.00
"cloche|backstop=None,clearance_mm=0.3,drop_speed_mm_s=20.0,lift_mm=3.0,retreat=-30|v10|stop",crumb_cube,flooring,10.0,1,1,0,0,0,0,0,1,1,0,1,8.10,8.92
"cloche|backstop=None,clearance_mm=0.3,drop_speed_mm_s=20.0,lift_mm=3.0,retreat=-30|v10|stop",crumb_cube,flooring,15.0,1,1,0,0,0,0,0,1,1,0,1,8.11,9.12
"cloche|backstop=None,clearance_mm=0.3,drop_speed_mm_s=20.0,lift_mm=3.0,retreat=-30|v10|stop",crumb_cube,mat,0.0,1,1,0,0,0,0,0,1,0,1,0,8.10,0.00
"cloche|backstop=None,clearance_mm=0.3,drop_speed_mm_s=20.0,lift_mm=3.0,retreat=-30|v10|stop",crumb_cube,mat,5.0,1,1,0,0,0,0,0,1,0,1,0,8.11,5.00
"cloche|backstop=None,clearance_mm=0.3,drop_speed_mm_s=20.0,lift_mm=3.0,retreat=-30|v10|stop",crumb_cube,mat,10.0,1,1,0,0,0,0,0,1,1,0,1,8.10,8.92
"cloche|backstop=None,clearance_mm=0.3,drop_speed_mm_s=20.0,lift_mm=3.0,retreat=-30|v10|stop",crumb_cube,mat,15.0,1,1,0,0,0,0,0,1,1,0,1,8.11,9.12
"cloche|backstop=None,clearance_mm=0.3,drop_speed_mm_s=20.0,lift_mm=3.0,retreat=0|v10|stop",battery_cr2032,flooring,0.0,1,1,0,0,0,0,0,1,0,1,0,11.04,0.01
"cloche|backstop=None,clearance_mm=0.3,drop_speed_mm_s=20.0,lift_mm=3.0,retreat=0|v10|stop",battery_cr2032,flooring,5.0,1,1,0,0,0,0,0,1,0,1,0,11.03,5.00
"cloche|backstop=None,clearance_mm=0.3,drop_speed_mm_s=20.0,lift_mm=3.0,retreat=0|v10|stop",battery_cr2032,flooring,10.0,1,0,0,0,0,0,1,1,0,1,0,,
"cloche|backstop=None,clearance_mm=0.3,drop_speed_mm_s=20.0,lift_mm=3.0,retreat=0|v10|stop",battery_cr2032,flooring,15.0,1,0,0,0,0,1,0,0,0,0,0,,
"cloche|backstop=None,clearance_mm=0.3,drop_speed_mm_s=20.0,lift_mm=3.0,retreat=0|v10|stop",battery_cr2032,mat,0.0,1,1,0,0,0,0,0,1,0,1,0,11.03,0.01
"cloche|backstop=None,clearance_mm=0.3,drop_speed_mm_s=20.0,lift_mm=3.0,retreat=0|v10|stop",battery_cr2032,mat,5.0,1,1,0,0,0,0,0,1,0,1,0,11.03,5.00
"cloche|backstop=None,clearance_mm=0.3,drop_speed_mm_s=20.0,lift_mm=3.0,retreat=0|v10|stop",battery_cr2032,mat,10.0,1,0,0,0,0,0,1,1,0,1,0,,
"cloche|backstop=None,clearance_mm=0.3,drop_speed_mm_s=20.0,lift_mm=3.0,retreat=0|v10|stop",battery_cr2032,mat,15.0,1,0,0,0,0,1,0,0,0,0,0,,
"cloche|backstop=None,clearance_mm=0.3,drop_speed_mm_s=20.0,lift_mm=3.0,retreat=0|v10|stop",bead,flooring,0.0,1,1,0,0,0,0,0,1,0,1,0,5.04,0.00
"cloche|backstop=None,clearance_mm=0.3,drop_speed_mm_s=20.0,lift_mm=3.0,retreat=0|v10|stop",bead,flooring,5.0,1,1,0,0,0,0,0,1,0,1,0,5.03,5.00
"cloche|backstop=None,clearance_mm=0.3,drop_speed_mm_s=20.0,lift_mm=3.0,retreat=0|v10|stop",bead,flooring,10.0,1,1,0,0,0,0,0,1,0,1,0,5.04,10.00
"cloche|backstop=None,clearance_mm=0.3,drop_speed_mm_s=20.0,lift_mm=3.0,retreat=0|v10|stop",bead,flooring,15.0,1,1,0,0,0,0,0,1,1,0,1,5.01,10.45
"cloche|backstop=None,clearance_mm=0.3,drop_speed_mm_s=20.0,lift_mm=3.0,retreat=0|v10|stop",bead,mat,0.0,1,1,0,0,0,0,0,1,0,1,0,5.04,0.00
"cloche|backstop=None,clearance_mm=0.3,drop_speed_mm_s=20.0,lift_mm=3.0,retreat=0|v10|stop",bead,mat,5.0,1,1,0,0,0,0,0,1,0,1,0,5.03,5.00
"cloche|backstop=None,clearance_mm=0.3,drop_speed_mm_s=20.0,lift_mm=3.0,retreat=0|v10|stop",bead,mat,10.0,1,1,0,0,0,0,0,1,0,1,0,5.04,10.00
"cloche|backstop=None,clearance_mm=0.3,drop_speed_mm_s=20.0,lift_mm=3.0,retreat=0|v10|stop",bead,mat,15.0,1,1,0,0,0,0,0,1,1,0,1,4.75,8.90
"cloche|backstop=None,clearance_mm=0.3,drop_speed_mm_s=20.0,lift_mm=3.0,retreat=0|v10|stop",coin_1yen,flooring,0.0,1,1,0,0,0,0,0,1,0,1,0,11.04,0.00
"cloche|backstop=None,clearance_mm=0.3,drop_speed_mm_s=20.0,lift_mm=3.0,retreat=0|v10|stop",coin_1yen,flooring,5.0,1,1,0,0,0,0,0,1,0,1,0,11.03,5.00
"cloche|backstop=None,clearance_mm=0.3,drop_speed_mm_s=20.0,lift_mm=3.0,retreat=0|v10|stop",coin_1yen,flooring,10.0,1,0,0,0,0,0,1,1,0,1,0,,
"cloche|backstop=None,clearance_mm=0.3,drop_speed_mm_s=20.0,lift_mm=3.0,retreat=0|v10|stop",coin_1yen,flooring,15.0,1,0,0,0,0,0,1,1,0,1,0,,
"cloche|backstop=None,clearance_mm=0.3,drop_speed_mm_s=20.0,lift_mm=3.0,retreat=0|v10|stop",coin_1yen,mat,0.0,1,1,0,0,0,0,0,1,0,1,0,11.04,0.00
"cloche|backstop=None,clearance_mm=0.3,drop_speed_mm_s=20.0,lift_mm=3.0,retreat=0|v10|stop",coin_1yen,mat,5.0,1,1,0,0,0,0,0,1,0,1,0,11.03,5.00
"cloche|backstop=None,clearance_mm=0.3,drop_speed_mm_s=20.0,lift_mm=3.0,retreat=0|v10|stop",coin_1yen,mat,10.0,1,0,0,0,0,0,1,1,0,1,0,,
"cloche|backstop=None,clearance_mm=0.3,drop_speed_mm_s=20.0,lift_mm=3.0,retreat=0|v10|stop",coin_1yen,mat,15.0,1,0,0,0,0,0,1,1,0,1,0,,
"cloche|backstop=None,clearance_mm=0.3,drop_speed_mm_s=20.0,lift_mm=3.0,retreat=0|v10|stop",crumb_cube,flooring,0.0,1,1,0,0,0,0,0,1,0,1,0,8.10,0.00
"cloche|backstop=None,clearance_mm=0.3,drop_speed_mm_s=20.0,lift_mm=3.0,retreat=0|v10|stop",crumb_cube,flooring,5.0,1,1,0,0,0,0,0,1,0,1,0,8.11,5.00
"cloche|backstop=None,clearance_mm=0.3,drop_speed_mm_s=20.0,lift_mm=3.0,retreat=0|v10|stop",crumb_cube,flooring,10.0,1,1,0,0,0,0,0,1,1,0,1,8.10,8.92
"cloche|backstop=None,clearance_mm=0.3,drop_speed_mm_s=20.0,lift_mm=3.0,retreat=0|v10|stop",crumb_cube,flooring,15.0,1,1,0,0,0,0,0,1,1,0,1,8.11,9.12
"cloche|backstop=None,clearance_mm=0.3,drop_speed_mm_s=20.0,lift_mm=3.0,retreat=0|v10|stop",crumb_cube,mat,0.0,1,1,0,0,0,0,0,1,0,1,0,8.10,0.00
"cloche|backstop=None,clearance_mm=0.3,drop_speed_mm_s=20.0,lift_mm=3.0,retreat=0|v10|stop",crumb_cube,mat,5.0,1,1,0,0,0,0,0,1,0,1,0,8.11,5.00
"cloche|backstop=None,clearance_mm=0.3,drop_speed_mm_s=20.0,lift_mm=3.0,retreat=0|v10|stop",crumb_cube,mat,10.0,1,1,0,0,0,0,0,1,1,0,1,8.10,8.92
"cloche|backstop=None,clearance_mm=0.3,drop_speed_mm_s=20.0,lift_mm=3.0,retreat=0|v10|stop",crumb_cube,mat,15.0,1,1,0,0,0,0,0,1,1,0,1,8.11,9.12
"cloche|backstop=None,clearance_mm=0.3,drop_speed_mm_s=20.0,lift_mm=3.0,retreat=30|v10|stop",battery_cr2032,flooring,0.0,1,1,0,0,0,0,0,1,0,1,0,11.04,0.01
"cloche|backstop=None,clearance_mm=0.3,drop_speed_mm_s=20.0,lift_mm=3.0,retreat=30|v10|stop",battery_cr2032,flooring,5.0,1,1,0,0,0,0,0,1,0,1,0,11.03,5.00
"cloche|backstop=None,clearance_mm=0.3,drop_speed_mm_s=20.0,lift_mm=3.0,retreat=30|v10|stop",battery_cr2032,flooring,10.0,1,0,0,0,0,0,1,1,0,1,0,,
"cloche|backstop=None,clearance_mm=0.3,drop_speed_mm_s=20.0,lift_mm=3.0,retreat=30|v10|stop",battery_cr2032,flooring,15.0,1,0,0,0,0,1,0,0,0,0,0,,
"cloche|backstop=None,clearance_mm=0.3,drop_speed_mm_s=20.0,lift_mm=3.0,retreat=30|v10|stop",battery_cr2032,mat,0.0,1,1,0,0,0,0,0,1,0,1,0,11.03,0.01
"cloche|backstop=None,clearance_mm=0.3,drop_speed_mm_s=20.0,lift_mm=3.0,retreat=30|v10|stop",battery_cr2032,mat,5.0,1,1,0,0,0,0,0,1,0,1,0,11.03,5.00
"cloche|backstop=None,clearance_mm=0.3,drop_speed_mm_s=20.0,lift_mm=3.0,retreat=30|v10|stop",battery_cr2032,mat,10.0,1,0,0,0,0,0,1,1,0,1,0,,
"cloche|backstop=None,clearance_mm=0.3,drop_speed_mm_s=20.0,lift_mm=3.0,retreat=30|v10|stop",battery_cr2032,mat,15.0,1,0,0,0,0,1,0,0,0,0,0,,
"cloche|backstop=None,clearance_mm=0.3,drop_speed_mm_s=20.0,lift_mm=3.0,retreat=30|v10|stop",bead,flooring,0.0,1,1,0,0,0,0,0,1,0,1,0,5.04,0.00
"cloche|backstop=None,clearance_mm=0.3,drop_speed_mm_s=20.0,lift_mm=3.0,retreat=30|v10|stop",bead,flooring,5.0,1,1,0,0,0,0,0,1,0,1,0,5.03,5.00
"cloche|backstop=None,clearance_mm=0.3,drop_speed_mm_s=20.0,lift_mm=3.0,retreat=30|v10|stop",bead,flooring,10.0,1,1,0,0,0,0,0,1,0,1,0,5.04,10.00
"cloche|backstop=None,clearance_mm=0.3,drop_speed_mm_s=20.0,lift_mm=3.0,retreat=30|v10|stop",bead,flooring,15.0,1,1,0,0,0,0,0,1,1,0,1,5.01,10.45
"cloche|backstop=None,clearance_mm=0.3,drop_speed_mm_s=20.0,lift_mm=3.0,retreat=30|v10|stop",bead,mat,0.0,1,1,0,0,0,0,0,1,0,1,0,5.04,0.00
"cloche|backstop=None,clearance_mm=0.3,drop_speed_mm_s=20.0,lift_mm=3.0,retreat=30|v10|stop",bead,mat,5.0,1,1,0,0,0,0,0,1,0,1,0,5.03,5.00
"cloche|backstop=None,clearance_mm=0.3,drop_speed_mm_s=20.0,lift_mm=3.0,retreat=30|v10|stop",bead,mat,10.0,1,1,0,0,0,0,0,1,0,1,0,5.04,10.00
"cloche|backstop=None,clearance_mm=0.3,drop_speed_mm_s=20.0,lift_mm=3.0,retreat=30|v10|stop",bead,mat,15.0,1,1,0,0,0,0,0,1,1,0,1,4.75,8.90
"cloche|backstop=None,clearance_mm=0.3,drop_speed_mm_s=20.0,lift_mm=3.0,retreat=30|v10|stop",coin_1yen,flooring,0.0,1,1,0,0,0,0,0,1,0,1,0,11.04,0.00
"cloche|backstop=None,clearance_mm=0.3,drop_speed_mm_s=20.0,lift_mm=3.0,retreat=30|v10|stop",coin_1yen,flooring,5.0,1,1,0,0,0,0,0,1,0,1,0,11.03,5.00
"cloche|backstop=None,clearance_mm=0.3,drop_speed_mm_s=20.0,lift_mm=3.0,retreat=30|v10|stop",coin_1yen,flooring,10.0,1,0,0,0,0,0,1,1,0,1,0,,
"cloche|backstop=None,clearance_mm=0.3,drop_speed_mm_s=20.0,lift_mm=3.0,retreat=30|v10|stop",coin_1yen,flooring,15.0,1,0,0,0,0,0,1,1,0,1,0,,
"cloche|backstop=None,clearance_mm=0.3,drop_speed_mm_s=20.0,lift_mm=3.0,retreat=30|v10|stop",coin_1yen,mat,0.0,1,1,0,0,0,0,0,1,0,1,0,11.04,0.00
"cloche|backstop=None,clearance_mm=0.3,drop_speed_mm_s=20.0,lift_mm=3.0,retreat=30|v10|stop",coin_1yen,mat,5.0,1,1,0,0,0,0,0,1,0,1,0,11.03,5.00
"cloche|backstop=None,clearance_mm=0.3,drop_speed_mm_s=20.0,lift_mm=3.0,retreat=30|v10|stop",coin_1yen,mat,10.0,1,0,0,0,0,0,1,1,0,1,0,,
"cloche|backstop=None,clearance_mm=0.3,drop_speed_mm_s=20.0,lift_mm=3.0,retreat=30|v10|stop",coin_1yen,mat,15.0,1,0,0,0,0,0,1,1,0,1,0,,
"cloche|backstop=None,clearance_mm=0.3,drop_speed_mm_s=20.0,lift_mm=3.0,retreat=30|v10|stop",crumb_cube,flooring,0.0,1,1,0,0,0,0,0,1,0,1,0,8.10,0.00
"cloche|backstop=None,clearance_mm=0.3,drop_speed_mm_s=20.0,lift_mm=3.0,retreat=30|v10|stop",crumb_cube,flooring,5.0,1,1,0,0,0,0,0,1,0,1,0,8.11,5.00
"cloche|backstop=None,clearance_mm=0.3,drop_speed_mm_s=20.0,lift_mm=3.0,retreat=30|v10|stop",crumb_cube,flooring,10.0,1,1,0,0,0,0,0,1,1,0,1,8.10,8.92
"cloche|backstop=None,clearance_mm=0.3,drop_speed_mm_s=20.0,lift_mm=3.0,retreat=30|v10|stop",crumb_cube,flooring,15.0,1,1,0,0,0,0,0,1,1,0,1,8.11,9.12
"cloche|backstop=None,clearance_mm=0.3,drop_speed_mm_s=20.0,lift_mm=3.0,retreat=30|v10|stop",crumb_cube,mat,0.0,1,1,0,0,0,0,0,1,0,1,0,8.10,0.00
"cloche|backstop=None,clearance_mm=0.3,drop_speed_mm_s=20.0,lift_mm=3.0,retreat=30|v10|stop",crumb_cube,mat,5.0,1,1,0,0,0,0,0,1,0,1,0,8.11,5.00
"cloche|backstop=None,clearance_mm=0.3,drop_speed_mm_s=20.0,lift_mm=3.0,retreat=30|v10|stop",crumb_cube,mat,10.0,1,1,0,0,0,0,0,1,1,0,1,8.10,8.92
"cloche|backstop=None,clearance_mm=0.3,drop_speed_mm_s=20.0,lift_mm=3.0,retreat=30|v10|stop",crumb_cube,mat,15.0,1,1,0,0,0,0,0,1,1,0,1,8.11,9.12
"cloche|backstop=None,clearance_mm=0.3,drop_speed_mm_s=20.0,lift_mm=5.0,retreat=-30|v10|stop",battery_cr2032,flooring,0.0,1,1,0,0,0,0,0,1,0,1,0,11.04,0.01
"cloche|backstop=None,clearance_mm=0.3,drop_speed_mm_s=20.0,lift_mm=5.0,retreat=-30|v10|stop",battery_cr2032,flooring,5.0,1,1,0,0,0,0,0,1,0,1,0,11.03,5.00
"cloche|backstop=None,clearance_mm=0.3,drop_speed_mm_s=20.0,lift_mm=5.0,retreat=-30|v10|stop",battery_cr2032,flooring,10.0,1,0,0,0,0,0,1,1,0,1,0,,
"cloche|backstop=None,clearance_mm=0.3,drop_speed_mm_s=20.0,lift_mm=5.0,retreat=-30|v10|stop",battery_cr2032,flooring,15.0,1,0,0,0,0,1,0,0,0,0,0,,
"cloche|backstop=None,clearance_mm=0.3,drop_speed_mm_s=20.0,lift_mm=5.0,retreat=-30|v10|stop",battery_cr2032,mat,0.0,1,1,0,0,0,0,0,1,0,1,0,11.03,0.01
"cloche|backstop=None,clearance_mm=0.3,drop_speed_mm_s=20.0,lift_mm=5.0,retreat=-30|v10|stop",battery_cr2032,mat,5.0,1,1,0,0,0,0,0,1,0,1,0,11.03,5.00
"cloche|backstop=None,clearance_mm=0.3,drop_speed_mm_s=20.0,lift_mm=5.0,retreat=-30|v10|stop",battery_cr2032,mat,10.0,1,0,0,0,0,0,1,1,0,1,0,,
"cloche|backstop=None,clearance_mm=0.3,drop_speed_mm_s=20.0,lift_mm=5.0,retreat=-30|v10|stop",battery_cr2032,mat,15.0,1,0,0,0,0,1,0,0,0,0,0,,
"cloche|backstop=None,clearance_mm=0.3,drop_speed_mm_s=20.0,lift_mm=5.0,retreat=-30|v10|stop",bead,flooring,0.0,1,1,0,0,0,0,0,1,0,1,0,5.04,0.00
"cloche|backstop=None,clearance_mm=0.3,drop_speed_mm_s=20.0,lift_mm=5.0,retreat=-30|v10|stop",bead,flooring,5.0,1,1,0,0,0,0,0,1,0,1,0,5.03,5.00
"cloche|backstop=None,clearance_mm=0.3,drop_speed_mm_s=20.0,lift_mm=5.0,retreat=-30|v10|stop",bead,flooring,10.0,1,1,0,0,0,0,0,1,0,1,0,5.04,10.00
"cloche|backstop=None,clearance_mm=0.3,drop_speed_mm_s=20.0,lift_mm=5.0,retreat=-30|v10|stop",bead,flooring,15.0,1,1,0,0,0,0,0,1,1,0,1,5.00,10.76
"cloche|backstop=None,clearance_mm=0.3,drop_speed_mm_s=20.0,lift_mm=5.0,retreat=-30|v10|stop",bead,mat,0.0,1,1,0,0,0,0,0,1,0,1,0,5.04,0.00
"cloche|backstop=None,clearance_mm=0.3,drop_speed_mm_s=20.0,lift_mm=5.0,retreat=-30|v10|stop",bead,mat,5.0,1,1,0,0,0,0,0,1,0,1,0,5.03,5.00
"cloche|backstop=None,clearance_mm=0.3,drop_speed_mm_s=20.0,lift_mm=5.0,retreat=-30|v10|stop",bead,mat,10.0,1,1,0,0,0,0,0,1,0,1,0,5.04,10.00
"cloche|backstop=None,clearance_mm=0.3,drop_speed_mm_s=20.0,lift_mm=5.0,retreat=-30|v10|stop",bead,mat,15.0,1,1,0,0,0,0,0,1,1,0,1,4.57,8.64
"cloche|backstop=None,clearance_mm=0.3,drop_speed_mm_s=20.0,lift_mm=5.0,retreat=-30|v10|stop",coin_1yen,flooring,0.0,1,1,0,0,0,0,0,1,0,1,0,11.04,0.00
"cloche|backstop=None,clearance_mm=0.3,drop_speed_mm_s=20.0,lift_mm=5.0,retreat=-30|v10|stop",coin_1yen,flooring,5.0,1,1,0,0,0,0,0,1,0,1,0,11.03,5.00
"cloche|backstop=None,clearance_mm=0.3,drop_speed_mm_s=20.0,lift_mm=5.0,retreat=-30|v10|stop",coin_1yen,flooring,10.0,1,0,0,0,0,0,1,1,0,1,0,,
"cloche|backstop=None,clearance_mm=0.3,drop_speed_mm_s=20.0,lift_mm=5.0,retreat=-30|v10|stop",coin_1yen,flooring,15.0,1,0,0,0,0,0,1,1,0,1,0,,
"cloche|backstop=None,clearance_mm=0.3,drop_speed_mm_s=20.0,lift_mm=5.0,retreat=-30|v10|stop",coin_1yen,mat,0.0,1,1,0,0,0,0,0,1,0,1,0,11.04,0.00
"cloche|backstop=None,clearance_mm=0.3,drop_speed_mm_s=20.0,lift_mm=5.0,retreat=-30|v10|stop",coin_1yen,mat,5.0,1,1,0,0,0,0,0,1,0,1,0,11.03,5.00
"cloche|backstop=None,clearance_mm=0.3,drop_speed_mm_s=20.0,lift_mm=5.0,retreat=-30|v10|stop",coin_1yen,mat,10.0,1,0,0,0,0,0,1,1,0,1,0,,
"cloche|backstop=None,clearance_mm=0.3,drop_speed_mm_s=20.0,lift_mm=5.0,retreat=-30|v10|stop",coin_1yen,mat,15.0,1,0,0,0,0,0,1,1,0,1,0,,
"cloche|backstop=None,clearance_mm=0.3,drop_speed_mm_s=20.0,lift_mm=5.0,retreat=-30|v10|stop",crumb_cube,flooring,0.0,1,1,0,0,0,0,0,1,0,1,0,8.10,0.00
"cloche|backstop=None,clearance_mm=0.3,drop_speed_mm_s=20.0,lift_mm=5.0,retreat=-30|v10|stop",crumb_cube,flooring,5.0,1,1,0,0,0,0,0,1,0,1,0,8.11,5.00
"cloche|backstop=None,clearance_mm=0.3,drop_speed_mm_s=20.0,lift_mm=5.0,retreat=-30|v10|stop",crumb_cube,flooring,10.0,1,1,0,0,0,0,0,1,1,0,1,8.10,9.00
"cloche|backstop=None,clearance_mm=0.3,drop_speed_mm_s=20.0,lift_mm=5.0,retreat=-30|v10|stop",crumb_cube,flooring,15.0,1,1,0,0,0,0,0,1,1,0,1,8.10,9.24
"cloche|backstop=None,clearance_mm=0.3,drop_speed_mm_s=20.0,lift_mm=5.0,retreat=-30|v10|stop",crumb_cube,mat,0.0,1,1,0,0,0,0,0,1,0,1,0,8.10,0.00
"cloche|backstop=None,clearance_mm=0.3,drop_speed_mm_s=20.0,lift_mm=5.0,retreat=-30|v10|stop",crumb_cube,mat,5.0,1,1,0,0,0,0,0,1,0,1,0,8.11,5.00
"cloche|backstop=None,clearance_mm=0.3,drop_speed_mm_s=20.0,lift_mm=5.0,retreat=-30|v10|stop",crumb_cube,mat,10.0,1,1,0,0,0,0,0,1,1,0,1,8.10,9.00
"cloche|backstop=None,clearance_mm=0.3,drop_speed_mm_s=20.0,lift_mm=5.0,retreat=-30|v10|stop",crumb_cube,mat,15.0,1,1,0,0,0,0,0,1,1,0,1,8.10,9.24
"cloche|backstop=None,clearance_mm=0.3,drop_speed_mm_s=20.0,lift_mm=5.0,retreat=0|v10|stop",battery_cr2032,flooring,0.0,1,1,0,0,0,0,0,1,0,1,0,11.04,0.01
"cloche|backstop=None,clearance_mm=0.3,drop_speed_mm_s=20.0,lift_mm=5.0,retreat=0|v10|stop",battery_cr2032,flooring,5.0,1,1,0,0,0,0,0,1,0,1,0,11.03,5.00
"cloche|backstop=None,clearance_mm=0.3,drop_speed_mm_s=20.0,lift_mm=5.0,retreat=0|v10|stop",battery_cr2032,flooring,10.0,1,0,0,0,0,0,1,1,0,1,0,,
"cloche|backstop=None,clearance_mm=0.3,drop_speed_mm_s=20.0,lift_mm=5.0,retreat=0|v10|stop",battery_cr2032,flooring,15.0,1,0,0,0,0,1,0,0,0,0,0,,
"cloche|backstop=None,clearance_mm=0.3,drop_speed_mm_s=20.0,lift_mm=5.0,retreat=0|v10|stop",battery_cr2032,mat,0.0,1,1,0,0,0,0,0,1,0,1,0,11.03,0.01
"cloche|backstop=None,clearance_mm=0.3,drop_speed_mm_s=20.0,lift_mm=5.0,retreat=0|v10|stop",battery_cr2032,mat,5.0,1,1,0,0,0,0,0,1,0,1,0,11.03,5.00
"cloche|backstop=None,clearance_mm=0.3,drop_speed_mm_s=20.0,lift_mm=5.0,retreat=0|v10|stop",battery_cr2032,mat,10.0,1,0,0,0,0,0,1,1,0,1,0,,
"cloche|backstop=None,clearance_mm=0.3,drop_speed_mm_s=20.0,lift_mm=5.0,retreat=0|v10|stop",battery_cr2032,mat,15.0,1,0,0,0,0,1,0,0,0,0,0,,
"cloche|backstop=None,clearance_mm=0.3,drop_speed_mm_s=20.0,lift_mm=5.0,retreat=0|v10|stop",bead,flooring,0.0,1,1,0,0,0,0,0,1,0,1,0,5.04,0.00
"cloche|backstop=None,clearance_mm=0.3,drop_speed_mm_s=20.0,lift_mm=5.0,retreat=0|v10|stop",bead,flooring,5.0,1,1,0,0,0,0,0,1,0,1,0,5.03,5.00
"cloche|backstop=None,clearance_mm=0.3,drop_speed_mm_s=20.0,lift_mm=5.0,retreat=0|v10|stop",bead,flooring,10.0,1,1,0,0,0,0,0,1,0,1,0,5.04,10.00
"cloche|backstop=None,clearance_mm=0.3,drop_speed_mm_s=20.0,lift_mm=5.0,retreat=0|v10|stop",bead,flooring,15.0,1,1,0,0,0,0,0,1,1,0,1,5.00,10.76
"cloche|backstop=None,clearance_mm=0.3,drop_speed_mm_s=20.0,lift_mm=5.0,retreat=0|v10|stop",bead,mat,0.0,1,1,0,0,0,0,0,1,0,1,0,5.04,0.00
"cloche|backstop=None,clearance_mm=0.3,drop_speed_mm_s=20.0,lift_mm=5.0,retreat=0|v10|stop",bead,mat,5.0,1,1,0,0,0,0,0,1,0,1,0,5.03,5.00
"cloche|backstop=None,clearance_mm=0.3,drop_speed_mm_s=20.0,lift_mm=5.0,retreat=0|v10|stop",bead,mat,10.0,1,1,0,0,0,0,0,1,0,1,0,5.04,10.00
"cloche|backstop=None,clearance_mm=0.3,drop_speed_mm_s=20.0,lift_mm=5.0,retreat=0|v10|stop",bead,mat,15.0,1,1,0,0,0,0,0,1,1,0,1,4.57,8.64
"cloche|backstop=None,clearance_mm=0.3,drop_speed_mm_s=20.0,lift_mm=5.0,retreat=0|v10|stop",coin_1yen,flooring,0.0,1,1,0,0,0,0,0,1,0,1,0,11.04,0.00
"cloche|backstop=None,clearance_mm=0.3,drop_speed_mm_s=20.0,lift_mm=5.0,retreat=0|v10|stop",coin_1yen,flooring,5.0,1,1,0,0,0,0,0,1,0,1,0,11.03,5.00
"cloche|backstop=None,clearance_mm=0.3,drop_speed_mm_s=20.0,lift_mm=5.0,retreat=0|v10|stop",coin_1yen,flooring,10.0,1,0,0,0,0,0,1,1,0,1,0,,
"cloche|backstop=None,clearance_mm=0.3,drop_speed_mm_s=20.0,lift_mm=5.0,retreat=0|v10|stop",coin_1yen,flooring,15.0,1,0,0,0,0,0,1,1,0,1,0,,
"cloche|backstop=None,clearance_mm=0.3,drop_speed_mm_s=20.0,lift_mm=5.0,retreat=0|v10|stop",coin_1yen,mat,0.0,1,1,0,0,0,0,0,1,0,1,0,11.04,0.00
"cloche|backstop=None,clearance_mm=0.3,drop_speed_mm_s=20.0,lift_mm=5.0,retreat=0|v10|stop",coin_1yen,mat,5.0,1,1,0,0,0,0,0,1,0,1,0,11.03,5.00
"cloche|backstop=None,clearance_mm=0.3,drop_speed_mm_s=20.0,lift_mm=5.0,retreat=0|v10|stop",coin_1yen,mat,10.0,1,0,0,0,0,0,1,1,0,1,0,,
"cloche|backstop=None,clearance_mm=0.3,drop_speed_mm_s=20.0,lift_mm=5.0,retreat=0|v10|stop",coin_1yen,mat,15.0,1,0,0,0,0,0,1,1,0,1,0,,
"cloche|backstop=None,clearance_mm=0.3,drop_speed_mm_s=20.0,lift_mm=5.0,retreat=0|v10|stop",crumb_cube,flooring,0.0,1,1,0,0,0,0,0,1,0,1,0,8.10,0.00
"cloche|backstop=None,clearance_mm=0.3,drop_speed_mm_s=20.0,lift_mm=5.0,retreat=0|v10|stop",crumb_cube,flooring,5.0,1,1,0,0,0,0,0,1,0,1,0,8.11,5.00
"cloche|backstop=None,clearance_mm=0.3,drop_speed_mm_s=20.0,lift_mm=5.0,retreat=0|v10|stop",crumb_cube,flooring,10.0,1,1,0,0,0,0,0,1,1,0,1,8.10,9.00
"cloche|backstop=None,clearance_mm=0.3,drop_speed_mm_s=20.0,lift_mm=5.0,retreat=0|v10|stop",crumb_cube,flooring,15.0,1,1,0,0,0,0,0,1,1,0,1,8.10,9.24
"cloche|backstop=None,clearance_mm=0.3,drop_speed_mm_s=20.0,lift_mm=5.0,retreat=0|v10|stop",crumb_cube,mat,0.0,1,1,0,0,0,0,0,1,0,1,0,8.10,0.00
"cloche|backstop=None,clearance_mm=0.3,drop_speed_mm_s=20.0,lift_mm=5.0,retreat=0|v10|stop",crumb_cube,mat,5.0,1,1,0,0,0,0,0,1,0,1,0,8.11,5.00
"cloche|backstop=None,clearance_mm=0.3,drop_speed_mm_s=20.0,lift_mm=5.0,retreat=0|v10|stop",crumb_cube,mat,10.0,1,1,0,0,0,0,0,1,1,0,1,8.10,9.00
"cloche|backstop=None,clearance_mm=0.3,drop_speed_mm_s=20.0,lift_mm=5.0,retreat=0|v10|stop",crumb_cube,mat,15.0,1,1,0,0,0,0,0,1,1,0,1,8.10,9.24
"cloche|backstop=None,clearance_mm=0.3,drop_speed_mm_s=20.0,lift_mm=5.0,retreat=30|v10|stop",battery_cr2032,flooring,0.0,1,1,0,0,0,0,0,1,0,1,0,11.04,0.01
"cloche|backstop=None,clearance_mm=0.3,drop_speed_mm_s=20.0,lift_mm=5.0,retreat=30|v10|stop",battery_cr2032,flooring,5.0,1,1,0,0,0,0,0,1,0,1,0,11.03,5.00
"cloche|backstop=None,clearance_mm=0.3,drop_speed_mm_s=20.0,lift_mm=5.0,retreat=30|v10|stop",battery_cr2032,flooring,10.0,1,0,0,0,0,0,1,1,0,1,0,,
"cloche|backstop=None,clearance_mm=0.3,drop_speed_mm_s=20.0,lift_mm=5.0,retreat=30|v10|stop",battery_cr2032,flooring,15.0,1,0,0,0,0,1,0,0,0,0,0,,
"cloche|backstop=None,clearance_mm=0.3,drop_speed_mm_s=20.0,lift_mm=5.0,retreat=30|v10|stop",battery_cr2032,mat,0.0,1,1,0,0,0,0,0,1,0,1,0,11.03,0.01
"cloche|backstop=None,clearance_mm=0.3,drop_speed_mm_s=20.0,lift_mm=5.0,retreat=30|v10|stop",battery_cr2032,mat,5.0,1,1,0,0,0,0,0,1,0,1,0,11.03,5.00
"cloche|backstop=None,clearance_mm=0.3,drop_speed_mm_s=20.0,lift_mm=5.0,retreat=30|v10|stop",battery_cr2032,mat,10.0,1,0,0,0,0,0,1,1,0,1,0,,
"cloche|backstop=None,clearance_mm=0.3,drop_speed_mm_s=20.0,lift_mm=5.0,retreat=30|v10|stop",battery_cr2032,mat,15.0,1,0,0,0,0,1,0,0,0,0,0,,
"cloche|backstop=None,clearance_mm=0.3,drop_speed_mm_s=20.0,lift_mm=5.0,retreat=30|v10|stop",bead,flooring,0.0,1,1,0,0,0,0,0,1,0,1,0,5.04,0.00
"cloche|backstop=None,clearance_mm=0.3,drop_speed_mm_s=20.0,lift_mm=5.0,retreat=30|v10|stop",bead,flooring,5.0,1,1,0,0,0,0,0,1,0,1,0,5.03,5.00
"cloche|backstop=None,clearance_mm=0.3,drop_speed_mm_s=20.0,lift_mm=5.0,retreat=30|v10|stop",bead,flooring,10.0,1,1,0,0,0,0,0,1,0,1,0,5.04,10.00
"cloche|backstop=None,clearance_mm=0.3,drop_speed_mm_s=20.0,lift_mm=5.0,retreat=30|v10|stop",bead,flooring,15.0,1,1,0,0,0,0,0,1,1,0,1,5.00,10.76
"cloche|backstop=None,clearance_mm=0.3,drop_speed_mm_s=20.0,lift_mm=5.0,retreat=30|v10|stop",bead,mat,0.0,1,1,0,0,0,0,0,1,0,1,0,5.04,0.00
"cloche|backstop=None,clearance_mm=0.3,drop_speed_mm_s=20.0,lift_mm=5.0,retreat=30|v10|stop",bead,mat,5.0,1,1,0,0,0,0,0,1,0,1,0,5.03,5.00
"cloche|backstop=None,clearance_mm=0.3,drop_speed_mm_s=20.0,lift_mm=5.0,retreat=30|v10|stop",bead,mat,10.0,1,1,0,0,0,0,0,1,0,1,0,5.04,10.00
"cloche|backstop=None,clearance_mm=0.3,drop_speed_mm_s=20.0,lift_mm=5.0,retreat=30|v10|stop",bead,mat,15.0,1,1,0,0,0,0,0,1,1,0,1,4.57,8.64
"cloche|backstop=None,clearance_mm=0.3,drop_speed_mm_s=20.0,lift_mm=5.0,retreat=30|v10|stop",coin_1yen,flooring,0.0,1,1,0,0,0,0,0,1,0,1,0,11.04,0.00
"cloche|backstop=None,clearance_mm=0.3,drop_speed_mm_s=20.0,lift_mm=5.0,retreat=30|v10|stop",coin_1yen,flooring,5.0,1,1,0,0,0,0,0,1,0,1,0,11.03,5.00
"cloche|backstop=None,clearance_mm=0.3,drop_speed_mm_s=20.0,lift_mm=5.0,retreat=30|v10|stop",coin_1yen,flooring,10.0,1,0,0,0,0,0,1,1,0,1,0,,
"cloche|backstop=None,clearance_mm=0.3,drop_speed_mm_s=20.0,lift_mm=5.0,retreat=30|v10|stop",coin_1yen,flooring,15.0,1,0,0,0,0,0,1,1,0,1,0,,
"cloche|backstop=None,clearance_mm=0.3,drop_speed_mm_s=20.0,lift_mm=5.0,retreat=30|v10|stop",coin_1yen,mat,0.0,1,1,0,0,0,0,0,1,0,1,0,11.04,0.00
"cloche|backstop=None,clearance_mm=0.3,drop_speed_mm_s=20.0,lift_mm=5.0,retreat=30|v10|stop",coin_1yen,mat,5.0,1,1,0,0,0,0,0,1,0,1,0,11.03,5.00
"cloche|backstop=None,clearance_mm=0.3,drop_speed_mm_s=20.0,lift_mm=5.0,retreat=30|v10|stop",coin_1yen,mat,10.0,1,0,0,0,0,0,1,1,0,1,0,,
"cloche|backstop=None,clearance_mm=0.3,drop_speed_mm_s=20.0,lift_mm=5.0,retreat=30|v10|stop",coin_1yen,mat,15.0,1,0,0,0,0,0,1,1,0,1,0,,
"cloche|backstop=None,clearance_mm=0.3,drop_speed_mm_s=20.0,lift_mm=5.0,retreat=30|v10|stop",crumb_cube,flooring,0.0,1,1,0,0,0,0,0,1,0,1,0,8.10,0.00
"cloche|backstop=None,clearance_mm=0.3,drop_speed_mm_s=20.0,lift_mm=5.0,retreat=30|v10|stop",crumb_cube,flooring,5.0,1,1,0,0,0,0,0,1,0,1,0,8.11,5.00
"cloche|backstop=None,clearance_mm=0.3,drop_speed_mm_s=20.0,lift_mm=5.0,retreat=30|v10|stop",crumb_cube,flooring,10.0,1,1,0,0,0,0,0,1,1,0,1,8.10,9.00
"cloche|backstop=None,clearance_mm=0.3,drop_speed_mm_s=20.0,lift_mm=5.0,retreat=30|v10|stop",crumb_cube,flooring,15.0,1,1,0,0,0,0,0,1,1,0,1,8.10,9.24
"cloche|backstop=None,clearance_mm=0.3,drop_speed_mm_s=20.0,lift_mm=5.0,retreat=30|v10|stop",crumb_cube,mat,0.0,1,1,0,0,0,0,0,1,0,1,0,8.10,0.00
"cloche|backstop=None,clearance_mm=0.3,drop_speed_mm_s=20.0,lift_mm=5.0,retreat=30|v10|stop",crumb_cube,mat,5.0,1,1,0,0,0,0,0,1,0,1,0,8.11,5.00
"cloche|backstop=None,clearance_mm=0.3,drop_speed_mm_s=20.0,lift_mm=5.0,retreat=30|v10|stop",crumb_cube,mat,10.0,1,1,0,0,0,0,0,1,1,0,1,8.10,9.00
"cloche|backstop=None,clearance_mm=0.3,drop_speed_mm_s=20.0,lift_mm=5.0,retreat=30|v10|stop",crumb_cube,mat,15.0,1,1,0,0,0,0,0,1,1,0,1,8.10,9.24
"cloche|backstop=None,clearance_mm=0.3,drop_speed_mm_s=20.0,lift_mm=8.0,retreat=-30|v10|stop",battery_cr2032,flooring,0.0,1,1,0,0,0,0,0,1,0,1,0,11.04,0.01
"cloche|backstop=None,clearance_mm=0.3,drop_speed_mm_s=20.0,lift_mm=8.0,retreat=-30|v10|stop",battery_cr2032,flooring,5.0,1,1,0,0,0,0,0,1,0,1,0,11.03,5.00
"cloche|backstop=None,clearance_mm=0.3,drop_speed_mm_s=20.0,lift_mm=8.0,retreat=-30|v10|stop",battery_cr2032,flooring,10.0,1,0,0,0,0,0,1,1,0,1,0,,
"cloche|backstop=None,clearance_mm=0.3,drop_speed_mm_s=20.0,lift_mm=8.0,retreat=-30|v10|stop",battery_cr2032,flooring,15.0,1,0,0,0,0,1,0,0,0,0,0,,
"cloche|backstop=None,clearance_mm=0.3,drop_speed_mm_s=20.0,lift_mm=8.0,retreat=-30|v10|stop",battery_cr2032,mat,0.0,1,1,0,0,0,0,0,1,0,1,0,11.03,0.01
"cloche|backstop=None,clearance_mm=0.3,drop_speed_mm_s=20.0,lift_mm=8.0,retreat=-30|v10|stop",battery_cr2032,mat,5.0,1,1,0,0,0,0,0,1,0,1,0,11.03,5.00
"cloche|backstop=None,clearance_mm=0.3,drop_speed_mm_s=20.0,lift_mm=8.0,retreat=-30|v10|stop",battery_cr2032,mat,10.0,1,0,0,0,0,0,1,1,0,1,0,,
"cloche|backstop=None,clearance_mm=0.3,drop_speed_mm_s=20.0,lift_mm=8.0,retreat=-30|v10|stop",battery_cr2032,mat,15.0,1,0,0,0,0,1,0,0,0,0,0,,
"cloche|backstop=None,clearance_mm=0.3,drop_speed_mm_s=20.0,lift_mm=8.0,retreat=-30|v10|stop",bead,flooring,0.0,1,1,0,0,0,0,0,1,0,1,0,5.04,0.00
"cloche|backstop=None,clearance_mm=0.3,drop_speed_mm_s=20.0,lift_mm=8.0,retreat=-30|v10|stop",bead,flooring,5.0,1,1,0,0,0,0,0,1,0,1,0,5.03,5.00
"cloche|backstop=None,clearance_mm=0.3,drop_speed_mm_s=20.0,lift_mm=8.0,retreat=-30|v10|stop",bead,flooring,10.0,1,1,0,0,0,0,0,1,0,1,0,5.04,10.00
"cloche|backstop=None,clearance_mm=0.3,drop_speed_mm_s=20.0,lift_mm=8.0,retreat=-30|v10|stop",bead,flooring,15.0,1,0,1,0,0,0,0,1,0,1,0,5.03,2.86
"cloche|backstop=None,clearance_mm=0.3,drop_speed_mm_s=20.0,lift_mm=8.0,retreat=-30|v10|stop",bead,mat,0.0,1,1,0,0,0,0,0,1,0,1,0,5.04,0.00
"cloche|backstop=None,clearance_mm=0.3,drop_speed_mm_s=20.0,lift_mm=8.0,retreat=-30|v10|stop",bead,mat,5.0,1,1,0,0,0,0,0,1,0,1,0,5.03,5.00
"cloche|backstop=None,clearance_mm=0.3,drop_speed_mm_s=20.0,lift_mm=8.0,retreat=-30|v10|stop",bead,mat,10.0,1,1,0,0,0,0,0,1,0,1,0,5.04,10.00
"cloche|backstop=None,clearance_mm=0.3,drop_speed_mm_s=20.0,lift_mm=8.0,retreat=-30|v10|stop",bead,mat,15.0,1,0,1,0,0,0,0,1,0,1,0,5.03,4.51
"cloche|backstop=None,clearance_mm=0.3,drop_speed_mm_s=20.0,lift_mm=8.0,retreat=-30|v10|stop",coin_1yen,flooring,0.0,1,1,0,0,0,0,0,1,0,1,0,11.04,0.00
"cloche|backstop=None,clearance_mm=0.3,drop_speed_mm_s=20.0,lift_mm=8.0,retreat=-30|v10|stop",coin_1yen,flooring,5.0,1,1,0,0,0,0,0,1,0,1,0,11.03,5.00
"cloche|backstop=None,clearance_mm=0.3,drop_speed_mm_s=20.0,lift_mm=8.0,retreat=-30|v10|stop",coin_1yen,flooring,10.0,1,0,0,0,0,0,1,1,0,1,0,,
"cloche|backstop=None,clearance_mm=0.3,drop_speed_mm_s=20.0,lift_mm=8.0,retreat=-30|v10|stop",coin_1yen,flooring,15.0,1,0,0,0,0,0,1,1,0,1,0,,
"cloche|backstop=None,clearance_mm=0.3,drop_speed_mm_s=20.0,lift_mm=8.0,retreat=-30|v10|stop",coin_1yen,mat,0.0,1,1,0,0,0,0,0,1,0,1,0,11.04,0.00
"cloche|backstop=None,clearance_mm=0.3,drop_speed_mm_s=20.0,lift_mm=8.0,retreat=-30|v10|stop",coin_1yen,mat,5.0,1,1,0,0,0,0,0,1,0,1,0,11.03,5.00
"cloche|backstop=None,clearance_mm=0.3,drop_speed_mm_s=20.0,lift_mm=8.0,retreat=-30|v10|stop",coin_1yen,mat,10.0,1,0,0,0,0,0,1,1,0,1,0,,
"cloche|backstop=None,clearance_mm=0.3,drop_speed_mm_s=20.0,lift_mm=8.0,retreat=-30|v10|stop",coin_1yen,mat,15.0,1,0,0,0,0,0,1,1,0,1,0,,
"cloche|backstop=None,clearance_mm=0.3,drop_speed_mm_s=20.0,lift_mm=8.0,retreat=-30|v10|stop",crumb_cube,flooring,0.0,1,1,0,0,0,0,0,1,0,1,0,8.10,0.00
"cloche|backstop=None,clearance_mm=0.3,drop_speed_mm_s=20.0,lift_mm=8.0,retreat=-30|v10|stop",crumb_cube,flooring,5.0,1,1,0,0,0,0,0,1,0,1,0,8.11,5.00
"cloche|backstop=None,clearance_mm=0.3,drop_speed_mm_s=20.0,lift_mm=8.0,retreat=-30|v10|stop",crumb_cube,flooring,10.0,1,1,0,0,0,0,0,1,1,0,1,8.11,9.12
"cloche|backstop=None,clearance_mm=0.3,drop_speed_mm_s=20.0,lift_mm=8.0,retreat=-30|v10|stop",crumb_cube,flooring,15.0,1,1,0,0,0,0,0,1,1,0,1,8.11,4.24
"cloche|backstop=None,clearance_mm=0.3,drop_speed_mm_s=20.0,lift_mm=8.0,retreat=-30|v10|stop",crumb_cube,mat,0.0,1,1,0,0,0,0,0,1,0,1,0,8.10,0.00
"cloche|backstop=None,clearance_mm=0.3,drop_speed_mm_s=20.0,lift_mm=8.0,retreat=-30|v10|stop",crumb_cube,mat,5.0,1,1,0,0,0,0,0,1,0,1,0,8.11,5.00
"cloche|backstop=None,clearance_mm=0.3,drop_speed_mm_s=20.0,lift_mm=8.0,retreat=-30|v10|stop",crumb_cube,mat,10.0,1,1,0,0,0,0,0,1,1,0,1,8.11,9.12
"cloche|backstop=None,clearance_mm=0.3,drop_speed_mm_s=20.0,lift_mm=8.0,retreat=-30|v10|stop",crumb_cube,mat,15.0,1,1,0,0,0,0,0,1,1,0,1,8.11,4.24
"cloche|backstop=None,clearance_mm=0.3,drop_speed_mm_s=20.0,lift_mm=8.0,retreat=0|v10|stop",battery_cr2032,flooring,0.0,1,1,0,0,0,0,0,1,0,1,0,11.04,0.01
"cloche|backstop=None,clearance_mm=0.3,drop_speed_mm_s=20.0,lift_mm=8.0,retreat=0|v10|stop",battery_cr2032,flooring,5.0,1,1,0,0,0,0,0,1,0,1,0,11.03,5.00
"cloche|backstop=None,clearance_mm=0.3,drop_speed_mm_s=20.0,lift_mm=8.0,retreat=0|v10|stop",battery_cr2032,flooring,10.0,1,0,0,0,0,0,1,1,0,1,0,,
"cloche|backstop=None,clearance_mm=0.3,drop_speed_mm_s=20.0,lift_mm=8.0,retreat=0|v10|stop",battery_cr2032,flooring,15.0,1,0,0,0,0,1,0,0,0,0,0,,
"cloche|backstop=None,clearance_mm=0.3,drop_speed_mm_s=20.0,lift_mm=8.0,retreat=0|v10|stop",battery_cr2032,mat,0.0,1,1,0,0,0,0,0,1,0,1,0,11.03,0.01
"cloche|backstop=None,clearance_mm=0.3,drop_speed_mm_s=20.0,lift_mm=8.0,retreat=0|v10|stop",battery_cr2032,mat,5.0,1,1,0,0,0,0,0,1,0,1,0,11.03,5.00
"cloche|backstop=None,clearance_mm=0.3,drop_speed_mm_s=20.0,lift_mm=8.0,retreat=0|v10|stop",battery_cr2032,mat,10.0,1,0,0,0,0,0,1,1,0,1,0,,
"cloche|backstop=None,clearance_mm=0.3,drop_speed_mm_s=20.0,lift_mm=8.0,retreat=0|v10|stop",battery_cr2032,mat,15.0,1,0,0,0,0,1,0,0,0,0,0,,
"cloche|backstop=None,clearance_mm=0.3,drop_speed_mm_s=20.0,lift_mm=8.0,retreat=0|v10|stop",bead,flooring,0.0,1,1,0,0,0,0,0,1,0,1,0,5.04,0.00
"cloche|backstop=None,clearance_mm=0.3,drop_speed_mm_s=20.0,lift_mm=8.0,retreat=0|v10|stop",bead,flooring,5.0,1,1,0,0,0,0,0,1,0,1,0,5.03,5.00
"cloche|backstop=None,clearance_mm=0.3,drop_speed_mm_s=20.0,lift_mm=8.0,retreat=0|v10|stop",bead,flooring,10.0,1,1,0,0,0,0,0,1,0,1,0,5.04,10.00
"cloche|backstop=None,clearance_mm=0.3,drop_speed_mm_s=20.0,lift_mm=8.0,retreat=0|v10|stop",bead,flooring,15.0,1,0,1,0,0,0,0,1,0,1,0,5.03,2.86
"cloche|backstop=None,clearance_mm=0.3,drop_speed_mm_s=20.0,lift_mm=8.0,retreat=0|v10|stop",bead,mat,0.0,1,1,0,0,0,0,0,1,0,1,0,5.04,0.00
"cloche|backstop=None,clearance_mm=0.3,drop_speed_mm_s=20.0,lift_mm=8.0,retreat=0|v10|stop",bead,mat,5.0,1,1,0,0,0,0,0,1,0,1,0,5.03,5.00
"cloche|backstop=None,clearance_mm=0.3,drop_speed_mm_s=20.0,lift_mm=8.0,retreat=0|v10|stop",bead,mat,10.0,1,1,0,0,0,0,0,1,0,1,0,5.04,10.00
"cloche|backstop=None,clearance_mm=0.3,drop_speed_mm_s=20.0,lift_mm=8.0,retreat=0|v10|stop",bead,mat,15.0,1,0,1,0,0,0,0,1,0,1,0,5.03,4.51
"cloche|backstop=None,clearance_mm=0.3,drop_speed_mm_s=20.0,lift_mm=8.0,retreat=0|v10|stop",coin_1yen,flooring,0.0,1,1,0,0,0,0,0,1,0,1,0,11.04,0.00
"cloche|backstop=None,clearance_mm=0.3,drop_speed_mm_s=20.0,lift_mm=8.0,retreat=0|v10|stop",coin_1yen,flooring,5.0,1,1,0,0,0,0,0,1,0,1,0,11.03,5.00
"cloche|backstop=None,clearance_mm=0.3,drop_speed_mm_s=20.0,lift_mm=8.0,retreat=0|v10|stop",coin_1yen,flooring,10.0,1,0,0,0,0,0,1,1,0,1,0,,
"cloche|backstop=None,clearance_mm=0.3,drop_speed_mm_s=20.0,lift_mm=8.0,retreat=0|v10|stop",coin_1yen,flooring,15.0,1,0,0,0,0,0,1,1,0,1,0,,
"cloche|backstop=None,clearance_mm=0.3,drop_speed_mm_s=20.0,lift_mm=8.0,retreat=0|v10|stop",coin_1yen,mat,0.0,1,1,0,0,0,0,0,1,0,1,0,11.04,0.00
"cloche|backstop=None,clearance_mm=0.3,drop_speed_mm_s=20.0,lift_mm=8.0,retreat=0|v10|stop",coin_1yen,mat,5.0,1,1,0,0,0,0,0,1,0,1,0,11.03,5.00
"cloche|backstop=None,clearance_mm=0.3,drop_speed_mm_s=20.0,lift_mm=8.0,retreat=0|v10|stop",coin_1yen,mat,10.0,1,0,0,0,0,0,1,1,0,1,0,,
"cloche|backstop=None,clearance_mm=0.3,drop_speed_mm_s=20.0,lift_mm=8.0,retreat=0|v10|stop",coin_1yen,mat,15.0,1,0,0,0,0,0,1,1,0,1,0,,
"cloche|backstop=None,clearance_mm=0.3,drop_speed_mm_s=20.0,lift_mm=8.0,retreat=0|v10|stop",crumb_cube,flooring,0.0,1,1,0,0,0,0,0,1,0,1,0,8.10,0.00
"cloche|backstop=None,clearance_mm=0.3,drop_speed_mm_s=20.0,lift_mm=8.0,retreat=0|v10|stop",crumb_cube,flooring,5.0,1,1,0,0,0,0,0,1,0,1,0,8.11,5.00
"cloche|backstop=None,clearance_mm=0.3,drop_speed_mm_s=20.0,lift_mm=8.0,retreat=0|v10|stop",crumb_cube,flooring,10.0,1,1,0,0,0,0,0,1,1,0,1,8.11,9.12
"cloche|backstop=None,clearance_mm=0.3,drop_speed_mm_s=20.0,lift_mm=8.0,retreat=0|v10|stop",crumb_cube,flooring,15.0,1,1,0,0,0,0,0,1,1,0,1,8.11,4.24
"cloche|backstop=None,clearance_mm=0.3,drop_speed_mm_s=20.0,lift_mm=8.0,retreat=0|v10|stop",crumb_cube,mat,0.0,1,1,0,0,0,0,0,1,0,1,0,8.10,0.00
"cloche|backstop=None,clearance_mm=0.3,drop_speed_mm_s=20.0,lift_mm=8.0,retreat=0|v10|stop",crumb_cube,mat,5.0,1,1,0,0,0,0,0,1,0,1,0,8.11,5.00
"cloche|backstop=None,clearance_mm=0.3,drop_speed_mm_s=20.0,lift_mm=8.0,retreat=0|v10|stop",crumb_cube,mat,10.0,1,1,0,0,0,0,0,1,1,0,1,8.11,9.12
"cloche|backstop=None,clearance_mm=0.3,drop_speed_mm_s=20.0,lift_mm=8.0,retreat=0|v10|stop",crumb_cube,mat,15.0,1,1,0,0,0,0,0,1,1,0,1,8.11,4.24
"cloche|backstop=None,clearance_mm=0.3,drop_speed_mm_s=20.0,lift_mm=8.0,retreat=30|v10|stop",battery_cr2032,flooring,0.0,1,1,0,0,0,0,0,1,0,1,0,11.04,0.01
"cloche|backstop=None,clearance_mm=0.3,drop_speed_mm_s=20.0,lift_mm=8.0,retreat=30|v10|stop",battery_cr2032,flooring,5.0,1,1,0,0,0,0,0,1,0,1,0,11.03,5.00
"cloche|backstop=None,clearance_mm=0.3,drop_speed_mm_s=20.0,lift_mm=8.0,retreat=30|v10|stop",battery_cr2032,flooring,10.0,1,0,0,0,0,0,1,1,0,1,0,,
"cloche|backstop=None,clearance_mm=0.3,drop_speed_mm_s=20.0,lift_mm=8.0,retreat=30|v10|stop",battery_cr2032,flooring,15.0,1,0,0,0,0,1,0,0,0,0,0,,
"cloche|backstop=None,clearance_mm=0.3,drop_speed_mm_s=20.0,lift_mm=8.0,retreat=30|v10|stop",battery_cr2032,mat,0.0,1,1,0,0,0,0,0,1,0,1,0,11.03,0.01
"cloche|backstop=None,clearance_mm=0.3,drop_speed_mm_s=20.0,lift_mm=8.0,retreat=30|v10|stop",battery_cr2032,mat,5.0,1,1,0,0,0,0,0,1,0,1,0,11.03,5.00
"cloche|backstop=None,clearance_mm=0.3,drop_speed_mm_s=20.0,lift_mm=8.0,retreat=30|v10|stop",battery_cr2032,mat,10.0,1,0,0,0,0,0,1,1,0,1,0,,
"cloche|backstop=None,clearance_mm=0.3,drop_speed_mm_s=20.0,lift_mm=8.0,retreat=30|v10|stop",battery_cr2032,mat,15.0,1,0,0,0,0,1,0,0,0,0,0,,
"cloche|backstop=None,clearance_mm=0.3,drop_speed_mm_s=20.0,lift_mm=8.0,retreat=30|v10|stop",bead,flooring,0.0,1,1,0,0,0,0,0,1,0,1,0,5.04,0.00
"cloche|backstop=None,clearance_mm=0.3,drop_speed_mm_s=20.0,lift_mm=8.0,retreat=30|v10|stop",bead,flooring,5.0,1,1,0,0,0,0,0,1,0,1,0,5.03,5.00
"cloche|backstop=None,clearance_mm=0.3,drop_speed_mm_s=20.0,lift_mm=8.0,retreat=30|v10|stop",bead,flooring,10.0,1,1,0,0,0,0,0,1,0,1,0,5.04,10.00
"cloche|backstop=None,clearance_mm=0.3,drop_speed_mm_s=20.0,lift_mm=8.0,retreat=30|v10|stop",bead,flooring,15.0,1,0,1,0,0,0,0,1,0,1,0,5.03,2.86
"cloche|backstop=None,clearance_mm=0.3,drop_speed_mm_s=20.0,lift_mm=8.0,retreat=30|v10|stop",bead,mat,0.0,1,1,0,0,0,0,0,1,0,1,0,5.04,0.00
"cloche|backstop=None,clearance_mm=0.3,drop_speed_mm_s=20.0,lift_mm=8.0,retreat=30|v10|stop",bead,mat,5.0,1,1,0,0,0,0,0,1,0,1,0,5.03,5.00
"cloche|backstop=None,clearance_mm=0.3,drop_speed_mm_s=20.0,lift_mm=8.0,retreat=30|v10|stop",bead,mat,10.0,1,1,0,0,0,0,0,1,0,1,0,5.04,10.00
"cloche|backstop=None,clearance_mm=0.3,drop_speed_mm_s=20.0,lift_mm=8.0,retreat=30|v10|stop",bead,mat,15.0,1,0,1,0,0,0,0,1,0,1,0,5.03,4.51
"cloche|backstop=None,clearance_mm=0.3,drop_speed_mm_s=20.0,lift_mm=8.0,retreat=30|v10|stop",coin_1yen,flooring,0.0,1,1,0,0,0,0,0,1,0,1,0,11.04,0.00
"cloche|backstop=None,clearance_mm=0.3,drop_speed_mm_s=20.0,lift_mm=8.0,retreat=30|v10|stop",coin_1yen,flooring,5.0,1,1,0,0,0,0,0,1,0,1,0,11.03,5.00
"cloche|backstop=None,clearance_mm=0.3,drop_speed_mm_s=20.0,lift_mm=8.0,retreat=30|v10|stop",coin_1yen,flooring,10.0,1,0,0,0,0,0,1,1,0,1,0,,
"cloche|backstop=None,clearance_mm=0.3,drop_speed_mm_s=20.0,lift_mm=8.0,retreat=30|v10|stop",coin_1yen,flooring,15.0,1,0,0,0,0,0,1,1,0,1,0,,
"cloche|backstop=None,clearance_mm=0.3,drop_speed_mm_s=20.0,lift_mm=8.0,retreat=30|v10|stop",coin_1yen,mat,0.0,1,1,0,0,0,0,0,1,0,1,0,11.04,0.00
"cloche|backstop=None,clearance_mm=0.3,drop_speed_mm_s=20.0,lift_mm=8.0,retreat=30|v10|stop",coin_1yen,mat,5.0,1,1,0,0,0,0,0,1,0,1,0,11.03,5.00
"cloche|backstop=None,clearance_mm=0.3,drop_speed_mm_s=20.0,lift_mm=8.0,retreat=30|v10|stop",coin_1yen,mat,10.0,1,0,0,0,0,0,1,1,0,1,0,,
"cloche|backstop=None,clearance_mm=0.3,drop_speed_mm_s=20.0,lift_mm=8.0,retreat=30|v10|stop",coin_1yen,mat,15.0,1,0,0,0,0,0,1,1,0,1,0,,
"cloche|backstop=None,clearance_mm=0.3,drop_speed_mm_s=20.0,lift_mm=8.0,retreat=30|v10|stop",crumb_cube,flooring,0.0,1,1,0,0,0,0,0,1,0,1,0,8.10,0.00
"cloche|backstop=None,clearance_mm=0.3,drop_speed_mm_s=20.0,lift_mm=8.0,retreat=30|v10|stop",crumb_cube,flooring,5.0,1,1,0,0,0,0,0,1,0,1,0,8.11,5.00
"cloche|backstop=None,clearance_mm=0.3,drop_speed_mm_s=20.0,lift_mm=8.0,retreat=30|v10|stop",crumb_cube,flooring,10.0,1,1,0,0,0,0,0,1,1,0,1,8.11,9.12
"cloche|backstop=None,clearance_mm=0.3,drop_speed_mm_s=20.0,lift_mm=8.0,retreat=30|v10|stop",crumb_cube,flooring,15.0,1,1,0,0,0,0,0,1,1,0,1,8.11,4.24
"cloche|backstop=None,clearance_mm=0.3,drop_speed_mm_s=20.0,lift_mm=8.0,retreat=30|v10|stop",crumb_cube,mat,0.0,1,1,0,0,0,0,0,1,0,1,0,8.10,0.00
"cloche|backstop=None,clearance_mm=0.3,drop_speed_mm_s=20.0,lift_mm=8.0,retreat=30|v10|stop",crumb_cube,mat,5.0,1,1,0,0,0,0,0,1,0,1,0,8.11,5.00
"cloche|backstop=None,clearance_mm=0.3,drop_speed_mm_s=20.0,lift_mm=8.0,retreat=30|v10|stop",crumb_cube,mat,10.0,1,1,0,0,0,0,0,1,1,0,1,8.11,9.12
"cloche|backstop=None,clearance_mm=0.3,drop_speed_mm_s=20.0,lift_mm=8.0,retreat=30|v10|stop",crumb_cube,mat,15.0,1,1,0,0,0,0,0,1,1,0,1,8.11,4.24
"cloche|backstop=None,clearance_mm=0.3,drop_speed_mm_s=5.0,lift_mm=10.0,retreat=-30|v10|stop",battery_cr2032,flooring,0.0,1,1,0,0,0,0,0,1,0,1,0,11.04,0.01
"cloche|backstop=None,clearance_mm=0.3,drop_speed_mm_s=5.0,lift_mm=10.0,retreat=-30|v10|stop",battery_cr2032,flooring,5.0,1,1,0,0,0,0,0,1,0,1,0,11.03,5.00
"cloche|backstop=None,clearance_mm=0.3,drop_speed_mm_s=5.0,lift_mm=10.0,retreat=-30|v10|stop",battery_cr2032,flooring,10.0,1,0,0,0,0,0,1,1,0,1,0,,
"cloche|backstop=None,clearance_mm=0.3,drop_speed_mm_s=5.0,lift_mm=10.0,retreat=-30|v10|stop",battery_cr2032,flooring,15.0,1,0,0,0,0,1,0,0,0,0,0,,
"cloche|backstop=None,clearance_mm=0.3,drop_speed_mm_s=5.0,lift_mm=10.0,retreat=-30|v10|stop",battery_cr2032,mat,0.0,1,1,0,0,0,0,0,1,0,1,0,11.03,0.01
"cloche|backstop=None,clearance_mm=0.3,drop_speed_mm_s=5.0,lift_mm=10.0,retreat=-30|v10|stop",battery_cr2032,mat,5.0,1,1,0,0,0,0,0,1,0,1,0,11.03,5.00
"cloche|backstop=None,clearance_mm=0.3,drop_speed_mm_s=5.0,lift_mm=10.0,retreat=-30|v10|stop",battery_cr2032,mat,10.0,1,0,0,0,0,0,1,1,0,1,0,,
"cloche|backstop=None,clearance_mm=0.3,drop_speed_mm_s=5.0,lift_mm=10.0,retreat=-30|v10|stop",battery_cr2032,mat,15.0,1,0,0,0,0,1,0,0,0,0,0,,
"cloche|backstop=None,clearance_mm=0.3,drop_speed_mm_s=5.0,lift_mm=10.0,retreat=-30|v10|stop",bead,flooring,0.0,1,1,0,0,0,0,0,1,0,1,0,5.04,0.00
"cloche|backstop=None,clearance_mm=0.3,drop_speed_mm_s=5.0,lift_mm=10.0,retreat=-30|v10|stop",bead,flooring,5.0,1,1,0,0,0,0,0,1,0,1,0,5.03,5.00
"cloche|backstop=None,clearance_mm=0.3,drop_speed_mm_s=5.0,lift_mm=10.0,retreat=-30|v10|stop",bead,flooring,10.0,1,1,0,0,0,0,0,1,0,1,0,5.04,10.00
"cloche|backstop=None,clearance_mm=0.3,drop_speed_mm_s=5.0,lift_mm=10.0,retreat=-30|v10|stop",bead,flooring,15.0,1,0,1,0,0,0,0,1,0,1,0,5.03,1.35
"cloche|backstop=None,clearance_mm=0.3,drop_speed_mm_s=5.0,lift_mm=10.0,retreat=-30|v10|stop",bead,mat,0.0,1,1,0,0,0,0,0,1,0,1,0,5.04,0.00
"cloche|backstop=None,clearance_mm=0.3,drop_speed_mm_s=5.0,lift_mm=10.0,retreat=-30|v10|stop",bead,mat,5.0,1,1,0,0,0,0,0,1,0,1,0,5.03,5.00
"cloche|backstop=None,clearance_mm=0.3,drop_speed_mm_s=5.0,lift_mm=10.0,retreat=-30|v10|stop",bead,mat,10.0,1,1,0,0,0,0,0,1,0,1,0,5.04,10.00
"cloche|backstop=None,clearance_mm=0.3,drop_speed_mm_s=5.0,lift_mm=10.0,retreat=-30|v10|stop",bead,mat,15.0,1,0,1,0,0,0,0,1,0,1,0,5.03,1.30
"cloche|backstop=None,clearance_mm=0.3,drop_speed_mm_s=5.0,lift_mm=10.0,retreat=-30|v10|stop",coin_1yen,flooring,0.0,1,1,0,0,0,0,0,1,0,1,0,11.04,0.00
"cloche|backstop=None,clearance_mm=0.3,drop_speed_mm_s=5.0,lift_mm=10.0,retreat=-30|v10|stop",coin_1yen,flooring,5.0,1,1,0,0,0,0,0,1,0,1,0,11.03,5.00
"cloche|backstop=None,clearance_mm=0.3,drop_speed_mm_s=5.0,lift_mm=10.0,retreat=-30|v10|stop",coin_1yen,flooring,10.0,1,0,0,0,0,0,1,1,0,1,0,,
"cloche|backstop=None,clearance_mm=0.3,drop_speed_mm_s=5.0,lift_mm=10.0,retreat=-30|v10|stop",coin_1yen,flooring,15.0,1,0,0,0,0,0,1,1,0,1,0,,
"cloche|backstop=None,clearance_mm=0.3,drop_speed_mm_s=5.0,lift_mm=10.0,retreat=-30|v10|stop",coin_1yen,mat,0.0,1,1,0,0,0,0,0,1,0,1,0,11.04,0.00
"cloche|backstop=None,clearance_mm=0.3,drop_speed_mm_s=5.0,lift_mm=10.0,retreat=-30|v10|stop",coin_1yen,mat,5.0,1,1,0,0,0,0,0,1,0,1,0,11.03,5.00
"cloche|backstop=None,clearance_mm=0.3,drop_speed_mm_s=5.0,lift_mm=10.0,retreat=-30|v10|stop",coin_1yen,mat,10.0,1,0,0,0,0,0,1,1,0,1,0,,
"cloche|backstop=None,clearance_mm=0.3,drop_speed_mm_s=5.0,lift_mm=10.0,retreat=-30|v10|stop",coin_1yen,mat,15.0,1,0,0,0,0,0,1,1,0,1,0,,
"cloche|backstop=None,clearance_mm=0.3,drop_speed_mm_s=5.0,lift_mm=10.0,retreat=-30|v10|stop",crumb_cube,flooring,0.0,1,1,0,0,0,0,0,1,0,1,0,8.10,0.00
"cloche|backstop=None,clearance_mm=0.3,drop_speed_mm_s=5.0,lift_mm=10.0,retreat=-30|v10|stop",crumb_cube,flooring,5.0,1,1,0,0,0,0,0,1,0,1,0,8.11,5.00
"cloche|backstop=None,clearance_mm=0.3,drop_speed_mm_s=5.0,lift_mm=10.0,retreat=-30|v10|stop",crumb_cube,flooring,10.0,1,1,0,0,0,0,0,1,0,1,0,9.21,7.48
"cloche|backstop=None,clearance_mm=0.3,drop_speed_mm_s=5.0,lift_mm=10.0,retreat=-30|v10|stop",crumb_cube,flooring,15.0,1,0,0,0,0,1,0,0,0,0,0,,
"cloche|backstop=None,clearance_mm=0.3,drop_speed_mm_s=5.0,lift_mm=10.0,retreat=-30|v10|stop",crumb_cube,mat,0.0,1,1,0,0,0,0,0,1,0,1,0,8.10,0.00
"cloche|backstop=None,clearance_mm=0.3,drop_speed_mm_s=5.0,lift_mm=10.0,retreat=-30|v10|stop",crumb_cube,mat,5.0,1,1,0,0,0,0,0,1,0,1,0,8.11,5.00
"cloche|backstop=None,clearance_mm=0.3,drop_speed_mm_s=5.0,lift_mm=10.0,retreat=-30|v10|stop",crumb_cube,mat,10.0,1,1,0,0,0,0,0,1,0,1,0,9.21,7.48
"cloche|backstop=None,clearance_mm=0.3,drop_speed_mm_s=5.0,lift_mm=10.0,retreat=-30|v10|stop",crumb_cube,mat,15.0,1,0,0,0,0,1,0,0,0,0,0,,
"cloche|backstop=None,clearance_mm=0.3,drop_speed_mm_s=5.0,lift_mm=10.0,retreat=0|v10|stop",battery_cr2032,flooring,0.0,1,1,0,0,0,0,0,1,0,1,0,11.04,0.01
"cloche|backstop=None,clearance_mm=0.3,drop_speed_mm_s=5.0,lift_mm=10.0,retreat=0|v10|stop",battery_cr2032,flooring,5.0,1,1,0,0,0,0,0,1,0,1,0,11.03,5.00
"cloche|backstop=None,clearance_mm=0.3,drop_speed_mm_s=5.0,lift_mm=10.0,retreat=0|v10|stop",battery_cr2032,flooring,10.0,1,0,0,0,0,0,1,1,0,1,0,,
"cloche|backstop=None,clearance_mm=0.3,drop_speed_mm_s=5.0,lift_mm=10.0,retreat=0|v10|stop",battery_cr2032,flooring,15.0,1,0,0,0,0,1,0,0,0,0,0,,
"cloche|backstop=None,clearance_mm=0.3,drop_speed_mm_s=5.0,lift_mm=10.0,retreat=0|v10|stop",battery_cr2032,mat,0.0,1,1,0,0,0,0,0,1,0,1,0,11.03,0.01
"cloche|backstop=None,clearance_mm=0.3,drop_speed_mm_s=5.0,lift_mm=10.0,retreat=0|v10|stop",battery_cr2032,mat,5.0,1,1,0,0,0,0,0,1,0,1,0,11.03,5.00
"cloche|backstop=None,clearance_mm=0.3,drop_speed_mm_s=5.0,lift_mm=10.0,retreat=0|v10|stop",battery_cr2032,mat,10.0,1,0,0,0,0,0,1,1,0,1,0,,
"cloche|backstop=None,clearance_mm=0.3,drop_speed_mm_s=5.0,lift_mm=10.0,retreat=0|v10|stop",battery_cr2032,mat,15.0,1,0,0,0,0,1,0,0,0,0,0,,
"cloche|backstop=None,clearance_mm=0.3,drop_speed_mm_s=5.0,lift_mm=10.0,retreat=0|v10|stop",bead,flooring,0.0,1,1,0,0,0,0,0,1,0,1,0,5.04,0.00
"cloche|backstop=None,clearance_mm=0.3,drop_speed_mm_s=5.0,lift_mm=10.0,retreat=0|v10|stop",bead,flooring,5.0,1,1,0,0,0,0,0,1,0,1,0,5.03,5.00
"cloche|backstop=None,clearance_mm=0.3,drop_speed_mm_s=5.0,lift_mm=10.0,retreat=0|v10|stop",bead,flooring,10.0,1,1,0,0,0,0,0,1,0,1,0,5.04,10.00
"cloche|backstop=None,clearance_mm=0.3,drop_speed_mm_s=5.0,lift_mm=10.0,retreat=0|v10|stop",bead,flooring,15.0,1,0,1,0,0,0,0,1,0,1,0,5.03,1.35
"cloche|backstop=None,clearance_mm=0.3,drop_speed_mm_s=5.0,lift_mm=10.0,retreat=0|v10|stop",bead,mat,0.0,1,1,0,0,0,0,0,1,0,1,0,5.04,0.00
"cloche|backstop=None,clearance_mm=0.3,drop_speed_mm_s=5.0,lift_mm=10.0,retreat=0|v10|stop",bead,mat,5.0,1,1,0,0,0,0,0,1,0,1,0,5.03,5.00
"cloche|backstop=None,clearance_mm=0.3,drop_speed_mm_s=5.0,lift_mm=10.0,retreat=0|v10|stop",bead,mat,10.0,1,1,0,0,0,0,0,1,0,1,0,5.04,10.00
"cloche|backstop=None,clearance_mm=0.3,drop_speed_mm_s=5.0,lift_mm=10.0,retreat=0|v10|stop",bead,mat,15.0,1,0,1,0,0,0,0,1,0,1,0,5.03,1.30
"cloche|backstop=None,clearance_mm=0.3,drop_speed_mm_s=5.0,lift_mm=10.0,retreat=0|v10|stop",coin_1yen,flooring,0.0,1,1,0,0,0,0,0,1,0,1,0,11.04,0.00
"cloche|backstop=None,clearance_mm=0.3,drop_speed_mm_s=5.0,lift_mm=10.0,retreat=0|v10|stop",coin_1yen,flooring,5.0,1,1,0,0,0,0,0,1,0,1,0,11.03,5.00
"cloche|backstop=None,clearance_mm=0.3,drop_speed_mm_s=5.0,lift_mm=10.0,retreat=0|v10|stop",coin_1yen,flooring,10.0,1,0,0,0,0,0,1,1,0,1,0,,
"cloche|backstop=None,clearance_mm=0.3,drop_speed_mm_s=5.0,lift_mm=10.0,retreat=0|v10|stop",coin_1yen,flooring,15.0,1,0,0,0,0,0,1,1,0,1,0,,
"cloche|backstop=None,clearance_mm=0.3,drop_speed_mm_s=5.0,lift_mm=10.0,retreat=0|v10|stop",coin_1yen,mat,0.0,1,1,0,0,0,0,0,1,0,1,0,11.04,0.00
"cloche|backstop=None,clearance_mm=0.3,drop_speed_mm_s=5.0,lift_mm=10.0,retreat=0|v10|stop",coin_1yen,mat,5.0,1,1,0,0,0,0,0,1,0,1,0,11.03,5.00
"cloche|backstop=None,clearance_mm=0.3,drop_speed_mm_s=5.0,lift_mm=10.0,retreat=0|v10|stop",coin_1yen,mat,10.0,1,0,0,0,0,0,1,1,0,1,0,,
"cloche|backstop=None,clearance_mm=0.3,drop_speed_mm_s=5.0,lift_mm=10.0,retreat=0|v10|stop",coin_1yen,mat,15.0,1,0,0,0,0,0,1,1,0,1,0,,
"cloche|backstop=None,clearance_mm=0.3,drop_speed_mm_s=5.0,lift_mm=10.0,retreat=0|v10|stop",crumb_cube,flooring,0.0,1,1,0,0,0,0,0,1,0,1,0,8.10,0.00
"cloche|backstop=None,clearance_mm=0.3,drop_speed_mm_s=5.0,lift_mm=10.0,retreat=0|v10|stop",crumb_cube,flooring,5.0,1,1,0,0,0,0,0,1,0,1,0,8.11,5.00
"cloche|backstop=None,clearance_mm=0.3,drop_speed_mm_s=5.0,lift_mm=10.0,retreat=0|v10|stop",crumb_cube,flooring,10.0,1,1,0,0,0,0,0,1,0,1,0,9.21,7.48
"cloche|backstop=None,clearance_mm=0.3,drop_speed_mm_s=5.0,lift_mm=10.0,retreat=0|v10|stop",crumb_cube,flooring,15.0,1,0,0,0,0,1,0,0,0,0,0,,
"cloche|backstop=None,clearance_mm=0.3,drop_speed_mm_s=5.0,lift_mm=10.0,retreat=0|v10|stop",crumb_cube,mat,0.0,1,1,0,0,0,0,0,1,0,1,0,8.10,0.00
"cloche|backstop=None,clearance_mm=0.3,drop_speed_mm_s=5.0,lift_mm=10.0,retreat=0|v10|stop",crumb_cube,mat,5.0,1,1,0,0,0,0,0,1,0,1,0,8.11,5.00
"cloche|backstop=None,clearance_mm=0.3,drop_speed_mm_s=5.0,lift_mm=10.0,retreat=0|v10|stop",crumb_cube,mat,10.0,1,1,0,0,0,0,0,1,0,1,0,9.21,7.48
"cloche|backstop=None,clearance_mm=0.3,drop_speed_mm_s=5.0,lift_mm=10.0,retreat=0|v10|stop",crumb_cube,mat,15.0,1,0,0,0,0,1,0,0,0,0,0,,
"cloche|backstop=None,clearance_mm=0.3,drop_speed_mm_s=5.0,lift_mm=10.0,retreat=30|v10|stop",battery_cr2032,flooring,0.0,1,1,0,0,0,0,0,1,0,1,0,11.04,0.01
"cloche|backstop=None,clearance_mm=0.3,drop_speed_mm_s=5.0,lift_mm=10.0,retreat=30|v10|stop",battery_cr2032,flooring,5.0,1,1,0,0,0,0,0,1,0,1,0,11.03,5.00
"cloche|backstop=None,clearance_mm=0.3,drop_speed_mm_s=5.0,lift_mm=10.0,retreat=30|v10|stop",battery_cr2032,flooring,10.0,1,0,0,0,0,0,1,1,0,1,0,,
"cloche|backstop=None,clearance_mm=0.3,drop_speed_mm_s=5.0,lift_mm=10.0,retreat=30|v10|stop",battery_cr2032,flooring,15.0,1,0,0,0,0,1,0,0,0,0,0,,
"cloche|backstop=None,clearance_mm=0.3,drop_speed_mm_s=5.0,lift_mm=10.0,retreat=30|v10|stop",battery_cr2032,mat,0.0,1,1,0,0,0,0,0,1,0,1,0,11.03,0.01
"cloche|backstop=None,clearance_mm=0.3,drop_speed_mm_s=5.0,lift_mm=10.0,retreat=30|v10|stop",battery_cr2032,mat,5.0,1,1,0,0,0,0,0,1,0,1,0,11.03,5.00
"cloche|backstop=None,clearance_mm=0.3,drop_speed_mm_s=5.0,lift_mm=10.0,retreat=30|v10|stop",battery_cr2032,mat,10.0,1,0,0,0,0,0,1,1,0,1,0,,
"cloche|backstop=None,clearance_mm=0.3,drop_speed_mm_s=5.0,lift_mm=10.0,retreat=30|v10|stop",battery_cr2032,mat,15.0,1,0,0,0,0,1,0,0,0,0,0,,
"cloche|backstop=None,clearance_mm=0.3,drop_speed_mm_s=5.0,lift_mm=10.0,retreat=30|v10|stop",bead,flooring,0.0,1,1,0,0,0,0,0,1,0,1,0,5.04,0.00
"cloche|backstop=None,clearance_mm=0.3,drop_speed_mm_s=5.0,lift_mm=10.0,retreat=30|v10|stop",bead,flooring,5.0,1,1,0,0,0,0,0,1,0,1,0,5.03,5.00
"cloche|backstop=None,clearance_mm=0.3,drop_speed_mm_s=5.0,lift_mm=10.0,retreat=30|v10|stop",bead,flooring,10.0,1,1,0,0,0,0,0,1,0,1,0,5.04,10.00
"cloche|backstop=None,clearance_mm=0.3,drop_speed_mm_s=5.0,lift_mm=10.0,retreat=30|v10|stop",bead,flooring,15.0,1,0,1,0,0,0,0,1,0,1,0,5.03,1.35
"cloche|backstop=None,clearance_mm=0.3,drop_speed_mm_s=5.0,lift_mm=10.0,retreat=30|v10|stop",bead,mat,0.0,1,1,0,0,0,0,0,1,0,1,0,5.04,0.00
"cloche|backstop=None,clearance_mm=0.3,drop_speed_mm_s=5.0,lift_mm=10.0,retreat=30|v10|stop",bead,mat,5.0,1,1,0,0,0,0,0,1,0,1,0,5.03,5.00
"cloche|backstop=None,clearance_mm=0.3,drop_speed_mm_s=5.0,lift_mm=10.0,retreat=30|v10|stop",bead,mat,10.0,1,1,0,0,0,0,0,1,0,1,0,5.04,10.00
"cloche|backstop=None,clearance_mm=0.3,drop_speed_mm_s=5.0,lift_mm=10.0,retreat=30|v10|stop",bead,mat,15.0,1,0,1,0,0,0,0,1,0,1,0,5.03,1.30
"cloche|backstop=None,clearance_mm=0.3,drop_speed_mm_s=5.0,lift_mm=10.0,retreat=30|v10|stop",coin_1yen,flooring,0.0,1,1,0,0,0,0,0,1,0,1,0,11.04,0.00
"cloche|backstop=None,clearance_mm=0.3,drop_speed_mm_s=5.0,lift_mm=10.0,retreat=30|v10|stop",coin_1yen,flooring,5.0,1,1,0,0,0,0,0,1,0,1,0,11.03,5.00
"cloche|backstop=None,clearance_mm=0.3,drop_speed_mm_s=5.0,lift_mm=10.0,retreat=30|v10|stop",coin_1yen,flooring,10.0,1,0,0,0,0,0,1,1,0,1,0,,
"cloche|backstop=None,clearance_mm=0.3,drop_speed_mm_s=5.0,lift_mm=10.0,retreat=30|v10|stop",coin_1yen,flooring,15.0,1,0,0,0,0,0,1,1,0,1,0,,
"cloche|backstop=None,clearance_mm=0.3,drop_speed_mm_s=5.0,lift_mm=10.0,retreat=30|v10|stop",coin_1yen,mat,0.0,1,1,0,0,0,0,0,1,0,1,0,11.04,0.00
"cloche|backstop=None,clearance_mm=0.3,drop_speed_mm_s=5.0,lift_mm=10.0,retreat=30|v10|stop",coin_1yen,mat,5.0,1,1,0,0,0,0,0,1,0,1,0,11.03,5.00
"cloche|backstop=None,clearance_mm=0.3,drop_speed_mm_s=5.0,lift_mm=10.0,retreat=30|v10|stop",coin_1yen,mat,10.0,1,0,0,0,0,0,1,1,0,1,0,,
"cloche|backstop=None,clearance_mm=0.3,drop_speed_mm_s=5.0,lift_mm=10.0,retreat=30|v10|stop",coin_1yen,mat,15.0,1,0,0,0,0,0,1,1,0,1,0,,
"cloche|backstop=None,clearance_mm=0.3,drop_speed_mm_s=5.0,lift_mm=10.0,retreat=30|v10|stop",crumb_cube,flooring,0.0,1,1,0,0,0,0,0,1,0,1,0,8.10,0.00
"cloche|backstop=None,clearance_mm=0.3,drop_speed_mm_s=5.0,lift_mm=10.0,retreat=30|v10|stop",crumb_cube,flooring,5.0,1,1,0,0,0,0,0,1,0,1,0,8.11,5.00
"cloche|backstop=None,clearance_mm=0.3,drop_speed_mm_s=5.0,lift_mm=10.0,retreat=30|v10|stop",crumb_cube,flooring,10.0,1,1,0,0,0,0,0,1,0,1,0,9.21,7.48
"cloche|backstop=None,clearance_mm=0.3,drop_speed_mm_s=5.0,lift_mm=10.0,retreat=30|v10|stop",crumb_cube,flooring,15.0,1,0,0,0,0,1,0,0,0,0,0,,
"cloche|backstop=None,clearance_mm=0.3,drop_speed_mm_s=5.0,lift_mm=10.0,retreat=30|v10|stop",crumb_cube,mat,0.0,1,1,0,0,0,0,0,1,0,1,0,8.10,0.00
"cloche|backstop=None,clearance_mm=0.3,drop_speed_mm_s=5.0,lift_mm=10.0,retreat=30|v10|stop",crumb_cube,mat,5.0,1,1,0,0,0,0,0,1,0,1,0,8.11,5.00
"cloche|backstop=None,clearance_mm=0.3,drop_speed_mm_s=5.0,lift_mm=10.0,retreat=30|v10|stop",crumb_cube,mat,10.0,1,1,0,0,0,0,0,1,0,1,0,9.21,7.48
"cloche|backstop=None,clearance_mm=0.3,drop_speed_mm_s=5.0,lift_mm=10.0,retreat=30|v10|stop",crumb_cube,mat,15.0,1,0,0,0,0,1,0,0,0,0,0,,
"cloche|backstop=None,clearance_mm=0.3,drop_speed_mm_s=5.0,lift_mm=3.0,retreat=-30|v10|stop",battery_cr2032,flooring,0.0,1,1,0,0,0,0,0,1,0,1,0,11.04,0.01
"cloche|backstop=None,clearance_mm=0.3,drop_speed_mm_s=5.0,lift_mm=3.0,retreat=-30|v10|stop",battery_cr2032,flooring,5.0,1,1,0,0,0,0,0,1,0,1,0,11.03,5.00
"cloche|backstop=None,clearance_mm=0.3,drop_speed_mm_s=5.0,lift_mm=3.0,retreat=-30|v10|stop",battery_cr2032,flooring,10.0,1,0,0,0,0,0,1,1,0,1,0,,
"cloche|backstop=None,clearance_mm=0.3,drop_speed_mm_s=5.0,lift_mm=3.0,retreat=-30|v10|stop",battery_cr2032,flooring,15.0,1,0,0,0,0,1,0,0,0,0,0,,
"cloche|backstop=None,clearance_mm=0.3,drop_speed_mm_s=5.0,lift_mm=3.0,retreat=-30|v10|stop",battery_cr2032,mat,0.0,1,1,0,0,0,0,0,1,0,1,0,11.03,0.01
"cloche|backstop=None,clearance_mm=0.3,drop_speed_mm_s=5.0,lift_mm=3.0,retreat=-30|v10|stop",battery_cr2032,mat,5.0,1,1,0,0,0,0,0,1,0,1,0,11.03,5.00
"cloche|backstop=None,clearance_mm=0.3,drop_speed_mm_s=5.0,lift_mm=3.0,retreat=-30|v10|stop",battery_cr2032,mat,10.0,1,0,0,0,0,0,1,1,0,1,0,,
"cloche|backstop=None,clearance_mm=0.3,drop_speed_mm_s=5.0,lift_mm=3.0,retreat=-30|v10|stop",battery_cr2032,mat,15.0,1,0,0,0,0,1,0,0,0,0,0,,
"cloche|backstop=None,clearance_mm=0.3,drop_speed_mm_s=5.0,lift_mm=3.0,retreat=-30|v10|stop",bead,flooring,0.0,1,1,0,0,0,0,0,1,0,1,0,5.04,0.00
"cloche|backstop=None,clearance_mm=0.3,drop_speed_mm_s=5.0,lift_mm=3.0,retreat=-30|v10|stop",bead,flooring,5.0,1,1,0,0,0,0,0,1,0,1,0,5.03,5.00
"cloche|backstop=None,clearance_mm=0.3,drop_speed_mm_s=5.0,lift_mm=3.0,retreat=-30|v10|stop",bead,flooring,10.0,1,1,0,0,0,0,0,1,0,1,0,5.04,10.00
"cloche|backstop=None,clearance_mm=0.3,drop_speed_mm_s=5.0,lift_mm=3.0,retreat=-30|v10|stop",bead,flooring,15.0,1,1,0,0,0,0,0,1,1,0,1,4.99,10.43
"cloche|backstop=None,clearance_mm=0.3,drop_speed_mm_s=5.0,lift_mm=3.0,retreat=-30|v10|stop",bead,mat,0.0,1,1,0,0,0,0,0,1,0,1,0,5.04,0.00
"cloche|backstop=None,clearance_mm=0.3,drop_speed_mm_s=5.0,lift_mm=3.0,retreat=-30|v10|stop",bead,mat,5.0,1,1,0,0,0,0,0,1,0,1,0,5.03,5.00
"cloche|backstop=None,clearance_mm=0.3,drop_speed_mm_s=5.0,lift_mm=3.0,retreat=-30|v10|stop",bead,mat,10.0,1,1,0,0,0,0,0,1,0,1,0,5.04,10.00
"cloche|backstop=None,clearance_mm=0.3,drop_speed_mm_s=5.0,lift_mm=3.0,retreat=-30|v10|stop",bead,mat,15.0,1,1,0,0,0,0,0,1,1,0,1,4.39,8.44
"cloche|backstop=None,clearance_mm=0.3,drop_speed_mm_s=5.0,lift_mm=3.0,retreat=-30|v10|stop",coin_1yen,flooring,0.0,1,1,0,0,0,0,0,1,0,1,0,11.04,0.00
"cloche|backstop=None,clearance_mm=0.3,drop_speed_mm_s=5.0,lift_mm=3.0,retreat=-30|v10|stop",coin_1yen,flooring,5.0,1,1,0,0,0,0,0,1,0,1,0,11.03,5.00
"cloche|backstop=None,clearance_mm=0.3,drop_speed_mm_s=5.0,lift_mm=3.0,retreat=-30|v10|stop",coin_1yen,flooring,10.0,1,0,0,0,0,0,1,1,0,1,0,,
"cloche|backstop=None,clearance_mm=0.3,drop_speed_mm_s=5.0,lift_mm=3.0,retreat=-30|v10|stop",coin_1yen,flooring,15.0,1,0,0,0,0,0,1,1,0,1,0,,
"cloche|backstop=None,clearance_mm=0.3,drop_speed_mm_s=5.0,lift_mm=3.0,retreat=-30|v10|stop",coin_1yen,mat,0.0,1,1,0,0,0,0,0,1,0,1,0,11.04,0.00
"cloche|backstop=None,clearance_mm=0.3,drop_speed_mm_s=5.0,lift_mm=3.0,retreat=-30|v10|stop",coin_1yen,mat,5.0,1,1,0,0,0,0,0,1,0,1,0,11.03,5.00
"cloche|backstop=None,clearance_mm=0.3,drop_speed_mm_s=5.0,lift_mm=3.0,retreat=-30|v10|stop",coin_1yen,mat,10.0,1,0,0,0,0,0,1,1,0,1,0,,
"cloche|backstop=None,clearance_mm=0.3,drop_speed_mm_s=5.0,lift_mm=3.0,retreat=-30|v10|stop",coin_1yen,mat,15.0,1,0,0,0,0,0,1,1,0,1,0,,
"cloche|backstop=None,clearance_mm=0.3,drop_speed_mm_s=5.0,lift_mm=3.0,retreat=-30|v10|stop",crumb_cube,flooring,0.0,1,1,0,0,0,0,0,1,0,1,0,8.10,0.00
"cloche|backstop=None,clearance_mm=0.3,drop_speed_mm_s=5.0,lift_mm=3.0,retreat=-30|v10|stop",crumb_cube,flooring,5.0,1,1,0,0,0,0,0,1,0,1,0,8.11,5.00
"cloche|backstop=None,clearance_mm=0.3,drop_speed_mm_s=5.0,lift_mm=3.0,retreat=-30|v10|stop",crumb_cube,flooring,10.0,1,1,0,0,0,0,0,1,1,0,1,8.10,8.92
"cloche|backstop=None,clearance_mm=0.3,drop_speed_mm_s=5.0,lift_mm=3.0,retreat=-30|v10|stop",crumb_cube,flooring,15.0,1,1,0,0,0,0,0,1,1,0,1,8.11,9.12
"cloche|backstop=None,clearance_mm=0.3,drop_speed_mm_s=5.0,lift_mm=3.0,retreat=-30|v10|stop",crumb_cube,mat,0.0,1,1,0,0,0,0,0,1,0,1,0,8.10,0.00
"cloche|backstop=None,clearance_mm=0.3,drop_speed_mm_s=5.0,lift_mm=3.0,retreat=-30|v10|stop",crumb_cube,mat,5.0,1,1,0,0,0,0,0,1,0,1,0,8.11,5.00
"cloche|backstop=None,clearance_mm=0.3,drop_speed_mm_s=5.0,lift_mm=3.0,retreat=-30|v10|stop",crumb_cube,mat,10.0,1,1,0,0,0,0,0,1,1,0,1,8.10,8.92
"cloche|backstop=None,clearance_mm=0.3,drop_speed_mm_s=5.0,lift_mm=3.0,retreat=-30|v10|stop",crumb_cube,mat,15.0,1,1,0,0,0,0,0,1,1,0,1,8.11,9.12
"cloche|backstop=None,clearance_mm=0.3,drop_speed_mm_s=5.0,lift_mm=3.0,retreat=0|v10|stop",battery_cr2032,flooring,0.0,1,1,0,0,0,0,0,1,0,1,0,11.04,0.01
"cloche|backstop=None,clearance_mm=0.3,drop_speed_mm_s=5.0,lift_mm=3.0,retreat=0|v10|stop",battery_cr2032,flooring,5.0,1,1,0,0,0,0,0,1,0,1,0,11.03,5.00
"cloche|backstop=None,clearance_mm=0.3,drop_speed_mm_s=5.0,lift_mm=3.0,retreat=0|v10|stop",battery_cr2032,flooring,10.0,1,0,0,0,0,0,1,1,0,1,0,,
"cloche|backstop=None,clearance_mm=0.3,drop_speed_mm_s=5.0,lift_mm=3.0,retreat=0|v10|stop",battery_cr2032,flooring,15.0,1,0,0,0,0,1,0,0,0,0,0,,
"cloche|backstop=None,clearance_mm=0.3,drop_speed_mm_s=5.0,lift_mm=3.0,retreat=0|v10|stop",battery_cr2032,mat,0.0,1,1,0,0,0,0,0,1,0,1,0,11.03,0.01
"cloche|backstop=None,clearance_mm=0.3,drop_speed_mm_s=5.0,lift_mm=3.0,retreat=0|v10|stop",battery_cr2032,mat,5.0,1,1,0,0,0,0,0,1,0,1,0,11.03,5.00
"cloche|backstop=None,clearance_mm=0.3,drop_speed_mm_s=5.0,lift_mm=3.0,retreat=0|v10|stop",battery_cr2032,mat,10.0,1,0,0,0,0,0,1,1,0,1,0,,
"cloche|backstop=None,clearance_mm=0.3,drop_speed_mm_s=5.0,lift_mm=3.0,retreat=0|v10|stop",battery_cr2032,mat,15.0,1,0,0,0,0,1,0,0,0,0,0,,
"cloche|backstop=None,clearance_mm=0.3,drop_speed_mm_s=5.0,lift_mm=3.0,retreat=0|v10|stop",bead,flooring,0.0,1,1,0,0,0,0,0,1,0,1,0,5.04,0.00
"cloche|backstop=None,clearance_mm=0.3,drop_speed_mm_s=5.0,lift_mm=3.0,retreat=0|v10|stop",bead,flooring,5.0,1,1,0,0,0,0,0,1,0,1,0,5.03,5.00
"cloche|backstop=None,clearance_mm=0.3,drop_speed_mm_s=5.0,lift_mm=3.0,retreat=0|v10|stop",bead,flooring,10.0,1,1,0,0,0,0,0,1,0,1,0,5.04,10.00
"cloche|backstop=None,clearance_mm=0.3,drop_speed_mm_s=5.0,lift_mm=3.0,retreat=0|v10|stop",bead,flooring,15.0,1,1,0,0,0,0,0,1,1,0,1,4.99,10.43
"cloche|backstop=None,clearance_mm=0.3,drop_speed_mm_s=5.0,lift_mm=3.0,retreat=0|v10|stop",bead,mat,0.0,1,1,0,0,0,0,0,1,0,1,0,5.04,0.00
"cloche|backstop=None,clearance_mm=0.3,drop_speed_mm_s=5.0,lift_mm=3.0,retreat=0|v10|stop",bead,mat,5.0,1,1,0,0,0,0,0,1,0,1,0,5.03,5.00
"cloche|backstop=None,clearance_mm=0.3,drop_speed_mm_s=5.0,lift_mm=3.0,retreat=0|v10|stop",bead,mat,10.0,1,1,0,0,0,0,0,1,0,1,0,5.04,10.00
"cloche|backstop=None,clearance_mm=0.3,drop_speed_mm_s=5.0,lift_mm=3.0,retreat=0|v10|stop",bead,mat,15.0,1,1,0,0,0,0,0,1,1,0,1,4.39,8.44
"cloche|backstop=None,clearance_mm=0.3,drop_speed_mm_s=5.0,lift_mm=3.0,retreat=0|v10|stop",coin_1yen,flooring,0.0,1,1,0,0,0,0,0,1,0,1,0,11.04,0.00
"cloche|backstop=None,clearance_mm=0.3,drop_speed_mm_s=5.0,lift_mm=3.0,retreat=0|v10|stop",coin_1yen,flooring,5.0,1,1,0,0,0,0,0,1,0,1,0,11.03,5.00
"cloche|backstop=None,clearance_mm=0.3,drop_speed_mm_s=5.0,lift_mm=3.0,retreat=0|v10|stop",coin_1yen,flooring,10.0,1,0,0,0,0,0,1,1,0,1,0,,
"cloche|backstop=None,clearance_mm=0.3,drop_speed_mm_s=5.0,lift_mm=3.0,retreat=0|v10|stop",coin_1yen,flooring,15.0,1,0,0,0,0,0,1,1,0,1,0,,
"cloche|backstop=None,clearance_mm=0.3,drop_speed_mm_s=5.0,lift_mm=3.0,retreat=0|v10|stop",coin_1yen,mat,0.0,1,1,0,0,0,0,0,1,0,1,0,11.04,0.00
"cloche|backstop=None,clearance_mm=0.3,drop_speed_mm_s=5.0,lift_mm=3.0,retreat=0|v10|stop",coin_1yen,mat,5.0,1,1,0,0,0,0,0,1,0,1,0,11.03,5.00
"cloche|backstop=None,clearance_mm=0.3,drop_speed_mm_s=5.0,lift_mm=3.0,retreat=0|v10|stop",coin_1yen,mat,10.0,1,0,0,0,0,0,1,1,0,1,0,,
"cloche|backstop=None,clearance_mm=0.3,drop_speed_mm_s=5.0,lift_mm=3.0,retreat=0|v10|stop",coin_1yen,mat,15.0,1,0,0,0,0,0,1,1,0,1,0,,
"cloche|backstop=None,clearance_mm=0.3,drop_speed_mm_s=5.0,lift_mm=3.0,retreat=0|v10|stop",crumb_cube,flooring,0.0,1,1,0,0,0,0,0,1,0,1,0,8.10,0.00
"cloche|backstop=None,clearance_mm=0.3,drop_speed_mm_s=5.0,lift_mm=3.0,retreat=0|v10|stop",crumb_cube,flooring,5.0,1,1,0,0,0,0,0,1,0,1,0,8.11,5.00
"cloche|backstop=None,clearance_mm=0.3,drop_speed_mm_s=5.0,lift_mm=3.0,retreat=0|v10|stop",crumb_cube,flooring,10.0,1,1,0,0,0,0,0,1,1,0,1,8.10,8.92
"cloche|backstop=None,clearance_mm=0.3,drop_speed_mm_s=5.0,lift_mm=3.0,retreat=0|v10|stop",crumb_cube,flooring,15.0,1,1,0,0,0,0,0,1,1,0,1,8.11,9.12
"cloche|backstop=None,clearance_mm=0.3,drop_speed_mm_s=5.0,lift_mm=3.0,retreat=0|v10|stop",crumb_cube,mat,0.0,1,1,0,0,0,0,0,1,0,1,0,8.10,0.00
"cloche|backstop=None,clearance_mm=0.3,drop_speed_mm_s=5.0,lift_mm=3.0,retreat=0|v10|stop",crumb_cube,mat,5.0,1,1,0,0,0,0,0,1,0,1,0,8.11,5.00
"cloche|backstop=None,clearance_mm=0.3,drop_speed_mm_s=5.0,lift_mm=3.0,retreat=0|v10|stop",crumb_cube,mat,10.0,1,1,0,0,0,0,0,1,1,0,1,8.10,8.92
"cloche|backstop=None,clearance_mm=0.3,drop_speed_mm_s=5.0,lift_mm=3.0,retreat=0|v10|stop",crumb_cube,mat,15.0,1,1,0,0,0,0,0,1,1,0,1,8.11,9.12
"cloche|backstop=None,clearance_mm=0.3,drop_speed_mm_s=5.0,lift_mm=3.0,retreat=30|v10|stop",battery_cr2032,flooring,0.0,1,1,0,0,0,0,0,1,0,1,0,11.04,0.01
"cloche|backstop=None,clearance_mm=0.3,drop_speed_mm_s=5.0,lift_mm=3.0,retreat=30|v10|stop",battery_cr2032,flooring,5.0,1,1,0,0,0,0,0,1,0,1,0,11.03,5.00
"cloche|backstop=None,clearance_mm=0.3,drop_speed_mm_s=5.0,lift_mm=3.0,retreat=30|v10|stop",battery_cr2032,flooring,10.0,1,0,0,0,0,0,1,1,0,1,0,,
"cloche|backstop=None,clearance_mm=0.3,drop_speed_mm_s=5.0,lift_mm=3.0,retreat=30|v10|stop",battery_cr2032,flooring,15.0,1,0,0,0,0,1,0,0,0,0,0,,
"cloche|backstop=None,clearance_mm=0.3,drop_speed_mm_s=5.0,lift_mm=3.0,retreat=30|v10|stop",battery_cr2032,mat,0.0,1,1,0,0,0,0,0,1,0,1,0,11.03,0.01
"cloche|backstop=None,clearance_mm=0.3,drop_speed_mm_s=5.0,lift_mm=3.0,retreat=30|v10|stop",battery_cr2032,mat,5.0,1,1,0,0,0,0,0,1,0,1,0,11.03,5.00
"cloche|backstop=None,clearance_mm=0.3,drop_speed_mm_s=5.0,lift_mm=3.0,retreat=30|v10|stop",battery_cr2032,mat,10.0,1,0,0,0,0,0,1,1,0,1,0,,
"cloche|backstop=None,clearance_mm=0.3,drop_speed_mm_s=5.0,lift_mm=3.0,retreat=30|v10|stop",battery_cr2032,mat,15.0,1,0,0,0,0,1,0,0,0,0,0,,
"cloche|backstop=None,clearance_mm=0.3,drop_speed_mm_s=5.0,lift_mm=3.0,retreat=30|v10|stop",bead,flooring,0.0,1,1,0,0,0,0,0,1,0,1,0,5.04,0.00
"cloche|backstop=None,clearance_mm=0.3,drop_speed_mm_s=5.0,lift_mm=3.0,retreat=30|v10|stop",bead,flooring,5.0,1,1,0,0,0,0,0,1,0,1,0,5.03,5.00
"cloche|backstop=None,clearance_mm=0.3,drop_speed_mm_s=5.0,lift_mm=3.0,retreat=30|v10|stop",bead,flooring,10.0,1,1,0,0,0,0,0,1,0,1,0,5.04,10.00
"cloche|backstop=None,clearance_mm=0.3,drop_speed_mm_s=5.0,lift_mm=3.0,retreat=30|v10|stop",bead,flooring,15.0,1,1,0,0,0,0,0,1,1,0,1,4.99,10.43
"cloche|backstop=None,clearance_mm=0.3,drop_speed_mm_s=5.0,lift_mm=3.0,retreat=30|v10|stop",bead,mat,0.0,1,1,0,0,0,0,0,1,0,1,0,5.04,0.00
"cloche|backstop=None,clearance_mm=0.3,drop_speed_mm_s=5.0,lift_mm=3.0,retreat=30|v10|stop",bead,mat,5.0,1,1,0,0,0,0,0,1,0,1,0,5.03,5.00
"cloche|backstop=None,clearance_mm=0.3,drop_speed_mm_s=5.0,lift_mm=3.0,retreat=30|v10|stop",bead,mat,10.0,1,1,0,0,0,0,0,1,0,1,0,5.04,10.00
"cloche|backstop=None,clearance_mm=0.3,drop_speed_mm_s=5.0,lift_mm=3.0,retreat=30|v10|stop",bead,mat,15.0,1,1,0,0,0,0,0,1,1,0,1,4.39,8.44
"cloche|backstop=None,clearance_mm=0.3,drop_speed_mm_s=5.0,lift_mm=3.0,retreat=30|v10|stop",coin_1yen,flooring,0.0,1,1,0,0,0,0,0,1,0,1,0,11.04,0.00
"cloche|backstop=None,clearance_mm=0.3,drop_speed_mm_s=5.0,lift_mm=3.0,retreat=30|v10|stop",coin_1yen,flooring,5.0,1,1,0,0,0,0,0,1,0,1,0,11.03,5.00
"cloche|backstop=None,clearance_mm=0.3,drop_speed_mm_s=5.0,lift_mm=3.0,retreat=30|v10|stop",coin_1yen,flooring,10.0,1,0,0,0,0,0,1,1,0,1,0,,
"cloche|backstop=None,clearance_mm=0.3,drop_speed_mm_s=5.0,lift_mm=3.0,retreat=30|v10|stop",coin_1yen,flooring,15.0,1,0,0,0,0,0,1,1,0,1,0,,
"cloche|backstop=None,clearance_mm=0.3,drop_speed_mm_s=5.0,lift_mm=3.0,retreat=30|v10|stop",coin_1yen,mat,0.0,1,1,0,0,0,0,0,1,0,1,0,11.04,0.00
"cloche|backstop=None,clearance_mm=0.3,drop_speed_mm_s=5.0,lift_mm=3.0,retreat=30|v10|stop",coin_1yen,mat,5.0,1,1,0,0,0,0,0,1,0,1,0,11.03,5.00
"cloche|backstop=None,clearance_mm=0.3,drop_speed_mm_s=5.0,lift_mm=3.0,retreat=30|v10|stop",coin_1yen,mat,10.0,1,0,0,0,0,0,1,1,0,1,0,,
"cloche|backstop=None,clearance_mm=0.3,drop_speed_mm_s=5.0,lift_mm=3.0,retreat=30|v10|stop",coin_1yen,mat,15.0,1,0,0,0,0,0,1,1,0,1,0,,
"cloche|backstop=None,clearance_mm=0.3,drop_speed_mm_s=5.0,lift_mm=3.0,retreat=30|v10|stop",crumb_cube,flooring,0.0,1,1,0,0,0,0,0,1,0,1,0,8.10,0.00
"cloche|backstop=None,clearance_mm=0.3,drop_speed_mm_s=5.0,lift_mm=3.0,retreat=30|v10|stop",crumb_cube,flooring,5.0,1,1,0,0,0,0,0,1,0,1,0,8.11,5.00
"cloche|backstop=None,clearance_mm=0.3,drop_speed_mm_s=5.0,lift_mm=3.0,retreat=30|v10|stop",crumb_cube,flooring,10.0,1,1,0,0,0,0,0,1,1,0,1,8.10,8.92
"cloche|backstop=None,clearance_mm=0.3,drop_speed_mm_s=5.0,lift_mm=3.0,retreat=30|v10|stop",crumb_cube,flooring,15.0,1,1,0,0,0,0,0,1,1,0,1,8.11,9.12
"cloche|backstop=None,clearance_mm=0.3,drop_speed_mm_s=5.0,lift_mm=3.0,retreat=30|v10|stop",crumb_cube,mat,0.0,1,1,0,0,0,0,0,1,0,1,0,8.10,0.00
"cloche|backstop=None,clearance_mm=0.3,drop_speed_mm_s=5.0,lift_mm=3.0,retreat=30|v10|stop",crumb_cube,mat,5.0,1,1,0,0,0,0,0,1,0,1,0,8.11,5.00
"cloche|backstop=None,clearance_mm=0.3,drop_speed_mm_s=5.0,lift_mm=3.0,retreat=30|v10|stop",crumb_cube,mat,10.0,1,1,0,0,0,0,0,1,1,0,1,8.10,8.92
"cloche|backstop=None,clearance_mm=0.3,drop_speed_mm_s=5.0,lift_mm=3.0,retreat=30|v10|stop",crumb_cube,mat,15.0,1,1,0,0,0,0,0,1,1,0,1,8.11,9.12
"cloche|backstop=None,clearance_mm=0.3,drop_speed_mm_s=5.0,lift_mm=5.0,retreat=-30|v10|stop",battery_cr2032,flooring,0.0,1,1,0,0,0,0,0,1,0,1,0,11.04,0.01
"cloche|backstop=None,clearance_mm=0.3,drop_speed_mm_s=5.0,lift_mm=5.0,retreat=-30|v10|stop",battery_cr2032,flooring,5.0,1,1,0,0,0,0,0,1,0,1,0,11.03,5.00
"cloche|backstop=None,clearance_mm=0.3,drop_speed_mm_s=5.0,lift_mm=5.0,retreat=-30|v10|stop",battery_cr2032,flooring,10.0,1,0,0,0,0,0,1,1,0,1,0,,
"cloche|backstop=None,clearance_mm=0.3,drop_speed_mm_s=5.0,lift_mm=5.0,retreat=-30|v10|stop",battery_cr2032,flooring,15.0,1,0,0,0,0,1,0,0,0,0,0,,
"cloche|backstop=None,clearance_mm=0.3,drop_speed_mm_s=5.0,lift_mm=5.0,retreat=-30|v10|stop",battery_cr2032,mat,0.0,1,1,0,0,0,0,0,1,0,1,0,11.03,0.01
"cloche|backstop=None,clearance_mm=0.3,drop_speed_mm_s=5.0,lift_mm=5.0,retreat=-30|v10|stop",battery_cr2032,mat,5.0,1,1,0,0,0,0,0,1,0,1,0,11.03,5.00
"cloche|backstop=None,clearance_mm=0.3,drop_speed_mm_s=5.0,lift_mm=5.0,retreat=-30|v10|stop",battery_cr2032,mat,10.0,1,0,0,0,0,0,1,1,0,1,0,,
"cloche|backstop=None,clearance_mm=0.3,drop_speed_mm_s=5.0,lift_mm=5.0,retreat=-30|v10|stop",battery_cr2032,mat,15.0,1,0,0,0,0,1,0,0,0,0,0,,
"cloche|backstop=None,clearance_mm=0.3,drop_speed_mm_s=5.0,lift_mm=5.0,retreat=-30|v10|stop",bead,flooring,0.0,1,1,0,0,0,0,0,1,0,1,0,5.04,0.00
"cloche|backstop=None,clearance_mm=0.3,drop_speed_mm_s=5.0,lift_mm=5.0,retreat=-30|v10|stop",bead,flooring,5.0,1,1,0,0,0,0,0,1,0,1,0,5.03,5.00
"cloche|backstop=None,clearance_mm=0.3,drop_speed_mm_s=5.0,lift_mm=5.0,retreat=-30|v10|stop",bead,flooring,10.0,1,1,0,0,0,0,0,1,0,1,0,5.04,10.00
"cloche|backstop=None,clearance_mm=0.3,drop_speed_mm_s=5.0,lift_mm=5.0,retreat=-30|v10|stop",bead,flooring,15.0,1,1,0,0,0,0,0,1,1,0,1,4.99,10.74
"cloche|backstop=None,clearance_mm=0.3,drop_speed_mm_s=5.0,lift_mm=5.0,retreat=-30|v10|stop",bead,mat,0.0,1,1,0,0,0,0,0,1,0,1,0,5.04,0.00
"cloche|backstop=None,clearance_mm=0.3,drop_speed_mm_s=5.0,lift_mm=5.0,retreat=-30|v10|stop",bead,mat,5.0,1,1,0,0,0,0,0,1,0,1,0,5.03,5.00
"cloche|backstop=None,clearance_mm=0.3,drop_speed_mm_s=5.0,lift_mm=5.0,retreat=-30|v10|stop",bead,mat,10.0,1,1,0,0,0,0,0,1,0,1,0,5.04,10.00
"cloche|backstop=None,clearance_mm=0.3,drop_speed_mm_s=5.0,lift_mm=5.0,retreat=-30|v10|stop",bead,mat,15.0,1,1,0,0,0,0,0,1,1,0,1,3.97,7.99
"cloche|backstop=None,clearance_mm=0.3,drop_speed_mm_s=5.0,lift_mm=5.0,retreat=-30|v10|stop",coin_1yen,flooring,0.0,1,1,0,0,0,0,0,1,0,1,0,11.04,0.00
"cloche|backstop=None,clearance_mm=0.3,drop_speed_mm_s=5.0,lift_mm=5.0,retreat=-30|v10|stop",coin_1yen,flooring,5.0,1,1,0,0,0,0,0,1,0,1,0,11.03,5.00
"cloche|backstop=None,clearance_mm=0.3,drop_speed_mm_s=5.0,lift_mm=5.0,retreat=-30|v10|stop",coin_1yen,flooring,10.0,1,0,0,0,0,0,1,1,0,1,0,,
"cloche|backstop=None,clearance_mm=0.3,drop_speed_mm_s=5.0,lift_mm=5.0,retreat=-30|v10|stop",coin_1yen,flooring,15.0,1,0,0,0,0,0,1,1,0,1,0,,
"cloche|backstop=None,clearance_mm=0.3,drop_speed_mm_s=5.0,lift_mm=5.0,retreat=-30|v10|stop",coin_1yen,mat,0.0,1,1,0,0,0,0,0,1,0,1,0,11.04,0.00
"cloche|backstop=None,clearance_mm=0.3,drop_speed_mm_s=5.0,lift_mm=5.0,retreat=-30|v10|stop",coin_1yen,mat,5.0,1,1,0,0,0,0,0,1,0,1,0,11.03,5.00
"cloche|backstop=None,clearance_mm=0.3,drop_speed_mm_s=5.0,lift_mm=5.0,retreat=-30|v10|stop",coin_1yen,mat,10.0,1,0,0,0,0,0,1,1,0,1,0,,
"cloche|backstop=None,clearance_mm=0.3,drop_speed_mm_s=5.0,lift_mm=5.0,retreat=-30|v10|stop",coin_1yen,mat,15.0,1,0,0,0,0,0,1,1,0,1,0,,
"cloche|backstop=None,clearance_mm=0.3,drop_speed_mm_s=5.0,lift_mm=5.0,retreat=-30|v10|stop",crumb_cube,flooring,0.0,1,1,0,0,0,0,0,1,0,1,0,8.10,0.00
"cloche|backstop=None,clearance_mm=0.3,drop_speed_mm_s=5.0,lift_mm=5.0,retreat=-30|v10|stop",crumb_cube,flooring,5.0,1,1,0,0,0,0,0,1,0,1,0,8.11,5.00
"cloche|backstop=None,clearance_mm=0.3,drop_speed_mm_s=5.0,lift_mm=5.0,retreat=-30|v10|stop",crumb_cube,flooring,10.0,1,1,0,0,0,0,0,1,1,0,1,8.10,9.00
"cloche|backstop=None,clearance_mm=0.3,drop_speed_mm_s=5.0,lift_mm=5.0,retreat=-30|v10|stop",crumb_cube,flooring,15.0,1,1,0,0,0,0,0,1,1,0,1,8.10,9.24
"cloche|backstop=None,clearance_mm=0.3,drop_speed_mm_s=5.0,lift_mm=5.0,retreat=-30|v10|stop",crumb_cube,mat,0.0,1,1,0,0,0,0,0,1,0,1,0,8.10,0.00
"cloche|backstop=None,clearance_mm=0.3,drop_speed_mm_s=5.0,lift_mm=5.0,retreat=-30|v10|stop",crumb_cube,mat,5.0,1,1,0,0,0,0,0,1,0,1,0,8.11,5.00
"cloche|backstop=None,clearance_mm=0.3,drop_speed_mm_s=5.0,lift_mm=5.0,retreat=-30|v10|stop",crumb_cube,mat,10.0,1,1,0,0,0,0,0,1,1,0,1,8.10,9.00
"cloche|backstop=None,clearance_mm=0.3,drop_speed_mm_s=5.0,lift_mm=5.0,retreat=-30|v10|stop",crumb_cube,mat,15.0,1,1,0,0,0,0,0,1,1,0,1,8.10,9.24
"cloche|backstop=None,clearance_mm=0.3,drop_speed_mm_s=5.0,lift_mm=5.0,retreat=0|v10|stop",battery_cr2032,flooring,0.0,1,1,0,0,0,0,0,1,0,1,0,11.04,0.01
"cloche|backstop=None,clearance_mm=0.3,drop_speed_mm_s=5.0,lift_mm=5.0,retreat=0|v10|stop",battery_cr2032,flooring,5.0,1,1,0,0,0,0,0,1,0,1,0,11.03,5.00
"cloche|backstop=None,clearance_mm=0.3,drop_speed_mm_s=5.0,lift_mm=5.0,retreat=0|v10|stop",battery_cr2032,flooring,10.0,1,0,0,0,0,0,1,1,0,1,0,,
"cloche|backstop=None,clearance_mm=0.3,drop_speed_mm_s=5.0,lift_mm=5.0,retreat=0|v10|stop",battery_cr2032,flooring,15.0,1,0,0,0,0,1,0,0,0,0,0,,
"cloche|backstop=None,clearance_mm=0.3,drop_speed_mm_s=5.0,lift_mm=5.0,retreat=0|v10|stop",battery_cr2032,mat,0.0,1,1,0,0,0,0,0,1,0,1,0,11.03,0.01
"cloche|backstop=None,clearance_mm=0.3,drop_speed_mm_s=5.0,lift_mm=5.0,retreat=0|v10|stop",battery_cr2032,mat,5.0,1,1,0,0,0,0,0,1,0,1,0,11.03,5.00
"cloche|backstop=None,clearance_mm=0.3,drop_speed_mm_s=5.0,lift_mm=5.0,retreat=0|v10|stop",battery_cr2032,mat,10.0,1,0,0,0,0,0,1,1,0,1,0,,
"cloche|backstop=None,clearance_mm=0.3,drop_speed_mm_s=5.0,lift_mm=5.0,retreat=0|v10|stop",battery_cr2032,mat,15.0,1,0,0,0,0,1,0,0,0,0,0,,
"cloche|backstop=None,clearance_mm=0.3,drop_speed_mm_s=5.0,lift_mm=5.0,retreat=0|v10|stop",bead,flooring,0.0,1,1,0,0,0,0,0,1,0,1,0,5.04,0.00
"cloche|backstop=None,clearance_mm=0.3,drop_speed_mm_s=5.0,lift_mm=5.0,retreat=0|v10|stop",bead,flooring,5.0,1,1,0,0,0,0,0,1,0,1,0,5.03,5.00
"cloche|backstop=None,clearance_mm=0.3,drop_speed_mm_s=5.0,lift_mm=5.0,retreat=0|v10|stop",bead,flooring,10.0,1,1,0,0,0,0,0,1,0,1,0,5.04,10.00
"cloche|backstop=None,clearance_mm=0.3,drop_speed_mm_s=5.0,lift_mm=5.0,retreat=0|v10|stop",bead,flooring,15.0,1,1,0,0,0,0,0,1,1,0,1,4.99,10.74
"cloche|backstop=None,clearance_mm=0.3,drop_speed_mm_s=5.0,lift_mm=5.0,retreat=0|v10|stop",bead,mat,0.0,1,1,0,0,0,0,0,1,0,1,0,5.04,0.00
"cloche|backstop=None,clearance_mm=0.3,drop_speed_mm_s=5.0,lift_mm=5.0,retreat=0|v10|stop",bead,mat,5.0,1,1,0,0,0,0,0,1,0,1,0,5.03,5.00
"cloche|backstop=None,clearance_mm=0.3,drop_speed_mm_s=5.0,lift_mm=5.0,retreat=0|v10|stop",bead,mat,10.0,1,1,0,0,0,0,0,1,0,1,0,5.04,10.00
"cloche|backstop=None,clearance_mm=0.3,drop_speed_mm_s=5.0,lift_mm=5.0,retreat=0|v10|stop",bead,mat,15.0,1,1,0,0,0,0,0,1,1,0,1,3.97,7.99
"cloche|backstop=None,clearance_mm=0.3,drop_speed_mm_s=5.0,lift_mm=5.0,retreat=0|v10|stop",coin_1yen,flooring,0.0,1,1,0,0,0,0,0,1,0,1,0,11.04,0.00
"cloche|backstop=None,clearance_mm=0.3,drop_speed_mm_s=5.0,lift_mm=5.0,retreat=0|v10|stop",coin_1yen,flooring,5.0,1,1,0,0,0,0,0,1,0,1,0,11.03,5.00
"cloche|backstop=None,clearance_mm=0.3,drop_speed_mm_s=5.0,lift_mm=5.0,retreat=0|v10|stop",coin_1yen,flooring,10.0,1,0,0,0,0,0,1,1,0,1,0,,
"cloche|backstop=None,clearance_mm=0.3,drop_speed_mm_s=5.0,lift_mm=5.0,retreat=0|v10|stop",coin_1yen,flooring,15.0,1,0,0,0,0,0,1,1,0,1,0,,
"cloche|backstop=None,clearance_mm=0.3,drop_speed_mm_s=5.0,lift_mm=5.0,retreat=0|v10|stop",coin_1yen,mat,0.0,1,1,0,0,0,0,0,1,0,1,0,11.04,0.00
"cloche|backstop=None,clearance_mm=0.3,drop_speed_mm_s=5.0,lift_mm=5.0,retreat=0|v10|stop",coin_1yen,mat,5.0,1,1,0,0,0,0,0,1,0,1,0,11.03,5.00
"cloche|backstop=None,clearance_mm=0.3,drop_speed_mm_s=5.0,lift_mm=5.0,retreat=0|v10|stop",coin_1yen,mat,10.0,1,0,0,0,0,0,1,1,0,1,0,,
"cloche|backstop=None,clearance_mm=0.3,drop_speed_mm_s=5.0,lift_mm=5.0,retreat=0|v10|stop",coin_1yen,mat,15.0,1,0,0,0,0,0,1,1,0,1,0,,
"cloche|backstop=None,clearance_mm=0.3,drop_speed_mm_s=5.0,lift_mm=5.0,retreat=0|v10|stop",crumb_cube,flooring,0.0,1,1,0,0,0,0,0,1,0,1,0,8.10,0.00
"cloche|backstop=None,clearance_mm=0.3,drop_speed_mm_s=5.0,lift_mm=5.0,retreat=0|v10|stop",crumb_cube,flooring,5.0,1,1,0,0,0,0,0,1,0,1,0,8.11,5.00
"cloche|backstop=None,clearance_mm=0.3,drop_speed_mm_s=5.0,lift_mm=5.0,retreat=0|v10|stop",crumb_cube,flooring,10.0,1,1,0,0,0,0,0,1,1,0,1,8.10,9.00
"cloche|backstop=None,clearance_mm=0.3,drop_speed_mm_s=5.0,lift_mm=5.0,retreat=0|v10|stop",crumb_cube,flooring,15.0,1,1,0,0,0,0,0,1,1,0,1,8.10,9.24
"cloche|backstop=None,clearance_mm=0.3,drop_speed_mm_s=5.0,lift_mm=5.0,retreat=0|v10|stop",crumb_cube,mat,0.0,1,1,0,0,0,0,0,1,0,1,0,8.10,0.00
"cloche|backstop=None,clearance_mm=0.3,drop_speed_mm_s=5.0,lift_mm=5.0,retreat=0|v10|stop",crumb_cube,mat,5.0,1,1,0,0,0,0,0,1,0,1,0,8.11,5.00
"cloche|backstop=None,clearance_mm=0.3,drop_speed_mm_s=5.0,lift_mm=5.0,retreat=0|v10|stop",crumb_cube,mat,10.0,1,1,0,0,0,0,0,1,1,0,1,8.10,9.00
"cloche|backstop=None,clearance_mm=0.3,drop_speed_mm_s=5.0,lift_mm=5.0,retreat=0|v10|stop",crumb_cube,mat,15.0,1,1,0,0,0,0,0,1,1,0,1,8.10,9.24
"cloche|backstop=None,clearance_mm=0.3,drop_speed_mm_s=5.0,lift_mm=5.0,retreat=30|v10|stop",battery_cr2032,flooring,0.0,1,1,0,0,0,0,0,1,0,1,0,11.04,0.01
"cloche|backstop=None,clearance_mm=0.3,drop_speed_mm_s=5.0,lift_mm=5.0,retreat=30|v10|stop",battery_cr2032,flooring,5.0,1,1,0,0,0,0,0,1,0,1,0,11.03,5.00
"cloche|backstop=None,clearance_mm=0.3,drop_speed_mm_s=5.0,lift_mm=5.0,retreat=30|v10|stop",battery_cr2032,flooring,10.0,1,0,0,0,0,0,1,1,0,1,0,,
"cloche|backstop=None,clearance_mm=0.3,drop_speed_mm_s=5.0,lift_mm=5.0,retreat=30|v10|stop",battery_cr2032,flooring,15.0,1,0,0,0,0,1,0,0,0,0,0,,
"cloche|backstop=None,clearance_mm=0.3,drop_speed_mm_s=5.0,lift_mm=5.0,retreat=30|v10|stop",battery_cr2032,mat,0.0,1,1,0,0,0,0,0,1,0,1,0,11.03,0.01
"cloche|backstop=None,clearance_mm=0.3,drop_speed_mm_s=5.0,lift_mm=5.0,retreat=30|v10|stop",battery_cr2032,mat,5.0,1,1,0,0,0,0,0,1,0,1,0,11.03,5.00
"cloche|backstop=None,clearance_mm=0.3,drop_speed_mm_s=5.0,lift_mm=5.0,retreat=30|v10|stop",battery_cr2032,mat,10.0,1,0,0,0,0,0,1,1,0,1,0,,
"cloche|backstop=None,clearance_mm=0.3,drop_speed_mm_s=5.0,lift_mm=5.0,retreat=30|v10|stop",battery_cr2032,mat,15.0,1,0,0,0,0,1,0,0,0,0,0,,
"cloche|backstop=None,clearance_mm=0.3,drop_speed_mm_s=5.0,lift_mm=5.0,retreat=30|v10|stop",bead,flooring,0.0,1,1,0,0,0,0,0,1,0,1,0,5.04,0.00
"cloche|backstop=None,clearance_mm=0.3,drop_speed_mm_s=5.0,lift_mm=5.0,retreat=30|v10|stop",bead,flooring,5.0,1,1,0,0,0,0,0,1,0,1,0,5.03,5.00
"cloche|backstop=None,clearance_mm=0.3,drop_speed_mm_s=5.0,lift_mm=5.0,retreat=30|v10|stop",bead,flooring,10.0,1,1,0,0,0,0,0,1,0,1,0,5.04,10.00
"cloche|backstop=None,clearance_mm=0.3,drop_speed_mm_s=5.0,lift_mm=5.0,retreat=30|v10|stop",bead,flooring,15.0,1,1,0,0,0,0,0,1,1,0,1,4.99,10.74
"cloche|backstop=None,clearance_mm=0.3,drop_speed_mm_s=5.0,lift_mm=5.0,retreat=30|v10|stop",bead,mat,0.0,1,1,0,0,0,0,0,1,0,1,0,5.04,0.00
"cloche|backstop=None,clearance_mm=0.3,drop_speed_mm_s=5.0,lift_mm=5.0,retreat=30|v10|stop",bead,mat,5.0,1,1,0,0,0,0,0,1,0,1,0,5.03,5.00
"cloche|backstop=None,clearance_mm=0.3,drop_speed_mm_s=5.0,lift_mm=5.0,retreat=30|v10|stop",bead,mat,10.0,1,1,0,0,0,0,0,1,0,1,0,5.04,10.00
"cloche|backstop=None,clearance_mm=0.3,drop_speed_mm_s=5.0,lift_mm=5.0,retreat=30|v10|stop",bead,mat,15.0,1,1,0,0,0,0,0,1,1,0,1,3.97,7.99
"cloche|backstop=None,clearance_mm=0.3,drop_speed_mm_s=5.0,lift_mm=5.0,retreat=30|v10|stop",coin_1yen,flooring,0.0,1,1,0,0,0,0,0,1,0,1,0,11.04,0.00
"cloche|backstop=None,clearance_mm=0.3,drop_speed_mm_s=5.0,lift_mm=5.0,retreat=30|v10|stop",coin_1yen,flooring,5.0,1,1,0,0,0,0,0,1,0,1,0,11.03,5.00
"cloche|backstop=None,clearance_mm=0.3,drop_speed_mm_s=5.0,lift_mm=5.0,retreat=30|v10|stop",coin_1yen,flooring,10.0,1,0,0,0,0,0,1,1,0,1,0,,
"cloche|backstop=None,clearance_mm=0.3,drop_speed_mm_s=5.0,lift_mm=5.0,retreat=30|v10|stop",coin_1yen,flooring,15.0,1,0,0,0,0,0,1,1,0,1,0,,
"cloche|backstop=None,clearance_mm=0.3,drop_speed_mm_s=5.0,lift_mm=5.0,retreat=30|v10|stop",coin_1yen,mat,0.0,1,1,0,0,0,0,0,1,0,1,0,11.04,0.00
"cloche|backstop=None,clearance_mm=0.3,drop_speed_mm_s=5.0,lift_mm=5.0,retreat=30|v10|stop",coin_1yen,mat,5.0,1,1,0,0,0,0,0,1,0,1,0,11.03,5.00
"cloche|backstop=None,clearance_mm=0.3,drop_speed_mm_s=5.0,lift_mm=5.0,retreat=30|v10|stop",coin_1yen,mat,10.0,1,0,0,0,0,0,1,1,0,1,0,,
"cloche|backstop=None,clearance_mm=0.3,drop_speed_mm_s=5.0,lift_mm=5.0,retreat=30|v10|stop",coin_1yen,mat,15.0,1,0,0,0,0,0,1,1,0,1,0,,
"cloche|backstop=None,clearance_mm=0.3,drop_speed_mm_s=5.0,lift_mm=5.0,retreat=30|v10|stop",crumb_cube,flooring,0.0,1,1,0,0,0,0,0,1,0,1,0,8.10,0.00
"cloche|backstop=None,clearance_mm=0.3,drop_speed_mm_s=5.0,lift_mm=5.0,retreat=30|v10|stop",crumb_cube,flooring,5.0,1,1,0,0,0,0,0,1,0,1,0,8.11,5.00
"cloche|backstop=None,clearance_mm=0.3,drop_speed_mm_s=5.0,lift_mm=5.0,retreat=30|v10|stop",crumb_cube,flooring,10.0,1,1,0,0,0,0,0,1,1,0,1,8.10,9.00
"cloche|backstop=None,clearance_mm=0.3,drop_speed_mm_s=5.0,lift_mm=5.0,retreat=30|v10|stop",crumb_cube,flooring,15.0,1,1,0,0,0,0,0,1,1,0,1,8.10,9.24
"cloche|backstop=None,clearance_mm=0.3,drop_speed_mm_s=5.0,lift_mm=5.0,retreat=30|v10|stop",crumb_cube,mat,0.0,1,1,0,0,0,0,0,1,0,1,0,8.10,0.00
"cloche|backstop=None,clearance_mm=0.3,drop_speed_mm_s=5.0,lift_mm=5.0,retreat=30|v10|stop",crumb_cube,mat,5.0,1,1,0,0,0,0,0,1,0,1,0,8.11,5.00
"cloche|backstop=None,clearance_mm=0.3,drop_speed_mm_s=5.0,lift_mm=5.0,retreat=30|v10|stop",crumb_cube,mat,10.0,1,1,0,0,0,0,0,1,1,0,1,8.10,9.00
"cloche|backstop=None,clearance_mm=0.3,drop_speed_mm_s=5.0,lift_mm=5.0,retreat=30|v10|stop",crumb_cube,mat,15.0,1,1,0,0,0,0,0,1,1,0,1,8.10,9.24
"cloche|backstop=None,clearance_mm=0.3,drop_speed_mm_s=5.0,lift_mm=8.0,retreat=-30|v10|stop",battery_cr2032,flooring,0.0,1,1,0,0,0,0,0,1,0,1,0,11.04,0.01
"cloche|backstop=None,clearance_mm=0.3,drop_speed_mm_s=5.0,lift_mm=8.0,retreat=-30|v10|stop",battery_cr2032,flooring,5.0,1,1,0,0,0,0,0,1,0,1,0,11.03,5.00
"cloche|backstop=None,clearance_mm=0.3,drop_speed_mm_s=5.0,lift_mm=8.0,retreat=-30|v10|stop",battery_cr2032,flooring,10.0,1,0,0,0,0,0,1,1,0,1,0,,
"cloche|backstop=None,clearance_mm=0.3,drop_speed_mm_s=5.0,lift_mm=8.0,retreat=-30|v10|stop",battery_cr2032,flooring,15.0,1,0,0,0,0,1,0,0,0,0,0,,
"cloche|backstop=None,clearance_mm=0.3,drop_speed_mm_s=5.0,lift_mm=8.0,retreat=-30|v10|stop",battery_cr2032,mat,0.0,1,1,0,0,0,0,0,1,0,1,0,11.03,0.01
"cloche|backstop=None,clearance_mm=0.3,drop_speed_mm_s=5.0,lift_mm=8.0,retreat=-30|v10|stop",battery_cr2032,mat,5.0,1,1,0,0,0,0,0,1,0,1,0,11.03,5.00
"cloche|backstop=None,clearance_mm=0.3,drop_speed_mm_s=5.0,lift_mm=8.0,retreat=-30|v10|stop",battery_cr2032,mat,10.0,1,0,0,0,0,0,1,1,0,1,0,,
"cloche|backstop=None,clearance_mm=0.3,drop_speed_mm_s=5.0,lift_mm=8.0,retreat=-30|v10|stop",battery_cr2032,mat,15.0,1,0,0,0,0,1,0,0,0,0,0,,
"cloche|backstop=None,clearance_mm=0.3,drop_speed_mm_s=5.0,lift_mm=8.0,retreat=-30|v10|stop",bead,flooring,0.0,1,1,0,0,0,0,0,1,0,1,0,5.04,0.00
"cloche|backstop=None,clearance_mm=0.3,drop_speed_mm_s=5.0,lift_mm=8.0,retreat=-30|v10|stop",bead,flooring,5.0,1,1,0,0,0,0,0,1,0,1,0,5.03,5.00
"cloche|backstop=None,clearance_mm=0.3,drop_speed_mm_s=5.0,lift_mm=8.0,retreat=-30|v10|stop",bead,flooring,10.0,1,1,0,0,0,0,0,1,0,1,0,5.04,10.00
"cloche|backstop=None,clearance_mm=0.3,drop_speed_mm_s=5.0,lift_mm=8.0,retreat=-30|v10|stop",bead,flooring,15.0,1,0,1,0,0,0,0,1,0,1,0,5.03,3.32
"cloche|backstop=None,clearance_mm=0.3,drop_speed_mm_s=5.0,lift_mm=8.0,retreat=-30|v10|stop",bead,mat,0.0,1,1,0,0,0,0,0,1,0,1,0,5.04,0.00
"cloche|backstop=None,clearance_mm=0.3,drop_speed_mm_s=5.0,lift_mm=8.0,retreat=-30|v10|stop",bead,mat,5.0,1,1,0,0,0,0,0,1,0,1,0,5.03,5.00
"cloche|backstop=None,clearance_mm=0.3,drop_speed_mm_s=5.0,lift_mm=8.0,retreat=-30|v10|stop",bead,mat,10.0,1,1,0,0,0,0,0,1,0,1,0,5.04,10.00
"cloche|backstop=None,clearance_mm=0.3,drop_speed_mm_s=5.0,lift_mm=8.0,retreat=-30|v10|stop",bead,mat,15.0,1,0,1,0,0,0,0,1,0,1,0,5.03,3.06
"cloche|backstop=None,clearance_mm=0.3,drop_speed_mm_s=5.0,lift_mm=8.0,retreat=-30|v10|stop",coin_1yen,flooring,0.0,1,1,0,0,0,0,0,1,0,1,0,11.04,0.00
"cloche|backstop=None,clearance_mm=0.3,drop_speed_mm_s=5.0,lift_mm=8.0,retreat=-30|v10|stop",coin_1yen,flooring,5.0,1,1,0,0,0,0,0,1,0,1,0,11.03,5.00
"cloche|backstop=None,clearance_mm=0.3,drop_speed_mm_s=5.0,lift_mm=8.0,retreat=-30|v10|stop",coin_1yen,flooring,10.0,1,0,0,0,0,0,1,1,0,1,0,,
"cloche|backstop=None,clearance_mm=0.3,drop_speed_mm_s=5.0,lift_mm=8.0,retreat=-30|v10|stop",coin_1yen,flooring,15.0,1,0,0,0,0,0,1,1,0,1,0,,
"cloche|backstop=None,clearance_mm=0.3,drop_speed_mm_s=5.0,lift_mm=8.0,retreat=-30|v10|stop",coin_1yen,mat,0.0,1,1,0,0,0,0,0,1,0,1,0,11.04,0.00
"cloche|backstop=None,clearance_mm=0.3,drop_speed_mm_s=5.0,lift_mm=8.0,retreat=-30|v10|stop",coin_1yen,mat,5.0,1,1,0,0,0,0,0,1,0,1,0,11.03,5.00
"cloche|backstop=None,clearance_mm=0.3,drop_speed_mm_s=5.0,lift_mm=8.0,retreat=-30|v10|stop",coin_1yen,mat,10.0,1,0,0,0,0,0,1,1,0,1,0,,
"cloche|backstop=None,clearance_mm=0.3,drop_speed_mm_s=5.0,lift_mm=8.0,retreat=-30|v10|stop",coin_1yen,mat,15.0,1,0,0,0,0,0,1,1,0,1,0,,
"cloche|backstop=None,clearance_mm=0.3,drop_speed_mm_s=5.0,lift_mm=8.0,retreat=-30|v10|stop",crumb_cube,flooring,0.0,1,1,0,0,0,0,0,1,0,1,0,8.10,0.00
"cloche|backstop=None,clearance_mm=0.3,drop_speed_mm_s=5.0,lift_mm=8.0,retreat=-30|v10|stop",crumb_cube,flooring,5.0,1,1,0,0,0,0,0,1,0,1,0,8.11,5.00
"cloche|backstop=None,clearance_mm=0.3,drop_speed_mm_s=5.0,lift_mm=8.0,retreat=-30|v10|stop",crumb_cube,flooring,10.0,1,1,0,0,0,0,0,1,1,0,1,8.11,9.12
"cloche|backstop=None,clearance_mm=0.3,drop_speed_mm_s=5.0,lift_mm=8.0,retreat=-30|v10|stop",crumb_cube,flooring,15.0,1,1,0,0,0,0,0,1,1,0,1,8.11,4.24
"cloche|backstop=None,clearance_mm=0.3,drop_speed_mm_s=5.0,lift_mm=8.0,retreat=-30|v10|stop",crumb_cube,mat,0.0,1,1,0,0,0,0,0,1,0,1,0,8.10,0.00
"cloche|backstop=None,clearance_mm=0.3,drop_speed_mm_s=5.0,lift_mm=8.0,retreat=-30|v10|stop",crumb_cube,mat,5.0,1,1,0,0,0,0,0,1,0,1,0,8.11,5.00
"cloche|backstop=None,clearance_mm=0.3,drop_speed_mm_s=5.0,lift_mm=8.0,retreat=-30|v10|stop",crumb_cube,mat,10.0,1,1,0,0,0,0,0,1,1,0,1,8.11,9.12
"cloche|backstop=None,clearance_mm=0.3,drop_speed_mm_s=5.0,lift_mm=8.0,retreat=-30|v10|stop",crumb_cube,mat,15.0,1,1,0,0,0,0,0,1,1,0,1,8.11,4.24
"cloche|backstop=None,clearance_mm=0.3,drop_speed_mm_s=5.0,lift_mm=8.0,retreat=0|v10|stop",battery_cr2032,flooring,0.0,1,1,0,0,0,0,0,1,0,1,0,11.04,0.01
"cloche|backstop=None,clearance_mm=0.3,drop_speed_mm_s=5.0,lift_mm=8.0,retreat=0|v10|stop",battery_cr2032,flooring,5.0,1,1,0,0,0,0,0,1,0,1,0,11.03,5.00
"cloche|backstop=None,clearance_mm=0.3,drop_speed_mm_s=5.0,lift_mm=8.0,retreat=0|v10|stop",battery_cr2032,flooring,10.0,1,0,0,0,0,0,1,1,0,1,0,,
"cloche|backstop=None,clearance_mm=0.3,drop_speed_mm_s=5.0,lift_mm=8.0,retreat=0|v10|stop",battery_cr2032,flooring,15.0,1,0,0,0,0,1,0,0,0,0,0,,
"cloche|backstop=None,clearance_mm=0.3,drop_speed_mm_s=5.0,lift_mm=8.0,retreat=0|v10|stop",battery_cr2032,mat,0.0,1,1,0,0,0,0,0,1,0,1,0,11.03,0.01
"cloche|backstop=None,clearance_mm=0.3,drop_speed_mm_s=5.0,lift_mm=8.0,retreat=0|v10|stop",battery_cr2032,mat,5.0,1,1,0,0,0,0,0,1,0,1,0,11.03,5.00
"cloche|backstop=None,clearance_mm=0.3,drop_speed_mm_s=5.0,lift_mm=8.0,retreat=0|v10|stop",battery_cr2032,mat,10.0,1,0,0,0,0,0,1,1,0,1,0,,
"cloche|backstop=None,clearance_mm=0.3,drop_speed_mm_s=5.0,lift_mm=8.0,retreat=0|v10|stop",battery_cr2032,mat,15.0,1,0,0,0,0,1,0,0,0,0,0,,
"cloche|backstop=None,clearance_mm=0.3,drop_speed_mm_s=5.0,lift_mm=8.0,retreat=0|v10|stop",bead,flooring,0.0,1,1,0,0,0,0,0,1,0,1,0,5.04,0.00
"cloche|backstop=None,clearance_mm=0.3,drop_speed_mm_s=5.0,lift_mm=8.0,retreat=0|v10|stop",bead,flooring,5.0,1,1,0,0,0,0,0,1,0,1,0,5.03,5.00
"cloche|backstop=None,clearance_mm=0.3,drop_speed_mm_s=5.0,lift_mm=8.0,retreat=0|v10|stop",bead,flooring,10.0,1,1,0,0,0,0,0,1,0,1,0,5.04,10.00
"cloche|backstop=None,clearance_mm=0.3,drop_speed_mm_s=5.0,lift_mm=8.0,retreat=0|v10|stop",bead,flooring,15.0,1,0,1,0,0,0,0,1,0,1,0,5.03,3.32
"cloche|backstop=None,clearance_mm=0.3,drop_speed_mm_s=5.0,lift_mm=8.0,retreat=0|v10|stop",bead,mat,0.0,1,1,0,0,0,0,0,1,0,1,0,5.04,0.00
"cloche|backstop=None,clearance_mm=0.3,drop_speed_mm_s=5.0,lift_mm=8.0,retreat=0|v10|stop",bead,mat,5.0,1,1,0,0,0,0,0,1,0,1,0,5.03,5.00
"cloche|backstop=None,clearance_mm=0.3,drop_speed_mm_s=5.0,lift_mm=8.0,retreat=0|v10|stop",bead,mat,10.0,1,1,0,0,0,0,0,1,0,1,0,5.04,10.00
"cloche|backstop=None,clearance_mm=0.3,drop_speed_mm_s=5.0,lift_mm=8.0,retreat=0|v10|stop",bead,mat,15.0,1,0,1,0,0,0,0,1,0,1,0,5.03,3.06
"cloche|backstop=None,clearance_mm=0.3,drop_speed_mm_s=5.0,lift_mm=8.0,retreat=0|v10|stop",coin_1yen,flooring,0.0,1,1,0,0,0,0,0,1,0,1,0,11.04,0.00
"cloche|backstop=None,clearance_mm=0.3,drop_speed_mm_s=5.0,lift_mm=8.0,retreat=0|v10|stop",coin_1yen,flooring,5.0,1,1,0,0,0,0,0,1,0,1,0,11.03,5.00
"cloche|backstop=None,clearance_mm=0.3,drop_speed_mm_s=5.0,lift_mm=8.0,retreat=0|v10|stop",coin_1yen,flooring,10.0,1,0,0,0,0,0,1,1,0,1,0,,
"cloche|backstop=None,clearance_mm=0.3,drop_speed_mm_s=5.0,lift_mm=8.0,retreat=0|v10|stop",coin_1yen,flooring,15.0,1,0,0,0,0,0,1,1,0,1,0,,
"cloche|backstop=None,clearance_mm=0.3,drop_speed_mm_s=5.0,lift_mm=8.0,retreat=0|v10|stop",coin_1yen,mat,0.0,1,1,0,0,0,0,0,1,0,1,0,11.04,0.00
"cloche|backstop=None,clearance_mm=0.3,drop_speed_mm_s=5.0,lift_mm=8.0,retreat=0|v10|stop",coin_1yen,mat,5.0,1,1,0,0,0,0,0,1,0,1,0,11.03,5.00
"cloche|backstop=None,clearance_mm=0.3,drop_speed_mm_s=5.0,lift_mm=8.0,retreat=0|v10|stop",coin_1yen,mat,10.0,1,0,0,0,0,0,1,1,0,1,0,,
"cloche|backstop=None,clearance_mm=0.3,drop_speed_mm_s=5.0,lift_mm=8.0,retreat=0|v10|stop",coin_1yen,mat,15.0,1,0,0,0,0,0,1,1,0,1,0,,
"cloche|backstop=None,clearance_mm=0.3,drop_speed_mm_s=5.0,lift_mm=8.0,retreat=0|v10|stop",crumb_cube,flooring,0.0,1,1,0,0,0,0,0,1,0,1,0,8.10,0.00
"cloche|backstop=None,clearance_mm=0.3,drop_speed_mm_s=5.0,lift_mm=8.0,retreat=0|v10|stop",crumb_cube,flooring,5.0,1,1,0,0,0,0,0,1,0,1,0,8.11,5.00
"cloche|backstop=None,clearance_mm=0.3,drop_speed_mm_s=5.0,lift_mm=8.0,retreat=0|v10|stop",crumb_cube,flooring,10.0,1,1,0,0,0,0,0,1,1,0,1,8.11,9.12
"cloche|backstop=None,clearance_mm=0.3,drop_speed_mm_s=5.0,lift_mm=8.0,retreat=0|v10|stop",crumb_cube,flooring,15.0,1,1,0,0,0,0,0,1,1,0,1,8.11,4.24
"cloche|backstop=None,clearance_mm=0.3,drop_speed_mm_s=5.0,lift_mm=8.0,retreat=0|v10|stop",crumb_cube,mat,0.0,1,1,0,0,0,0,0,1,0,1,0,8.10,0.00
"cloche|backstop=None,clearance_mm=0.3,drop_speed_mm_s=5.0,lift_mm=8.0,retreat=0|v10|stop",crumb_cube,mat,5.0,1,1,0,0,0,0,0,1,0,1,0,8.11,5.00
"cloche|backstop=None,clearance_mm=0.3,drop_speed_mm_s=5.0,lift_mm=8.0,retreat=0|v10|stop",crumb_cube,mat,10.0,1,1,0,0,0,0,0,1,1,0,1,8.11,9.12
"cloche|backstop=None,clearance_mm=0.3,drop_speed_mm_s=5.0,lift_mm=8.0,retreat=0|v10|stop",crumb_cube,mat,15.0,1,1,0,0,0,0,0,1,1,0,1,8.11,4.24
"cloche|backstop=None,clearance_mm=0.3,drop_speed_mm_s=5.0,lift_mm=8.0,retreat=30|v10|stop",battery_cr2032,flooring,0.0,1,1,0,0,0,0,0,1,0,1,0,11.04,0.01
"cloche|backstop=None,clearance_mm=0.3,drop_speed_mm_s=5.0,lift_mm=8.0,retreat=30|v10|stop",battery_cr2032,flooring,5.0,1,1,0,0,0,0,0,1,0,1,0,11.03,5.00
"cloche|backstop=None,clearance_mm=0.3,drop_speed_mm_s=5.0,lift_mm=8.0,retreat=30|v10|stop",battery_cr2032,flooring,10.0,1,0,0,0,0,0,1,1,0,1,0,,
"cloche|backstop=None,clearance_mm=0.3,drop_speed_mm_s=5.0,lift_mm=8.0,retreat=30|v10|stop",battery_cr2032,flooring,15.0,1,0,0,0,0,1,0,0,0,0,0,,
"cloche|backstop=None,clearance_mm=0.3,drop_speed_mm_s=5.0,lift_mm=8.0,retreat=30|v10|stop",battery_cr2032,mat,0.0,1,1,0,0,0,0,0,1,0,1,0,11.03,0.01
"cloche|backstop=None,clearance_mm=0.3,drop_speed_mm_s=5.0,lift_mm=8.0,retreat=30|v10|stop",battery_cr2032,mat,5.0,1,1,0,0,0,0,0,1,0,1,0,11.03,5.00
"cloche|backstop=None,clearance_mm=0.3,drop_speed_mm_s=5.0,lift_mm=8.0,retreat=30|v10|stop",battery_cr2032,mat,10.0,1,0,0,0,0,0,1,1,0,1,0,,
"cloche|backstop=None,clearance_mm=0.3,drop_speed_mm_s=5.0,lift_mm=8.0,retreat=30|v10|stop",battery_cr2032,mat,15.0,1,0,0,0,0,1,0,0,0,0,0,,
"cloche|backstop=None,clearance_mm=0.3,drop_speed_mm_s=5.0,lift_mm=8.0,retreat=30|v10|stop",bead,flooring,0.0,1,1,0,0,0,0,0,1,0,1,0,5.04,0.00
"cloche|backstop=None,clearance_mm=0.3,drop_speed_mm_s=5.0,lift_mm=8.0,retreat=30|v10|stop",bead,flooring,5.0,1,1,0,0,0,0,0,1,0,1,0,5.03,5.00
"cloche|backstop=None,clearance_mm=0.3,drop_speed_mm_s=5.0,lift_mm=8.0,retreat=30|v10|stop",bead,flooring,10.0,1,1,0,0,0,0,0,1,0,1,0,5.04,10.00
"cloche|backstop=None,clearance_mm=0.3,drop_speed_mm_s=5.0,lift_mm=8.0,retreat=30|v10|stop",bead,flooring,15.0,1,0,1,0,0,0,0,1,0,1,0,5.03,3.32
"cloche|backstop=None,clearance_mm=0.3,drop_speed_mm_s=5.0,lift_mm=8.0,retreat=30|v10|stop",bead,mat,0.0,1,1,0,0,0,0,0,1,0,1,0,5.04,0.00
"cloche|backstop=None,clearance_mm=0.3,drop_speed_mm_s=5.0,lift_mm=8.0,retreat=30|v10|stop",bead,mat,5.0,1,1,0,0,0,0,0,1,0,1,0,5.03,5.00
"cloche|backstop=None,clearance_mm=0.3,drop_speed_mm_s=5.0,lift_mm=8.0,retreat=30|v10|stop",bead,mat,10.0,1,1,0,0,0,0,0,1,0,1,0,5.04,10.00
"cloche|backstop=None,clearance_mm=0.3,drop_speed_mm_s=5.0,lift_mm=8.0,retreat=30|v10|stop",bead,mat,15.0,1,0,1,0,0,0,0,1,0,1,0,5.03,3.06
"cloche|backstop=None,clearance_mm=0.3,drop_speed_mm_s=5.0,lift_mm=8.0,retreat=30|v10|stop",coin_1yen,flooring,0.0,1,1,0,0,0,0,0,1,0,1,0,11.04,0.00
"cloche|backstop=None,clearance_mm=0.3,drop_speed_mm_s=5.0,lift_mm=8.0,retreat=30|v10|stop",coin_1yen,flooring,5.0,1,1,0,0,0,0,0,1,0,1,0,11.03,5.00
"cloche|backstop=None,clearance_mm=0.3,drop_speed_mm_s=5.0,lift_mm=8.0,retreat=30|v10|stop",coin_1yen,flooring,10.0,1,0,0,0,0,0,1,1,0,1,0,,
"cloche|backstop=None,clearance_mm=0.3,drop_speed_mm_s=5.0,lift_mm=8.0,retreat=30|v10|stop",coin_1yen,flooring,15.0,1,0,0,0,0,0,1,1,0,1,0,,
"cloche|backstop=None,clearance_mm=0.3,drop_speed_mm_s=5.0,lift_mm=8.0,retreat=30|v10|stop",coin_1yen,mat,0.0,1,1,0,0,0,0,0,1,0,1,0,11.04,0.00
"cloche|backstop=None,clearance_mm=0.3,drop_speed_mm_s=5.0,lift_mm=8.0,retreat=30|v10|stop",coin_1yen,mat,5.0,1,1,0,0,0,0,0,1,0,1,0,11.03,5.00
"cloche|backstop=None,clearance_mm=0.3,drop_speed_mm_s=5.0,lift_mm=8.0,retreat=30|v10|stop",coin_1yen,mat,10.0,1,0,0,0,0,0,1,1,0,1,0,,
"cloche|backstop=None,clearance_mm=0.3,drop_speed_mm_s=5.0,lift_mm=8.0,retreat=30|v10|stop",coin_1yen,mat,15.0,1,0,0,0,0,0,1,1,0,1,0,,
"cloche|backstop=None,clearance_mm=0.3,drop_speed_mm_s=5.0,lift_mm=8.0,retreat=30|v10|stop",crumb_cube,flooring,0.0,1,1,0,0,0,0,0,1,0,1,0,8.10,0.00
"cloche|backstop=None,clearance_mm=0.3,drop_speed_mm_s=5.0,lift_mm=8.0,retreat=30|v10|stop",crumb_cube,flooring,5.0,1,1,0,0,0,0,0,1,0,1,0,8.11,5.00
"cloche|backstop=None,clearance_mm=0.3,drop_speed_mm_s=5.0,lift_mm=8.0,retreat=30|v10|stop",crumb_cube,flooring,10.0,1,1,0,0,0,0,0,1,1,0,1,8.11,9.12
"cloche|backstop=None,clearance_mm=0.3,drop_speed_mm_s=5.0,lift_mm=8.0,retreat=30|v10|stop",crumb_cube,flooring,15.0,1,1,0,0,0,0,0,1,1,0,1,8.11,4.24
"cloche|backstop=None,clearance_mm=0.3,drop_speed_mm_s=5.0,lift_mm=8.0,retreat=30|v10|stop",crumb_cube,mat,0.0,1,1,0,0,0,0,0,1,0,1,0,8.10,0.00
"cloche|backstop=None,clearance_mm=0.3,drop_speed_mm_s=5.0,lift_mm=8.0,retreat=30|v10|stop",crumb_cube,mat,5.0,1,1,0,0,0,0,0,1,0,1,0,8.11,5.00
"cloche|backstop=None,clearance_mm=0.3,drop_speed_mm_s=5.0,lift_mm=8.0,retreat=30|v10|stop",crumb_cube,mat,10.0,1,1,0,0,0,0,0,1,1,0,1,8.11,9.12
"cloche|backstop=None,clearance_mm=0.3,drop_speed_mm_s=5.0,lift_mm=8.0,retreat=30|v10|stop",crumb_cube,mat,15.0,1,1,0,0,0,0,0,1,1,0,1,8.11,4.24
"cloche|backstop=None,clearance_mm=1.0,drop_speed_mm_s=20.0,lift_mm=10.0,retreat=-30|v10|stop",battery_cr2032,flooring,0.0,1,1,0,0,0,0,0,1,0,1,0,11.04,0.01
"cloche|backstop=None,clearance_mm=1.0,drop_speed_mm_s=20.0,lift_mm=10.0,retreat=-30|v10|stop",battery_cr2032,flooring,5.0,1,1,0,0,0,0,0,1,0,1,0,11.03,5.00
"cloche|backstop=None,clearance_mm=1.0,drop_speed_mm_s=20.0,lift_mm=10.0,retreat=-30|v10|stop",battery_cr2032,flooring,10.0,1,0,0,0,0,0,1,1,0,1,0,,
"cloche|backstop=None,clearance_mm=1.0,drop_speed_mm_s=20.0,lift_mm=10.0,retreat=-30|v10|stop",battery_cr2032,flooring,15.0,1,0,0,0,0,1,0,0,0,0,0,,
"cloche|backstop=None,clearance_mm=1.0,drop_speed_mm_s=20.0,lift_mm=10.0,retreat=-30|v10|stop",battery_cr2032,mat,0.0,1,1,0,0,0,0,0,1,0,1,0,11.03,0.01
"cloche|backstop=None,clearance_mm=1.0,drop_speed_mm_s=20.0,lift_mm=10.0,retreat=-30|v10|stop",battery_cr2032,mat,5.0,1,1,0,0,0,0,0,1,0,1,0,11.03,5.00
"cloche|backstop=None,clearance_mm=1.0,drop_speed_mm_s=20.0,lift_mm=10.0,retreat=-30|v10|stop",battery_cr2032,mat,10.0,1,0,0,0,0,0,1,1,0,1,0,,
"cloche|backstop=None,clearance_mm=1.0,drop_speed_mm_s=20.0,lift_mm=10.0,retreat=-30|v10|stop",battery_cr2032,mat,15.0,1,0,0,0,0,1,0,0,0,0,0,,
"cloche|backstop=None,clearance_mm=1.0,drop_speed_mm_s=20.0,lift_mm=10.0,retreat=-30|v10|stop",bead,flooring,0.0,1,1,0,0,0,0,0,1,0,1,0,5.04,0.00
"cloche|backstop=None,clearance_mm=1.0,drop_speed_mm_s=20.0,lift_mm=10.0,retreat=-30|v10|stop",bead,flooring,5.0,1,1,0,0,0,0,0,1,0,1,0,5.03,5.00
"cloche|backstop=None,clearance_mm=1.0,drop_speed_mm_s=20.0,lift_mm=10.0,retreat=-30|v10|stop",bead,flooring,10.0,1,1,0,0,0,0,0,1,0,1,0,5.04,10.00
"cloche|backstop=None,clearance_mm=1.0,drop_speed_mm_s=20.0,lift_mm=10.0,retreat=-30|v10|stop",bead,flooring,15.0,1,0,1,0,0,0,0,1,0,1,0,5.03,3.62
"cloche|backstop=None,clearance_mm=1.0,drop_speed_mm_s=20.0,lift_mm=10.0,retreat=-30|v10|stop",bead,mat,0.0,1,1,0,0,0,0,0,1,0,1,0,5.04,0.00
"cloche|backstop=None,clearance_mm=1.0,drop_speed_mm_s=20.0,lift_mm=10.0,retreat=-30|v10|stop",bead,mat,5.0,1,1,0,0,0,0,0,1,0,1,0,5.03,5.00
"cloche|backstop=None,clearance_mm=1.0,drop_speed_mm_s=20.0,lift_mm=10.0,retreat=-30|v10|stop",bead,mat,10.0,1,1,0,0,0,0,0,1,0,1,0,5.04,10.00
"cloche|backstop=None,clearance_mm=1.0,drop_speed_mm_s=20.0,lift_mm=10.0,retreat=-30|v10|stop",bead,mat,15.0,1,0,1,0,0,0,0,1,0,1,0,5.03,4.08
"cloche|backstop=None,clearance_mm=1.0,drop_speed_mm_s=20.0,lift_mm=10.0,retreat=-30|v10|stop",coin_1yen,flooring,0.0,1,1,0,0,0,0,0,1,0,1,0,11.04,0.00
"cloche|backstop=None,clearance_mm=1.0,drop_speed_mm_s=20.0,lift_mm=10.0,retreat=-30|v10|stop",coin_1yen,flooring,5.0,1,1,0,0,0,0,0,1,0,1,0,11.03,5.00
"cloche|backstop=None,clearance_mm=1.0,drop_speed_mm_s=20.0,lift_mm=10.0,retreat=-30|v10|stop",coin_1yen,flooring,10.0,1,1,0,0,0,0,0,1,0,1,0,11.03,10.00
"cloche|backstop=None,clearance_mm=1.0,drop_speed_mm_s=20.0,lift_mm=10.0,retreat=-30|v10|stop",coin_1yen,flooring,15.0,1,0,0,1,0,0,0,1,0,1,0,11.03,15.00
"cloche|backstop=None,clearance_mm=1.0,drop_speed_mm_s=20.0,lift_mm=10.0,retreat=-30|v10|stop",coin_1yen,mat,0.0,1,1,0,0,0,0,0,1,0,1,0,11.04,0.00
"cloche|backstop=None,clearance_mm=1.0,drop_speed_mm_s=20.0,lift_mm=10.0,retreat=-30|v10|stop",coin_1yen,mat,5.0,1,1,0,0,0,0,0,1,0,1,0,11.03,5.00
"cloche|backstop=None,clearance_mm=1.0,drop_speed_mm_s=20.0,lift_mm=10.0,retreat=-30|v10|stop",coin_1yen,mat,10.0,1,1,0,0,0,0,0,1,0,1,0,11.03,10.00
"cloche|backstop=None,clearance_mm=1.0,drop_speed_mm_s=20.0,lift_mm=10.0,retreat=-30|v10|stop",coin_1yen,mat,15.0,1,0,0,1,0,0,0,1,0,1,0,11.03,15.00
"cloche|backstop=None,clearance_mm=1.0,drop_speed_mm_s=20.0,lift_mm=10.0,retreat=-30|v10|stop",crumb_cube,flooring,0.0,1,1,0,0,0,0,0,1,0,1,0,8.10,0.00
"cloche|backstop=None,clearance_mm=1.0,drop_speed_mm_s=20.0,lift_mm=10.0,retreat=-30|v10|stop",crumb_cube,flooring,5.0,1,1,0,0,0,0,0,1,0,1,0,8.11,5.00
"cloche|backstop=None,clearance_mm=1.0,drop_speed_mm_s=20.0,lift_mm=10.0,retreat=-30|v10|stop",crumb_cube,flooring,10.0,1,1,0,0,0,0,0,1,0,1,0,9.68,7.43
"cloche|backstop=None,clearance_mm=1.0,drop_speed_mm_s=20.0,lift_mm=10.0,retreat=-30|v10|stop",crumb_cube,flooring,15.0,1,0,0,0,0,1,0,0,0,0,0,,
"cloche|backstop=None,clearance_mm=1.0,drop_speed_mm_s=20.0,lift_mm=10.0,retreat=-30|v10|stop",crumb_cube,mat,0.0,1,1,0,0,0,0,0,1,0,1,0,8.10,0.00
"cloche|backstop=None,clearance_mm=1.0,drop_speed_mm_s=20.0,lift_mm=10.0,retreat=-30|v10|stop",crumb_cube,mat,5.0,1,1,0,0,0,0,0,1,0,1,0,8.11,5.00
"cloche|backstop=None,clearance_mm=1.0,drop_speed_mm_s=20.0,lift_mm=10.0,retreat=-30|v10|stop",crumb_cube,mat,10.0,1,1,0,0,0,0,0,1,0,1,0,9.68,7.43
"cloche|backstop=None,clearance_mm=1.0,drop_speed_mm_s=20.0,lift_mm=10.0,retreat=-30|v10|stop",crumb_cube,mat,15.0,1,0,0,0,0,1,0,0,0,0,0,,
"cloche|backstop=None,clearance_mm=1.0,drop_speed_mm_s=20.0,lift_mm=10.0,retreat=0|v10|stop",battery_cr2032,flooring,0.0,1,1,0,0,0,0,0,1,0,1,0,11.04,0.01
"cloche|backstop=None,clearance_mm=1.0,drop_speed_mm_s=20.0,lift_mm=10.0,retreat=0|v10|stop",battery_cr2032,flooring,5.0,1,1,0,0,0,0,0,1,0,1,0,11.03,5.00
"cloche|backstop=None,clearance_mm=1.0,drop_speed_mm_s=20.0,lift_mm=10.0,retreat=0|v10|stop",battery_cr2032,flooring,10.0,1,0,0,0,0,0,1,1,0,1,0,,
"cloche|backstop=None,clearance_mm=1.0,drop_speed_mm_s=20.0,lift_mm=10.0,retreat=0|v10|stop",battery_cr2032,flooring,15.0,1,0,0,0,0,1,0,0,0,0,0,,
"cloche|backstop=None,clearance_mm=1.0,drop_speed_mm_s=20.0,lift_mm=10.0,retreat=0|v10|stop",battery_cr2032,mat,0.0,1,1,0,0,0,0,0,1,0,1,0,11.03,0.01
"cloche|backstop=None,clearance_mm=1.0,drop_speed_mm_s=20.0,lift_mm=10.0,retreat=0|v10|stop",battery_cr2032,mat,5.0,1,1,0,0,0,0,0,1,0,1,0,11.03,5.00
"cloche|backstop=None,clearance_mm=1.0,drop_speed_mm_s=20.0,lift_mm=10.0,retreat=0|v10|stop",battery_cr2032,mat,10.0,1,0,0,0,0,0,1,1,0,1,0,,
"cloche|backstop=None,clearance_mm=1.0,drop_speed_mm_s=20.0,lift_mm=10.0,retreat=0|v10|stop",battery_cr2032,mat,15.0,1,0,0,0,0,1,0,0,0,0,0,,
"cloche|backstop=None,clearance_mm=1.0,drop_speed_mm_s=20.0,lift_mm=10.0,retreat=0|v10|stop",bead,flooring,0.0,1,1,0,0,0,0,0,1,0,1,0,5.04,0.00
"cloche|backstop=None,clearance_mm=1.0,drop_speed_mm_s=20.0,lift_mm=10.0,retreat=0|v10|stop",bead,flooring,5.0,1,1,0,0,0,0,0,1,0,1,0,5.03,5.00
"cloche|backstop=None,clearance_mm=1.0,drop_speed_mm_s=20.0,lift_mm=10.0,retreat=0|v10|stop",bead,flooring,10.0,1,1,0,0,0,0,0,1,0,1,0,5.04,10.00
"cloche|backstop=None,clearance_mm=1.0,drop_speed_mm_s=20.0,lift_mm=10.0,retreat=0|v10|stop",bead,flooring,15.0,1,0,1,0,0,0,0,1,0,1,0,5.03,3.62
"cloche|backstop=None,clearance_mm=1.0,drop_speed_mm_s=20.0,lift_mm=10.0,retreat=0|v10|stop",bead,mat,0.0,1,1,0,0,0,0,0,1,0,1,0,5.04,0.00
"cloche|backstop=None,clearance_mm=1.0,drop_speed_mm_s=20.0,lift_mm=10.0,retreat=0|v10|stop",bead,mat,5.0,1,1,0,0,0,0,0,1,0,1,0,5.03,5.00
"cloche|backstop=None,clearance_mm=1.0,drop_speed_mm_s=20.0,lift_mm=10.0,retreat=0|v10|stop",bead,mat,10.0,1,1,0,0,0,0,0,1,0,1,0,5.04,10.00
"cloche|backstop=None,clearance_mm=1.0,drop_speed_mm_s=20.0,lift_mm=10.0,retreat=0|v10|stop",bead,mat,15.0,1,0,1,0,0,0,0,1,0,1,0,5.03,4.08
"cloche|backstop=None,clearance_mm=1.0,drop_speed_mm_s=20.0,lift_mm=10.0,retreat=0|v10|stop",coin_1yen,flooring,0.0,1,1,0,0,0,0,0,1,0,1,0,11.04,0.00
"cloche|backstop=None,clearance_mm=1.0,drop_speed_mm_s=20.0,lift_mm=10.0,retreat=0|v10|stop",coin_1yen,flooring,5.0,1,1,0,0,0,0,0,1,0,1,0,11.03,5.00
"cloche|backstop=None,clearance_mm=1.0,drop_speed_mm_s=20.0,lift_mm=10.0,retreat=0|v10|stop",coin_1yen,flooring,10.0,1,1,0,0,0,0,0,1,0,1,0,11.03,10.00
"cloche|backstop=None,clearance_mm=1.0,drop_speed_mm_s=20.0,lift_mm=10.0,retreat=0|v10|stop",coin_1yen,flooring,15.0,1,1,0,0,0,0,0,1,0,1,0,11.03,15.00
"cloche|backstop=None,clearance_mm=1.0,drop_speed_mm_s=20.0,lift_mm=10.0,retreat=0|v10|stop",coin_1yen,mat,0.0,1,1,0,0,0,0,0,1,0,1,0,11.04,0.00
"cloche|backstop=None,clearance_mm=1.0,drop_speed_mm_s=20.0,lift_mm=10.0,retreat=0|v10|stop",coin_1yen,mat,5.0,1,1,0,0,0,0,0,1,0,1,0,11.03,5.00
"cloche|backstop=None,clearance_mm=1.0,drop_speed_mm_s=20.0,lift_mm=10.0,retreat=0|v10|stop",coin_1yen,mat,10.0,1,1,0,0,0,0,0,1,0,1,0,11.03,10.00
"cloche|backstop=None,clearance_mm=1.0,drop_speed_mm_s=20.0,lift_mm=10.0,retreat=0|v10|stop",coin_1yen,mat,15.0,1,1,0,0,0,0,0,1,0,1,0,11.03,15.00
"cloche|backstop=None,clearance_mm=1.0,drop_speed_mm_s=20.0,lift_mm=10.0,retreat=0|v10|stop",crumb_cube,flooring,0.0,1,1,0,0,0,0,0,1,0,1,0,8.10,0.00
"cloche|backstop=None,clearance_mm=1.0,drop_speed_mm_s=20.0,lift_mm=10.0,retreat=0|v10|stop",crumb_cube,flooring,5.0,1,1,0,0,0,0,0,1,0,1,0,8.11,5.00
"cloche|backstop=None,clearance_mm=1.0,drop_speed_mm_s=20.0,lift_mm=10.0,retreat=0|v10|stop",crumb_cube,flooring,10.0,1,1,0,0,0,0,0,1,0,1,0,9.68,7.43
"cloche|backstop=None,clearance_mm=1.0,drop_speed_mm_s=20.0,lift_mm=10.0,retreat=0|v10|stop",crumb_cube,flooring,15.0,1,0,0,0,0,1,0,0,0,0,0,,
"cloche|backstop=None,clearance_mm=1.0,drop_speed_mm_s=20.0,lift_mm=10.0,retreat=0|v10|stop",crumb_cube,mat,0.0,1,1,0,0,0,0,0,1,0,1,0,8.10,0.00
"cloche|backstop=None,clearance_mm=1.0,drop_speed_mm_s=20.0,lift_mm=10.0,retreat=0|v10|stop",crumb_cube,mat,5.0,1,1,0,0,0,0,0,1,0,1,0,8.11,5.00
"cloche|backstop=None,clearance_mm=1.0,drop_speed_mm_s=20.0,lift_mm=10.0,retreat=0|v10|stop",crumb_cube,mat,10.0,1,1,0,0,0,0,0,1,0,1,0,9.68,7.43
"cloche|backstop=None,clearance_mm=1.0,drop_speed_mm_s=20.0,lift_mm=10.0,retreat=0|v10|stop",crumb_cube,mat,15.0,1,0,0,0,0,1,0,0,0,0,0,,
"cloche|backstop=None,clearance_mm=1.0,drop_speed_mm_s=20.0,lift_mm=10.0,retreat=30|v10|stop",battery_cr2032,flooring,0.0,1,1,0,0,0,0,0,1,0,1,0,11.04,0.01
"cloche|backstop=None,clearance_mm=1.0,drop_speed_mm_s=20.0,lift_mm=10.0,retreat=30|v10|stop",battery_cr2032,flooring,5.0,1,1,0,0,0,0,0,1,0,1,0,11.03,5.00
"cloche|backstop=None,clearance_mm=1.0,drop_speed_mm_s=20.0,lift_mm=10.0,retreat=30|v10|stop",battery_cr2032,flooring,10.0,1,0,0,0,0,0,1,1,0,1,0,,
"cloche|backstop=None,clearance_mm=1.0,drop_speed_mm_s=20.0,lift_mm=10.0,retreat=30|v10|stop",battery_cr2032,flooring,15.0,1,0,0,0,0,1,0,0,0,0,0,,
"cloche|backstop=None,clearance_mm=1.0,drop_speed_mm_s=20.0,lift_mm=10.0,retreat=30|v10|stop",battery_cr2032,mat,0.0,1,1,0,0,0,0,0,1,0,1,0,11.03,0.01
"cloche|backstop=None,clearance_mm=1.0,drop_speed_mm_s=20.0,lift_mm=10.0,retreat=30|v10|stop",battery_cr2032,mat,5.0,1,1,0,0,0,0,0,1,0,1,0,11.03,5.00
"cloche|backstop=None,clearance_mm=1.0,drop_speed_mm_s=20.0,lift_mm=10.0,retreat=30|v10|stop",battery_cr2032,mat,10.0,1,0,0,0,0,0,1,1,0,1,0,,
"cloche|backstop=None,clearance_mm=1.0,drop_speed_mm_s=20.0,lift_mm=10.0,retreat=30|v10|stop",battery_cr2032,mat,15.0,1,0,0,0,0,1,0,0,0,0,0,,
"cloche|backstop=None,clearance_mm=1.0,drop_speed_mm_s=20.0,lift_mm=10.0,retreat=30|v10|stop",bead,flooring,0.0,1,1,0,0,0,0,0,1,0,1,0,5.04,0.00
"cloche|backstop=None,clearance_mm=1.0,drop_speed_mm_s=20.0,lift_mm=10.0,retreat=30|v10|stop",bead,flooring,5.0,1,1,0,0,0,0,0,1,0,1,0,5.03,5.00
"cloche|backstop=None,clearance_mm=1.0,drop_speed_mm_s=20.0,lift_mm=10.0,retreat=30|v10|stop",bead,flooring,10.0,1,1,0,0,0,0,0,1,0,1,0,5.04,10.00
"cloche|backstop=None,clearance_mm=1.0,drop_speed_mm_s=20.0,lift_mm=10.0,retreat=30|v10|stop",bead,flooring,15.0,1,0,1,0,0,0,0,1,0,1,0,5.03,3.62
"cloche|backstop=None,clearance_mm=1.0,drop_speed_mm_s=20.0,lift_mm=10.0,retreat=30|v10|stop",bead,mat,0.0,1,1,0,0,0,0,0,1,0,1,0,5.04,0.00
"cloche|backstop=None,clearance_mm=1.0,drop_speed_mm_s=20.0,lift_mm=10.0,retreat=30|v10|stop",bead,mat,5.0,1,1,0,0,0,0,0,1,0,1,0,5.03,5.00
"cloche|backstop=None,clearance_mm=1.0,drop_speed_mm_s=20.0,lift_mm=10.0,retreat=30|v10|stop",bead,mat,10.0,1,1,0,0,0,0,0,1,0,1,0,5.04,10.00
"cloche|backstop=None,clearance_mm=1.0,drop_speed_mm_s=20.0,lift_mm=10.0,retreat=30|v10|stop",bead,mat,15.0,1,0,1,0,0,0,0,1,0,1,0,5.03,4.08
"cloche|backstop=None,clearance_mm=1.0,drop_speed_mm_s=20.0,lift_mm=10.0,retreat=30|v10|stop",coin_1yen,flooring,0.0,1,1,0,0,0,0,0,1,0,1,0,11.04,0.00
"cloche|backstop=None,clearance_mm=1.0,drop_speed_mm_s=20.0,lift_mm=10.0,retreat=30|v10|stop",coin_1yen,flooring,5.0,1,1,0,0,0,0,0,1,0,1,0,11.03,5.00
"cloche|backstop=None,clearance_mm=1.0,drop_speed_mm_s=20.0,lift_mm=10.0,retreat=30|v10|stop",coin_1yen,flooring,10.0,1,1,0,0,0,0,0,1,0,1,0,11.03,10.00
"cloche|backstop=None,clearance_mm=1.0,drop_speed_mm_s=20.0,lift_mm=10.0,retreat=30|v10|stop",coin_1yen,flooring,15.0,1,0,0,1,0,0,0,1,0,1,0,11.03,15.00
"cloche|backstop=None,clearance_mm=1.0,drop_speed_mm_s=20.0,lift_mm=10.0,retreat=30|v10|stop",coin_1yen,mat,0.0,1,1,0,0,0,0,0,1,0,1,0,11.04,0.00
"cloche|backstop=None,clearance_mm=1.0,drop_speed_mm_s=20.0,lift_mm=10.0,retreat=30|v10|stop",coin_1yen,mat,5.0,1,1,0,0,0,0,0,1,0,1,0,11.03,5.00
"cloche|backstop=None,clearance_mm=1.0,drop_speed_mm_s=20.0,lift_mm=10.0,retreat=30|v10|stop",coin_1yen,mat,10.0,1,1,0,0,0,0,0,1,0,1,0,11.03,10.00
"cloche|backstop=None,clearance_mm=1.0,drop_speed_mm_s=20.0,lift_mm=10.0,retreat=30|v10|stop",coin_1yen,mat,15.0,1,0,0,1,0,0,0,1,0,1,0,11.03,15.00
"cloche|backstop=None,clearance_mm=1.0,drop_speed_mm_s=20.0,lift_mm=10.0,retreat=30|v10|stop",crumb_cube,flooring,0.0,1,1,0,0,0,0,0,1,0,1,0,8.10,0.00
"cloche|backstop=None,clearance_mm=1.0,drop_speed_mm_s=20.0,lift_mm=10.0,retreat=30|v10|stop",crumb_cube,flooring,5.0,1,1,0,0,0,0,0,1,0,1,0,8.11,5.00
"cloche|backstop=None,clearance_mm=1.0,drop_speed_mm_s=20.0,lift_mm=10.0,retreat=30|v10|stop",crumb_cube,flooring,10.0,1,1,0,0,0,0,0,1,0,1,0,9.68,7.43
"cloche|backstop=None,clearance_mm=1.0,drop_speed_mm_s=20.0,lift_mm=10.0,retreat=30|v10|stop",crumb_cube,flooring,15.0,1,0,0,0,0,1,0,0,0,0,0,,
"cloche|backstop=None,clearance_mm=1.0,drop_speed_mm_s=20.0,lift_mm=10.0,retreat=30|v10|stop",crumb_cube,mat,0.0,1,1,0,0,0,0,0,1,0,1,0,8.10,0.00
"cloche|backstop=None,clearance_mm=1.0,drop_speed_mm_s=20.0,lift_mm=10.0,retreat=30|v10|stop",crumb_cube,mat,5.0,1,1,0,0,0,0,0,1,0,1,0,8.11,5.00
"cloche|backstop=None,clearance_mm=1.0,drop_speed_mm_s=20.0,lift_mm=10.0,retreat=30|v10|stop",crumb_cube,mat,10.0,1,1,0,0,0,0,0,1,0,1,0,9.68,7.43
"cloche|backstop=None,clearance_mm=1.0,drop_speed_mm_s=20.0,lift_mm=10.0,retreat=30|v10|stop",crumb_cube,mat,15.0,1,0,0,0,0,1,0,0,0,0,0,,
"cloche|backstop=None,clearance_mm=1.0,drop_speed_mm_s=20.0,lift_mm=3.0,retreat=-30|v10|stop",battery_cr2032,flooring,0.0,1,1,0,0,0,0,0,1,0,1,0,11.04,0.01
"cloche|backstop=None,clearance_mm=1.0,drop_speed_mm_s=20.0,lift_mm=3.0,retreat=-30|v10|stop",battery_cr2032,flooring,5.0,1,1,0,0,0,0,0,1,0,1,0,11.03,5.00
"cloche|backstop=None,clearance_mm=1.0,drop_speed_mm_s=20.0,lift_mm=3.0,retreat=-30|v10|stop",battery_cr2032,flooring,10.0,1,0,0,0,0,0,1,1,0,1,0,,
"cloche|backstop=None,clearance_mm=1.0,drop_speed_mm_s=20.0,lift_mm=3.0,retreat=-30|v10|stop",battery_cr2032,flooring,15.0,1,0,0,0,0,1,0,0,0,0,0,,
"cloche|backstop=None,clearance_mm=1.0,drop_speed_mm_s=20.0,lift_mm=3.0,retreat=-30|v10|stop",battery_cr2032,mat,0.0,1,1,0,0,0,0,0,1,0,1,0,11.03,0.01
"cloche|backstop=None,clearance_mm=1.0,drop_speed_mm_s=20.0,lift_mm=3.0,retreat=-30|v10|stop",battery_cr2032,mat,5.0,1,1,0,0,0,0,0,1,0,1,0,11.03,5.00
"cloche|backstop=None,clearance_mm=1.0,drop_speed_mm_s=20.0,lift_mm=3.0,retreat=-30|v10|stop",battery_cr2032,mat,10.0,1,0,0,0,0,0,1,1,0,1,0,,
"cloche|backstop=None,clearance_mm=1.0,drop_speed_mm_s=20.0,lift_mm=3.0,retreat=-30|v10|stop",battery_cr2032,mat,15.0,1,0,0,0,0,1,0,0,0,0,0,,
"cloche|backstop=None,clearance_mm=1.0,drop_speed_mm_s=20.0,lift_mm=3.0,retreat=-30|v10|stop",bead,flooring,0.0,1,1,0,0,0,0,0,1,0,1,0,5.04,0.00
"cloche|backstop=None,clearance_mm=1.0,drop_speed_mm_s=20.0,lift_mm=3.0,retreat=-30|v10|stop",bead,flooring,5.0,1,1,0,0,0,0,0,1,0,1,0,5.03,5.00
"cloche|backstop=None,clearance_mm=1.0,drop_speed_mm_s=20.0,lift_mm=3.0,retreat=-30|v10|stop",bead,flooring,10.0,1,1,0,0,0,0,0,1,0,1,0,5.04,10.00
"cloche|backstop=None,clearance_mm=1.0,drop_speed_mm_s=20.0,lift_mm=3.0,retreat=-30|v10|stop",bead,flooring,15.0,1,1,0,0,0,0,0,1,1,0,1,5.01,10.45
"cloche|backstop=None,clearance_mm=1.0,drop_speed_mm_s=20.0,lift_mm=3.0,retreat=-30|v10|stop",bead,mat,0.0,1,1,0,0,0,0,0,1,0,1,0,5.04,0.00
"cloche|backstop=None,clearance_mm=1.0,drop_speed_mm_s=20.0,lift_mm=3.0,retreat=-30|v10|stop",bead,mat,5.0,1,1,0,0,0,0,0,1,0,1,0,5.03,5.00
"cloche|backstop=None,clearance_mm=1.0,drop_speed_mm_s=20.0,lift_mm=3.0,retreat=-30|v10|stop",bead,mat,10.0,1,1,0,0,0,0,0,1,0,1,0,5.04,10.00
"cloche|backstop=None,clearance_mm=1.0,drop_speed_mm_s=20.0,lift_mm=3.0,retreat=-30|v10|stop",bead,mat,15.0,1,1,0,0,0,0,0,1,1,0,1,4.75,8.90
"cloche|backstop=None,clearance_mm=1.0,drop_speed_mm_s=20.0,lift_mm=3.0,retreat=-30|v10|stop",coin_1yen,flooring,0.0,1,1,0,0,0,0,0,1,0,1,0,11.04,0.00
"cloche|backstop=None,clearance_mm=1.0,drop_speed_mm_s=20.0,lift_mm=3.0,retreat=-30|v10|stop",coin_1yen,flooring,5.0,1,1,0,0,0,0,0,1,0,1,0,11.03,5.00
"cloche|backstop=None,clearance_mm=1.0,drop_speed_mm_s=20.0,lift_mm=3.0,retreat=-30|v10|stop",coin_1yen,flooring,10.0,1,1,0,0,0,0,0,1,0,1,0,11.03,10.00
"cloche|backstop=None,clearance_mm=1.0,drop_speed_mm_s=20.0,lift_mm=3.0,retreat=-30|v10|stop",coin_1yen,flooring,15.0,1,0,0,1,0,0,0,1,0,1,0,11.03,15.00
"cloche|backstop=None,clearance_mm=1.0,drop_speed_mm_s=20.0,lift_mm=3.0,retreat=-30|v10|stop",coin_1yen,mat,0.0,1,1,0,0,0,0,0,1,0,1,0,11.04,0.00
"cloche|backstop=None,clearance_mm=1.0,drop_speed_mm_s=20.0,lift_mm=3.0,retreat=-30|v10|stop",coin_1yen,mat,5.0,1,1,0,0,0,0,0,1,0,1,0,11.03,5.00
"cloche|backstop=None,clearance_mm=1.0,drop_speed_mm_s=20.0,lift_mm=3.0,retreat=-30|v10|stop",coin_1yen,mat,10.0,1,1,0,0,0,0,0,1,0,1,0,11.03,10.00
"cloche|backstop=None,clearance_mm=1.0,drop_speed_mm_s=20.0,lift_mm=3.0,retreat=-30|v10|stop",coin_1yen,mat,15.0,1,0,0,1,0,0,0,1,0,1,0,11.03,15.00
"cloche|backstop=None,clearance_mm=1.0,drop_speed_mm_s=20.0,lift_mm=3.0,retreat=-30|v10|stop",crumb_cube,flooring,0.0,1,1,0,0,0,0,0,1,0,1,0,8.10,0.00
"cloche|backstop=None,clearance_mm=1.0,drop_speed_mm_s=20.0,lift_mm=3.0,retreat=-30|v10|stop",crumb_cube,flooring,5.0,1,1,0,0,0,0,0,1,0,1,0,8.11,5.00
"cloche|backstop=None,clearance_mm=1.0,drop_speed_mm_s=20.0,lift_mm=3.0,retreat=-30|v10|stop",crumb_cube,flooring,10.0,1,1,0,0,0,0,0,1,1,0,1,8.10,8.97
"cloche|backstop=None,clearance_mm=1.0,drop_speed_mm_s=20.0,lift_mm=3.0,retreat=-30|v10|stop",crumb_cube,flooring,15.0,1,1,0,0,0,0,0,1,1,0,1,8.10,9.16
"cloche|backstop=None,clearance_mm=1.0,drop_speed_mm_s=20.0,lift_mm=3.0,retreat=-30|v10|stop",crumb_cube,mat,0.0,1,1,0,0,0,0,0,1,0,1,0,8.10,0.00
"cloche|backstop=None,clearance_mm=1.0,drop_speed_mm_s=20.0,lift_mm=3.0,retreat=-30|v10|stop",crumb_cube,mat,5.0,1,1,0,0,0,0,0,1,0,1,0,8.11,5.00
"cloche|backstop=None,clearance_mm=1.0,drop_speed_mm_s=20.0,lift_mm=3.0,retreat=-30|v10|stop",crumb_cube,mat,10.0,1,1,0,0,0,0,0,1,1,0,1,8.10,8.97
"cloche|backstop=None,clearance_mm=1.0,drop_speed_mm_s=20.0,lift_mm=3.0,retreat=-30|v10|stop",crumb_cube,mat,15.0,1,1,0,0,0,0,0,1,1,0,1,8.10,9.16
"cloche|backstop=None,clearance_mm=1.0,drop_speed_mm_s=20.0,lift_mm=3.0,retreat=0|v10|stop",battery_cr2032,flooring,0.0,1,1,0,0,0,0,0,1,0,1,0,11.04,0.01
"cloche|backstop=None,clearance_mm=1.0,drop_speed_mm_s=20.0,lift_mm=3.0,retreat=0|v10|stop",battery_cr2032,flooring,5.0,1,1,0,0,0,0,0,1,0,1,0,11.03,5.00
"cloche|backstop=None,clearance_mm=1.0,drop_speed_mm_s=20.0,lift_mm=3.0,retreat=0|v10|stop",battery_cr2032,flooring,10.0,1,0,0,0,0,0,1,1,0,1,0,,
"cloche|backstop=None,clearance_mm=1.0,drop_speed_mm_s=20.0,lift_mm=3.0,retreat=0|v10|stop",battery_cr2032,flooring,15.0,1,0,0,0,0,1,0,0,0,0,0,,
"cloche|backstop=None,clearance_mm=1.0,drop_speed_mm_s=20.0,lift_mm=3.0,retreat=0|v10|stop",battery_cr2032,mat,0.0,1,1,0,0,0,0,0,1,0,1,0,11.03,0.01
"cloche|backstop=None,clearance_mm=1.0,drop_speed_mm_s=20.0,lift_mm=3.0,retreat=0|v10|stop",battery_cr2032,mat,5.0,1,1,0,0,0,0,0,1,0,1,0,11.03,5.00
"cloche|backstop=None,clearance_mm=1.0,drop_speed_mm_s=20.0,lift_mm=3.0,retreat=0|v10|stop",battery_cr2032,mat,10.0,1,0,0,0,0,0,1,1,0,1,0,,
"cloche|backstop=None,clearance_mm=1.0,drop_speed_mm_s=20.0,lift_mm=3.0,retreat=0|v10|stop",battery_cr2032,mat,15.0,1,0,0,0,0,1,0,0,0,0,0,,
"cloche|backstop=None,clearance_mm=1.0,drop_speed_mm_s=20.0,lift_mm=3.0,retreat=0|v10|stop",bead,flooring,0.0,1,1,0,0,0,0,0,1,0,1,0,5.04,0.00
"cloche|backstop=None,clearance_mm=1.0,drop_speed_mm_s=20.0,lift_mm=3.0,retreat=0|v10|stop",bead,flooring,5.0,1,1,0,0,0,0,0,1,0,1,0,5.03,5.00
"cloche|backstop=None,clearance_mm=1.0,drop_speed_mm_s=20.0,lift_mm=3.0,retreat=0|v10|stop",bead,flooring,10.0,1,1,0,0,0,0,0,1,0,1,0,5.04,10.00
"cloche|backstop=None,clearance_mm=1.0,drop_speed_mm_s=20.0,lift_mm=3.0,retreat=0|v10|stop",bead,flooring,15.0,1,1,0,0,0,0,0,1,1,0,1,5.01,10.45
"cloche|backstop=None,clearance_mm=1.0,drop_speed_mm_s=20.0,lift_mm=3.0,retreat=0|v10|stop",bead,mat,0.0,1,1,0,0,0,0,0,1,0,1,0,5.04,0.00
"cloche|backstop=None,clearance_mm=1.0,drop_speed_mm_s=20.0,lift_mm=3.0,retreat=0|v10|stop",bead,mat,5.0,1,1,0,0,0,0,0,1,0,1,0,5.03,5.00
"cloche|backstop=None,clearance_mm=1.0,drop_speed_mm_s=20.0,lift_mm=3.0,retreat=0|v10|stop",bead,mat,10.0,1,1,0,0,0,0,0,1,0,1,0,5.04,10.00
"cloche|backstop=None,clearance_mm=1.0,drop_speed_mm_s=20.0,lift_mm=3.0,retreat=0|v10|stop",bead,mat,15.0,1,1,0,0,0,0,0,1,1,0,1,4.75,8.90
"cloche|backstop=None,clearance_mm=1.0,drop_speed_mm_s=20.0,lift_mm=3.0,retreat=0|v10|stop",coin_1yen,flooring,0.0,1,1,0,0,0,0,0,1,0,1,0,11.04,0.00
"cloche|backstop=None,clearance_mm=1.0,drop_speed_mm_s=20.0,lift_mm=3.0,retreat=0|v10|stop",coin_1yen,flooring,5.0,1,1,0,0,0,0,0,1,0,1,0,11.03,5.00
"cloche|backstop=None,clearance_mm=1.0,drop_speed_mm_s=20.0,lift_mm=3.0,retreat=0|v10|stop",coin_1yen,flooring,10.0,1,1,0,0,0,0,0,1,0,1,0,11.03,10.00
"cloche|backstop=None,clearance_mm=1.0,drop_speed_mm_s=20.0,lift_mm=3.0,retreat=0|v10|stop",coin_1yen,flooring,15.0,1,1,0,0,0,0,0,1,0,1,0,11.03,15.00
"cloche|backstop=None,clearance_mm=1.0,drop_speed_mm_s=20.0,lift_mm=3.0,retreat=0|v10|stop",coin_1yen,mat,0.0,1,1,0,0,0,0,0,1,0,1,0,11.04,0.00
"cloche|backstop=None,clearance_mm=1.0,drop_speed_mm_s=20.0,lift_mm=3.0,retreat=0|v10|stop",coin_1yen,mat,5.0,1,1,0,0,0,0,0,1,0,1,0,11.03,5.00
"cloche|backstop=None,clearance_mm=1.0,drop_speed_mm_s=20.0,lift_mm=3.0,retreat=0|v10|stop",coin_1yen,mat,10.0,1,1,0,0,0,0,0,1,0,1,0,11.03,10.00
"cloche|backstop=None,clearance_mm=1.0,drop_speed_mm_s=20.0,lift_mm=3.0,retreat=0|v10|stop",coin_1yen,mat,15.0,1,1,0,0,0,0,0,1,0,1,0,11.03,15.00
"cloche|backstop=None,clearance_mm=1.0,drop_speed_mm_s=20.0,lift_mm=3.0,retreat=0|v10|stop",crumb_cube,flooring,0.0,1,1,0,0,0,0,0,1,0,1,0,8.10,0.00
"cloche|backstop=None,clearance_mm=1.0,drop_speed_mm_s=20.0,lift_mm=3.0,retreat=0|v10|stop",crumb_cube,flooring,5.0,1,1,0,0,0,0,0,1,0,1,0,8.11,5.00
"cloche|backstop=None,clearance_mm=1.0,drop_speed_mm_s=20.0,lift_mm=3.0,retreat=0|v10|stop",crumb_cube,flooring,10.0,1,1,0,0,0,0,0,1,1,0,1,8.10,8.97
"cloche|backstop=None,clearance_mm=1.0,drop_speed_mm_s=20.0,lift_mm=3.0,retreat=0|v10|stop",crumb_cube,flooring,15.0,1,1,0,0,0,0,0,1,1,0,1,8.10,9.16
"cloche|backstop=None,clearance_mm=1.0,drop_speed_mm_s=20.0,lift_mm=3.0,retreat=0|v10|stop",crumb_cube,mat,0.0,1,1,0,0,0,0,0,1,0,1,0,8.10,0.00
"cloche|backstop=None,clearance_mm=1.0,drop_speed_mm_s=20.0,lift_mm=3.0,retreat=0|v10|stop",crumb_cube,mat,5.0,1,1,0,0,0,0,0,1,0,1,0,8.11,5.00
"cloche|backstop=None,clearance_mm=1.0,drop_speed_mm_s=20.0,lift_mm=3.0,retreat=0|v10|stop",crumb_cube,mat,10.0,1,1,0,0,0,0,0,1,1,0,1,8.10,8.97
"cloche|backstop=None,clearance_mm=1.0,drop_speed_mm_s=20.0,lift_mm=3.0,retreat=0|v10|stop",crumb_cube,mat,15.0,1,1,0,0,0,0,0,1,1,0,1,8.10,9.16
"cloche|backstop=None,clearance_mm=1.0,drop_speed_mm_s=20.0,lift_mm=3.0,retreat=30|v10|stop",battery_cr2032,flooring,0.0,1,1,0,0,0,0,0,1,0,1,0,11.04,0.01
"cloche|backstop=None,clearance_mm=1.0,drop_speed_mm_s=20.0,lift_mm=3.0,retreat=30|v10|stop",battery_cr2032,flooring,5.0,1,1,0,0,0,0,0,1,0,1,0,11.03,5.00
"cloche|backstop=None,clearance_mm=1.0,drop_speed_mm_s=20.0,lift_mm=3.0,retreat=30|v10|stop",battery_cr2032,flooring,10.0,1,0,0,0,0,0,1,1,0,1,0,,
"cloche|backstop=None,clearance_mm=1.0,drop_speed_mm_s=20.0,lift_mm=3.0,retreat=30|v10|stop",battery_cr2032,flooring,15.0,1,0,0,0,0,1,0,0,0,0,0,,
"cloche|backstop=None,clearance_mm=1.0,drop_speed_mm_s=20.0,lift_mm=3.0,retreat=30|v10|stop",battery_cr2032,mat,0.0,1,1,0,0,0,0,0,1,0,1,0,11.03,0.01
"cloche|backstop=None,clearance_mm=1.0,drop_speed_mm_s=20.0,lift_mm=3.0,retreat=30|v10|stop",battery_cr2032,mat,5.0,1,1,0,0,0,0,0,1,0,1,0,11.03,5.00
"cloche|backstop=None,clearance_mm=1.0,drop_speed_mm_s=20.0,lift_mm=3.0,retreat=30|v10|stop",battery_cr2032,mat,10.0,1,0,0,0,0,0,1,1,0,1,0,,
"cloche|backstop=None,clearance_mm=1.0,drop_speed_mm_s=20.0,lift_mm=3.0,retreat=30|v10|stop",battery_cr2032,mat,15.0,1,0,0,0,0,1,0,0,0,0,0,,
"cloche|backstop=None,clearance_mm=1.0,drop_speed_mm_s=20.0,lift_mm=3.0,retreat=30|v10|stop",bead,flooring,0.0,1,1,0,0,0,0,0,1,0,1,0,5.04,0.00
"cloche|backstop=None,clearance_mm=1.0,drop_speed_mm_s=20.0,lift_mm=3.0,retreat=30|v10|stop",bead,flooring,5.0,1,1,0,0,0,0,0,1,0,1,0,5.03,5.00
"cloche|backstop=None,clearance_mm=1.0,drop_speed_mm_s=20.0,lift_mm=3.0,retreat=30|v10|stop",bead,flooring,10.0,1,1,0,0,0,0,0,1,0,1,0,5.04,10.00
"cloche|backstop=None,clearance_mm=1.0,drop_speed_mm_s=20.0,lift_mm=3.0,retreat=30|v10|stop",bead,flooring,15.0,1,1,0,0,0,0,0,1,1,0,1,5.01,10.45
"cloche|backstop=None,clearance_mm=1.0,drop_speed_mm_s=20.0,lift_mm=3.0,retreat=30|v10|stop",bead,mat,0.0,1,1,0,0,0,0,0,1,0,1,0,5.04,0.00
"cloche|backstop=None,clearance_mm=1.0,drop_speed_mm_s=20.0,lift_mm=3.0,retreat=30|v10|stop",bead,mat,5.0,1,1,0,0,0,0,0,1,0,1,0,5.03,5.00
"cloche|backstop=None,clearance_mm=1.0,drop_speed_mm_s=20.0,lift_mm=3.0,retreat=30|v10|stop",bead,mat,10.0,1,1,0,0,0,0,0,1,0,1,0,5.04,10.00
"cloche|backstop=None,clearance_mm=1.0,drop_speed_mm_s=20.0,lift_mm=3.0,retreat=30|v10|stop",bead,mat,15.0,1,1,0,0,0,0,0,1,1,0,1,4.75,8.90
"cloche|backstop=None,clearance_mm=1.0,drop_speed_mm_s=20.0,lift_mm=3.0,retreat=30|v10|stop",coin_1yen,flooring,0.0,1,1,0,0,0,0,0,1,0,1,0,11.04,0.00
"cloche|backstop=None,clearance_mm=1.0,drop_speed_mm_s=20.0,lift_mm=3.0,retreat=30|v10|stop",coin_1yen,flooring,5.0,1,1,0,0,0,0,0,1,0,1,0,11.03,5.00
"cloche|backstop=None,clearance_mm=1.0,drop_speed_mm_s=20.0,lift_mm=3.0,retreat=30|v10|stop",coin_1yen,flooring,10.0,1,1,0,0,0,0,0,1,0,1,0,11.03,10.00
"cloche|backstop=None,clearance_mm=1.0,drop_speed_mm_s=20.0,lift_mm=3.0,retreat=30|v10|stop",coin_1yen,flooring,15.0,1,0,0,1,0,0,0,1,0,1,0,11.03,15.00
"cloche|backstop=None,clearance_mm=1.0,drop_speed_mm_s=20.0,lift_mm=3.0,retreat=30|v10|stop",coin_1yen,mat,0.0,1,1,0,0,0,0,0,1,0,1,0,11.04,0.00
"cloche|backstop=None,clearance_mm=1.0,drop_speed_mm_s=20.0,lift_mm=3.0,retreat=30|v10|stop",coin_1yen,mat,5.0,1,1,0,0,0,0,0,1,0,1,0,11.03,5.00
"cloche|backstop=None,clearance_mm=1.0,drop_speed_mm_s=20.0,lift_mm=3.0,retreat=30|v10|stop",coin_1yen,mat,10.0,1,1,0,0,0,0,0,1,0,1,0,11.03,10.00
"cloche|backstop=None,clearance_mm=1.0,drop_speed_mm_s=20.0,lift_mm=3.0,retreat=30|v10|stop",coin_1yen,mat,15.0,1,0,0,1,0,0,0,1,0,1,0,11.03,15.00
"cloche|backstop=None,clearance_mm=1.0,drop_speed_mm_s=20.0,lift_mm=3.0,retreat=30|v10|stop",crumb_cube,flooring,0.0,1,1,0,0,0,0,0,1,0,1,0,8.10,0.00
"cloche|backstop=None,clearance_mm=1.0,drop_speed_mm_s=20.0,lift_mm=3.0,retreat=30|v10|stop",crumb_cube,flooring,5.0,1,1,0,0,0,0,0,1,0,1,0,8.11,5.00
"cloche|backstop=None,clearance_mm=1.0,drop_speed_mm_s=20.0,lift_mm=3.0,retreat=30|v10|stop",crumb_cube,flooring,10.0,1,1,0,0,0,0,0,1,1,0,1,8.10,8.97
"cloche|backstop=None,clearance_mm=1.0,drop_speed_mm_s=20.0,lift_mm=3.0,retreat=30|v10|stop",crumb_cube,flooring,15.0,1,1,0,0,0,0,0,1,1,0,1,8.10,9.16
"cloche|backstop=None,clearance_mm=1.0,drop_speed_mm_s=20.0,lift_mm=3.0,retreat=30|v10|stop",crumb_cube,mat,0.0,1,1,0,0,0,0,0,1,0,1,0,8.10,0.00
"cloche|backstop=None,clearance_mm=1.0,drop_speed_mm_s=20.0,lift_mm=3.0,retreat=30|v10|stop",crumb_cube,mat,5.0,1,1,0,0,0,0,0,1,0,1,0,8.11,5.00
"cloche|backstop=None,clearance_mm=1.0,drop_speed_mm_s=20.0,lift_mm=3.0,retreat=30|v10|stop",crumb_cube,mat,10.0,1,1,0,0,0,0,0,1,1,0,1,8.10,8.97
"cloche|backstop=None,clearance_mm=1.0,drop_speed_mm_s=20.0,lift_mm=3.0,retreat=30|v10|stop",crumb_cube,mat,15.0,1,1,0,0,0,0,0,1,1,0,1,8.10,9.16
"cloche|backstop=None,clearance_mm=1.0,drop_speed_mm_s=20.0,lift_mm=5.0,retreat=-30|v10|stop",battery_cr2032,flooring,0.0,1,1,0,0,0,0,0,1,0,1,0,11.04,0.01
"cloche|backstop=None,clearance_mm=1.0,drop_speed_mm_s=20.0,lift_mm=5.0,retreat=-30|v10|stop",battery_cr2032,flooring,5.0,1,1,0,0,0,0,0,1,0,1,0,11.03,5.00
"cloche|backstop=None,clearance_mm=1.0,drop_speed_mm_s=20.0,lift_mm=5.0,retreat=-30|v10|stop",battery_cr2032,flooring,10.0,1,0,0,0,0,0,1,1,0,1,0,,
"cloche|backstop=None,clearance_mm=1.0,drop_speed_mm_s=20.0,lift_mm=5.0,retreat=-30|v10|stop",battery_cr2032,flooring,15.0,1,0,0,0,0,1,0,0,0,0,0,,
"cloche|backstop=None,clearance_mm=1.0,drop_speed_mm_s=20.0,lift_mm=5.0,retreat=-30|v10|stop",battery_cr2032,mat,0.0,1,1,0,0,0,0,0,1,0,1,0,11.03,0.01
"cloche|backstop=None,clearance_mm=1.0,drop_speed_mm_s=20.0,lift_mm=5.0,retreat=-30|v10|stop",battery_cr2032,mat,5.0,1,1,0,0,0,0,0,1,0,1,0,11.03,5.00
"cloche|backstop=None,clearance_mm=1.0,drop_speed_mm_s=20.0,lift_mm=5.0,retreat=-30|v10|stop",battery_cr2032,mat,10.0,1,0,0,0,0,0,1,1,0,1,0,,
"cloche|backstop=None,clearance_mm=1.0,drop_speed_mm_s=20.0,lift_mm=5.0,retreat=-30|v10|stop",battery_cr2032,mat,15.0,1,0,0,0,0,1,0,0,0,0,0,,
"cloche|backstop=None,clearance_mm=1.0,drop_speed_mm_s=20.0,lift_mm=5.0,retreat=-30|v10|stop",bead,flooring,0.0,1,1,0,0,0,0,0,1,0,1,0,5.04,0.00
"cloche|backstop=None,clearance_mm=1.0,drop_speed_mm_s=20.0,lift_mm=5.0,retreat=-30|v10|stop",bead,flooring,5.0,1,1,0,0,0,0,0,1,0,1,0,5.03,5.00
"cloche|backstop=None,clearance_mm=1.0,drop_speed_mm_s=20.0,lift_mm=5.0,retreat=-30|v10|stop",bead,flooring,10.0,1,1,0,0,0,0,0,1,0,1,0,5.04,10.00
"cloche|backstop=None,clearance_mm=1.0,drop_speed_mm_s=20.0,lift_mm=5.0,retreat=-30|v10|stop",bead,flooring,15.0,1,1,0,0,0,0,0,1,1,0,1,4.99,9.86
"cloche|backstop=None,clearance_mm=1.0,drop_speed_mm_s=20.0,lift_mm=5.0,retreat=-30|v10|stop",bead,mat,0.0,1,1,0,0,0,0,0,1,0,1,0,5.04,0.00
"cloche|backstop=None,clearance_mm=1.0,drop_speed_mm_s=20.0,lift_mm=5.0,retreat=-30|v10|stop",bead,mat,5.0,1,1,0,0,0,0,0,1,0,1,0,5.03,5.00
"cloche|backstop=None,clearance_mm=1.0,drop_speed_mm_s=20.0,lift_mm=5.0,retreat=-30|v10|stop",bead,mat,10.0,1,1,0,0,0,0,0,1,0,1,0,5.04,10.00
"cloche|backstop=None,clearance_mm=1.0,drop_speed_mm_s=20.0,lift_mm=5.0,retreat=-30|v10|stop",bead,mat,15.0,1,1,0,0,0,0,0,1,1,0,1,4.74,10.32
"cloche|backstop=None,clearance_mm=1.0,drop_speed_mm_s=20.0,lift_mm=5.0,retreat=-30|v10|stop",coin_1yen,flooring,0.0,1,1,0,0,0,0,0,1,0,1,0,11.04,0.00
"cloche|backstop=None,clearance_mm=1.0,drop_speed_mm_s=20.0,lift_mm=5.0,retreat=-30|v10|stop",coin_1yen,flooring,5.0,1,1,0,0,0,0,0,1,0,1,0,11.03,5.00
"cloche|backstop=None,clearance_mm=1.0,drop_speed_mm_s=20.0,lift_mm=5.0,retreat=-30|v10|stop",coin_1yen,flooring,10.0,1,1,0,0,0,0,0,1,0,1,0,11.03,10.00
"cloche|backstop=None,clearance_mm=1.0,drop_speed_mm_s=20.0,lift_mm=5.0,retreat=-30|v10|stop",coin_1yen,flooring,15.0,1,0,0,1,0,0,0,1,0,1,0,11.03,15.00
"cloche|backstop=None,clearance_mm=1.0,drop_speed_mm_s=20.0,lift_mm=5.0,retreat=-30|v10|stop",coin_1yen,mat,0.0,1,1,0,0,0,0,0,1,0,1,0,11.04,0.00
"cloche|backstop=None,clearance_mm=1.0,drop_speed_mm_s=20.0,lift_mm=5.0,retreat=-30|v10|stop",coin_1yen,mat,5.0,1,1,0,0,0,0,0,1,0,1,0,11.03,5.00
"cloche|backstop=None,clearance_mm=1.0,drop_speed_mm_s=20.0,lift_mm=5.0,retreat=-30|v10|stop",coin_1yen,mat,10.0,1,1,0,0,0,0,0,1,0,1,0,11.03,10.00
"cloche|backstop=None,clearance_mm=1.0,drop_speed_mm_s=20.0,lift_mm=5.0,retreat=-30|v10|stop",coin_1yen,mat,15.0,1,0,0,1,0,0,0,1,0,1,0,11.03,15.00
"cloche|backstop=None,clearance_mm=1.0,drop_speed_mm_s=20.0,lift_mm=5.0,retreat=-30|v10|stop",crumb_cube,flooring,0.0,1,1,0,0,0,0,0,1,0,1,0,8.10,0.00
"cloche|backstop=None,clearance_mm=1.0,drop_speed_mm_s=20.0,lift_mm=5.0,retreat=-30|v10|stop",crumb_cube,flooring,5.0,1,1,0,0,0,0,0,1,0,1,0,8.11,5.00
"cloche|backstop=None,clearance_mm=1.0,drop_speed_mm_s=20.0,lift_mm=5.0,retreat=-30|v10|stop",crumb_cube,flooring,10.0,1,1,0,0,0,0,0,1,1,0,1,8.11,9.04
"cloche|backstop=None,clearance_mm=1.0,drop_speed_mm_s=20.0,lift_mm=5.0,retreat=-30|v10|stop",crumb_cube,flooring,15.0,1,1,0,0,0,0,0,1,1,0,1,8.11,9.30
"cloche|backstop=None,clearance_mm=1.0,drop_speed_mm_s=20.0,lift_mm=5.0,retreat=-30|v10|stop",crumb_cube,mat,0.0,1,1,0,0,0,0,0,1,0,1,0,8.10,0.00
"cloche|backstop=None,clearance_mm=1.0,drop_speed_mm_s=20.0,lift_mm=5.0,retreat=-30|v10|stop",crumb_cube,mat,5.0,1,1,0,0,0,0,0,1,0,1,0,8.11,5.00
"cloche|backstop=None,clearance_mm=1.0,drop_speed_mm_s=20.0,lift_mm=5.0,retreat=-30|v10|stop",crumb_cube,mat,10.0,1,1,0,0,0,0,0,1,1,0,1,8.11,9.04
"cloche|backstop=None,clearance_mm=1.0,drop_speed_mm_s=20.0,lift_mm=5.0,retreat=-30|v10|stop",crumb_cube,mat,15.0,1,1,0,0,0,0,0,1,1,0,1,8.11,9.30
"cloche|backstop=None,clearance_mm=1.0,drop_speed_mm_s=20.0,lift_mm=5.0,retreat=0|v10|stop",battery_cr2032,flooring,0.0,1,1,0,0,0,0,0,1,0,1,0,11.04,0.01
"cloche|backstop=None,clearance_mm=1.0,drop_speed_mm_s=20.0,lift_mm=5.0,retreat=0|v10|stop",battery_cr2032,flooring,5.0,1,1,0,0,0,0,0,1,0,1,0,11.03,5.00
"cloche|backstop=None,clearance_mm=1.0,drop_speed_mm_s=20.0,lift_mm=5.0,retreat=0|v10|stop",battery_cr2032,flooring,10.0,1,0,0,0,0,0,1,1,0,1,0,,
"cloche|backstop=None,clearance_mm=1.0,drop_speed_mm_s=20.0,lift_mm=5.0,retreat=0|v10|stop",battery_cr2032,flooring,15.0,1,0,0,0,0,1,0,0,0,0,0,,
"cloche|backstop=None,clearance_mm=1.0,drop_speed_mm_s=20.0,lift_mm=5.0,retreat=0|v10|stop",battery_cr2032,mat,0.0,1,1,0,0,0,0,0,1,0,1,0,11.03,0.01
"cloche|backstop=None,clearance_mm=1.0,drop_speed_mm_s=20.0,lift_mm=5.0,retreat=0|v10|stop",battery_cr2032,mat,5.0,1,1,0,0,0,0,0,1,0,1,0,11.03,5.00
"cloche|backstop=None,clearance_mm=1.0,drop_speed_mm_s=20.0,lift_mm=5.0,retreat=0|v10|stop",battery_cr2032,mat,10.0,1,0,0,0,0,0,1,1,0,1,0,,
"cloche|backstop=None,clearance_mm=1.0,drop_speed_mm_s=20.0,lift_mm=5.0,retreat=0|v10|stop",battery_cr2032,mat,15.0,1,0,0,0,0,1,0,0,0,0,0,,
"cloche|backstop=None,clearance_mm=1.0,drop_speed_mm_s=20.0,lift_mm=5.0,retreat=0|v10|stop",bead,flooring,0.0,1,1,0,0,0,0,0,1,0,1,0,5.04,0.00
"cloche|backstop=None,clearance_mm=1.0,drop_speed_mm_s=20.0,lift_mm=5.0,retreat=0|v10|stop",bead,flooring,5.0,1,1,0,0,0,0,0,1,0,1,0,5.03,5.00
"cloche|backstop=None,clearance_mm=1.0,drop_speed_mm_s=20.0,lift_mm=5.0,retreat=0|v10|stop",bead,flooring,10.0,1,1,0,0,0,0,0,1,0,1,0,5.04,10.00
"cloche|backstop=None,clearance_mm=1.0,drop_speed_mm_s=20.0,lift_mm=5.0,retreat=0|v10|stop",bead,flooring,15.0,1,1,0,0,0,0,0,1,1,0,1,4.99,9.86
"cloche|backstop=None,clearance_mm=1.0,drop_speed_mm_s=20.0,lift_mm=5.0,retreat=0|v10|stop",bead,mat,0.0,1,1,0,0,0,0,0,1,0,1,0,5.04,0.00
"cloche|backstop=None,clearance_mm=1.0,drop_speed_mm_s=20.0,lift_mm=5.0,retreat=0|v10|stop",bead,mat,5.0,1,1,0,0,0,0,0,1,0,1,0,5.03,5.00
"cloche|backstop=None,clearance_mm=1.0,drop_speed_mm_s=20.0,lift_mm=5.0,retreat=0|v10|stop",bead,mat,10.0,1,1,0,0,0,0,0,1,0,1,0,5.04,10.00
"cloche|backstop=None,clearance_mm=1.0,drop_speed_mm_s=20.0,lift_mm=5.0,retreat=0|v10|stop",bead,mat,15.0,1,1,0,0,0,0,0,1,1,0,1,4.74,10.32
"cloche|backstop=None,clearance_mm=1.0,drop_speed_mm_s=20.0,lift_mm=5.0,retreat=0|v10|stop",coin_1yen,flooring,0.0,1,1,0,0,0,0,0,1,0,1,0,11.04,0.00
"cloche|backstop=None,clearance_mm=1.0,drop_speed_mm_s=20.0,lift_mm=5.0,retreat=0|v10|stop",coin_1yen,flooring,5.0,1,1,0,0,0,0,0,1,0,1,0,11.03,5.00
"cloche|backstop=None,clearance_mm=1.0,drop_speed_mm_s=20.0,lift_mm=5.0,retreat=0|v10|stop",coin_1yen,flooring,10.0,1,1,0,0,0,0,0,1,0,1,0,11.03,10.00
"cloche|backstop=None,clearance_mm=1.0,drop_speed_mm_s=20.0,lift_mm=5.0,retreat=0|v10|stop",coin_1yen,flooring,15.0,1,1,0,0,0,0,0,1,0,1,0,11.03,15.00
"cloche|backstop=None,clearance_mm=1.0,drop_speed_mm_s=20.0,lift_mm=5.0,retreat=0|v10|stop",coin_1yen,mat,0.0,1,1,0,0,0,0,0,1,0,1,0,11.04,0.00
"cloche|backstop=None,clearance_mm=1.0,drop_speed_mm_s=20.0,lift_mm=5.0,retreat=0|v10|stop",coin_1yen,mat,5.0,1,1,0,0,0,0,0,1,0,1,0,11.03,5.00
"cloche|backstop=None,clearance_mm=1.0,drop_speed_mm_s=20.0,lift_mm=5.0,retreat=0|v10|stop",coin_1yen,mat,10.0,1,1,0,0,0,0,0,1,0,1,0,11.03,10.00
"cloche|backstop=None,clearance_mm=1.0,drop_speed_mm_s=20.0,lift_mm=5.0,retreat=0|v10|stop",coin_1yen,mat,15.0,1,1,0,0,0,0,0,1,0,1,0,11.03,15.00
"cloche|backstop=None,clearance_mm=1.0,drop_speed_mm_s=20.0,lift_mm=5.0,retreat=0|v10|stop",crumb_cube,flooring,0.0,1,1,0,0,0,0,0,1,0,1,0,8.10,0.00
"cloche|backstop=None,clearance_mm=1.0,drop_speed_mm_s=20.0,lift_mm=5.0,retreat=0|v10|stop",crumb_cube,flooring,5.0,1,1,0,0,0,0,0,1,0,1,0,8.11,5.00
"cloche|backstop=None,clearance_mm=1.0,drop_speed_mm_s=20.0,lift_mm=5.0,retreat=0|v10|stop",crumb_cube,flooring,10.0,1,1,0,0,0,0,0,1,1,0,1,8.11,9.04
"cloche|backstop=None,clearance_mm=1.0,drop_speed_mm_s=20.0,lift_mm=5.0,retreat=0|v10|stop",crumb_cube,flooring,15.0,1,1,0,0,0,0,0,1,1,0,1,8.11,9.30
"cloche|backstop=None,clearance_mm=1.0,drop_speed_mm_s=20.0,lift_mm=5.0,retreat=0|v10|stop",crumb_cube,mat,0.0,1,1,0,0,0,0,0,1,0,1,0,8.10,0.00
"cloche|backstop=None,clearance_mm=1.0,drop_speed_mm_s=20.0,lift_mm=5.0,retreat=0|v10|stop",crumb_cube,mat,5.0,1,1,0,0,0,0,0,1,0,1,0,8.11,5.00
"cloche|backstop=None,clearance_mm=1.0,drop_speed_mm_s=20.0,lift_mm=5.0,retreat=0|v10|stop",crumb_cube,mat,10.0,1,1,0,0,0,0,0,1,1,0,1,8.11,9.04
"cloche|backstop=None,clearance_mm=1.0,drop_speed_mm_s=20.0,lift_mm=5.0,retreat=0|v10|stop",crumb_cube,mat,15.0,1,1,0,0,0,0,0,1,1,0,1,8.11,9.30
"cloche|backstop=None,clearance_mm=1.0,drop_speed_mm_s=20.0,lift_mm=5.0,retreat=30|v10|stop",battery_cr2032,flooring,0.0,1,1,0,0,0,0,0,1,0,1,0,11.04,0.01
"cloche|backstop=None,clearance_mm=1.0,drop_speed_mm_s=20.0,lift_mm=5.0,retreat=30|v10|stop",battery_cr2032,flooring,5.0,1,1,0,0,0,0,0,1,0,1,0,11.03,5.00
"cloche|backstop=None,clearance_mm=1.0,drop_speed_mm_s=20.0,lift_mm=5.0,retreat=30|v10|stop",battery_cr2032,flooring,10.0,1,0,0,0,0,0,1,1,0,1,0,,
"cloche|backstop=None,clearance_mm=1.0,drop_speed_mm_s=20.0,lift_mm=5.0,retreat=30|v10|stop",battery_cr2032,flooring,15.0,1,0,0,0,0,1,0,0,0,0,0,,
"cloche|backstop=None,clearance_mm=1.0,drop_speed_mm_s=20.0,lift_mm=5.0,retreat=30|v10|stop",battery_cr2032,mat,0.0,1,1,0,0,0,0,0,1,0,1,0,11.03,0.01
"cloche|backstop=None,clearance_mm=1.0,drop_speed_mm_s=20.0,lift_mm=5.0,retreat=30|v10|stop",battery_cr2032,mat,5.0,1,1,0,0,0,0,0,1,0,1,0,11.03,5.00
"cloche|backstop=None,clearance_mm=1.0,drop_speed_mm_s=20.0,lift_mm=5.0,retreat=30|v10|stop",battery_cr2032,mat,10.0,1,0,0,0,0,0,1,1,0,1,0,,
"cloche|backstop=None,clearance_mm=1.0,drop_speed_mm_s=20.0,lift_mm=5.0,retreat=30|v10|stop",battery_cr2032,mat,15.0,1,0,0,0,0,1,0,0,0,0,0,,
"cloche|backstop=None,clearance_mm=1.0,drop_speed_mm_s=20.0,lift_mm=5.0,retreat=30|v10|stop",bead,flooring,0.0,1,1,0,0,0,0,0,1,0,1,0,5.04,0.00
"cloche|backstop=None,clearance_mm=1.0,drop_speed_mm_s=20.0,lift_mm=5.0,retreat=30|v10|stop",bead,flooring,5.0,1,1,0,0,0,0,0,1,0,1,0,5.03,5.00
"cloche|backstop=None,clearance_mm=1.0,drop_speed_mm_s=20.0,lift_mm=5.0,retreat=30|v10|stop",bead,flooring,10.0,1,1,0,0,0,0,0,1,0,1,0,5.04,10.00
"cloche|backstop=None,clearance_mm=1.0,drop_speed_mm_s=20.0,lift_mm=5.0,retreat=30|v10|stop",bead,flooring,15.0,1,1,0,0,0,0,0,1,1,0,1,4.99,9.86
"cloche|backstop=None,clearance_mm=1.0,drop_speed_mm_s=20.0,lift_mm=5.0,retreat=30|v10|stop",bead,mat,0.0,1,1,0,0,0,0,0,1,0,1,0,5.04,0.00
"cloche|backstop=None,clearance_mm=1.0,drop_speed_mm_s=20.0,lift_mm=5.0,retreat=30|v10|stop",bead,mat,5.0,1,1,0,0,0,0,0,1,0,1,0,5.03,5.00
"cloche|backstop=None,clearance_mm=1.0,drop_speed_mm_s=20.0,lift_mm=5.0,retreat=30|v10|stop",bead,mat,10.0,1,1,0,0,0,0,0,1,0,1,0,5.04,10.00
"cloche|backstop=None,clearance_mm=1.0,drop_speed_mm_s=20.0,lift_mm=5.0,retreat=30|v10|stop",bead,mat,15.0,1,1,0,0,0,0,0,1,1,0,1,4.74,10.32
"cloche|backstop=None,clearance_mm=1.0,drop_speed_mm_s=20.0,lift_mm=5.0,retreat=30|v10|stop",coin_1yen,flooring,0.0,1,1,0,0,0,0,0,1,0,1,0,11.04,0.00
"cloche|backstop=None,clearance_mm=1.0,drop_speed_mm_s=20.0,lift_mm=5.0,retreat=30|v10|stop",coin_1yen,flooring,5.0,1,1,0,0,0,0,0,1,0,1,0,11.03,5.00
"cloche|backstop=None,clearance_mm=1.0,drop_speed_mm_s=20.0,lift_mm=5.0,retreat=30|v10|stop",coin_1yen,flooring,10.0,1,1,0,0,0,0,0,1,0,1,0,11.03,10.00
"cloche|backstop=None,clearance_mm=1.0,drop_speed_mm_s=20.0,lift_mm=5.0,retreat=30|v10|stop",coin_1yen,flooring,15.0,1,0,0,1,0,0,0,1,0,1,0,11.03,15.00
"cloche|backstop=None,clearance_mm=1.0,drop_speed_mm_s=20.0,lift_mm=5.0,retreat=30|v10|stop",coin_1yen,mat,0.0,1,1,0,0,0,0,0,1,0,1,0,11.04,0.00
"cloche|backstop=None,clearance_mm=1.0,drop_speed_mm_s=20.0,lift_mm=5.0,retreat=30|v10|stop",coin_1yen,mat,5.0,1,1,0,0,0,0,0,1,0,1,0,11.03,5.00
"cloche|backstop=None,clearance_mm=1.0,drop_speed_mm_s=20.0,lift_mm=5.0,retreat=30|v10|stop",coin_1yen,mat,10.0,1,1,0,0,0,0,0,1,0,1,0,11.03,10.00
"cloche|backstop=None,clearance_mm=1.0,drop_speed_mm_s=20.0,lift_mm=5.0,retreat=30|v10|stop",coin_1yen,mat,15.0,1,0,0,1,0,0,0,1,0,1,0,11.03,15.00
"cloche|backstop=None,clearance_mm=1.0,drop_speed_mm_s=20.0,lift_mm=5.0,retreat=30|v10|stop",crumb_cube,flooring,0.0,1,1,0,0,0,0,0,1,0,1,0,8.10,0.00
"cloche|backstop=None,clearance_mm=1.0,drop_speed_mm_s=20.0,lift_mm=5.0,retreat=30|v10|stop",crumb_cube,flooring,5.0,1,1,0,0,0,0,0,1,0,1,0,8.11,5.00
"cloche|backstop=None,clearance_mm=1.0,drop_speed_mm_s=20.0,lift_mm=5.0,retreat=30|v10|stop",crumb_cube,flooring,10.0,1,1,0,0,0,0,0,1,1,0,1,8.11,9.04
"cloche|backstop=None,clearance_mm=1.0,drop_speed_mm_s=20.0,lift_mm=5.0,retreat=30|v10|stop",crumb_cube,flooring,15.0,1,1,0,0,0,0,0,1,1,0,1,8.11,9.30
"cloche|backstop=None,clearance_mm=1.0,drop_speed_mm_s=20.0,lift_mm=5.0,retreat=30|v10|stop",crumb_cube,mat,0.0,1,1,0,0,0,0,0,1,0,1,0,8.10,0.00
"cloche|backstop=None,clearance_mm=1.0,drop_speed_mm_s=20.0,lift_mm=5.0,retreat=30|v10|stop",crumb_cube,mat,5.0,1,1,0,0,0,0,0,1,0,1,0,8.11,5.00
"cloche|backstop=None,clearance_mm=1.0,drop_speed_mm_s=20.0,lift_mm=5.0,retreat=30|v10|stop",crumb_cube,mat,10.0,1,1,0,0,0,0,0,1,1,0,1,8.11,9.04
"cloche|backstop=None,clearance_mm=1.0,drop_speed_mm_s=20.0,lift_mm=5.0,retreat=30|v10|stop",crumb_cube,mat,15.0,1,1,0,0,0,0,0,1,1,0,1,8.11,9.30
"cloche|backstop=None,clearance_mm=1.0,drop_speed_mm_s=20.0,lift_mm=8.0,retreat=-30|v10|stop",battery_cr2032,flooring,0.0,1,1,0,0,0,0,0,1,0,1,0,11.04,0.01
"cloche|backstop=None,clearance_mm=1.0,drop_speed_mm_s=20.0,lift_mm=8.0,retreat=-30|v10|stop",battery_cr2032,flooring,5.0,1,1,0,0,0,0,0,1,0,1,0,11.03,5.00
"cloche|backstop=None,clearance_mm=1.0,drop_speed_mm_s=20.0,lift_mm=8.0,retreat=-30|v10|stop",battery_cr2032,flooring,10.0,1,0,0,0,0,0,1,1,0,1,0,,
"cloche|backstop=None,clearance_mm=1.0,drop_speed_mm_s=20.0,lift_mm=8.0,retreat=-30|v10|stop",battery_cr2032,flooring,15.0,1,0,0,0,0,1,0,0,0,0,0,,
"cloche|backstop=None,clearance_mm=1.0,drop_speed_mm_s=20.0,lift_mm=8.0,retreat=-30|v10|stop",battery_cr2032,mat,0.0,1,1,0,0,0,0,0,1,0,1,0,11.03,0.01
"cloche|backstop=None,clearance_mm=1.0,drop_speed_mm_s=20.0,lift_mm=8.0,retreat=-30|v10|stop",battery_cr2032,mat,5.0,1,1,0,0,0,0,0,1,0,1,0,11.03,5.00
"cloche|backstop=None,clearance_mm=1.0,drop_speed_mm_s=20.0,lift_mm=8.0,retreat=-30|v10|stop",battery_cr2032,mat,10.0,1,0,0,0,0,0,1,1,0,1,0,,
"cloche|backstop=None,clearance_mm=1.0,drop_speed_mm_s=20.0,lift_mm=8.0,retreat=-30|v10|stop",battery_cr2032,mat,15.0,1,0,0,0,0,1,0,0,0,0,0,,
"cloche|backstop=None,clearance_mm=1.0,drop_speed_mm_s=20.0,lift_mm=8.0,retreat=-30|v10|stop",bead,flooring,0.0,1,1,0,0,0,0,0,1,0,1,0,5.04,0.00
"cloche|backstop=None,clearance_mm=1.0,drop_speed_mm_s=20.0,lift_mm=8.0,retreat=-30|v10|stop",bead,flooring,5.0,1,1,0,0,0,0,0,1,0,1,0,5.03,5.00
"cloche|backstop=None,clearance_mm=1.0,drop_speed_mm_s=20.0,lift_mm=8.0,retreat=-30|v10|stop",bead,flooring,10.0,1,1,0,0,0,0,0,1,0,1,0,5.04,10.00
"cloche|backstop=None,clearance_mm=1.0,drop_speed_mm_s=20.0,lift_mm=8.0,retreat=-30|v10|stop",bead,flooring,15.0,1,0,1,0,0,0,0,1,0,1,0,5.03,3.75
"cloche|backstop=None,clearance_mm=1.0,drop_speed_mm_s=20.0,lift_mm=8.0,retreat=-30|v10|stop",bead,mat,0.0,1,1,0,0,0,0,0,1,0,1,0,5.04,0.00
"cloche|backstop=None,clearance_mm=1.0,drop_speed_mm_s=20.0,lift_mm=8.0,retreat=-30|v10|stop",bead,mat,5.0,1,1,0,0,0,0,0,1,0,1,0,5.03,5.00
"cloche|backstop=None,clearance_mm=1.0,drop_speed_mm_s=20.0,lift_mm=8.0,retreat=-30|v10|stop",bead,mat,10.0,1,1,0,0,0,0,0,1,0,1,0,5.04,10.00
"cloche|backstop=None,clearance_mm=1.0,drop_speed_mm_s=20.0,lift_mm=8.0,retreat=-30|v10|stop",bead,mat,15.0,1,0,1,0,0,0,0,1,0,1,0,5.03,4.53
"cloche|backstop=None,clearance_mm=1.0,drop_speed_mm_s=20.0,lift_mm=8.0,retreat=-30|v10|stop",coin_1yen,flooring,0.0,1,1,0,0,0,0,0,1,0,1,0,11.04,0.00
"cloche|backstop=None,clearance_mm=1.0,drop_speed_mm_s=20.0,lift_mm=8.0,retreat=-30|v10|stop",coin_1yen,flooring,5.0,1,1,0,0,0,0,0,1,0,1,0,11.03,5.00
"cloche|backstop=None,clearance_mm=1.0,drop_speed_mm_s=20.0,lift_mm=8.0,retreat=-30|v10|stop",coin_1yen,flooring,10.0,1,1,0,0,0,0,0,1,0,1,0,11.03,10.00
"cloche|backstop=None,clearance_mm=1.0,drop_speed_mm_s=20.0,lift_mm=8.0,retreat=-30|v10|stop",coin_1yen,flooring,15.0,1,0,0,1,0,0,0,1,0,1,0,11.03,15.00
"cloche|backstop=None,clearance_mm=1.0,drop_speed_mm_s=20.0,lift_mm=8.0,retreat=-30|v10|stop",coin_1yen,mat,0.0,1,1,0,0,0,0,0,1,0,1,0,11.04,0.00
"cloche|backstop=None,clearance_mm=1.0,drop_speed_mm_s=20.0,lift_mm=8.0,retreat=-30|v10|stop",coin_1yen,mat,5.0,1,1,0,0,0,0,0,1,0,1,0,11.03,5.00
"cloche|backstop=None,clearance_mm=1.0,drop_speed_mm_s=20.0,lift_mm=8.0,retreat=-30|v10|stop",coin_1yen,mat,10.0,1,1,0,0,0,0,0,1,0,1,0,11.03,10.00
"cloche|backstop=None,clearance_mm=1.0,drop_speed_mm_s=20.0,lift_mm=8.0,retreat=-30|v10|stop",coin_1yen,mat,15.0,1,0,0,1,0,0,0,1,0,1,0,11.03,15.00
"cloche|backstop=None,clearance_mm=1.0,drop_speed_mm_s=20.0,lift_mm=8.0,retreat=-30|v10|stop",crumb_cube,flooring,0.0,1,1,0,0,0,0,0,1,0,1,0,8.10,0.00
"cloche|backstop=None,clearance_mm=1.0,drop_speed_mm_s=20.0,lift_mm=8.0,retreat=-30|v10|stop",crumb_cube,flooring,5.0,1,1,0,0,0,0,0,1,0,1,0,8.11,5.00
"cloche|backstop=None,clearance_mm=1.0,drop_speed_mm_s=20.0,lift_mm=8.0,retreat=-30|v10|stop",crumb_cube,flooring,10.0,1,1,0,0,0,0,0,1,1,0,1,8.11,9.14
"cloche|backstop=None,clearance_mm=1.0,drop_speed_mm_s=20.0,lift_mm=8.0,retreat=-30|v10|stop",crumb_cube,flooring,15.0,1,1,0,0,0,0,0,1,1,0,1,8.10,4.78
"cloche|backstop=None,clearance_mm=1.0,drop_speed_mm_s=20.0,lift_mm=8.0,retreat=-30|v10|stop",crumb_cube,mat,0.0,1,1,0,0,0,0,0,1,0,1,0,8.10,0.00
"cloche|backstop=None,clearance_mm=1.0,drop_speed_mm_s=20.0,lift_mm=8.0,retreat=-30|v10|stop",crumb_cube,mat,5.0,1,1,0,0,0,0,0,1,0,1,0,8.11,5.00
"cloche|backstop=None,clearance_mm=1.0,drop_speed_mm_s=20.0,lift_mm=8.0,retreat=-30|v10|stop",crumb_cube,mat,10.0,1,1,0,0,0,0,0,1,1,0,1,8.11,9.14
"cloche|backstop=None,clearance_mm=1.0,drop_speed_mm_s=20.0,lift_mm=8.0,retreat=-30|v10|stop",crumb_cube,mat,15.0,1,1,0,0,0,0,0,1,1,0,1,8.10,4.78
"cloche|backstop=None,clearance_mm=1.0,drop_speed_mm_s=20.0,lift_mm=8.0,retreat=0|v10|stop",battery_cr2032,flooring,0.0,1,1,0,0,0,0,0,1,0,1,0,11.04,0.01
"cloche|backstop=None,clearance_mm=1.0,drop_speed_mm_s=20.0,lift_mm=8.0,retreat=0|v10|stop",battery_cr2032,flooring,5.0,1,1,0,0,0,0,0,1,0,1,0,11.03,5.00
"cloche|backstop=None,clearance_mm=1.0,drop_speed_mm_s=20.0,lift_mm=8.0,retreat=0|v10|stop",battery_cr2032,flooring,10.0,1,0,0,0,0,0,1,1,0,1,0,,
"cloche|backstop=None,clearance_mm=1.0,drop_speed_mm_s=20.0,lift_mm=8.0,retreat=0|v10|stop",battery_cr2032,flooring,15.0,1,0,0,0,0,1,0,0,0,0,0,,
"cloche|backstop=None,clearance_mm=1.0,drop_speed_mm_s=20.0,lift_mm=8.0,retreat=0|v10|stop",battery_cr2032,mat,0.0,1,1,0,0,0,0,0,1,0,1,0,11.03,0.01
"cloche|backstop=None,clearance_mm=1.0,drop_speed_mm_s=20.0,lift_mm=8.0,retreat=0|v10|stop",battery_cr2032,mat,5.0,1,1,0,0,0,0,0,1,0,1,0,11.03,5.00
"cloche|backstop=None,clearance_mm=1.0,drop_speed_mm_s=20.0,lift_mm=8.0,retreat=0|v10|stop",battery_cr2032,mat,10.0,1,0,0,0,0,0,1,1,0,1,0,,
"cloche|backstop=None,clearance_mm=1.0,drop_speed_mm_s=20.0,lift_mm=8.0,retreat=0|v10|stop",battery_cr2032,mat,15.0,1,0,0,0,0,1,0,0,0,0,0,,
"cloche|backstop=None,clearance_mm=1.0,drop_speed_mm_s=20.0,lift_mm=8.0,retreat=0|v10|stop",bead,flooring,0.0,1,1,0,0,0,0,0,1,0,1,0,5.04,0.00
"cloche|backstop=None,clearance_mm=1.0,drop_speed_mm_s=20.0,lift_mm=8.0,retreat=0|v10|stop",bead,flooring,5.0,1,1,0,0,0,0,0,1,0,1,0,5.03,5.00
"cloche|backstop=None,clearance_mm=1.0,drop_speed_mm_s=20.0,lift_mm=8.0,retreat=0|v10|stop",bead,flooring,10.0,1,1,0,0,0,0,0,1,0,1,0,5.04,10.00
"cloche|backstop=None,clearance_mm=1.0,drop_speed_mm_s=20.0,lift_mm=8.0,retreat=0|v10|stop",bead,flooring,15.0,1,0,1,0,0,0,0,1,0,1,0,5.03,3.75
"cloche|backstop=None,clearance_mm=1.0,drop_speed_mm_s=20.0,lift_mm=8.0,retreat=0|v10|stop",bead,mat,0.0,1,1,0,0,0,0,0,1,0,1,0,5.04,0.00
"cloche|backstop=None,clearance_mm=1.0,drop_speed_mm_s=20.0,lift_mm=8.0,retreat=0|v10|stop",bead,mat,5.0,1,1,0,0,0,0,0,1,0,1,0,5.03,5.00
"cloche|backstop=None,clearance_mm=1.0,drop_speed_mm_s=20.0,lift_mm=8.0,retreat=0|v10|stop",bead,mat,10.0,1,1,0,0,0,0,0,1,0,1,0,5.04,10.00
"cloche|backstop=None,clearance_mm=1.0,drop_speed_mm_s=20.0,lift_mm=8.0,retreat=0|v10|stop",bead,mat,15.0,1,0,1,0,0,0,0,1,0,1,0,5.03,4.53
"cloche|backstop=None,clearance_mm=1.0,drop_speed_mm_s=20.0,lift_mm=8.0,retreat=0|v10|stop",coin_1yen,flooring,0.0,1,1,0,0,0,0,0,1,0,1,0,11.04,0.00
"cloche|backstop=None,clearance_mm=1.0,drop_speed_mm_s=20.0,lift_mm=8.0,retreat=0|v10|stop",coin_1yen,flooring,5.0,1,1,0,0,0,0,0,1,0,1,0,11.03,5.00
"cloche|backstop=None,clearance_mm=1.0,drop_speed_mm_s=20.0,lift_mm=8.0,retreat=0|v10|stop",coin_1yen,flooring,10.0,1,1,0,0,0,0,0,1,0,1,0,11.03,10.00
"cloche|backstop=None,clearance_mm=1.0,drop_speed_mm_s=20.0,lift_mm=8.0,retreat=0|v10|stop",coin_1yen,flooring,15.0,1,1,0,0,0,0,0,1,0,1,0,11.03,15.00
"cloche|backstop=None,clearance_mm=1.0,drop_speed_mm_s=20.0,lift_mm=8.0,retreat=0|v10|stop",coin_1yen,mat,0.0,1,1,0,0,0,0,0,1,0,1,0,11.04,0.00
"cloche|backstop=None,clearance_mm=1.0,drop_speed_mm_s=20.0,lift_mm=8.0,retreat=0|v10|stop",coin_1yen,mat,5.0,1,1,0,0,0,0,0,1,0,1,0,11.03,5.00
"cloche|backstop=None,clearance_mm=1.0,drop_speed_mm_s=20.0,lift_mm=8.0,retreat=0|v10|stop",coin_1yen,mat,10.0,1,1,0,0,0,0,0,1,0,1,0,11.03,10.00
"cloche|backstop=None,clearance_mm=1.0,drop_speed_mm_s=20.0,lift_mm=8.0,retreat=0|v10|stop",coin_1yen,mat,15.0,1,1,0,0,0,0,0,1,0,1,0,11.03,15.00
"cloche|backstop=None,clearance_mm=1.0,drop_speed_mm_s=20.0,lift_mm=8.0,retreat=0|v10|stop",crumb_cube,flooring,0.0,1,1,0,0,0,0,0,1,0,1,0,8.10,0.00
"cloche|backstop=None,clearance_mm=1.0,drop_speed_mm_s=20.0,lift_mm=8.0,retreat=0|v10|stop",crumb_cube,flooring,5.0,1,1,0,0,0,0,0,1,0,1,0,8.11,5.00
"cloche|backstop=None,clearance_mm=1.0,drop_speed_mm_s=20.0,lift_mm=8.0,retreat=0|v10|stop",crumb_cube,flooring,10.0,1,1,0,0,0,0,0,1,1,0,1,8.11,9.14
"cloche|backstop=None,clearance_mm=1.0,drop_speed_mm_s=20.0,lift_mm=8.0,retreat=0|v10|stop",crumb_cube,flooring,15.0,1,1,0,0,0,0,0,1,1,0,1,8.10,4.78
"cloche|backstop=None,clearance_mm=1.0,drop_speed_mm_s=20.0,lift_mm=8.0,retreat=0|v10|stop",crumb_cube,mat,0.0,1,1,0,0,0,0,0,1,0,1,0,8.10,0.00
"cloche|backstop=None,clearance_mm=1.0,drop_speed_mm_s=20.0,lift_mm=8.0,retreat=0|v10|stop",crumb_cube,mat,5.0,1,1,0,0,0,0,0,1,0,1,0,8.11,5.00
"cloche|backstop=None,clearance_mm=1.0,drop_speed_mm_s=20.0,lift_mm=8.0,retreat=0|v10|stop",crumb_cube,mat,10.0,1,1,0,0,0,0,0,1,1,0,1,8.11,9.14
"cloche|backstop=None,clearance_mm=1.0,drop_speed_mm_s=20.0,lift_mm=8.0,retreat=0|v10|stop",crumb_cube,mat,15.0,1,1,0,0,0,0,0,1,1,0,1,8.10,4.78
"cloche|backstop=None,clearance_mm=1.0,drop_speed_mm_s=20.0,lift_mm=8.0,retreat=30|v10|stop",battery_cr2032,flooring,0.0,1,1,0,0,0,0,0,1,0,1,0,11.04,0.01
"cloche|backstop=None,clearance_mm=1.0,drop_speed_mm_s=20.0,lift_mm=8.0,retreat=30|v10|stop",battery_cr2032,flooring,5.0,1,1,0,0,0,0,0,1,0,1,0,11.03,5.00
"cloche|backstop=None,clearance_mm=1.0,drop_speed_mm_s=20.0,lift_mm=8.0,retreat=30|v10|stop",battery_cr2032,flooring,10.0,1,0,0,0,0,0,1,1,0,1,0,,
"cloche|backstop=None,clearance_mm=1.0,drop_speed_mm_s=20.0,lift_mm=8.0,retreat=30|v10|stop",battery_cr2032,flooring,15.0,1,0,0,0,0,1,0,0,0,0,0,,
"cloche|backstop=None,clearance_mm=1.0,drop_speed_mm_s=20.0,lift_mm=8.0,retreat=30|v10|stop",battery_cr2032,mat,0.0,1,1,0,0,0,0,0,1,0,1,0,11.03,0.01
"cloche|backstop=None,clearance_mm=1.0,drop_speed_mm_s=20.0,lift_mm=8.0,retreat=30|v10|stop",battery_cr2032,mat,5.0,1,1,0,0,0,0,0,1,0,1,0,11.03,5.00
"cloche|backstop=None,clearance_mm=1.0,drop_speed_mm_s=20.0,lift_mm=8.0,retreat=30|v10|stop",battery_cr2032,mat,10.0,1,0,0,0,0,0,1,1,0,1,0,,
"cloche|backstop=None,clearance_mm=1.0,drop_speed_mm_s=20.0,lift_mm=8.0,retreat=30|v10|stop",battery_cr2032,mat,15.0,1,0,0,0,0,1,0,0,0,0,0,,
"cloche|backstop=None,clearance_mm=1.0,drop_speed_mm_s=20.0,lift_mm=8.0,retreat=30|v10|stop",bead,flooring,0.0,1,1,0,0,0,0,0,1,0,1,0,5.04,0.00
"cloche|backstop=None,clearance_mm=1.0,drop_speed_mm_s=20.0,lift_mm=8.0,retreat=30|v10|stop",bead,flooring,5.0,1,1,0,0,0,0,0,1,0,1,0,5.03,5.00
"cloche|backstop=None,clearance_mm=1.0,drop_speed_mm_s=20.0,lift_mm=8.0,retreat=30|v10|stop",bead,flooring,10.0,1,1,0,0,0,0,0,1,0,1,0,5.04,10.00
"cloche|backstop=None,clearance_mm=1.0,drop_speed_mm_s=20.0,lift_mm=8.0,retreat=30|v10|stop",bead,flooring,15.0,1,0,1,0,0,0,0,1,0,1,0,5.03,3.75
"cloche|backstop=None,clearance_mm=1.0,drop_speed_mm_s=20.0,lift_mm=8.0,retreat=30|v10|stop",bead,mat,0.0,1,1,0,0,0,0,0,1,0,1,0,5.04,0.00
"cloche|backstop=None,clearance_mm=1.0,drop_speed_mm_s=20.0,lift_mm=8.0,retreat=30|v10|stop",bead,mat,5.0,1,1,0,0,0,0,0,1,0,1,0,5.03,5.00
"cloche|backstop=None,clearance_mm=1.0,drop_speed_mm_s=20.0,lift_mm=8.0,retreat=30|v10|stop",bead,mat,10.0,1,1,0,0,0,0,0,1,0,1,0,5.04,10.00
"cloche|backstop=None,clearance_mm=1.0,drop_speed_mm_s=20.0,lift_mm=8.0,retreat=30|v10|stop",bead,mat,15.0,1,0,1,0,0,0,0,1,0,1,0,5.03,4.53
"cloche|backstop=None,clearance_mm=1.0,drop_speed_mm_s=20.0,lift_mm=8.0,retreat=30|v10|stop",coin_1yen,flooring,0.0,1,1,0,0,0,0,0,1,0,1,0,11.04,0.00
"cloche|backstop=None,clearance_mm=1.0,drop_speed_mm_s=20.0,lift_mm=8.0,retreat=30|v10|stop",coin_1yen,flooring,5.0,1,1,0,0,0,0,0,1,0,1,0,11.03,5.00
"cloche|backstop=None,clearance_mm=1.0,drop_speed_mm_s=20.0,lift_mm=8.0,retreat=30|v10|stop",coin_1yen,flooring,10.0,1,1,0,0,0,0,0,1,0,1,0,11.03,10.00
"cloche|backstop=None,clearance_mm=1.0,drop_speed_mm_s=20.0,lift_mm=8.0,retreat=30|v10|stop",coin_1yen,flooring,15.0,1,0,0,1,0,0,0,1,0,1,0,11.03,15.00
"cloche|backstop=None,clearance_mm=1.0,drop_speed_mm_s=20.0,lift_mm=8.0,retreat=30|v10|stop",coin_1yen,mat,0.0,1,1,0,0,0,0,0,1,0,1,0,11.04,0.00
"cloche|backstop=None,clearance_mm=1.0,drop_speed_mm_s=20.0,lift_mm=8.0,retreat=30|v10|stop",coin_1yen,mat,5.0,1,1,0,0,0,0,0,1,0,1,0,11.03,5.00
"cloche|backstop=None,clearance_mm=1.0,drop_speed_mm_s=20.0,lift_mm=8.0,retreat=30|v10|stop",coin_1yen,mat,10.0,1,1,0,0,0,0,0,1,0,1,0,11.03,10.00
"cloche|backstop=None,clearance_mm=1.0,drop_speed_mm_s=20.0,lift_mm=8.0,retreat=30|v10|stop",coin_1yen,mat,15.0,1,0,0,1,0,0,0,1,0,1,0,11.03,15.00
"cloche|backstop=None,clearance_mm=1.0,drop_speed_mm_s=20.0,lift_mm=8.0,retreat=30|v10|stop",crumb_cube,flooring,0.0,1,1,0,0,0,0,0,1,0,1,0,8.10,0.00
"cloche|backstop=None,clearance_mm=1.0,drop_speed_mm_s=20.0,lift_mm=8.0,retreat=30|v10|stop",crumb_cube,flooring,5.0,1,1,0,0,0,0,0,1,0,1,0,8.11,5.00
"cloche|backstop=None,clearance_mm=1.0,drop_speed_mm_s=20.0,lift_mm=8.0,retreat=30|v10|stop",crumb_cube,flooring,10.0,1,1,0,0,0,0,0,1,1,0,1,8.11,9.14
"cloche|backstop=None,clearance_mm=1.0,drop_speed_mm_s=20.0,lift_mm=8.0,retreat=30|v10|stop",crumb_cube,flooring,15.0,1,1,0,0,0,0,0,1,1,0,1,8.10,4.78
"cloche|backstop=None,clearance_mm=1.0,drop_speed_mm_s=20.0,lift_mm=8.0,retreat=30|v10|stop",crumb_cube,mat,0.0,1,1,0,0,0,0,0,1,0,1,0,8.10,0.00
"cloche|backstop=None,clearance_mm=1.0,drop_speed_mm_s=20.0,lift_mm=8.0,retreat=30|v10|stop",crumb_cube,mat,5.0,1,1,0,0,0,0,0,1,0,1,0,8.11,5.00
"cloche|backstop=None,clearance_mm=1.0,drop_speed_mm_s=20.0,lift_mm=8.0,retreat=30|v10|stop",crumb_cube,mat,10.0,1,1,0,0,0,0,0,1,1,0,1,8.11,9.14
"cloche|backstop=None,clearance_mm=1.0,drop_speed_mm_s=20.0,lift_mm=8.0,retreat=30|v10|stop",crumb_cube,mat,15.0,1,1,0,0,0,0,0,1,1,0,1,8.10,4.78
"cloche|backstop=None,clearance_mm=1.0,drop_speed_mm_s=5.0,lift_mm=10.0,retreat=-30|v10|stop",battery_cr2032,flooring,0.0,1,1,0,0,0,0,0,1,0,1,0,11.04,0.01
"cloche|backstop=None,clearance_mm=1.0,drop_speed_mm_s=5.0,lift_mm=10.0,retreat=-30|v10|stop",battery_cr2032,flooring,5.0,1,1,0,0,0,0,0,1,0,1,0,11.03,5.00
"cloche|backstop=None,clearance_mm=1.0,drop_speed_mm_s=5.0,lift_mm=10.0,retreat=-30|v10|stop",battery_cr2032,flooring,10.0,1,0,0,0,0,0,1,1,0,1,0,,
"cloche|backstop=None,clearance_mm=1.0,drop_speed_mm_s=5.0,lift_mm=10.0,retreat=-30|v10|stop",battery_cr2032,flooring,15.0,1,0,0,0,0,1,0,0,0,0,0,,
"cloche|backstop=None,clearance_mm=1.0,drop_speed_mm_s=5.0,lift_mm=10.0,retreat=-30|v10|stop",battery_cr2032,mat,0.0,1,1,0,0,0,0,0,1,0,1,0,11.03,0.01
"cloche|backstop=None,clearance_mm=1.0,drop_speed_mm_s=5.0,lift_mm=10.0,retreat=-30|v10|stop",battery_cr2032,mat,5.0,1,1,0,0,0,0,0,1,0,1,0,11.03,5.00
"cloche|backstop=None,clearance_mm=1.0,drop_speed_mm_s=5.0,lift_mm=10.0,retreat=-30|v10|stop",battery_cr2032,mat,10.0,1,0,0,0,0,0,1,1,0,1,0,,
"cloche|backstop=None,clearance_mm=1.0,drop_speed_mm_s=5.0,lift_mm=10.0,retreat=-30|v10|stop",battery_cr2032,mat,15.0,1,0,0,0,0,1,0,0,0,0,0,,
"cloche|backstop=None,clearance_mm=1.0,drop_speed_mm_s=5.0,lift_mm=10.0,retreat=-30|v10|stop",bead,flooring,0.0,1,1,0,0,0,0,0,1,0,1,0,5.04,0.00
"cloche|backstop=None,clearance_mm=1.0,drop_speed_mm_s=5.0,lift_mm=10.0,retreat=-30|v10|stop",bead,flooring,5.0,1,1,0,0,0,0,0,1,0,1,0,5.03,5.00
"cloche|backstop=None,clearance_mm=1.0,drop_speed_mm_s=5.0,lift_mm=10.0,retreat=-30|v10|stop",bead,flooring,10.0,1,1,0,0,0,0,0,1,0,1,0,5.04,10.00
"cloche|backstop=None,clearance_mm=1.0,drop_speed_mm_s=5.0,lift_mm=10.0,retreat=-30|v10|stop",bead,flooring,15.0,1,0,1,0,0,0,0,1,0,1,0,5.03,9.24
"cloche|backstop=None,clearance_mm=1.0,drop_speed_mm_s=5.0,lift_mm=10.0,retreat=-30|v10|stop",bead,mat,0.0,1,1,0,0,0,0,0,1,0,1,0,5.04,0.00
"cloche|backstop=None,clearance_mm=1.0,drop_speed_mm_s=5.0,lift_mm=10.0,retreat=-30|v10|stop",bead,mat,5.0,1,1,0,0,0,0,0,1,0,1,0,5.03,5.00
"cloche|backstop=None,clearance_mm=1.0,drop_speed_mm_s=5.0,lift_mm=10.0,retreat=-30|v10|stop",bead,mat,10.0,1,1,0,0,0,0,0,1,0,1,0,5.04,10.00
"cloche|backstop=None,clearance_mm=1.0,drop_speed_mm_s=5.0,lift_mm=10.0,retreat=-30|v10|stop",bead,mat,15.0,1,0,1,0,0,0,0,1,0,1,0,5.03,9.65
"cloche|backstop=None,clearance_mm=1.0,drop_speed_mm_s=5.0,lift_mm=10.0,retreat=-30|v10|stop",coin_1yen,flooring,0.0,1,1,0,0,0,0,0,1,0,1,0,11.04,0.00
"cloche|backstop=None,clearance_mm=1.0,drop_speed_mm_s=5.0,lift_mm=10.0,retreat=-30|v10|stop",coin_1yen,flooring,5.0,1,1,0,0,0,0,0,1,0,1,0,11.03,5.00
"cloche|backstop=None,clearance_mm=1.0,drop_speed_mm_s=5.0,lift_mm=10.0,retreat=-30|v10|stop",coin_1yen,flooring,10.0,1,1,0,0,0,0,0,1,0,1,0,11.03,10.00
"cloche|backstop=None,clearance_mm=1.0,drop_speed_mm_s=5.0,lift_mm=10.0,retreat=-30|v10|stop",coin_1yen,flooring,15.0,1,0,0,1,0,0,0,1,0,1,0,11.03,15.00
"cloche|backstop=None,clearance_mm=1.0,drop_speed_mm_s=5.0,lift_mm=10.0,retreat=-30|v10|stop",coin_1yen,mat,0.0,1,1,0,0,0,0,0,1,0,1,0,11.04,0.00
"cloche|backstop=None,clearance_mm=1.0,drop_speed_mm_s=5.0,lift_mm=10.0,retreat=-30|v10|stop",coin_1yen,mat,5.0,1,1,0,0,0,0,0,1,0,1,0,11.03,5.00
"cloche|backstop=None,clearance_mm=1.0,drop_speed_mm_s=5.0,lift_mm=10.0,retreat=-30|v10|stop",coin_1yen,mat,10.0,1,1,0,0,0,0,0,1,0,1,0,11.03,10.00
"cloche|backstop=None,clearance_mm=1.0,drop_speed_mm_s=5.0,lift_mm=10.0,retreat=-30|v10|stop",coin_1yen,mat,15.0,1,0,0,1,0,0,0,1,0,1,0,11.03,15.00
"cloche|backstop=None,clearance_mm=1.0,drop_speed_mm_s=5.0,lift_mm=10.0,retreat=-30|v10|stop",crumb_cube,flooring,0.0,1,1,0,0,0,0,0,1,0,1,0,8.10,0.00
"cloche|backstop=None,clearance_mm=1.0,drop_speed_mm_s=5.0,lift_mm=10.0,retreat=-30|v10|stop",crumb_cube,flooring,5.0,1,1,0,0,0,0,0,1,0,1,0,8.11,5.00
"cloche|backstop=None,clearance_mm=1.0,drop_speed_mm_s=5.0,lift_mm=10.0,retreat=-30|v10|stop",crumb_cube,flooring,10.0,1,1,0,0,0,0,0,1,0,1,0,9.24,7.46
"cloche|backstop=None,clearance_mm=1.0,drop_speed_mm_s=5.0,lift_mm=10.0,retreat=-30|v10|stop",crumb_cube,flooring,15.0,1,0,0,0,0,1,0,0,0,0,0,,
"cloche|backstop=None,clearance_mm=1.0,drop_speed_mm_s=5.0,lift_mm=10.0,retreat=-30|v10|stop",crumb_cube,mat,0.0,1,1,0,0,0,0,0,1,0,1,0,8.10,0.00
"cloche|backstop=None,clearance_mm=1.0,drop_speed_mm_s=5.0,lift_mm=10.0,retreat=-30|v10|stop",crumb_cube,mat,5.0,1,1,0,0,0,0,0,1,0,1,0,8.11,5.00
"cloche|backstop=None,clearance_mm=1.0,drop_speed_mm_s=5.0,lift_mm=10.0,retreat=-30|v10|stop",crumb_cube,mat,10.0,1,1,0,0,0,0,0,1,0,1,0,9.24,7.46
"cloche|backstop=None,clearance_mm=1.0,drop_speed_mm_s=5.0,lift_mm=10.0,retreat=-30|v10|stop",crumb_cube,mat,15.0,1,0,0,0,0,1,0,0,0,0,0,,
"cloche|backstop=None,clearance_mm=1.0,drop_speed_mm_s=5.0,lift_mm=10.0,retreat=0|v10|stop",battery_cr2032,flooring,0.0,1,1,0,0,0,0,0,1,0,1,0,11.04,0.01
"cloche|backstop=None,clearance_mm=1.0,drop_speed_mm_s=5.0,lift_mm=10.0,retreat=0|v10|stop",battery_cr2032,flooring,5.0,1,1,0,0,0,0,0,1,0,1,0,11.03,5.00
"cloche|backstop=None,clearance_mm=1.0,drop_speed_mm_s=5.0,lift_mm=10.0,retreat=0|v10|stop",battery_cr2032,flooring,10.0,1,0,0,0,0,0,1,1,0,1,0,,
"cloche|backstop=None,clearance_mm=1.0,drop_speed_mm_s=5.0,lift_mm=10.0,retreat=0|v10|stop",battery_cr2032,flooring,15.0,1,0,0,0,0,1,0,0,0,0,0,,
"cloche|backstop=None,clearance_mm=1.0,drop_speed_mm_s=5.0,lift_mm=10.0,retreat=0|v10|stop",battery_cr2032,mat,0.0,1,1,0,0,0,0,0,1,0,1,0,11.03,0.01
"cloche|backstop=None,clearance_mm=1.0,drop_speed_mm_s=5.0,lift_mm=10.0,retreat=0|v10|stop",battery_cr2032,mat,5.0,1,1,0,0,0,0,0,1,0,1,0,11.03,5.00
"cloche|backstop=None,clearance_mm=1.0,drop_speed_mm_s=5.0,lift_mm=10.0,retreat=0|v10|stop",battery_cr2032,mat,10.0,1,0,0,0,0,0,1,1,0,1,0,,
"cloche|backstop=None,clearance_mm=1.0,drop_speed_mm_s=5.0,lift_mm=10.0,retreat=0|v10|stop",battery_cr2032,mat,15.0,1,0,0,0,0,1,0,0,0,0,0,,
"cloche|backstop=None,clearance_mm=1.0,drop_speed_mm_s=5.0,lift_mm=10.0,retreat=0|v10|stop",bead,flooring,0.0,1,1,0,0,0,0,0,1,0,1,0,5.04,0.00
"cloche|backstop=None,clearance_mm=1.0,drop_speed_mm_s=5.0,lift_mm=10.0,retreat=0|v10|stop",bead,flooring,5.0,1,1,0,0,0,0,0,1,0,1,0,5.03,5.00
"cloche|backstop=None,clearance_mm=1.0,drop_speed_mm_s=5.0,lift_mm=10.0,retreat=0|v10|stop",bead,flooring,10.0,1,1,0,0,0,0,0,1,0,1,0,5.04,10.00
"cloche|backstop=None,clearance_mm=1.0,drop_speed_mm_s=5.0,lift_mm=10.0,retreat=0|v10|stop",bead,flooring,15.0,1,0,1,0,0,0,0,1,0,1,0,5.03,9.24
"cloche|backstop=None,clearance_mm=1.0,drop_speed_mm_s=5.0,lift_mm=10.0,retreat=0|v10|stop",bead,mat,0.0,1,1,0,0,0,0,0,1,0,1,0,5.04,0.00
"cloche|backstop=None,clearance_mm=1.0,drop_speed_mm_s=5.0,lift_mm=10.0,retreat=0|v10|stop",bead,mat,5.0,1,1,0,0,0,0,0,1,0,1,0,5.03,5.00
"cloche|backstop=None,clearance_mm=1.0,drop_speed_mm_s=5.0,lift_mm=10.0,retreat=0|v10|stop",bead,mat,10.0,1,1,0,0,0,0,0,1,0,1,0,5.04,10.00
"cloche|backstop=None,clearance_mm=1.0,drop_speed_mm_s=5.0,lift_mm=10.0,retreat=0|v10|stop",bead,mat,15.0,1,0,1,0,0,0,0,1,0,1,0,5.03,9.65
"cloche|backstop=None,clearance_mm=1.0,drop_speed_mm_s=5.0,lift_mm=10.0,retreat=0|v10|stop",coin_1yen,flooring,0.0,1,1,0,0,0,0,0,1,0,1,0,11.04,0.00
"cloche|backstop=None,clearance_mm=1.0,drop_speed_mm_s=5.0,lift_mm=10.0,retreat=0|v10|stop",coin_1yen,flooring,5.0,1,1,0,0,0,0,0,1,0,1,0,11.03,5.00
"cloche|backstop=None,clearance_mm=1.0,drop_speed_mm_s=5.0,lift_mm=10.0,retreat=0|v10|stop",coin_1yen,flooring,10.0,1,1,0,0,0,0,0,1,0,1,0,11.03,10.00
"cloche|backstop=None,clearance_mm=1.0,drop_speed_mm_s=5.0,lift_mm=10.0,retreat=0|v10|stop",coin_1yen,flooring,15.0,1,1,0,0,0,0,0,1,0,1,0,11.03,15.00
"cloche|backstop=None,clearance_mm=1.0,drop_speed_mm_s=5.0,lift_mm=10.0,retreat=0|v10|stop",coin_1yen,mat,0.0,1,1,0,0,0,0,0,1,0,1,0,11.04,0.00
"cloche|backstop=None,clearance_mm=1.0,drop_speed_mm_s=5.0,lift_mm=10.0,retreat=0|v10|stop",coin_1yen,mat,5.0,1,1,0,0,0,0,0,1,0,1,0,11.03,5.00
"cloche|backstop=None,clearance_mm=1.0,drop_speed_mm_s=5.0,lift_mm=10.0,retreat=0|v10|stop",coin_1yen,mat,10.0,1,1,0,0,0,0,0,1,0,1,0,11.03,10.00
"cloche|backstop=None,clearance_mm=1.0,drop_speed_mm_s=5.0,lift_mm=10.0,retreat=0|v10|stop",coin_1yen,mat,15.0,1,1,0,0,0,0,0,1,0,1,0,11.03,15.00
"cloche|backstop=None,clearance_mm=1.0,drop_speed_mm_s=5.0,lift_mm=10.0,retreat=0|v10|stop",crumb_cube,flooring,0.0,1,1,0,0,0,0,0,1,0,1,0,8.10,0.00
"cloche|backstop=None,clearance_mm=1.0,drop_speed_mm_s=5.0,lift_mm=10.0,retreat=0|v10|stop",crumb_cube,flooring,5.0,1,1,0,0,0,0,0,1,0,1,0,8.11,5.00
"cloche|backstop=None,clearance_mm=1.0,drop_speed_mm_s=5.0,lift_mm=10.0,retreat=0|v10|stop",crumb_cube,flooring,10.0,1,1,0,0,0,0,0,1,0,1,0,9.24,7.46
"cloche|backstop=None,clearance_mm=1.0,drop_speed_mm_s=5.0,lift_mm=10.0,retreat=0|v10|stop",crumb_cube,flooring,15.0,1,0,0,0,0,1,0,0,0,0,0,,
"cloche|backstop=None,clearance_mm=1.0,drop_speed_mm_s=5.0,lift_mm=10.0,retreat=0|v10|stop",crumb_cube,mat,0.0,1,1,0,0,0,0,0,1,0,1,0,8.10,0.00
"cloche|backstop=None,clearance_mm=1.0,drop_speed_mm_s=5.0,lift_mm=10.0,retreat=0|v10|stop",crumb_cube,mat,5.0,1,1,0,0,0,0,0,1,0,1,0,8.11,5.00
"cloche|backstop=None,clearance_mm=1.0,drop_speed_mm_s=5.0,lift_mm=10.0,retreat=0|v10|stop",crumb_cube,mat,10.0,1,1,0,0,0,0,0,1,0,1,0,9.24,7.46
"cloche|backstop=None,clearance_mm=1.0,drop_speed_mm_s=5.0,lift_mm=10.0,retreat=0|v10|stop",crumb_cube,mat,15.0,1,0,0,0,0,1,0,0,0,0,0,,
"cloche|backstop=None,clearance_mm=1.0,drop_speed_mm_s=5.0,lift_mm=10.0,retreat=30|v10|stop",battery_cr2032,flooring,0.0,1,1,0,0,0,0,0,1,0,1,0,11.04,0.01
"cloche|backstop=None,clearance_mm=1.0,drop_speed_mm_s=5.0,lift_mm=10.0,retreat=30|v10|stop",battery_cr2032,flooring,5.0,1,1,0,0,0,0,0,1,0,1,0,11.03,5.00
"cloche|backstop=None,clearance_mm=1.0,drop_speed_mm_s=5.0,lift_mm=10.0,retreat=30|v10|stop",battery_cr2032,flooring,10.0,1,0,0,0,0,0,1,1,0,1,0,,
"cloche|backstop=None,clearance_mm=1.0,drop_speed_mm_s=5.0,lift_mm=10.0,retreat=30|v10|stop",battery_cr2032,flooring,15.0,1,0,0,0,0,1,0,0,0,0,0,,
"cloche|backstop=None,clearance_mm=1.0,drop_speed_mm_s=5.0,lift_mm=10.0,retreat=30|v10|stop",battery_cr2032,mat,0.0,1,1,0,0,0,0,0,1,0,1,0,11.03,0.01
"cloche|backstop=None,clearance_mm=1.0,drop_speed_mm_s=5.0,lift_mm=10.0,retreat=30|v10|stop",battery_cr2032,mat,5.0,1,1,0,0,0,0,0,1,0,1,0,11.03,5.00
"cloche|backstop=None,clearance_mm=1.0,drop_speed_mm_s=5.0,lift_mm=10.0,retreat=30|v10|stop",battery_cr2032,mat,10.0,1,0,0,0,0,0,1,1,0,1,0,,
"cloche|backstop=None,clearance_mm=1.0,drop_speed_mm_s=5.0,lift_mm=10.0,retreat=30|v10|stop",battery_cr2032,mat,15.0,1,0,0,0,0,1,0,0,0,0,0,,
"cloche|backstop=None,clearance_mm=1.0,drop_speed_mm_s=5.0,lift_mm=10.0,retreat=30|v10|stop",bead,flooring,0.0,1,1,0,0,0,0,0,1,0,1,0,5.04,0.00
"cloche|backstop=None,clearance_mm=1.0,drop_speed_mm_s=5.0,lift_mm=10.0,retreat=30|v10|stop",bead,flooring,5.0,1,1,0,0,0,0,0,1,0,1,0,5.03,5.00
"cloche|backstop=None,clearance_mm=1.0,drop_speed_mm_s=5.0,lift_mm=10.0,retreat=30|v10|stop",bead,flooring,10.0,1,1,0,0,0,0,0,1,0,1,0,5.04,10.00
"cloche|backstop=None,clearance_mm=1.0,drop_speed_mm_s=5.0,lift_mm=10.0,retreat=30|v10|stop",bead,flooring,15.0,1,0,1,0,0,0,0,1,0,1,0,5.03,9.24
"cloche|backstop=None,clearance_mm=1.0,drop_speed_mm_s=5.0,lift_mm=10.0,retreat=30|v10|stop",bead,mat,0.0,1,1,0,0,0,0,0,1,0,1,0,5.04,0.00
"cloche|backstop=None,clearance_mm=1.0,drop_speed_mm_s=5.0,lift_mm=10.0,retreat=30|v10|stop",bead,mat,5.0,1,1,0,0,0,0,0,1,0,1,0,5.03,5.00
"cloche|backstop=None,clearance_mm=1.0,drop_speed_mm_s=5.0,lift_mm=10.0,retreat=30|v10|stop",bead,mat,10.0,1,1,0,0,0,0,0,1,0,1,0,5.04,10.00
"cloche|backstop=None,clearance_mm=1.0,drop_speed_mm_s=5.0,lift_mm=10.0,retreat=30|v10|stop",bead,mat,15.0,1,0,1,0,0,0,0,1,0,1,0,5.03,9.65
"cloche|backstop=None,clearance_mm=1.0,drop_speed_mm_s=5.0,lift_mm=10.0,retreat=30|v10|stop",coin_1yen,flooring,0.0,1,1,0,0,0,0,0,1,0,1,0,11.04,0.00
"cloche|backstop=None,clearance_mm=1.0,drop_speed_mm_s=5.0,lift_mm=10.0,retreat=30|v10|stop",coin_1yen,flooring,5.0,1,1,0,0,0,0,0,1,0,1,0,11.03,5.00
"cloche|backstop=None,clearance_mm=1.0,drop_speed_mm_s=5.0,lift_mm=10.0,retreat=30|v10|stop",coin_1yen,flooring,10.0,1,1,0,0,0,0,0,1,0,1,0,11.03,10.00
"cloche|backstop=None,clearance_mm=1.0,drop_speed_mm_s=5.0,lift_mm=10.0,retreat=30|v10|stop",coin_1yen,flooring,15.0,1,0,0,1,0,0,0,1,0,1,0,11.03,15.00
"cloche|backstop=None,clearance_mm=1.0,drop_speed_mm_s=5.0,lift_mm=10.0,retreat=30|v10|stop",coin_1yen,mat,0.0,1,1,0,0,0,0,0,1,0,1,0,11.04,0.00
"cloche|backstop=None,clearance_mm=1.0,drop_speed_mm_s=5.0,lift_mm=10.0,retreat=30|v10|stop",coin_1yen,mat,5.0,1,1,0,0,0,0,0,1,0,1,0,11.03,5.00
"cloche|backstop=None,clearance_mm=1.0,drop_speed_mm_s=5.0,lift_mm=10.0,retreat=30|v10|stop",coin_1yen,mat,10.0,1,1,0,0,0,0,0,1,0,1,0,11.03,10.00
"cloche|backstop=None,clearance_mm=1.0,drop_speed_mm_s=5.0,lift_mm=10.0,retreat=30|v10|stop",coin_1yen,mat,15.0,1,0,0,1,0,0,0,1,0,1,0,11.03,15.00
"cloche|backstop=None,clearance_mm=1.0,drop_speed_mm_s=5.0,lift_mm=10.0,retreat=30|v10|stop",crumb_cube,flooring,0.0,1,1,0,0,0,0,0,1,0,1,0,8.10,0.00
"cloche|backstop=None,clearance_mm=1.0,drop_speed_mm_s=5.0,lift_mm=10.0,retreat=30|v10|stop",crumb_cube,flooring,5.0,1,1,0,0,0,0,0,1,0,1,0,8.11,5.00
"cloche|backstop=None,clearance_mm=1.0,drop_speed_mm_s=5.0,lift_mm=10.0,retreat=30|v10|stop",crumb_cube,flooring,10.0,1,1,0,0,0,0,0,1,0,1,0,9.24,7.46
"cloche|backstop=None,clearance_mm=1.0,drop_speed_mm_s=5.0,lift_mm=10.0,retreat=30|v10|stop",crumb_cube,flooring,15.0,1,0,0,0,0,1,0,0,0,0,0,,
"cloche|backstop=None,clearance_mm=1.0,drop_speed_mm_s=5.0,lift_mm=10.0,retreat=30|v10|stop",crumb_cube,mat,0.0,1,1,0,0,0,0,0,1,0,1,0,8.10,0.00
"cloche|backstop=None,clearance_mm=1.0,drop_speed_mm_s=5.0,lift_mm=10.0,retreat=30|v10|stop",crumb_cube,mat,5.0,1,1,0,0,0,0,0,1,0,1,0,8.11,5.00
"cloche|backstop=None,clearance_mm=1.0,drop_speed_mm_s=5.0,lift_mm=10.0,retreat=30|v10|stop",crumb_cube,mat,10.0,1,1,0,0,0,0,0,1,0,1,0,9.24,7.46
"cloche|backstop=None,clearance_mm=1.0,drop_speed_mm_s=5.0,lift_mm=10.0,retreat=30|v10|stop",crumb_cube,mat,15.0,1,0,0,0,0,1,0,0,0,0,0,,
"cloche|backstop=None,clearance_mm=1.0,drop_speed_mm_s=5.0,lift_mm=3.0,retreat=-30|v10|stop",battery_cr2032,flooring,0.0,1,1,0,0,0,0,0,1,0,1,0,11.04,0.01
"cloche|backstop=None,clearance_mm=1.0,drop_speed_mm_s=5.0,lift_mm=3.0,retreat=-30|v10|stop",battery_cr2032,flooring,5.0,1,1,0,0,0,0,0,1,0,1,0,11.03,5.00
"cloche|backstop=None,clearance_mm=1.0,drop_speed_mm_s=5.0,lift_mm=3.0,retreat=-30|v10|stop",battery_cr2032,flooring,10.0,1,0,0,0,0,0,1,1,0,1,0,,
"cloche|backstop=None,clearance_mm=1.0,drop_speed_mm_s=5.0,lift_mm=3.0,retreat=-30|v10|stop",battery_cr2032,flooring,15.0,1,0,0,0,0,1,0,0,0,0,0,,
"cloche|backstop=None,clearance_mm=1.0,drop_speed_mm_s=5.0,lift_mm=3.0,retreat=-30|v10|stop",battery_cr2032,mat,0.0,1,1,0,0,0,0,0,1,0,1,0,11.03,0.01
"cloche|backstop=None,clearance_mm=1.0,drop_speed_mm_s=5.0,lift_mm=3.0,retreat=-30|v10|stop",battery_cr2032,mat,5.0,1,1,0,0,0,0,0,1,0,1,0,11.03,5.00
"cloche|backstop=None,clearance_mm=1.0,drop_speed_mm_s=5.0,lift_mm=3.0,retreat=-30|v10|stop",battery_cr2032,mat,10.0,1,0,0,0,0,0,1,1,0,1,0,,
"cloche|backstop=None,clearance_mm=1.0,drop_speed_mm_s=5.0,lift_mm=3.0,retreat=-30|v10|stop",battery_cr2032,mat,15.0,1,0,0,0,0,1,0,0,0,0,0,,
"cloche|backstop=None,clearance_mm=1.0,drop_speed_mm_s=5.0,lift_mm=3.0,retreat=-30|v10|stop",bead,flooring,0.0,1,1,0,0,0,0,0,1,0,1,0,5.04,0.00
"cloche|backstop=None,clearance_mm=1.0,drop_speed_mm_s=5.0,lift_mm=3.0,retreat=-30|v10|stop",bead,flooring,5.0,1,1,0,0,0,0,0,1,0,1,0,5.03,5.00
"cloche|backstop=None,clearance_mm=1.0,drop_speed_mm_s=5.0,lift_mm=3.0,retreat=-30|v10|stop",bead,flooring,10.0,1,1,0,0,0,0,0,1,0,1,0,5.04,10.00
"cloche|backstop=None,clearance_mm=1.0,drop_speed_mm_s=5.0,lift_mm=3.0,retreat=-30|v10|stop",bead,flooring,15.0,1,1,0,0,0,0,0,1,1,0,1,4.99,10.44
"cloche|backstop=None,clearance_mm=1.0,drop_speed_mm_s=5.0,lift_mm=3.0,retreat=-30|v10|stop",bead,mat,0.0,1,1,0,0,0,0,0,1,0,1,0,5.04,0.00
"cloche|backstop=None,clearance_mm=1.0,drop_speed_mm_s=5.0,lift_mm=3.0,retreat=-30|v10|stop",bead,mat,5.0,1,1,0,0,0,0,0,1,0,1,0,5.03,5.00
"cloche|backstop=None,clearance_mm=1.0,drop_speed_mm_s=5.0,lift_mm=3.0,retreat=-30|v10|stop",bead,mat,10.0,1,1,0,0,0,0,0,1,0,1,0,5.04,10.00
"cloche|backstop=None,clearance_mm=1.0,drop_speed_mm_s=5.0,lift_mm=3.0,retreat=-30|v10|stop",bead,mat,15.0,1,1,0,0,0,0,0,1,1,0,1,4.39,8.44
"cloche|backstop=None,clearance_mm=1.0,drop_speed_mm_s=5.0,lift_mm=3.0,retreat=-30|v10|stop",coin_1yen,flooring,0.0,1,1,0,0,0,0,0,1,0,1,0,11.04,0.00
"cloche|backstop=None,clearance_mm=1.0,drop_speed_mm_s=5.0,lift_mm=3.0,retreat=-30|v10|stop",coin_1yen,flooring,5.0,1,1,0,0,0,0,0,1,0,1,0,11.03,5.00
"cloche|backstop=None,clearance_mm=1.0,drop_speed_mm_s=5.0,lift_mm=3.0,retreat=-30|v10|stop",coin_1yen,flooring,10.0,1,1,0,0,0,0,0,1,0,1,0,11.03,10.00
"cloche|backstop=None,clearance_mm=1.0,drop_speed_mm_s=5.0,lift_mm=3.0,retreat=-30|v10|stop",coin_1yen,flooring,15.0,1,0,0,1,0,0,0,1,0,1,0,11.03,15.00
"cloche|backstop=None,clearance_mm=1.0,drop_speed_mm_s=5.0,lift_mm=3.0,retreat=-30|v10|stop",coin_1yen,mat,0.0,1,1,0,0,0,0,0,1,0,1,0,11.04,0.00
"cloche|backstop=None,clearance_mm=1.0,drop_speed_mm_s=5.0,lift_mm=3.0,retreat=-30|v10|stop",coin_1yen,mat,5.0,1,1,0,0,0,0,0,1,0,1,0,11.03,5.00
"cloche|backstop=None,clearance_mm=1.0,drop_speed_mm_s=5.0,lift_mm=3.0,retreat=-30|v10|stop",coin_1yen,mat,10.0,1,1,0,0,0,0,0,1,0,1,0,11.03,10.00
"cloche|backstop=None,clearance_mm=1.0,drop_speed_mm_s=5.0,lift_mm=3.0,retreat=-30|v10|stop",coin_1yen,mat,15.0,1,0,0,1,0,0,0,1,0,1,0,11.03,15.00
"cloche|backstop=None,clearance_mm=1.0,drop_speed_mm_s=5.0,lift_mm=3.0,retreat=-30|v10|stop",crumb_cube,flooring,0.0,1,1,0,0,0,0,0,1,0,1,0,8.10,0.00
"cloche|backstop=None,clearance_mm=1.0,drop_speed_mm_s=5.0,lift_mm=3.0,retreat=-30|v10|stop",crumb_cube,flooring,5.0,1,1,0,0,0,0,0,1,0,1,0,8.11,5.00
"cloche|backstop=None,clearance_mm=1.0,drop_speed_mm_s=5.0,lift_mm=3.0,retreat=-30|v10|stop",crumb_cube,flooring,10.0,1,1,0,0,0,0,0,1,1,0,1,8.10,8.97
"cloche|backstop=None,clearance_mm=1.0,drop_speed_mm_s=5.0,lift_mm=3.0,retreat=-30|v10|stop",crumb_cube,flooring,15.0,1,1,0,0,0,0,0,1,1,0,1,8.10,9.16
"cloche|backstop=None,clearance_mm=1.0,drop_speed_mm_s=5.0,lift_mm=3.0,retreat=-30|v10|stop",crumb_cube,mat,0.0,1,1,0,0,0,0,0,1,0,1,0,8.10,0.00
"cloche|backstop=None,clearance_mm=1.0,drop_speed_mm_s=5.0,lift_mm=3.0,retreat=-30|v10|stop",crumb_cube,mat,5.0,1,1,0,0,0,0,0,1,0,1,0,8.11,5.00
"cloche|backstop=None,clearance_mm=1.0,drop_speed_mm_s=5.0,lift_mm=3.0,retreat=-30|v10|stop",crumb_cube,mat,10.0,1,1,0,0,0,0,0,1,1,0,1,8.10,8.97
"cloche|backstop=None,clearance_mm=1.0,drop_speed_mm_s=5.0,lift_mm=3.0,retreat=-30|v10|stop",crumb_cube,mat,15.0,1,1,0,0,0,0,0,1,1,0,1,8.10,9.16
"cloche|backstop=None,clearance_mm=1.0,drop_speed_mm_s=5.0,lift_mm=3.0,retreat=0|v10|stop",battery_cr2032,flooring,0.0,1,1,0,0,0,0,0,1,0,1,0,11.04,0.01
"cloche|backstop=None,clearance_mm=1.0,drop_speed_mm_s=5.0,lift_mm=3.0,retreat=0|v10|stop",battery_cr2032,flooring,5.0,1,1,0,0,0,0,0,1,0,1,0,11.03,5.00
"cloche|backstop=None,clearance_mm=1.0,drop_speed_mm_s=5.0,lift_mm=3.0,retreat=0|v10|stop",battery_cr2032,flooring,10.0,1,0,0,0,0,0,1,1,0,1,0,,
"cloche|backstop=None,clearance_mm=1.0,drop_speed_mm_s=5.0,lift_mm=3.0,retreat=0|v10|stop",battery_cr2032,flooring,15.0,1,0,0,0,0,1,0,0,0,0,0,,
"cloche|backstop=None,clearance_mm=1.0,drop_speed_mm_s=5.0,lift_mm=3.0,retreat=0|v10|stop",battery_cr2032,mat,0.0,1,1,0,0,0,0,0,1,0,1,0,11.03,0.01
"cloche|backstop=None,clearance_mm=1.0,drop_speed_mm_s=5.0,lift_mm=3.0,retreat=0|v10|stop",battery_cr2032,mat,5.0,1,1,0,0,0,0,0,1,0,1,0,11.03,5.00
"cloche|backstop=None,clearance_mm=1.0,drop_speed_mm_s=5.0,lift_mm=3.0,retreat=0|v10|stop",battery_cr2032,mat,10.0,1,0,0,0,0,0,1,1,0,1,0,,
"cloche|backstop=None,clearance_mm=1.0,drop_speed_mm_s=5.0,lift_mm=3.0,retreat=0|v10|stop",battery_cr2032,mat,15.0,1,0,0,0,0,1,0,0,0,0,0,,
"cloche|backstop=None,clearance_mm=1.0,drop_speed_mm_s=5.0,lift_mm=3.0,retreat=0|v10|stop",bead,flooring,0.0,1,1,0,0,0,0,0,1,0,1,0,5.04,0.00
"cloche|backstop=None,clearance_mm=1.0,drop_speed_mm_s=5.0,lift_mm=3.0,retreat=0|v10|stop",bead,flooring,5.0,1,1,0,0,0,0,0,1,0,1,0,5.03,5.00
"cloche|backstop=None,clearance_mm=1.0,drop_speed_mm_s=5.0,lift_mm=3.0,retreat=0|v10|stop",bead,flooring,10.0,1,1,0,0,0,0,0,1,0,1,0,5.04,10.00
"cloche|backstop=None,clearance_mm=1.0,drop_speed_mm_s=5.0,lift_mm=3.0,retreat=0|v10|stop",bead,flooring,15.0,1,1,0,0,0,0,0,1,1,0,1,4.99,10.44
"cloche|backstop=None,clearance_mm=1.0,drop_speed_mm_s=5.0,lift_mm=3.0,retreat=0|v10|stop",bead,mat,0.0,1,1,0,0,0,0,0,1,0,1,0,5.04,0.00
"cloche|backstop=None,clearance_mm=1.0,drop_speed_mm_s=5.0,lift_mm=3.0,retreat=0|v10|stop",bead,mat,5.0,1,1,0,0,0,0,0,1,0,1,0,5.03,5.00
"cloche|backstop=None,clearance_mm=1.0,drop_speed_mm_s=5.0,lift_mm=3.0,retreat=0|v10|stop",bead,mat,10.0,1,1,0,0,0,0,0,1,0,1,0,5.04,10.00
"cloche|backstop=None,clearance_mm=1.0,drop_speed_mm_s=5.0,lift_mm=3.0,retreat=0|v10|stop",bead,mat,15.0,1,1,0,0,0,0,0,1,1,0,1,4.39,8.44
"cloche|backstop=None,clearance_mm=1.0,drop_speed_mm_s=5.0,lift_mm=3.0,retreat=0|v10|stop",coin_1yen,flooring,0.0,1,1,0,0,0,0,0,1,0,1,0,11.04,0.00
"cloche|backstop=None,clearance_mm=1.0,drop_speed_mm_s=5.0,lift_mm=3.0,retreat=0|v10|stop",coin_1yen,flooring,5.0,1,1,0,0,0,0,0,1,0,1,0,11.03,5.00
"cloche|backstop=None,clearance_mm=1.0,drop_speed_mm_s=5.0,lift_mm=3.0,retreat=0|v10|stop",coin_1yen,flooring,10.0,1,1,0,0,0,0,0,1,0,1,0,11.03,10.00
"cloche|backstop=None,clearance_mm=1.0,drop_speed_mm_s=5.0,lift_mm=3.0,retreat=0|v10|stop",coin_1yen,flooring,15.0,1,1,0,0,0,0,0,1,0,1,0,11.03,15.00
"cloche|backstop=None,clearance_mm=1.0,drop_speed_mm_s=5.0,lift_mm=3.0,retreat=0|v10|stop",coin_1yen,mat,0.0,1,1,0,0,0,0,0,1,0,1,0,11.04,0.00
"cloche|backstop=None,clearance_mm=1.0,drop_speed_mm_s=5.0,lift_mm=3.0,retreat=0|v10|stop",coin_1yen,mat,5.0,1,1,0,0,0,0,0,1,0,1,0,11.03,5.00
"cloche|backstop=None,clearance_mm=1.0,drop_speed_mm_s=5.0,lift_mm=3.0,retreat=0|v10|stop",coin_1yen,mat,10.0,1,1,0,0,0,0,0,1,0,1,0,11.03,10.00
"cloche|backstop=None,clearance_mm=1.0,drop_speed_mm_s=5.0,lift_mm=3.0,retreat=0|v10|stop",coin_1yen,mat,15.0,1,1,0,0,0,0,0,1,0,1,0,11.03,15.00
"cloche|backstop=None,clearance_mm=1.0,drop_speed_mm_s=5.0,lift_mm=3.0,retreat=0|v10|stop",crumb_cube,flooring,0.0,1,1,0,0,0,0,0,1,0,1,0,8.10,0.00
"cloche|backstop=None,clearance_mm=1.0,drop_speed_mm_s=5.0,lift_mm=3.0,retreat=0|v10|stop",crumb_cube,flooring,5.0,1,1,0,0,0,0,0,1,0,1,0,8.11,5.00
"cloche|backstop=None,clearance_mm=1.0,drop_speed_mm_s=5.0,lift_mm=3.0,retreat=0|v10|stop",crumb_cube,flooring,10.0,1,1,0,0,0,0,0,1,1,0,1,8.10,8.97
"cloche|backstop=None,clearance_mm=1.0,drop_speed_mm_s=5.0,lift_mm=3.0,retreat=0|v10|stop",crumb_cube,flooring,15.0,1,1,0,0,0,0,0,1,1,0,1,8.10,9.16
"cloche|backstop=None,clearance_mm=1.0,drop_speed_mm_s=5.0,lift_mm=3.0,retreat=0|v10|stop",crumb_cube,mat,0.0,1,1,0,0,0,0,0,1,0,1,0,8.10,0.00
"cloche|backstop=None,clearance_mm=1.0,drop_speed_mm_s=5.0,lift_mm=3.0,retreat=0|v10|stop",crumb_cube,mat,5.0,1,1,0,0,0,0,0,1,0,1,0,8.11,5.00
"cloche|backstop=None,clearance_mm=1.0,drop_speed_mm_s=5.0,lift_mm=3.0,retreat=0|v10|stop",crumb_cube,mat,10.0,1,1,0,0,0,0,0,1,1,0,1,8.10,8.97
"cloche|backstop=None,clearance_mm=1.0,drop_speed_mm_s=5.0,lift_mm=3.0,retreat=0|v10|stop",crumb_cube,mat,15.0,1,1,0,0,0,0,0,1,1,0,1,8.10,9.16
"cloche|backstop=None,clearance_mm=1.0,drop_speed_mm_s=5.0,lift_mm=3.0,retreat=30|v10|stop",battery_cr2032,flooring,0.0,1,1,0,0,0,0,0,1,0,1,0,11.04,0.01
"cloche|backstop=None,clearance_mm=1.0,drop_speed_mm_s=5.0,lift_mm=3.0,retreat=30|v10|stop",battery_cr2032,flooring,5.0,1,1,0,0,0,0,0,1,0,1,0,11.03,5.00
"cloche|backstop=None,clearance_mm=1.0,drop_speed_mm_s=5.0,lift_mm=3.0,retreat=30|v10|stop",battery_cr2032,flooring,10.0,1,0,0,0,0,0,1,1,0,1,0,,
"cloche|backstop=None,clearance_mm=1.0,drop_speed_mm_s=5.0,lift_mm=3.0,retreat=30|v10|stop",battery_cr2032,flooring,15.0,1,0,0,0,0,1,0,0,0,0,0,,
"cloche|backstop=None,clearance_mm=1.0,drop_speed_mm_s=5.0,lift_mm=3.0,retreat=30|v10|stop",battery_cr2032,mat,0.0,1,1,0,0,0,0,0,1,0,1,0,11.03,0.01
"cloche|backstop=None,clearance_mm=1.0,drop_speed_mm_s=5.0,lift_mm=3.0,retreat=30|v10|stop",battery_cr2032,mat,5.0,1,1,0,0,0,0,0,1,0,1,0,11.03,5.00
"cloche|backstop=None,clearance_mm=1.0,drop_speed_mm_s=5.0,lift_mm=3.0,retreat=30|v10|stop",battery_cr2032,mat,10.0,1,0,0,0,0,0,1,1,0,1,0,,
"cloche|backstop=None,clearance_mm=1.0,drop_speed_mm_s=5.0,lift_mm=3.0,retreat=30|v10|stop",battery_cr2032,mat,15.0,1,0,0,0,0,1,0,0,0,0,0,,
"cloche|backstop=None,clearance_mm=1.0,drop_speed_mm_s=5.0,lift_mm=3.0,retreat=30|v10|stop",bead,flooring,0.0,1,1,0,0,0,0,0,1,0,1,0,5.04,0.00
"cloche|backstop=None,clearance_mm=1.0,drop_speed_mm_s=5.0,lift_mm=3.0,retreat=30|v10|stop",bead,flooring,5.0,1,1,0,0,0,0,0,1,0,1,0,5.03,5.00
"cloche|backstop=None,clearance_mm=1.0,drop_speed_mm_s=5.0,lift_mm=3.0,retreat=30|v10|stop",bead,flooring,10.0,1,1,0,0,0,0,0,1,0,1,0,5.04,10.00
"cloche|backstop=None,clearance_mm=1.0,drop_speed_mm_s=5.0,lift_mm=3.0,retreat=30|v10|stop",bead,flooring,15.0,1,1,0,0,0,0,0,1,1,0,1,4.99,10.44
"cloche|backstop=None,clearance_mm=1.0,drop_speed_mm_s=5.0,lift_mm=3.0,retreat=30|v10|stop",bead,mat,0.0,1,1,0,0,0,0,0,1,0,1,0,5.04,0.00
"cloche|backstop=None,clearance_mm=1.0,drop_speed_mm_s=5.0,lift_mm=3.0,retreat=30|v10|stop",bead,mat,5.0,1,1,0,0,0,0,0,1,0,1,0,5.03,5.00
"cloche|backstop=None,clearance_mm=1.0,drop_speed_mm_s=5.0,lift_mm=3.0,retreat=30|v10|stop",bead,mat,10.0,1,1,0,0,0,0,0,1,0,1,0,5.04,10.00
"cloche|backstop=None,clearance_mm=1.0,drop_speed_mm_s=5.0,lift_mm=3.0,retreat=30|v10|stop",bead,mat,15.0,1,1,0,0,0,0,0,1,1,0,1,4.39,8.44
"cloche|backstop=None,clearance_mm=1.0,drop_speed_mm_s=5.0,lift_mm=3.0,retreat=30|v10|stop",coin_1yen,flooring,0.0,1,1,0,0,0,0,0,1,0,1,0,11.04,0.00
"cloche|backstop=None,clearance_mm=1.0,drop_speed_mm_s=5.0,lift_mm=3.0,retreat=30|v10|stop",coin_1yen,flooring,5.0,1,1,0,0,0,0,0,1,0,1,0,11.03,5.00
"cloche|backstop=None,clearance_mm=1.0,drop_speed_mm_s=5.0,lift_mm=3.0,retreat=30|v10|stop",coin_1yen,flooring,10.0,1,1,0,0,0,0,0,1,0,1,0,11.03,10.00
"cloche|backstop=None,clearance_mm=1.0,drop_speed_mm_s=5.0,lift_mm=3.0,retreat=30|v10|stop",coin_1yen,flooring,15.0,1,0,0,1,0,0,0,1,0,1,0,11.03,15.00
"cloche|backstop=None,clearance_mm=1.0,drop_speed_mm_s=5.0,lift_mm=3.0,retreat=30|v10|stop",coin_1yen,mat,0.0,1,1,0,0,0,0,0,1,0,1,0,11.04,0.00
"cloche|backstop=None,clearance_mm=1.0,drop_speed_mm_s=5.0,lift_mm=3.0,retreat=30|v10|stop",coin_1yen,mat,5.0,1,1,0,0,0,0,0,1,0,1,0,11.03,5.00
"cloche|backstop=None,clearance_mm=1.0,drop_speed_mm_s=5.0,lift_mm=3.0,retreat=30|v10|stop",coin_1yen,mat,10.0,1,1,0,0,0,0,0,1,0,1,0,11.03,10.00
"cloche|backstop=None,clearance_mm=1.0,drop_speed_mm_s=5.0,lift_mm=3.0,retreat=30|v10|stop",coin_1yen,mat,15.0,1,0,0,1,0,0,0,1,0,1,0,11.03,15.00
"cloche|backstop=None,clearance_mm=1.0,drop_speed_mm_s=5.0,lift_mm=3.0,retreat=30|v10|stop",crumb_cube,flooring,0.0,1,1,0,0,0,0,0,1,0,1,0,8.10,0.00
"cloche|backstop=None,clearance_mm=1.0,drop_speed_mm_s=5.0,lift_mm=3.0,retreat=30|v10|stop",crumb_cube,flooring,5.0,1,1,0,0,0,0,0,1,0,1,0,8.11,5.00
"cloche|backstop=None,clearance_mm=1.0,drop_speed_mm_s=5.0,lift_mm=3.0,retreat=30|v10|stop",crumb_cube,flooring,10.0,1,1,0,0,0,0,0,1,1,0,1,8.10,8.97
"cloche|backstop=None,clearance_mm=1.0,drop_speed_mm_s=5.0,lift_mm=3.0,retreat=30|v10|stop",crumb_cube,flooring,15.0,1,1,0,0,0,0,0,1,1,0,1,8.10,9.16
"cloche|backstop=None,clearance_mm=1.0,drop_speed_mm_s=5.0,lift_mm=3.0,retreat=30|v10|stop",crumb_cube,mat,0.0,1,1,0,0,0,0,0,1,0,1,0,8.10,0.00
"cloche|backstop=None,clearance_mm=1.0,drop_speed_mm_s=5.0,lift_mm=3.0,retreat=30|v10|stop",crumb_cube,mat,5.0,1,1,0,0,0,0,0,1,0,1,0,8.11,5.00
"cloche|backstop=None,clearance_mm=1.0,drop_speed_mm_s=5.0,lift_mm=3.0,retreat=30|v10|stop",crumb_cube,mat,10.0,1,1,0,0,0,0,0,1,1,0,1,8.10,8.97
"cloche|backstop=None,clearance_mm=1.0,drop_speed_mm_s=5.0,lift_mm=3.0,retreat=30|v10|stop",crumb_cube,mat,15.0,1,1,0,0,0,0,0,1,1,0,1,8.10,9.16
"cloche|backstop=None,clearance_mm=1.0,drop_speed_mm_s=5.0,lift_mm=5.0,retreat=-30|v10|stop",battery_cr2032,flooring,0.0,1,1,0,0,0,0,0,1,0,1,0,11.04,0.01
"cloche|backstop=None,clearance_mm=1.0,drop_speed_mm_s=5.0,lift_mm=5.0,retreat=-30|v10|stop",battery_cr2032,flooring,5.0,1,1,0,0,0,0,0,1,0,1,0,11.03,5.00
"cloche|backstop=None,clearance_mm=1.0,drop_speed_mm_s=5.0,lift_mm=5.0,retreat=-30|v10|stop",battery_cr2032,flooring,10.0,1,0,0,0,0,0,1,1,0,1,0,,
"cloche|backstop=None,clearance_mm=1.0,drop_speed_mm_s=5.0,lift_mm=5.0,retreat=-30|v10|stop",battery_cr2032,flooring,15.0,1,0,0,0,0,1,0,0,0,0,0,,
"cloche|backstop=None,clearance_mm=1.0,drop_speed_mm_s=5.0,lift_mm=5.0,retreat=-30|v10|stop",battery_cr2032,mat,0.0,1,1,0,0,0,0,0,1,0,1,0,11.03,0.01
"cloche|backstop=None,clearance_mm=1.0,drop_speed_mm_s=5.0,lift_mm=5.0,retreat=-30|v10|stop",battery_cr2032,mat,5.0,1,1,0,0,0,0,0,1,0,1,0,11.03,5.00
"cloche|backstop=None,clearance_mm=1.0,drop_speed_mm_s=5.0,lift_mm=5.0,retreat=-30|v10|stop",battery_cr2032,mat,10.0,1,0,0,0,0,0,1,1,0,1,0,,
"cloche|backstop=None,clearance_mm=1.0,drop_speed_mm_s=5.0,lift_mm=5.0,retreat=-30|v10|stop",battery_cr2032,mat,15.0,1,0,0,0,0,1,0,0,0,0,0,,
"cloche|backstop=None,clearance_mm=1.0,drop_speed_mm_s=5.0,lift_mm=5.0,retreat=-30|v10|stop",bead,flooring,0.0,1,1,0,0,0,0,0,1,0,1,0,5.04,0.00
"cloche|backstop=None,clearance_mm=1.0,drop_speed_mm_s=5.0,lift_mm=5.0,retreat=-30|v10|stop",bead,flooring,5.0,1,1,0,0,0,0,0,1,0,1,0,5.03,5.00
"cloche|backstop=None,clearance_mm=1.0,drop_speed_mm_s=5.0,lift_mm=5.0,retreat=-30|v10|stop",bead,flooring,10.0,1,1,0,0,0,0,0,1,0,1,0,5.04,10.00
"cloche|backstop=None,clearance_mm=1.0,drop_speed_mm_s=5.0,lift_mm=5.0,retreat=-30|v10|stop",bead,flooring,15.0,1,1,0,0,0,0,0,1,1,0,1,4.98,10.63
"cloche|backstop=None,clearance_mm=1.0,drop_speed_mm_s=5.0,lift_mm=5.0,retreat=-30|v10|stop",bead,mat,0.0,1,1,0,0,0,0,0,1,0,1,0,5.04,0.00
"cloche|backstop=None,clearance_mm=1.0,drop_speed_mm_s=5.0,lift_mm=5.0,retreat=-30|v10|stop",bead,mat,5.0,1,1,0,0,0,0,0,1,0,1,0,5.03,5.00
"cloche|backstop=None,clearance_mm=1.0,drop_speed_mm_s=5.0,lift_mm=5.0,retreat=-30|v10|stop",bead,mat,10.0,1,1,0,0,0,0,0,1,0,1,0,5.04,10.00
"cloche|backstop=None,clearance_mm=1.0,drop_speed_mm_s=5.0,lift_mm=5.0,retreat=-30|v10|stop",bead,mat,15.0,1,1,0,0,0,0,0,1,1,0,1,4.35,9.93
"cloche|backstop=None,clearance_mm=1.0,drop_speed_mm_s=5.0,lift_mm=5.0,retreat=-30|v10|stop",coin_1yen,flooring,0.0,1,1,0,0,0,0,0,1,0,1,0,11.04,0.00
"cloche|backstop=None,clearance_mm=1.0,drop_speed_mm_s=5.0,lift_mm=5.0,retreat=-30|v10|stop",coin_1yen,flooring,5.0,1,1,0,0,0,0,0,1,0,1,0,11.03,5.00
"cloche|backstop=None,clearance_mm=1.0,drop_speed_mm_s=5.0,lift_mm=5.0,retreat=-30|v10|stop",coin_1yen,flooring,10.0,1,1,0,0,0,0,0,1,0,1,0,11.03,10.00
"cloche|backstop=None,clearance_mm=1.0,drop_speed_mm_s=5.0,lift_mm=5.0,retreat=-30|v10|stop",coin_1yen,flooring,15.0,1,0,0,1,0,0,0,1,0,1,0,11.03,15.00
"cloche|backstop=None,clearance_mm=1.0,drop_speed_mm_s=5.0,lift_mm=5.0,retreat=-30|v10|stop",coin_1yen,mat,0.0,1,1,0,0,0,0,0,1,0,1,0,11.04,0.00
"cloche|backstop=None,clearance_mm=1.0,drop_speed_mm_s=5.0,lift_mm=5.0,retreat=-30|v10|stop",coin_1yen,mat,5.0,1,1,0,0,0,0,0,1,0,1,0,11.03,5.00
"cloche|backstop=None,clearance_mm=1.0,drop_speed_mm_s=5.0,lift_mm=5.0,retreat=-30|v10|stop",coin_1yen,mat,10.0,1,1,0,0,0,0,0,1,0,1,0,11.03,10.00
"cloche|backstop=None,clearance_mm=1.0,drop_speed_mm_s=5.0,lift_mm=5.0,retreat=-30|v10|stop",coin_1yen,mat,15.0,1,0,0,1,0,0,0,1,0,1,0,11.03,15.00
"cloche|backstop=None,clearance_mm=1.0,drop_speed_mm_s=5.0,lift_mm=5.0,retreat=-30|v10|stop",crumb_cube,flooring,0.0,1,1,0,0,0,0,0,1,0,1,0,8.10,0.00
"cloche|backstop=None,clearance_mm=1.0,drop_speed_mm_s=5.0,lift_mm=5.0,retreat=-30|v10|stop",crumb_cube,flooring,5.0,1,1,0,0,0,0,0,1,0,1,0,8.11,5.00
"cloche|backstop=None,clearance_mm=1.0,drop_speed_mm_s=5.0,lift_mm=5.0,retreat=-30|v10|stop",crumb_cube,flooring,10.0,1,1,0,0,0,0,0,1,1,0,1,8.11,9.04
"cloche|backstop=None,clearance_mm=1.0,drop_speed_mm_s=5.0,lift_mm=5.0,retreat=-30|v10|stop",crumb_cube,flooring,15.0,1,1,0,0,0,0,0,1,1,0,1,8.11,9.30
"cloche|backstop=None,clearance_mm=1.0,drop_speed_mm_s=5.0,lift_mm=5.0,retreat=-30|v10|stop",crumb_cube,mat,0.0,1,1,0,0,0,0,0,1,0,1,0,8.10,0.00
"cloche|backstop=None,clearance_mm=1.0,drop_speed_mm_s=5.0,lift_mm=5.0,retreat=-30|v10|stop",crumb_cube,mat,5.0,1,1,0,0,0,0,0,1,0,1,0,8.11,5.00
"cloche|backstop=None,clearance_mm=1.0,drop_speed_mm_s=5.0,lift_mm=5.0,retreat=-30|v10|stop",crumb_cube,mat,10.0,1,1,0,0,0,0,0,1,1,0,1,8.11,9.04
"cloche|backstop=None,clearance_mm=1.0,drop_speed_mm_s=5.0,lift_mm=5.0,retreat=-30|v10|stop",crumb_cube,mat,15.0,1,1,0,0,0,0,0,1,1,0,1,8.11,9.30
"cloche|backstop=None,clearance_mm=1.0,drop_speed_mm_s=5.0,lift_mm=5.0,retreat=0|v10|stop",battery_cr2032,flooring,0.0,1,1,0,0,0,0,0,1,0,1,0,11.04,0.01
"cloche|backstop=None,clearance_mm=1.0,drop_speed_mm_s=5.0,lift_mm=5.0,retreat=0|v10|stop",battery_cr2032,flooring,5.0,1,1,0,0,0,0,0,1,0,1,0,11.03,5.00
"cloche|backstop=None,clearance_mm=1.0,drop_speed_mm_s=5.0,lift_mm=5.0,retreat=0|v10|stop",battery_cr2032,flooring,10.0,1,0,0,0,0,0,1,1,0,1,0,,
"cloche|backstop=None,clearance_mm=1.0,drop_speed_mm_s=5.0,lift_mm=5.0,retreat=0|v10|stop",battery_cr2032,flooring,15.0,1,0,0,0,0,1,0,0,0,0,0,,
"cloche|backstop=None,clearance_mm=1.0,drop_speed_mm_s=5.0,lift_mm=5.0,retreat=0|v10|stop",battery_cr2032,mat,0.0,1,1,0,0,0,0,0,1,0,1,0,11.03,0.01
"cloche|backstop=None,clearance_mm=1.0,drop_speed_mm_s=5.0,lift_mm=5.0,retreat=0|v10|stop",battery_cr2032,mat,5.0,1,1,0,0,0,0,0,1,0,1,0,11.03,5.00
"cloche|backstop=None,clearance_mm=1.0,drop_speed_mm_s=5.0,lift_mm=5.0,retreat=0|v10|stop",battery_cr2032,mat,10.0,1,0,0,0,0,0,1,1,0,1,0,,
"cloche|backstop=None,clearance_mm=1.0,drop_speed_mm_s=5.0,lift_mm=5.0,retreat=0|v10|stop",battery_cr2032,mat,15.0,1,0,0,0,0,1,0,0,0,0,0,,
"cloche|backstop=None,clearance_mm=1.0,drop_speed_mm_s=5.0,lift_mm=5.0,retreat=0|v10|stop",bead,flooring,0.0,1,1,0,0,0,0,0,1,0,1,0,5.04,0.00
"cloche|backstop=None,clearance_mm=1.0,drop_speed_mm_s=5.0,lift_mm=5.0,retreat=0|v10|stop",bead,flooring,5.0,1,1,0,0,0,0,0,1,0,1,0,5.03,5.00
"cloche|backstop=None,clearance_mm=1.0,drop_speed_mm_s=5.0,lift_mm=5.0,retreat=0|v10|stop",bead,flooring,10.0,1,1,0,0,0,0,0,1,0,1,0,5.04,10.00
"cloche|backstop=None,clearance_mm=1.0,drop_speed_mm_s=5.0,lift_mm=5.0,retreat=0|v10|stop",bead,flooring,15.0,1,1,0,0,0,0,0,1,1,0,1,4.98,10.63
"cloche|backstop=None,clearance_mm=1.0,drop_speed_mm_s=5.0,lift_mm=5.0,retreat=0|v10|stop",bead,mat,0.0,1,1,0,0,0,0,0,1,0,1,0,5.04,0.00
"cloche|backstop=None,clearance_mm=1.0,drop_speed_mm_s=5.0,lift_mm=5.0,retreat=0|v10|stop",bead,mat,5.0,1,1,0,0,0,0,0,1,0,1,0,5.03,5.00
"cloche|backstop=None,clearance_mm=1.0,drop_speed_mm_s=5.0,lift_mm=5.0,retreat=0|v10|stop",bead,mat,10.0,1,1,0,0,0,0,0,1,0,1,0,5.04,10.00
"cloche|backstop=None,clearance_mm=1.0,drop_speed_mm_s=5.0,lift_mm=5.0,retreat=0|v10|stop",bead,mat,15.0,1,1,0,0,0,0,0,1,1,0,1,4.35,9.93
"cloche|backstop=None,clearance_mm=1.0,drop_speed_mm_s=5.0,lift_mm=5.0,retreat=0|v10|stop",coin_1yen,flooring,0.0,1,1,0,0,0,0,0,1,0,1,0,11.04,0.00
"cloche|backstop=None,clearance_mm=1.0,drop_speed_mm_s=5.0,lift_mm=5.0,retreat=0|v10|stop",coin_1yen,flooring,5.0,1,1,0,0,0,0,0,1,0,1,0,11.03,5.00
"cloche|backstop=None,clearance_mm=1.0,drop_speed_mm_s=5.0,lift_mm=5.0,retreat=0|v10|stop",coin_1yen,flooring,10.0,1,1,0,0,0,0,0,1,0,1,0,11.03,10.00
"cloche|backstop=None,clearance_mm=1.0,drop_speed_mm_s=5.0,lift_mm=5.0,retreat=0|v10|stop",coin_1yen,flooring,15.0,1,1,0,0,0,0,0,1,0,1,0,11.03,15.00
"cloche|backstop=None,clearance_mm=1.0,drop_speed_mm_s=5.0,lift_mm=5.0,retreat=0|v10|stop",coin_1yen,mat,0.0,1,1,0,0,0,0,0,1,0,1,0,11.04,0.00
"cloche|backstop=None,clearance_mm=1.0,drop_speed_mm_s=5.0,lift_mm=5.0,retreat=0|v10|stop",coin_1yen,mat,5.0,1,1,0,0,0,0,0,1,0,1,0,11.03,5.00
"cloche|backstop=None,clearance_mm=1.0,drop_speed_mm_s=5.0,lift_mm=5.0,retreat=0|v10|stop",coin_1yen,mat,10.0,1,1,0,0,0,0,0,1,0,1,0,11.03,10.00
"cloche|backstop=None,clearance_mm=1.0,drop_speed_mm_s=5.0,lift_mm=5.0,retreat=0|v10|stop",coin_1yen,mat,15.0,1,1,0,0,0,0,0,1,0,1,0,11.03,15.00
"cloche|backstop=None,clearance_mm=1.0,drop_speed_mm_s=5.0,lift_mm=5.0,retreat=0|v10|stop",crumb_cube,flooring,0.0,1,1,0,0,0,0,0,1,0,1,0,8.10,0.00
"cloche|backstop=None,clearance_mm=1.0,drop_speed_mm_s=5.0,lift_mm=5.0,retreat=0|v10|stop",crumb_cube,flooring,5.0,1,1,0,0,0,0,0,1,0,1,0,8.11,5.00
"cloche|backstop=None,clearance_mm=1.0,drop_speed_mm_s=5.0,lift_mm=5.0,retreat=0|v10|stop",crumb_cube,flooring,10.0,1,1,0,0,0,0,0,1,1,0,1,8.11,9.04
"cloche|backstop=None,clearance_mm=1.0,drop_speed_mm_s=5.0,lift_mm=5.0,retreat=0|v10|stop",crumb_cube,flooring,15.0,1,1,0,0,0,0,0,1,1,0,1,8.11,9.30
"cloche|backstop=None,clearance_mm=1.0,drop_speed_mm_s=5.0,lift_mm=5.0,retreat=0|v10|stop",crumb_cube,mat,0.0,1,1,0,0,0,0,0,1,0,1,0,8.10,0.00
"cloche|backstop=None,clearance_mm=1.0,drop_speed_mm_s=5.0,lift_mm=5.0,retreat=0|v10|stop",crumb_cube,mat,5.0,1,1,0,0,0,0,0,1,0,1,0,8.11,5.00
"cloche|backstop=None,clearance_mm=1.0,drop_speed_mm_s=5.0,lift_mm=5.0,retreat=0|v10|stop",crumb_cube,mat,10.0,1,1,0,0,0,0,0,1,1,0,1,8.11,9.04
"cloche|backstop=None,clearance_mm=1.0,drop_speed_mm_s=5.0,lift_mm=5.0,retreat=0|v10|stop",crumb_cube,mat,15.0,1,1,0,0,0,0,0,1,1,0,1,8.11,9.30
"cloche|backstop=None,clearance_mm=1.0,drop_speed_mm_s=5.0,lift_mm=5.0,retreat=30|v10|stop",battery_cr2032,flooring,0.0,1,1,0,0,0,0,0,1,0,1,0,11.04,0.01
"cloche|backstop=None,clearance_mm=1.0,drop_speed_mm_s=5.0,lift_mm=5.0,retreat=30|v10|stop",battery_cr2032,flooring,5.0,1,1,0,0,0,0,0,1,0,1,0,11.03,5.00
"cloche|backstop=None,clearance_mm=1.0,drop_speed_mm_s=5.0,lift_mm=5.0,retreat=30|v10|stop",battery_cr2032,flooring,10.0,1,0,0,0,0,0,1,1,0,1,0,,
"cloche|backstop=None,clearance_mm=1.0,drop_speed_mm_s=5.0,lift_mm=5.0,retreat=30|v10|stop",battery_cr2032,flooring,15.0,1,0,0,0,0,1,0,0,0,0,0,,
"cloche|backstop=None,clearance_mm=1.0,drop_speed_mm_s=5.0,lift_mm=5.0,retreat=30|v10|stop",battery_cr2032,mat,0.0,1,1,0,0,0,0,0,1,0,1,0,11.03,0.01
"cloche|backstop=None,clearance_mm=1.0,drop_speed_mm_s=5.0,lift_mm=5.0,retreat=30|v10|stop",battery_cr2032,mat,5.0,1,1,0,0,0,0,0,1,0,1,0,11.03,5.00
"cloche|backstop=None,clearance_mm=1.0,drop_speed_mm_s=5.0,lift_mm=5.0,retreat=30|v10|stop",battery_cr2032,mat,10.0,1,0,0,0,0,0,1,1,0,1,0,,
"cloche|backstop=None,clearance_mm=1.0,drop_speed_mm_s=5.0,lift_mm=5.0,retreat=30|v10|stop",battery_cr2032,mat,15.0,1,0,0,0,0,1,0,0,0,0,0,,
"cloche|backstop=None,clearance_mm=1.0,drop_speed_mm_s=5.0,lift_mm=5.0,retreat=30|v10|stop",bead,flooring,0.0,1,1,0,0,0,0,0,1,0,1,0,5.04,0.00
"cloche|backstop=None,clearance_mm=1.0,drop_speed_mm_s=5.0,lift_mm=5.0,retreat=30|v10|stop",bead,flooring,5.0,1,1,0,0,0,0,0,1,0,1,0,5.03,5.00
"cloche|backstop=None,clearance_mm=1.0,drop_speed_mm_s=5.0,lift_mm=5.0,retreat=30|v10|stop",bead,flooring,10.0,1,1,0,0,0,0,0,1,0,1,0,5.04,10.00
"cloche|backstop=None,clearance_mm=1.0,drop_speed_mm_s=5.0,lift_mm=5.0,retreat=30|v10|stop",bead,flooring,15.0,1,1,0,0,0,0,0,1,1,0,1,4.98,10.63
"cloche|backstop=None,clearance_mm=1.0,drop_speed_mm_s=5.0,lift_mm=5.0,retreat=30|v10|stop",bead,mat,0.0,1,1,0,0,0,0,0,1,0,1,0,5.04,0.00
"cloche|backstop=None,clearance_mm=1.0,drop_speed_mm_s=5.0,lift_mm=5.0,retreat=30|v10|stop",bead,mat,5.0,1,1,0,0,0,0,0,1,0,1,0,5.03,5.00
"cloche|backstop=None,clearance_mm=1.0,drop_speed_mm_s=5.0,lift_mm=5.0,retreat=30|v10|stop",bead,mat,10.0,1,1,0,0,0,0,0,1,0,1,0,5.04,10.00
"cloche|backstop=None,clearance_mm=1.0,drop_speed_mm_s=5.0,lift_mm=5.0,retreat=30|v10|stop",bead,mat,15.0,1,1,0,0,0,0,0,1,1,0,1,4.35,9.93
"cloche|backstop=None,clearance_mm=1.0,drop_speed_mm_s=5.0,lift_mm=5.0,retreat=30|v10|stop",coin_1yen,flooring,0.0,1,1,0,0,0,0,0,1,0,1,0,11.04,0.00
"cloche|backstop=None,clearance_mm=1.0,drop_speed_mm_s=5.0,lift_mm=5.0,retreat=30|v10|stop",coin_1yen,flooring,5.0,1,1,0,0,0,0,0,1,0,1,0,11.03,5.00
"cloche|backstop=None,clearance_mm=1.0,drop_speed_mm_s=5.0,lift_mm=5.0,retreat=30|v10|stop",coin_1yen,flooring,10.0,1,1,0,0,0,0,0,1,0,1,0,11.03,10.00
"cloche|backstop=None,clearance_mm=1.0,drop_speed_mm_s=5.0,lift_mm=5.0,retreat=30|v10|stop",coin_1yen,flooring,15.0,1,0,0,1,0,0,0,1,0,1,0,11.03,15.00
"cloche|backstop=None,clearance_mm=1.0,drop_speed_mm_s=5.0,lift_mm=5.0,retreat=30|v10|stop",coin_1yen,mat,0.0,1,1,0,0,0,0,0,1,0,1,0,11.04,0.00
"cloche|backstop=None,clearance_mm=1.0,drop_speed_mm_s=5.0,lift_mm=5.0,retreat=30|v10|stop",coin_1yen,mat,5.0,1,1,0,0,0,0,0,1,0,1,0,11.03,5.00
"cloche|backstop=None,clearance_mm=1.0,drop_speed_mm_s=5.0,lift_mm=5.0,retreat=30|v10|stop",coin_1yen,mat,10.0,1,1,0,0,0,0,0,1,0,1,0,11.03,10.00
"cloche|backstop=None,clearance_mm=1.0,drop_speed_mm_s=5.0,lift_mm=5.0,retreat=30|v10|stop",coin_1yen,mat,15.0,1,0,0,1,0,0,0,1,0,1,0,11.03,15.00
"cloche|backstop=None,clearance_mm=1.0,drop_speed_mm_s=5.0,lift_mm=5.0,retreat=30|v10|stop",crumb_cube,flooring,0.0,1,1,0,0,0,0,0,1,0,1,0,8.10,0.00
"cloche|backstop=None,clearance_mm=1.0,drop_speed_mm_s=5.0,lift_mm=5.0,retreat=30|v10|stop",crumb_cube,flooring,5.0,1,1,0,0,0,0,0,1,0,1,0,8.11,5.00
"cloche|backstop=None,clearance_mm=1.0,drop_speed_mm_s=5.0,lift_mm=5.0,retreat=30|v10|stop",crumb_cube,flooring,10.0,1,1,0,0,0,0,0,1,1,0,1,8.11,9.04
"cloche|backstop=None,clearance_mm=1.0,drop_speed_mm_s=5.0,lift_mm=5.0,retreat=30|v10|stop",crumb_cube,flooring,15.0,1,1,0,0,0,0,0,1,1,0,1,8.11,9.30
"cloche|backstop=None,clearance_mm=1.0,drop_speed_mm_s=5.0,lift_mm=5.0,retreat=30|v10|stop",crumb_cube,mat,0.0,1,1,0,0,0,0,0,1,0,1,0,8.10,0.00
"cloche|backstop=None,clearance_mm=1.0,drop_speed_mm_s=5.0,lift_mm=5.0,retreat=30|v10|stop",crumb_cube,mat,5.0,1,1,0,0,0,0,0,1,0,1,0,8.11,5.00
"cloche|backstop=None,clearance_mm=1.0,drop_speed_mm_s=5.0,lift_mm=5.0,retreat=30|v10|stop",crumb_cube,mat,10.0,1,1,0,0,0,0,0,1,1,0,1,8.11,9.04
"cloche|backstop=None,clearance_mm=1.0,drop_speed_mm_s=5.0,lift_mm=5.0,retreat=30|v10|stop",crumb_cube,mat,15.0,1,1,0,0,0,0,0,1,1,0,1,8.11,9.30
"cloche|backstop=None,clearance_mm=1.0,drop_speed_mm_s=5.0,lift_mm=8.0,retreat=-30|v10|stop",battery_cr2032,flooring,0.0,1,1,0,0,0,0,0,1,0,1,0,11.04,0.01
"cloche|backstop=None,clearance_mm=1.0,drop_speed_mm_s=5.0,lift_mm=8.0,retreat=-30|v10|stop",battery_cr2032,flooring,5.0,1,1,0,0,0,0,0,1,0,1,0,11.03,5.00
"cloche|backstop=None,clearance_mm=1.0,drop_speed_mm_s=5.0,lift_mm=8.0,retreat=-30|v10|stop",battery_cr2032,flooring,10.0,1,0,0,0,0,0,1,1,0,1,0,,
"cloche|backstop=None,clearance_mm=1.0,drop_speed_mm_s=5.0,lift_mm=8.0,retreat=-30|v10|stop",battery_cr2032,flooring,15.0,1,0,0,0,0,1,0,0,0,0,0,,
"cloche|backstop=None,clearance_mm=1.0,drop_speed_mm_s=5.0,lift_mm=8.0,retreat=-30|v10|stop",battery_cr2032,mat,0.0,1,1,0,0,0,0,0,1,0,1,0,11.03,0.01
"cloche|backstop=None,clearance_mm=1.0,drop_speed_mm_s=5.0,lift_mm=8.0,retreat=-30|v10|stop",battery_cr2032,mat,5.0,1,1,0,0,0,0,0,1,0,1,0,11.03,5.00
"cloche|backstop=None,clearance_mm=1.0,drop_speed_mm_s=5.0,lift_mm=8.0,retreat=-30|v10|stop",battery_cr2032,mat,10.0,1,0,0,0,0,0,1,1,0,1,0,,
"cloche|backstop=None,clearance_mm=1.0,drop_speed_mm_s=5.0,lift_mm=8.0,retreat=-30|v10|stop",battery_cr2032,mat,15.0,1,0,0,0,0,1,0,0,0,0,0,,
"cloche|backstop=None,clearance_mm=1.0,drop_speed_mm_s=5.0,lift_mm=8.0,retreat=-30|v10|stop",bead,flooring,0.0,1,1,0,0,0,0,0,1,0,1,0,5.04,0.00
"cloche|backstop=None,clearance_mm=1.0,drop_speed_mm_s=5.0,lift_mm=8.0,retreat=-30|v10|stop",bead,flooring,5.0,1,1,0,0,0,0,0,1,0,1,0,5.03,5.00
"cloche|backstop=None,clearance_mm=1.0,drop_speed_mm_s=5.0,lift_mm=8.0,retreat=-30|v10|stop",bead,flooring,10.0,1,1,0,0,0,0,0,1,0,1,0,5.04,10.00
"cloche|backstop=None,clearance_mm=1.0,drop_speed_mm_s=5.0,lift_mm=8.0,retreat=-30|v10|stop",bead,flooring,15.0,1,0,1,0,0,0,0,1,0,1,0,5.03,4.04
"cloche|backstop=None,clearance_mm=1.0,drop_speed_mm_s=5.0,lift_mm=8.0,retreat=-30|v10|stop",bead,mat,0.0,1,1,0,0,0,0,0,1,0,1,0,5.04,0.00
"cloche|backstop=None,clearance_mm=1.0,drop_speed_mm_s=5.0,lift_mm=8.0,retreat=-30|v10|stop",bead,mat,5.0,1,1,0,0,0,0,0,1,0,1,0,5.03,5.00
"cloche|backstop=None,clearance_mm=1.0,drop_speed_mm_s=5.0,lift_mm=8.0,retreat=-30|v10|stop",bead,mat,10.0,1,1,0,0,0,0,0,1,0,1,0,5.04,10.00
"cloche|backstop=None,clearance_mm=1.0,drop_speed_mm_s=5.0,lift_mm=8.0,retreat=-30|v10|stop",bead,mat,15.0,1,0,1,0,0,0,0,1,0,1,0,5.03,4.45
"cloche|backstop=None,clearance_mm=1.0,drop_speed_mm_s=5.0,lift_mm=8.0,retreat=-30|v10|stop",coin_1yen,flooring,0.0,1,1,0,0,0,0,0,1,0,1,0,11.04,0.00
"cloche|backstop=None,clearance_mm=1.0,drop_speed_mm_s=5.0,lift_mm=8.0,retreat=-30|v10|stop",coin_1yen,flooring,5.0,1,1,0,0,0,0,0,1,0,1,0,11.03,5.00
"cloche|backstop=None,clearance_mm=1.0,drop_speed_mm_s=5.0,lift_mm=8.0,retreat=-30|v10|stop",coin_1yen,flooring,10.0,1,1,0,0,0,0,0,1,0,1,0,11.03,10.00
"cloche|backstop=None,clearance_mm=1.0,drop_speed_mm_s=5.0,lift_mm=8.0,retreat=-30|v10|stop",coin_1yen,flooring,15.0,1,0,0,1,0,0,0,1,0,1,0,11.03,15.00
"cloche|backstop=None,clearance_mm=1.0,drop_speed_mm_s=5.0,lift_mm=8.0,retreat=-30|v10|stop",coin_1yen,mat,0.0,1,1,0,0,0,0,0,1,0,1,0,11.04,0.00
"cloche|backstop=None,clearance_mm=1.0,drop_speed_mm_s=5.0,lift_mm=8.0,retreat=-30|v10|stop",coin_1yen,mat,5.0,1,1,0,0,0,0,0,1,0,1,0,11.03,5.00
"cloche|backstop=None,clearance_mm=1.0,drop_speed_mm_s=5.0,lift_mm=8.0,retreat=-30|v10|stop",coin_1yen,mat,10.0,1,1,0,0,0,0,0,1,0,1,0,11.03,10.00
"cloche|backstop=None,clearance_mm=1.0,drop_speed_mm_s=5.0,lift_mm=8.0,retreat=-30|v10|stop",coin_1yen,mat,15.0,1,0,0,1,0,0,0,1,0,1,0,11.03,15.00
"cloche|backstop=None,clearance_mm=1.0,drop_speed_mm_s=5.0,lift_mm=8.0,retreat=-30|v10|stop",crumb_cube,flooring,0.0,1,1,0,0,0,0,0,1,0,1,0,8.10,0.00
"cloche|backstop=None,clearance_mm=1.0,drop_speed_mm_s=5.0,lift_mm=8.0,retreat=-30|v10|stop",crumb_cube,flooring,5.0,1,1,0,0,0,0,0,1,0,1,0,8.11,5.00
"cloche|backstop=None,clearance_mm=1.0,drop_speed_mm_s=5.0,lift_mm=8.0,retreat=-30|v10|stop",crumb_cube,flooring,10.0,1,1,0,0,0,0,0,1,1,0,1,8.11,9.14
"cloche|backstop=None,clearance_mm=1.0,drop_speed_mm_s=5.0,lift_mm=8.0,retreat=-30|v10|stop",crumb_cube,flooring,15.0,1,1,0,0,0,0,0,1,1,0,1,8.10,4.78
"cloche|backstop=None,clearance_mm=1.0,drop_speed_mm_s=5.0,lift_mm=8.0,retreat=-30|v10|stop",crumb_cube,mat,0.0,1,1,0,0,0,0,0,1,0,1,0,8.10,0.00
"cloche|backstop=None,clearance_mm=1.0,drop_speed_mm_s=5.0,lift_mm=8.0,retreat=-30|v10|stop",crumb_cube,mat,5.0,1,1,0,0,0,0,0,1,0,1,0,8.11,5.00
"cloche|backstop=None,clearance_mm=1.0,drop_speed_mm_s=5.0,lift_mm=8.0,retreat=-30|v10|stop",crumb_cube,mat,10.0,1,1,0,0,0,0,0,1,1,0,1,8.11,9.14
"cloche|backstop=None,clearance_mm=1.0,drop_speed_mm_s=5.0,lift_mm=8.0,retreat=-30|v10|stop",crumb_cube,mat,15.0,1,1,0,0,0,0,0,1,1,0,1,8.10,4.78
"cloche|backstop=None,clearance_mm=1.0,drop_speed_mm_s=5.0,lift_mm=8.0,retreat=0|v10|stop",battery_cr2032,flooring,0.0,1,1,0,0,0,0,0,1,0,1,0,11.04,0.01
"cloche|backstop=None,clearance_mm=1.0,drop_speed_mm_s=5.0,lift_mm=8.0,retreat=0|v10|stop",battery_cr2032,flooring,5.0,1,1,0,0,0,0,0,1,0,1,0,11.03,5.00
"cloche|backstop=None,clearance_mm=1.0,drop_speed_mm_s=5.0,lift_mm=8.0,retreat=0|v10|stop",battery_cr2032,flooring,10.0,1,0,0,0,0,0,1,1,0,1,0,,
"cloche|backstop=None,clearance_mm=1.0,drop_speed_mm_s=5.0,lift_mm=8.0,retreat=0|v10|stop",battery_cr2032,flooring,15.0,1,0,0,0,0,1,0,0,0,0,0,,
"cloche|backstop=None,clearance_mm=1.0,drop_speed_mm_s=5.0,lift_mm=8.0,retreat=0|v10|stop",battery_cr2032,mat,0.0,1,1,0,0,0,0,0,1,0,1,0,11.03,0.01
"cloche|backstop=None,clearance_mm=1.0,drop_speed_mm_s=5.0,lift_mm=8.0,retreat=0|v10|stop",battery_cr2032,mat,5.0,1,1,0,0,0,0,0,1,0,1,0,11.03,5.00
"cloche|backstop=None,clearance_mm=1.0,drop_speed_mm_s=5.0,lift_mm=8.0,retreat=0|v10|stop",battery_cr2032,mat,10.0,1,0,0,0,0,0,1,1,0,1,0,,
"cloche|backstop=None,clearance_mm=1.0,drop_speed_mm_s=5.0,lift_mm=8.0,retreat=0|v10|stop",battery_cr2032,mat,15.0,1,0,0,0,0,1,0,0,0,0,0,,
"cloche|backstop=None,clearance_mm=1.0,drop_speed_mm_s=5.0,lift_mm=8.0,retreat=0|v10|stop",bead,flooring,0.0,1,1,0,0,0,0,0,1,0,1,0,5.04,0.00
"cloche|backstop=None,clearance_mm=1.0,drop_speed_mm_s=5.0,lift_mm=8.0,retreat=0|v10|stop",bead,flooring,5.0,1,1,0,0,0,0,0,1,0,1,0,5.03,5.00
"cloche|backstop=None,clearance_mm=1.0,drop_speed_mm_s=5.0,lift_mm=8.0,retreat=0|v10|stop",bead,flooring,10.0,1,1,0,0,0,0,0,1,0,1,0,5.04,10.00
"cloche|backstop=None,clearance_mm=1.0,drop_speed_mm_s=5.0,lift_mm=8.0,retreat=0|v10|stop",bead,flooring,15.0,1,0,1,0,0,0,0,1,0,1,0,5.03,4.04
"cloche|backstop=None,clearance_mm=1.0,drop_speed_mm_s=5.0,lift_mm=8.0,retreat=0|v10|stop",bead,mat,0.0,1,1,0,0,0,0,0,1,0,1,0,5.04,0.00
"cloche|backstop=None,clearance_mm=1.0,drop_speed_mm_s=5.0,lift_mm=8.0,retreat=0|v10|stop",bead,mat,5.0,1,1,0,0,0,0,0,1,0,1,0,5.03,5.00
"cloche|backstop=None,clearance_mm=1.0,drop_speed_mm_s=5.0,lift_mm=8.0,retreat=0|v10|stop",bead,mat,10.0,1,1,0,0,0,0,0,1,0,1,0,5.04,10.00
"cloche|backstop=None,clearance_mm=1.0,drop_speed_mm_s=5.0,lift_mm=8.0,retreat=0|v10|stop",bead,mat,15.0,1,0,1,0,0,0,0,1,0,1,0,5.03,4.45
"cloche|backstop=None,clearance_mm=1.0,drop_speed_mm_s=5.0,lift_mm=8.0,retreat=0|v10|stop",coin_1yen,flooring,0.0,1,1,0,0,0,0,0,1,0,1,0,11.04,0.00
"cloche|backstop=None,clearance_mm=1.0,drop_speed_mm_s=5.0,lift_mm=8.0,retreat=0|v10|stop",coin_1yen,flooring,5.0,1,1,0,0,0,0,0,1,0,1,0,11.03,5.00
"cloche|backstop=None,clearance_mm=1.0,drop_speed_mm_s=5.0,lift_mm=8.0,retreat=0|v10|stop",coin_1yen,flooring,10.0,1,1,0,0,0,0,0,1,0,1,0,11.03,10.00
"cloche|backstop=None,clearance_mm=1.0,drop_speed_mm_s=5.0,lift_mm=8.0,retreat=0|v10|stop",coin_1yen,flooring,15.0,1,1,0,0,0,0,0,1,0,1,0,11.03,15.00
"cloche|backstop=None,clearance_mm=1.0,drop_speed_mm_s=5.0,lift_mm=8.0,retreat=0|v10|stop",coin_1yen,mat,0.0,1,1,0,0,0,0,0,1,0,1,0,11.04,0.00
"cloche|backstop=None,clearance_mm=1.0,drop_speed_mm_s=5.0,lift_mm=8.0,retreat=0|v10|stop",coin_1yen,mat,5.0,1,1,0,0,0,0,0,1,0,1,0,11.03,5.00
"cloche|backstop=None,clearance_mm=1.0,drop_speed_mm_s=5.0,lift_mm=8.0,retreat=0|v10|stop",coin_1yen,mat,10.0,1,1,0,0,0,0,0,1,0,1,0,11.03,10.00
"cloche|backstop=None,clearance_mm=1.0,drop_speed_mm_s=5.0,lift_mm=8.0,retreat=0|v10|stop",coin_1yen,mat,15.0,1,1,0,0,0,0,0,1,0,1,0,11.03,15.00
"cloche|backstop=None,clearance_mm=1.0,drop_speed_mm_s=5.0,lift_mm=8.0,retreat=0|v10|stop",crumb_cube,flooring,0.0,1,1,0,0,0,0,0,1,0,1,0,8.10,0.00
"cloche|backstop=None,clearance_mm=1.0,drop_speed_mm_s=5.0,lift_mm=8.0,retreat=0|v10|stop",crumb_cube,flooring,5.0,1,1,0,0,0,0,0,1,0,1,0,8.11,5.00
"cloche|backstop=None,clearance_mm=1.0,drop_speed_mm_s=5.0,lift_mm=8.0,retreat=0|v10|stop",crumb_cube,flooring,10.0,1,1,0,0,0,0,0,1,1,0,1,8.11,9.14
"cloche|backstop=None,clearance_mm=1.0,drop_speed_mm_s=5.0,lift_mm=8.0,retreat=0|v10|stop",crumb_cube,flooring,15.0,1,1,0,0,0,0,0,1,1,0,1,8.10,4.78
"cloche|backstop=None,clearance_mm=1.0,drop_speed_mm_s=5.0,lift_mm=8.0,retreat=0|v10|stop",crumb_cube,mat,0.0,1,1,0,0,0,0,0,1,0,1,0,8.10,0.00
"cloche|backstop=None,clearance_mm=1.0,drop_speed_mm_s=5.0,lift_mm=8.0,retreat=0|v10|stop",crumb_cube,mat,5.0,1,1,0,0,0,0,0,1,0,1,0,8.11,5.00
"cloche|backstop=None,clearance_mm=1.0,drop_speed_mm_s=5.0,lift_mm=8.0,retreat=0|v10|stop",crumb_cube,mat,10.0,1,1,0,0,0,0,0,1,1,0,1,8.11,9.14
"cloche|backstop=None,clearance_mm=1.0,drop_speed_mm_s=5.0,lift_mm=8.0,retreat=0|v10|stop",crumb_cube,mat,15.0,1,1,0,0,0,0,0,1,1,0,1,8.10,4.78
"cloche|backstop=None,clearance_mm=1.0,drop_speed_mm_s=5.0,lift_mm=8.0,retreat=30|v10|stop",battery_cr2032,flooring,0.0,1,1,0,0,0,0,0,1,0,1,0,11.04,0.01
"cloche|backstop=None,clearance_mm=1.0,drop_speed_mm_s=5.0,lift_mm=8.0,retreat=30|v10|stop",battery_cr2032,flooring,5.0,1,1,0,0,0,0,0,1,0,1,0,11.03,5.00
"cloche|backstop=None,clearance_mm=1.0,drop_speed_mm_s=5.0,lift_mm=8.0,retreat=30|v10|stop",battery_cr2032,flooring,10.0,1,0,0,0,0,0,1,1,0,1,0,,
"cloche|backstop=None,clearance_mm=1.0,drop_speed_mm_s=5.0,lift_mm=8.0,retreat=30|v10|stop",battery_cr2032,flooring,15.0,1,0,0,0,0,1,0,0,0,0,0,,
"cloche|backstop=None,clearance_mm=1.0,drop_speed_mm_s=5.0,lift_mm=8.0,retreat=30|v10|stop",battery_cr2032,mat,0.0,1,1,0,0,0,0,0,1,0,1,0,11.03,0.01
"cloche|backstop=None,clearance_mm=1.0,drop_speed_mm_s=5.0,lift_mm=8.0,retreat=30|v10|stop",battery_cr2032,mat,5.0,1,1,0,0,0,0,0,1,0,1,0,11.03,5.00
"cloche|backstop=None,clearance_mm=1.0,drop_speed_mm_s=5.0,lift_mm=8.0,retreat=30|v10|stop",battery_cr2032,mat,10.0,1,0,0,0,0,0,1,1,0,1,0,,
"cloche|backstop=None,clearance_mm=1.0,drop_speed_mm_s=5.0,lift_mm=8.0,retreat=30|v10|stop",battery_cr2032,mat,15.0,1,0,0,0,0,1,0,0,0,0,0,,
"cloche|backstop=None,clearance_mm=1.0,drop_speed_mm_s=5.0,lift_mm=8.0,retreat=30|v10|stop",bead,flooring,0.0,1,1,0,0,0,0,0,1,0,1,0,5.04,0.00
"cloche|backstop=None,clearance_mm=1.0,drop_speed_mm_s=5.0,lift_mm=8.0,retreat=30|v10|stop",bead,flooring,5.0,1,1,0,0,0,0,0,1,0,1,0,5.03,5.00
"cloche|backstop=None,clearance_mm=1.0,drop_speed_mm_s=5.0,lift_mm=8.0,retreat=30|v10|stop",bead,flooring,10.0,1,1,0,0,0,0,0,1,0,1,0,5.04,10.00
"cloche|backstop=None,clearance_mm=1.0,drop_speed_mm_s=5.0,lift_mm=8.0,retreat=30|v10|stop",bead,flooring,15.0,1,0,1,0,0,0,0,1,0,1,0,5.03,4.04
"cloche|backstop=None,clearance_mm=1.0,drop_speed_mm_s=5.0,lift_mm=8.0,retreat=30|v10|stop",bead,mat,0.0,1,1,0,0,0,0,0,1,0,1,0,5.04,0.00
"cloche|backstop=None,clearance_mm=1.0,drop_speed_mm_s=5.0,lift_mm=8.0,retreat=30|v10|stop",bead,mat,5.0,1,1,0,0,0,0,0,1,0,1,0,5.03,5.00
"cloche|backstop=None,clearance_mm=1.0,drop_speed_mm_s=5.0,lift_mm=8.0,retreat=30|v10|stop",bead,mat,10.0,1,1,0,0,0,0,0,1,0,1,0,5.04,10.00
"cloche|backstop=None,clearance_mm=1.0,drop_speed_mm_s=5.0,lift_mm=8.0,retreat=30|v10|stop",bead,mat,15.0,1,0,1,0,0,0,0,1,0,1,0,5.03,4.45
"cloche|backstop=None,clearance_mm=1.0,drop_speed_mm_s=5.0,lift_mm=8.0,retreat=30|v10|stop",coin_1yen,flooring,0.0,1,1,0,0,0,0,0,1,0,1,0,11.04,0.00
"cloche|backstop=None,clearance_mm=1.0,drop_speed_mm_s=5.0,lift_mm=8.0,retreat=30|v10|stop",coin_1yen,flooring,5.0,1,1,0,0,0,0,0,1,0,1,0,11.03,5.00
"cloche|backstop=None,clearance_mm=1.0,drop_speed_mm_s=5.0,lift_mm=8.0,retreat=30|v10|stop",coin_1yen,flooring,10.0,1,1,0,0,0,0,0,1,0,1,0,11.03,10.00
"cloche|backstop=None,clearance_mm=1.0,drop_speed_mm_s=5.0,lift_mm=8.0,retreat=30|v10|stop",coin_1yen,flooring,15.0,1,0,0,1,0,0,0,1,0,1,0,11.03,15.00
"cloche|backstop=None,clearance_mm=1.0,drop_speed_mm_s=5.0,lift_mm=8.0,retreat=30|v10|stop",coin_1yen,mat,0.0,1,1,0,0,0,0,0,1,0,1,0,11.04,0.00
"cloche|backstop=None,clearance_mm=1.0,drop_speed_mm_s=5.0,lift_mm=8.0,retreat=30|v10|stop",coin_1yen,mat,5.0,1,1,0,0,0,0,0,1,0,1,0,11.03,5.00
"cloche|backstop=None,clearance_mm=1.0,drop_speed_mm_s=5.0,lift_mm=8.0,retreat=30|v10|stop",coin_1yen,mat,10.0,1,1,0,0,0,0,0,1,0,1,0,11.03,10.00
"cloche|backstop=None,clearance_mm=1.0,drop_speed_mm_s=5.0,lift_mm=8.0,retreat=30|v10|stop",coin_1yen,mat,15.0,1,0,0,1,0,0,0,1,0,1,0,11.03,15.00
"cloche|backstop=None,clearance_mm=1.0,drop_speed_mm_s=5.0,lift_mm=8.0,retreat=30|v10|stop",crumb_cube,flooring,0.0,1,1,0,0,0,0,0,1,0,1,0,8.10,0.00
"cloche|backstop=None,clearance_mm=1.0,drop_speed_mm_s=5.0,lift_mm=8.0,retreat=30|v10|stop",crumb_cube,flooring,5.0,1,1,0,0,0,0,0,1,0,1,0,8.11,5.00
"cloche|backstop=None,clearance_mm=1.0,drop_speed_mm_s=5.0,lift_mm=8.0,retreat=30|v10|stop",crumb_cube,flooring,10.0,1,1,0,0,0,0,0,1,1,0,1,8.11,9.14
"cloche|backstop=None,clearance_mm=1.0,drop_speed_mm_s=5.0,lift_mm=8.0,retreat=30|v10|stop",crumb_cube,flooring,15.0,1,1,0,0,0,0,0,1,1,0,1,8.10,4.78
"cloche|backstop=None,clearance_mm=1.0,drop_speed_mm_s=5.0,lift_mm=8.0,retreat=30|v10|stop",crumb_cube,mat,0.0,1,1,0,0,0,0,0,1,0,1,0,8.10,0.00
"cloche|backstop=None,clearance_mm=1.0,drop_speed_mm_s=5.0,lift_mm=8.0,retreat=30|v10|stop",crumb_cube,mat,5.0,1,1,0,0,0,0,0,1,0,1,0,8.11,5.00
"cloche|backstop=None,clearance_mm=1.0,drop_speed_mm_s=5.0,lift_mm=8.0,retreat=30|v10|stop",crumb_cube,mat,10.0,1,1,0,0,0,0,0,1,1,0,1,8.11,9.14
"cloche|backstop=None,clearance_mm=1.0,drop_speed_mm_s=5.0,lift_mm=8.0,retreat=30|v10|stop",crumb_cube,mat,15.0,1,1,0,0,0,0,0,1,1,0,1,8.10,4.78
