tag,obj,floor,offset,n,success,knocked_in,escaped,pushed_ahead,not_entered,pinched,entered,wall_contact,entered_nowall,entered_wall,fire_x_mean_mm,fire_absy_mean_mm
"cloche|backstop=None,bump_mm=0.5,clearance_mm=0.0,drop_speed_mm_s=20.0,lift_mm=10.0,retreat=-30|v10|stop",battery_cr2032,flooring,0.0,1,1,0,0,0,0,0,1,0,1,0,11.04,0.04
"cloche|backstop=None,bump_mm=0.5,clearance_mm=0.0,drop_speed_mm_s=20.0,lift_mm=10.0,retreat=-30|v10|stop",battery_cr2032,flooring,5.0,1,0,0,0,0,0,1,1,0,1,0,,
"cloche|backstop=None,bump_mm=0.5,clearance_mm=0.0,drop_speed_mm_s=20.0,lift_mm=10.0,retreat=-30|v10|stop",battery_cr2032,flooring,10.0,1,0,0,0,0,0,1,1,0,1,0,,
"cloche|backstop=None,bump_mm=0.5,clearance_mm=0.0,drop_speed_mm_s=20.0,lift_mm=10.0,retreat=-30|v10|stop",battery_cr2032,flooring,15.0,1,0,0,0,0,0,1,1,0,1,0,,
"cloche|backstop=None,bump_mm=0.5,clearance_mm=0.0,drop_speed_mm_s=20.0,lift_mm=10.0,retreat=-30|v10|stop",battery_cr2032,mat,0.0,1,1,0,0,0,0,0,1,0,1,0,11.04,0.04
"cloche|backstop=None,bump_mm=0.5,clearance_mm=0.0,drop_speed_mm_s=20.0,lift_mm=10.0,retreat=-30|v10|stop",battery_cr2032,mat,5.0,1,0,0,0,0,0,1,1,0,1,0,,
"cloche|backstop=None,bump_mm=0.5,clearance_mm=0.0,drop_speed_mm_s=20.0,lift_mm=10.0,retreat=-30|v10|stop",battery_cr2032,mat,10.0,1,0,0,0,0,0,1,1,0,1,0,,
"cloche|backstop=None,bump_mm=0.5,clearance_mm=0.0,drop_speed_mm_s=20.0,lift_mm=10.0,retreat=-30|v10|stop",battery_cr2032,mat,15.0,1,0,0,0,0,0,1,1,0,1,0,,
"cloche|backstop=None,bump_mm=0.5,clearance_mm=0.0,drop_speed_mm_s=20.0,lift_mm=10.0,retreat=-30|v10|stop",bead,flooring,0.0,1,1,0,0,0,0,0,1,0,1,0,5.03,8.76
"cloche|backstop=None,bump_mm=0.5,clearance_mm=0.0,drop_speed_mm_s=20.0,lift_mm=10.0,retreat=-30|v10|stop",bead,flooring,5.0,1,1,0,0,0,0,0,1,0,1,0,5.04,1.25
"cloche|backstop=None,bump_mm=0.5,clearance_mm=0.0,drop_speed_mm_s=20.0,lift_mm=10.0,retreat=-30|v10|stop",bead,flooring,10.0,1,0,0,0,1,0,0,1,0,1,0,1.51,7.36
"cloche|backstop=None,bump_mm=0.5,clearance_mm=0.0,drop_speed_mm_s=20.0,lift_mm=10.0,retreat=-30|v10|stop",bead,flooring,15.0,1,0,0,0,0,1,0,0,0,0,0,,
"cloche|backstop=None,bump_mm=0.5,clearance_mm=0.0,drop_speed_mm_s=20.0,lift_mm=10.0,retreat=-30|v10|stop",bead,mat,0.0,1,1,0,0,0,0,0,1,0,1,0,5.03,8.76
"cloche|backstop=None,bump_mm=0.5,clearance_mm=0.0,drop_speed_mm_s=20.0,lift_mm=10.0,retreat=-30|v10|stop",bead,mat,5.0,1,1,0,0,0,0,0,1,0,1,0,5.04,1.25
"cloche|backstop=None,bump_mm=0.5,clearance_mm=0.0,drop_speed_mm_s=20.0,lift_mm=10.0,retreat=-30|v10|stop",bead,mat,10.0,1,1,0,0,0,0,0,1,0,1,0,5.04,6.22
"cloche|backstop=None,bump_mm=0.5,clearance_mm=0.0,drop_speed_mm_s=20.0,lift_mm=10.0,retreat=-30|v10|stop",bead,mat,15.0,1,0,0,0,1,0,0,1,0,1,0,0.88,6.50
"cloche|backstop=None,bump_mm=0.5,clearance_mm=0.0,drop_speed_mm_s=20.0,lift_mm=10.0,retreat=-30|v10|stop",coin_1yen,flooring,0.0,1,1,0,0,0,0,0,1,0,1,0,11.04,0.01
"cloche|backstop=None,bump_mm=0.5,clearance_mm=0.0,drop_speed_mm_s=20.0,lift_mm=10.0,retreat=-30|v10|stop",coin_1yen,flooring,5.0,1,1,0,0,0,0,0,1,0,1,0,11.04,4.84
"cloche|backstop=None,bump_mm=0.5,clearance_mm=0.0,drop_speed_mm_s=20.0,lift_mm=10.0,retreat=-30|v10|stop",coin_1yen,flooring,10.0,1,0,0,0,0,0,1,1,0,1,0,,
"cloche|backstop=None,bump_mm=0.5,clearance_mm=0.0,drop_speed_mm_s=20.0,lift_mm=10.0,retreat=-30|v10|stop",coin_1yen,flooring,15.0,1,0,0,0,0,0,1,1,0,1,0,,
"cloche|backstop=None,bump_mm=0.5,clearance_mm=0.0,drop_speed_mm_s=20.0,lift_mm=10.0,retreat=-30|v10|stop",coin_1yen,mat,0.0,1,1,0,0,0,0,0,1,0,1,0,11.04,0.01
"cloche|backstop=None,bump_mm=0.5,clearance_mm=0.0,drop_speed_mm_s=20.0,lift_mm=10.0,retreat=-30|v10|stop",coin_1yen,mat,5.0,1,1,0,0,0,0,0,1,0,1,0,11.38,4.78
"cloche|backstop=None,bump_mm=0.5,clearance_mm=0.0,drop_speed_mm_s=20.0,lift_mm=10.0,retreat=-30|v10|stop",coin_1yen,mat,10.0,1,0,0,0,0,0,1,1,0,1,0,,
"cloche|backstop=None,bump_mm=0.5,clearance_mm=0.0,drop_speed_mm_s=20.0,lift_mm=10.0,retreat=-30|v10|stop",coin_1yen,mat,15.0,1,0,0,0,0,0,1,1,0,1,0,,
"cloche|backstop=None,bump_mm=0.5,clearance_mm=0.0,drop_speed_mm_s=20.0,lift_mm=10.0,retreat=-30|v10|stop",crumb_cube,flooring,0.0,1,1,0,0,0,0,0,1,0,1,0,8.10,0.18
"cloche|backstop=None,bump_mm=0.5,clearance_mm=0.0,drop_speed_mm_s=20.0,lift_mm=10.0,retreat=-30|v10|stop",crumb_cube,flooring,5.0,1,1,0,0,0,0,0,1,0,1,0,8.11,5.12
"cloche|backstop=None,bump_mm=0.5,clearance_mm=0.0,drop_speed_mm_s=20.0,lift_mm=10.0,retreat=-30|v10|stop",crumb_cube,flooring,10.0,1,0,0,0,0,0,1,1,0,1,0,,
"cloche|backstop=None,bump_mm=0.5,clearance_mm=0.0,drop_speed_mm_s=20.0,lift_mm=10.0,retreat=-30|v10|stop",crumb_cube,flooring,15.0,1,1,0,0,0,0,0,1,1,0,1,8.10,4.94
"cloche|backstop=None,bump_mm=0.5,clearance_mm=0.0,drop_speed_mm_s=20.0,lift_mm=10.0,retreat=-30|v10|stop",crumb_cube,mat,0.0,1,1,0,0,0,0,0,1,0,1,0,8.10,0.18
"cloche|backstop=None,bump_mm=0.5,clearance_mm=0.0,drop_speed_mm_s=20.0,lift_mm=10.0,retreat=-30|v10|stop",crumb_cube,mat,5.0,1,1,0,0,0,0,0,1,0,1,0,8.11,5.12
"cloche|backstop=None,bump_mm=0.5,clearance_mm=0.0,drop_speed_mm_s=20.0,lift_mm=10.0,retreat=-30|v10|stop",crumb_cube,mat,10.0,1,0,0,0,0,0,1,1,0,1,0,,
"cloche|backstop=None,bump_mm=0.5,clearance_mm=0.0,drop_speed_mm_s=20.0,lift_mm=10.0,retreat=-30|v10|stop",crumb_cube,mat,15.0,1,1,0,0,0,0,0,1,1,0,1,8.10,4.94
"cloche|backstop=None,bump_mm=0.5,clearance_mm=0.0,drop_speed_mm_s=20.0,lift_mm=10.0,retreat=0|v10|stop",battery_cr2032,flooring,0.0,1,1,0,0,0,0,0,1,0,1,0,11.04,0.04
"cloche|backstop=None,bump_mm=0.5,clearance_mm=0.0,drop_speed_mm_s=20.0,lift_mm=10.0,retreat=0|v10|stop",battery_cr2032,flooring,5.0,1,0,0,0,0,0,1,1,0,1,0,,
"cloche|backstop=None,bump_mm=0.5,clearance_mm=0.0,drop_speed_mm_s=20.0,lift_mm=10.0,retreat=0|v10|stop",battery_cr2032,flooring,10.0,1,0,0,0,0,0,1,1,0,1,0,,
"cloche|backstop=None,bump_mm=0.5,clearance_mm=0.0,drop_speed_mm_s=20.0,lift_mm=10.0,retreat=0|v10|stop",battery_cr2032,flooring,15.0,1,0,0,0,0,0,1,1,0,1,0,,
"cloche|backstop=None,bump_mm=0.5,clearance_mm=0.0,drop_speed_mm_s=20.0,lift_mm=10.0,retreat=0|v10|stop",battery_cr2032,mat,0.0,1,1,0,0,0,0,0,1,0,1,0,11.04,0.04
"cloche|backstop=None,bump_mm=0.5,clearance_mm=0.0,drop_speed_mm_s=20.0,lift_mm=10.0,retreat=0|v10|stop",battery_cr2032,mat,5.0,1,0,0,0,0,0,1,1,0,1,0,,
"cloche|backstop=None,bump_mm=0.5,clearance_mm=0.0,drop_speed_mm_s=20.0,lift_mm=10.0,retreat=0|v10|stop",battery_cr2032,mat,10.0,1,0,0,0,0,0,1,1,0,1,0,,
"cloche|backstop=None,bump_mm=0.5,clearance_mm=0.0,drop_speed_mm_s=20.0,lift_mm=10.0,retreat=0|v10|stop",battery_cr2032,mat,15.0,1,0,0,0,0,0,1,1,0,1,0,,
"cloche|backstop=None,bump_mm=0.5,clearance_mm=0.0,drop_speed_mm_s=20.0,lift_mm=10.0,retreat=0|v10|stop",bead,flooring,0.0,1,1,0,0,0,0,0,1,0,1,0,5.03,8.76
"cloche|backstop=None,bump_mm=0.5,clearance_mm=0.0,drop_speed_mm_s=20.0,lift_mm=10.0,retreat=0|v10|stop",bead,flooring,5.0,1,1,0,0,0,0,0,1,0,1,0,5.04,1.25
"cloche|backstop=None,bump_mm=0.5,clearance_mm=0.0,drop_speed_mm_s=20.0,lift_mm=10.0,retreat=0|v10|stop",bead,flooring,10.0,1,0,0,0,1,0,0,1,0,1,0,1.51,7.36
"cloche|backstop=None,bump_mm=0.5,clearance_mm=0.0,drop_speed_mm_s=20.0,lift_mm=10.0,retreat=0|v10|stop",bead,flooring,15.0,1,0,0,0,0,1,0,0,0,0,0,,
"cloche|backstop=None,bump_mm=0.5,clearance_mm=0.0,drop_speed_mm_s=20.0,lift_mm=10.0,retreat=0|v10|stop",bead,mat,0.0,1,1,0,0,0,0,0,1,0,1,0,5.03,8.76
"cloche|backstop=None,bump_mm=0.5,clearance_mm=0.0,drop_speed_mm_s=20.0,lift_mm=10.0,retreat=0|v10|stop",bead,mat,5.0,1,1,0,0,0,0,0,1,0,1,0,5.04,1.25
"cloche|backstop=None,bump_mm=0.5,clearance_mm=0.0,drop_speed_mm_s=20.0,lift_mm=10.0,retreat=0|v10|stop",bead,mat,10.0,1,1,0,0,0,0,0,1,0,1,0,5.04,6.22
"cloche|backstop=None,bump_mm=0.5,clearance_mm=0.0,drop_speed_mm_s=20.0,lift_mm=10.0,retreat=0|v10|stop",bead,mat,15.0,1,0,0,0,1,0,0,1,0,1,0,0.88,6.50
"cloche|backstop=None,bump_mm=0.5,clearance_mm=0.0,drop_speed_mm_s=20.0,lift_mm=10.0,retreat=0|v10|stop",coin_1yen,flooring,0.0,1,1,0,0,0,0,0,1,0,1,0,11.04,0.01
"cloche|backstop=None,bump_mm=0.5,clearance_mm=0.0,drop_speed_mm_s=20.0,lift_mm=10.0,retreat=0|v10|stop",coin_1yen,flooring,5.0,1,1,0,0,0,0,0,1,0,1,0,11.04,4.84
"cloche|backstop=None,bump_mm=0.5,clearance_mm=0.0,drop_speed_mm_s=20.0,lift_mm=10.0,retreat=0|v10|stop",coin_1yen,flooring,10.0,1,0,0,0,0,0,1,1,0,1,0,,
"cloche|backstop=None,bump_mm=0.5,clearance_mm=0.0,drop_speed_mm_s=20.0,lift_mm=10.0,retreat=0|v10|stop",coin_1yen,flooring,15.0,1,0,0,0,0,0,1,1,0,1,0,,
"cloche|backstop=None,bump_mm=0.5,clearance_mm=0.0,drop_speed_mm_s=20.0,lift_mm=10.0,retreat=0|v10|stop",coin_1yen,mat,0.0,1,1,0,0,0,0,0,1,0,1,0,11.04,0.01
"cloche|backstop=None,bump_mm=0.5,clearance_mm=0.0,drop_speed_mm_s=20.0,lift_mm=10.0,retreat=0|v10|stop",coin_1yen,mat,5.0,1,1,0,0,0,0,0,1,0,1,0,11.38,4.78
"cloche|backstop=None,bump_mm=0.5,clearance_mm=0.0,drop_speed_mm_s=20.0,lift_mm=10.0,retreat=0|v10|stop",coin_1yen,mat,10.0,1,0,0,0,0,0,1,1,0,1,0,,
"cloche|backstop=None,bump_mm=0.5,clearance_mm=0.0,drop_speed_mm_s=20.0,lift_mm=10.0,retreat=0|v10|stop",coin_1yen,mat,15.0,1,0,0,0,0,0,1,1,0,1,0,,
"cloche|backstop=None,bump_mm=0.5,clearance_mm=0.0,drop_speed_mm_s=20.0,lift_mm=10.0,retreat=0|v10|stop",crumb_cube,flooring,0.0,1,1,0,0,0,0,0,1,0,1,0,8.10,0.18
"cloche|backstop=None,bump_mm=0.5,clearance_mm=0.0,drop_speed_mm_s=20.0,lift_mm=10.0,retreat=0|v10|stop",crumb_cube,flooring,5.0,1,1,0,0,0,0,0,1,0,1,0,8.11,5.12
"cloche|backstop=None,bump_mm=0.5,clearance_mm=0.0,drop_speed_mm_s=20.0,lift_mm=10.0,retreat=0|v10|stop",crumb_cube,flooring,10.0,1,0,0,0,0,0,1,1,0,1,0,,
"cloche|backstop=None,bump_mm=0.5,clearance_mm=0.0,drop_speed_mm_s=20.0,lift_mm=10.0,retreat=0|v10|stop",crumb_cube,flooring,15.0,1,1,0,0,0,0,0,1,1,0,1,8.10,4.94
"cloche|backstop=None,bump_mm=0.5,clearance_mm=0.0,drop_speed_mm_s=20.0,lift_mm=10.0,retreat=0|v10|stop",crumb_cube,mat,0.0,1,1,0,0,0,0,0,1,0,1,0,8.10,0.18
"cloche|backstop=None,bump_mm=0.5,clearance_mm=0.0,drop_speed_mm_s=20.0,lift_mm=10.0,retreat=0|v10|stop",crumb_cube,mat,5.0,1,1,0,0,0,0,0,1,0,1,0,8.11,5.12
"cloche|backstop=None,bump_mm=0.5,clearance_mm=0.0,drop_speed_mm_s=20.0,lift_mm=10.0,retreat=0|v10|stop",crumb_cube,mat,10.0,1,0,0,0,0,0,1,1,0,1,0,,
"cloche|backstop=None,bump_mm=0.5,clearance_mm=0.0,drop_speed_mm_s=20.0,lift_mm=10.0,retreat=0|v10|stop",crumb_cube,mat,15.0,1,1,0,0,0,0,0,1,1,0,1,8.10,4.94
"cloche|backstop=None,bump_mm=0.5,clearance_mm=0.0,drop_speed_mm_s=20.0,lift_mm=10.0,retreat=30|v10|stop",battery_cr2032,flooring,0.0,1,1,0,0,0,0,0,1,0,1,0,11.04,0.04
"cloche|backstop=None,bump_mm=0.5,clearance_mm=0.0,drop_speed_mm_s=20.0,lift_mm=10.0,retreat=30|v10|stop",battery_cr2032,flooring,5.0,1,0,0,0,0,0,1,1,0,1,0,,
"cloche|backstop=None,bump_mm=0.5,clearance_mm=0.0,drop_speed_mm_s=20.0,lift_mm=10.0,retreat=30|v10|stop",battery_cr2032,flooring,10.0,1,0,0,0,0,0,1,1,0,1,0,,
"cloche|backstop=None,bump_mm=0.5,clearance_mm=0.0,drop_speed_mm_s=20.0,lift_mm=10.0,retreat=30|v10|stop",battery_cr2032,flooring,15.0,1,0,0,0,0,0,1,1,0,1,0,,
"cloche|backstop=None,bump_mm=0.5,clearance_mm=0.0,drop_speed_mm_s=20.0,lift_mm=10.0,retreat=30|v10|stop",battery_cr2032,mat,0.0,1,1,0,0,0,0,0,1,0,1,0,11.04,0.04
"cloche|backstop=None,bump_mm=0.5,clearance_mm=0.0,drop_speed_mm_s=20.0,lift_mm=10.0,retreat=30|v10|stop",battery_cr2032,mat,5.0,1,0,0,0,0,0,1,1,0,1,0,,
"cloche|backstop=None,bump_mm=0.5,clearance_mm=0.0,drop_speed_mm_s=20.0,lift_mm=10.0,retreat=30|v10|stop",battery_cr2032,mat,10.0,1,0,0,0,0,0,1,1,0,1,0,,
"cloche|backstop=None,bump_mm=0.5,clearance_mm=0.0,drop_speed_mm_s=20.0,lift_mm=10.0,retreat=30|v10|stop",battery_cr2032,mat,15.0,1,0,0,0,0,0,1,1,0,1,0,,
"cloche|backstop=None,bump_mm=0.5,clearance_mm=0.0,drop_speed_mm_s=20.0,lift_mm=10.0,retreat=30|v10|stop",bead,flooring,0.0,1,1,0,0,0,0,0,1,0,1,0,5.03,8.76
"cloche|backstop=None,bump_mm=0.5,clearance_mm=0.0,drop_speed_mm_s=20.0,lift_mm=10.0,retreat=30|v10|stop",bead,flooring,5.0,1,1,0,0,0,0,0,1,0,1,0,5.04,1.25
"cloche|backstop=None,bump_mm=0.5,clearance_mm=0.0,drop_speed_mm_s=20.0,lift_mm=10.0,retreat=30|v10|stop",bead,flooring,10.0,1,0,0,0,1,0,0,1,0,1,0,1.51,7.36
"cloche|backstop=None,bump_mm=0.5,clearance_mm=0.0,drop_speed_mm_s=20.0,lift_mm=10.0,retreat=30|v10|stop",bead,flooring,15.0,1,0,0,0,0,1,0,0,0,0,0,,
"cloche|backstop=None,bump_mm=0.5,clearance_mm=0.0,drop_speed_mm_s=20.0,lift_mm=10.0,retreat=30|v10|stop",bead,mat,0.0,1,1,0,0,0,0,0,1,0,1,0,5.03,8.76
"cloche|backstop=None,bump_mm=0.5,clearance_mm=0.0,drop_speed_mm_s=20.0,lift_mm=10.0,retreat=30|v10|stop",bead,mat,5.0,1,1,0,0,0,0,0,1,0,1,0,5.04,1.25
"cloche|backstop=None,bump_mm=0.5,clearance_mm=0.0,drop_speed_mm_s=20.0,lift_mm=10.0,retreat=30|v10|stop",bead,mat,10.0,1,1,0,0,0,0,0,1,0,1,0,5.04,6.22
"cloche|backstop=None,bump_mm=0.5,clearance_mm=0.0,drop_speed_mm_s=20.0,lift_mm=10.0,retreat=30|v10|stop",bead,mat,15.0,1,0,0,0,1,0,0,1,0,1,0,0.88,6.50
"cloche|backstop=None,bump_mm=0.5,clearance_mm=0.0,drop_speed_mm_s=20.0,lift_mm=10.0,retreat=30|v10|stop",coin_1yen,flooring,0.0,1,1,0,0,0,0,0,1,0,1,0,11.04,0.01
"cloche|backstop=None,bump_mm=0.5,clearance_mm=0.0,drop_speed_mm_s=20.0,lift_mm=10.0,retreat=30|v10|stop",coin_1yen,flooring,5.0,1,1,0,0,0,0,0,1,0,1,0,11.04,4.84
"cloche|backstop=None,bump_mm=0.5,clearance_mm=0.0,drop_speed_mm_s=20.0,lift_mm=10.0,retreat=30|v10|stop",coin_1yen,flooring,10.0,1,0,0,0,0,0,1,1,0,1,0,,
"cloche|backstop=None,bump_mm=0.5,clearance_mm=0.0,drop_speed_mm_s=20.0,lift_mm=10.0,retreat=30|v10|stop",coin_1yen,flooring,15.0,1,0,0,0,0,0,1,1,0,1,0,,
"cloche|backstop=None,bump_mm=0.5,clearance_mm=0.0,drop_speed_mm_s=20.0,lift_mm=10.0,retreat=30|v10|stop",coin_1yen,mat,0.0,1,1,0,0,0,0,0,1,0,1,0,11.04,0.01
"cloche|backstop=None,bump_mm=0.5,clearance_mm=0.0,drop_speed_mm_s=20.0,lift_mm=10.0,retreat=30|v10|stop",coin_1yen,mat,5.0,1,1,0,0,0,0,0,1,0,1,0,11.38,4.78
"cloche|backstop=None,bump_mm=0.5,clearance_mm=0.0,drop_speed_mm_s=20.0,lift_mm=10.0,retreat=30|v10|stop",coin_1yen,mat,10.0,1,0,0,0,0,0,1,1,0,1,0,,
"cloche|backstop=None,bump_mm=0.5,clearance_mm=0.0,drop_speed_mm_s=20.0,lift_mm=10.0,retreat=30|v10|stop",coin_1yen,mat,15.0,1,0,0,0,0,0,1,1,0,1,0,,
"cloche|backstop=None,bump_mm=0.5,clearance_mm=0.0,drop_speed_mm_s=20.0,lift_mm=10.0,retreat=30|v10|stop",crumb_cube,flooring,0.0,1,1,0,0,0,0,0,1,0,1,0,8.10,0.18
"cloche|backstop=None,bump_mm=0.5,clearance_mm=0.0,drop_speed_mm_s=20.0,lift_mm=10.0,retreat=30|v10|stop",crumb_cube,flooring,5.0,1,1,0,0,0,0,0,1,0,1,0,8.11,5.12
"cloche|backstop=None,bump_mm=0.5,clearance_mm=0.0,drop_speed_mm_s=20.0,lift_mm=10.0,retreat=30|v10|stop",crumb_cube,flooring,10.0,1,0,0,0,0,0,1,1,0,1,0,,
"cloche|backstop=None,bump_mm=0.5,clearance_mm=0.0,drop_speed_mm_s=20.0,lift_mm=10.0,retreat=30|v10|stop",crumb_cube,flooring,15.0,1,1,0,0,0,0,0,1,1,0,1,8.10,4.94
"cloche|backstop=None,bump_mm=0.5,clearance_mm=0.0,drop_speed_mm_s=20.0,lift_mm=10.0,retreat=30|v10|stop",crumb_cube,mat,0.0,1,1,0,0,0,0,0,1,0,1,0,8.10,0.18
"cloche|backstop=None,bump_mm=0.5,clearance_mm=0.0,drop_speed_mm_s=20.0,lift_mm=10.0,retreat=30|v10|stop",crumb_cube,mat,5.0,1,1,0,0,0,0,0,1,0,1,0,8.11,5.12
"cloche|backstop=None,bump_mm=0.5,clearance_mm=0.0,drop_speed_mm_s=20.0,lift_mm=10.0,retreat=30|v10|stop",crumb_cube,mat,10.0,1,0,0,0,0,0,1,1,0,1,0,,
"cloche|backstop=None,bump_mm=0.5,clearance_mm=0.0,drop_speed_mm_s=20.0,lift_mm=10.0,retreat=30|v10|stop",crumb_cube,mat,15.0,1,1,0,0,0,0,0,1,1,0,1,8.10,4.94
"cloche|backstop=None,bump_mm=0.5,clearance_mm=0.0,drop_speed_mm_s=20.0,lift_mm=3.0,retreat=-30|v10|stop",battery_cr2032,flooring,0.0,1,1,0,0,0,0,0,1,0,1,0,11.04,0.04
"cloche|backstop=None,bump_mm=0.5,clearance_mm=0.0,drop_speed_mm_s=20.0,lift_mm=3.0,retreat=-30|v10|stop",battery_cr2032,flooring,5.0,1,1,0,0,0,0,0,1,1,0,1,10.97,4.27
"cloche|backstop=None,bump_mm=0.5,clearance_mm=0.0,drop_speed_mm_s=20.0,lift_mm=3.0,retreat=-30|v10|stop",battery_cr2032,flooring,10.0,1,1,0,0,0,0,0,1,1,0,1,11.04,5.00
"cloche|backstop=None,bump_mm=0.5,clearance_mm=0.0,drop_speed_mm_s=20.0,lift_mm=3.0,retreat=-30|v10|stop",battery_cr2032,flooring,15.0,1,1,0,0,0,0,0,1,1,0,1,11.03,4.99
"cloche|backstop=None,bump_mm=0.5,clearance_mm=0.0,drop_speed_mm_s=20.0,lift_mm=3.0,retreat=-30|v10|stop",battery_cr2032,mat,0.0,1,1,0,0,0,0,0,1,0,1,0,11.04,0.04
"cloche|backstop=None,bump_mm=0.5,clearance_mm=0.0,drop_speed_mm_s=20.0,lift_mm=3.0,retreat=-30|v10|stop",battery_cr2032,mat,5.0,1,1,0,0,0,0,0,1,1,0,1,11.04,5.00
"cloche|backstop=None,bump_mm=0.5,clearance_mm=0.0,drop_speed_mm_s=20.0,lift_mm=3.0,retreat=-30|v10|stop",battery_cr2032,mat,10.0,1,1,0,0,0,0,0,1,1,0,1,11.03,5.00
"cloche|backstop=None,bump_mm=0.5,clearance_mm=0.0,drop_speed_mm_s=20.0,lift_mm=3.0,retreat=-30|v10|stop",battery_cr2032,mat,15.0,1,1,0,0,0,0,0,1,1,0,1,11.03,4.99
"cloche|backstop=None,bump_mm=0.5,clearance_mm=0.0,drop_speed_mm_s=20.0,lift_mm=3.0,retreat=-30|v10|stop",bead,flooring,0.0,1,1,0,0,0,0,0,1,0,1,0,5.03,8.76
"cloche|backstop=None,bump_mm=0.5,clearance_mm=0.0,drop_speed_mm_s=20.0,lift_mm=3.0,retreat=-30|v10|stop",bead,flooring,5.0,1,1,0,0,0,0,0,1,0,1,0,5.04,1.25
"cloche|backstop=None,bump_mm=0.5,clearance_mm=0.0,drop_speed_mm_s=20.0,lift_mm=3.0,retreat=-30|v10|stop",bead,flooring,10.0,1,1,0,0,0,0,0,1,1,0,1,5.05,11.00
"cloche|backstop=None,bump_mm=0.5,clearance_mm=0.0,drop_speed_mm_s=20.0,lift_mm=3.0,retreat=-30|v10|stop",bead,flooring,15.0,1,1,0,0,0,0,0,1,1,0,1,5.05,11.00
"cloche|backstop=None,bump_mm=0.5,clearance_mm=0.0,drop_speed_mm_s=20.0,lift_mm=3.0,retreat=-30|v10|stop",bead,mat,0.0,1,1,0,0,0,0,0,1,0,1,0,5.03,8.76
"cloche|backstop=None,bump_mm=0.5,clearance_mm=0.0,drop_speed_mm_s=20.0,lift_mm=3.0,retreat=-30|v10|stop",bead,mat,5.0,1,1,0,0,0,0,0,1,0,1,0,5.04,1.25
"cloche|backstop=None,bump_mm=0.5,clearance_mm=0.0,drop_speed_mm_s=20.0,lift_mm=3.0,retreat=-30|v10|stop",bead,mat,10.0,1,1,0,0,0,0,0,1,0,1,0,5.04,6.22
"cloche|backstop=None,bump_mm=0.5,clearance_mm=0.0,drop_speed_mm_s=20.0,lift_mm=3.0,retreat=-30|v10|stop",bead,mat,15.0,1,1,0,0,0,0,0,1,1,0,1,6.59,11.00
"cloche|backstop=None,bump_mm=0.5,clearance_mm=0.0,drop_speed_mm_s=20.0,lift_mm=3.0,retreat=-30|v10|stop",coin_1yen,flooring,0.0,1,1,0,0,0,0,0,1,0,1,0,11.04,0.01
"cloche|backstop=None,bump_mm=0.5,clearance_mm=0.0,drop_speed_mm_s=20.0,lift_mm=3.0,retreat=-30|v10|stop",coin_1yen,flooring,5.0,1,1,0,0,0,0,0,1,0,1,0,11.01,4.71
"cloche|backstop=None,bump_mm=0.5,clearance_mm=0.0,drop_speed_mm_s=20.0,lift_mm=3.0,retreat=-30|v10|stop",coin_1yen,flooring,10.0,1,0,0,0,0,0,1,1,0,1,0,,
"cloche|backstop=None,bump_mm=0.5,clearance_mm=0.0,drop_speed_mm_s=20.0,lift_mm=3.0,retreat=-30|v10|stop",coin_1yen,flooring,15.0,1,0,0,0,0,0,1,1,0,1,0,,
"cloche|backstop=None,bump_mm=0.5,clearance_mm=0.0,drop_speed_mm_s=20.0,lift_mm=3.0,retreat=-30|v10|stop",coin_1yen,mat,0.0,1,1,0,0,0,0,0,1,0,1,0,11.03,0.01
"cloche|backstop=None,bump_mm=0.5,clearance_mm=0.0,drop_speed_mm_s=20.0,lift_mm=3.0,retreat=-30|v10|stop",coin_1yen,mat,5.0,1,1,0,0,0,0,0,1,0,1,0,11.02,4.64
"cloche|backstop=None,bump_mm=0.5,clearance_mm=0.0,drop_speed_mm_s=20.0,lift_mm=3.0,retreat=-30|v10|stop",coin_1yen,mat,10.0,1,0,0,0,0,0,1,1,0,1,0,,
"cloche|backstop=None,bump_mm=0.5,clearance_mm=0.0,drop_speed_mm_s=20.0,lift_mm=3.0,retreat=-30|v10|stop",coin_1yen,mat,15.0,1,0,0,0,0,0,1,1,0,1,0,,
"cloche|backstop=None,bump_mm=0.5,clearance_mm=0.0,drop_speed_mm_s=20.0,lift_mm=3.0,retreat=-30|v10|stop",crumb_cube,flooring,0.0,1,1,0,0,0,0,0,1,0,1,0,8.10,0.18
"cloche|backstop=None,bump_mm=0.5,clearance_mm=0.0,drop_speed_mm_s=20.0,lift_mm=3.0,retreat=-30|v10|stop",crumb_cube,flooring,5.0,1,1,0,0,0,0,0,1,0,1,0,8.11,5.12
"cloche|backstop=None,bump_mm=0.5,clearance_mm=0.0,drop_speed_mm_s=20.0,lift_mm=3.0,retreat=-30|v10|stop",crumb_cube,flooring,10.0,1,1,0,0,0,0,0,1,1,0,1,8.10,9.10
"cloche|backstop=None,bump_mm=0.5,clearance_mm=0.0,drop_speed_mm_s=20.0,lift_mm=3.0,retreat=-30|v10|stop",crumb_cube,flooring,15.0,1,1,0,0,0,0,0,1,1,0,1,8.11,9.35
"cloche|backstop=None,bump_mm=0.5,clearance_mm=0.0,drop_speed_mm_s=20.0,lift_mm=3.0,retreat=-30|v10|stop",crumb_cube,mat,0.0,1,1,0,0,0,0,0,1,0,1,0,8.10,0.18
"cloche|backstop=None,bump_mm=0.5,clearance_mm=0.0,drop_speed_mm_s=20.0,lift_mm=3.0,retreat=-30|v10|stop",crumb_cube,mat,5.0,1,1,0,0,0,0,0,1,0,1,0,8.11,5.12
"cloche|backstop=None,bump_mm=0.5,clearance_mm=0.0,drop_speed_mm_s=20.0,lift_mm=3.0,retreat=-30|v10|stop",crumb_cube,mat,10.0,1,1,0,0,0,0,0,1,1,0,1,8.10,9.10
"cloche|backstop=None,bump_mm=0.5,clearance_mm=0.0,drop_speed_mm_s=20.0,lift_mm=3.0,retreat=-30|v10|stop",crumb_cube,mat,15.0,1,1,0,0,0,0,0,1,1,0,1,8.11,9.35
"cloche|backstop=None,bump_mm=0.5,clearance_mm=0.0,drop_speed_mm_s=20.0,lift_mm=3.0,retreat=0|v10|stop",battery_cr2032,flooring,0.0,1,1,0,0,0,0,0,1,0,1,0,11.04,0.04
"cloche|backstop=None,bump_mm=0.5,clearance_mm=0.0,drop_speed_mm_s=20.0,lift_mm=3.0,retreat=0|v10|stop",battery_cr2032,flooring,5.0,1,1,0,0,0,0,0,1,1,0,1,10.97,4.27
"cloche|backstop=None,bump_mm=0.5,clearance_mm=0.0,drop_speed_mm_s=20.0,lift_mm=3.0,retreat=0|v10|stop",battery_cr2032,flooring,10.0,1,1,0,0,0,0,0,1,1,0,1,11.04,5.00
"cloche|backstop=None,bump_mm=0.5,clearance_mm=0.0,drop_speed_mm_s=20.0,lift_mm=3.0,retreat=0|v10|stop",battery_cr2032,flooring,15.0,1,1,0,0,0,0,0,1,1,0,1,11.03,4.99
"cloche|backstop=None,bump_mm=0.5,clearance_mm=0.0,drop_speed_mm_s=20.0,lift_mm=3.0,retreat=0|v10|stop",battery_cr2032,mat,0.0,1,1,0,0,0,0,0,1,0,1,0,11.04,0.04
"cloche|backstop=None,bump_mm=0.5,clearance_mm=0.0,drop_speed_mm_s=20.0,lift_mm=3.0,retreat=0|v10|stop",battery_cr2032,mat,5.0,1,1,0,0,0,0,0,1,1,0,1,11.04,5.00
"cloche|backstop=None,bump_mm=0.5,clearance_mm=0.0,drop_speed_mm_s=20.0,lift_mm=3.0,retreat=0|v10|stop",battery_cr2032,mat,10.0,1,1,0,0,0,0,0,1,1,0,1,11.03,5.00
"cloche|backstop=None,bump_mm=0.5,clearance_mm=0.0,drop_speed_mm_s=20.0,lift_mm=3.0,retreat=0|v10|stop",battery_cr2032,mat,15.0,1,1,0,0,0,0,0,1,1,0,1,11.03,4.99
"cloche|backstop=None,bump_mm=0.5,clearance_mm=0.0,drop_speed_mm_s=20.0,lift_mm=3.0,retreat=0|v10|stop",bead,flooring,0.0,1,1,0,0,0,0,0,1,0,1,0,5.03,8.76
"cloche|backstop=None,bump_mm=0.5,clearance_mm=0.0,drop_speed_mm_s=20.0,lift_mm=3.0,retreat=0|v10|stop",bead,flooring,5.0,1,1,0,0,0,0,0,1,0,1,0,5.04,1.25
"cloche|backstop=None,bump_mm=0.5,clearance_mm=0.0,drop_speed_mm_s=20.0,lift_mm=3.0,retreat=0|v10|stop",bead,flooring,10.0,1,1,0,0,0,0,0,1,1,0,1,5.05,11.00
"cloche|backstop=None,bump_mm=0.5,clearance_mm=0.0,drop_speed_mm_s=20.0,lift_mm=3.0,retreat=0|v10|stop",bead,flooring,15.0,1,1,0,0,0,0,0,1,1,0,1,5.05,11.00
"cloche|backstop=None,bump_mm=0.5,clearance_mm=0.0,drop_speed_mm_s=20.0,lift_mm=3.0,retreat=0|v10|stop",bead,mat,0.0,1,1,0,0,0,0,0,1,0,1,0,5.03,8.76
"cloche|backstop=None,bump_mm=0.5,clearance_mm=0.0,drop_speed_mm_s=20.0,lift_mm=3.0,retreat=0|v10|stop",bead,mat,5.0,1,1,0,0,0,0,0,1,0,1,0,5.04,1.25
"cloche|backstop=None,bump_mm=0.5,clearance_mm=0.0,drop_speed_mm_s=20.0,lift_mm=3.0,retreat=0|v10|stop",bead,mat,10.0,1,1,0,0,0,0,0,1,0,1,0,5.04,6.22
"cloche|backstop=None,bump_mm=0.5,clearance_mm=0.0,drop_speed_mm_s=20.0,lift_mm=3.0,retreat=0|v10|stop",bead,mat,15.0,1,1,0,0,0,0,0,1,1,0,1,6.59,11.00
"cloche|backstop=None,bump_mm=0.5,clearance_mm=0.0,drop_speed_mm_s=20.0,lift_mm=3.0,retreat=0|v10|stop",coin_1yen,flooring,0.0,1,1,0,0,0,0,0,1,0,1,0,11.04,0.01
"cloche|backstop=None,bump_mm=0.5,clearance_mm=0.0,drop_speed_mm_s=20.0,lift_mm=3.0,retreat=0|v10|stop",coin_1yen,flooring,5.0,1,1,0,0,0,0,0,1,0,1,0,11.01,4.71
"cloche|backstop=None,bump_mm=0.5,clearance_mm=0.0,drop_speed_mm_s=20.0,lift_mm=3.0,retreat=0|v10|stop",coin_1yen,flooring,10.0,1,0,0,0,0,0,1,1,0,1,0,,
"cloche|backstop=None,bump_mm=0.5,clearance_mm=0.0,drop_speed_mm_s=20.0,lift_mm=3.0,retreat=0|v10|stop",coin_1yen,flooring,15.0,1,0,0,0,0,0,1,1,0,1,0,,
"cloche|backstop=None,bump_mm=0.5,clearance_mm=0.0,drop_speed_mm_s=20.0,lift_mm=3.0,retreat=0|v10|stop",coin_1yen,mat,0.0,1,1,0,0,0,0,0,1,0,1,0,11.03,0.01
"cloche|backstop=None,bump_mm=0.5,clearance_mm=0.0,drop_speed_mm_s=20.0,lift_mm=3.0,retreat=0|v10|stop",coin_1yen,mat,5.0,1,1,0,0,0,0,0,1,0,1,0,11.02,4.64
"cloche|backstop=None,bump_mm=0.5,clearance_mm=0.0,drop_speed_mm_s=20.0,lift_mm=3.0,retreat=0|v10|stop",coin_1yen,mat,10.0,1,0,0,0,0,0,1,1,0,1,0,,
"cloche|backstop=None,bump_mm=0.5,clearance_mm=0.0,drop_speed_mm_s=20.0,lift_mm=3.0,retreat=0|v10|stop",coin_1yen,mat,15.0,1,0,0,0,0,0,1,1,0,1,0,,
"cloche|backstop=None,bump_mm=0.5,clearance_mm=0.0,drop_speed_mm_s=20.0,lift_mm=3.0,retreat=0|v10|stop",crumb_cube,flooring,0.0,1,1,0,0,0,0,0,1,0,1,0,8.10,0.18
"cloche|backstop=None,bump_mm=0.5,clearance_mm=0.0,drop_speed_mm_s=20.0,lift_mm=3.0,retreat=0|v10|stop",crumb_cube,flooring,5.0,1,1,0,0,0,0,0,1,0,1,0,8.11,5.12
"cloche|backstop=None,bump_mm=0.5,clearance_mm=0.0,drop_speed_mm_s=20.0,lift_mm=3.0,retreat=0|v10|stop",crumb_cube,flooring,10.0,1,1,0,0,0,0,0,1,1,0,1,8.10,9.10
"cloche|backstop=None,bump_mm=0.5,clearance_mm=0.0,drop_speed_mm_s=20.0,lift_mm=3.0,retreat=0|v10|stop",crumb_cube,flooring,15.0,1,1,0,0,0,0,0,1,1,0,1,8.11,9.35
"cloche|backstop=None,bump_mm=0.5,clearance_mm=0.0,drop_speed_mm_s=20.0,lift_mm=3.0,retreat=0|v10|stop",crumb_cube,mat,0.0,1,1,0,0,0,0,0,1,0,1,0,8.10,0.18
"cloche|backstop=None,bump_mm=0.5,clearance_mm=0.0,drop_speed_mm_s=20.0,lift_mm=3.0,retreat=0|v10|stop",crumb_cube,mat,5.0,1,1,0,0,0,0,0,1,0,1,0,8.11,5.12
"cloche|backstop=None,bump_mm=0.5,clearance_mm=0.0,drop_speed_mm_s=20.0,lift_mm=3.0,retreat=0|v10|stop",crumb_cube,mat,10.0,1,1,0,0,0,0,0,1,1,0,1,8.10,9.10
"cloche|backstop=None,bump_mm=0.5,clearance_mm=0.0,drop_speed_mm_s=20.0,lift_mm=3.0,retreat=0|v10|stop",crumb_cube,mat,15.0,1,1,0,0,0,0,0,1,1,0,1,8.11,9.35
"cloche|backstop=None,bump_mm=0.5,clearance_mm=0.0,drop_speed_mm_s=20.0,lift_mm=3.0,retreat=30|v10|stop",battery_cr2032,flooring,0.0,1,1,0,0,0,0,0,1,0,1,0,11.04,0.04
"cloche|backstop=None,bump_mm=0.5,clearance_mm=0.0,drop_speed_mm_s=20.0,lift_mm=3.0,retreat=30|v10|stop",battery_cr2032,flooring,5.0,1,1,0,0,0,0,0,1,1,0,1,10.97,4.27
"cloche|backstop=None,bump_mm=0.5,clearance_mm=0.0,drop_speed_mm_s=20.0,lift_mm=3.0,retreat=30|v10|stop",battery_cr2032,flooring,10.0,1,1,0,0,0,0,0,1,1,0,1,11.04,5.00
"cloche|backstop=None,bump_mm=0.5,clearance_mm=0.0,drop_speed_mm_s=20.0,lift_mm=3.0,retreat=30|v10|stop",battery_cr2032,flooring,15.0,1,1,0,0,0,0,0,1,1,0,1,11.03,4.99
"cloche|backstop=None,bump_mm=0.5,clearance_mm=0.0,drop_speed_mm_s=20.0,lift_mm=3.0,retreat=30|v10|stop",battery_cr2032,mat,0.0,1,1,0,0,0,0,0,1,0,1,0,11.04,0.04
"cloche|backstop=None,bump_mm=0.5,clearance_mm=0.0,drop_speed_mm_s=20.0,lift_mm=3.0,retreat=30|v10|stop",battery_cr2032,mat,5.0,1,1,0,0,0,0,0,1,1,0,1,11.04,5.00
"cloche|backstop=None,bump_mm=0.5,clearance_mm=0.0,drop_speed_mm_s=20.0,lift_mm=3.0,retreat=30|v10|stop",battery_cr2032,mat,10.0,1,1,0,0,0,0,0,1,1,0,1,11.03,5.00
"cloche|backstop=None,bump_mm=0.5,clearance_mm=0.0,drop_speed_mm_s=20.0,lift_mm=3.0,retreat=30|v10|stop",battery_cr2032,mat,15.0,1,1,0,0,0,0,0,1,1,0,1,11.03,4.99
"cloche|backstop=None,bump_mm=0.5,clearance_mm=0.0,drop_speed_mm_s=20.0,lift_mm=3.0,retreat=30|v10|stop",bead,flooring,0.0,1,1,0,0,0,0,0,1,0,1,0,5.03,8.76
"cloche|backstop=None,bump_mm=0.5,clearance_mm=0.0,drop_speed_mm_s=20.0,lift_mm=3.0,retreat=30|v10|stop",bead,flooring,5.0,1,1,0,0,0,0,0,1,0,1,0,5.04,1.25
"cloche|backstop=None,bump_mm=0.5,clearance_mm=0.0,drop_speed_mm_s=20.0,lift_mm=3.0,retreat=30|v10|stop",bead,flooring,10.0,1,1,0,0,0,0,0,1,1,0,1,5.05,11.00
"cloche|backstop=None,bump_mm=0.5,clearance_mm=0.0,drop_speed_mm_s=20.0,lift_mm=3.0,retreat=30|v10|stop",bead,flooring,15.0,1,1,0,0,0,0,0,1,1,0,1,5.05,11.00
"cloche|backstop=None,bump_mm=0.5,clearance_mm=0.0,drop_speed_mm_s=20.0,lift_mm=3.0,retreat=30|v10|stop",bead,mat,0.0,1,1,0,0,0,0,0,1,0,1,0,5.03,8.76
"cloche|backstop=None,bump_mm=0.5,clearance_mm=0.0,drop_speed_mm_s=20.0,lift_mm=3.0,retreat=30|v10|stop",bead,mat,5.0,1,1,0,0,0,0,0,1,0,1,0,5.04,1.25
"cloche|backstop=None,bump_mm=0.5,clearance_mm=0.0,drop_speed_mm_s=20.0,lift_mm=3.0,retreat=30|v10|stop",bead,mat,10.0,1,1,0,0,0,0,0,1,0,1,0,5.04,6.22
"cloche|backstop=None,bump_mm=0.5,clearance_mm=0.0,drop_speed_mm_s=20.0,lift_mm=3.0,retreat=30|v10|stop",bead,mat,15.0,1,1,0,0,0,0,0,1,1,0,1,6.59,11.00
"cloche|backstop=None,bump_mm=0.5,clearance_mm=0.0,drop_speed_mm_s=20.0,lift_mm=3.0,retreat=30|v10|stop",coin_1yen,flooring,0.0,1,1,0,0,0,0,0,1,0,1,0,11.04,0.01
"cloche|backstop=None,bump_mm=0.5,clearance_mm=0.0,drop_speed_mm_s=20.0,lift_mm=3.0,retreat=30|v10|stop",coin_1yen,flooring,5.0,1,1,0,0,0,0,0,1,0,1,0,11.01,4.71
"cloche|backstop=None,bump_mm=0.5,clearance_mm=0.0,drop_speed_mm_s=20.0,lift_mm=3.0,retreat=30|v10|stop",coin_1yen,flooring,10.0,1,0,0,0,0,0,1,1,0,1,0,,
"cloche|backstop=None,bump_mm=0.5,clearance_mm=0.0,drop_speed_mm_s=20.0,lift_mm=3.0,retreat=30|v10|stop",coin_1yen,flooring,15.0,1,0,0,0,0,0,1,1,0,1,0,,
"cloche|backstop=None,bump_mm=0.5,clearance_mm=0.0,drop_speed_mm_s=20.0,lift_mm=3.0,retreat=30|v10|stop",coin_1yen,mat,0.0,1,1,0,0,0,0,0,1,0,1,0,11.03,0.01
"cloche|backstop=None,bump_mm=0.5,clearance_mm=0.0,drop_speed_mm_s=20.0,lift_mm=3.0,retreat=30|v10|stop",coin_1yen,mat,5.0,1,1,0,0,0,0,0,1,0,1,0,11.02,4.64
"cloche|backstop=None,bump_mm=0.5,clearance_mm=0.0,drop_speed_mm_s=20.0,lift_mm=3.0,retreat=30|v10|stop",coin_1yen,mat,10.0,1,0,0,0,0,0,1,1,0,1,0,,
"cloche|backstop=None,bump_mm=0.5,clearance_mm=0.0,drop_speed_mm_s=20.0,lift_mm=3.0,retreat=30|v10|stop",coin_1yen,mat,15.0,1,0,0,0,0,0,1,1,0,1,0,,
"cloche|backstop=None,bump_mm=0.5,clearance_mm=0.0,drop_speed_mm_s=20.0,lift_mm=3.0,retreat=30|v10|stop",crumb_cube,flooring,0.0,1,1,0,0,0,0,0,1,0,1,0,8.10,0.18
"cloche|backstop=None,bump_mm=0.5,clearance_mm=0.0,drop_speed_mm_s=20.0,lift_mm=3.0,retreat=30|v10|stop",crumb_cube,flooring,5.0,1,1,0,0,0,0,0,1,0,1,0,8.11,5.12
"cloche|backstop=None,bump_mm=0.5,clearance_mm=0.0,drop_speed_mm_s=20.0,lift_mm=3.0,retreat=30|v10|stop",crumb_cube,flooring,10.0,1,1,0,0,0,0,0,1,1,0,1,8.10,9.10
"cloche|backstop=None,bump_mm=0.5,clearance_mm=0.0,drop_speed_mm_s=20.0,lift_mm=3.0,retreat=30|v10|stop",crumb_cube,flooring,15.0,1,1,0,0,0,0,0,1,1,0,1,8.11,9.35
"cloche|backstop=None,bump_mm=0.5,clearance_mm=0.0,drop_speed_mm_s=20.0,lift_mm=3.0,retreat=30|v10|stop",crumb_cube,mat,0.0,1,1,0,0,0,0,0,1,0,1,0,8.10,0.18
"cloche|backstop=None,bump_mm=0.5,clearance_mm=0.0,drop_speed_mm_s=20.0,lift_mm=3.0,retreat=30|v10|stop",crumb_cube,mat,5.0,1,1,0,0,0,0,0,1,0,1,0,8.11,5.12
"cloche|backstop=None,bump_mm=0.5,clearance_mm=0.0,drop_speed_mm_s=20.0,lift_mm=3.0,retreat=30|v10|stop",crumb_cube,mat,10.0,1,1,0,0,0,0,0,1,1,0,1,8.10,9.10
"cloche|backstop=None,bump_mm=0.5,clearance_mm=0.0,drop_speed_mm_s=20.0,lift_mm=3.0,retreat=30|v10|stop",crumb_cube,mat,15.0,1,1,0,0,0,0,0,1,1,0,1,8.11,9.35
"cloche|backstop=None,bump_mm=0.5,clearance_mm=0.0,drop_speed_mm_s=20.0,lift_mm=5.0,retreat=-30|v10|stop",battery_cr2032,flooring,0.0,1,1,0,0,0,0,0,1,0,1,0,11.04,0.04
"cloche|backstop=None,bump_mm=0.5,clearance_mm=0.0,drop_speed_mm_s=20.0,lift_mm=5.0,retreat=-30|v10|stop",battery_cr2032,flooring,5.0,1,0,0,0,0,0,1,1,0,1,0,,
"cloche|backstop=None,bump_mm=0.5,clearance_mm=0.0,drop_speed_mm_s=20.0,lift_mm=5.0,retreat=-30|v10|stop",battery_cr2032,flooring,10.0,1,0,0,0,0,0,1,1,0,1,0,,
"cloche|backstop=None,bump_mm=0.5,clearance_mm=0.0,drop_speed_mm_s=20.0,lift_mm=5.0,retreat=-30|v10|stop",battery_cr2032,flooring,15.0,1,0,0,0,0,0,1,1,0,1,0,,
"cloche|backstop=None,bump_mm=0.5,clearance_mm=0.0,drop_speed_mm_s=20.0,lift_mm=5.0,retreat=-30|v10|stop",battery_cr2032,mat,0.0,1,1,0,0,0,0,0,1,0,1,0,11.04,0.04
"cloche|backstop=None,bump_mm=0.5,clearance_mm=0.0,drop_speed_mm_s=20.0,lift_mm=5.0,retreat=-30|v10|stop",battery_cr2032,mat,5.0,1,0,0,0,0,0,1,1,0,1,0,,
"cloche|backstop=None,bump_mm=0.5,clearance_mm=0.0,drop_speed_mm_s=20.0,lift_mm=5.0,retreat=-30|v10|stop",battery_cr2032,mat,10.0,1,0,0,0,0,0,1,1,0,1,0,,
"cloche|backstop=None,bump_mm=0.5,clearance_mm=0.0,drop_speed_mm_s=20.0,lift_mm=5.0,retreat=-30|v10|stop",battery_cr2032,mat,15.0,1,0,0,0,0,0,1,1,0,1,0,,
"cloche|backstop=None,bump_mm=0.5,clearance_mm=0.0,drop_speed_mm_s=20.0,lift_mm=5.0,retreat=-30|v10|stop",bead,flooring,0.0,1,1,0,0,0,0,0,1,0,1,0,5.03,8.76
"cloche|backstop=None,bump_mm=0.5,clearance_mm=0.0,drop_speed_mm_s=20.0,lift_mm=5.0,retreat=-30|v10|stop",bead,flooring,5.0,1,1,0,0,0,0,0,1,0,1,0,5.04,1.25
"cloche|backstop=None,bump_mm=0.5,clearance_mm=0.0,drop_speed_mm_s=20.0,lift_mm=5.0,retreat=-30|v10|stop",bead,flooring,10.0,1,1,0,0,0,0,0,1,1,0,1,5.13,11.00
"cloche|backstop=None,bump_mm=0.5,clearance_mm=0.0,drop_speed_mm_s=20.0,lift_mm=5.0,retreat=-30|v10|stop",bead,flooring,15.0,1,1,0,0,0,0,0,1,1,0,1,5.12,11.00
"cloche|backstop=None,bump_mm=0.5,clearance_mm=0.0,drop_speed_mm_s=20.0,lift_mm=5.0,retreat=-30|v10|stop",bead,mat,0.0,1,1,0,0,0,0,0,1,0,1,0,5.03,8.76
"cloche|backstop=None,bump_mm=0.5,clearance_mm=0.0,drop_speed_mm_s=20.0,lift_mm=5.0,retreat=-30|v10|stop",bead,mat,5.0,1,1,0,0,0,0,0,1,0,1,0,5.04,1.25
"cloche|backstop=None,bump_mm=0.5,clearance_mm=0.0,drop_speed_mm_s=20.0,lift_mm=5.0,retreat=-30|v10|stop",bead,mat,10.0,1,1,0,0,0,0,0,1,0,1,0,5.04,6.22
"cloche|backstop=None,bump_mm=0.5,clearance_mm=0.0,drop_speed_mm_s=20.0,lift_mm=5.0,retreat=-30|v10|stop",bead,mat,15.0,1,1,0,0,0,0,0,1,1,0,1,5.19,11.00
"cloche|backstop=None,bump_mm=0.5,clearance_mm=0.0,drop_speed_mm_s=20.0,lift_mm=5.0,retreat=-30|v10|stop",coin_1yen,flooring,0.0,1,1,0,0,0,0,0,1,0,1,0,11.04,0.01
"cloche|backstop=None,bump_mm=0.5,clearance_mm=0.0,drop_speed_mm_s=20.0,lift_mm=5.0,retreat=-30|v10|stop",coin_1yen,flooring,5.0,1,1,0,0,0,0,0,1,0,1,0,10.93,4.73
"cloche|backstop=None,bump_mm=0.5,clearance_mm=0.0,drop_speed_mm_s=20.0,lift_mm=5.0,retreat=-30|v10|stop",coin_1yen,flooring,10.0,1,0,0,0,0,0,1,1,0,1,0,,
"cloche|backstop=None,bump_mm=0.5,clearance_mm=0.0,drop_speed_mm_s=20.0,lift_mm=5.0,retreat=-30|v10|stop",coin_1yen,flooring,15.0,1,0,0,0,0,0,1,1,0,1,0,,
"cloche|backstop=None,bump_mm=0.5,clearance_mm=0.0,drop_speed_mm_s=20.0,lift_mm=5.0,retreat=-30|v10|stop",coin_1yen,mat,0.0,1,1,0,0,0,0,0,1,0,1,0,11.03,0.01
"cloche|backstop=None,bump_mm=0.5,clearance_mm=0.0,drop_speed_mm_s=20.0,lift_mm=5.0,retreat=-30|v10|stop",coin_1yen,mat,5.0,1,1,0,0,0,0,0,1,0,1,0,11.01,4.65
"cloche|backstop=None,bump_mm=0.5,clearance_mm=0.0,drop_speed_mm_s=20.0,lift_mm=5.0,retreat=-30|v10|stop",coin_1yen,mat,10.0,1,0,0,0,0,0,1,1,0,1,0,,
"cloche|backstop=None,bump_mm=0.5,clearance_mm=0.0,drop_speed_mm_s=20.0,lift_mm=5.0,retreat=-30|v10|stop",coin_1yen,mat,15.0,1,0,0,0,0,0,1,1,0,1,0,,
"cloche|backstop=None,bump_mm=0.5,clearance_mm=0.0,drop_speed_mm_s=20.0,lift_mm=5.0,retreat=-30|v10|stop",crumb_cube,flooring,0.0,1,1,0,0,0,0,0,1,0,1,0,8.10,0.18
"cloche|backstop=None,bump_mm=0.5,clearance_mm=0.0,drop_speed_mm_s=20.0,lift_mm=5.0,retreat=-30|v10|stop",crumb_cube,flooring,5.0,1,1,0,0,0,0,0,1,0,1,0,8.11,5.12
"cloche|backstop=None,bump_mm=0.5,clearance_mm=0.0,drop_speed_mm_s=20.0,lift_mm=5.0,retreat=-30|v10|stop",crumb_cube,flooring,10.0,1,1,0,0,0,0,0,1,1,0,1,8.10,9.13
"cloche|backstop=None,bump_mm=0.5,clearance_mm=0.0,drop_speed_mm_s=20.0,lift_mm=5.0,retreat=-30|v10|stop",crumb_cube,flooring,15.0,1,1,0,0,0,0,0,1,1,0,1,8.11,9.38
"cloche|backstop=None,bump_mm=0.5,clearance_mm=0.0,drop_speed_mm_s=20.0,lift_mm=5.0,retreat=-30|v10|stop",crumb_cube,mat,0.0,1,1,0,0,0,0,0,1,0,1,0,8.10,0.18
"cloche|backstop=None,bump_mm=0.5,clearance_mm=0.0,drop_speed_mm_s=20.0,lift_mm=5.0,retreat=-30|v10|stop",crumb_cube,mat,5.0,1,1,0,0,0,0,0,1,0,1,0,8.11,5.12
"cloche|backstop=None,bump_mm=0.5,clearance_mm=0.0,drop_speed_mm_s=20.0,lift_mm=5.0,retreat=-30|v10|stop",crumb_cube,mat,10.0,1,1,0,0,0,0,0,1,1,0,1,8.10,9.13
"cloche|backstop=None,bump_mm=0.5,clearance_mm=0.0,drop_speed_mm_s=20.0,lift_mm=5.0,retreat=-30|v10|stop",crumb_cube,mat,15.0,1,1,0,0,0,0,0,1,1,0,1,8.11,9.38
"cloche|backstop=None,bump_mm=0.5,clearance_mm=0.0,drop_speed_mm_s=20.0,lift_mm=5.0,retreat=0|v10|stop",battery_cr2032,flooring,0.0,1,1,0,0,0,0,0,1,0,1,0,11.04,0.04
"cloche|backstop=None,bump_mm=0.5,clearance_mm=0.0,drop_speed_mm_s=20.0,lift_mm=5.0,retreat=0|v10|stop",battery_cr2032,flooring,5.0,1,0,0,0,0,0,1,1,0,1,0,,
"cloche|backstop=None,bump_mm=0.5,clearance_mm=0.0,drop_speed_mm_s=20.0,lift_mm=5.0,retreat=0|v10|stop",battery_cr2032,flooring,10.0,1,0,0,0,0,0,1,1,0,1,0,,
"cloche|backstop=None,bump_mm=0.5,clearance_mm=0.0,drop_speed_mm_s=20.0,lift_mm=5.0,retreat=0|v10|stop",battery_cr2032,flooring,15.0,1,0,0,0,0,0,1,1,0,1,0,,
"cloche|backstop=None,bump_mm=0.5,clearance_mm=0.0,drop_speed_mm_s=20.0,lift_mm=5.0,retreat=0|v10|stop",battery_cr2032,mat,0.0,1,1,0,0,0,0,0,1,0,1,0,11.04,0.04
"cloche|backstop=None,bump_mm=0.5,clearance_mm=0.0,drop_speed_mm_s=20.0,lift_mm=5.0,retreat=0|v10|stop",battery_cr2032,mat,5.0,1,0,0,0,0,0,1,1,0,1,0,,
"cloche|backstop=None,bump_mm=0.5,clearance_mm=0.0,drop_speed_mm_s=20.0,lift_mm=5.0,retreat=0|v10|stop",battery_cr2032,mat,10.0,1,0,0,0,0,0,1,1,0,1,0,,
"cloche|backstop=None,bump_mm=0.5,clearance_mm=0.0,drop_speed_mm_s=20.0,lift_mm=5.0,retreat=0|v10|stop",battery_cr2032,mat,15.0,1,0,0,0,0,0,1,1,0,1,0,,
"cloche|backstop=None,bump_mm=0.5,clearance_mm=0.0,drop_speed_mm_s=20.0,lift_mm=5.0,retreat=0|v10|stop",bead,flooring,0.0,1,1,0,0,0,0,0,1,0,1,0,5.03,8.76
"cloche|backstop=None,bump_mm=0.5,clearance_mm=0.0,drop_speed_mm_s=20.0,lift_mm=5.0,retreat=0|v10|stop",bead,flooring,5.0,1,1,0,0,0,0,0,1,0,1,0,5.04,1.25
"cloche|backstop=None,bump_mm=0.5,clearance_mm=0.0,drop_speed_mm_s=20.0,lift_mm=5.0,retreat=0|v10|stop",bead,flooring,10.0,1,1,0,0,0,0,0,1,1,0,1,5.13,11.00
"cloche|backstop=None,bump_mm=0.5,clearance_mm=0.0,drop_speed_mm_s=20.0,lift_mm=5.0,retreat=0|v10|stop",bead,flooring,15.0,1,1,0,0,0,0,0,1,1,0,1,5.12,11.00
"cloche|backstop=None,bump_mm=0.5,clearance_mm=0.0,drop_speed_mm_s=20.0,lift_mm=5.0,retreat=0|v10|stop",bead,mat,0.0,1,1,0,0,0,0,0,1,0,1,0,5.03,8.76
"cloche|backstop=None,bump_mm=0.5,clearance_mm=0.0,drop_speed_mm_s=20.0,lift_mm=5.0,retreat=0|v10|stop",bead,mat,5.0,1,1,0,0,0,0,0,1,0,1,0,5.04,1.25
"cloche|backstop=None,bump_mm=0.5,clearance_mm=0.0,drop_speed_mm_s=20.0,lift_mm=5.0,retreat=0|v10|stop",bead,mat,10.0,1,1,0,0,0,0,0,1,0,1,0,5.04,6.22
"cloche|backstop=None,bump_mm=0.5,clearance_mm=0.0,drop_speed_mm_s=20.0,lift_mm=5.0,retreat=0|v10|stop",bead,mat,15.0,1,1,0,0,0,0,0,1,1,0,1,5.19,11.00
"cloche|backstop=None,bump_mm=0.5,clearance_mm=0.0,drop_speed_mm_s=20.0,lift_mm=5.0,retreat=0|v10|stop",coin_1yen,flooring,0.0,1,1,0,0,0,0,0,1,0,1,0,11.04,0.01
"cloche|backstop=None,bump_mm=0.5,clearance_mm=0.0,drop_speed_mm_s=20.0,lift_mm=5.0,retreat=0|v10|stop",coin_1yen,flooring,5.0,1,1,0,0,0,0,0,1,0,1,0,10.93,4.73
"cloche|backstop=None,bump_mm=0.5,clearance_mm=0.0,drop_speed_mm_s=20.0,lift_mm=5.0,retreat=0|v10|stop",coin_1yen,flooring,10.0,1,0,0,0,0,0,1,1,0,1,0,,
"cloche|backstop=None,bump_mm=0.5,clearance_mm=0.0,drop_speed_mm_s=20.0,lift_mm=5.0,retreat=0|v10|stop",coin_1yen,flooring,15.0,1,0,0,0,0,0,1,1,0,1,0,,
"cloche|backstop=None,bump_mm=0.5,clearance_mm=0.0,drop_speed_mm_s=20.0,lift_mm=5.0,retreat=0|v10|stop",coin_1yen,mat,0.0,1,1,0,0,0,0,0,1,0,1,0,11.03,0.01
"cloche|backstop=None,bump_mm=0.5,clearance_mm=0.0,drop_speed_mm_s=20.0,lift_mm=5.0,retreat=0|v10|stop",coin_1yen,mat,5.0,1,1,0,0,0,0,0,1,0,1,0,11.01,4.65
"cloche|backstop=None,bump_mm=0.5,clearance_mm=0.0,drop_speed_mm_s=20.0,lift_mm=5.0,retreat=0|v10|stop",coin_1yen,mat,10.0,1,0,0,0,0,0,1,1,0,1,0,,
"cloche|backstop=None,bump_mm=0.5,clearance_mm=0.0,drop_speed_mm_s=20.0,lift_mm=5.0,retreat=0|v10|stop",coin_1yen,mat,15.0,1,0,0,0,0,0,1,1,0,1,0,,
"cloche|backstop=None,bump_mm=0.5,clearance_mm=0.0,drop_speed_mm_s=20.0,lift_mm=5.0,retreat=0|v10|stop",crumb_cube,flooring,0.0,1,1,0,0,0,0,0,1,0,1,0,8.10,0.18
"cloche|backstop=None,bump_mm=0.5,clearance_mm=0.0,drop_speed_mm_s=20.0,lift_mm=5.0,retreat=0|v10|stop",crumb_cube,flooring,5.0,1,1,0,0,0,0,0,1,0,1,0,8.11,5.12
"cloche|backstop=None,bump_mm=0.5,clearance_mm=0.0,drop_speed_mm_s=20.0,lift_mm=5.0,retreat=0|v10|stop",crumb_cube,flooring,10.0,1,1,0,0,0,0,0,1,1,0,1,8.10,9.13
"cloche|backstop=None,bump_mm=0.5,clearance_mm=0.0,drop_speed_mm_s=20.0,lift_mm=5.0,retreat=0|v10|stop",crumb_cube,flooring,15.0,1,1,0,0,0,0,0,1,1,0,1,8.11,9.38
"cloche|backstop=None,bump_mm=0.5,clearance_mm=0.0,drop_speed_mm_s=20.0,lift_mm=5.0,retreat=0|v10|stop",crumb_cube,mat,0.0,1,1,0,0,0,0,0,1,0,1,0,8.10,0.18
"cloche|backstop=None,bump_mm=0.5,clearance_mm=0.0,drop_speed_mm_s=20.0,lift_mm=5.0,retreat=0|v10|stop",crumb_cube,mat,5.0,1,1,0,0,0,0,0,1,0,1,0,8.11,5.12
"cloche|backstop=None,bump_mm=0.5,clearance_mm=0.0,drop_speed_mm_s=20.0,lift_mm=5.0,retreat=0|v10|stop",crumb_cube,mat,10.0,1,1,0,0,0,0,0,1,1,0,1,8.10,9.13
"cloche|backstop=None,bump_mm=0.5,clearance_mm=0.0,drop_speed_mm_s=20.0,lift_mm=5.0,retreat=0|v10|stop",crumb_cube,mat,15.0,1,1,0,0,0,0,0,1,1,0,1,8.11,9.38
"cloche|backstop=None,bump_mm=0.5,clearance_mm=0.0,drop_speed_mm_s=20.0,lift_mm=5.0,retreat=30|v10|stop",battery_cr2032,flooring,0.0,1,1,0,0,0,0,0,1,0,1,0,11.04,0.04
"cloche|backstop=None,bump_mm=0.5,clearance_mm=0.0,drop_speed_mm_s=20.0,lift_mm=5.0,retreat=30|v10|stop",battery_cr2032,flooring,5.0,1,0,0,0,0,0,1,1,0,1,0,,
"cloche|backstop=None,bump_mm=0.5,clearance_mm=0.0,drop_speed_mm_s=20.0,lift_mm=5.0,retreat=30|v10|stop",battery_cr2032,flooring,10.0,1,0,0,0,0,0,1,1,0,1,0,,
"cloche|backstop=None,bump_mm=0.5,clearance_mm=0.0,drop_speed_mm_s=20.0,lift_mm=5.0,retreat=30|v10|stop",battery_cr2032,flooring,15.0,1,0,0,0,0,0,1,1,0,1,0,,
"cloche|backstop=None,bump_mm=0.5,clearance_mm=0.0,drop_speed_mm_s=20.0,lift_mm=5.0,retreat=30|v10|stop",battery_cr2032,mat,0.0,1,1,0,0,0,0,0,1,0,1,0,11.04,0.04
"cloche|backstop=None,bump_mm=0.5,clearance_mm=0.0,drop_speed_mm_s=20.0,lift_mm=5.0,retreat=30|v10|stop",battery_cr2032,mat,5.0,1,0,0,0,0,0,1,1,0,1,0,,
"cloche|backstop=None,bump_mm=0.5,clearance_mm=0.0,drop_speed_mm_s=20.0,lift_mm=5.0,retreat=30|v10|stop",battery_cr2032,mat,10.0,1,0,0,0,0,0,1,1,0,1,0,,
"cloche|backstop=None,bump_mm=0.5,clearance_mm=0.0,drop_speed_mm_s=20.0,lift_mm=5.0,retreat=30|v10|stop",battery_cr2032,mat,15.0,1,0,0,0,0,0,1,1,0,1,0,,
"cloche|backstop=None,bump_mm=0.5,clearance_mm=0.0,drop_speed_mm_s=20.0,lift_mm=5.0,retreat=30|v10|stop",bead,flooring,0.0,1,1,0,0,0,0,0,1,0,1,0,5.03,8.76
"cloche|backstop=None,bump_mm=0.5,clearance_mm=0.0,drop_speed_mm_s=20.0,lift_mm=5.0,retreat=30|v10|stop",bead,flooring,5.0,1,1,0,0,0,0,0,1,0,1,0,5.04,1.25
"cloche|backstop=None,bump_mm=0.5,clearance_mm=0.0,drop_speed_mm_s=20.0,lift_mm=5.0,retreat=30|v10|stop",bead,flooring,10.0,1,1,0,0,0,0,0,1,1,0,1,5.13,11.00
"cloche|backstop=None,bump_mm=0.5,clearance_mm=0.0,drop_speed_mm_s=20.0,lift_mm=5.0,retreat=30|v10|stop",bead,flooring,15.0,1,1,0,0,0,0,0,1,1,0,1,5.12,11.00
"cloche|backstop=None,bump_mm=0.5,clearance_mm=0.0,drop_speed_mm_s=20.0,lift_mm=5.0,retreat=30|v10|stop",bead,mat,0.0,1,1,0,0,0,0,0,1,0,1,0,5.03,8.76
"cloche|backstop=None,bump_mm=0.5,clearance_mm=0.0,drop_speed_mm_s=20.0,lift_mm=5.0,retreat=30|v10|stop",bead,mat,5.0,1,1,0,0,0,0,0,1,0,1,0,5.04,1.25
"cloche|backstop=None,bump_mm=0.5,clearance_mm=0.0,drop_speed_mm_s=20.0,lift_mm=5.0,retreat=30|v10|stop",bead,mat,10.0,1,1,0,0,0,0,0,1,0,1,0,5.04,6.22
"cloche|backstop=None,bump_mm=0.5,clearance_mm=0.0,drop_speed_mm_s=20.0,lift_mm=5.0,retreat=30|v10|stop",bead,mat,15.0,1,1,0,0,0,0,0,1,1,0,1,5.19,11.00
"cloche|backstop=None,bump_mm=0.5,clearance_mm=0.0,drop_speed_mm_s=20.0,lift_mm=5.0,retreat=30|v10|stop",coin_1yen,flooring,0.0,1,1,0,0,0,0,0,1,0,1,0,11.04,0.01
"cloche|backstop=None,bump_mm=0.5,clearance_mm=0.0,drop_speed_mm_s=20.0,lift_mm=5.0,retreat=30|v10|stop",coin_1yen,flooring,5.0,1,1,0,0,0,0,0,1,0,1,0,10.93,4.73
"cloche|backstop=None,bump_mm=0.5,clearance_mm=0.0,drop_speed_mm_s=20.0,lift_mm=5.0,retreat=30|v10|stop",coin_1yen,flooring,10.0,1,0,0,0,0,0,1,1,0,1,0,,
"cloche|backstop=None,bump_mm=0.5,clearance_mm=0.0,drop_speed_mm_s=20.0,lift_mm=5.0,retreat=30|v10|stop",coin_1yen,flooring,15.0,1,0,0,0,0,0,1,1,0,1,0,,
"cloche|backstop=None,bump_mm=0.5,clearance_mm=0.0,drop_speed_mm_s=20.0,lift_mm=5.0,retreat=30|v10|stop",coin_1yen,mat,0.0,1,1,0,0,0,0,0,1,0,1,0,11.03,0.01
"cloche|backstop=None,bump_mm=0.5,clearance_mm=0.0,drop_speed_mm_s=20.0,lift_mm=5.0,retreat=30|v10|stop",coin_1yen,mat,5.0,1,1,0,0,0,0,0,1,0,1,0,11.01,4.65
"cloche|backstop=None,bump_mm=0.5,clearance_mm=0.0,drop_speed_mm_s=20.0,lift_mm=5.0,retreat=30|v10|stop",coin_1yen,mat,10.0,1,0,0,0,0,0,1,1,0,1,0,,
"cloche|backstop=None,bump_mm=0.5,clearance_mm=0.0,drop_speed_mm_s=20.0,lift_mm=5.0,retreat=30|v10|stop",coin_1yen,mat,15.0,1,0,0,0,0,0,1,1,0,1,0,,
"cloche|backstop=None,bump_mm=0.5,clearance_mm=0.0,drop_speed_mm_s=20.0,lift_mm=5.0,retreat=30|v10|stop",crumb_cube,flooring,0.0,1,1,0,0,0,0,0,1,0,1,0,8.10,0.18
"cloche|backstop=None,bump_mm=0.5,clearance_mm=0.0,drop_speed_mm_s=20.0,lift_mm=5.0,retreat=30|v10|stop",crumb_cube,flooring,5.0,1,1,0,0,0,0,0,1,0,1,0,8.11,5.12
"cloche|backstop=None,bump_mm=0.5,clearance_mm=0.0,drop_speed_mm_s=20.0,lift_mm=5.0,retreat=30|v10|stop",crumb_cube,flooring,10.0,1,1,0,0,0,0,0,1,1,0,1,8.10,9.13
"cloche|backstop=None,bump_mm=0.5,clearance_mm=0.0,drop_speed_mm_s=20.0,lift_mm=5.0,retreat=30|v10|stop",crumb_cube,flooring,15.0,1,1,0,0,0,0,0,1,1,0,1,8.11,9.38
"cloche|backstop=None,bump_mm=0.5,clearance_mm=0.0,drop_speed_mm_s=20.0,lift_mm=5.0,retreat=30|v10|stop",crumb_cube,mat,0.0,1,1,0,0,0,0,0,1,0,1,0,8.10,0.18
"cloche|backstop=None,bump_mm=0.5,clearance_mm=0.0,drop_speed_mm_s=20.0,lift_mm=5.0,retreat=30|v10|stop",crumb_cube,mat,5.0,1,1,0,0,0,0,0,1,0,1,0,8.11,5.12
"cloche|backstop=None,bump_mm=0.5,clearance_mm=0.0,drop_speed_mm_s=20.0,lift_mm=5.0,retreat=30|v10|stop",crumb_cube,mat,10.0,1,1,0,0,0,0,0,1,1,0,1,8.10,9.13
"cloche|backstop=None,bump_mm=0.5,clearance_mm=0.0,drop_speed_mm_s=20.0,lift_mm=5.0,retreat=30|v10|stop",crumb_cube,mat,15.0,1,1,0,0,0,0,0,1,1,0,1,8.11,9.38
"cloche|backstop=None,bump_mm=0.5,clearance_mm=1.0,drop_speed_mm_s=20.0,lift_mm=10.0,retreat=-30|v10|stop",battery_cr2032,flooring,0.0,1,1,0,0,0,0,0,1,0,1,0,11.04,0.04
"cloche|backstop=None,bump_mm=0.5,clearance_mm=1.0,drop_speed_mm_s=20.0,lift_mm=10.0,retreat=-30|v10|stop",battery_cr2032,flooring,5.0,1,0,0,0,0,0,1,1,0,1,0,,
"cloche|backstop=None,bump_mm=0.5,clearance_mm=1.0,drop_speed_mm_s=20.0,lift_mm=10.0,retreat=-30|v10|stop",battery_cr2032,flooring,10.0,1,0,0,0,0,0,1,1,0,1,0,,
"cloche|backstop=None,bump_mm=0.5,clearance_mm=1.0,drop_speed_mm_s=20.0,lift_mm=10.0,retreat=-30|v10|stop",battery_cr2032,flooring,15.0,1,0,0,0,0,0,1,1,0,1,0,,
"cloche|backstop=None,bump_mm=0.5,clearance_mm=1.0,drop_speed_mm_s=20.0,lift_mm=10.0,retreat=-30|v10|stop",battery_cr2032,mat,0.0,1,1,0,0,0,0,0,1,0,1,0,11.04,0.04
"cloche|backstop=None,bump_mm=0.5,clearance_mm=1.0,drop_speed_mm_s=20.0,lift_mm=10.0,retreat=-30|v10|stop",battery_cr2032,mat,5.0,1,0,0,0,0,0,1,1,0,1,0,,
"cloche|backstop=None,bump_mm=0.5,clearance_mm=1.0,drop_speed_mm_s=20.0,lift_mm=10.0,retreat=-30|v10|stop",battery_cr2032,mat,10.0,1,0,0,0,0,0,1,1,0,1,0,,
"cloche|backstop=None,bump_mm=0.5,clearance_mm=1.0,drop_speed_mm_s=20.0,lift_mm=10.0,retreat=-30|v10|stop",battery_cr2032,mat,15.0,1,0,0,0,0,0,1,1,0,1,0,,
"cloche|backstop=None,bump_mm=0.5,clearance_mm=1.0,drop_speed_mm_s=20.0,lift_mm=10.0,retreat=-30|v10|stop",bead,flooring,0.0,1,1,0,0,0,0,0,1,0,1,0,5.03,8.76
"cloche|backstop=None,bump_mm=0.5,clearance_mm=1.0,drop_speed_mm_s=20.0,lift_mm=10.0,retreat=-30|v10|stop",bead,flooring,5.0,1,1,0,0,0,0,0,1,0,1,0,5.04,1.25
"cloche|backstop=None,bump_mm=0.5,clearance_mm=1.0,drop_speed_mm_s=20.0,lift_mm=10.0,retreat=-30|v10|stop",bead,flooring,10.0,1,0,0,0,0,0,1,1,0,1,0,2.68,7.45
"cloche|backstop=None,bump_mm=0.5,clearance_mm=1.0,drop_speed_mm_s=20.0,lift_mm=10.0,retreat=-30|v10|stop",bead,flooring,15.0,1,0,0,0,0,1,0,0,0,0,0,,
"cloche|backstop=None,bump_mm=0.5,clearance_mm=1.0,drop_speed_mm_s=20.0,lift_mm=10.0,retreat=-30|v10|stop",bead,mat,0.0,1,1,0,0,0,0,0,1,0,1,0,5.03,8.76
"cloche|backstop=None,bump_mm=0.5,clearance_mm=1.0,drop_speed_mm_s=20.0,lift_mm=10.0,retreat=-30|v10|stop",bead,mat,5.0,1,1,0,0,0,0,0,1,0,1,0,5.04,1.25
"cloche|backstop=None,bump_mm=0.5,clearance_mm=1.0,drop_speed_mm_s=20.0,lift_mm=10.0,retreat=-30|v10|stop",bead,mat,10.0,1,1,0,0,0,0,0,1,0,1,0,5.04,6.22
"cloche|backstop=None,bump_mm=0.5,clearance_mm=1.0,drop_speed_mm_s=20.0,lift_mm=10.0,retreat=-30|v10|stop",bead,mat,15.0,1,0,0,0,0,0,1,1,0,1,0,2.46,7.01
"cloche|backstop=None,bump_mm=0.5,clearance_mm=1.0,drop_speed_mm_s=20.0,lift_mm=10.0,retreat=-30|v10|stop",coin_1yen,flooring,0.0,1,1,0,0,0,0,0,1,0,1,0,11.04,0.01
"cloche|backstop=None,bump_mm=0.5,clearance_mm=1.0,drop_speed_mm_s=20.0,lift_mm=10.0,retreat=-30|v10|stop",coin_1yen,flooring,5.0,1,1,0,0,0,0,0,1,0,1,0,11.02,4.84
"cloche|backstop=None,bump_mm=0.5,clearance_mm=1.0,drop_speed_mm_s=20.0,lift_mm=10.0,retreat=-30|v10|stop",coin_1yen,flooring,10.0,1,1,0,0,0,0,0,1,0,1,0,11.03,10.03
"cloche|backstop=None,bump_mm=0.5,clearance_mm=1.0,drop_speed_mm_s=20.0,lift_mm=10.0,retreat=-30|v10|stop",coin_1yen,flooring,15.0,1,1,0,0,0,0,0,1,0,1,0,11.03,14.98
"cloche|backstop=None,bump_mm=0.5,clearance_mm=1.0,drop_speed_mm_s=20.0,lift_mm=10.0,retreat=-30|v10|stop",coin_1yen,mat,0.0,1,1,0,0,0,0,0,1,0,1,0,11.04,0.01
"cloche|backstop=None,bump_mm=0.5,clearance_mm=1.0,drop_speed_mm_s=20.0,lift_mm=10.0,retreat=-30|v10|stop",coin_1yen,mat,5.0,1,1,0,0,0,0,0,1,0,1,0,11.03,4.75
"cloche|backstop=None,bump_mm=0.5,clearance_mm=1.0,drop_speed_mm_s=20.0,lift_mm=10.0,retreat=-30|v10|stop",coin_1yen,mat,10.0,1,1,0,0,0,0,0,1,0,1,0,11.03,10.03
"cloche|backstop=None,bump_mm=0.5,clearance_mm=1.0,drop_speed_mm_s=20.0,lift_mm=10.0,retreat=-30|v10|stop",coin_1yen,mat,15.0,1,1,0,0,0,0,0,1,0,1,0,11.03,14.98
"cloche|backstop=None,bump_mm=0.5,clearance_mm=1.0,drop_speed_mm_s=20.0,lift_mm=10.0,retreat=-30|v10|stop",crumb_cube,flooring,0.0,1,1,0,0,0,0,0,1,0,1,0,8.10,0.18
"cloche|backstop=None,bump_mm=0.5,clearance_mm=1.0,drop_speed_mm_s=20.0,lift_mm=10.0,retreat=-30|v10|stop",crumb_cube,flooring,5.0,1,1,0,0,0,0,0,1,0,1,0,8.11,5.12
"cloche|backstop=None,bump_mm=0.5,clearance_mm=1.0,drop_speed_mm_s=20.0,lift_mm=10.0,retreat=-30|v10|stop",crumb_cube,flooring,10.0,1,0,0,0,0,0,1,1,0,1,0,,
"cloche|backstop=None,bump_mm=0.5,clearance_mm=1.0,drop_speed_mm_s=20.0,lift_mm=10.0,retreat=-30|v10|stop",crumb_cube,flooring,15.0,1,0,0,0,0,1,0,0,0,0,0,,
"cloche|backstop=None,bump_mm=0.5,clearance_mm=1.0,drop_speed_mm_s=20.0,lift_mm=10.0,retreat=-30|v10|stop",crumb_cube,mat,0.0,1,1,0,0,0,0,0,1,0,1,0,8.10,0.18
"cloche|backstop=None,bump_mm=0.5,clearance_mm=1.0,drop_speed_mm_s=20.0,lift_mm=10.0,retreat=-30|v10|stop",crumb_cube,mat,5.0,1,1,0,0,0,0,0,1,0,1,0,8.11,5.12
"cloche|backstop=None,bump_mm=0.5,clearance_mm=1.0,drop_speed_mm_s=20.0,lift_mm=10.0,retreat=-30|v10|stop",crumb_cube,mat,10.0,1,0,0,0,0,0,1,1,0,1,0,,
"cloche|backstop=None,bump_mm=0.5,clearance_mm=1.0,drop_speed_mm_s=20.0,lift_mm=10.0,retreat=-30|v10|stop",crumb_cube,mat,15.0,1,0,0,0,0,1,0,0,0,0,0,,
"cloche|backstop=None,bump_mm=0.5,clearance_mm=1.0,drop_speed_mm_s=20.0,lift_mm=10.0,retreat=0|v10|stop",battery_cr2032,flooring,0.0,1,1,0,0,0,0,0,1,0,1,0,11.04,0.04
"cloche|backstop=None,bump_mm=0.5,clearance_mm=1.0,drop_speed_mm_s=20.0,lift_mm=10.0,retreat=0|v10|stop",battery_cr2032,flooring,5.0,1,0,0,0,0,0,1,1,0,1,0,,
"cloche|backstop=None,bump_mm=0.5,clearance_mm=1.0,drop_speed_mm_s=20.0,lift_mm=10.0,retreat=0|v10|stop",battery_cr2032,flooring,10.0,1,0,0,0,0,0,1,1,0,1,0,,
"cloche|backstop=None,bump_mm=0.5,clearance_mm=1.0,drop_speed_mm_s=20.0,lift_mm=10.0,retreat=0|v10|stop",battery_cr2032,flooring,15.0,1,0,0,0,0,0,1,1,0,1,0,,
"cloche|backstop=None,bump_mm=0.5,clearance_mm=1.0,drop_speed_mm_s=20.0,lift_mm=10.0,retreat=0|v10|stop",battery_cr2032,mat,0.0,1,1,0,0,0,0,0,1,0,1,0,11.04,0.04
"cloche|backstop=None,bump_mm=0.5,clearance_mm=1.0,drop_speed_mm_s=20.0,lift_mm=10.0,retreat=0|v10|stop",battery_cr2032,mat,5.0,1,0,0,0,0,0,1,1,0,1,0,,
"cloche|backstop=None,bump_mm=0.5,clearance_mm=1.0,drop_speed_mm_s=20.0,lift_mm=10.0,retreat=0|v10|stop",battery_cr2032,mat,10.0,1,0,0,0,0,0,1,1,0,1,0,,
"cloche|backstop=None,bump_mm=0.5,clearance_mm=1.0,drop_speed_mm_s=20.0,lift_mm=10.0,retreat=0|v10|stop",battery_cr2032,mat,15.0,1,0,0,0,0,0,1,1,0,1,0,,
"cloche|backstop=None,bump_mm=0.5,clearance_mm=1.0,drop_speed_mm_s=20.0,lift_mm=10.0,retreat=0|v10|stop",bead,flooring,0.0,1,1,0,0,0,0,0,1,0,1,0,5.03,8.76
"cloche|backstop=None,bump_mm=0.5,clearance_mm=1.0,drop_speed_mm_s=20.0,lift_mm=10.0,retreat=0|v10|stop",bead,flooring,5.0,1,1,0,0,0,0,0,1,0,1,0,5.04,1.25
"cloche|backstop=None,bump_mm=0.5,clearance_mm=1.0,drop_speed_mm_s=20.0,lift_mm=10.0,retreat=0|v10|stop",bead,flooring,10.0,1,0,0,0,0,0,1,1,0,1,0,2.68,7.45
"cloche|backstop=None,bump_mm=0.5,clearance_mm=1.0,drop_speed_mm_s=20.0,lift_mm=10.0,retreat=0|v10|stop",bead,flooring,15.0,1,0,0,0,0,1,0,0,0,0,0,,
"cloche|backstop=None,bump_mm=0.5,clearance_mm=1.0,drop_speed_mm_s=20.0,lift_mm=10.0,retreat=0|v10|stop",bead,mat,0.0,1,1,0,0,0,0,0,1,0,1,0,5.03,8.76
"cloche|backstop=None,bump_mm=0.5,clearance_mm=1.0,drop_speed_mm_s=20.0,lift_mm=10.0,retreat=0|v10|stop",bead,mat,5.0,1,1,0,0,0,0,0,1,0,1,0,5.04,1.25
"cloche|backstop=None,bump_mm=0.5,clearance_mm=1.0,drop_speed_mm_s=20.0,lift_mm=10.0,retreat=0|v10|stop",bead,mat,10.0,1,1,0,0,0,0,0,1,0,1,0,5.04,6.22
"cloche|backstop=None,bump_mm=0.5,clearance_mm=1.0,drop_speed_mm_s=20.0,lift_mm=10.0,retreat=0|v10|stop",bead,mat,15.0,1,0,0,0,0,0,1,1,0,1,0,2.46,7.01
"cloche|backstop=None,bump_mm=0.5,clearance_mm=1.0,drop_speed_mm_s=20.0,lift_mm=10.0,retreat=0|v10|stop",coin_1yen,flooring,0.0,1,1,0,0,0,0,0,1,0,1,0,11.04,0.01
"cloche|backstop=None,bump_mm=0.5,clearance_mm=1.0,drop_speed_mm_s=20.0,lift_mm=10.0,retreat=0|v10|stop",coin_1yen,flooring,5.0,1,1,0,0,0,0,0,1,0,1,0,11.02,4.84
"cloche|backstop=None,bump_mm=0.5,clearance_mm=1.0,drop_speed_mm_s=20.0,lift_mm=10.0,retreat=0|v10|stop",coin_1yen,flooring,10.0,1,1,0,0,0,0,0,1,0,1,0,11.03,10.03
"cloche|backstop=None,bump_mm=0.5,clearance_mm=1.0,drop_speed_mm_s=20.0,lift_mm=10.0,retreat=0|v10|stop",coin_1yen,flooring,15.0,1,1,0,0,0,0,0,1,0,1,0,11.03,14.98
"cloche|backstop=None,bump_mm=0.5,clearance_mm=1.0,drop_speed_mm_s=20.0,lift_mm=10.0,retreat=0|v10|stop",coin_1yen,mat,0.0,1,1,0,0,0,0,0,1,0,1,0,11.04,0.01
"cloche|backstop=None,bump_mm=0.5,clearance_mm=1.0,drop_speed_mm_s=20.0,lift_mm=10.0,retreat=0|v10|stop",coin_1yen,mat,5.0,1,1,0,0,0,0,0,1,0,1,0,11.03,4.75
"cloche|backstop=None,bump_mm=0.5,clearance_mm=1.0,drop_speed_mm_s=20.0,lift_mm=10.0,retreat=0|v10|stop",coin_1yen,mat,10.0,1,1,0,0,0,0,0,1,0,1,0,11.03,10.03
"cloche|backstop=None,bump_mm=0.5,clearance_mm=1.0,drop_speed_mm_s=20.0,lift_mm=10.0,retreat=0|v10|stop",coin_1yen,mat,15.0,1,1,0,0,0,0,0,1,0,1,0,11.03,14.98
"cloche|backstop=None,bump_mm=0.5,clearance_mm=1.0,drop_speed_mm_s=20.0,lift_mm=10.0,retreat=0|v10|stop",crumb_cube,flooring,0.0,1,1,0,0,0,0,0,1,0,1,0,8.10,0.18
"cloche|backstop=None,bump_mm=0.5,clearance_mm=1.0,drop_speed_mm_s=20.0,lift_mm=10.0,retreat=0|v10|stop",crumb_cube,flooring,5.0,1,1,0,0,0,0,0,1,0,1,0,8.11,5.12
"cloche|backstop=None,bump_mm=0.5,clearance_mm=1.0,drop_speed_mm_s=20.0,lift_mm=10.0,retreat=0|v10|stop",crumb_cube,flooring,10.0,1,0,0,0,0,0,1,1,0,1,0,,
"cloche|backstop=None,bump_mm=0.5,clearance_mm=1.0,drop_speed_mm_s=20.0,lift_mm=10.0,retreat=0|v10|stop",crumb_cube,flooring,15.0,1,0,0,0,0,1,0,0,0,0,0,,
"cloche|backstop=None,bump_mm=0.5,clearance_mm=1.0,drop_speed_mm_s=20.0,lift_mm=10.0,retreat=0|v10|stop",crumb_cube,mat,0.0,1,1,0,0,0,0,0,1,0,1,0,8.10,0.18
"cloche|backstop=None,bump_mm=0.5,clearance_mm=1.0,drop_speed_mm_s=20.0,lift_mm=10.0,retreat=0|v10|stop",crumb_cube,mat,5.0,1,1,0,0,0,0,0,1,0,1,0,8.11,5.12
"cloche|backstop=None,bump_mm=0.5,clearance_mm=1.0,drop_speed_mm_s=20.0,lift_mm=10.0,retreat=0|v10|stop",crumb_cube,mat,10.0,1,0,0,0,0,0,1,1,0,1,0,,
"cloche|backstop=None,bump_mm=0.5,clearance_mm=1.0,drop_speed_mm_s=20.0,lift_mm=10.0,retreat=0|v10|stop",crumb_cube,mat,15.0,1,0,0,0,0,1,0,0,0,0,0,,
"cloche|backstop=None,bump_mm=0.5,clearance_mm=1.0,drop_speed_mm_s=20.0,lift_mm=10.0,retreat=30|v10|stop",battery_cr2032,flooring,0.0,1,1,0,0,0,0,0,1,0,1,0,11.04,0.04
"cloche|backstop=None,bump_mm=0.5,clearance_mm=1.0,drop_speed_mm_s=20.0,lift_mm=10.0,retreat=30|v10|stop",battery_cr2032,flooring,5.0,1,0,0,0,0,0,1,1,0,1,0,,
"cloche|backstop=None,bump_mm=0.5,clearance_mm=1.0,drop_speed_mm_s=20.0,lift_mm=10.0,retreat=30|v10|stop",battery_cr2032,flooring,10.0,1,0,0,0,0,0,1,1,0,1,0,,
"cloche|backstop=None,bump_mm=0.5,clearance_mm=1.0,drop_speed_mm_s=20.0,lift_mm=10.0,retreat=30|v10|stop",battery_cr2032,flooring,15.0,1,0,0,0,0,0,1,1,0,1,0,,
"cloche|backstop=None,bump_mm=0.5,clearance_mm=1.0,drop_speed_mm_s=20.0,lift_mm=10.0,retreat=30|v10|stop",battery_cr2032,mat,0.0,1,1,0,0,0,0,0,1,0,1,0,11.04,0.04
"cloche|backstop=None,bump_mm=0.5,clearance_mm=1.0,drop_speed_mm_s=20.0,lift_mm=10.0,retreat=30|v10|stop",battery_cr2032,mat,5.0,1,0,0,0,0,0,1,1,0,1,0,,
"cloche|backstop=None,bump_mm=0.5,clearance_mm=1.0,drop_speed_mm_s=20.0,lift_mm=10.0,retreat=30|v10|stop",battery_cr2032,mat,10.0,1,0,0,0,0,0,1,1,0,1,0,,
"cloche|backstop=None,bump_mm=0.5,clearance_mm=1.0,drop_speed_mm_s=20.0,lift_mm=10.0,retreat=30|v10|stop",battery_cr2032,mat,15.0,1,0,0,0,0,0,1,1,0,1,0,,
"cloche|backstop=None,bump_mm=0.5,clearance_mm=1.0,drop_speed_mm_s=20.0,lift_mm=10.0,retreat=30|v10|stop",bead,flooring,0.0,1,1,0,0,0,0,0,1,0,1,0,5.03,8.76
"cloche|backstop=None,bump_mm=0.5,clearance_mm=1.0,drop_speed_mm_s=20.0,lift_mm=10.0,retreat=30|v10|stop",bead,flooring,5.0,1,1,0,0,0,0,0,1,0,1,0,5.04,1.25
"cloche|backstop=None,bump_mm=0.5,clearance_mm=1.0,drop_speed_mm_s=20.0,lift_mm=10.0,retreat=30|v10|stop",bead,flooring,10.0,1,0,0,0,0,0,1,1,0,1,0,2.68,7.45
"cloche|backstop=None,bump_mm=0.5,clearance_mm=1.0,drop_speed_mm_s=20.0,lift_mm=10.0,retreat=30|v10|stop",bead,flooring,15.0,1,0,0,0,0,1,0,0,0,0,0,,
"cloche|backstop=None,bump_mm=0.5,clearance_mm=1.0,drop_speed_mm_s=20.0,lift_mm=10.0,retreat=30|v10|stop",bead,mat,0.0,1,1,0,0,0,0,0,1,0,1,0,5.03,8.76
"cloche|backstop=None,bump_mm=0.5,clearance_mm=1.0,drop_speed_mm_s=20.0,lift_mm=10.0,retreat=30|v10|stop",bead,mat,5.0,1,1,0,0,0,0,0,1,0,1,0,5.04,1.25
"cloche|backstop=None,bump_mm=0.5,clearance_mm=1.0,drop_speed_mm_s=20.0,lift_mm=10.0,retreat=30|v10|stop",bead,mat,10.0,1,1,0,0,0,0,0,1,0,1,0,5.04,6.22
"cloche|backstop=None,bump_mm=0.5,clearance_mm=1.0,drop_speed_mm_s=20.0,lift_mm=10.0,retreat=30|v10|stop",bead,mat,15.0,1,0,0,0,0,0,1,1,0,1,0,2.46,7.01
"cloche|backstop=None,bump_mm=0.5,clearance_mm=1.0,drop_speed_mm_s=20.0,lift_mm=10.0,retreat=30|v10|stop",coin_1yen,flooring,0.0,1,1,0,0,0,0,0,1,0,1,0,11.04,0.01
"cloche|backstop=None,bump_mm=0.5,clearance_mm=1.0,drop_speed_mm_s=20.0,lift_mm=10.0,retreat=30|v10|stop",coin_1yen,flooring,5.0,1,1,0,0,0,0,0,1,0,1,0,11.02,4.84
"cloche|backstop=None,bump_mm=0.5,clearance_mm=1.0,drop_speed_mm_s=20.0,lift_mm=10.0,retreat=30|v10|stop",coin_1yen,flooring,10.0,1,1,0,0,0,0,0,1,0,1,0,11.03,10.03
"cloche|backstop=None,bump_mm=0.5,clearance_mm=1.0,drop_speed_mm_s=20.0,lift_mm=10.0,retreat=30|v10|stop",coin_1yen,flooring,15.0,1,0,0,1,0,0,0,1,1,0,1,11.03,14.98
"cloche|backstop=None,bump_mm=0.5,clearance_mm=1.0,drop_speed_mm_s=20.0,lift_mm=10.0,retreat=30|v10|stop",coin_1yen,mat,0.0,1,1,0,0,0,0,0,1,0,1,0,11.04,0.01
"cloche|backstop=None,bump_mm=0.5,clearance_mm=1.0,drop_speed_mm_s=20.0,lift_mm=10.0,retreat=30|v10|stop",coin_1yen,mat,5.0,1,1,0,0,0,0,0,1,0,1,0,11.03,4.75
"cloche|backstop=None,bump_mm=0.5,clearance_mm=1.0,drop_speed_mm_s=20.0,lift_mm=10.0,retreat=30|v10|stop",coin_1yen,mat,10.0,1,1,0,0,0,0,0,1,0,1,0,11.03,10.03
"cloche|backstop=None,bump_mm=0.5,clearance_mm=1.0,drop_speed_mm_s=20.0,lift_mm=10.0,retreat=30|v10|stop",coin_1yen,mat,15.0,1,0,0,1,0,0,0,1,1,0,1,11.03,14.98
"cloche|backstop=None,bump_mm=0.5,clearance_mm=1.0,drop_speed_mm_s=20.0,lift_mm=10.0,retreat=30|v10|stop",crumb_cube,flooring,0.0,1,1,0,0,0,0,0,1,0,1,0,8.10,0.18
"cloche|backstop=None,bump_mm=0.5,clearance_mm=1.0,drop_speed_mm_s=20.0,lift_mm=10.0,retreat=30|v10|stop",crumb_cube,flooring,5.0,1,1,0,0,0,0,0,1,0,1,0,8.11,5.12
"cloche|backstop=None,bump_mm=0.5,clearance_mm=1.0,drop_speed_mm_s=20.0,lift_mm=10.0,retreat=30|v10|stop",crumb_cube,flooring,10.0,1,0,0,0,0,0,1,1,0,1,0,,
"cloche|backstop=None,bump_mm=0.5,clearance_mm=1.0,drop_speed_mm_s=20.0,lift_mm=10.0,retreat=30|v10|stop",crumb_cube,flooring,15.0,1,0,0,0,0,1,0,0,0,0,0,,
"cloche|backstop=None,bump_mm=0.5,clearance_mm=1.0,drop_speed_mm_s=20.0,lift_mm=10.0,retreat=30|v10|stop",crumb_cube,mat,0.0,1,1,0,0,0,0,0,1,0,1,0,8.10,0.18
"cloche|backstop=None,bump_mm=0.5,clearance_mm=1.0,drop_speed_mm_s=20.0,lift_mm=10.0,retreat=30|v10|stop",crumb_cube,mat,5.0,1,1,0,0,0,0,0,1,0,1,0,8.11,5.12
"cloche|backstop=None,bump_mm=0.5,clearance_mm=1.0,drop_speed_mm_s=20.0,lift_mm=10.0,retreat=30|v10|stop",crumb_cube,mat,10.0,1,0,0,0,0,0,1,1,0,1,0,,
"cloche|backstop=None,bump_mm=0.5,clearance_mm=1.0,drop_speed_mm_s=20.0,lift_mm=10.0,retreat=30|v10|stop",crumb_cube,mat,15.0,1,0,0,0,0,1,0,0,0,0,0,,
"cloche|backstop=None,bump_mm=0.5,clearance_mm=1.0,drop_speed_mm_s=20.0,lift_mm=3.0,retreat=-30|v10|stop",battery_cr2032,flooring,0.0,1,1,0,0,0,0,0,1,0,1,0,11.04,0.04
"cloche|backstop=None,bump_mm=0.5,clearance_mm=1.0,drop_speed_mm_s=20.0,lift_mm=3.0,retreat=-30|v10|stop",battery_cr2032,flooring,5.0,1,0,0,0,0,0,1,1,0,1,0,,
"cloche|backstop=None,bump_mm=0.5,clearance_mm=1.0,drop_speed_mm_s=20.0,lift_mm=3.0,retreat=-30|v10|stop",battery_cr2032,flooring,10.0,1,0,0,0,0,0,1,1,0,1,0,,
"cloche|backstop=None,bump_mm=0.5,clearance_mm=1.0,drop_speed_mm_s=20.0,lift_mm=3.0,retreat=-30|v10|stop",battery_cr2032,flooring,15.0,1,0,0,0,0,0,1,1,0,1,0,,
"cloche|backstop=None,bump_mm=0.5,clearance_mm=1.0,drop_speed_mm_s=20.0,lift_mm=3.0,retreat=-30|v10|stop",battery_cr2032,mat,0.0,1,1,0,0,0,0,0,1,0,1,0,11.04,0.04
"cloche|backstop=None,bump_mm=0.5,clearance_mm=1.0,drop_speed_mm_s=20.0,lift_mm=3.0,retreat=-30|v10|stop",battery_cr2032,mat,5.0,1,0,0,0,0,0,1,1,0,1,0,,
"cloche|backstop=None,bump_mm=0.5,clearance_mm=1.0,drop_speed_mm_s=20.0,lift_mm=3.0,retreat=-30|v10|stop",battery_cr2032,mat,10.0,1,0,0,0,0,0,1,1,0,1,0,,
"cloche|backstop=None,bump_mm=0.5,clearance_mm=1.0,drop_speed_mm_s=20.0,lift_mm=3.0,retreat=-30|v10|stop",battery_cr2032,mat,15.0,1,0,0,0,0,0,1,1,0,1,0,,
"cloche|backstop=None,bump_mm=0.5,clearance_mm=1.0,drop_speed_mm_s=20.0,lift_mm=3.0,retreat=-30|v10|stop",bead,flooring,0.0,1,1,0,0,0,0,0,1,0,1,0,5.03,8.76
"cloche|backstop=None,bump_mm=0.5,clearance_mm=1.0,drop_speed_mm_s=20.0,lift_mm=3.0,retreat=-30|v10|stop",bead,flooring,5.0,1,1,0,0,0,0,0,1,0,1,0,5.04,1.25
"cloche|backstop=None,bump_mm=0.5,clearance_mm=1.0,drop_speed_mm_s=20.0,lift_mm=3.0,retreat=-30|v10|stop",bead,flooring,10.0,1,1,0,0,0,0,0,1,1,0,1,5.05,11.00
"cloche|backstop=None,bump_mm=0.5,clearance_mm=1.0,drop_speed_mm_s=20.0,lift_mm=3.0,retreat=-30|v10|stop",bead,flooring,15.0,1,1,0,0,0,0,0,1,1,0,1,5.05,11.00
"cloche|backstop=None,bump_mm=0.5,clearance_mm=1.0,drop_speed_mm_s=20.0,lift_mm=3.0,retreat=-30|v10|stop",bead,mat,0.0,1,1,0,0,0,0,0,1,0,1,0,5.03,8.76
"cloche|backstop=None,bump_mm=0.5,clearance_mm=1.0,drop_speed_mm_s=20.0,lift_mm=3.0,retreat=-30|v10|stop",bead,mat,5.0,1,1,0,0,0,0,0,1,0,1,0,5.04,1.25
"cloche|backstop=None,bump_mm=0.5,clearance_mm=1.0,drop_speed_mm_s=20.0,lift_mm=3.0,retreat=-30|v10|stop",bead,mat,10.0,1,1,0,0,0,0,0,1,0,1,0,5.04,6.22
"cloche|backstop=None,bump_mm=0.5,clearance_mm=1.0,drop_speed_mm_s=20.0,lift_mm=3.0,retreat=-30|v10|stop",bead,mat,15.0,1,1,0,0,0,0,0,1,1,0,1,6.61,11.00
"cloche|backstop=None,bump_mm=0.5,clearance_mm=1.0,drop_speed_mm_s=20.0,lift_mm=3.0,retreat=-30|v10|stop",coin_1yen,flooring,0.0,1,1,0,0,0,0,0,1,0,1,0,11.04,0.01
"cloche|backstop=None,bump_mm=0.5,clearance_mm=1.0,drop_speed_mm_s=20.0,lift_mm=3.0,retreat=-30|v10|stop",coin_1yen,flooring,5.0,1,1,0,0,0,0,0,1,0,1,0,11.03,4.86
"cloche|backstop=None,bump_mm=0.5,clearance_mm=1.0,drop_speed_mm_s=20.0,lift_mm=3.0,retreat=-30|v10|stop",coin_1yen,flooring,10.0,1,1,0,0,0,0,0,1,0,1,0,11.03,10.03
"cloche|backstop=None,bump_mm=0.5,clearance_mm=1.0,drop_speed_mm_s=20.0,lift_mm=3.0,retreat=-30|v10|stop",coin_1yen,flooring,15.0,1,1,0,0,0,0,0,1,0,1,0,11.04,14.98
"cloche|backstop=None,bump_mm=0.5,clearance_mm=1.0,drop_speed_mm_s=20.0,lift_mm=3.0,retreat=-30|v10|stop",coin_1yen,mat,0.0,1,1,0,0,0,0,0,1,0,1,0,11.03,0.01
"cloche|backstop=None,bump_mm=0.5,clearance_mm=1.0,drop_speed_mm_s=20.0,lift_mm=3.0,retreat=-30|v10|stop",coin_1yen,mat,5.0,1,1,0,0,0,0,0,1,0,1,0,11.03,4.71
"cloche|backstop=None,bump_mm=0.5,clearance_mm=1.0,drop_speed_mm_s=20.0,lift_mm=3.0,retreat=-30|v10|stop",coin_1yen,mat,10.0,1,1,0,0,0,0,0,1,0,1,0,11.03,10.02
"cloche|backstop=None,bump_mm=0.5,clearance_mm=1.0,drop_speed_mm_s=20.0,lift_mm=3.0,retreat=-30|v10|stop",coin_1yen,mat,15.0,1,1,0,0,0,0,0,1,0,1,0,11.04,14.98
"cloche|backstop=None,bump_mm=0.5,clearance_mm=1.0,drop_speed_mm_s=20.0,lift_mm=3.0,retreat=-30|v10|stop",crumb_cube,flooring,0.0,1,1,0,0,0,0,0,1,0,1,0,8.10,0.18
"cloche|backstop=None,bump_mm=0.5,clearance_mm=1.0,drop_speed_mm_s=20.0,lift_mm=3.0,retreat=-30|v10|stop",crumb_cube,flooring,5.0,1,1,0,0,0,0,0,1,0,1,0,8.11,5.12
"cloche|backstop=None,bump_mm=0.5,clearance_mm=1.0,drop_speed_mm_s=20.0,lift_mm=3.0,retreat=-30|v10|stop",crumb_cube,flooring,10.0,1,1,0,0,0,0,0,1,1,0,1,8.11,9.12
"cloche|backstop=None,bump_mm=0.5,clearance_mm=1.0,drop_speed_mm_s=20.0,lift_mm=3.0,retreat=-30|v10|stop",crumb_cube,flooring,15.0,1,1,0,0,0,0,0,1,1,0,1,8.10,9.37
"cloche|backstop=None,bump_mm=0.5,clearance_mm=1.0,drop_speed_mm_s=20.0,lift_mm=3.0,retreat=-30|v10|stop",crumb_cube,mat,0.0,1,1,0,0,0,0,0,1,0,1,0,8.10,0.18
"cloche|backstop=None,bump_mm=0.5,clearance_mm=1.0,drop_speed_mm_s=20.0,lift_mm=3.0,retreat=-30|v10|stop",crumb_cube,mat,5.0,1,1,0,0,0,0,0,1,0,1,0,8.11,5.12
"cloche|backstop=None,bump_mm=0.5,clearance_mm=1.0,drop_speed_mm_s=20.0,lift_mm=3.0,retreat=-30|v10|stop",crumb_cube,mat,10.0,1,1,0,0,0,0,0,1,1,0,1,8.11,9.12
"cloche|backstop=None,bump_mm=0.5,clearance_mm=1.0,drop_speed_mm_s=20.0,lift_mm=3.0,retreat=-30|v10|stop",crumb_cube,mat,15.0,1,1,0,0,0,0,0,1,1,0,1,8.10,9.37
"cloche|backstop=None,bump_mm=0.5,clearance_mm=1.0,drop_speed_mm_s=20.0,lift_mm=3.0,retreat=0|v10|stop",battery_cr2032,flooring,0.0,1,1,0,0,0,0,0,1,0,1,0,11.04,0.04
"cloche|backstop=None,bump_mm=0.5,clearance_mm=1.0,drop_speed_mm_s=20.0,lift_mm=3.0,retreat=0|v10|stop",battery_cr2032,flooring,5.0,1,0,0,0,0,0,1,1,0,1,0,,
"cloche|backstop=None,bump_mm=0.5,clearance_mm=1.0,drop_speed_mm_s=20.0,lift_mm=3.0,retreat=0|v10|stop",battery_cr2032,flooring,10.0,1,0,0,0,0,0,1,1,0,1,0,,
"cloche|backstop=None,bump_mm=0.5,clearance_mm=1.0,drop_speed_mm_s=20.0,lift_mm=3.0,retreat=0|v10|stop",battery_cr2032,flooring,15.0,1,0,0,0,0,0,1,1,0,1,0,,
"cloche|backstop=None,bump_mm=0.5,clearance_mm=1.0,drop_speed_mm_s=20.0,lift_mm=3.0,retreat=0|v10|stop",battery_cr2032,mat,0.0,1,1,0,0,0,0,0,1,0,1,0,11.04,0.04
"cloche|backstop=None,bump_mm=0.5,clearance_mm=1.0,drop_speed_mm_s=20.0,lift_mm=3.0,retreat=0|v10|stop",battery_cr2032,mat,5.0,1,0,0,0,0,0,1,1,0,1,0,,
"cloche|backstop=None,bump_mm=0.5,clearance_mm=1.0,drop_speed_mm_s=20.0,lift_mm=3.0,retreat=0|v10|stop",battery_cr2032,mat,10.0,1,0,0,0,0,0,1,1,0,1,0,,
"cloche|backstop=None,bump_mm=0.5,clearance_mm=1.0,drop_speed_mm_s=20.0,lift_mm=3.0,retreat=0|v10|stop",battery_cr2032,mat,15.0,1,0,0,0,0,0,1,1,0,1,0,,
"cloche|backstop=None,bump_mm=0.5,clearance_mm=1.0,drop_speed_mm_s=20.0,lift_mm=3.0,retreat=0|v10|stop",bead,flooring,0.0,1,1,0,0,0,0,0,1,0,1,0,5.03,8.76
"cloche|backstop=None,bump_mm=0.5,clearance_mm=1.0,drop_speed_mm_s=20.0,lift_mm=3.0,retreat=0|v10|stop",bead,flooring,5.0,1,1,0,0,0,0,0,1,0,1,0,5.04,1.25
"cloche|backstop=None,bump_mm=0.5,clearance_mm=1.0,drop_speed_mm_s=20.0,lift_mm=3.0,retreat=0|v10|stop",bead,flooring,10.0,1,1,0,0,0,0,0,1,1,0,1,5.05,11.00
"cloche|backstop=None,bump_mm=0.5,clearance_mm=1.0,drop_speed_mm_s=20.0,lift_mm=3.0,retreat=0|v10|stop",bead,flooring,15.0,1,1,0,0,0,0,0,1,1,0,1,5.05,11.00
"cloche|backstop=None,bump_mm=0.5,clearance_mm=1.0,drop_speed_mm_s=20.0,lift_mm=3.0,retreat=0|v10|stop",bead,mat,0.0,1,1,0,0,0,0,0,1,0,1,0,5.03,8.76
"cloche|backstop=None,bump_mm=0.5,clearance_mm=1.0,drop_speed_mm_s=20.0,lift_mm=3.0,retreat=0|v10|stop",bead,mat,5.0,1,1,0,0,0,0,0,1,0,1,0,5.04,1.25
"cloche|backstop=None,bump_mm=0.5,clearance_mm=1.0,drop_speed_mm_s=20.0,lift_mm=3.0,retreat=0|v10|stop",bead,mat,10.0,1,1,0,0,0,0,0,1,0,1,0,5.04,6.22
"cloche|backstop=None,bump_mm=0.5,clearance_mm=1.0,drop_speed_mm_s=20.0,lift_mm=3.0,retreat=0|v10|stop",bead,mat,15.0,1,1,0,0,0,0,0,1,1,0,1,6.61,11.00
"cloche|backstop=None,bump_mm=0.5,clearance_mm=1.0,drop_speed_mm_s=20.0,lift_mm=3.0,retreat=0|v10|stop",coin_1yen,flooring,0.0,1,1,0,0,0,0,0,1,0,1,0,11.04,0.01
"cloche|backstop=None,bump_mm=0.5,clearance_mm=1.0,drop_speed_mm_s=20.0,lift_mm=3.0,retreat=0|v10|stop",coin_1yen,flooring,5.0,1,1,0,0,0,0,0,1,0,1,0,11.03,4.86
"cloche|backstop=None,bump_mm=0.5,clearance_mm=1.0,drop_speed_mm_s=20.0,lift_mm=3.0,retreat=0|v10|stop",coin_1yen,flooring,10.0,1,1,0,0,0,0,0,1,0,1,0,11.03,10.03
"cloche|backstop=None,bump_mm=0.5,clearance_mm=1.0,drop_speed_mm_s=20.0,lift_mm=3.0,retreat=0|v10|stop",coin_1yen,flooring,15.0,1,1,0,0,0,0,0,1,0,1,0,11.04,14.98
"cloche|backstop=None,bump_mm=0.5,clearance_mm=1.0,drop_speed_mm_s=20.0,lift_mm=3.0,retreat=0|v10|stop",coin_1yen,mat,0.0,1,1,0,0,0,0,0,1,0,1,0,11.03,0.01
"cloche|backstop=None,bump_mm=0.5,clearance_mm=1.0,drop_speed_mm_s=20.0,lift_mm=3.0,retreat=0|v10|stop",coin_1yen,mat,5.0,1,1,0,0,0,0,0,1,0,1,0,11.03,4.71
"cloche|backstop=None,bump_mm=0.5,clearance_mm=1.0,drop_speed_mm_s=20.0,lift_mm=3.0,retreat=0|v10|stop",coin_1yen,mat,10.0,1,1,0,0,0,0,0,1,0,1,0,11.03,10.02
"cloche|backstop=None,bump_mm=0.5,clearance_mm=1.0,drop_speed_mm_s=20.0,lift_mm=3.0,retreat=0|v10|stop",coin_1yen,mat,15.0,1,1,0,0,0,0,0,1,0,1,0,11.04,14.98
"cloche|backstop=None,bump_mm=0.5,clearance_mm=1.0,drop_speed_mm_s=20.0,lift_mm=3.0,retreat=0|v10|stop",crumb_cube,flooring,0.0,1,1,0,0,0,0,0,1,0,1,0,8.10,0.18
"cloche|backstop=None,bump_mm=0.5,clearance_mm=1.0,drop_speed_mm_s=20.0,lift_mm=3.0,retreat=0|v10|stop",crumb_cube,flooring,5.0,1,1,0,0,0,0,0,1,0,1,0,8.11,5.12
"cloche|backstop=None,bump_mm=0.5,clearance_mm=1.0,drop_speed_mm_s=20.0,lift_mm=3.0,retreat=0|v10|stop",crumb_cube,flooring,10.0,1,1,0,0,0,0,0,1,1,0,1,8.11,9.12
"cloche|backstop=None,bump_mm=0.5,clearance_mm=1.0,drop_speed_mm_s=20.0,lift_mm=3.0,retreat=0|v10|stop",crumb_cube,flooring,15.0,1,1,0,0,0,0,0,1,1,0,1,8.10,9.37
"cloche|backstop=None,bump_mm=0.5,clearance_mm=1.0,drop_speed_mm_s=20.0,lift_mm=3.0,retreat=0|v10|stop",crumb_cube,mat,0.0,1,1,0,0,0,0,0,1,0,1,0,8.10,0.18
"cloche|backstop=None,bump_mm=0.5,clearance_mm=1.0,drop_speed_mm_s=20.0,lift_mm=3.0,retreat=0|v10|stop",crumb_cube,mat,5.0,1,1,0,0,0,0,0,1,0,1,0,8.11,5.12
"cloche|backstop=None,bump_mm=0.5,clearance_mm=1.0,drop_speed_mm_s=20.0,lift_mm=3.0,retreat=0|v10|stop",crumb_cube,mat,10.0,1,1,0,0,0,0,0,1,1,0,1,8.11,9.12
"cloche|backstop=None,bump_mm=0.5,clearance_mm=1.0,drop_speed_mm_s=20.0,lift_mm=3.0,retreat=0|v10|stop",crumb_cube,mat,15.0,1,1,0,0,0,0,0,1,1,0,1,8.10,9.37
"cloche|backstop=None,bump_mm=0.5,clearance_mm=1.0,drop_speed_mm_s=20.0,lift_mm=3.0,retreat=30|v10|stop",battery_cr2032,flooring,0.0,1,1,0,0,0,0,0,1,0,1,0,11.04,0.04
"cloche|backstop=None,bump_mm=0.5,clearance_mm=1.0,drop_speed_mm_s=20.0,lift_mm=3.0,retreat=30|v10|stop",battery_cr2032,flooring,5.0,1,0,0,0,0,0,1,1,0,1,0,,
"cloche|backstop=None,bump_mm=0.5,clearance_mm=1.0,drop_speed_mm_s=20.0,lift_mm=3.0,retreat=30|v10|stop",battery_cr2032,flooring,10.0,1,0,0,0,0,0,1,1,0,1,0,,
"cloche|backstop=None,bump_mm=0.5,clearance_mm=1.0,drop_speed_mm_s=20.0,lift_mm=3.0,retreat=30|v10|stop",battery_cr2032,flooring,15.0,1,0,0,0,0,0,1,1,0,1,0,,
"cloche|backstop=None,bump_mm=0.5,clearance_mm=1.0,drop_speed_mm_s=20.0,lift_mm=3.0,retreat=30|v10|stop",battery_cr2032,mat,0.0,1,1,0,0,0,0,0,1,0,1,0,11.04,0.04
"cloche|backstop=None,bump_mm=0.5,clearance_mm=1.0,drop_speed_mm_s=20.0,lift_mm=3.0,retreat=30|v10|stop",battery_cr2032,mat,5.0,1,0,0,0,0,0,1,1,0,1,0,,
"cloche|backstop=None,bump_mm=0.5,clearance_mm=1.0,drop_speed_mm_s=20.0,lift_mm=3.0,retreat=30|v10|stop",battery_cr2032,mat,10.0,1,0,0,0,0,0,1,1,0,1,0,,
"cloche|backstop=None,bump_mm=0.5,clearance_mm=1.0,drop_speed_mm_s=20.0,lift_mm=3.0,retreat=30|v10|stop",battery_cr2032,mat,15.0,1,0,0,0,0,0,1,1,0,1,0,,
"cloche|backstop=None,bump_mm=0.5,clearance_mm=1.0,drop_speed_mm_s=20.0,lift_mm=3.0,retreat=30|v10|stop",bead,flooring,0.0,1,1,0,0,0,0,0,1,0,1,0,5.03,8.76
"cloche|backstop=None,bump_mm=0.5,clearance_mm=1.0,drop_speed_mm_s=20.0,lift_mm=3.0,retreat=30|v10|stop",bead,flooring,5.0,1,1,0,0,0,0,0,1,0,1,0,5.04,1.25
"cloche|backstop=None,bump_mm=0.5,clearance_mm=1.0,drop_speed_mm_s=20.0,lift_mm=3.0,retreat=30|v10|stop",bead,flooring,10.0,1,1,0,0,0,0,0,1,1,0,1,5.05,11.00
"cloche|backstop=None,bump_mm=0.5,clearance_mm=1.0,drop_speed_mm_s=20.0,lift_mm=3.0,retreat=30|v10|stop",bead,flooring,15.0,1,1,0,0,0,0,0,1,1,0,1,5.05,11.00
"cloche|backstop=None,bump_mm=0.5,clearance_mm=1.0,drop_speed_mm_s=20.0,lift_mm=3.0,retreat=30|v10|stop",bead,mat,0.0,1,1,0,0,0,0,0,1,0,1,0,5.03,8.76
"cloche|backstop=None,bump_mm=0.5,clearance_mm=1.0,drop_speed_mm_s=20.0,lift_mm=3.0,retreat=30|v10|stop",bead,mat,5.0,1,1,0,0,0,0,0,1,0,1,0,5.04,1.25
"cloche|backstop=None,bump_mm=0.5,clearance_mm=1.0,drop_speed_mm_s=20.0,lift_mm=3.0,retreat=30|v10|stop",bead,mat,10.0,1,1,0,0,0,0,0,1,0,1,0,5.04,6.22
"cloche|backstop=None,bump_mm=0.5,clearance_mm=1.0,drop_speed_mm_s=20.0,lift_mm=3.0,retreat=30|v10|stop",bead,mat,15.0,1,1,0,0,0,0,0,1,1,0,1,6.61,11.00
"cloche|backstop=None,bump_mm=0.5,clearance_mm=1.0,drop_speed_mm_s=20.0,lift_mm=3.0,retreat=30|v10|stop",coin_1yen,flooring,0.0,1,1,0,0,0,0,0,1,0,1,0,11.04,0.01
"cloche|backstop=None,bump_mm=0.5,clearance_mm=1.0,drop_speed_mm_s=20.0,lift_mm=3.0,retreat=30|v10|stop",coin_1yen,flooring,5.0,1,1,0,0,0,0,0,1,0,1,0,11.03,4.86
"cloche|backstop=None,bump_mm=0.5,clearance_mm=1.0,drop_speed_mm_s=20.0,lift_mm=3.0,retreat=30|v10|stop",coin_1yen,flooring,10.0,1,1,0,0,0,0,0,1,0,1,0,11.03,10.03
"cloche|backstop=None,bump_mm=0.5,clearance_mm=1.0,drop_speed_mm_s=20.0,lift_mm=3.0,retreat=30|v10|stop",coin_1yen,flooring,15.0,1,0,0,1,0,0,0,1,1,0,1,11.04,14.98
"cloche|backstop=None,bump_mm=0.5,clearance_mm=1.0,drop_speed_mm_s=20.0,lift_mm=3.0,retreat=30|v10|stop",coin_1yen,mat,0.0,1,1,0,0,0,0,0,1,0,1,0,11.03,0.01
"cloche|backstop=None,bump_mm=0.5,clearance_mm=1.0,drop_speed_mm_s=20.0,lift_mm=3.0,retreat=30|v10|stop",coin_1yen,mat,5.0,1,1,0,0,0,0,0,1,0,1,0,11.03,4.71
"cloche|backstop=None,bump_mm=0.5,clearance_mm=1.0,drop_speed_mm_s=20.0,lift_mm=3.0,retreat=30|v10|stop",coin_1yen,mat,10.0,1,1,0,0,0,0,0,1,0,1,0,11.03,10.02
"cloche|backstop=None,bump_mm=0.5,clearance_mm=1.0,drop_speed_mm_s=20.0,lift_mm=3.0,retreat=30|v10|stop",coin_1yen,mat,15.0,1,0,0,1,0,0,0,1,1,0,1,11.04,14.98
"cloche|backstop=None,bump_mm=0.5,clearance_mm=1.0,drop_speed_mm_s=20.0,lift_mm=3.0,retreat=30|v10|stop",crumb_cube,flooring,0.0,1,1,0,0,0,0,0,1,0,1,0,8.10,0.18
"cloche|backstop=None,bump_mm=0.5,clearance_mm=1.0,drop_speed_mm_s=20.0,lift_mm=3.0,retreat=30|v10|stop",crumb_cube,flooring,5.0,1,1,0,0,0,0,0,1,0,1,0,8.11,5.12
"cloche|backstop=None,bump_mm=0.5,clearance_mm=1.0,drop_speed_mm_s=20.0,lift_mm=3.0,retreat=30|v10|stop",crumb_cube,flooring,10.0,1,1,0,0,0,0,0,1,1,0,1,8.11,9.12
"cloche|backstop=None,bump_mm=0.5,clearance_mm=1.0,drop_speed_mm_s=20.0,lift_mm=3.0,retreat=30|v10|stop",crumb_cube,flooring,15.0,1,1,0,0,0,0,0,1,1,0,1,8.10,9.37
"cloche|backstop=None,bump_mm=0.5,clearance_mm=1.0,drop_speed_mm_s=20.0,lift_mm=3.0,retreat=30|v10|stop",crumb_cube,mat,0.0,1,1,0,0,0,0,0,1,0,1,0,8.10,0.18
"cloche|backstop=None,bump_mm=0.5,clearance_mm=1.0,drop_speed_mm_s=20.0,lift_mm=3.0,retreat=30|v10|stop",crumb_cube,mat,5.0,1,1,0,0,0,0,0,1,0,1,0,8.11,5.12
"cloche|backstop=None,bump_mm=0.5,clearance_mm=1.0,drop_speed_mm_s=20.0,lift_mm=3.0,retreat=30|v10|stop",crumb_cube,mat,10.0,1,1,0,0,0,0,0,1,1,0,1,8.11,9.12
"cloche|backstop=None,bump_mm=0.5,clearance_mm=1.0,drop_speed_mm_s=20.0,lift_mm=3.0,retreat=30|v10|stop",crumb_cube,mat,15.0,1,1,0,0,0,0,0,1,1,0,1,8.10,9.37
"cloche|backstop=None,bump_mm=0.5,clearance_mm=1.0,drop_speed_mm_s=20.0,lift_mm=5.0,retreat=-30|v10|stop",battery_cr2032,flooring,0.0,1,1,0,0,0,0,0,1,0,1,0,11.04,0.04
"cloche|backstop=None,bump_mm=0.5,clearance_mm=1.0,drop_speed_mm_s=20.0,lift_mm=5.0,retreat=-30|v10|stop",battery_cr2032,flooring,5.0,1,0,0,0,0,0,1,1,0,1,0,,
"cloche|backstop=None,bump_mm=0.5,clearance_mm=1.0,drop_speed_mm_s=20.0,lift_mm=5.0,retreat=-30|v10|stop",battery_cr2032,flooring,10.0,1,0,0,0,0,0,1,1,0,1,0,,
"cloche|backstop=None,bump_mm=0.5,clearance_mm=1.0,drop_speed_mm_s=20.0,lift_mm=5.0,retreat=-30|v10|stop",battery_cr2032,flooring,15.0,1,0,0,0,0,0,1,1,0,1,0,,
"cloche|backstop=None,bump_mm=0.5,clearance_mm=1.0,drop_speed_mm_s=20.0,lift_mm=5.0,retreat=-30|v10|stop",battery_cr2032,mat,0.0,1,1,0,0,0,0,0,1,0,1,0,11.04,0.04
"cloche|backstop=None,bump_mm=0.5,clearance_mm=1.0,drop_speed_mm_s=20.0,lift_mm=5.0,retreat=-30|v10|stop",battery_cr2032,mat,5.0,1,0,0,0,0,0,1,1,0,1,0,,
"cloche|backstop=None,bump_mm=0.5,clearance_mm=1.0,drop_speed_mm_s=20.0,lift_mm=5.0,retreat=-30|v10|stop",battery_cr2032,mat,10.0,1,0,0,0,0,0,1,1,0,1,0,,
"cloche|backstop=None,bump_mm=0.5,clearance_mm=1.0,drop_speed_mm_s=20.0,lift_mm=5.0,retreat=-30|v10|stop",battery_cr2032,mat,15.0,1,0,0,0,0,0,1,1,0,1,0,,
"cloche|backstop=None,bump_mm=0.5,clearance_mm=1.0,drop_speed_mm_s=20.0,lift_mm=5.0,retreat=-30|v10|stop",bead,flooring,0.0,1,1,0,0,0,0,0,1,0,1,0,5.03,8.76
"cloche|backstop=None,bump_mm=0.5,clearance_mm=1.0,drop_speed_mm_s=20.0,lift_mm=5.0,retreat=-30|v10|stop",bead,flooring,5.0,1,1,0,0,0,0,0,1,0,1,0,5.04,1.25
"cloche|backstop=None,bump_mm=0.5,clearance_mm=1.0,drop_speed_mm_s=20.0,lift_mm=5.0,retreat=-30|v10|stop",bead,flooring,10.0,1,1,0,0,0,0,0,1,1,0,1,7.89,11.00
"cloche|backstop=None,bump_mm=0.5,clearance_mm=1.0,drop_speed_mm_s=20.0,lift_mm=5.0,retreat=-30|v10|stop",bead,flooring,15.0,1,1,0,0,0,0,0,1,1,0,1,6.61,11.00
"cloche|backstop=None,bump_mm=0.5,clearance_mm=1.0,drop_speed_mm_s=20.0,lift_mm=5.0,retreat=-30|v10|stop",bead,mat,0.0,1,1,0,0,0,0,0,1,0,1,0,5.03,8.76
"cloche|backstop=None,bump_mm=0.5,clearance_mm=1.0,drop_speed_mm_s=20.0,lift_mm=5.0,retreat=-30|v10|stop",bead,mat,5.0,1,1,0,0,0,0,0,1,0,1,0,5.04,1.25
"cloche|backstop=None,bump_mm=0.5,clearance_mm=1.0,drop_speed_mm_s=20.0,lift_mm=5.0,retreat=-30|v10|stop",bead,mat,10.0,1,1,0,0,0,0,0,1,0,1,0,5.04,6.22
"cloche|backstop=None,bump_mm=0.5,clearance_mm=1.0,drop_speed_mm_s=20.0,lift_mm=5.0,retreat=-30|v10|stop",bead,mat,15.0,1,1,0,0,0,0,0,1,1,0,1,7.80,11.00
"cloche|backstop=None,bump_mm=0.5,clearance_mm=1.0,drop_speed_mm_s=20.0,lift_mm=5.0,retreat=-30|v10|stop",coin_1yen,flooring,0.0,1,1,0,0,0,0,0,1,0,1,0,11.04,0.01
"cloche|backstop=None,bump_mm=0.5,clearance_mm=1.0,drop_speed_mm_s=20.0,lift_mm=5.0,retreat=-30|v10|stop",coin_1yen,flooring,5.0,1,1,0,0,0,0,0,1,0,1,0,11.02,4.84
"cloche|backstop=None,bump_mm=0.5,clearance_mm=1.0,drop_speed_mm_s=20.0,lift_mm=5.0,retreat=-30|v10|stop",coin_1yen,flooring,10.0,1,1,0,0,0,0,0,1,0,1,0,11.03,10.03
"cloche|backstop=None,bump_mm=0.5,clearance_mm=1.0,drop_speed_mm_s=20.0,lift_mm=5.0,retreat=-30|v10|stop",coin_1yen,flooring,15.0,1,1,0,0,0,0,0,1,0,1,0,11.03,14.98
"cloche|backstop=None,bump_mm=0.5,clearance_mm=1.0,drop_speed_mm_s=20.0,lift_mm=5.0,retreat=-30|v10|stop",coin_1yen,mat,0.0,1,1,0,0,0,0,0,1,0,1,0,11.03,0.01
"cloche|backstop=None,bump_mm=0.5,clearance_mm=1.0,drop_speed_mm_s=20.0,lift_mm=5.0,retreat=-30|v10|stop",coin_1yen,mat,5.0,1,1,0,0,0,0,0,1,0,1,0,11.03,4.71
"cloche|backstop=None,bump_mm=0.5,clearance_mm=1.0,drop_speed_mm_s=20.0,lift_mm=5.0,retreat=-30|v10|stop",coin_1yen,mat,10.0,1,1,0,0,0,0,0,1,0,1,0,11.03,10.03
"cloche|backstop=None,bump_mm=0.5,clearance_mm=1.0,drop_speed_mm_s=20.0,lift_mm=5.0,retreat=-30|v10|stop",coin_1yen,mat,15.0,1,1,0,0,0,0,0,1,0,1,0,11.04,14.98
"cloche|backstop=None,bump_mm=0.5,clearance_mm=1.0,drop_speed_mm_s=20.0,lift_mm=5.0,retreat=-30|v10|stop",crumb_cube,flooring,0.0,1,1,0,0,0,0,0,1,0,1,0,8.10,0.18
"cloche|backstop=None,bump_mm=0.5,clearance_mm=1.0,drop_speed_mm_s=20.0,lift_mm=5.0,retreat=-30|v10|stop",crumb_cube,flooring,5.0,1,1,0,0,0,0,0,1,0,1,0,8.11,5.12
"cloche|backstop=None,bump_mm=0.5,clearance_mm=1.0,drop_speed_mm_s=20.0,lift_mm=5.0,retreat=-30|v10|stop",crumb_cube,flooring,10.0,1,1,0,0,0,0,0,1,1,0,1,8.10,9.15
"cloche|backstop=None,bump_mm=0.5,clearance_mm=1.0,drop_speed_mm_s=20.0,lift_mm=5.0,retreat=-30|v10|stop",crumb_cube,flooring,15.0,1,1,0,0,0,0,0,1,1,0,1,8.11,9.40
"cloche|backstop=None,bump_mm=0.5,clearance_mm=1.0,drop_speed_mm_s=20.0,lift_mm=5.0,retreat=-30|v10|stop",crumb_cube,mat,0.0,1,1,0,0,0,0,0,1,0,1,0,8.10,0.18
"cloche|backstop=None,bump_mm=0.5,clearance_mm=1.0,drop_speed_mm_s=20.0,lift_mm=5.0,retreat=-30|v10|stop",crumb_cube,mat,5.0,1,1,0,0,0,0,0,1,0,1,0,8.11,5.12
"cloche|backstop=None,bump_mm=0.5,clearance_mm=1.0,drop_speed_mm_s=20.0,lift_mm=5.0,retreat=-30|v10|stop",crumb_cube,mat,10.0,1,1,0,0,0,0,0,1,1,0,1,8.10,9.15
"cloche|backstop=None,bump_mm=0.5,clearance_mm=1.0,drop_speed_mm_s=20.0,lift_mm=5.0,retreat=-30|v10|stop",crumb_cube,mat,15.0,1,1,0,0,0,0,0,1,1,0,1,8.11,9.40
"cloche|backstop=None,bump_mm=0.5,clearance_mm=1.0,drop_speed_mm_s=20.0,lift_mm=5.0,retreat=0|v10|stop",battery_cr2032,flooring,0.0,1,1,0,0,0,0,0,1,0,1,0,11.04,0.04
"cloche|backstop=None,bump_mm=0.5,clearance_mm=1.0,drop_speed_mm_s=20.0,lift_mm=5.0,retreat=0|v10|stop",battery_cr2032,flooring,5.0,1,0,0,0,0,0,1,1,0,1,0,,
"cloche|backstop=None,bump_mm=0.5,clearance_mm=1.0,drop_speed_mm_s=20.0,lift_mm=5.0,retreat=0|v10|stop",battery_cr2032,flooring,10.0,1,0,0,0,0,0,1,1,0,1,0,,
"cloche|backstop=None,bump_mm=0.5,clearance_mm=1.0,drop_speed_mm_s=20.0,lift_mm=5.0,retreat=0|v10|stop",battery_cr2032,flooring,15.0,1,0,0,0,0,0,1,1,0,1,0,,
"cloche|backstop=None,bump_mm=0.5,clearance_mm=1.0,drop_speed_mm_s=20.0,lift_mm=5.0,retreat=0|v10|stop",battery_cr2032,mat,0.0,1,1,0,0,0,0,0,1,0,1,0,11.04,0.04
"cloche|backstop=None,bump_mm=0.5,clearance_mm=1.0,drop_speed_mm_s=20.0,lift_mm=5.0,retreat=0|v10|stop",battery_cr2032,mat,5.0,1,0,0,0,0,0,1,1,0,1,0,,
"cloche|backstop=None,bump_mm=0.5,clearance_mm=1.0,drop_speed_mm_s=20.0,lift_mm=5.0,retreat=0|v10|stop",battery_cr2032,mat,10.0,1,0,0,0,0,0,1,1,0,1,0,,
"cloche|backstop=None,bump_mm=0.5,clearance_mm=1.0,drop_speed_mm_s=20.0,lift_mm=5.0,retreat=0|v10|stop",battery_cr2032,mat,15.0,1,0,0,0,0,0,1,1,0,1,0,,
"cloche|backstop=None,bump_mm=0.5,clearance_mm=1.0,drop_speed_mm_s=20.0,lift_mm=5.0,retreat=0|v10|stop",bead,flooring,0.0,1,1,0,0,0,0,0,1,0,1,0,5.03,8.76
"cloche|backstop=None,bump_mm=0.5,clearance_mm=1.0,drop_speed_mm_s=20.0,lift_mm=5.0,retreat=0|v10|stop",bead,flooring,5.0,1,1,0,0,0,0,0,1,0,1,0,5.04,1.25
"cloche|backstop=None,bump_mm=0.5,clearance_mm=1.0,drop_speed_mm_s=20.0,lift_mm=5.0,retreat=0|v10|stop",bead,flooring,10.0,1,1,0,0,0,0,0,1,1,0,1,7.89,11.00
"cloche|backstop=None,bump_mm=0.5,clearance_mm=1.0,drop_speed_mm_s=20.0,lift_mm=5.0,retreat=0|v10|stop",bead,flooring,15.0,1,1,0,0,0,0,0,1,1,0,1,6.61,11.00
"cloche|backstop=None,bump_mm=0.5,clearance_mm=1.0,drop_speed_mm_s=20.0,lift_mm=5.0,retreat=0|v10|stop",bead,mat,0.0,1,1,0,0,0,0,0,1,0,1,0,5.03,8.76
"cloche|backstop=None,bump_mm=0.5,clearance_mm=1.0,drop_speed_mm_s=20.0,lift_mm=5.0,retreat=0|v10|stop",bead,mat,5.0,1,1,0,0,0,0,0,1,0,1,0,5.04,1.25
"cloche|backstop=None,bump_mm=0.5,clearance_mm=1.0,drop_speed_mm_s=20.0,lift_mm=5.0,retreat=0|v10|stop",bead,mat,10.0,1,1,0,0,0,0,0,1,0,1,0,5.04,6.22
"cloche|backstop=None,bump_mm=0.5,clearance_mm=1.0,drop_speed_mm_s=20.0,lift_mm=5.0,retreat=0|v10|stop",bead,mat,15.0,1,1,0,0,0,0,0,1,1,0,1,7.80,11.00
"cloche|backstop=None,bump_mm=0.5,clearance_mm=1.0,drop_speed_mm_s=20.0,lift_mm=5.0,retreat=0|v10|stop",coin_1yen,flooring,0.0,1,1,0,0,0,0,0,1,0,1,0,11.04,0.01
"cloche|backstop=None,bump_mm=0.5,clearance_mm=1.0,drop_speed_mm_s=20.0,lift_mm=5.0,retreat=0|v10|stop",coin_1yen,flooring,5.0,1,1,0,0,0,0,0,1,0,1,0,11.02,4.84
"cloche|backstop=None,bump_mm=0.5,clearance_mm=1.0,drop_speed_mm_s=20.0,lift_mm=5.0,retreat=0|v10|stop",coin_1yen,flooring,10.0,1,1,0,0,0,0,0,1,0,1,0,11.03,10.03
"cloche|backstop=None,bump_mm=0.5,clearance_mm=1.0,drop_speed_mm_s=20.0,lift_mm=5.0,retreat=0|v10|stop",coin_1yen,flooring,15.0,1,1,0,0,0,0,0,1,0,1,0,11.03,14.98
"cloche|backstop=None,bump_mm=0.5,clearance_mm=1.0,drop_speed_mm_s=20.0,lift_mm=5.0,retreat=0|v10|stop",coin_1yen,mat,0.0,1,1,0,0,0,0,0,1,0,1,0,11.03,0.01
"cloche|backstop=None,bump_mm=0.5,clearance_mm=1.0,drop_speed_mm_s=20.0,lift_mm=5.0,retreat=0|v10|stop",coin_1yen,mat,5.0,1,1,0,0,0,0,0,1,0,1,0,11.03,4.71
"cloche|backstop=None,bump_mm=0.5,clearance_mm=1.0,drop_speed_mm_s=20.0,lift_mm=5.0,retreat=0|v10|stop",coin_1yen,mat,10.0,1,1,0,0,0,0,0,1,0,1,0,11.03,10.03
"cloche|backstop=None,bump_mm=0.5,clearance_mm=1.0,drop_speed_mm_s=20.0,lift_mm=5.0,retreat=0|v10|stop",coin_1yen,mat,15.0,1,1,0,0,0,0,0,1,0,1,0,11.04,14.98
"cloche|backstop=None,bump_mm=0.5,clearance_mm=1.0,drop_speed_mm_s=20.0,lift_mm=5.0,retreat=0|v10|stop",crumb_cube,flooring,0.0,1,1,0,0,0,0,0,1,0,1,0,8.10,0.18
"cloche|backstop=None,bump_mm=0.5,clearance_mm=1.0,drop_speed_mm_s=20.0,lift_mm=5.0,retreat=0|v10|stop",crumb_cube,flooring,5.0,1,1,0,0,0,0,0,1,0,1,0,8.11,5.12
"cloche|backstop=None,bump_mm=0.5,clearance_mm=1.0,drop_speed_mm_s=20.0,lift_mm=5.0,retreat=0|v10|stop",crumb_cube,flooring,10.0,1,1,0,0,0,0,0,1,1,0,1,8.10,9.15
"cloche|backstop=None,bump_mm=0.5,clearance_mm=1.0,drop_speed_mm_s=20.0,lift_mm=5.0,retreat=0|v10|stop",crumb_cube,flooring,15.0,1,1,0,0,0,0,0,1,1,0,1,8.11,9.40
"cloche|backstop=None,bump_mm=0.5,clearance_mm=1.0,drop_speed_mm_s=20.0,lift_mm=5.0,retreat=0|v10|stop",crumb_cube,mat,0.0,1,1,0,0,0,0,0,1,0,1,0,8.10,0.18
"cloche|backstop=None,bump_mm=0.5,clearance_mm=1.0,drop_speed_mm_s=20.0,lift_mm=5.0,retreat=0|v10|stop",crumb_cube,mat,5.0,1,1,0,0,0,0,0,1,0,1,0,8.11,5.12
"cloche|backstop=None,bump_mm=0.5,clearance_mm=1.0,drop_speed_mm_s=20.0,lift_mm=5.0,retreat=0|v10|stop",crumb_cube,mat,10.0,1,1,0,0,0,0,0,1,1,0,1,8.10,9.15
"cloche|backstop=None,bump_mm=0.5,clearance_mm=1.0,drop_speed_mm_s=20.0,lift_mm=5.0,retreat=0|v10|stop",crumb_cube,mat,15.0,1,1,0,0,0,0,0,1,1,0,1,8.11,9.40
"cloche|backstop=None,bump_mm=0.5,clearance_mm=1.0,drop_speed_mm_s=20.0,lift_mm=5.0,retreat=30|v10|stop",battery_cr2032,flooring,0.0,1,1,0,0,0,0,0,1,0,1,0,11.04,0.04
"cloche|backstop=None,bump_mm=0.5,clearance_mm=1.0,drop_speed_mm_s=20.0,lift_mm=5.0,retreat=30|v10|stop",battery_cr2032,flooring,5.0,1,0,0,0,0,0,1,1,0,1,0,,
"cloche|backstop=None,bump_mm=0.5,clearance_mm=1.0,drop_speed_mm_s=20.0,lift_mm=5.0,retreat=30|v10|stop",battery_cr2032,flooring,10.0,1,0,0,0,0,0,1,1,0,1,0,,
"cloche|backstop=None,bump_mm=0.5,clearance_mm=1.0,drop_speed_mm_s=20.0,lift_mm=5.0,retreat=30|v10|stop",battery_cr2032,flooring,15.0,1,0,0,0,0,0,1,1,0,1,0,,
"cloche|backstop=None,bump_mm=0.5,clearance_mm=1.0,drop_speed_mm_s=20.0,lift_mm=5.0,retreat=30|v10|stop",battery_cr2032,mat,0.0,1,1,0,0,0,0,0,1,0,1,0,11.04,0.04
"cloche|backstop=None,bump_mm=0.5,clearance_mm=1.0,drop_speed_mm_s=20.0,lift_mm=5.0,retreat=30|v10|stop",battery_cr2032,mat,5.0,1,0,0,0,0,0,1,1,0,1,0,,
"cloche|backstop=None,bump_mm=0.5,clearance_mm=1.0,drop_speed_mm_s=20.0,lift_mm=5.0,retreat=30|v10|stop",battery_cr2032,mat,10.0,1,0,0,0,0,0,1,1,0,1,0,,
"cloche|backstop=None,bump_mm=0.5,clearance_mm=1.0,drop_speed_mm_s=20.0,lift_mm=5.0,retreat=30|v10|stop",battery_cr2032,mat,15.0,1,0,0,0,0,0,1,1,0,1,0,,
"cloche|backstop=None,bump_mm=0.5,clearance_mm=1.0,drop_speed_mm_s=20.0,lift_mm=5.0,retreat=30|v10|stop",bead,flooring,0.0,1,1,0,0,0,0,0,1,0,1,0,5.03,8.76
"cloche|backstop=None,bump_mm=0.5,clearance_mm=1.0,drop_speed_mm_s=20.0,lift_mm=5.0,retreat=30|v10|stop",bead,flooring,5.0,1,1,0,0,0,0,0,1,0,1,0,5.04,1.25
"cloche|backstop=None,bump_mm=0.5,clearance_mm=1.0,drop_speed_mm_s=20.0,lift_mm=5.0,retreat=30|v10|stop",bead,flooring,10.0,1,1,0,0,0,0,0,1,1,0,1,7.89,11.00
"cloche|backstop=None,bump_mm=0.5,clearance_mm=1.0,drop_speed_mm_s=20.0,lift_mm=5.0,retreat=30|v10|stop",bead,flooring,15.0,1,1,0,0,0,0,0,1,1,0,1,6.61,11.00
"cloche|backstop=None,bump_mm=0.5,clearance_mm=1.0,drop_speed_mm_s=20.0,lift_mm=5.0,retreat=30|v10|stop",bead,mat,0.0,1,1,0,0,0,0,0,1,0,1,0,5.03,8.76
"cloche|backstop=None,bump_mm=0.5,clearance_mm=1.0,drop_speed_mm_s=20.0,lift_mm=5.0,retreat=30|v10|stop",bead,mat,5.0,1,1,0,0,0,0,0,1,0,1,0,5.04,1.25
"cloche|backstop=None,bump_mm=0.5,clearance_mm=1.0,drop_speed_mm_s=20.0,lift_mm=5.0,retreat=30|v10|stop",bead,mat,10.0,1,1,0,0,0,0,0,1,0,1,0,5.04,6.22
"cloche|backstop=None,bump_mm=0.5,clearance_mm=1.0,drop_speed_mm_s=20.0,lift_mm=5.0,retreat=30|v10|stop",bead,mat,15.0,1,1,0,0,0,0,0,1,1,0,1,7.80,11.00
"cloche|backstop=None,bump_mm=0.5,clearance_mm=1.0,drop_speed_mm_s=20.0,lift_mm=5.0,retreat=30|v10|stop",coin_1yen,flooring,0.0,1,1,0,0,0,0,0,1,0,1,0,11.04,0.01
"cloche|backstop=None,bump_mm=0.5,clearance_mm=1.0,drop_speed_mm_s=20.0,lift_mm=5.0,retreat=30|v10|stop",coin_1yen,flooring,5.0,1,1,0,0,0,0,0,1,0,1,0,11.02,4.84
"cloche|backstop=None,bump_mm=0.5,clearance_mm=1.0,drop_speed_mm_s=20.0,lift_mm=5.0,retreat=30|v10|stop",coin_1yen,flooring,10.0,1,1,0,0,0,0,0,1,0,1,0,11.03,10.03
"cloche|backstop=None,bump_mm=0.5,clearance_mm=1.0,drop_speed_mm_s=20.0,lift_mm=5.0,retreat=30|v10|stop",coin_1yen,flooring,15.0,1,0,0,1,0,0,0,1,1,0,1,11.03,14.98
"cloche|backstop=None,bump_mm=0.5,clearance_mm=1.0,drop_speed_mm_s=20.0,lift_mm=5.0,retreat=30|v10|stop",coin_1yen,mat,0.0,1,1,0,0,0,0,0,1,0,1,0,11.03,0.01
"cloche|backstop=None,bump_mm=0.5,clearance_mm=1.0,drop_speed_mm_s=20.0,lift_mm=5.0,retreat=30|v10|stop",coin_1yen,mat,5.0,1,1,0,0,0,0,0,1,0,1,0,11.03,4.71
"cloche|backstop=None,bump_mm=0.5,clearance_mm=1.0,drop_speed_mm_s=20.0,lift_mm=5.0,retreat=30|v10|stop",coin_1yen,mat,10.0,1,1,0,0,0,0,0,1,0,1,0,11.03,10.03
"cloche|backstop=None,bump_mm=0.5,clearance_mm=1.0,drop_speed_mm_s=20.0,lift_mm=5.0,retreat=30|v10|stop",coin_1yen,mat,15.0,1,0,0,1,0,0,0,1,1,0,1,11.04,14.98
"cloche|backstop=None,bump_mm=0.5,clearance_mm=1.0,drop_speed_mm_s=20.0,lift_mm=5.0,retreat=30|v10|stop",crumb_cube,flooring,0.0,1,1,0,0,0,0,0,1,0,1,0,8.10,0.18
"cloche|backstop=None,bump_mm=0.5,clearance_mm=1.0,drop_speed_mm_s=20.0,lift_mm=5.0,retreat=30|v10|stop",crumb_cube,flooring,5.0,1,1,0,0,0,0,0,1,0,1,0,8.11,5.12
"cloche|backstop=None,bump_mm=0.5,clearance_mm=1.0,drop_speed_mm_s=20.0,lift_mm=5.0,retreat=30|v10|stop",crumb_cube,flooring,10.0,1,1,0,0,0,0,0,1,1,0,1,8.10,9.15
"cloche|backstop=None,bump_mm=0.5,clearance_mm=1.0,drop_speed_mm_s=20.0,lift_mm=5.0,retreat=30|v10|stop",crumb_cube,flooring,15.0,1,1,0,0,0,0,0,1,1,0,1,8.11,9.40
"cloche|backstop=None,bump_mm=0.5,clearance_mm=1.0,drop_speed_mm_s=20.0,lift_mm=5.0,retreat=30|v10|stop",crumb_cube,mat,0.0,1,1,0,0,0,0,0,1,0,1,0,8.10,0.18
"cloche|backstop=None,bump_mm=0.5,clearance_mm=1.0,drop_speed_mm_s=20.0,lift_mm=5.0,retreat=30|v10|stop",crumb_cube,mat,5.0,1,1,0,0,0,0,0,1,0,1,0,8.11,5.12
"cloche|backstop=None,bump_mm=0.5,clearance_mm=1.0,drop_speed_mm_s=20.0,lift_mm=5.0,retreat=30|v10|stop",crumb_cube,mat,10.0,1,1,0,0,0,0,0,1,1,0,1,8.10,9.15
"cloche|backstop=None,bump_mm=0.5,clearance_mm=1.0,drop_speed_mm_s=20.0,lift_mm=5.0,retreat=30|v10|stop",crumb_cube,mat,15.0,1,1,0,0,0,0,0,1,1,0,1,8.11,9.40
"cloche|backstop=None,clearance_mm=0.0,drop_speed_mm_s=20.0,lift_mm=10.0,retreat=-30,rough_mm=0.1|v10|stop",battery_cr2032,flooring,0.0,1,1,0,0,0,0,0,1,0,1,0,11.04,0.00
"cloche|backstop=None,clearance_mm=0.0,drop_speed_mm_s=20.0,lift_mm=10.0,retreat=-30,rough_mm=0.1|v10|stop",battery_cr2032,flooring,5.0,1,0,0,0,0,0,1,1,0,1,0,3.09,2.75
"cloche|backstop=None,clearance_mm=0.0,drop_speed_mm_s=20.0,lift_mm=10.0,retreat=-30,rough_mm=0.1|v10|stop",battery_cr2032,flooring,10.0,1,0,1,0,0,0,0,1,1,0,1,11.04,3.21
"cloche|backstop=None,clearance_mm=0.0,drop_speed_mm_s=20.0,lift_mm=10.0,retreat=-30,rough_mm=0.1|v10|stop",battery_cr2032,flooring,15.0,1,0,0,0,0,1,0,0,0,0,0,,
"cloche|backstop=None,clearance_mm=0.0,drop_speed_mm_s=20.0,lift_mm=10.0,retreat=-30,rough_mm=0.1|v10|stop",battery_cr2032,mat,0.0,1,1,0,0,0,0,0,1,0,1,0,11.04,0.00
"cloche|backstop=None,clearance_mm=0.0,drop_speed_mm_s=20.0,lift_mm=10.0,retreat=-30,rough_mm=0.1|v10|stop",battery_cr2032,mat,5.0,1,0,0,0,0,0,1,1,1,0,1,,
"cloche|backstop=None,clearance_mm=0.0,drop_speed_mm_s=20.0,lift_mm=10.0,retreat=-30,rough_mm=0.1|v10|stop",battery_cr2032,mat,10.0,1,0,0,0,0,0,1,1,1,0,1,,
"cloche|backstop=None,clearance_mm=0.0,drop_speed_mm_s=20.0,lift_mm=10.0,retreat=-30,rough_mm=0.1|v10|stop",battery_cr2032,mat,15.0,1,0,0,0,0,1,0,0,0,0,0,,
"cloche|backstop=None,clearance_mm=0.0,drop_speed_mm_s=20.0,lift_mm=10.0,retreat=-30,rough_mm=0.1|v10|stop",bead,flooring,0.0,1,1,0,0,0,0,0,1,0,1,0,5.03,2.47
"cloche|backstop=None,clearance_mm=0.0,drop_speed_mm_s=20.0,lift_mm=10.0,retreat=-30,rough_mm=0.1|v10|stop",bead,flooring,5.0,1,1,0,0,0,0,0,1,0,1,0,5.03,4.44
"cloche|backstop=None,clearance_mm=0.0,drop_speed_mm_s=20.0,lift_mm=10.0,retreat=-30,rough_mm=0.1|v10|stop",bead,flooring,10.0,1,1,0,0,0,0,0,1,0,1,0,5.03,9.50
"cloche|backstop=None,clearance_mm=0.0,drop_speed_mm_s=20.0,lift_mm=10.0,retreat=-30,rough_mm=0.1|v10|stop",bead,flooring,15.0,1,1,0,0,0,0,0,1,0,1,0,5.03,9.57
"cloche|backstop=None,clearance_mm=0.0,drop_speed_mm_s=20.0,lift_mm=10.0,retreat=-30,rough_mm=0.1|v10|stop",bead,mat,0.0,1,1,0,0,0,0,0,1,0,1,0,5.03,2.47
"cloche|backstop=None,clearance_mm=0.0,drop_speed_mm_s=20.0,lift_mm=10.0,retreat=-30,rough_mm=0.1|v10|stop",bead,mat,5.0,1,1,0,0,0,0,0,1,0,1,0,5.03,7.64
"cloche|backstop=None,clearance_mm=0.0,drop_speed_mm_s=20.0,lift_mm=10.0,retreat=-30,rough_mm=0.1|v10|stop",bead,mat,10.0,1,1,0,0,0,0,0,1,0,1,0,5.03,9.50
"cloche|backstop=None,clearance_mm=0.0,drop_speed_mm_s=20.0,lift_mm=10.0,retreat=-30,rough_mm=0.1|v10|stop",bead,mat,15.0,1,1,0,0,0,0,0,1,0,1,0,5.04,4.62
"cloche|backstop=None,clearance_mm=0.0,drop_speed_mm_s=20.0,lift_mm=10.0,retreat=-30,rough_mm=0.1|v10|stop",coin_1yen,flooring,0.0,1,1,0,0,0,0,0,1,0,1,0,11.03,0.00
"cloche|backstop=None,clearance_mm=0.0,drop_speed_mm_s=20.0,lift_mm=10.0,retreat=-30,rough_mm=0.1|v10|stop",coin_1yen,flooring,5.0,1,0,0,0,0,1,0,0,0,0,0,,
"cloche|backstop=None,clearance_mm=0.0,drop_speed_mm_s=20.0,lift_mm=10.0,retreat=-30,rough_mm=0.1|v10|stop",coin_1yen,flooring,10.0,1,0,0,0,0,0,1,1,0,1,0,,
"cloche|backstop=None,clearance_mm=0.0,drop_speed_mm_s=20.0,lift_mm=10.0,retreat=-30,rough_mm=0.1|v10|stop",coin_1yen,flooring,15.0,1,0,0,0,0,0,1,1,0,1,0,,
"cloche|backstop=None,clearance_mm=0.0,drop_speed_mm_s=20.0,lift_mm=10.0,retreat=-30,rough_mm=0.1|v10|stop",coin_1yen,mat,0.0,1,1,0,0,0,0,0,1,0,1,0,11.03,0.00
"cloche|backstop=None,clearance_mm=0.0,drop_speed_mm_s=20.0,lift_mm=10.0,retreat=-30,rough_mm=0.1|v10|stop",coin_1yen,mat,5.0,1,1,0,0,0,0,0,1,0,1,0,11.03,4.82
"cloche|backstop=None,clearance_mm=0.0,drop_speed_mm_s=20.0,lift_mm=10.0,retreat=-30,rough_mm=0.1|v10|stop",coin_1yen,mat,10.0,1,0,0,0,0,1,0,0,0,0,0,,
"cloche|backstop=None,clearance_mm=0.0,drop_speed_mm_s=20.0,lift_mm=10.0,retreat=-30,rough_mm=0.1|v10|stop",coin_1yen,mat,15.0,1,0,0,0,0,1,0,0,1,0,0,,
"cloche|backstop=None,clearance_mm=0.0,drop_speed_mm_s=20.0,lift_mm=10.0,retreat=-30,rough_mm=0.1|v10|stop",crumb_cube,flooring,0.0,1,1,0,0,0,0,0,1,0,1,0,8.10,0.09
"cloche|backstop=None,clearance_mm=0.0,drop_speed_mm_s=20.0,lift_mm=10.0,retreat=-30,rough_mm=0.1|v10|stop",crumb_cube,flooring,5.0,1,1,0,0,0,0,0,1,0,1,0,8.10,4.99
"cloche|backstop=None,clearance_mm=0.0,drop_speed_mm_s=20.0,lift_mm=10.0,retreat=-30,rough_mm=0.1|v10|stop",crumb_cube,flooring,10.0,1,1,0,0,0,0,0,1,1,0,1,8.11,9.70
"cloche|backstop=None,clearance_mm=0.0,drop_speed_mm_s=20.0,lift_mm=10.0,retreat=-30,rough_mm=0.1|v10|stop",crumb_cube,flooring,15.0,1,1,0,0,0,0,0,1,1,0,1,9.68,8.27
"cloche|backstop=None,clearance_mm=0.0,drop_speed_mm_s=20.0,lift_mm=10.0,retreat=-30,rough_mm=0.1|v10|stop",crumb_cube,mat,0.0,1,1,0,0,0,0,0,1,0,1,0,8.10,0.09
"cloche|backstop=None,clearance_mm=0.0,drop_speed_mm_s=20.0,lift_mm=10.0,retreat=-30,rough_mm=0.1|v10|stop",crumb_cube,mat,5.0,1,1,0,0,0,0,0,1,0,1,0,8.10,4.99
"cloche|backstop=None,clearance_mm=0.0,drop_speed_mm_s=20.0,lift_mm=10.0,retreat=-30,rough_mm=0.1|v10|stop",crumb_cube,mat,10.0,1,1,0,0,0,0,0,1,1,0,1,8.11,9.70
"cloche|backstop=None,clearance_mm=0.0,drop_speed_mm_s=20.0,lift_mm=10.0,retreat=-30,rough_mm=0.1|v10|stop",crumb_cube,mat,15.0,1,1,0,0,0,0,0,1,1,0,1,9.68,8.27
"cloche|backstop=None,clearance_mm=0.0,drop_speed_mm_s=20.0,lift_mm=10.0,retreat=0,rough_mm=0.1|v10|stop",battery_cr2032,flooring,0.0,1,1,0,0,0,0,0,1,0,1,0,11.04,0.00
"cloche|backstop=None,clearance_mm=0.0,drop_speed_mm_s=20.0,lift_mm=10.0,retreat=0,rough_mm=0.1|v10|stop",battery_cr2032,flooring,5.0,1,0,0,0,0,0,1,1,0,1,0,3.09,2.75
"cloche|backstop=None,clearance_mm=0.0,drop_speed_mm_s=20.0,lift_mm=10.0,retreat=0,rough_mm=0.1|v10|stop",battery_cr2032,flooring,10.0,1,0,1,0,0,0,0,1,1,0,1,11.04,3.21
"cloche|backstop=None,clearance_mm=0.0,drop_speed_mm_s=20.0,lift_mm=10.0,retreat=0,rough_mm=0.1|v10|stop",battery_cr2032,flooring,15.0,1,0,0,0,0,1,0,0,0,0,0,,
"cloche|backstop=None,clearance_mm=0.0,drop_speed_mm_s=20.0,lift_mm=10.0,retreat=0,rough_mm=0.1|v10|stop",battery_cr2032,mat,0.0,1,1,0,0,0,0,0,1,0,1,0,11.04,0.00
"cloche|backstop=None,clearance_mm=0.0,drop_speed_mm_s=20.0,lift_mm=10.0,retreat=0,rough_mm=0.1|v10|stop",battery_cr2032,mat,5.0,1,0,0,0,0,0,1,1,1,0,1,,
"cloche|backstop=None,clearance_mm=0.0,drop_speed_mm_s=20.0,lift_mm=10.0,retreat=0,rough_mm=0.1|v10|stop",battery_cr2032,mat,10.0,1,0,0,0,0,0,1,1,1,0,1,,
"cloche|backstop=None,clearance_mm=0.0,drop_speed_mm_s=20.0,lift_mm=10.0,retreat=0,rough_mm=0.1|v10|stop",battery_cr2032,mat,15.0,1,0,0,0,0,1,0,0,0,0,0,,
"cloche|backstop=None,clearance_mm=0.0,drop_speed_mm_s=20.0,lift_mm=10.0,retreat=0,rough_mm=0.1|v10|stop",bead,flooring,0.0,1,1,0,0,0,0,0,1,0,1,0,5.03,2.47
"cloche|backstop=None,clearance_mm=0.0,drop_speed_mm_s=20.0,lift_mm=10.0,retreat=0,rough_mm=0.1|v10|stop",bead,flooring,5.0,1,1,0,0,0,0,0,1,0,1,0,5.03,4.44
"cloche|backstop=None,clearance_mm=0.0,drop_speed_mm_s=20.0,lift_mm=10.0,retreat=0,rough_mm=0.1|v10|stop",bead,flooring,10.0,1,1,0,0,0,0,0,1,0,1,0,5.03,9.50
"cloche|backstop=None,clearance_mm=0.0,drop_speed_mm_s=20.0,lift_mm=10.0,retreat=0,rough_mm=0.1|v10|stop",bead,flooring,15.0,1,1,0,0,0,0,0,1,0,1,0,5.03,9.57
"cloche|backstop=None,clearance_mm=0.0,drop_speed_mm_s=20.0,lift_mm=10.0,retreat=0,rough_mm=0.1|v10|stop",bead,mat,0.0,1,1,0,0,0,0,0,1,0,1,0,5.03,2.47
"cloche|backstop=None,clearance_mm=0.0,drop_speed_mm_s=20.0,lift_mm=10.0,retreat=0,rough_mm=0.1|v10|stop",bead,mat,5.0,1,1,0,0,0,0,0,1,0,1,0,5.03,7.64
"cloche|backstop=None,clearance_mm=0.0,drop_speed_mm_s=20.0,lift_mm=10.0,retreat=0,rough_mm=0.1|v10|stop",bead,mat,10.0,1,1,0,0,0,0,0,1,0,1,0,5.03,9.50
"cloche|backstop=None,clearance_mm=0.0,drop_speed_mm_s=20.0,lift_mm=10.0,retreat=0,rough_mm=0.1|v10|stop",bead,mat,15.0,1,1,0,0,0,0,0,1,0,1,0,5.04,4.62
"cloche|backstop=None,clearance_mm=0.0,drop_speed_mm_s=20.0,lift_mm=10.0,retreat=0,rough_mm=0.1|v10|stop",coin_1yen,flooring,0.0,1,1,0,0,0,0,0,1,0,1,0,11.03,0.00
"cloche|backstop=None,clearance_mm=0.0,drop_speed_mm_s=20.0,lift_mm=10.0,retreat=0,rough_mm=0.1|v10|stop",coin_1yen,flooring,5.0,1,0,0,0,0,1,0,0,0,0,0,,
"cloche|backstop=None,clearance_mm=0.0,drop_speed_mm_s=20.0,lift_mm=10.0,retreat=0,rough_mm=0.1|v10|stop",coin_1yen,flooring,10.0,1,0,0,0,0,0,1,1,0,1,0,,
"cloche|backstop=None,clearance_mm=0.0,drop_speed_mm_s=20.0,lift_mm=10.0,retreat=0,rough_mm=0.1|v10|stop",coin_1yen,flooring,15.0,1,0,0,0,0,0,1,1,0,1,0,,
"cloche|backstop=None,clearance_mm=0.0,drop_speed_mm_s=20.0,lift_mm=10.0,retreat=0,rough_mm=0.1|v10|stop",coin_1yen,mat,0.0,1,1,0,0,0,0,0,1,0,1,0,11.03,0.00
"cloche|backstop=None,clearance_mm=0.0,drop_speed_mm_s=20.0,lift_mm=10.0,retreat=0,rough_mm=0.1|v10|stop",coin_1yen,mat,5.0,1,1,0,0,0,0,0,1,0,1,0,11.03,4.82
"cloche|backstop=None,clearance_mm=0.0,drop_speed_mm_s=20.0,lift_mm=10.0,retreat=0,rough_mm=0.1|v10|stop",coin_1yen,mat,10.0,1,0,0,0,0,1,0,0,0,0,0,,
"cloche|backstop=None,clearance_mm=0.0,drop_speed_mm_s=20.0,lift_mm=10.0,retreat=0,rough_mm=0.1|v10|stop",coin_1yen,mat,15.0,1,0,0,0,0,1,0,0,1,0,0,,
"cloche|backstop=None,clearance_mm=0.0,drop_speed_mm_s=20.0,lift_mm=10.0,retreat=0,rough_mm=0.1|v10|stop",crumb_cube,flooring,0.0,1,1,0,0,0,0,0,1,0,1,0,8.10,0.09
"cloche|backstop=None,clearance_mm=0.0,drop_speed_mm_s=20.0,lift_mm=10.0,retreat=0,rough_mm=0.1|v10|stop",crumb_cube,flooring,5.0,1,1,0,0,0,0,0,1,0,1,0,8.10,4.99
"cloche|backstop=None,clearance_mm=0.0,drop_speed_mm_s=20.0,lift_mm=10.0,retreat=0,rough_mm=0.1|v10|stop",crumb_cube,flooring,10.0,1,1,0,0,0,0,0,1,1,0,1,8.11,9.70
"cloche|backstop=None,clearance_mm=0.0,drop_speed_mm_s=20.0,lift_mm=10.0,retreat=0,rough_mm=0.1|v10|stop",crumb_cube,flooring,15.0,1,1,0,0,0,0,0,1,1,0,1,9.68,8.27
"cloche|backstop=None,clearance_mm=0.0,drop_speed_mm_s=20.0,lift_mm=10.0,retreat=0,rough_mm=0.1|v10|stop",crumb_cube,mat,0.0,1,1,0,0,0,0,0,1,0,1,0,8.10,0.09
"cloche|backstop=None,clearance_mm=0.0,drop_speed_mm_s=20.0,lift_mm=10.0,retreat=0,rough_mm=0.1|v10|stop",crumb_cube,mat,5.0,1,1,0,0,0,0,0,1,0,1,0,8.10,4.99
"cloche|backstop=None,clearance_mm=0.0,drop_speed_mm_s=20.0,lift_mm=10.0,retreat=0,rough_mm=0.1|v10|stop",crumb_cube,mat,10.0,1,1,0,0,0,0,0,1,1,0,1,8.11,9.70
"cloche|backstop=None,clearance_mm=0.0,drop_speed_mm_s=20.0,lift_mm=10.0,retreat=0,rough_mm=0.1|v10|stop",crumb_cube,mat,15.0,1,1,0,0,0,0,0,1,1,0,1,9.68,8.27
"cloche|backstop=None,clearance_mm=0.0,drop_speed_mm_s=20.0,lift_mm=10.0,retreat=30,rough_mm=0.1|v10|stop",battery_cr2032,flooring,0.0,1,1,0,0,0,0,0,1,0,1,0,11.04,0.00
"cloche|backstop=None,clearance_mm=0.0,drop_speed_mm_s=20.0,lift_mm=10.0,retreat=30,rough_mm=0.1|v10|stop",battery_cr2032,flooring,5.0,1,0,0,0,0,0,1,1,0,1,0,3.09,2.75
"cloche|backstop=None,clearance_mm=0.0,drop_speed_mm_s=20.0,lift_mm=10.0,retreat=30,rough_mm=0.1|v10|stop",battery_cr2032,flooring,10.0,1,0,1,0,0,0,0,1,1,0,1,11.04,3.21
"cloche|backstop=None,clearance_mm=0.0,drop_speed_mm_s=20.0,lift_mm=10.0,retreat=30,rough_mm=0.1|v10|stop",battery_cr2032,flooring,15.0,1,0,0,0,0,1,0,0,0,0,0,,
"cloche|backstop=None,clearance_mm=0.0,drop_speed_mm_s=20.0,lift_mm=10.0,retreat=30,rough_mm=0.1|v10|stop",battery_cr2032,mat,0.0,1,1,0,0,0,0,0,1,0,1,0,11.04,0.00
"cloche|backstop=None,clearance_mm=0.0,drop_speed_mm_s=20.0,lift_mm=10.0,retreat=30,rough_mm=0.1|v10|stop",battery_cr2032,mat,5.0,1,0,0,0,0,0,1,1,1,0,1,,
"cloche|backstop=None,clearance_mm=0.0,drop_speed_mm_s=20.0,lift_mm=10.0,retreat=30,rough_mm=0.1|v10|stop",battery_cr2032,mat,10.0,1,0,0,0,0,0,1,1,1,0,1,,
"cloche|backstop=None,clearance_mm=0.0,drop_speed_mm_s=20.0,lift_mm=10.0,retreat=30,rough_mm=0.1|v10|stop",battery_cr2032,mat,15.0,1,0,0,0,0,1,0,0,0,0,0,,
"cloche|backstop=None,clearance_mm=0.0,drop_speed_mm_s=20.0,lift_mm=10.0,retreat=30,rough_mm=0.1|v10|stop",bead,flooring,0.0,1,1,0,0,0,0,0,1,0,1,0,5.03,2.47
"cloche|backstop=None,clearance_mm=0.0,drop_speed_mm_s=20.0,lift_mm=10.0,retreat=30,rough_mm=0.1|v10|stop",bead,flooring,5.0,1,1,0,0,0,0,0,1,0,1,0,5.03,4.44
"cloche|backstop=None,clearance_mm=0.0,drop_speed_mm_s=20.0,lift_mm=10.0,retreat=30,rough_mm=0.1|v10|stop",bead,flooring,10.0,1,1,0,0,0,0,0,1,0,1,0,5.03,9.50
"cloche|backstop=None,clearance_mm=0.0,drop_speed_mm_s=20.0,lift_mm=10.0,retreat=30,rough_mm=0.1|v10|stop",bead,flooring,15.0,1,1,0,0,0,0,0,1,0,1,0,5.03,9.57
"cloche|backstop=None,clearance_mm=0.0,drop_speed_mm_s=20.0,lift_mm=10.0,retreat=30,rough_mm=0.1|v10|stop",bead,mat,0.0,1,1,0,0,0,0,0,1,0,1,0,5.03,2.47
"cloche|backstop=None,clearance_mm=0.0,drop_speed_mm_s=20.0,lift_mm=10.0,retreat=30,rough_mm=0.1|v10|stop",bead,mat,5.0,1,1,0,0,0,0,0,1,0,1,0,5.03,7.64
"cloche|backstop=None,clearance_mm=0.0,drop_speed_mm_s=20.0,lift_mm=10.0,retreat=30,rough_mm=0.1|v10|stop",bead,mat,10.0,1,1,0,0,0,0,0,1,0,1,0,5.03,9.50
"cloche|backstop=None,clearance_mm=0.0,drop_speed_mm_s=20.0,lift_mm=10.0,retreat=30,rough_mm=0.1|v10|stop",bead,mat,15.0,1,1,0,0,0,0,0,1,0,1,0,5.04,4.62
"cloche|backstop=None,clearance_mm=0.0,drop_speed_mm_s=20.0,lift_mm=10.0,retreat=30,rough_mm=0.1|v10|stop",coin_1yen,flooring,0.0,1,1,0,0,0,0,0,1,0,1,0,11.03,0.00
"cloche|backstop=None,clearance_mm=0.0,drop_speed_mm_s=20.0,lift_mm=10.0,retreat=30,rough_mm=0.1|v10|stop",coin_1yen,flooring,5.0,1,0,0,0,0,1,0,0,0,0,0,,
"cloche|backstop=None,clearance_mm=0.0,drop_speed_mm_s=20.0,lift_mm=10.0,retreat=30,rough_mm=0.1|v10|stop",coin_1yen,flooring,10.0,1,0,0,0,0,0,1,1,0,1,0,,
"cloche|backstop=None,clearance_mm=0.0,drop_speed_mm_s=20.0,lift_mm=10.0,retreat=30,rough_mm=0.1|v10|stop",coin_1yen,flooring,15.0,1,0,0,0,0,0,1,1,0,1,0,,
"cloche|backstop=None,clearance_mm=0.0,drop_speed_mm_s=20.0,lift_mm=10.0,retreat=30,rough_mm=0.1|v10|stop",coin_1yen,mat,0.0,1,1,0,0,0,0,0,1,0,1,0,11.03,0.00
"cloche|backstop=None,clearance_mm=0.0,drop_speed_mm_s=20.0,lift_mm=10.0,retreat=30,rough_mm=0.1|v10|stop",coin_1yen,mat,5.0,1,1,0,0,0,0,0,1,0,1,0,11.03,4.82
"cloche|backstop=None,clearance_mm=0.0,drop_speed_mm_s=20.0,lift_mm=10.0,retreat=30,rough_mm=0.1|v10|stop",coin_1yen,mat,10.0,1,0,0,0,0,1,0,0,0,0,0,,
"cloche|backstop=None,clearance_mm=0.0,drop_speed_mm_s=20.0,lift_mm=10.0,retreat=30,rough_mm=0.1|v10|stop",coin_1yen,mat,15.0,1,0,0,0,0,1,0,0,1,0,0,,
"cloche|backstop=None,clearance_mm=0.0,drop_speed_mm_s=20.0,lift_mm=10.0,retreat=30,rough_mm=0.1|v10|stop",crumb_cube,flooring,0.0,1,1,0,0,0,0,0,1,0,1,0,8.10,0.09
"cloche|backstop=None,clearance_mm=0.0,drop_speed_mm_s=20.0,lift_mm=10.0,retreat=30,rough_mm=0.1|v10|stop",crumb_cube,flooring,5.0,1,1,0,0,0,0,0,1,0,1,0,8.10,4.99
"cloche|backstop=None,clearance_mm=0.0,drop_speed_mm_s=20.0,lift_mm=10.0,retreat=30,rough_mm=0.1|v10|stop",crumb_cube,flooring,10.0,1,1,0,0,0,0,0,1,1,0,1,8.11,9.70
"cloche|backstop=None,clearance_mm=0.0,drop_speed_mm_s=20.0,lift_mm=10.0,retreat=30,rough_mm=0.1|v10|stop",crumb_cube,flooring,15.0,1,1,0,0,0,0,0,1,1,0,1,9.68,8.27
"cloche|backstop=None,clearance_mm=0.0,drop_speed_mm_s=20.0,lift_mm=10.0,retreat=30,rough_mm=0.1|v10|stop",crumb_cube,mat,0.0,1,1,0,0,0,0,0,1,0,1,0,8.10,0.09
"cloche|backstop=None,clearance_mm=0.0,drop_speed_mm_s=20.0,lift_mm=10.0,retreat=30,rough_mm=0.1|v10|stop",crumb_cube,mat,5.0,1,1,0,0,0,0,0,1,0,1,0,8.10,4.99
"cloche|backstop=None,clearance_mm=0.0,drop_speed_mm_s=20.0,lift_mm=10.0,retreat=30,rough_mm=0.1|v10|stop",crumb_cube,mat,10.0,1,1,0,0,0,0,0,1,1,0,1,8.11,9.70
"cloche|backstop=None,clearance_mm=0.0,drop_speed_mm_s=20.0,lift_mm=10.0,retreat=30,rough_mm=0.1|v10|stop",crumb_cube,mat,15.0,1,1,0,0,0,0,0,1,1,0,1,9.68,8.27
"cloche|backstop=None,clearance_mm=0.0,drop_speed_mm_s=20.0,lift_mm=3.0,retreat=-30,rough_mm=0.1|v10|stop",battery_cr2032,flooring,0.0,1,1,0,0,0,0,0,1,0,1,0,11.04,0.00
"cloche|backstop=None,clearance_mm=0.0,drop_speed_mm_s=20.0,lift_mm=3.0,retreat=-30,rough_mm=0.1|v10|stop",battery_cr2032,flooring,5.0,1,1,0,0,0,0,0,1,1,0,1,11.03,5.00
"cloche|backstop=None,clearance_mm=0.0,drop_speed_mm_s=20.0,lift_mm=3.0,retreat=-30,rough_mm=0.1|v10|stop",battery_cr2032,flooring,10.0,1,0,1,0,0,0,0,1,1,0,1,11.04,5.00
"cloche|backstop=None,clearance_mm=0.0,drop_speed_mm_s=20.0,lift_mm=3.0,retreat=-30,rough_mm=0.1|v10|stop",battery_cr2032,flooring,15.0,1,0,0,0,0,1,0,0,0,0,0,,
"cloche|backstop=None,clearance_mm=0.0,drop_speed_mm_s=20.0,lift_mm=3.0,retreat=-30,rough_mm=0.1|v10|stop",battery_cr2032,mat,0.0,1,1,0,0,0,0,0,1,0,1,0,11.04,0.00
"cloche|backstop=None,clearance_mm=0.0,drop_speed_mm_s=20.0,lift_mm=3.0,retreat=-30,rough_mm=0.1|v10|stop",battery_cr2032,mat,5.0,1,0,1,0,0,0,0,1,1,0,1,19.32,4.57
"cloche|backstop=None,clearance_mm=0.0,drop_speed_mm_s=20.0,lift_mm=3.0,retreat=-30,rough_mm=0.1|v10|stop",battery_cr2032,mat,10.0,1,0,0,0,0,1,0,0,0,0,0,,
"cloche|backstop=None,clearance_mm=0.0,drop_speed_mm_s=20.0,lift_mm=3.0,retreat=-30,rough_mm=0.1|v10|stop",battery_cr2032,mat,15.0,1,0,0,0,0,1,0,0,1,0,0,,
"cloche|backstop=None,clearance_mm=0.0,drop_speed_mm_s=20.0,lift_mm=3.0,retreat=-30,rough_mm=0.1|v10|stop",bead,flooring,0.0,1,1,0,0,0,0,0,1,0,1,0,5.03,2.47
"cloche|backstop=None,clearance_mm=0.0,drop_speed_mm_s=20.0,lift_mm=3.0,retreat=-30,rough_mm=0.1|v10|stop",bead,flooring,5.0,1,1,0,0,0,0,0,1,0,1,0,5.03,4.44
"cloche|backstop=None,clearance_mm=0.0,drop_speed_mm_s=20.0,lift_mm=3.0,retreat=-30,rough_mm=0.1|v10|stop",bead,flooring,10.0,1,1,0,0,0,0,0,1,0,1,0,5.03,9.50
"cloche|backstop=None,clearance_mm=0.0,drop_speed_mm_s=20.0,lift_mm=3.0,retreat=-30,rough_mm=0.1|v10|stop",bead,flooring,15.0,1,1,0,0,0,0,0,1,0,1,0,5.03,9.57
"cloche|backstop=None,clearance_mm=0.0,drop_speed_mm_s=20.0,lift_mm=3.0,retreat=-30,rough_mm=0.1|v10|stop",bead,mat,0.0,1,1,0,0,0,0,0,1,0,1,0,5.03,2.47
"cloche|backstop=None,clearance_mm=0.0,drop_speed_mm_s=20.0,lift_mm=3.0,retreat=-30,rough_mm=0.1|v10|stop",bead,mat,5.0,1,1,0,0,0,0,0,1,0,1,0,5.03,7.64
"cloche|backstop=None,clearance_mm=0.0,drop_speed_mm_s=20.0,lift_mm=3.0,retreat=-30,rough_mm=0.1|v10|stop",bead,mat,10.0,1,1,0,0,0,0,0,1,0,1,0,5.03,9.50
"cloche|backstop=None,clearance_mm=0.0,drop_speed_mm_s=20.0,lift_mm=3.0,retreat=-30,rough_mm=0.1|v10|stop",bead,mat,15.0,1,1,0,0,0,0,0,1,0,1,0,5.04,4.62
"cloche|backstop=None,clearance_mm=0.0,drop_speed_mm_s=20.0,lift_mm=3.0,retreat=-30,rough_mm=0.1|v10|stop",coin_1yen,flooring,0.0,1,1,0,0,0,0,0,1,0,1,0,11.03,0.00
"cloche|backstop=None,clearance_mm=0.0,drop_speed_mm_s=20.0,lift_mm=3.0,retreat=-30,rough_mm=0.1|v10|stop",coin_1yen,flooring,5.0,1,0,0,0,0,1,0,0,0,0,0,,
"cloche|backstop=None,clearance_mm=0.0,drop_speed_mm_s=20.0,lift_mm=3.0,retreat=-30,rough_mm=0.1|v10|stop",coin_1yen,flooring,10.0,1,0,0,0,0,0,1,1,0,1,0,,
"cloche|backstop=None,clearance_mm=0.0,drop_speed_mm_s=20.0,lift_mm=3.0,retreat=-30,rough_mm=0.1|v10|stop",coin_1yen,flooring,15.0,1,0,0,0,0,0,1,1,1,0,1,,
"cloche|backstop=None,clearance_mm=0.0,drop_speed_mm_s=20.0,lift_mm=3.0,retreat=-30,rough_mm=0.1|v10|stop",coin_1yen,mat,0.0,1,1,0,0,0,0,0,1,0,1,0,11.03,0.00
"cloche|backstop=None,clearance_mm=0.0,drop_speed_mm_s=20.0,lift_mm=3.0,retreat=-30,rough_mm=0.1|v10|stop",coin_1yen,mat,5.0,1,1,0,0,0,0,0,1,0,1,0,11.03,4.82
"cloche|backstop=None,clearance_mm=0.0,drop_speed_mm_s=20.0,lift_mm=3.0,retreat=-30,rough_mm=0.1|v10|stop",coin_1yen,mat,10.0,1,0,0,0,0,1,0,0,1,0,0,,
"cloche|backstop=None,clearance_mm=0.0,drop_speed_mm_s=20.0,lift_mm=3.0,retreat=-30,rough_mm=0.1|v10|stop",coin_1yen,mat,15.0,1,0,1,0,0,0,0,1,1,0,1,11.03,1.15
"cloche|backstop=None,clearance_mm=0.0,drop_speed_mm_s=20.0,lift_mm=3.0,retreat=-30,rough_mm=0.1|v10|stop",crumb_cube,flooring,0.0,1,1,0,0,0,0,0,1,0,1,0,8.10,0.09
"cloche|backstop=None,clearance_mm=0.0,drop_speed_mm_s=20.0,lift_mm=3.0,retreat=-30,rough_mm=0.1|v10|stop",crumb_cube,flooring,5.0,1,1,0,0,0,0,0,1,0,1,0,8.10,4.99
"cloche|backstop=None,clearance_mm=0.0,drop_speed_mm_s=20.0,lift_mm=3.0,retreat=-30,rough_mm=0.1|v10|stop",crumb_cube,flooring,10.0,1,1,0,0,0,0,0,1,1,0,1,8.10,9.18
"cloche|backstop=None,clearance_mm=0.0,drop_speed_mm_s=20.0,lift_mm=3.0,retreat=-30,rough_mm=0.1|v10|stop",crumb_cube,flooring,15.0,1,1,0,0,0,0,0,1,1,0,1,8.11,9.23
"cloche|backstop=None,clearance_mm=0.0,drop_speed_mm_s=20.0,lift_mm=3.0,retreat=-30,rough_mm=0.1|v10|stop",crumb_cube,mat,0.0,1,1,0,0,0,0,0,1,0,1,0,8.10,0.09
"cloche|backstop=None,clearance_mm=0.0,drop_speed_mm_s=20.0,lift_mm=3.0,retreat=-30,rough_mm=0.1|v10|stop",crumb_cube,mat,5.0,1,1,0,0,0,0,0,1,0,1,0,8.10,4.99
"cloche|backstop=None,clearance_mm=0.0,drop_speed_mm_s=20.0,lift_mm=3.0,retreat=-30,rough_mm=0.1|v10|stop",crumb_cube,mat,10.0,1,1,0,0,0,0,0,1,1,0,1,8.10,9.18
"cloche|backstop=None,clearance_mm=0.0,drop_speed_mm_s=20.0,lift_mm=3.0,retreat=-30,rough_mm=0.1|v10|stop",crumb_cube,mat,15.0,1,1,0,0,0,0,0,1,1,0,1,8.11,9.23
"cloche|backstop=None,clearance_mm=0.0,drop_speed_mm_s=20.0,lift_mm=3.0,retreat=0,rough_mm=0.1|v10|stop",battery_cr2032,flooring,0.0,1,1,0,0,0,0,0,1,0,1,0,11.04,0.00
"cloche|backstop=None,clearance_mm=0.0,drop_speed_mm_s=20.0,lift_mm=3.0,retreat=0,rough_mm=0.1|v10|stop",battery_cr2032,flooring,5.0,1,1,0,0,0,0,0,1,1,0,1,11.03,5.00
"cloche|backstop=None,clearance_mm=0.0,drop_speed_mm_s=20.0,lift_mm=3.0,retreat=0,rough_mm=0.1|v10|stop",battery_cr2032,flooring,10.0,1,0,1,0,0,0,0,1,1,0,1,11.04,5.00
"cloche|backstop=None,clearance_mm=0.0,drop_speed_mm_s=20.0,lift_mm=3.0,retreat=0,rough_mm=0.1|v10|stop",battery_cr2032,flooring,15.0,1,0,0,0,0,1,0,0,0,0,0,,
"cloche|backstop=None,clearance_mm=0.0,drop_speed_mm_s=20.0,lift_mm=3.0,retreat=0,rough_mm=0.1|v10|stop",battery_cr2032,mat,0.0,1,1,0,0,0,0,0,1,0,1,0,11.04,0.00
"cloche|backstop=None,clearance_mm=0.0,drop_speed_mm_s=20.0,lift_mm=3.0,retreat=0,rough_mm=0.1|v10|stop",battery_cr2032,mat,5.0,1,0,1,0,0,0,0,1,1,0,1,19.32,4.57
"cloche|backstop=None,clearance_mm=0.0,drop_speed_mm_s=20.0,lift_mm=3.0,retreat=0,rough_mm=0.1|v10|stop",battery_cr2032,mat,10.0,1,0,0,0,0,1,0,0,0,0,0,,
"cloche|backstop=None,clearance_mm=0.0,drop_speed_mm_s=20.0,lift_mm=3.0,retreat=0,rough_mm=0.1|v10|stop",battery_cr2032,mat,15.0,1,0,0,0,0,1,0,0,1,0,0,,
"cloche|backstop=None,clearance_mm=0.0,drop_speed_mm_s=20.0,lift_mm=3.0,retreat=0,rough_mm=0.1|v10|stop",bead,flooring,0.0,1,1,0,0,0,0,0,1,0,1,0,5.03,2.47
"cloche|backstop=None,clearance_mm=0.0,drop_speed_mm_s=20.0,lift_mm=3.0,retreat=0,rough_mm=0.1|v10|stop",bead,flooring,5.0,1,1,0,0,0,0,0,1,0,1,0,5.03,4.44
"cloche|backstop=None,clearance_mm=0.0,drop_speed_mm_s=20.0,lift_mm=3.0,retreat=0,rough_mm=0.1|v10|stop",bead,flooring,10.0,1,1,0,0,0,0,0,1,0,1,0,5.03,9.50
"cloche|backstop=None,clearance_mm=0.0,drop_speed_mm_s=20.0,lift_mm=3.0,retreat=0,rough_mm=0.1|v10|stop",bead,flooring,15.0,1,1,0,0,0,0,0,1,0,1,0,5.03,9.57
"cloche|backstop=None,clearance_mm=0.0,drop_speed_mm_s=20.0,lift_mm=3.0,retreat=0,rough_mm=0.1|v10|stop",bead,mat,0.0,1,1,0,0,0,0,0,1,0,1,0,5.03,2.47
"cloche|backstop=None,clearance_mm=0.0,drop_speed_mm_s=20.0,lift_mm=3.0,retreat=0,rough_mm=0.1|v10|stop",bead,mat,5.0,1,1,0,0,0,0,0,1,0,1,0,5.03,7.64
"cloche|backstop=None,clearance_mm=0.0,drop_speed_mm_s=20.0,lift_mm=3.0,retreat=0,rough_mm=0.1|v10|stop",bead,mat,10.0,1,1,0,0,0,0,0,1,0,1,0,5.03,9.50
"cloche|backstop=None,clearance_mm=0.0,drop_speed_mm_s=20.0,lift_mm=3.0,retreat=0,rough_mm=0.1|v10|stop",bead,mat,15.0,1,1,0,0,0,0,0,1,0,1,0,5.04,4.62
"cloche|backstop=None,clearance_mm=0.0,drop_speed_mm_s=20.0,lift_mm=3.0,retreat=0,rough_mm=0.1|v10|stop",coin_1yen,flooring,0.0,1,1,0,0,0,0,0,1,0,1,0,11.03,0.00
"cloche|backstop=None,clearance_mm=0.0,drop_speed_mm_s=20.0,lift_mm=3.0,retreat=0,rough_mm=0.1|v10|stop",coin_1yen,flooring,5.0,1,0,0,0,0,1,0,0,0,0,0,,
"cloche|backstop=None,clearance_mm=0.0,drop_speed_mm_s=20.0,lift_mm=3.0,retreat=0,rough_mm=0.1|v10|stop",coin_1yen,flooring,10.0,1,0,0,0,0,0,1,1,0,1,0,,
"cloche|backstop=None,clearance_mm=0.0,drop_speed_mm_s=20.0,lift_mm=3.0,retreat=0,rough_mm=0.1|v10|stop",coin_1yen,flooring,15.0,1,0,0,0,0,0,1,1,1,0,1,,
"cloche|backstop=None,clearance_mm=0.0,drop_speed_mm_s=20.0,lift_mm=3.0,retreat=0,rough_mm=0.1|v10|stop",coin_1yen,mat,0.0,1,1,0,0,0,0,0,1,0,1,0,11.03,0.00
"cloche|backstop=None,clearance_mm=0.0,drop_speed_mm_s=20.0,lift_mm=3.0,retreat=0,rough_mm=0.1|v10|stop",coin_1yen,mat,5.0,1,1,0,0,0,0,0,1,0,1,0,11.03,4.82
"cloche|backstop=None,clearance_mm=0.0,drop_speed_mm_s=20.0,lift_mm=3.0,retreat=0,rough_mm=0.1|v10|stop",coin_1yen,mat,10.0,1,0,0,0,0,1,0,0,1,0,0,,
"cloche|backstop=None,clearance_mm=0.0,drop_speed_mm_s=20.0,lift_mm=3.0,retreat=0,rough_mm=0.1|v10|stop",coin_1yen,mat,15.0,1,0,1,0,0,0,0,1,1,0,1,11.03,1.15
"cloche|backstop=None,clearance_mm=0.0,drop_speed_mm_s=20.0,lift_mm=3.0,retreat=0,rough_mm=0.1|v10|stop",crumb_cube,flooring,0.0,1,1,0,0,0,0,0,1,0,1,0,8.10,0.09
"cloche|backstop=None,clearance_mm=0.0,drop_speed_mm_s=20.0,lift_mm=3.0,retreat=0,rough_mm=0.1|v10|stop",crumb_cube,flooring,5.0,1,1,0,0,0,0,0,1,0,1,0,8.10,4.99
"cloche|backstop=None,clearance_mm=0.0,drop_speed_mm_s=20.0,lift_mm=3.0,retreat=0,rough_mm=0.1|v10|stop",crumb_cube,flooring,10.0,1,1,0,0,0,0,0,1,1,0,1,8.10,9.18
"cloche|backstop=None,clearance_mm=0.0,drop_speed_mm_s=20.0,lift_mm=3.0,retreat=0,rough_mm=0.1|v10|stop",crumb_cube,flooring,15.0,1,1,0,0,0,0,0,1,1,0,1,8.11,9.23
"cloche|backstop=None,clearance_mm=0.0,drop_speed_mm_s=20.0,lift_mm=3.0,retreat=0,rough_mm=0.1|v10|stop",crumb_cube,mat,0.0,1,1,0,0,0,0,0,1,0,1,0,8.10,0.09
"cloche|backstop=None,clearance_mm=0.0,drop_speed_mm_s=20.0,lift_mm=3.0,retreat=0,rough_mm=0.1|v10|stop",crumb_cube,mat,5.0,1,1,0,0,0,0,0,1,0,1,0,8.10,4.99
"cloche|backstop=None,clearance_mm=0.0,drop_speed_mm_s=20.0,lift_mm=3.0,retreat=0,rough_mm=0.1|v10|stop",crumb_cube,mat,10.0,1,1,0,0,0,0,0,1,1,0,1,8.10,9.18
"cloche|backstop=None,clearance_mm=0.0,drop_speed_mm_s=20.0,lift_mm=3.0,retreat=0,rough_mm=0.1|v10|stop",crumb_cube,mat,15.0,1,1,0,0,0,0,0,1,1,0,1,8.11,9.23
"cloche|backstop=None,clearance_mm=0.0,drop_speed_mm_s=20.0,lift_mm=3.0,retreat=30,rough_mm=0.1|v10|stop",battery_cr2032,flooring,0.0,1,1,0,0,0,0,0,1,0,1,0,11.04,0.00
"cloche|backstop=None,clearance_mm=0.0,drop_speed_mm_s=20.0,lift_mm=3.0,retreat=30,rough_mm=0.1|v10|stop",battery_cr2032,flooring,5.0,1,1,0,0,0,0,0,1,1,0,1,11.03,5.00
"cloche|backstop=None,clearance_mm=0.0,drop_speed_mm_s=20.0,lift_mm=3.0,retreat=30,rough_mm=0.1|v10|stop",battery_cr2032,flooring,10.0,1,0,1,0,0,0,0,1,1,0,1,11.04,5.00
"cloche|backstop=None,clearance_mm=0.0,drop_speed_mm_s=20.0,lift_mm=3.0,retreat=30,rough_mm=0.1|v10|stop",battery_cr2032,flooring,15.0,1,0,0,0,0,1,0,0,0,0,0,,
"cloche|backstop=None,clearance_mm=0.0,drop_speed_mm_s=20.0,lift_mm=3.0,retreat=30,rough_mm=0.1|v10|stop",battery_cr2032,mat,0.0,1,1,0,0,0,0,0,1,0,1,0,11.04,0.00
"cloche|backstop=None,clearance_mm=0.0,drop_speed_mm_s=20.0,lift_mm=3.0,retreat=30,rough_mm=0.1|v10|stop",battery_cr2032,mat,5.0,1,0,1,0,0,0,0,1,1,0,1,19.32,4.57
"cloche|backstop=None,clearance_mm=0.0,drop_speed_mm_s=20.0,lift_mm=3.0,retreat=30,rough_mm=0.1|v10|stop",battery_cr2032,mat,10.0,1,0,0,0,0,1,0,0,0,0,0,,
"cloche|backstop=None,clearance_mm=0.0,drop_speed_mm_s=20.0,lift_mm=3.0,retreat=30,rough_mm=0.1|v10|stop",battery_cr2032,mat,15.0,1,0,0,0,0,1,0,0,1,0,0,,
"cloche|backstop=None,clearance_mm=0.0,drop_speed_mm_s=20.0,lift_mm=3.0,retreat=30,rough_mm=0.1|v10|stop",bead,flooring,0.0,1,1,0,0,0,0,0,1,0,1,0,5.03,2.47
"cloche|backstop=None,clearance_mm=0.0,drop_speed_mm_s=20.0,lift_mm=3.0,retreat=30,rough_mm=0.1|v10|stop",bead,flooring,5.0,1,1,0,0,0,0,0,1,0,1,0,5.03,4.44
"cloche|backstop=None,clearance_mm=0.0,drop_speed_mm_s=20.0,lift_mm=3.0,retreat=30,rough_mm=0.1|v10|stop",bead,flooring,10.0,1,1,0,0,0,0,0,1,0,1,0,5.03,9.50
"cloche|backstop=None,clearance_mm=0.0,drop_speed_mm_s=20.0,lift_mm=3.0,retreat=30,rough_mm=0.1|v10|stop",bead,flooring,15.0,1,1,0,0,0,0,0,1,0,1,0,5.03,9.57
"cloche|backstop=None,clearance_mm=0.0,drop_speed_mm_s=20.0,lift_mm=3.0,retreat=30,rough_mm=0.1|v10|stop",bead,mat,0.0,1,1,0,0,0,0,0,1,0,1,0,5.03,2.47
"cloche|backstop=None,clearance_mm=0.0,drop_speed_mm_s=20.0,lift_mm=3.0,retreat=30,rough_mm=0.1|v10|stop",bead,mat,5.0,1,1,0,0,0,0,0,1,0,1,0,5.03,7.64
"cloche|backstop=None,clearance_mm=0.0,drop_speed_mm_s=20.0,lift_mm=3.0,retreat=30,rough_mm=0.1|v10|stop",bead,mat,10.0,1,1,0,0,0,0,0,1,0,1,0,5.03,9.50
"cloche|backstop=None,clearance_mm=0.0,drop_speed_mm_s=20.0,lift_mm=3.0,retreat=30,rough_mm=0.1|v10|stop",bead,mat,15.0,1,1,0,0,0,0,0,1,0,1,0,5.04,4.62
"cloche|backstop=None,clearance_mm=0.0,drop_speed_mm_s=20.0,lift_mm=3.0,retreat=30,rough_mm=0.1|v10|stop",coin_1yen,flooring,0.0,1,1,0,0,0,0,0,1,0,1,0,11.03,0.00
"cloche|backstop=None,clearance_mm=0.0,drop_speed_mm_s=20.0,lift_mm=3.0,retreat=30,rough_mm=0.1|v10|stop",coin_1yen,flooring,5.0,1,0,0,0,0,1,0,0,0,0,0,,
"cloche|backstop=None,clearance_mm=0.0,drop_speed_mm_s=20.0,lift_mm=3.0,retreat=30,rough_mm=0.1|v10|stop",coin_1yen,flooring,10.0,1,0,0,0,0,0,1,1,0,1,0,,
"cloche|backstop=None,clearance_mm=0.0,drop_speed_mm_s=20.0,lift_mm=3.0,retreat=30,rough_mm=0.1|v10|stop",coin_1yen,flooring,15.0,1,0,0,0,0,0,1,1,1,0,1,,
"cloche|backstop=None,clearance_mm=0.0,drop_speed_mm_s=20.0,lift_mm=3.0,retreat=30,rough_mm=0.1|v10|stop",coin_1yen,mat,0.0,1,1,0,0,0,0,0,1,0,1,0,11.03,0.00
"cloche|backstop=None,clearance_mm=0.0,drop_speed_mm_s=20.0,lift_mm=3.0,retreat=30,rough_mm=0.1|v10|stop",coin_1yen,mat,5.0,1,1,0,0,0,0,0,1,0,1,0,11.03,4.82
"cloche|backstop=None,clearance_mm=0.0,drop_speed_mm_s=20.0,lift_mm=3.0,retreat=30,rough_mm=0.1|v10|stop",coin_1yen,mat,10.0,1,0,0,0,0,1,0,0,1,0,0,,
"cloche|backstop=None,clearance_mm=0.0,drop_speed_mm_s=20.0,lift_mm=3.0,retreat=30,rough_mm=0.1|v10|stop",coin_1yen,mat,15.0,1,0,1,0,0,0,0,1,1,0,1,11.03,1.15
"cloche|backstop=None,clearance_mm=0.0,drop_speed_mm_s=20.0,lift_mm=3.0,retreat=30,rough_mm=0.1|v10|stop",crumb_cube,flooring,0.0,1,1,0,0,0,0,0,1,0,1,0,8.10,0.09
"cloche|backstop=None,clearance_mm=0.0,drop_speed_mm_s=20.0,lift_mm=3.0,retreat=30,rough_mm=0.1|v10|stop",crumb_cube,flooring,5.0,1,1,0,0,0,0,0,1,0,1,0,8.10,4.99
"cloche|backstop=None,clearance_mm=0.0,drop_speed_mm_s=20.0,lift_mm=3.0,retreat=30,rough_mm=0.1|v10|stop",crumb_cube,flooring,10.0,1,1,0,0,0,0,0,1,1,0,1,8.10,9.18
"cloche|backstop=None,clearance_mm=0.0,drop_speed_mm_s=20.0,lift_mm=3.0,retreat=30,rough_mm=0.1|v10|stop",crumb_cube,flooring,15.0,1,1,0,0,0,0,0,1,1,0,1,8.11,9.23
"cloche|backstop=None,clearance_mm=0.0,drop_speed_mm_s=20.0,lift_mm=3.0,retreat=30,rough_mm=0.1|v10|stop",crumb_cube,mat,0.0,1,1,0,0,0,0,0,1,0,1,0,8.10,0.09
"cloche|backstop=None,clearance_mm=0.0,drop_speed_mm_s=20.0,lift_mm=3.0,retreat=30,rough_mm=0.1|v10|stop",crumb_cube,mat,5.0,1,1,0,0,0,0,0,1,0,1,0,8.10,4.99
"cloche|backstop=None,clearance_mm=0.0,drop_speed_mm_s=20.0,lift_mm=3.0,retreat=30,rough_mm=0.1|v10|stop",crumb_cube,mat,10.0,1,1,0,0,0,0,0,1,1,0,1,8.10,9.18
"cloche|backstop=None,clearance_mm=0.0,drop_speed_mm_s=20.0,lift_mm=3.0,retreat=30,rough_mm=0.1|v10|stop",crumb_cube,mat,15.0,1,1,0,0,0,0,0,1,1,0,1,8.11,9.23
"cloche|backstop=None,clearance_mm=0.0,drop_speed_mm_s=20.0,lift_mm=5.0,retreat=-30,rough_mm=0.1|v10|stop",battery_cr2032,flooring,0.0,1,1,0,0,0,0,0,1,0,1,0,11.04,0.00
"cloche|backstop=None,clearance_mm=0.0,drop_speed_mm_s=20.0,lift_mm=5.0,retreat=-30,rough_mm=0.1|v10|stop",battery_cr2032,flooring,5.0,1,1,0,0,0,0,0,1,0,1,0,11.00,4.80
"cloche|backstop=None,clearance_mm=0.0,drop_speed_mm_s=20.0,lift_mm=5.0,retreat=-30,rough_mm=0.1|v10|stop",battery_cr2032,flooring,10.0,1,0,0,0,0,1,0,0,1,0,0,,
"cloche|backstop=None,clearance_mm=0.0,drop_speed_mm_s=20.0,lift_mm=5.0,retreat=-30,rough_mm=0.1|v10|stop",battery_cr2032,flooring,15.0,1,0,0,0,0,1,0,0,0,0,0,,
"cloche|backstop=None,clearance_mm=0.0,drop_speed_mm_s=20.0,lift_mm=5.0,retreat=-30,rough_mm=0.1|v10|stop",battery_cr2032,mat,0.0,1,1,0,0,0,0,0,1,0,1,0,11.04,0.00
"cloche|backstop=None,clearance_mm=0.0,drop_speed_mm_s=20.0,lift_mm=5.0,retreat=-30,rough_mm=0.1|v10|stop",battery_cr2032,mat,5.0,1,0,0,0,0,0,1,1,1,0,1,,
"cloche|backstop=None,clearance_mm=0.0,drop_speed_mm_s=20.0,lift_mm=5.0,retreat=-30,rough_mm=0.1|v10|stop",battery_cr2032,mat,10.0,1,0,0,0,0,1,0,0,0,0,0,,
"cloche|backstop=None,clearance_mm=0.0,drop_speed_mm_s=20.0,lift_mm=5.0,retreat=-30,rough_mm=0.1|v10|stop",battery_cr2032,mat,15.0,1,0,0,0,0,1,0,0,0,0,0,,
"cloche|backstop=None,clearance_mm=0.0,drop_speed_mm_s=20.0,lift_mm=5.0,retreat=-30,rough_mm=0.1|v10|stop",bead,flooring,0.0,1,1,0,0,0,0,0,1,0,1,0,5.03,2.47
"cloche|backstop=None,clearance_mm=0.0,drop_speed_mm_s=20.0,lift_mm=5.0,retreat=-30,rough_mm=0.1|v10|stop",bead,flooring,5.0,1,1,0,0,0,0,0,1,0,1,0,5.03,4.44
"cloche|backstop=None,clearance_mm=0.0,drop_speed_mm_s=20.0,lift_mm=5.0,retreat=-30,rough_mm=0.1|v10|stop",bead,flooring,10.0,1,1,0,0,0,0,0,1,0,1,0,5.03,9.50
"cloche|backstop=None,clearance_mm=0.0,drop_speed_mm_s=20.0,lift_mm=5.0,retreat=-30,rough_mm=0.1|v10|stop",bead,flooring,15.0,1,1,0,0,0,0,0,1,0,1,0,5.03,9.57
"cloche|backstop=None,clearance_mm=0.0,drop_speed_mm_s=20.0,lift_mm=5.0,retreat=-30,rough_mm=0.1|v10|stop",bead,mat,0.0,1,1,0,0,0,0,0,1,0,1,0,5.03,2.47
"cloche|backstop=None,clearance_mm=0.0,drop_speed_mm_s=20.0,lift_mm=5.0,retreat=-30,rough_mm=0.1|v10|stop",bead,mat,5.0,1,1,0,0,0,0,0,1,0,1,0,5.03,7.64
"cloche|backstop=None,clearance_mm=0.0,drop_speed_mm_s=20.0,lift_mm=5.0,retreat=-30,rough_mm=0.1|v10|stop",bead,mat,10.0,1,1,0,0,0,0,0,1,0,1,0,5.03,9.50
"cloche|backstop=None,clearance_mm=0.0,drop_speed_mm_s=20.0,lift_mm=5.0,retreat=-30,rough_mm=0.1|v10|stop",bead,mat,15.0,1,1,0,0,0,0,0,1,0,1,0,5.04,4.62
"cloche|backstop=None,clearance_mm=0.0,drop_speed_mm_s=20.0,lift_mm=5.0,retreat=-30,rough_mm=0.1|v10|stop",coin_1yen,flooring,0.0,1,1,0,0,0,0,0,1,0,1,0,11.03,0.00
"cloche|backstop=None,clearance_mm=0.0,drop_speed_mm_s=20.0,lift_mm=5.0,retreat=-30,rough_mm=0.1|v10|stop",coin_1yen,flooring,5.0,1,0,0,0,0,1,0,0,0,0,0,,
"cloche|backstop=None,clearance_mm=0.0,drop_speed_mm_s=20.0,lift_mm=5.0,retreat=-30,rough_mm=0.1|v10|stop",coin_1yen,flooring,10.0,1,0,0,0,0,0,1,1,0,1,0,,
"cloche|backstop=None,clearance_mm=0.0,drop_speed_mm_s=20.0,lift_mm=5.0,retreat=-30,rough_mm=0.1|v10|stop",coin_1yen,flooring,15.0,1,0,1,0,0,0,0,1,1,0,1,17.85,1.79
"cloche|backstop=None,clearance_mm=0.0,drop_speed_mm_s=20.0,lift_mm=5.0,retreat=-30,rough_mm=0.1|v10|stop",coin_1yen,mat,0.0,1,1,0,0,0,0,0,1,0,1,0,11.03,0.00
"cloche|backstop=None,clearance_mm=0.0,drop_speed_mm_s=20.0,lift_mm=5.0,retreat=-30,rough_mm=0.1|v10|stop",coin_1yen,mat,5.0,1,1,0,0,0,0,0,1,0,1,0,11.03,4.82
"cloche|backstop=None,clearance_mm=0.0,drop_speed_mm_s=20.0,lift_mm=5.0,retreat=-30,rough_mm=0.1|v10|stop",coin_1yen,mat,10.0,1,0,0,0,0,1,0,0,1,0,0,,
"cloche|backstop=None,clearance_mm=0.0,drop_speed_mm_s=20.0,lift_mm=5.0,retreat=-30,rough_mm=0.1|v10|stop",coin_1yen,mat,15.0,1,0,0,0,0,0,1,1,1,0,1,,
"cloche|backstop=None,clearance_mm=0.0,drop_speed_mm_s=20.0,lift_mm=5.0,retreat=-30,rough_mm=0.1|v10|stop",crumb_cube,flooring,0.0,1,1,0,0,0,0,0,1,0,1,0,8.10,0.09
"cloche|backstop=None,clearance_mm=0.0,drop_speed_mm_s=20.0,lift_mm=5.0,retreat=-30,rough_mm=0.1|v10|stop",crumb_cube,flooring,5.0,1,1,0,0,0,0,0,1,0,1,0,8.10,4.99
"cloche|backstop=None,clearance_mm=0.0,drop_speed_mm_s=20.0,lift_mm=5.0,retreat=-30,rough_mm=0.1|v10|stop",crumb_cube,flooring,10.0,1,1,0,0,0,0,0,1,1,0,1,8.10,9.23
"cloche|backstop=None,clearance_mm=0.0,drop_speed_mm_s=20.0,lift_mm=5.0,retreat=-30,rough_mm=0.1|v10|stop",crumb_cube,flooring,15.0,1,1,0,0,0,0,0,1,1,0,1,8.10,9.47
"cloche|backstop=None,clearance_mm=0.0,drop_speed_mm_s=20.0,lift_mm=5.0,retreat=-30,rough_mm=0.1|v10|stop",crumb_cube,mat,0.0,1,1,0,0,0,0,0,1,0,1,0,8.10,0.09
"cloche|backstop=None,clearance_mm=0.0,drop_speed_mm_s=20.0,lift_mm=5.0,retreat=-30,rough_mm=0.1|v10|stop",crumb_cube,mat,5.0,1,1,0,0,0,0,0,1,0,1,0,8.10,4.99
"cloche|backstop=None,clearance_mm=0.0,drop_speed_mm_s=20.0,lift_mm=5.0,retreat=-30,rough_mm=0.1|v10|stop",crumb_cube,mat,10.0,1,1,0,0,0,0,0,1,1,0,1,8.10,9.23
"cloche|backstop=None,clearance_mm=0.0,drop_speed_mm_s=20.0,lift_mm=5.0,retreat=-30,rough_mm=0.1|v10|stop",crumb_cube,mat,15.0,1,1,0,0,0,0,0,1,1,0,1,8.10,9.47
"cloche|backstop=None,clearance_mm=0.0,drop_speed_mm_s=20.0,lift_mm=5.0,retreat=0,rough_mm=0.1|v10|stop",battery_cr2032,flooring,0.0,1,1,0,0,0,0,0,1,0,1,0,11.04,0.00
"cloche|backstop=None,clearance_mm=0.0,drop_speed_mm_s=20.0,lift_mm=5.0,retreat=0,rough_mm=0.1|v10|stop",battery_cr2032,flooring,5.0,1,1,0,0,0,0,0,1,0,1,0,11.00,4.80
"cloche|backstop=None,clearance_mm=0.0,drop_speed_mm_s=20.0,lift_mm=5.0,retreat=0,rough_mm=0.1|v10|stop",battery_cr2032,flooring,10.0,1,0,0,0,0,1,0,0,1,0,0,,
"cloche|backstop=None,clearance_mm=0.0,drop_speed_mm_s=20.0,lift_mm=5.0,retreat=0,rough_mm=0.1|v10|stop",battery_cr2032,flooring,15.0,1,0,0,0,0,1,0,0,0,0,0,,
"cloche|backstop=None,clearance_mm=0.0,drop_speed_mm_s=20.0,lift_mm=5.0,retreat=0,rough_mm=0.1|v10|stop",battery_cr2032,mat,0.0,1,1,0,0,0,0,0,1,0,1,0,11.04,0.00
"cloche|backstop=None,clearance_mm=0.0,drop_speed_mm_s=20.0,lift_mm=5.0,retreat=0,rough_mm=0.1|v10|stop",battery_cr2032,mat,5.0,1,0,0,0,0,0,1,1,1,0,1,,
"cloche|backstop=None,clearance_mm=0.0,drop_speed_mm_s=20.0,lift_mm=5.0,retreat=0,rough_mm=0.1|v10|stop",battery_cr2032,mat,10.0,1,0,0,0,0,1,0,0,0,0,0,,
"cloche|backstop=None,clearance_mm=0.0,drop_speed_mm_s=20.0,lift_mm=5.0,retreat=0,rough_mm=0.1|v10|stop",battery_cr2032,mat,15.0,1,0,0,0,0,1,0,0,0,0,0,,
"cloche|backstop=None,clearance_mm=0.0,drop_speed_mm_s=20.0,lift_mm=5.0,retreat=0,rough_mm=0.1|v10|stop",bead,flooring,0.0,1,1,0,0,0,0,0,1,0,1,0,5.03,2.47
"cloche|backstop=None,clearance_mm=0.0,drop_speed_mm_s=20.0,lift_mm=5.0,retreat=0,rough_mm=0.1|v10|stop",bead,flooring,5.0,1,1,0,0,0,0,0,1,0,1,0,5.03,4.44
"cloche|backstop=None,clearance_mm=0.0,drop_speed_mm_s=20.0,lift_mm=5.0,retreat=0,rough_mm=0.1|v10|stop",bead,flooring,10.0,1,1,0,0,0,0,0,1,0,1,0,5.03,9.50
"cloche|backstop=None,clearance_mm=0.0,drop_speed_mm_s=20.0,lift_mm=5.0,retreat=0,rough_mm=0.1|v10|stop",bead,flooring,15.0,1,1,0,0,0,0,0,1,0,1,0,5.03,9.57
"cloche|backstop=None,clearance_mm=0.0,drop_speed_mm_s=20.0,lift_mm=5.0,retreat=0,rough_mm=0.1|v10|stop",bead,mat,0.0,1,1,0,0,0,0,0,1,0,1,0,5.03,2.47
"cloche|backstop=None,clearance_mm=0.0,drop_speed_mm_s=20.0,lift_mm=5.0,retreat=0,rough_mm=0.1|v10|stop",bead,mat,5.0,1,1,0,0,0,0,0,1,0,1,0,5.03,7.64
"cloche|backstop=None,clearance_mm=0.0,drop_speed_mm_s=20.0,lift_mm=5.0,retreat=0,rough_mm=0.1|v10|stop",bead,mat,10.0,1,1,0,0,0,0,0,1,0,1,0,5.03,9.50
"cloche|backstop=None,clearance_mm=0.0,drop_speed_mm_s=20.0,lift_mm=5.0,retreat=0,rough_mm=0.1|v10|stop",bead,mat,15.0,1,1,0,0,0,0,0,1,0,1,0,5.04,4.62
"cloche|backstop=None,clearance_mm=0.0,drop_speed_mm_s=20.0,lift_mm=5.0,retreat=0,rough_mm=0.1|v10|stop",coin_1yen,flooring,0.0,1,1,0,0,0,0,0,1,0,1,0,11.03,0.00
"cloche|backstop=None,clearance_mm=0.0,drop_speed_mm_s=20.0,lift_mm=5.0,retreat=0,rough_mm=0.1|v10|stop",coin_1yen,flooring,5.0,1,0,0,0,0,1,0,0,0,0,0,,
"cloche|backstop=None,clearance_mm=0.0,drop_speed_mm_s=20.0,lift_mm=5.0,retreat=0,rough_mm=0.1|v10|stop",coin_1yen,flooring,10.0,1,0,0,0,0,0,1,1,0,1,0,,
"cloche|backstop=None,clearance_mm=0.0,drop_speed_mm_s=20.0,lift_mm=5.0,retreat=0,rough_mm=0.1|v10|stop",coin_1yen,flooring,15.0,1,0,1,0,0,0,0,1,1,0,1,17.85,1.79
"cloche|backstop=None,clearance_mm=0.0,drop_speed_mm_s=20.0,lift_mm=5.0,retreat=0,rough_mm=0.1|v10|stop",coin_1yen,mat,0.0,1,1,0,0,0,0,0,1,0,1,0,11.03,0.00
"cloche|backstop=None,clearance_mm=0.0,drop_speed_mm_s=20.0,lift_mm=5.0,retreat=0,rough_mm=0.1|v10|stop",coin_1yen,mat,5.0,1,1,0,0,0,0,0,1,0,1,0,11.03,4.82
"cloche|backstop=None,clearance_mm=0.0,drop_speed_mm_s=20.0,lift_mm=5.0,retreat=0,rough_mm=0.1|v10|stop",coin_1yen,mat,10.0,1,0,0,0,0,1,0,0,1,0,0,,
"cloche|backstop=None,clearance_mm=0.0,drop_speed_mm_s=20.0,lift_mm=5.0,retreat=0,rough_mm=0.1|v10|stop",coin_1yen,mat,15.0,1,0,0,0,0,0,1,1,1,0,1,,
"cloche|backstop=None,clearance_mm=0.0,drop_speed_mm_s=20.0,lift_mm=5.0,retreat=0,rough_mm=0.1|v10|stop",crumb_cube,flooring,0.0,1,1,0,0,0,0,0,1,0,1,0,8.10,0.09
"cloche|backstop=None,clearance_mm=0.0,drop_speed_mm_s=20.0,lift_mm=5.0,retreat=0,rough_mm=0.1|v10|stop",crumb_cube,flooring,5.0,1,1,0,0,0,0,0,1,0,1,0,8.10,4.99
"cloche|backstop=None,clearance_mm=0.0,drop_speed_mm_s=20.0,lift_mm=5.0,retreat=0,rough_mm=0.1|v10|stop",crumb_cube,flooring,10.0,1,1,0,0,0,0,0,1,1,0,1,8.10,9.23
"cloche|backstop=None,clearance_mm=0.0,drop_speed_mm_s=20.0,lift_mm=5.0,retreat=0,rough_mm=0.1|v10|stop",crumb_cube,flooring,15.0,1,1,0,0,0,0,0,1,1,0,1,8.10,9.47
"cloche|backstop=None,clearance_mm=0.0,drop_speed_mm_s=20.0,lift_mm=5.0,retreat=0,rough_mm=0.1|v10|stop",crumb_cube,mat,0.0,1,1,0,0,0,0,0,1,0,1,0,8.10,0.09
"cloche|backstop=None,clearance_mm=0.0,drop_speed_mm_s=20.0,lift_mm=5.0,retreat=0,rough_mm=0.1|v10|stop",crumb_cube,mat,5.0,1,1,0,0,0,0,0,1,0,1,0,8.10,4.99
"cloche|backstop=None,clearance_mm=0.0,drop_speed_mm_s=20.0,lift_mm=5.0,retreat=0,rough_mm=0.1|v10|stop",crumb_cube,mat,10.0,1,1,0,0,0,0,0,1,1,0,1,8.10,9.23
"cloche|backstop=None,clearance_mm=0.0,drop_speed_mm_s=20.0,lift_mm=5.0,retreat=0,rough_mm=0.1|v10|stop",crumb_cube,mat,15.0,1,1,0,0,0,0,0,1,1,0,1,8.10,9.47
"cloche|backstop=None,clearance_mm=0.0,drop_speed_mm_s=20.0,lift_mm=5.0,retreat=30,rough_mm=0.1|v10|stop",battery_cr2032,flooring,0.0,1,1,0,0,0,0,0,1,0,1,0,11.04,0.00
"cloche|backstop=None,clearance_mm=0.0,drop_speed_mm_s=20.0,lift_mm=5.0,retreat=30,rough_mm=0.1|v10|stop",battery_cr2032,flooring,5.0,1,1,0,0,0,0,0,1,0,1,0,11.00,4.80
"cloche|backstop=None,clearance_mm=0.0,drop_speed_mm_s=20.0,lift_mm=5.0,retreat=30,rough_mm=0.1|v10|stop",battery_cr2032,flooring,10.0,1,0,0,0,0,1,0,0,1,0,0,,
"cloche|backstop=None,clearance_mm=0.0,drop_speed_mm_s=20.0,lift_mm=5.0,retreat=30,rough_mm=0.1|v10|stop",battery_cr2032,flooring,15.0,1,0,0,0,0,1,0,0,0,0,0,,
"cloche|backstop=None,clearance_mm=0.0,drop_speed_mm_s=20.0,lift_mm=5.0,retreat=30,rough_mm=0.1|v10|stop",battery_cr2032,mat,0.0,1,1,0,0,0,0,0,1,0,1,0,11.04,0.00
"cloche|backstop=None,clearance_mm=0.0,drop_speed_mm_s=20.0,lift_mm=5.0,retreat=30,rough_mm=0.1|v10|stop",battery_cr2032,mat,5.0,1,0,0,0,0,0,1,1,1,0,1,,
"cloche|backstop=None,clearance_mm=0.0,drop_speed_mm_s=20.0,lift_mm=5.0,retreat=30,rough_mm=0.1|v10|stop",battery_cr2032,mat,10.0,1,0,0,0,0,1,0,0,0,0,0,,
"cloche|backstop=None,clearance_mm=0.0,drop_speed_mm_s=20.0,lift_mm=5.0,retreat=30,rough_mm=0.1|v10|stop",battery_cr2032,mat,15.0,1,0,0,0,0,1,0,0,0,0,0,,
"cloche|backstop=None,clearance_mm=0.0,drop_speed_mm_s=20.0,lift_mm=5.0,retreat=30,rough_mm=0.1|v10|stop",bead,flooring,0.0,1,1,0,0,0,0,0,1,0,1,0,5.03,2.47
"cloche|backstop=None,clearance_mm=0.0,drop_speed_mm_s=20.0,lift_mm=5.0,retreat=30,rough_mm=0.1|v10|stop",bead,flooring,5.0,1,1,0,0,0,0,0,1,0,1,0,5.03,4.44
"cloche|backstop=None,clearance_mm=0.0,drop_speed_mm_s=20.0,lift_mm=5.0,retreat=30,rough_mm=0.1|v10|stop",bead,flooring,10.0,1,1,0,0,0,0,0,1,0,1,0,5.03,9.50
"cloche|backstop=None,clearance_mm=0.0,drop_speed_mm_s=20.0,lift_mm=5.0,retreat=30,rough_mm=0.1|v10|stop",bead,flooring,15.0,1,1,0,0,0,0,0,1,0,1,0,5.03,9.57
"cloche|backstop=None,clearance_mm=0.0,drop_speed_mm_s=20.0,lift_mm=5.0,retreat=30,rough_mm=0.1|v10|stop",bead,mat,0.0,1,1,0,0,0,0,0,1,0,1,0,5.03,2.47
"cloche|backstop=None,clearance_mm=0.0,drop_speed_mm_s=20.0,lift_mm=5.0,retreat=30,rough_mm=0.1|v10|stop",bead,mat,5.0,1,1,0,0,0,0,0,1,0,1,0,5.03,7.64
"cloche|backstop=None,clearance_mm=0.0,drop_speed_mm_s=20.0,lift_mm=5.0,retreat=30,rough_mm=0.1|v10|stop",bead,mat,10.0,1,1,0,0,0,0,0,1,0,1,0,5.03,9.50
"cloche|backstop=None,clearance_mm=0.0,drop_speed_mm_s=20.0,lift_mm=5.0,retreat=30,rough_mm=0.1|v10|stop",bead,mat,15.0,1,1,0,0,0,0,0,1,0,1,0,5.04,4.62
"cloche|backstop=None,clearance_mm=0.0,drop_speed_mm_s=20.0,lift_mm=5.0,retreat=30,rough_mm=0.1|v10|stop",coin_1yen,flooring,0.0,1,1,0,0,0,0,0,1,0,1,0,11.03,0.00
"cloche|backstop=None,clearance_mm=0.0,drop_speed_mm_s=20.0,lift_mm=5.0,retreat=30,rough_mm=0.1|v10|stop",coin_1yen,flooring,5.0,1,0,0,0,0,1,0,0,0,0,0,,
"cloche|backstop=None,clearance_mm=0.0,drop_speed_mm_s=20.0,lift_mm=5.0,retreat=30,rough_mm=0.1|v10|stop",coin_1yen,flooring,10.0,1,0,0,0,0,0,1,1,0,1,0,,
"cloche|backstop=None,clearance_mm=0.0,drop_speed_mm_s=20.0,lift_mm=5.0,retreat=30,rough_mm=0.1|v10|stop",coin_1yen,flooring,15.0,1,0,1,0,0,0,0,1,1,0,1,17.85,1.79
"cloche|backstop=None,clearance_mm=0.0,drop_speed_mm_s=20.0,lift_mm=5.0,retreat=30,rough_mm=0.1|v10|stop",coin_1yen,mat,0.0,1,1,0,0,0,0,0,1,0,1,0,11.03,0.00
"cloche|backstop=None,clearance_mm=0.0,drop_speed_mm_s=20.0,lift_mm=5.0,retreat=30,rough_mm=0.1|v10|stop",coin_1yen,mat,5.0,1,1,0,0,0,0,0,1,0,1,0,11.03,4.82
"cloche|backstop=None,clearance_mm=0.0,drop_speed_mm_s=20.0,lift_mm=5.0,retreat=30,rough_mm=0.1|v10|stop",coin_1yen,mat,10.0,1,0,0,0,0,1,0,0,1,0,0,,
"cloche|backstop=None,clearance_mm=0.0,drop_speed_mm_s=20.0,lift_mm=5.0,retreat=30,rough_mm=0.1|v10|stop",coin_1yen,mat,15.0,1,0,0,0,0,0,1,1,1,0,1,,
"cloche|backstop=None,clearance_mm=0.0,drop_speed_mm_s=20.0,lift_mm=5.0,retreat=30,rough_mm=0.1|v10|stop",crumb_cube,flooring,0.0,1,1,0,0,0,0,0,1,0,1,0,8.10,0.09
"cloche|backstop=None,clearance_mm=0.0,drop_speed_mm_s=20.0,lift_mm=5.0,retreat=30,rough_mm=0.1|v10|stop",crumb_cube,flooring,5.0,1,1,0,0,0,0,0,1,0,1,0,8.10,4.99
"cloche|backstop=None,clearance_mm=0.0,drop_speed_mm_s=20.0,lift_mm=5.0,retreat=30,rough_mm=0.1|v10|stop",crumb_cube,flooring,10.0,1,1,0,0,0,0,0,1,1,0,1,8.10,9.23
"cloche|backstop=None,clearance_mm=0.0,drop_speed_mm_s=20.0,lift_mm=5.0,retreat=30,rough_mm=0.1|v10|stop",crumb_cube,flooring,15.0,1,1,0,0,0,0,0,1,1,0,1,8.10,9.47
"cloche|backstop=None,clearance_mm=0.0,drop_speed_mm_s=20.0,lift_mm=5.0,retreat=30,rough_mm=0.1|v10|stop",crumb_cube,mat,0.0,1,1,0,0,0,0,0,1,0,1,0,8.10,0.09
"cloche|backstop=None,clearance_mm=0.0,drop_speed_mm_s=20.0,lift_mm=5.0,retreat=30,rough_mm=0.1|v10|stop",crumb_cube,mat,5.0,1,1,0,0,0,0,0,1,0,1,0,8.10,4.99
"cloche|backstop=None,clearance_mm=0.0,drop_speed_mm_s=20.0,lift_mm=5.0,retreat=30,rough_mm=0.1|v10|stop",crumb_cube,mat,10.0,1,1,0,0,0,0,0,1,1,0,1,8.10,9.23
"cloche|backstop=None,clearance_mm=0.0,drop_speed_mm_s=20.0,lift_mm=5.0,retreat=30,rough_mm=0.1|v10|stop",crumb_cube,mat,15.0,1,1,0,0,0,0,0,1,1,0,1,8.10,9.47
"cloche|backstop=None,clearance_mm=1.0,drop_speed_mm_s=20.0,lift_mm=10.0,retreat=-30,rough_mm=0.1|v10|stop",battery_cr2032,flooring,0.0,1,1,0,0,0,0,0,1,0,1,0,11.04,0.00
"cloche|backstop=None,clearance_mm=1.0,drop_speed_mm_s=20.0,lift_mm=10.0,retreat=-30,rough_mm=0.1|v10|stop",battery_cr2032,flooring,5.0,1,0,1,0,0,0,0,1,0,1,0,14.92,0.68
"cloche|backstop=None,clearance_mm=1.0,drop_speed_mm_s=20.0,lift_mm=10.0,retreat=-30,rough_mm=0.1|v10|stop",battery_cr2032,flooring,10.0,1,0,1,0,0,0,0,1,1,0,1,19.92,3.52
"cloche|backstop=None,clearance_mm=1.0,drop_speed_mm_s=20.0,lift_mm=10.0,retreat=-30,rough_mm=0.1|v10|stop",battery_cr2032,flooring,15.0,1,0,0,0,0,1,0,0,0,0,0,,
"cloche|backstop=None,clearance_mm=1.0,drop_speed_mm_s=20.0,lift_mm=10.0,retreat=-30,rough_mm=0.1|v10|stop",battery_cr2032,mat,0.0,1,1,0,0,0,0,0,1,0,1,0,11.04,0.00
"cloche|backstop=None,clearance_mm=1.0,drop_speed_mm_s=20.0,lift_mm=10.0,retreat=-30,rough_mm=0.1|v10|stop",battery_cr2032,mat,5.0,1,0,1,0,0,0,0,1,1,0,1,12.71,1.04
"cloche|backstop=None,clearance_mm=1.0,drop_speed_mm_s=20.0,lift_mm=10.0,retreat=-30,rough_mm=0.1|v10|stop",battery_cr2032,mat,10.0,1,0,0,0,0,0,1,1,1,0,1,,
"cloche|backstop=None,clearance_mm=1.0,drop_speed_mm_s=20.0,lift_mm=10.0,retreat=-30,rough_mm=0.1|v10|stop",battery_cr2032,mat,15.0,1,0,0,0,0,1,0,0,0,0,0,,
"cloche|backstop=None,clearance_mm=1.0,drop_speed_mm_s=20.0,lift_mm=10.0,retreat=-30,rough_mm=0.1|v10|stop",bead,flooring,0.0,1,1,0,0,0,0,0,1,0,1,0,5.03,2.47
"cloche|backstop=None,clearance_mm=1.0,drop_speed_mm_s=20.0,lift_mm=10.0,retreat=-30,rough_mm=0.1|v10|stop",bead,flooring,5.0,1,1,0,0,0,0,0,1,0,1,0,5.03,4.44
"cloche|backstop=None,clearance_mm=1.0,drop_speed_mm_s=20.0,lift_mm=10.0,retreat=-30,rough_mm=0.1|v10|stop",bead,flooring,10.0,1,1,0,0,0,0,0,1,0,1,0,5.03,9.50
"cloche|backstop=None,clearance_mm=1.0,drop_speed_mm_s=20.0,lift_mm=10.0,retreat=-30,rough_mm=0.1|v10|stop",bead,flooring,15.0,1,1,0,0,0,0,0,1,0,1,0,5.03,9.57
"cloche|backstop=None,clearance_mm=1.0,drop_speed_mm_s=20.0,lift_mm=10.0,retreat=-30,rough_mm=0.1|v10|stop",bead,mat,0.0,1,1,0,0,0,0,0,1,0,1,0,5.03,2.47
"cloche|backstop=None,clearance_mm=1.0,drop_speed_mm_s=20.0,lift_mm=10.0,retreat=-30,rough_mm=0.1|v10|stop",bead,mat,5.0,1,1,0,0,0,0,0,1,0,1,0,5.03,7.64
"cloche|backstop=None,clearance_mm=1.0,drop_speed_mm_s=20.0,lift_mm=10.0,retreat=-30,rough_mm=0.1|v10|stop",bead,mat,10.0,1,1,0,0,0,0,0,1,0,1,0,5.03,9.50
"cloche|backstop=None,clearance_mm=1.0,drop_speed_mm_s=20.0,lift_mm=10.0,retreat=-30,rough_mm=0.1|v10|stop",bead,mat,15.0,1,1,0,0,0,0,0,1,0,1,0,5.04,4.62
"cloche|backstop=None,clearance_mm=1.0,drop_speed_mm_s=20.0,lift_mm=10.0,retreat=-30,rough_mm=0.1|v10|stop",coin_1yen,flooring,0.0,1,1,0,0,0,0,0,1,0,1,0,11.03,0.00
"cloche|backstop=None,clearance_mm=1.0,drop_speed_mm_s=20.0,lift_mm=10.0,retreat=-30,rough_mm=0.1|v10|stop",coin_1yen,flooring,5.0,1,0,0,0,0,1,0,0,0,0,0,,
"cloche|backstop=None,clearance_mm=1.0,drop_speed_mm_s=20.0,lift_mm=10.0,retreat=-30,rough_mm=0.1|v10|stop",coin_1yen,flooring,10.0,1,0,1,0,0,0,0,1,0,1,0,11.04,6.11
"cloche|backstop=None,clearance_mm=1.0,drop_speed_mm_s=20.0,lift_mm=10.0,retreat=-30,rough_mm=0.1|v10|stop",coin_1yen,flooring,15.0,1,0,1,0,0,0,0,1,0,1,0,11.04,14.87
"cloche|backstop=None,clearance_mm=1.0,drop_speed_mm_s=20.0,lift_mm=10.0,retreat=-30,rough_mm=0.1|v10|stop",coin_1yen,mat,0.0,1,1,0,0,0,0,0,1,0,1,0,11.03,0.00
"cloche|backstop=None,clearance_mm=1.0,drop_speed_mm_s=20.0,lift_mm=10.0,retreat=-30,rough_mm=0.1|v10|stop",coin_1yen,mat,5.0,1,1,0,0,0,0,0,1,0,1,0,11.03,4.82
"cloche|backstop=None,clearance_mm=1.0,drop_speed_mm_s=20.0,lift_mm=10.0,retreat=-30,rough_mm=0.1|v10|stop",coin_1yen,mat,10.0,1,0,0,0,0,1,0,0,0,0,0,,
"cloche|backstop=None,clearance_mm=1.0,drop_speed_mm_s=20.0,lift_mm=10.0,retreat=-30,rough_mm=0.1|v10|stop",coin_1yen,mat,15.0,1,0,0,0,0,1,0,0,1,0,0,,
"cloche|backstop=None,clearance_mm=1.0,drop_speed_mm_s=20.0,lift_mm=10.0,retreat=-30,rough_mm=0.1|v10|stop",crumb_cube,flooring,0.0,1,1,0,0,0,0,0,1,0,1,0,8.10,0.09
"cloche|backstop=None,clearance_mm=1.0,drop_speed_mm_s=20.0,lift_mm=10.0,retreat=-30,rough_mm=0.1|v10|stop",crumb_cube,flooring,5.0,1,1,0,0,0,0,0,1,0,1,0,8.10,4.99
"cloche|backstop=None,clearance_mm=1.0,drop_speed_mm_s=20.0,lift_mm=10.0,retreat=-30,rough_mm=0.1|v10|stop",crumb_cube,flooring,10.0,1,0,0,0,0,0,1,1,0,1,0,,
"cloche|backstop=None,clearance_mm=1.0,drop_speed_mm_s=20.0,lift_mm=10.0,retreat=-30,rough_mm=0.1|v10|stop",crumb_cube,flooring,15.0,1,0,0,0,0,1,0,0,0,0,0,,
"cloche|backstop=None,clearance_mm=1.0,drop_speed_mm_s=20.0,lift_mm=10.0,retreat=-30,rough_mm=0.1|v10|stop",crumb_cube,mat,0.0,1,1,0,0,0,0,0,1,0,1,0,8.10,0.09
"cloche|backstop=None,clearance_mm=1.0,drop_speed_mm_s=20.0,lift_mm=10.0,retreat=-30,rough_mm=0.1|v10|stop",crumb_cube,mat,5.0,1,1,0,0,0,0,0,1,0,1,0,8.10,4.99
"cloche|backstop=None,clearance_mm=1.0,drop_speed_mm_s=20.0,lift_mm=10.0,retreat=-30,rough_mm=0.1|v10|stop",crumb_cube,mat,10.0,1,0,0,0,0,0,1,1,0,1,0,,
"cloche|backstop=None,clearance_mm=1.0,drop_speed_mm_s=20.0,lift_mm=10.0,retreat=-30,rough_mm=0.1|v10|stop",crumb_cube,mat,15.0,1,0,0,0,0,1,0,0,0,0,0,,
"cloche|backstop=None,clearance_mm=1.0,drop_speed_mm_s=20.0,lift_mm=10.0,retreat=0,rough_mm=0.1|v10|stop",battery_cr2032,flooring,0.0,1,1,0,0,0,0,0,1,0,1,0,11.04,0.00
"cloche|backstop=None,clearance_mm=1.0,drop_speed_mm_s=20.0,lift_mm=10.0,retreat=0,rough_mm=0.1|v10|stop",battery_cr2032,flooring,5.0,1,0,1,0,0,0,0,1,0,1,0,14.92,0.68
"cloche|backstop=None,clearance_mm=1.0,drop_speed_mm_s=20.0,lift_mm=10.0,retreat=0,rough_mm=0.1|v10|stop",battery_cr2032,flooring,10.0,1,0,1,0,0,0,0,1,1,0,1,19.92,3.52
"cloche|backstop=None,clearance_mm=1.0,drop_speed_mm_s=20.0,lift_mm=10.0,retreat=0,rough_mm=0.1|v10|stop",battery_cr2032,flooring,15.0,1,0,0,0,0,1,0,0,0,0,0,,
"cloche|backstop=None,clearance_mm=1.0,drop_speed_mm_s=20.0,lift_mm=10.0,retreat=0,rough_mm=0.1|v10|stop",battery_cr2032,mat,0.0,1,1,0,0,0,0,0,1,0,1,0,11.04,0.00
"cloche|backstop=None,clearance_mm=1.0,drop_speed_mm_s=20.0,lift_mm=10.0,retreat=0,rough_mm=0.1|v10|stop",battery_cr2032,mat,5.0,1,0,1,0,0,0,0,1,1,0,1,12.71,1.04
"cloche|backstop=None,clearance_mm=1.0,drop_speed_mm_s=20.0,lift_mm=10.0,retreat=0,rough_mm=0.1|v10|stop",battery_cr2032,mat,10.0,1,0,0,0,0,0,1,1,1,0,1,,
"cloche|backstop=None,clearance_mm=1.0,drop_speed_mm_s=20.0,lift_mm=10.0,retreat=0,rough_mm=0.1|v10|stop",battery_cr2032,mat,15.0,1,0,0,0,0,1,0,0,0,0,0,,
"cloche|backstop=None,clearance_mm=1.0,drop_speed_mm_s=20.0,lift_mm=10.0,retreat=0,rough_mm=0.1|v10|stop",bead,flooring,0.0,1,1,0,0,0,0,0,1,0,1,0,5.03,2.47
"cloche|backstop=None,clearance_mm=1.0,drop_speed_mm_s=20.0,lift_mm=10.0,retreat=0,rough_mm=0.1|v10|stop",bead,flooring,5.0,1,1,0,0,0,0,0,1,0,1,0,5.03,4.44
"cloche|backstop=None,clearance_mm=1.0,drop_speed_mm_s=20.0,lift_mm=10.0,retreat=0,rough_mm=0.1|v10|stop",bead,flooring,10.0,1,1,0,0,0,0,0,1,0,1,0,5.03,9.50
"cloche|backstop=None,clearance_mm=1.0,drop_speed_mm_s=20.0,lift_mm=10.0,retreat=0,rough_mm=0.1|v10|stop",bead,flooring,15.0,1,1,0,0,0,0,0,1,0,1,0,5.03,9.57
"cloche|backstop=None,clearance_mm=1.0,drop_speed_mm_s=20.0,lift_mm=10.0,retreat=0,rough_mm=0.1|v10|stop",bead,mat,0.0,1,1,0,0,0,0,0,1,0,1,0,5.03,2.47
"cloche|backstop=None,clearance_mm=1.0,drop_speed_mm_s=20.0,lift_mm=10.0,retreat=0,rough_mm=0.1|v10|stop",bead,mat,5.0,1,1,0,0,0,0,0,1,0,1,0,5.03,7.64
"cloche|backstop=None,clearance_mm=1.0,drop_speed_mm_s=20.0,lift_mm=10.0,retreat=0,rough_mm=0.1|v10|stop",bead,mat,10.0,1,1,0,0,0,0,0,1,0,1,0,5.03,9.50
"cloche|backstop=None,clearance_mm=1.0,drop_speed_mm_s=20.0,lift_mm=10.0,retreat=0,rough_mm=0.1|v10|stop",bead,mat,15.0,1,1,0,0,0,0,0,1,0,1,0,5.04,4.62
"cloche|backstop=None,clearance_mm=1.0,drop_speed_mm_s=20.0,lift_mm=10.0,retreat=0,rough_mm=0.1|v10|stop",coin_1yen,flooring,0.0,1,1,0,0,0,0,0,1,0,1,0,11.03,0.00
"cloche|backstop=None,clearance_mm=1.0,drop_speed_mm_s=20.0,lift_mm=10.0,retreat=0,rough_mm=0.1|v10|stop",coin_1yen,flooring,5.0,1,0,0,0,0,1,0,0,0,0,0,,
"cloche|backstop=None,clearance_mm=1.0,drop_speed_mm_s=20.0,lift_mm=10.0,retreat=0,rough_mm=0.1|v10|stop",coin_1yen,flooring,10.0,1,0,1,0,0,0,0,1,0,1,0,11.04,6.11
"cloche|backstop=None,clearance_mm=1.0,drop_speed_mm_s=20.0,lift_mm=10.0,retreat=0,rough_mm=0.1|v10|stop",coin_1yen,flooring,15.0,1,0,1,0,0,0,0,1,0,1,0,11.04,14.87
"cloche|backstop=None,clearance_mm=1.0,drop_speed_mm_s=20.0,lift_mm=10.0,retreat=0,rough_mm=0.1|v10|stop",coin_1yen,mat,0.0,1,1,0,0,0,0,0,1,0,1,0,11.03,0.00
"cloche|backstop=None,clearance_mm=1.0,drop_speed_mm_s=20.0,lift_mm=10.0,retreat=0,rough_mm=0.1|v10|stop",coin_1yen,mat,5.0,1,1,0,0,0,0,0,1,0,1,0,11.03,4.82
"cloche|backstop=None,clearance_mm=1.0,drop_speed_mm_s=20.0,lift_mm=10.0,retreat=0,rough_mm=0.1|v10|stop",coin_1yen,mat,10.0,1,0,0,0,0,1,0,0,0,0,0,,
"cloche|backstop=None,clearance_mm=1.0,drop_speed_mm_s=20.0,lift_mm=10.0,retreat=0,rough_mm=0.1|v10|stop",coin_1yen,mat,15.0,1,0,0,0,0,1,0,0,1,0,0,,
"cloche|backstop=None,clearance_mm=1.0,drop_speed_mm_s=20.0,lift_mm=10.0,retreat=0,rough_mm=0.1|v10|stop",crumb_cube,flooring,0.0,1,1,0,0,0,0,0,1,0,1,0,8.10,0.09
"cloche|backstop=None,clearance_mm=1.0,drop_speed_mm_s=20.0,lift_mm=10.0,retreat=0,rough_mm=0.1|v10|stop",crumb_cube,flooring,5.0,1,1,0,0,0,0,0,1,0,1,0,8.10,4.99
"cloche|backstop=None,clearance_mm=1.0,drop_speed_mm_s=20.0,lift_mm=10.0,retreat=0,rough_mm=0.1|v10|stop",crumb_cube,flooring,10.0,1,0,0,0,0,0,1,1,0,1,0,,
"cloche|backstop=None,clearance_mm=1.0,drop_speed_mm_s=20.0,lift_mm=10.0,retreat=0,rough_mm=0.1|v10|stop",crumb_cube,flooring,15.0,1,0,0,0,0,1,0,0,0,0,0,,
"cloche|backstop=None,clearance_mm=1.0,drop_speed_mm_s=20.0,lift_mm=10.0,retreat=0,rough_mm=0.1|v10|stop",crumb_cube,mat,0.0,1,1,0,0,0,0,0,1,0,1,0,8.10,0.09
"cloche|backstop=None,clearance_mm=1.0,drop_speed_mm_s=20.0,lift_mm=10.0,retreat=0,rough_mm=0.1|v10|stop",crumb_cube,mat,5.0,1,1,0,0,0,0,0,1,0,1,0,8.10,4.99
"cloche|backstop=None,clearance_mm=1.0,drop_speed_mm_s=20.0,lift_mm=10.0,retreat=0,rough_mm=0.1|v10|stop",crumb_cube,mat,10.0,1,0,0,0,0,0,1,1,0,1,0,,
"cloche|backstop=None,clearance_mm=1.0,drop_speed_mm_s=20.0,lift_mm=10.0,retreat=0,rough_mm=0.1|v10|stop",crumb_cube,mat,15.0,1,0,0,0,0,1,0,0,0,0,0,,
"cloche|backstop=None,clearance_mm=1.0,drop_speed_mm_s=20.0,lift_mm=10.0,retreat=30,rough_mm=0.1|v10|stop",battery_cr2032,flooring,0.0,1,1,0,0,0,0,0,1,0,1,0,11.04,0.00
"cloche|backstop=None,clearance_mm=1.0,drop_speed_mm_s=20.0,lift_mm=10.0,retreat=30,rough_mm=0.1|v10|stop",battery_cr2032,flooring,5.0,1,0,1,0,0,0,0,1,0,1,0,14.92,0.68
"cloche|backstop=None,clearance_mm=1.0,drop_speed_mm_s=20.0,lift_mm=10.0,retreat=30,rough_mm=0.1|v10|stop",battery_cr2032,flooring,10.0,1,0,1,0,0,0,0,1,1,0,1,19.92,3.52
"cloche|backstop=None,clearance_mm=1.0,drop_speed_mm_s=20.0,lift_mm=10.0,retreat=30,rough_mm=0.1|v10|stop",battery_cr2032,flooring,15.0,1,0,0,0,0,1,0,0,0,0,0,,
"cloche|backstop=None,clearance_mm=1.0,drop_speed_mm_s=20.0,lift_mm=10.0,retreat=30,rough_mm=0.1|v10|stop",battery_cr2032,mat,0.0,1,1,0,0,0,0,0,1,0,1,0,11.04,0.00
"cloche|backstop=None,clearance_mm=1.0,drop_speed_mm_s=20.0,lift_mm=10.0,retreat=30,rough_mm=0.1|v10|stop",battery_cr2032,mat,5.0,1,0,1,0,0,0,0,1,1,0,1,12.71,1.04
"cloche|backstop=None,clearance_mm=1.0,drop_speed_mm_s=20.0,lift_mm=10.0,retreat=30,rough_mm=0.1|v10|stop",battery_cr2032,mat,10.0,1,0,0,0,0,0,1,1,1,0,1,,
"cloche|backstop=None,clearance_mm=1.0,drop_speed_mm_s=20.0,lift_mm=10.0,retreat=30,rough_mm=0.1|v10|stop",battery_cr2032,mat,15.0,1,0,0,0,0,1,0,0,0,0,0,,
"cloche|backstop=None,clearance_mm=1.0,drop_speed_mm_s=20.0,lift_mm=10.0,retreat=30,rough_mm=0.1|v10|stop",bead,flooring,0.0,1,1,0,0,0,0,0,1,0,1,0,5.03,2.47
"cloche|backstop=None,clearance_mm=1.0,drop_speed_mm_s=20.0,lift_mm=10.0,retreat=30,rough_mm=0.1|v10|stop",bead,flooring,5.0,1,1,0,0,0,0,0,1,0,1,0,5.03,4.44
"cloche|backstop=None,clearance_mm=1.0,drop_speed_mm_s=20.0,lift_mm=10.0,retreat=30,rough_mm=0.1|v10|stop",bead,flooring,10.0,1,1,0,0,0,0,0,1,0,1,0,5.03,9.50
"cloche|backstop=None,clearance_mm=1.0,drop_speed_mm_s=20.0,lift_mm=10.0,retreat=30,rough_mm=0.1|v10|stop",bead,flooring,15.0,1,1,0,0,0,0,0,1,0,1,0,5.03,9.57
"cloche|backstop=None,clearance_mm=1.0,drop_speed_mm_s=20.0,lift_mm=10.0,retreat=30,rough_mm=0.1|v10|stop",bead,mat,0.0,1,1,0,0,0,0,0,1,0,1,0,5.03,2.47
"cloche|backstop=None,clearance_mm=1.0,drop_speed_mm_s=20.0,lift_mm=10.0,retreat=30,rough_mm=0.1|v10|stop",bead,mat,5.0,1,1,0,0,0,0,0,1,0,1,0,5.03,7.64
"cloche|backstop=None,clearance_mm=1.0,drop_speed_mm_s=20.0,lift_mm=10.0,retreat=30,rough_mm=0.1|v10|stop",bead,mat,10.0,1,1,0,0,0,0,0,1,0,1,0,5.03,9.50
"cloche|backstop=None,clearance_mm=1.0,drop_speed_mm_s=20.0,lift_mm=10.0,retreat=30,rough_mm=0.1|v10|stop",bead,mat,15.0,1,1,0,0,0,0,0,1,0,1,0,5.04,4.62
"cloche|backstop=None,clearance_mm=1.0,drop_speed_mm_s=20.0,lift_mm=10.0,retreat=30,rough_mm=0.1|v10|stop",coin_1yen,flooring,0.0,1,1,0,0,0,0,0,1,0,1,0,11.03,0.00
"cloche|backstop=None,clearance_mm=1.0,drop_speed_mm_s=20.0,lift_mm=10.0,retreat=30,rough_mm=0.1|v10|stop",coin_1yen,flooring,5.0,1,0,0,0,0,1,0,0,0,0,0,,
"cloche|backstop=None,clearance_mm=1.0,drop_speed_mm_s=20.0,lift_mm=10.0,retreat=30,rough_mm=0.1|v10|stop",coin_1yen,flooring,10.0,1,0,1,0,0,0,0,1,0,1,0,11.04,6.11
"cloche|backstop=None,clearance_mm=1.0,drop_speed_mm_s=20.0,lift_mm=10.0,retreat=30,rough_mm=0.1|v10|stop",coin_1yen,flooring,15.0,1,0,0,1,0,0,0,1,0,1,0,11.04,14.87
"cloche|backstop=None,clearance_mm=1.0,drop_speed_mm_s=20.0,lift_mm=10.0,retreat=30,rough_mm=0.1|v10|stop",coin_1yen,mat,0.0,1,1,0,0,0,0,0,1,0,1,0,11.03,0.00
"cloche|backstop=None,clearance_mm=1.0,drop_speed_mm_s=20.0,lift_mm=10.0,retreat=30,rough_mm=0.1|v10|stop",coin_1yen,mat,5.0,1,1,0,0,0,0,0,1,0,1,0,11.03,4.82
"cloche|backstop=None,clearance_mm=1.0,drop_speed_mm_s=20.0,lift_mm=10.0,retreat=30,rough_mm=0.1|v10|stop",coin_1yen,mat,10.0,1,0,0,0,0,1,0,0,0,0,0,,
"cloche|backstop=None,clearance_mm=1.0,drop_speed_mm_s=20.0,lift_mm=10.0,retreat=30,rough_mm=0.1|v10|stop",coin_1yen,mat,15.0,1,0,0,0,0,1,0,0,1,0,0,,
"cloche|backstop=None,clearance_mm=1.0,drop_speed_mm_s=20.0,lift_mm=10.0,retreat=30,rough_mm=0.1|v10|stop",crumb_cube,flooring,0.0,1,1,0,0,0,0,0,1,0,1,0,8.10,0.09
"cloche|backstop=None,clearance_mm=1.0,drop_speed_mm_s=20.0,lift_mm=10.0,retreat=30,rough_mm=0.1|v10|stop",crumb_cube,flooring,5.0,1,1,0,0,0,0,0,1,0,1,0,8.10,4.99
"cloche|backstop=None,clearance_mm=1.0,drop_speed_mm_s=20.0,lift_mm=10.0,retreat=30,rough_mm=0.1|v10|stop",crumb_cube,flooring,10.0,1,0,0,0,0,0,1,1,0,1,0,,
"cloche|backstop=None,clearance_mm=1.0,drop_speed_mm_s=20.0,lift_mm=10.0,retreat=30,rough_mm=0.1|v10|stop",crumb_cube,flooring,15.0,1,0,0,0,0,1,0,0,0,0,0,,
"cloche|backstop=None,clearance_mm=1.0,drop_speed_mm_s=20.0,lift_mm=10.0,retreat=30,rough_mm=0.1|v10|stop",crumb_cube,mat,0.0,1,1,0,0,0,0,0,1,0,1,0,8.10,0.09
"cloche|backstop=None,clearance_mm=1.0,drop_speed_mm_s=20.0,lift_mm=10.0,retreat=30,rough_mm=0.1|v10|stop",crumb_cube,mat,5.0,1,1,0,0,0,0,0,1,0,1,0,8.10,4.99
"cloche|backstop=None,clearance_mm=1.0,drop_speed_mm_s=20.0,lift_mm=10.0,retreat=30,rough_mm=0.1|v10|stop",crumb_cube,mat,10.0,1,0,0,0,0,0,1,1,0,1,0,,
"cloche|backstop=None,clearance_mm=1.0,drop_speed_mm_s=20.0,lift_mm=10.0,retreat=30,rough_mm=0.1|v10|stop",crumb_cube,mat,15.0,1,0,0,0,0,1,0,0,0,0,0,,
"cloche|backstop=None,clearance_mm=1.0,drop_speed_mm_s=20.0,lift_mm=3.0,retreat=-30,rough_mm=0.1|v10|stop",battery_cr2032,flooring,0.0,1,1,0,0,0,0,0,1,0,1,0,11.04,0.00
"cloche|backstop=None,clearance_mm=1.0,drop_speed_mm_s=20.0,lift_mm=3.0,retreat=-30,rough_mm=0.1|v10|stop",battery_cr2032,flooring,5.0,1,0,1,0,0,0,0,1,0,1,0,18.01,0.24
"cloche|backstop=None,clearance_mm=1.0,drop_speed_mm_s=20.0,lift_mm=3.0,retreat=-30,rough_mm=0.1|v10|stop",battery_cr2032,flooring,10.0,1,0,1,0,0,0,0,1,1,0,1,11.03,0.22
"cloche|backstop=None,clearance_mm=1.0,drop_speed_mm_s=20.0,lift_mm=3.0,retreat=-30,rough_mm=0.1|v10|stop",battery_cr2032,flooring,15.0,1,0,0,0,0,1,0,0,0,0,0,,
"cloche|backstop=None,clearance_mm=1.0,drop_speed_mm_s=20.0,lift_mm=3.0,retreat=-30,rough_mm=0.1|v10|stop",battery_cr2032,mat,0.0,1,1,0,0,0,0,0,1,0,1,0,11.04,0.00
"cloche|backstop=None,clearance_mm=1.0,drop_speed_mm_s=20.0,lift_mm=3.0,retreat=-30,rough_mm=0.1|v10|stop",battery_cr2032,mat,5.0,1,0,1,0,0,0,0,1,1,0,1,11.04,2.27
"cloche|backstop=None,clearance_mm=1.0,drop_speed_mm_s=20.0,lift_mm=3.0,retreat=-30,rough_mm=0.1|v10|stop",battery_cr2032,mat,10.0,1,0,0,0,1,0,0,0,0,0,0,,
"cloche|backstop=None,clearance_mm=1.0,drop_speed_mm_s=20.0,lift_mm=3.0,retreat=-30,rough_mm=0.1|v10|stop",battery_cr2032,mat,15.0,1,0,0,0,0,1,0,0,0,0,0,,
"cloche|backstop=None,clearance_mm=1.0,drop_speed_mm_s=20.0,lift_mm=3.0,retreat=-30,rough_mm=0.1|v10|stop",bead,flooring,0.0,1,1,0,0,0,0,0,1,0,1,0,5.03,2.47
"cloche|backstop=None,clearance_mm=1.0,drop_speed_mm_s=20.0,lift_mm=3.0,retreat=-30,rough_mm=0.1|v10|stop",bead,flooring,5.0,1,1,0,0,0,0,0,1,0,1,0,5.03,4.44
"cloche|backstop=None,clearance_mm=1.0,drop_speed_mm_s=20.0,lift_mm=3.0,retreat=-30,rough_mm=0.1|v10|stop",bead,flooring,10.0,1,1,0,0,0,0,0,1,0,1,0,5.03,9.50
"cloche|backstop=None,clearance_mm=1.0,drop_speed_mm_s=20.0,lift_mm=3.0,retreat=-30,rough_mm=0.1|v10|stop",bead,flooring,15.0,1,1,0,0,0,0,0,1,0,1,0,5.03,9.57
"cloche|backstop=None,clearance_mm=1.0,drop_speed_mm_s=20.0,lift_mm=3.0,retreat=-30,rough_mm=0.1|v10|stop",bead,mat,0.0,1,1,0,0,0,0,0,1,0,1,0,5.03,2.47
"cloche|backstop=None,clearance_mm=1.0,drop_speed_mm_s=20.0,lift_mm=3.0,retreat=-30,rough_mm=0.1|v10|stop",bead,mat,5.0,1,1,0,0,0,0,0,1,0,1,0,5.03,7.64
"cloche|backstop=None,clearance_mm=1.0,drop_speed_mm_s=20.0,lift_mm=3.0,retreat=-30,rough_mm=0.1|v10|stop",bead,mat,10.0,1,1,0,0,0,0,0,1,0,1,0,5.03,9.50
"cloche|backstop=None,clearance_mm=1.0,drop_speed_mm_s=20.0,lift_mm=3.0,retreat=-30,rough_mm=0.1|v10|stop",bead,mat,15.0,1,1,0,0,0,0,0,1,0,1,0,5.04,4.62
"cloche|backstop=None,clearance_mm=1.0,drop_speed_mm_s=20.0,lift_mm=3.0,retreat=-30,rough_mm=0.1|v10|stop",coin_1yen,flooring,0.0,1,1,0,0,0,0,0,1,0,1,0,11.03,0.00
"cloche|backstop=None,clearance_mm=1.0,drop_speed_mm_s=20.0,lift_mm=3.0,retreat=-30,rough_mm=0.1|v10|stop",coin_1yen,flooring,5.0,1,0,0,0,0,1,0,0,0,0,0,,
"cloche|backstop=None,clearance_mm=1.0,drop_speed_mm_s=20.0,lift_mm=3.0,retreat=-30,rough_mm=0.1|v10|stop",coin_1yen,flooring,10.0,1,0,1,0,0,0,0,1,0,1,0,11.04,6.11
"cloche|backstop=None,clearance_mm=1.0,drop_speed_mm_s=20.0,lift_mm=3.0,retreat=-30,rough_mm=0.1|v10|stop",coin_1yen,flooring,15.0,1,0,1,0,0,0,0,1,1,0,1,11.95,4.71
"cloche|backstop=None,clearance_mm=1.0,drop_speed_mm_s=20.0,lift_mm=3.0,retreat=-30,rough_mm=0.1|v10|stop",coin_1yen,mat,0.0,1,1,0,0,0,0,0,1,0,1,0,11.03,0.00
"cloche|backstop=None,clearance_mm=1.0,drop_speed_mm_s=20.0,lift_mm=3.0,retreat=-30,rough_mm=0.1|v10|stop",coin_1yen,mat,5.0,1,1,0,0,0,0,0,1,0,1,0,11.03,4.82
"cloche|backstop=None,clearance_mm=1.0,drop_speed_mm_s=20.0,lift_mm=3.0,retreat=-30,rough_mm=0.1|v10|stop",coin_1yen,mat,10.0,1,0,0,0,0,1,0,0,1,0,0,,
"cloche|backstop=None,clearance_mm=1.0,drop_speed_mm_s=20.0,lift_mm=3.0,retreat=-30,rough_mm=0.1|v10|stop",coin_1yen,mat,15.0,1,0,1,0,0,0,0,1,1,0,1,11.04,3.85
"cloche|backstop=None,clearance_mm=1.0,drop_speed_mm_s=20.0,lift_mm=3.0,retreat=-30,rough_mm=0.1|v10|stop",crumb_cube,flooring,0.0,1,1,0,0,0,0,0,1,0,1,0,8.10,0.09
"cloche|backstop=None,clearance_mm=1.0,drop_speed_mm_s=20.0,lift_mm=3.0,retreat=-30,rough_mm=0.1|v10|stop",crumb_cube,flooring,5.0,1,1,0,0,0,0,0,1,0,1,0,8.10,4.99
"cloche|backstop=None,clearance_mm=1.0,drop_speed_mm_s=20.0,lift_mm=3.0,retreat=-30,rough_mm=0.1|v10|stop",crumb_cube,flooring,10.0,1,1,0,0,0,0,0,1,1,0,1,8.10,9.21
"cloche|backstop=None,clearance_mm=1.0,drop_speed_mm_s=20.0,lift_mm=3.0,retreat=-30,rough_mm=0.1|v10|stop",crumb_cube,flooring,15.0,1,1,0,0,0,0,0,1,1,0,1,8.11,9.34
"cloche|backstop=None,clearance_mm=1.0,drop_speed_mm_s=20.0,lift_mm=3.0,retreat=-30,rough_mm=0.1|v10|stop",crumb_cube,mat,0.0,1,1,0,0,0,0,0,1,0,1,0,8.10,0.09
"cloche|backstop=None,clearance_mm=1.0,drop_speed_mm_s=20.0,lift_mm=3.0,retreat=-30,rough_mm=0.1|v10|stop",crumb_cube,mat,5.0,1,1,0,0,0,0,0,1,0,1,0,8.10,4.99
"cloche|backstop=None,clearance_mm=1.0,drop_speed_mm_s=20.0,lift_mm=3.0,retreat=-30,rough_mm=0.1|v10|stop",crumb_cube,mat,10.0,1,1,0,0,0,0,0,1,1,0,1,8.10,9.21
"cloche|backstop=None,clearance_mm=1.0,drop_speed_mm_s=20.0,lift_mm=3.0,retreat=-30,rough_mm=0.1|v10|stop",crumb_cube,mat,15.0,1,1,0,0,0,0,0,1,1,0,1,8.11,9.34
"cloche|backstop=None,clearance_mm=1.0,drop_speed_mm_s=20.0,lift_mm=3.0,retreat=0,rough_mm=0.1|v10|stop",battery_cr2032,flooring,0.0,1,1,0,0,0,0,0,1,0,1,0,11.04,0.00
"cloche|backstop=None,clearance_mm=1.0,drop_speed_mm_s=20.0,lift_mm=3.0,retreat=0,rough_mm=0.1|v10|stop",battery_cr2032,flooring,5.0,1,0,1,0,0,0,0,1,0,1,0,18.01,0.24
"cloche|backstop=None,clearance_mm=1.0,drop_speed_mm_s=20.0,lift_mm=3.0,retreat=0,rough_mm=0.1|v10|stop",battery_cr2032,flooring,10.0,1,0,1,0,0,0,0,1,1,0,1,11.03,0.22
"cloche|backstop=None,clearance_mm=1.0,drop_speed_mm_s=20.0,lift_mm=3.0,retreat=0,rough_mm=0.1|v10|stop",battery_cr2032,flooring,15.0,1,0,0,0,0,1,0,0,0,0,0,,
"cloche|backstop=None,clearance_mm=1.0,drop_speed_mm_s=20.0,lift_mm=3.0,retreat=0,rough_mm=0.1|v10|stop",battery_cr2032,mat,0.0,1,1,0,0,0,0,0,1,0,1,0,11.04,0.00
"cloche|backstop=None,clearance_mm=1.0,drop_speed_mm_s=20.0,lift_mm=3.0,retreat=0,rough_mm=0.1|v10|stop",battery_cr2032,mat,5.0,1,0,1,0,0,0,0,1,1,0,1,11.04,2.27
"cloche|backstop=None,clearance_mm=1.0,drop_speed_mm_s=20.0,lift_mm=3.0,retreat=0,rough_mm=0.1|v10|stop",battery_cr2032,mat,10.0,1,0,0,0,1,0,0,0,0,0,0,,
"cloche|backstop=None,clearance_mm=1.0,drop_speed_mm_s=20.0,lift_mm=3.0,retreat=0,rough_mm=0.1|v10|stop",battery_cr2032,mat,15.0,1,0,0,0,0,1,0,0,0,0,0,,
"cloche|backstop=None,clearance_mm=1.0,drop_speed_mm_s=20.0,lift_mm=3.0,retreat=0,rough_mm=0.1|v10|stop",bead,flooring,0.0,1,1,0,0,0,0,0,1,0,1,0,5.03,2.47
"cloche|backstop=None,clearance_mm=1.0,drop_speed_mm_s=20.0,lift_mm=3.0,retreat=0,rough_mm=0.1|v10|stop",bead,flooring,5.0,1,1,0,0,0,0,0,1,0,1,0,5.03,4.44
"cloche|backstop=None,clearance_mm=1.0,drop_speed_mm_s=20.0,lift_mm=3.0,retreat=0,rough_mm=0.1|v10|stop",bead,flooring,10.0,1,1,0,0,0,0,0,1,0,1,0,5.03,9.50
"cloche|backstop=None,clearance_mm=1.0,drop_speed_mm_s=20.0,lift_mm=3.0,retreat=0,rough_mm=0.1|v10|stop",bead,flooring,15.0,1,1,0,0,0,0,0,1,0,1,0,5.03,9.57
"cloche|backstop=None,clearance_mm=1.0,drop_speed_mm_s=20.0,lift_mm=3.0,retreat=0,rough_mm=0.1|v10|stop",bead,mat,0.0,1,1,0,0,0,0,0,1,0,1,0,5.03,2.47
"cloche|backstop=None,clearance_mm=1.0,drop_speed_mm_s=20.0,lift_mm=3.0,retreat=0,rough_mm=0.1|v10|stop",bead,mat,5.0,1,1,0,0,0,0,0,1,0,1,0,5.03,7.64
"cloche|backstop=None,clearance_mm=1.0,drop_speed_mm_s=20.0,lift_mm=3.0,retreat=0,rough_mm=0.1|v10|stop",bead,mat,10.0,1,1,0,0,0,0,0,1,0,1,0,5.03,9.50
"cloche|backstop=None,clearance_mm=1.0,drop_speed_mm_s=20.0,lift_mm=3.0,retreat=0,rough_mm=0.1|v10|stop",bead,mat,15.0,1,1,0,0,0,0,0,1,0,1,0,5.04,4.62
"cloche|backstop=None,clearance_mm=1.0,drop_speed_mm_s=20.0,lift_mm=3.0,retreat=0,rough_mm=0.1|v10|stop",coin_1yen,flooring,0.0,1,1,0,0,0,0,0,1,0,1,0,11.03,0.00
"cloche|backstop=None,clearance_mm=1.0,drop_speed_mm_s=20.0,lift_mm=3.0,retreat=0,rough_mm=0.1|v10|stop",coin_1yen,flooring,5.0,1,0,0,0,0,1,0,0,0,0,0,,
"cloche|backstop=None,clearance_mm=1.0,drop_speed_mm_s=20.0,lift_mm=3.0,retreat=0,rough_mm=0.1|v10|stop",coin_1yen,flooring,10.0,1,0,1,0,0,0,0,1,0,1,0,11.04,6.11
"cloche|backstop=None,clearance_mm=1.0,drop_speed_mm_s=20.0,lift_mm=3.0,retreat=0,rough_mm=0.1|v10|stop",coin_1yen,flooring,15.0,1,0,1,0,0,0,0,1,1,0,1,11.95,4.71
"cloche|backstop=None,clearance_mm=1.0,drop_speed_mm_s=20.0,lift_mm=3.0,retreat=0,rough_mm=0.1|v10|stop",coin_1yen,mat,0.0,1,1,0,0,0,0,0,1,0,1,0,11.03,0.00
"cloche|backstop=None,clearance_mm=1.0,drop_speed_mm_s=20.0,lift_mm=3.0,retreat=0,rough_mm=0.1|v10|stop",coin_1yen,mat,5.0,1,1,0,0,0,0,0,1,0,1,0,11.03,4.82
"cloche|backstop=None,clearance_mm=1.0,drop_speed_mm_s=20.0,lift_mm=3.0,retreat=0,rough_mm=0.1|v10|stop",coin_1yen,mat,10.0,1,0,0,0,0,1,0,0,1,0,0,,
"cloche|backstop=None,clearance_mm=1.0,drop_speed_mm_s=20.0,lift_mm=3.0,retreat=0,rough_mm=0.1|v10|stop",coin_1yen,mat,15.0,1,0,1,0,0,0,0,1,1,0,1,11.04,3.85
"cloche|backstop=None,clearance_mm=1.0,drop_speed_mm_s=20.0,lift_mm=3.0,retreat=0,rough_mm=0.1|v10|stop",crumb_cube,flooring,0.0,1,1,0,0,0,0,0,1,0,1,0,8.10,0.09
"cloche|backstop=None,clearance_mm=1.0,drop_speed_mm_s=20.0,lift_mm=3.0,retreat=0,rough_mm=0.1|v10|stop",crumb_cube,flooring,5.0,1,1,0,0,0,0,0,1,0,1,0,8.10,4.99
"cloche|backstop=None,clearance_mm=1.0,drop_speed_mm_s=20.0,lift_mm=3.0,retreat=0,rough_mm=0.1|v10|stop",crumb_cube,flooring,10.0,1,1,0,0,0,0,0,1,1,0,1,8.10,9.21
"cloche|backstop=None,clearance_mm=1.0,drop_speed_mm_s=20.0,lift_mm=3.0,retreat=0,rough_mm=0.1|v10|stop",crumb_cube,flooring,15.0,1,1,0,0,0,0,0,1,1,0,1,8.11,9.34
"cloche|backstop=None,clearance_mm=1.0,drop_speed_mm_s=20.0,lift_mm=3.0,retreat=0,rough_mm=0.1|v10|stop",crumb_cube,mat,0.0,1,1,0,0,0,0,0,1,0,1,0,8.10,0.09
"cloche|backstop=None,clearance_mm=1.0,drop_speed_mm_s=20.0,lift_mm=3.0,retreat=0,rough_mm=0.1|v10|stop",crumb_cube,mat,5.0,1,1,0,0,0,0,0,1,0,1,0,8.10,4.99
"cloche|backstop=None,clearance_mm=1.0,drop_speed_mm_s=20.0,lift_mm=3.0,retreat=0,rough_mm=0.1|v10|stop",crumb_cube,mat,10.0,1,1,0,0,0,0,0,1,1,0,1,8.10,9.21
"cloche|backstop=None,clearance_mm=1.0,drop_speed_mm_s=20.0,lift_mm=3.0,retreat=0,rough_mm=0.1|v10|stop",crumb_cube,mat,15.0,1,1,0,0,0,0,0,1,1,0,1,8.11,9.34
"cloche|backstop=None,clearance_mm=1.0,drop_speed_mm_s=20.0,lift_mm=3.0,retreat=30,rough_mm=0.1|v10|stop",battery_cr2032,flooring,0.0,1,1,0,0,0,0,0,1,0,1,0,11.04,0.00
"cloche|backstop=None,clearance_mm=1.0,drop_speed_mm_s=20.0,lift_mm=3.0,retreat=30,rough_mm=0.1|v10|stop",battery_cr2032,flooring,5.0,1,0,1,0,0,0,0,1,0,1,0,18.01,0.24
"cloche|backstop=None,clearance_mm=1.0,drop_speed_mm_s=20.0,lift_mm=3.0,retreat=30,rough_mm=0.1|v10|stop",battery_cr2032,flooring,10.0,1,0,1,0,0,0,0,1,1,0,1,11.03,0.22
"cloche|backstop=None,clearance_mm=1.0,drop_speed_mm_s=20.0,lift_mm=3.0,retreat=30,rough_mm=0.1|v10|stop",battery_cr2032,flooring,15.0,1,0,0,0,0,1,0,0,0,0,0,,
"cloche|backstop=None,clearance_mm=1.0,drop_speed_mm_s=20.0,lift_mm=3.0,retreat=30,rough_mm=0.1|v10|stop",battery_cr2032,mat,0.0,1,1,0,0,0,0,0,1,0,1,0,11.04,0.00
"cloche|backstop=None,clearance_mm=1.0,drop_speed_mm_s=20.0,lift_mm=3.0,retreat=30,rough_mm=0.1|v10|stop",battery_cr2032,mat,5.0,1,0,1,0,0,0,0,1,1,0,1,11.04,2.27
"cloche|backstop=None,clearance_mm=1.0,drop_speed_mm_s=20.0,lift_mm=3.0,retreat=30,rough_mm=0.1|v10|stop",battery_cr2032,mat,10.0,1,0,0,0,1,0,0,0,0,0,0,,
"cloche|backstop=None,clearance_mm=1.0,drop_speed_mm_s=20.0,lift_mm=3.0,retreat=30,rough_mm=0.1|v10|stop",battery_cr2032,mat,15.0,1,0,0,0,0,1,0,0,0,0,0,,
"cloche|backstop=None,clearance_mm=1.0,drop_speed_mm_s=20.0,lift_mm=3.0,retreat=30,rough_mm=0.1|v10|stop",bead,flooring,0.0,1,1,0,0,0,0,0,1,0,1,0,5.03,2.47
"cloche|backstop=None,clearance_mm=1.0,drop_speed_mm_s=20.0,lift_mm=3.0,retreat=30,rough_mm=0.1|v10|stop",bead,flooring,5.0,1,1,0,0,0,0,0,1,0,1,0,5.03,4.44
"cloche|backstop=None,clearance_mm=1.0,drop_speed_mm_s=20.0,lift_mm=3.0,retreat=30,rough_mm=0.1|v10|stop",bead,flooring,10.0,1,1,0,0,0,0,0,1,0,1,0,5.03,9.50
"cloche|backstop=None,clearance_mm=1.0,drop_speed_mm_s=20.0,lift_mm=3.0,retreat=30,rough_mm=0.1|v10|stop",bead,flooring,15.0,1,1,0,0,0,0,0,1,0,1,0,5.03,9.57
"cloche|backstop=None,clearance_mm=1.0,drop_speed_mm_s=20.0,lift_mm=3.0,retreat=30,rough_mm=0.1|v10|stop",bead,mat,0.0,1,1,0,0,0,0,0,1,0,1,0,5.03,2.47
"cloche|backstop=None,clearance_mm=1.0,drop_speed_mm_s=20.0,lift_mm=3.0,retreat=30,rough_mm=0.1|v10|stop",bead,mat,5.0,1,1,0,0,0,0,0,1,0,1,0,5.03,7.64
"cloche|backstop=None,clearance_mm=1.0,drop_speed_mm_s=20.0,lift_mm=3.0,retreat=30,rough_mm=0.1|v10|stop",bead,mat,10.0,1,1,0,0,0,0,0,1,0,1,0,5.03,9.50
"cloche|backstop=None,clearance_mm=1.0,drop_speed_mm_s=20.0,lift_mm=3.0,retreat=30,rough_mm=0.1|v10|stop",bead,mat,15.0,1,1,0,0,0,0,0,1,0,1,0,5.04,4.62
"cloche|backstop=None,clearance_mm=1.0,drop_speed_mm_s=20.0,lift_mm=3.0,retreat=30,rough_mm=0.1|v10|stop",coin_1yen,flooring,0.0,1,1,0,0,0,0,0,1,0,1,0,11.03,0.00
"cloche|backstop=None,clearance_mm=1.0,drop_speed_mm_s=20.0,lift_mm=3.0,retreat=30,rough_mm=0.1|v10|stop",coin_1yen,flooring,5.0,1,0,0,0,0,1,0,0,0,0,0,,
"cloche|backstop=None,clearance_mm=1.0,drop_speed_mm_s=20.0,lift_mm=3.0,retreat=30,rough_mm=0.1|v10|stop",coin_1yen,flooring,10.0,1,0,1,0,0,0,0,1,0,1,0,11.04,6.11
"cloche|backstop=None,clearance_mm=1.0,drop_speed_mm_s=20.0,lift_mm=3.0,retreat=30,rough_mm=0.1|v10|stop",coin_1yen,flooring,15.0,1,0,1,0,0,0,0,1,1,0,1,11.95,4.71
"cloche|backstop=None,clearance_mm=1.0,drop_speed_mm_s=20.0,lift_mm=3.0,retreat=30,rough_mm=0.1|v10|stop",coin_1yen,mat,0.0,1,1,0,0,0,0,0,1,0,1,0,11.03,0.00
"cloche|backstop=None,clearance_mm=1.0,drop_speed_mm_s=20.0,lift_mm=3.0,retreat=30,rough_mm=0.1|v10|stop",coin_1yen,mat,5.0,1,1,0,0,0,0,0,1,0,1,0,11.03,4.82
"cloche|backstop=None,clearance_mm=1.0,drop_speed_mm_s=20.0,lift_mm=3.0,retreat=30,rough_mm=0.1|v10|stop",coin_1yen,mat,10.0,1,0,0,0,0,1,0,0,1,0,0,,
"cloche|backstop=None,clearance_mm=1.0,drop_speed_mm_s=20.0,lift_mm=3.0,retreat=30,rough_mm=0.1|v10|stop",coin_1yen,mat,15.0,1,0,1,0,0,0,0,1,1,0,1,11.04,3.85
"cloche|backstop=None,clearance_mm=1.0,drop_speed_mm_s=20.0,lift_mm=3.0,retreat=30,rough_mm=0.1|v10|stop",crumb_cube,flooring,0.0,1,1,0,0,0,0,0,1,0,1,0,8.10,0.09
"cloche|backstop=None,clearance_mm=1.0,drop_speed_mm_s=20.0,lift_mm=3.0,retreat=30,rough_mm=0.1|v10|stop",crumb_cube,flooring,5.0,1,1,0,0,0,0,0,1,0,1,0,8.10,4.99
"cloche|backstop=None,clearance_mm=1.0,drop_speed_mm_s=20.0,lift_mm=3.0,retreat=30,rough_mm=0.1|v10|stop",crumb_cube,flooring,10.0,1,1,0,0,0,0,0,1,1,0,1,8.10,9.21
"cloche|backstop=None,clearance_mm=1.0,drop_speed_mm_s=20.0,lift_mm=3.0,retreat=30,rough_mm=0.1|v10|stop",crumb_cube,flooring,15.0,1,1,0,0,0,0,0,1,1,0,1,8.11,9.34
"cloche|backstop=None,clearance_mm=1.0,drop_speed_mm_s=20.0,lift_mm=3.0,retreat=30,rough_mm=0.1|v10|stop",crumb_cube,mat,0.0,1,1,0,0,0,0,0,1,0,1,0,8.10,0.09
"cloche|backstop=None,clearance_mm=1.0,drop_speed_mm_s=20.0,lift_mm=3.0,retreat=30,rough_mm=0.1|v10|stop",crumb_cube,mat,5.0,1,1,0,0,0,0,0,1,0,1,0,8.10,4.99
"cloche|backstop=None,clearance_mm=1.0,drop_speed_mm_s=20.0,lift_mm=3.0,retreat=30,rough_mm=0.1|v10|stop",crumb_cube,mat,10.0,1,1,0,0,0,0,0,1,1,0,1,8.10,9.21
"cloche|backstop=None,clearance_mm=1.0,drop_speed_mm_s=20.0,lift_mm=3.0,retreat=30,rough_mm=0.1|v10|stop",crumb_cube,mat,15.0,1,1,0,0,0,0,0,1,1,0,1,8.11,9.34
"cloche|backstop=None,clearance_mm=1.0,drop_speed_mm_s=20.0,lift_mm=5.0,retreat=-30,rough_mm=0.1|v10|stop",battery_cr2032,flooring,0.0,1,1,0,0,0,0,0,1,0,1,0,11.04,0.00
"cloche|backstop=None,clearance_mm=1.0,drop_speed_mm_s=20.0,lift_mm=5.0,retreat=-30,rough_mm=0.1|v10|stop",battery_cr2032,flooring,5.0,1,1,0,0,0,0,0,1,0,1,0,11.04,4.75
"cloche|backstop=None,clearance_mm=1.0,drop_speed_mm_s=20.0,lift_mm=5.0,retreat=-30,rough_mm=0.1|v10|stop",battery_cr2032,flooring,10.0,1,0,0,0,0,0,1,1,1,0,1,,
"cloche|backstop=None,clearance_mm=1.0,drop_speed_mm_s=20.0,lift_mm=5.0,retreat=-30,rough_mm=0.1|v10|stop",battery_cr2032,flooring,15.0,1,0,0,0,0,1,0,0,0,0,0,,
"cloche|backstop=None,clearance_mm=1.0,drop_speed_mm_s=20.0,lift_mm=5.0,retreat=-30,rough_mm=0.1|v10|stop",battery_cr2032,mat,0.0,1,1,0,0,0,0,0,1,0,1,0,11.04,0.00
"cloche|backstop=None,clearance_mm=1.0,drop_speed_mm_s=20.0,lift_mm=5.0,retreat=-30,rough_mm=0.1|v10|stop",battery_cr2032,mat,5.0,1,0,1,0,0,0,0,1,1,0,1,11.04,0.58
"cloche|backstop=None,clearance_mm=1.0,drop_speed_mm_s=20.0,lift_mm=5.0,retreat=-30,rough_mm=0.1|v10|stop",battery_cr2032,mat,10.0,1,0,0,0,0,1,0,0,0,0,0,,
"cloche|backstop=None,clearance_mm=1.0,drop_speed_mm_s=20.0,lift_mm=5.0,retreat=-30,rough_mm=0.1|v10|stop",battery_cr2032,mat,15.0,1,0,0,0,0,1,0,0,0,0,0,,
"cloche|backstop=None,clearance_mm=1.0,drop_speed_mm_s=20.0,lift_mm=5.0,retreat=-30,rough_mm=0.1|v10|stop",bead,flooring,0.0,1,1,0,0,0,0,0,1,0,1,0,5.03,2.47
"cloche|backstop=None,clearance_mm=1.0,drop_speed_mm_s=20.0,lift_mm=5.0,retreat=-30,rough_mm=0.1|v10|stop",bead,flooring,5.0,1,1,0,0,0,0,0,1,0,1,0,5.03,4.44
"cloche|backstop=None,clearance_mm=1.0,drop_speed_mm_s=20.0,lift_mm=5.0,retreat=-30,rough_mm=0.1|v10|stop",bead,flooring,10.0,1,1,0,0,0,0,0,1,0,1,0,5.03,9.50
"cloche|backstop=None,clearance_mm=1.0,drop_speed_mm_s=20.0,lift_mm=5.0,retreat=-30,rough_mm=0.1|v10|stop",bead,flooring,15.0,1,1,0,0,0,0,0,1,0,1,0,5.03,9.57
"cloche|backstop=None,clearance_mm=1.0,drop_speed_mm_s=20.0,lift_mm=5.0,retreat=-30,rough_mm=0.1|v10|stop",bead,mat,0.0,1,1,0,0,0,0,0,1,0,1,0,5.03,2.47
"cloche|backstop=None,clearance_mm=1.0,drop_speed_mm_s=20.0,lift_mm=5.0,retreat=-30,rough_mm=0.1|v10|stop",bead,mat,5.0,1,1,0,0,0,0,0,1,0,1,0,5.03,7.64
"cloche|backstop=None,clearance_mm=1.0,drop_speed_mm_s=20.0,lift_mm=5.0,retreat=-30,rough_mm=0.1|v10|stop",bead,mat,10.0,1,1,0,0,0,0,0,1,0,1,0,5.03,9.50
"cloche|backstop=None,clearance_mm=1.0,drop_speed_mm_s=20.0,lift_mm=5.0,retreat=-30,rough_mm=0.1|v10|stop",bead,mat,15.0,1,1,0,0,0,0,0,1,0,1,0,5.04,4.62
"cloche|backstop=None,clearance_mm=1.0,drop_speed_mm_s=20.0,lift_mm=5.0,retreat=-30,rough_mm=0.1|v10|stop",coin_1yen,flooring,0.0,1,1,0,0,0,0,0,1,0,1,0,11.03,0.00
"cloche|backstop=None,clearance_mm=1.0,drop_speed_mm_s=20.0,lift_mm=5.0,retreat=-30,rough_mm=0.1|v10|stop",coin_1yen,flooring,5.0,1,0,0,0,0,1,0,0,0,0,0,,
"cloche|backstop=None,clearance_mm=1.0,drop_speed_mm_s=20.0,lift_mm=5.0,retreat=-30,rough_mm=0.1|v10|stop",coin_1yen,flooring,10.0,1,0,1,0,0,0,0,1,0,1,0,11.04,6.11
"cloche|backstop=None,clearance_mm=1.0,drop_speed_mm_s=20.0,lift_mm=5.0,retreat=-30,rough_mm=0.1|v10|stop",coin_1yen,flooring,15.0,1,0,0,1,0,0,0,1,1,0,1,11.03,9.12
"cloche|backstop=None,clearance_mm=1.0,drop_speed_mm_s=20.0,lift_mm=5.0,retreat=-30,rough_mm=0.1|v10|stop",coin_1yen,mat,0.0,1,1,0,0,0,0,0,1,0,1,0,11.03,0.00
"cloche|backstop=None,clearance_mm=1.0,drop_speed_mm_s=20.0,lift_mm=5.0,retreat=-30,rough_mm=0.1|v10|stop",coin_1yen,mat,5.0,1,1,0,0,0,0,0,1,0,1,0,11.03,4.82
"cloche|backstop=None,clearance_mm=1.0,drop_speed_mm_s=20.0,lift_mm=5.0,retreat=-30,rough_mm=0.1|v10|stop",coin_1yen,mat,10.0,1,0,0,0,0,1,0,0,1,0,0,,
"cloche|backstop=None,clearance_mm=1.0,drop_speed_mm_s=20.0,lift_mm=5.0,retreat=-30,rough_mm=0.1|v10|stop",coin_1yen,mat,15.0,1,0,1,0,0,0,0,1,1,0,1,19.88,1.86
"cloche|backstop=None,clearance_mm=1.0,drop_speed_mm_s=20.0,lift_mm=5.0,retreat=-30,rough_mm=0.1|v10|stop",crumb_cube,flooring,0.0,1,1,0,0,0,0,0,1,0,1,0,8.10,0.09
"cloche|backstop=None,clearance_mm=1.0,drop_speed_mm_s=20.0,lift_mm=5.0,retreat=-30,rough_mm=0.1|v10|stop",crumb_cube,flooring,5.0,1,1,0,0,0,0,0,1,0,1,0,8.10,4.99
"cloche|backstop=None,clearance_mm=1.0,drop_speed_mm_s=20.0,lift_mm=5.0,retreat=-30,rough_mm=0.1|v10|stop",crumb_cube,flooring,10.0,1,1,0,0,0,0,0,1,1,0,1,8.10,9.25
"cloche|backstop=None,clearance_mm=1.0,drop_speed_mm_s=20.0,lift_mm=5.0,retreat=-30,rough_mm=0.1|v10|stop",crumb_cube,flooring,15.0,1,1,0,0,0,0,0,1,1,0,1,8.10,9.59
"cloche|backstop=None,clearance_mm=1.0,drop_speed_mm_s=20.0,lift_mm=5.0,retreat=-30,rough_mm=0.1|v10|stop",crumb_cube,mat,0.0,1,1,0,0,0,0,0,1,0,1,0,8.10,0.09
"cloche|backstop=None,clearance_mm=1.0,drop_speed_mm_s=20.0,lift_mm=5.0,retreat=-30,rough_mm=0.1|v10|stop",crumb_cube,mat,5.0,1,1,0,0,0,0,0,1,0,1,0,8.10,4.99
"cloche|backstop=None,clearance_mm=1.0,drop_speed_mm_s=20.0,lift_mm=5.0,retreat=-30,rough_mm=0.1|v10|stop",crumb_cube,mat,10.0,1,1,0,0,0,0,0,1,1,0,1,8.10,9.25
"cloche|backstop=None,clearance_mm=1.0,drop_speed_mm_s=20.0,lift_mm=5.0,retreat=-30,rough_mm=0.1|v10|stop",crumb_cube,mat,15.0,1,1,0,0,0,0,0,1,1,0,1,8.10,9.59
"cloche|backstop=None,clearance_mm=1.0,drop_speed_mm_s=20.0,lift_mm=5.0,retreat=0,rough_mm=0.1|v10|stop",battery_cr2032,flooring,0.0,1,1,0,0,0,0,0,1,0,1,0,11.04,0.00
"cloche|backstop=None,clearance_mm=1.0,drop_speed_mm_s=20.0,lift_mm=5.0,retreat=0,rough_mm=0.1|v10|stop",battery_cr2032,flooring,5.0,1,1,0,0,0,0,0,1,0,1,0,11.04,4.75
"cloche|backstop=None,clearance_mm=1.0,drop_speed_mm_s=20.0,lift_mm=5.0,retreat=0,rough_mm=0.1|v10|stop",battery_cr2032,flooring,10.0,1,0,0,0,0,0,1,1,1,0,1,,
"cloche|backstop=None,clearance_mm=1.0,drop_speed_mm_s=20.0,lift_mm=5.0,retreat=0,rough_mm=0.1|v10|stop",battery_cr2032,flooring,15.0,1,0,0,0,0,1,0,0,0,0,0,,
"cloche|backstop=None,clearance_mm=1.0,drop_speed_mm_s=20.0,lift_mm=5.0,retreat=0,rough_mm=0.1|v10|stop",battery_cr2032,mat,0.0,1,1,0,0,0,0,0,1,0,1,0,11.04,0.00
"cloche|backstop=None,clearance_mm=1.0,drop_speed_mm_s=20.0,lift_mm=5.0,retreat=0,rough_mm=0.1|v10|stop",battery_cr2032,mat,5.0,1,0,1,0,0,0,0,1,1,0,1,11.04,0.58
"cloche|backstop=None,clearance_mm=1.0,drop_speed_mm_s=20.0,lift_mm=5.0,retreat=0,rough_mm=0.1|v10|stop",battery_cr2032,mat,10.0,1,0,0,0,0,1,0,0,0,0,0,,
"cloche|backstop=None,clearance_mm=1.0,drop_speed_mm_s=20.0,lift_mm=5.0,retreat=0,rough_mm=0.1|v10|stop",battery_cr2032,mat,15.0,1,0,0,0,0,1,0,0,0,0,0,,
"cloche|backstop=None,clearance_mm=1.0,drop_speed_mm_s=20.0,lift_mm=5.0,retreat=0,rough_mm=0.1|v10|stop",bead,flooring,0.0,1,1,0,0,0,0,0,1,0,1,0,5.03,2.47
"cloche|backstop=None,clearance_mm=1.0,drop_speed_mm_s=20.0,lift_mm=5.0,retreat=0,rough_mm=0.1|v10|stop",bead,flooring,5.0,1,1,0,0,0,0,0,1,0,1,0,5.03,4.44
"cloche|backstop=None,clearance_mm=1.0,drop_speed_mm_s=20.0,lift_mm=5.0,retreat=0,rough_mm=0.1|v10|stop",bead,flooring,10.0,1,1,0,0,0,0,0,1,0,1,0,5.03,9.50
"cloche|backstop=None,clearance_mm=1.0,drop_speed_mm_s=20.0,lift_mm=5.0,retreat=0,rough_mm=0.1|v10|stop",bead,flooring,15.0,1,1,0,0,0,0,0,1,0,1,0,5.03,9.57
"cloche|backstop=None,clearance_mm=1.0,drop_speed_mm_s=20.0,lift_mm=5.0,retreat=0,rough_mm=0.1|v10|stop",bead,mat,0.0,1,1,0,0,0,0,0,1,0,1,0,5.03,2.47
"cloche|backstop=None,clearance_mm=1.0,drop_speed_mm_s=20.0,lift_mm=5.0,retreat=0,rough_mm=0.1|v10|stop",bead,mat,5.0,1,1,0,0,0,0,0,1,0,1,0,5.03,7.64
"cloche|backstop=None,clearance_mm=1.0,drop_speed_mm_s=20.0,lift_mm=5.0,retreat=0,rough_mm=0.1|v10|stop",bead,mat,10.0,1,1,0,0,0,0,0,1,0,1,0,5.03,9.50
"cloche|backstop=None,clearance_mm=1.0,drop_speed_mm_s=20.0,lift_mm=5.0,retreat=0,rough_mm=0.1|v10|stop",bead,mat,15.0,1,1,0,0,0,0,0,1,0,1,0,5.04,4.62
"cloche|backstop=None,clearance_mm=1.0,drop_speed_mm_s=20.0,lift_mm=5.0,retreat=0,rough_mm=0.1|v10|stop",coin_1yen,flooring,0.0,1,1,0,0,0,0,0,1,0,1,0,11.03,0.00
"cloche|backstop=None,clearance_mm=1.0,drop_speed_mm_s=20.0,lift_mm=5.0,retreat=0,rough_mm=0.1|v10|stop",coin_1yen,flooring,5.0,1,0,0,0,0,1,0,0,0,0,0,,
"cloche|backstop=None,clearance_mm=1.0,drop_speed_mm_s=20.0,lift_mm=5.0,retreat=0,rough_mm=0.1|v10|stop",coin_1yen,flooring,10.0,1,0,1,0,0,0,0,1,0,1,0,11.04,6.11
"cloche|backstop=None,clearance_mm=1.0,drop_speed_mm_s=20.0,lift_mm=5.0,retreat=0,rough_mm=0.1|v10|stop",coin_1yen,flooring,15.0,1,0,1,0,0,0,0,1,1,0,1,11.03,9.12
"cloche|backstop=None,clearance_mm=1.0,drop_speed_mm_s=20.0,lift_mm=5.0,retreat=0,rough_mm=0.1|v10|stop",coin_1yen,mat,0.0,1,1,0,0,0,0,0,1,0,1,0,11.03,0.00
"cloche|backstop=None,clearance_mm=1.0,drop_speed_mm_s=20.0,lift_mm=5.0,retreat=0,rough_mm=0.1|v10|stop",coin_1yen,mat,5.0,1,1,0,0,0,0,0,1,0,1,0,11.03,4.82
"cloche|backstop=None,clearance_mm=1.0,drop_speed_mm_s=20.0,lift_mm=5.0,retreat=0,rough_mm=0.1|v10|stop",coin_1yen,mat,10.0,1,0,0,0,0,1,0,0,1,0,0,,
"cloche|backstop=None,clearance_mm=1.0,drop_speed_mm_s=20.0,lift_mm=5.0,retreat=0,rough_mm=0.1|v10|stop",coin_1yen,mat,15.0,1,0,1,0,0,0,0,1,1,0,1,19.88,1.86
"cloche|backstop=None,clearance_mm=1.0,drop_speed_mm_s=20.0,lift_mm=5.0,retreat=0,rough_mm=0.1|v10|stop",crumb_cube,flooring,0.0,1,1,0,0,0,0,0,1,0,1,0,8.10,0.09
"cloche|backstop=None,clearance_mm=1.0,drop_speed_mm_s=20.0,lift_mm=5.0,retreat=0,rough_mm=0.1|v10|stop",crumb_cube,flooring,5.0,1,1,0,0,0,0,0,1,0,1,0,8.10,4.99
"cloche|backstop=None,clearance_mm=1.0,drop_speed_mm_s=20.0,lift_mm=5.0,retreat=0,rough_mm=0.1|v10|stop",crumb_cube,flooring,10.0,1,1,0,0,0,0,0,1,1,0,1,8.10,9.25
"cloche|backstop=None,clearance_mm=1.0,drop_speed_mm_s=20.0,lift_mm=5.0,retreat=0,rough_mm=0.1|v10|stop",crumb_cube,flooring,15.0,1,1,0,0,0,0,0,1,1,0,1,8.10,9.59
"cloche|backstop=None,clearance_mm=1.0,drop_speed_mm_s=20.0,lift_mm=5.0,retreat=0,rough_mm=0.1|v10|stop",crumb_cube,mat,0.0,1,1,0,0,0,0,0,1,0,1,0,8.10,0.09
"cloche|backstop=None,clearance_mm=1.0,drop_speed_mm_s=20.0,lift_mm=5.0,retreat=0,rough_mm=0.1|v10|stop",crumb_cube,mat,5.0,1,1,0,0,0,0,0,1,0,1,0,8.10,4.99
"cloche|backstop=None,clearance_mm=1.0,drop_speed_mm_s=20.0,lift_mm=5.0,retreat=0,rough_mm=0.1|v10|stop",crumb_cube,mat,10.0,1,1,0,0,0,0,0,1,1,0,1,8.10,9.25
"cloche|backstop=None,clearance_mm=1.0,drop_speed_mm_s=20.0,lift_mm=5.0,retreat=0,rough_mm=0.1|v10|stop",crumb_cube,mat,15.0,1,1,0,0,0,0,0,1,1,0,1,8.10,9.59
"cloche|backstop=None,clearance_mm=1.0,drop_speed_mm_s=20.0,lift_mm=5.0,retreat=30,rough_mm=0.1|v10|stop",battery_cr2032,flooring,0.0,1,1,0,0,0,0,0,1,0,1,0,11.04,0.00
"cloche|backstop=None,clearance_mm=1.0,drop_speed_mm_s=20.0,lift_mm=5.0,retreat=30,rough_mm=0.1|v10|stop",battery_cr2032,flooring,5.0,1,1,0,0,0,0,0,1,0,1,0,11.04,4.75
"cloche|backstop=None,clearance_mm=1.0,drop_speed_mm_s=20.0,lift_mm=5.0,retreat=30,rough_mm=0.1|v10|stop",battery_cr2032,flooring,10.0,1,0,0,0,0,0,1,1,1,0,1,,
"cloche|backstop=None,clearance_mm=1.0,drop_speed_mm_s=20.0,lift_mm=5.0,retreat=30,rough_mm=0.1|v10|stop",battery_cr2032,flooring,15.0,1,0,0,0,0,1,0,0,0,0,0,,
"cloche|backstop=None,clearance_mm=1.0,drop_speed_mm_s=20.0,lift_mm=5.0,retreat=30,rough_mm=0.1|v10|stop",battery_cr2032,mat,0.0,1,1,0,0,0,0,0,1,0,1,0,11.04,0.00
"cloche|backstop=None,clearance_mm=1.0,drop_speed_mm_s=20.0,lift_mm=5.0,retreat=30,rough_mm=0.1|v10|stop",battery_cr2032,mat,5.0,1,0,1,0,0,0,0,1,1,0,1,11.04,0.58
"cloche|backstop=None,clearance_mm=1.0,drop_speed_mm_s=20.0,lift_mm=5.0,retreat=30,rough_mm=0.1|v10|stop",battery_cr2032,mat,10.0,1,0,0,0,0,1,0,0,0,0,0,,
"cloche|backstop=None,clearance_mm=1.0,drop_speed_mm_s=20.0,lift_mm=5.0,retreat=30,rough_mm=0.1|v10|stop",battery_cr2032,mat,15.0,1,0,0,0,0,1,0,0,0,0,0,,
"cloche|backstop=None,clearance_mm=1.0,drop_speed_mm_s=20.0,lift_mm=5.0,retreat=30,rough_mm=0.1|v10|stop",bead,flooring,0.0,1,1,0,0,0,0,0,1,0,1,0,5.03,2.47
"cloche|backstop=None,clearance_mm=1.0,drop_speed_mm_s=20.0,lift_mm=5.0,retreat=30,rough_mm=0.1|v10|stop",bead,flooring,5.0,1,1,0,0,0,0,0,1,0,1,0,5.03,4.44
"cloche|backstop=None,clearance_mm=1.0,drop_speed_mm_s=20.0,lift_mm=5.0,retreat=30,rough_mm=0.1|v10|stop",bead,flooring,10.0,1,1,0,0,0,0,0,1,0,1,0,5.03,9.50
"cloche|backstop=None,clearance_mm=1.0,drop_speed_mm_s=20.0,lift_mm=5.0,retreat=30,rough_mm=0.1|v10|stop",bead,flooring,15.0,1,1,0,0,0,0,0,1,0,1,0,5.03,9.57
"cloche|backstop=None,clearance_mm=1.0,drop_speed_mm_s=20.0,lift_mm=5.0,retreat=30,rough_mm=0.1|v10|stop",bead,mat,0.0,1,1,0,0,0,0,0,1,0,1,0,5.03,2.47
"cloche|backstop=None,clearance_mm=1.0,drop_speed_mm_s=20.0,lift_mm=5.0,retreat=30,rough_mm=0.1|v10|stop",bead,mat,5.0,1,1,0,0,0,0,0,1,0,1,0,5.03,7.64
"cloche|backstop=None,clearance_mm=1.0,drop_speed_mm_s=20.0,lift_mm=5.0,retreat=30,rough_mm=0.1|v10|stop",bead,mat,10.0,1,1,0,0,0,0,0,1,0,1,0,5.03,9.50
"cloche|backstop=None,clearance_mm=1.0,drop_speed_mm_s=20.0,lift_mm=5.0,retreat=30,rough_mm=0.1|v10|stop",bead,mat,15.0,1,1,0,0,0,0,0,1,0,1,0,5.04,4.62
"cloche|backstop=None,clearance_mm=1.0,drop_speed_mm_s=20.0,lift_mm=5.0,retreat=30,rough_mm=0.1|v10|stop",coin_1yen,flooring,0.0,1,1,0,0,0,0,0,1,0,1,0,11.03,0.00
"cloche|backstop=None,clearance_mm=1.0,drop_speed_mm_s=20.0,lift_mm=5.0,retreat=30,rough_mm=0.1|v10|stop",coin_1yen,flooring,5.0,1,0,0,0,0,1,0,0,0,0,0,,
"cloche|backstop=None,clearance_mm=1.0,drop_speed_mm_s=20.0,lift_mm=5.0,retreat=30,rough_mm=0.1|v10|stop",coin_1yen,flooring,10.0,1,0,1,0,0,0,0,1,0,1,0,11.04,6.11
"cloche|backstop=None,clearance_mm=1.0,drop_speed_mm_s=20.0,lift_mm=5.0,retreat=30,rough_mm=0.1|v10|stop",coin_1yen,flooring,15.0,1,0,1,0,0,0,0,1,1,0,1,11.03,9.12
"cloche|backstop=None,clearance_mm=1.0,drop_speed_mm_s=20.0,lift_mm=5.0,retreat=30,rough_mm=0.1|v10|stop",coin_1yen,mat,0.0,1,1,0,0,0,0,0,1,0,1,0,11.03,0.00
"cloche|backstop=None,clearance_mm=1.0,drop_speed_mm_s=20.0,lift_mm=5.0,retreat=30,rough_mm=0.1|v10|stop",coin_1yen,mat,5.0,1,1,0,0,0,0,0,1,0,1,0,11.03,4.82
"cloche|backstop=None,clearance_mm=1.0,drop_speed_mm_s=20.0,lift_mm=5.0,retreat=30,rough_mm=0.1|v10|stop",coin_1yen,mat,10.0,1,0,0,0,0,1,0,0,1,0,0,,
"cloche|backstop=None,clearance_mm=1.0,drop_speed_mm_s=20.0,lift_mm=5.0,retreat=30,rough_mm=0.1|v10|stop",coin_1yen,mat,15.0,1,0,1,0,0,0,0,1,1,0,1,19.88,1.86
"cloche|backstop=None,clearance_mm=1.0,drop_speed_mm_s=20.0,lift_mm=5.0,retreat=30,rough_mm=0.1|v10|stop",crumb_cube,flooring,0.0,1,1,0,0,0,0,0,1,0,1,0,8.10,0.09
"cloche|backstop=None,clearance_mm=1.0,drop_speed_mm_s=20.0,lift_mm=5.0,retreat=30,rough_mm=0.1|v10|stop",crumb_cube,flooring,5.0,1,1,0,0,0,0,0,1,0,1,0,8.10,4.99
"cloche|backstop=None,clearance_mm=1.0,drop_speed_mm_s=20.0,lift_mm=5.0,retreat=30,rough_mm=0.1|v10|stop",crumb_cube,flooring,10.0,1,1,0,0,0,0,0,1,1,0,1,8.10,9.25
"cloche|backstop=None,clearance_mm=1.0,drop_speed_mm_s=20.0,lift_mm=5.0,retreat=30,rough_mm=0.1|v10|stop",crumb_cube,flooring,15.0,1,1,0,0,0,0,0,1,1,0,1,8.10,9.59
"cloche|backstop=None,clearance_mm=1.0,drop_speed_mm_s=20.0,lift_mm=5.0,retreat=30,rough_mm=0.1|v10|stop",crumb_cube,mat,0.0,1,1,0,0,0,0,0,1,0,1,0,8.10,0.09
"cloche|backstop=None,clearance_mm=1.0,drop_speed_mm_s=20.0,lift_mm=5.0,retreat=30,rough_mm=0.1|v10|stop",crumb_cube,mat,5.0,1,1,0,0,0,0,0,1,0,1,0,8.10,4.99
"cloche|backstop=None,clearance_mm=1.0,drop_speed_mm_s=20.0,lift_mm=5.0,retreat=30,rough_mm=0.1|v10|stop",crumb_cube,mat,10.0,1,1,0,0,0,0,0,1,1,0,1,8.10,9.25
"cloche|backstop=None,clearance_mm=1.0,drop_speed_mm_s=20.0,lift_mm=5.0,retreat=30,rough_mm=0.1|v10|stop",crumb_cube,mat,15.0,1,1,0,0,0,0,0,1,1,0,1,8.10,9.59
