tag,obj,floor,offset,n,success,knocked_in,escaped,pushed_ahead,not_entered,pinched,entered,wall_contact,entered_nowall,entered_wall,fire_x_mean_mm,fire_absy_mean_mm
"hood|backstop=None,clearance_mm=0.1,funnel=True,gate=True,plate=0.01,retreat=0,rough_mm=0.03|v10|stop",battery_cr2032,flooring,0.0,3,0,0,0,3,0,0,0,3,0,0,,
"hood|backstop=None,clearance_mm=0.1,funnel=True,gate=True,plate=0.01,retreat=0,rough_mm=0.03|v10|stop",battery_cr2032,flooring,5.0,3,0,0,0,3,0,0,0,3,0,0,,
"hood|backstop=None,clearance_mm=0.1,funnel=True,gate=True,plate=0.01,retreat=0,rough_mm=0.03|v10|stop",battery_cr2032,flooring,10.0,3,0,0,0,3,0,0,0,3,0,0,,
"hood|backstop=None,clearance_mm=0.1,funnel=True,gate=True,plate=0.01,retreat=0,rough_mm=0.03|v10|stop",battery_cr2032,mat,0.0,3,0,0,0,3,0,0,0,3,0,0,,
"hood|backstop=None,clearance_mm=0.1,funnel=True,gate=True,plate=0.01,retreat=0,rough_mm=0.03|v10|stop",battery_cr2032,mat,5.0,3,0,0,0,3,0,0,0,3,0,0,,
"hood|backstop=None,clearance_mm=0.1,funnel=True,gate=True,plate=0.01,retreat=0,rough_mm=0.03|v10|stop",battery_cr2032,mat,10.0,3,0,0,0,3,0,0,0,3,0,0,,
"hood|backstop=None,clearance_mm=0.1,funnel=True,gate=True,plate=0.01,retreat=0,rough_mm=0.03|v10|stop",bead,flooring,0.0,3,0,0,0,3,0,0,0,3,0,0,,
"hood|backstop=None,clearance_mm=0.1,funnel=True,gate=True,plate=0.01,retreat=0,rough_mm=0.03|v10|stop",bead,flooring,5.0,3,0,0,0,3,0,0,0,3,0,0,,
"hood|backstop=None,clearance_mm=0.1,funnel=True,gate=True,plate=0.01,retreat=0,rough_mm=0.03|v10|stop",bead,flooring,10.0,3,0,0,0,3,0,0,0,3,0,0,,
"hood|backstop=None,clearance_mm=0.1,funnel=True,gate=True,plate=0.01,retreat=0,rough_mm=0.03|v10|stop",bead,mat,0.0,3,0,0,0,3,0,0,0,3,0,0,,
"hood|backstop=None,clearance_mm=0.1,funnel=True,gate=True,plate=0.01,retreat=0,rough_mm=0.03|v10|stop",bead,mat,5.0,3,0,0,0,3,0,0,0,3,0,0,,
"hood|backstop=None,clearance_mm=0.1,funnel=True,gate=True,plate=0.01,retreat=0,rough_mm=0.03|v10|stop",bead,mat,10.0,3,0,0,0,3,0,0,0,3,0,0,,
"hood|backstop=None,clearance_mm=0.1,funnel=True,gate=True,plate=0.01,retreat=0,rough_mm=0.03|v10|stop",coin_1yen,flooring,0.0,3,0,1,0,2,0,0,1,3,0,1,12.04,1.31
"hood|backstop=None,clearance_mm=0.1,funnel=True,gate=True,plate=0.01,retreat=0,rough_mm=0.03|v10|stop",coin_1yen,flooring,5.0,3,0,0,0,3,0,0,0,3,0,0,,
"hood|backstop=None,clearance_mm=0.1,funnel=True,gate=True,plate=0.01,retreat=0,rough_mm=0.03|v10|stop",coin_1yen,flooring,10.0,3,0,0,0,3,0,0,0,3,0,0,,
"hood|backstop=None,clearance_mm=0.1,funnel=True,gate=True,plate=0.01,retreat=0,rough_mm=0.03|v10|stop",coin_1yen,mat,0.0,3,0,1,0,2,0,0,1,3,0,1,11.31,4.96
"hood|backstop=None,clearance_mm=0.1,funnel=True,gate=True,plate=0.01,retreat=0,rough_mm=0.03|v10|stop",coin_1yen,mat,5.0,3,0,0,0,3,0,0,0,3,0,0,,
"hood|backstop=None,clearance_mm=0.1,funnel=True,gate=True,plate=0.01,retreat=0,rough_mm=0.03|v10|stop",coin_1yen,mat,10.0,3,0,0,0,3,0,0,0,3,0,0,,
"hood|backstop=None,clearance_mm=0.1,funnel=True,gate=True,plate=0.01,retreat=0,rough_mm=0.03|v10|stop",crumb_cube,flooring,0.0,3,0,0,0,3,0,0,0,3,0,0,,
"hood|backstop=None,clearance_mm=0.1,funnel=True,gate=True,plate=0.01,retreat=0,rough_mm=0.03|v10|stop",crumb_cube,flooring,5.0,3,0,0,0,3,0,0,0,3,0,0,,
"hood|backstop=None,clearance_mm=0.1,funnel=True,gate=True,plate=0.01,retreat=0,rough_mm=0.03|v10|stop",crumb_cube,flooring,10.0,3,0,0,0,3,0,0,0,3,0,0,,
"hood|backstop=None,clearance_mm=0.1,funnel=True,gate=True,plate=0.01,retreat=0,rough_mm=0.03|v10|stop",crumb_cube,mat,0.0,3,0,0,0,3,0,0,0,3,0,0,,
"hood|backstop=None,clearance_mm=0.1,funnel=True,gate=True,plate=0.01,retreat=0,rough_mm=0.03|v10|stop",crumb_cube,mat,5.0,3,0,0,0,3,0,0,0,3,0,0,,
"hood|backstop=None,clearance_mm=0.1,funnel=True,gate=True,plate=0.01,retreat=0,rough_mm=0.03|v10|stop",crumb_cube,mat,10.0,3,0,0,0,3,0,0,0,3,0,0,,
"hood|backstop=None,clearance_mm=0.1,funnel=True,gate=True,plate=0.01,retreat=0,rough_mm=0.05|v10|stop",battery_cr2032,flooring,0.0,3,0,0,0,2,1,0,0,2,0,0,,
"hood|backstop=None,clearance_mm=0.1,funnel=True,gate=True,plate=0.01,retreat=0,rough_mm=0.05|v10|stop",battery_cr2032,flooring,5.0,3,0,0,0,3,0,0,0,3,0,0,,
"hood|backstop=None,clearance_mm=0.1,funnel=True,gate=True,plate=0.01,retreat=0,rough_mm=0.05|v10|stop",battery_cr2032,flooring,10.0,3,0,0,0,3,0,0,0,3,0,0,,
"hood|backstop=None,clearance_mm=0.1,funnel=True,gate=True,plate=0.01,retreat=0,rough_mm=0.05|v10|stop",battery_cr2032,mat,0.0,3,0,0,0,3,0,0,0,3,0,0,,
"hood|backstop=None,clearance_mm=0.1,funnel=True,gate=True,plate=0.01,retreat=0,rough_mm=0.05|v10|stop",battery_cr2032,mat,5.0,3,0,0,0,3,0,0,0,3,0,0,,
"hood|backstop=None,clearance_mm=0.1,funnel=True,gate=True,plate=0.01,retreat=0,rough_mm=0.05|v10|stop",battery_cr2032,mat,10.0,3,0,0,0,3,0,0,0,3,0,0,,
"hood|backstop=None,clearance_mm=0.1,funnel=True,gate=True,plate=0.01,retreat=0,rough_mm=0.05|v10|stop",bead,flooring,0.0,3,0,0,0,3,0,0,0,3,0,0,,
"hood|backstop=None,clearance_mm=0.1,funnel=True,gate=True,plate=0.01,retreat=0,rough_mm=0.05|v10|stop",bead,flooring,5.0,3,0,0,0,3,0,0,0,3,0,0,,
"hood|backstop=None,clearance_mm=0.1,funnel=True,gate=True,plate=0.01,retreat=0,rough_mm=0.05|v10|stop",bead,flooring,10.0,3,0,0,0,3,0,0,0,3,0,0,,
"hood|backstop=None,clearance_mm=0.1,funnel=True,gate=True,plate=0.01,retreat=0,rough_mm=0.05|v10|stop",bead,mat,0.0,3,0,0,0,3,0,0,0,3,0,0,,
"hood|backstop=None,clearance_mm=0.1,funnel=True,gate=True,plate=0.01,retreat=0,rough_mm=0.05|v10|stop",bead,mat,5.0,3,0,0,0,3,0,0,0,3,0,0,,
"hood|backstop=None,clearance_mm=0.1,funnel=True,gate=True,plate=0.01,retreat=0,rough_mm=0.05|v10|stop",bead,mat,10.0,3,0,0,0,3,0,0,0,3,0,0,,
"hood|backstop=None,clearance_mm=0.1,funnel=True,gate=True,plate=0.01,retreat=0,rough_mm=0.05|v10|stop",coin_1yen,flooring,0.0,3,0,0,0,3,0,0,0,3,0,0,,
"hood|backstop=None,clearance_mm=0.1,funnel=True,gate=True,plate=0.01,retreat=0,rough_mm=0.05|v10|stop",coin_1yen,flooring,5.0,3,0,0,0,3,0,0,0,3,0,0,,
"hood|backstop=None,clearance_mm=0.1,funnel=True,gate=True,plate=0.01,retreat=0,rough_mm=0.05|v10|stop",coin_1yen,flooring,10.0,3,0,0,0,2,1,0,0,2,0,0,,
"hood|backstop=None,clearance_mm=0.1,funnel=True,gate=True,plate=0.01,retreat=0,rough_mm=0.05|v10|stop",coin_1yen,mat,0.0,3,0,1,0,2,0,0,1,3,0,1,11.68,1.60
"hood|backstop=None,clearance_mm=0.1,funnel=True,gate=True,plate=0.01,retreat=0,rough_mm=0.05|v10|stop",coin_1yen,mat,5.0,3,0,0,0,3,0,0,0,3,0,0,,
"hood|backstop=None,clearance_mm=0.1,funnel=True,gate=True,plate=0.01,retreat=0,rough_mm=0.05|v10|stop",coin_1yen,mat,10.0,3,0,0,0,2,1,0,1,3,0,1,,
"hood|backstop=None,clearance_mm=0.1,funnel=True,gate=True,plate=0.01,retreat=0,rough_mm=0.05|v10|stop",crumb_cube,flooring,0.0,3,0,0,0,3,0,0,0,3,0,0,,
"hood|backstop=None,clearance_mm=0.1,funnel=True,gate=True,plate=0.01,retreat=0,rough_mm=0.05|v10|stop",crumb_cube,flooring,5.0,3,0,0,0,3,0,0,0,3,0,0,,
"hood|backstop=None,clearance_mm=0.1,funnel=True,gate=True,plate=0.01,retreat=0,rough_mm=0.05|v10|stop",crumb_cube,flooring,10.0,3,0,0,0,3,0,0,0,3,0,0,,
"hood|backstop=None,clearance_mm=0.1,funnel=True,gate=True,plate=0.01,retreat=0,rough_mm=0.05|v10|stop",crumb_cube,mat,0.0,3,0,0,0,3,0,0,0,3,0,0,,
"hood|backstop=None,clearance_mm=0.1,funnel=True,gate=True,plate=0.01,retreat=0,rough_mm=0.05|v10|stop",crumb_cube,mat,5.0,3,0,0,0,3,0,0,0,3,0,0,,
"hood|backstop=None,clearance_mm=0.1,funnel=True,gate=True,plate=0.01,retreat=0,rough_mm=0.05|v10|stop",crumb_cube,mat,10.0,3,0,0,0,3,0,0,0,3,0,0,,
"hood|backstop=None,clearance_mm=0.1,funnel=True,gate=True,plate=0.01,retreat=0,rough_mm=0.1|v10|stop",battery_cr2032,flooring,0.0,3,0,0,0,3,0,0,0,2,0,0,,
"hood|backstop=None,clearance_mm=0.1,funnel=True,gate=True,plate=0.01,retreat=0,rough_mm=0.1|v10|stop",battery_cr2032,flooring,5.0,3,0,0,0,2,1,0,1,3,0,1,,
"hood|backstop=None,clearance_mm=0.1,funnel=True,gate=True,plate=0.01,retreat=0,rough_mm=0.1|v10|stop",battery_cr2032,flooring,10.0,3,0,0,0,3,0,0,0,3,0,0,,
"hood|backstop=None,clearance_mm=0.1,funnel=True,gate=True,plate=0.01,retreat=0,rough_mm=0.1|v10|stop",battery_cr2032,mat,0.0,3,0,0,0,2,1,0,1,3,0,1,,
"hood|backstop=None,clearance_mm=0.1,funnel=True,gate=True,plate=0.01,retreat=0,rough_mm=0.1|v10|stop",battery_cr2032,mat,5.0,3,0,0,0,2,1,0,1,3,0,1,,
"hood|backstop=None,clearance_mm=0.1,funnel=True,gate=True,plate=0.01,retreat=0,rough_mm=0.1|v10|stop",battery_cr2032,mat,10.0,3,0,0,0,3,0,0,0,3,0,0,,
"hood|backstop=None,clearance_mm=0.1,funnel=True,gate=True,plate=0.01,retreat=0,rough_mm=0.1|v10|stop",bead,flooring,0.0,3,0,0,0,3,0,0,0,3,0,0,,
"hood|backstop=None,clearance_mm=0.1,funnel=True,gate=True,plate=0.01,retreat=0,rough_mm=0.1|v10|stop",bead,flooring,5.0,3,0,0,0,3,0,0,0,3,0,0,,
"hood|backstop=None,clearance_mm=0.1,funnel=True,gate=True,plate=0.01,retreat=0,rough_mm=0.1|v10|stop",bead,flooring,10.0,3,0,0,0,3,0,0,0,3,0,0,,
"hood|backstop=None,clearance_mm=0.1,funnel=True,gate=True,plate=0.01,retreat=0,rough_mm=0.1|v10|stop",bead,mat,0.0,3,0,0,0,3,0,0,0,3,0,0,,
"hood|backstop=None,clearance_mm=0.1,funnel=True,gate=True,plate=0.01,retreat=0,rough_mm=0.1|v10|stop",bead,mat,5.0,3,0,0,0,3,0,0,0,3,0,0,,
"hood|backstop=None,clearance_mm=0.1,funnel=True,gate=True,plate=0.01,retreat=0,rough_mm=0.1|v10|stop",bead,mat,10.0,3,0,0,0,3,0,0,0,3,0,0,,
"hood|backstop=None,clearance_mm=0.1,funnel=True,gate=True,plate=0.01,retreat=0,rough_mm=0.1|v10|stop",coin_1yen,flooring,0.0,3,0,0,0,3,0,0,0,3,0,0,,
"hood|backstop=None,clearance_mm=0.1,funnel=True,gate=True,plate=0.01,retreat=0,rough_mm=0.1|v10|stop",coin_1yen,flooring,5.0,3,0,0,0,0,3,0,1,1,0,1,,
"hood|backstop=None,clearance_mm=0.1,funnel=True,gate=True,plate=0.01,retreat=0,rough_mm=0.1|v10|stop",coin_1yen,flooring,10.0,3,0,0,0,3,0,0,0,3,0,0,,
"hood|backstop=None,clearance_mm=0.1,funnel=True,gate=True,plate=0.01,retreat=0,rough_mm=0.1|v10|stop",coin_1yen,mat,0.0,3,0,0,0,3,0,0,0,3,0,0,,
"hood|backstop=None,clearance_mm=0.1,funnel=True,gate=True,plate=0.01,retreat=0,rough_mm=0.1|v10|stop",coin_1yen,mat,5.0,3,0,0,0,2,1,0,1,3,0,1,,
"hood|backstop=None,clearance_mm=0.1,funnel=True,gate=True,plate=0.01,retreat=0,rough_mm=0.1|v10|stop",coin_1yen,mat,10.0,3,0,0,0,3,0,0,0,3,0,0,,
"hood|backstop=None,clearance_mm=0.1,funnel=True,gate=True,plate=0.01,retreat=0,rough_mm=0.1|v10|stop",crumb_cube,flooring,0.0,3,0,0,0,3,0,0,0,3,0,0,,
"hood|backstop=None,clearance_mm=0.1,funnel=True,gate=True,plate=0.01,retreat=0,rough_mm=0.1|v10|stop",crumb_cube,flooring,5.0,3,0,0,0,2,1,0,1,3,0,1,,
"hood|backstop=None,clearance_mm=0.1,funnel=True,gate=True,plate=0.01,retreat=0,rough_mm=0.1|v10|stop",crumb_cube,flooring,10.0,3,0,0,0,3,0,0,0,3,0,0,,
"hood|backstop=None,clearance_mm=0.1,funnel=True,gate=True,plate=0.01,retreat=0,rough_mm=0.1|v10|stop",crumb_cube,mat,0.0,3,0,0,0,3,0,0,0,3,0,0,,
"hood|backstop=None,clearance_mm=0.1,funnel=True,gate=True,plate=0.01,retreat=0,rough_mm=0.1|v10|stop",crumb_cube,mat,5.0,3,0,0,0,2,1,0,1,3,0,1,,
"hood|backstop=None,clearance_mm=0.1,funnel=True,gate=True,plate=0.01,retreat=0,rough_mm=0.1|v10|stop",crumb_cube,mat,10.0,3,0,0,0,3,0,0,0,3,0,0,,
"hood|backstop=None,clearance_mm=0.1,funnel=True,gate=True,plate=0.01,retreat=0|v10|stop",battery_cr2032,flooring,0.0,3,0,0,0,3,0,0,0,3,0,0,,
"hood|backstop=None,clearance_mm=0.1,funnel=True,gate=True,plate=0.01,retreat=0|v10|stop",battery_cr2032,flooring,5.0,3,0,0,0,3,0,0,0,3,0,0,,
"hood|backstop=None,clearance_mm=0.1,funnel=True,gate=True,plate=0.01,retreat=0|v10|stop",battery_cr2032,flooring,10.0,3,0,0,0,3,0,0,0,3,0,0,,
"hood|backstop=None,clearance_mm=0.1,funnel=True,gate=True,plate=0.01,retreat=0|v10|stop",battery_cr2032,mat,0.0,3,0,0,0,3,0,0,0,3,0,0,,
"hood|backstop=None,clearance_mm=0.1,funnel=True,gate=True,plate=0.01,retreat=0|v10|stop",battery_cr2032,mat,5.0,3,0,0,0,3,0,0,0,3,0,0,,
"hood|backstop=None,clearance_mm=0.1,funnel=True,gate=True,plate=0.01,retreat=0|v10|stop",battery_cr2032,mat,10.0,3,0,0,0,3,0,0,0,3,0,0,,
"hood|backstop=None,clearance_mm=0.1,funnel=True,gate=True,plate=0.01,retreat=0|v10|stop",bead,flooring,0.0,3,0,0,0,3,0,0,0,3,0,0,,
"hood|backstop=None,clearance_mm=0.1,funnel=True,gate=True,plate=0.01,retreat=0|v10|stop",bead,flooring,5.0,3,0,0,0,3,0,0,0,3,0,0,,
"hood|backstop=None,clearance_mm=0.1,funnel=True,gate=True,plate=0.01,retreat=0|v10|stop",bead,flooring,10.0,3,0,0,0,3,0,0,0,3,0,0,,
"hood|backstop=None,clearance_mm=0.1,funnel=True,gate=True,plate=0.01,retreat=0|v10|stop",bead,mat,0.0,3,0,0,0,3,0,0,0,3,0,0,,
"hood|backstop=None,clearance_mm=0.1,funnel=True,gate=True,plate=0.01,retreat=0|v10|stop",bead,mat,5.0,3,0,0,0,3,0,0,0,3,0,0,,
"hood|backstop=None,clearance_mm=0.1,funnel=True,gate=True,plate=0.01,retreat=0|v10|stop",bead,mat,10.0,3,0,0,0,3,0,0,0,3,0,0,,
"hood|backstop=None,clearance_mm=0.1,funnel=True,gate=True,plate=0.01,retreat=0|v10|stop",coin_1yen,flooring,0.0,3,0,0,0,3,0,0,0,3,0,0,,
"hood|backstop=None,clearance_mm=0.1,funnel=True,gate=True,plate=0.01,retreat=0|v10|stop",coin_1yen,flooring,5.0,3,0,0,0,3,0,0,0,3,0,0,,
"hood|backstop=None,clearance_mm=0.1,funnel=True,gate=True,plate=0.01,retreat=0|v10|stop",coin_1yen,flooring,10.0,3,0,0,0,3,0,0,0,3,0,0,,
"hood|backstop=None,clearance_mm=0.1,funnel=True,gate=True,plate=0.01,retreat=0|v10|stop",coin_1yen,mat,0.0,3,0,0,0,3,0,0,0,3,0,0,,
"hood|backstop=None,clearance_mm=0.1,funnel=True,gate=True,plate=0.01,retreat=0|v10|stop",coin_1yen,mat,5.0,3,0,0,0,3,0,0,0,3,0,0,,
"hood|backstop=None,clearance_mm=0.1,funnel=True,gate=True,plate=0.01,retreat=0|v10|stop",coin_1yen,mat,10.0,3,0,0,0,3,0,0,0,3,0,0,,
"hood|backstop=None,clearance_mm=0.1,funnel=True,gate=True,plate=0.01,retreat=0|v10|stop",crumb_cube,flooring,0.0,3,0,0,0,3,0,0,0,3,0,0,,
"hood|backstop=None,clearance_mm=0.1,funnel=True,gate=True,plate=0.01,retreat=0|v10|stop",crumb_cube,flooring,5.0,3,0,0,0,3,0,0,0,3,0,0,,
"hood|backstop=None,clearance_mm=0.1,funnel=True,gate=True,plate=0.01,retreat=0|v10|stop",crumb_cube,flooring,10.0,3,0,0,0,3,0,0,0,3,0,0,,
"hood|backstop=None,clearance_mm=0.1,funnel=True,gate=True,plate=0.01,retreat=0|v10|stop",crumb_cube,mat,0.0,3,0,0,0,3,0,0,0,3,0,0,,
"hood|backstop=None,clearance_mm=0.1,funnel=True,gate=True,plate=0.01,retreat=0|v10|stop",crumb_cube,mat,5.0,3,0,0,0,3,0,0,0,3,0,0,,
"hood|backstop=None,clearance_mm=0.1,funnel=True,gate=True,plate=0.01,retreat=0|v10|stop",crumb_cube,mat,10.0,3,0,0,0,3,0,0,0,3,0,0,,
"hood|backstop=None,clearance_mm=0.1,funnel=True,gate=True,plate=0.02,retreat=0,rough_mm=0.03|v10|stop",battery_cr2032,flooring,0.0,3,0,0,0,3,0,0,0,3,0,0,,
"hood|backstop=None,clearance_mm=0.1,funnel=True,gate=True,plate=0.02,retreat=0,rough_mm=0.03|v10|stop",battery_cr2032,flooring,5.0,3,0,0,0,3,0,0,0,3,0,0,,
"hood|backstop=None,clearance_mm=0.1,funnel=True,gate=True,plate=0.02,retreat=0,rough_mm=0.03|v10|stop",battery_cr2032,flooring,10.0,3,0,0,0,3,0,0,0,3,0,0,,
"hood|backstop=None,clearance_mm=0.1,funnel=True,gate=True,plate=0.02,retreat=0,rough_mm=0.03|v10|stop",battery_cr2032,mat,0.0,3,0,0,0,3,0,0,0,3,0,0,,
"hood|backstop=None,clearance_mm=0.1,funnel=True,gate=True,plate=0.02,retreat=0,rough_mm=0.03|v10|stop",battery_cr2032,mat,5.0,3,0,0,0,3,0,0,0,3,0,0,,
"hood|backstop=None,clearance_mm=0.1,funnel=True,gate=True,plate=0.02,retreat=0,rough_mm=0.03|v10|stop",battery_cr2032,mat,10.0,3,0,0,0,3,0,0,0,3,0,0,,
"hood|backstop=None,clearance_mm=0.1,funnel=True,gate=True,plate=0.02,retreat=0,rough_mm=0.03|v10|stop",bead,flooring,0.0,3,0,0,0,3,0,0,0,3,0,0,,
"hood|backstop=None,clearance_mm=0.1,funnel=True,gate=True,plate=0.02,retreat=0,rough_mm=0.03|v10|stop",bead,flooring,5.0,3,0,0,0,3,0,0,0,3,0,0,,
"hood|backstop=None,clearance_mm=0.1,funnel=True,gate=True,plate=0.02,retreat=0,rough_mm=0.03|v10|stop",bead,flooring,10.0,3,0,0,0,3,0,0,0,3,0,0,,
"hood|backstop=None,clearance_mm=0.1,funnel=True,gate=True,plate=0.02,retreat=0,rough_mm=0.03|v10|stop",bead,mat,0.0,3,0,0,0,3,0,0,0,3,0,0,,
"hood|backstop=None,clearance_mm=0.1,funnel=True,gate=True,plate=0.02,retreat=0,rough_mm=0.03|v10|stop",bead,mat,5.0,3,0,0,0,3,0,0,0,3,0,0,,
"hood|backstop=None,clearance_mm=0.1,funnel=True,gate=True,plate=0.02,retreat=0,rough_mm=0.03|v10|stop",bead,mat,10.0,3,0,0,0,3,0,0,0,3,0,0,,
"hood|backstop=None,clearance_mm=0.1,funnel=True,gate=True,plate=0.02,retreat=0,rough_mm=0.03|v10|stop",coin_1yen,flooring,0.0,3,0,0,0,2,1,0,0,3,0,0,,
"hood|backstop=None,clearance_mm=0.1,funnel=True,gate=True,plate=0.02,retreat=0,rough_mm=0.03|v10|stop",coin_1yen,flooring,5.0,3,0,0,0,3,0,0,0,3,0,0,,
"hood|backstop=None,clearance_mm=0.1,funnel=True,gate=True,plate=0.02,retreat=0,rough_mm=0.03|v10|stop",coin_1yen,flooring,10.0,3,0,0,0,3,0,0,0,3,0,0,,
"hood|backstop=None,clearance_mm=0.1,funnel=True,gate=True,plate=0.02,retreat=0,rough_mm=0.03|v10|stop",coin_1yen,mat,0.0,3,0,1,0,0,2,0,3,3,0,3,11.47,4.84
"hood|backstop=None,clearance_mm=0.1,funnel=True,gate=True,plate=0.02,retreat=0,rough_mm=0.03|v10|stop",coin_1yen,mat,5.0,3,0,0,0,3,0,0,0,3,0,0,,
"hood|backstop=None,clearance_mm=0.1,funnel=True,gate=True,plate=0.02,retreat=0,rough_mm=0.03|v10|stop",coin_1yen,mat,10.0,3,0,0,0,3,0,0,0,3,0,0,,
"hood|backstop=None,clearance_mm=0.1,funnel=True,gate=True,plate=0.02,retreat=0,rough_mm=0.03|v10|stop",crumb_cube,flooring,0.0,3,0,0,0,3,0,0,0,3,0,0,,
"hood|backstop=None,clearance_mm=0.1,funnel=True,gate=True,plate=0.02,retreat=0,rough_mm=0.03|v10|stop",crumb_cube,flooring,5.0,3,0,0,0,3,0,0,0,3,0,0,,
"hood|backstop=None,clearance_mm=0.1,funnel=True,gate=True,plate=0.02,retreat=0,rough_mm=0.03|v10|stop",crumb_cube,flooring,10.0,3,0,0,0,3,0,0,0,3,0,0,,
"hood|backstop=None,clearance_mm=0.1,funnel=True,gate=True,plate=0.02,retreat=0,rough_mm=0.03|v10|stop",crumb_cube,mat,0.0,3,0,0,0,3,0,0,0,3,0,0,,
"hood|backstop=None,clearance_mm=0.1,funnel=True,gate=True,plate=0.02,retreat=0,rough_mm=0.03|v10|stop",crumb_cube,mat,5.0,3,0,0,0,3,0,0,0,3,0,0,,
"hood|backstop=None,clearance_mm=0.1,funnel=True,gate=True,plate=0.02,retreat=0,rough_mm=0.03|v10|stop",crumb_cube,mat,10.0,3,0,0,0,3,0,0,0,3,0,0,,
"hood|backstop=None,clearance_mm=0.1,funnel=True,gate=True,plate=0.02,retreat=0,rough_mm=0.05|v10|stop",battery_cr2032,flooring,0.0,3,0,0,0,2,1,0,0,2,0,0,,
"hood|backstop=None,clearance_mm=0.1,funnel=True,gate=True,plate=0.02,retreat=0,rough_mm=0.05|v10|stop",battery_cr2032,flooring,5.0,3,0,0,0,3,0,0,0,3,0,0,,
"hood|backstop=None,clearance_mm=0.1,funnel=True,gate=True,plate=0.02,retreat=0,rough_mm=0.05|v10|stop",battery_cr2032,flooring,10.0,3,0,0,0,3,0,0,0,3,0,0,,
"hood|backstop=None,clearance_mm=0.1,funnel=True,gate=True,plate=0.02,retreat=0,rough_mm=0.05|v10|stop",battery_cr2032,mat,0.0,3,0,0,0,3,0,0,0,3,0,0,,
"hood|backstop=None,clearance_mm=0.1,funnel=True,gate=True,plate=0.02,retreat=0,rough_mm=0.05|v10|stop",battery_cr2032,mat,5.0,3,0,0,0,3,0,0,0,3,0,0,,
"hood|backstop=None,clearance_mm=0.1,funnel=True,gate=True,plate=0.02,retreat=0,rough_mm=0.05|v10|stop",battery_cr2032,mat,10.0,3,0,0,0,3,0,0,0,3,0,0,,
"hood|backstop=None,clearance_mm=0.1,funnel=True,gate=True,plate=0.02,retreat=0,rough_mm=0.05|v10|stop",bead,flooring,0.0,3,0,0,0,3,0,0,0,3,0,0,,
"hood|backstop=None,clearance_mm=0.1,funnel=True,gate=True,plate=0.02,retreat=0,rough_mm=0.05|v10|stop",bead,flooring,5.0,3,0,0,0,3,0,0,0,3,0,0,,
"hood|backstop=None,clearance_mm=0.1,funnel=True,gate=True,plate=0.02,retreat=0,rough_mm=0.05|v10|stop",bead,flooring,10.0,3,0,0,0,3,0,0,0,3,0,0,,
"hood|backstop=None,clearance_mm=0.1,funnel=True,gate=True,plate=0.02,retreat=0,rough_mm=0.05|v10|stop",bead,mat,0.0,3,0,0,0,3,0,0,0,3,0,0,,
"hood|backstop=None,clearance_mm=0.1,funnel=True,gate=True,plate=0.02,retreat=0,rough_mm=0.05|v10|stop",bead,mat,5.0,3,0,0,0,3,0,0,0,3,0,0,,
"hood|backstop=None,clearance_mm=0.1,funnel=True,gate=True,plate=0.02,retreat=0,rough_mm=0.05|v10|stop",bead,mat,10.0,3,0,0,0,3,0,0,0,3,0,0,,
"hood|backstop=None,clearance_mm=0.1,funnel=True,gate=True,plate=0.02,retreat=0,rough_mm=0.05|v10|stop",coin_1yen,flooring,0.0,3,0,2,0,1,0,0,2,3,0,2,11.56,2.01
"hood|backstop=None,clearance_mm=0.1,funnel=True,gate=True,plate=0.02,retreat=0,rough_mm=0.05|v10|stop",coin_1yen,flooring,5.0,3,0,0,0,3,0,0,0,3,0,0,,
"hood|backstop=None,clearance_mm=0.1,funnel=True,gate=True,plate=0.02,retreat=0,rough_mm=0.05|v10|stop",coin_1yen,flooring,10.0,3,0,0,0,2,1,0,0,2,0,0,,
"hood|backstop=None,clearance_mm=0.1,funnel=True,gate=True,plate=0.02,retreat=0,rough_mm=0.05|v10|stop",coin_1yen,mat,0.0,3,0,1,0,2,0,0,1,3,0,1,11.53,1.42
"hood|backstop=None,clearance_mm=0.1,funnel=True,gate=True,plate=0.02,retreat=0,rough_mm=0.05|v10|stop",coin_1yen,mat,5.0,3,0,0,0,3,0,0,0,3,0,0,,
"hood|backstop=None,clearance_mm=0.1,funnel=True,gate=True,plate=0.02,retreat=0,rough_mm=0.05|v10|stop",coin_1yen,mat,10.0,3,0,0,0,3,0,0,0,3,0,0,,
"hood|backstop=None,clearance_mm=0.1,funnel=True,gate=True,plate=0.02,retreat=0,rough_mm=0.05|v10|stop",crumb_cube,flooring,0.0,3,0,0,0,3,0,0,0,3,0,0,,
"hood|backstop=None,clearance_mm=0.1,funnel=True,gate=True,plate=0.02,retreat=0,rough_mm=0.05|v10|stop",crumb_cube,flooring,5.0,3,0,0,0,3,0,0,0,3,0,0,,
"hood|backstop=None,clearance_mm=0.1,funnel=True,gate=True,plate=0.02,retreat=0,rough_mm=0.05|v10|stop",crumb_cube,flooring,10.0,3,0,0,0,3,0,0,0,3,0,0,,
"hood|backstop=None,clearance_mm=0.1,funnel=True,gate=True,plate=0.02,retreat=0,rough_mm=0.05|v10|stop",crumb_cube,mat,0.0,3,0,0,0,3,0,0,0,3,0,0,,
"hood|backstop=None,clearance_mm=0.1,funnel=True,gate=True,plate=0.02,retreat=0,rough_mm=0.05|v10|stop",crumb_cube,mat,5.0,3,0,0,0,3,0,0,0,3,0,0,,
"hood|backstop=None,clearance_mm=0.1,funnel=True,gate=True,plate=0.02,retreat=0,rough_mm=0.05|v10|stop",crumb_cube,mat,10.0,3,0,0,0,3,0,0,0,3,0,0,,
"hood|backstop=None,clearance_mm=0.1,funnel=True,gate=True,plate=0.02,retreat=0,rough_mm=0.1|v10|stop",battery_cr2032,flooring,0.0,3,0,0,0,3,0,0,0,2,0,0,,
"hood|backstop=None,clearance_mm=0.1,funnel=True,gate=True,plate=0.02,retreat=0,rough_mm=0.1|v10|stop",battery_cr2032,flooring,5.0,3,0,0,0,3,0,0,0,3,0,0,,
"hood|backstop=None,clearance_mm=0.1,funnel=True,gate=True,plate=0.02,retreat=0,rough_mm=0.1|v10|stop",battery_cr2032,flooring,10.0,3,0,0,0,3,0,0,0,3,0,0,,
"hood|backstop=None,clearance_mm=0.1,funnel=True,gate=True,plate=0.02,retreat=0,rough_mm=0.1|v10|stop",battery_cr2032,mat,0.0,3,0,0,0,3,0,0,0,3,0,0,,
"hood|backstop=None,clearance_mm=0.1,funnel=True,gate=True,plate=0.02,retreat=0,rough_mm=0.1|v10|stop",battery_cr2032,mat,5.0,3,0,0,0,3,0,0,0,3,0,0,,
"hood|backstop=None,clearance_mm=0.1,funnel=True,gate=True,plate=0.02,retreat=0,rough_mm=0.1|v10|stop",battery_cr2032,mat,10.0,3,0,0,0,3,0,0,0,3,0,0,,
"hood|backstop=None,clearance_mm=0.1,funnel=True,gate=True,plate=0.02,retreat=0,rough_mm=0.1|v10|stop",bead,flooring,0.0,3,0,0,0,3,0,0,0,3,0,0,,
"hood|backstop=None,clearance_mm=0.1,funnel=True,gate=True,plate=0.02,retreat=0,rough_mm=0.1|v10|stop",bead,flooring,5.0,3,0,0,0,3,0,0,0,3,0,0,,
"hood|backstop=None,clearance_mm=0.1,funnel=True,gate=True,plate=0.02,retreat=0,rough_mm=0.1|v10|stop",bead,flooring,10.0,3,0,0,0,3,0,0,0,3,0,0,,
"hood|backstop=None,clearance_mm=0.1,funnel=True,gate=True,plate=0.02,retreat=0,rough_mm=0.1|v10|stop",bead,mat,0.0,3,0,0,0,3,0,0,0,3,0,0,,
"hood|backstop=None,clearance_mm=0.1,funnel=True,gate=True,plate=0.02,retreat=0,rough_mm=0.1|v10|stop",bead,mat,5.0,3,0,0,0,3,0,0,0,3,0,0,,
"hood|backstop=None,clearance_mm=0.1,funnel=True,gate=True,plate=0.02,retreat=0,rough_mm=0.1|v10|stop",bead,mat,10.0,3,0,0,0,3,0,0,0,3,0,0,,
"hood|backstop=None,clearance_mm=0.1,funnel=True,gate=True,plate=0.02,retreat=0,rough_mm=0.1|v10|stop",coin_1yen,flooring,0.0,3,0,0,0,3,0,0,0,3,0,0,,
"hood|backstop=None,clearance_mm=0.1,funnel=True,gate=True,plate=0.02,retreat=0,rough_mm=0.1|v10|stop",coin_1yen,flooring,5.0,3,0,0,0,1,2,0,0,1,0,0,,
"hood|backstop=None,clearance_mm=0.1,funnel=True,gate=True,plate=0.02,retreat=0,rough_mm=0.1|v10|stop",coin_1yen,flooring,10.0,3,0,0,0,3,0,0,0,3,0,0,,
"hood|backstop=None,clearance_mm=0.1,funnel=True,gate=True,plate=0.02,retreat=0,rough_mm=0.1|v10|stop",coin_1yen,mat,0.0,3,0,0,0,3,0,0,0,3,0,0,,
"hood|backstop=None,clearance_mm=0.1,funnel=True,gate=True,plate=0.02,retreat=0,rough_mm=0.1|v10|stop",coin_1yen,mat,5.0,3,0,0,0,2,1,0,1,3,0,1,,
"hood|backstop=None,clearance_mm=0.1,funnel=True,gate=True,plate=0.02,retreat=0,rough_mm=0.1|v10|stop",coin_1yen,mat,10.0,3,0,0,0,2,1,0,1,3,0,1,,
"hood|backstop=None,clearance_mm=0.1,funnel=True,gate=True,plate=0.02,retreat=0,rough_mm=0.1|v10|stop",crumb_cube,flooring,0.0,3,0,0,0,3,0,0,0,3,0,0,,
"hood|backstop=None,clearance_mm=0.1,funnel=True,gate=True,plate=0.02,retreat=0,rough_mm=0.1|v10|stop",crumb_cube,flooring,5.0,3,0,0,0,2,1,0,1,3,0,1,,
"hood|backstop=None,clearance_mm=0.1,funnel=True,gate=True,plate=0.02,retreat=0,rough_mm=0.1|v10|stop",crumb_cube,flooring,10.0,3,0,0,0,3,0,0,0,3,0,0,,
"hood|backstop=None,clearance_mm=0.1,funnel=True,gate=True,plate=0.02,retreat=0,rough_mm=0.1|v10|stop",crumb_cube,mat,0.0,3,0,0,0,3,0,0,0,3,0,0,,
"hood|backstop=None,clearance_mm=0.1,funnel=True,gate=True,plate=0.02,retreat=0,rough_mm=0.1|v10|stop",crumb_cube,mat,5.0,3,0,0,0,2,1,0,1,3,0,1,,
"hood|backstop=None,clearance_mm=0.1,funnel=True,gate=True,plate=0.02,retreat=0,rough_mm=0.1|v10|stop",crumb_cube,mat,10.0,3,0,0,0,3,0,0,0,3,0,0,,
"hood|backstop=None,clearance_mm=0.1,funnel=True,gate=True,plate=0.02,retreat=0|v10|stop",battery_cr2032,flooring,0.0,3,0,0,0,3,0,0,0,3,0,0,,
"hood|backstop=None,clearance_mm=0.1,funnel=True,gate=True,plate=0.02,retreat=0|v10|stop",battery_cr2032,flooring,5.0,3,0,0,0,3,0,0,0,3,0,0,,
"hood|backstop=None,clearance_mm=0.1,funnel=True,gate=True,plate=0.02,retreat=0|v10|stop",battery_cr2032,flooring,10.0,3,0,0,0,3,0,0,0,3,0,0,,
"hood|backstop=None,clearance_mm=0.1,funnel=True,gate=True,plate=0.02,retreat=0|v10|stop",battery_cr2032,mat,0.0,3,0,0,0,3,0,0,0,3,0,0,,
"hood|backstop=None,clearance_mm=0.1,funnel=True,gate=True,plate=0.02,retreat=0|v10|stop",battery_cr2032,mat,5.0,3,0,0,0,3,0,0,0,3,0,0,,
"hood|backstop=None,clearance_mm=0.1,funnel=True,gate=True,plate=0.02,retreat=0|v10|stop",battery_cr2032,mat,10.0,3,0,0,0,3,0,0,0,3,0,0,,
"hood|backstop=None,clearance_mm=0.1,funnel=True,gate=True,plate=0.02,retreat=0|v10|stop",bead,flooring,0.0,3,0,0,0,3,0,0,0,3,0,0,,
"hood|backstop=None,clearance_mm=0.1,funnel=True,gate=True,plate=0.02,retreat=0|v10|stop",bead,flooring,5.0,3,0,0,0,3,0,0,0,3,0,0,,
"hood|backstop=None,clearance_mm=0.1,funnel=True,gate=True,plate=0.02,retreat=0|v10|stop",bead,flooring,10.0,3,0,0,0,3,0,0,0,3,0,0,,
"hood|backstop=None,clearance_mm=0.1,funnel=True,gate=True,plate=0.02,retreat=0|v10|stop",bead,mat,0.0,3,0,0,0,3,0,0,0,3,0,0,,
"hood|backstop=None,clearance_mm=0.1,funnel=True,gate=True,plate=0.02,retreat=0|v10|stop",bead,mat,5.0,3,0,0,0,3,0,0,0,3,0,0,,
"hood|backstop=None,clearance_mm=0.1,funnel=True,gate=True,plate=0.02,retreat=0|v10|stop",bead,mat,10.0,3,0,0,0,3,0,0,0,3,0,0,,
"hood|backstop=None,clearance_mm=0.1,funnel=True,gate=True,plate=0.02,retreat=0|v10|stop",coin_1yen,flooring,0.0,3,0,0,0,3,0,0,0,3,0,0,,
"hood|backstop=None,clearance_mm=0.1,funnel=True,gate=True,plate=0.02,retreat=0|v10|stop",coin_1yen,flooring,5.0,3,0,0,0,3,0,0,0,3,0,0,,
"hood|backstop=None,clearance_mm=0.1,funnel=True,gate=True,plate=0.02,retreat=0|v10|stop",coin_1yen,flooring,10.0,3,0,0,0,3,0,0,0,3,0,0,,
"hood|backstop=None,clearance_mm=0.1,funnel=True,gate=True,plate=0.02,retreat=0|v10|stop",coin_1yen,mat,0.0,3,0,0,0,3,0,0,0,3,0,0,,
"hood|backstop=None,clearance_mm=0.1,funnel=True,gate=True,plate=0.02,retreat=0|v10|stop",coin_1yen,mat,5.0,3,0,0,0,3,0,0,0,3,0,0,,
"hood|backstop=None,clearance_mm=0.1,funnel=True,gate=True,plate=0.02,retreat=0|v10|stop",coin_1yen,mat,10.0,3,0,0,0,3,0,0,0,3,0,0,,
"hood|backstop=None,clearance_mm=0.1,funnel=True,gate=True,plate=0.02,retreat=0|v10|stop",crumb_cube,flooring,0.0,3,0,0,0,3,0,0,0,3,0,0,,
"hood|backstop=None,clearance_mm=0.1,funnel=True,gate=True,plate=0.02,retreat=0|v10|stop",crumb_cube,flooring,5.0,3,0,0,0,3,0,0,0,3,0,0,,
"hood|backstop=None,clearance_mm=0.1,funnel=True,gate=True,plate=0.02,retreat=0|v10|stop",crumb_cube,flooring,10.0,3,0,0,0,3,0,0,0,3,0,0,,
"hood|backstop=None,clearance_mm=0.1,funnel=True,gate=True,plate=0.02,retreat=0|v10|stop",crumb_cube,mat,0.0,3,0,0,0,3,0,0,0,3,0,0,,
"hood|backstop=None,clearance_mm=0.1,funnel=True,gate=True,plate=0.02,retreat=0|v10|stop",crumb_cube,mat,5.0,3,0,0,0,3,0,0,0,3,0,0,,
"hood|backstop=None,clearance_mm=0.1,funnel=True,gate=True,plate=0.02,retreat=0|v10|stop",crumb_cube,mat,10.0,3,0,0,0,3,0,0,0,3,0,0,,
"hood|backstop=None,clearance_mm=0.1,funnel=True,gate=True,plate=0.03,retreat=0,rough_mm=0.03|v10|stop",battery_cr2032,flooring,0.0,3,0,0,0,3,0,0,0,3,0,0,,
"hood|backstop=None,clearance_mm=0.1,funnel=True,gate=True,plate=0.03,retreat=0,rough_mm=0.03|v10|stop",battery_cr2032,flooring,5.0,3,0,0,0,3,0,0,0,3,0,0,,
"hood|backstop=None,clearance_mm=0.1,funnel=True,gate=True,plate=0.03,retreat=0,rough_mm=0.03|v10|stop",battery_cr2032,flooring,10.0,3,0,0,0,3,0,0,0,3,0,0,,
"hood|backstop=None,clearance_mm=0.1,funnel=True,gate=True,plate=0.03,retreat=0,rough_mm=0.03|v10|stop",battery_cr2032,mat,0.0,3,0,0,0,3,0,0,0,3,0,0,,
"hood|backstop=None,clearance_mm=0.1,funnel=True,gate=True,plate=0.03,retreat=0,rough_mm=0.03|v10|stop",battery_cr2032,mat,5.0,3,0,0,0,3,0,0,0,3,0,0,,
"hood|backstop=None,clearance_mm=0.1,funnel=True,gate=True,plate=0.03,retreat=0,rough_mm=0.03|v10|stop",battery_cr2032,mat,10.0,3,0,0,0,3,0,0,0,3,0,0,,
"hood|backstop=None,clearance_mm=0.1,funnel=True,gate=True,plate=0.03,retreat=0,rough_mm=0.03|v10|stop",bead,flooring,0.0,3,0,0,0,3,0,0,0,3,0,0,,
"hood|backstop=None,clearance_mm=0.1,funnel=True,gate=True,plate=0.03,retreat=0,rough_mm=0.03|v10|stop",bead,flooring,5.0,3,0,0,0,3,0,0,0,3,0,0,,
"hood|backstop=None,clearance_mm=0.1,funnel=True,gate=True,plate=0.03,retreat=0,rough_mm=0.03|v10|stop",bead,flooring,10.0,3,0,0,0,3,0,0,0,3,0,0,,
"hood|backstop=None,clearance_mm=0.1,funnel=True,gate=True,plate=0.03,retreat=0,rough_mm=0.03|v10|stop",bead,mat,0.0,3,0,0,0,3,0,0,0,3,0,0,,
"hood|backstop=None,clearance_mm=0.1,funnel=True,gate=True,plate=0.03,retreat=0,rough_mm=0.03|v10|stop",bead,mat,5.0,3,0,0,0,3,0,0,0,3,0,0,,
"hood|backstop=None,clearance_mm=0.1,funnel=True,gate=True,plate=0.03,retreat=0,rough_mm=0.03|v10|stop",bead,mat,10.0,3,0,0,0,3,0,0,0,3,0,0,,
"hood|backstop=None,clearance_mm=0.1,funnel=True,gate=True,plate=0.03,retreat=0,rough_mm=0.03|v10|stop",coin_1yen,flooring,0.0,3,0,1,0,2,0,0,1,3,0,1,11.05,0.90
"hood|backstop=None,clearance_mm=0.1,funnel=True,gate=True,plate=0.03,retreat=0,rough_mm=0.03|v10|stop",coin_1yen,flooring,5.0,3,0,0,0,3,0,0,0,3,0,0,,
"hood|backstop=None,clearance_mm=0.1,funnel=True,gate=True,plate=0.03,retreat=0,rough_mm=0.03|v10|stop",coin_1yen,flooring,10.0,3,0,0,0,3,0,0,0,3,0,0,,
"hood|backstop=None,clearance_mm=0.1,funnel=True,gate=True,plate=0.03,retreat=0,rough_mm=0.03|v10|stop",coin_1yen,mat,0.0,3,0,1,0,2,0,0,1,3,0,1,11.89,4.93
"hood|backstop=None,clearance_mm=0.1,funnel=True,gate=True,plate=0.03,retreat=0,rough_mm=0.03|v10|stop",coin_1yen,mat,5.0,3,0,0,0,2,1,0,1,3,0,1,,
"hood|backstop=None,clearance_mm=0.1,funnel=True,gate=True,plate=0.03,retreat=0,rough_mm=0.03|v10|stop",coin_1yen,mat,10.0,3,0,0,0,3,0,0,0,3,0,0,,
"hood|backstop=None,clearance_mm=0.1,funnel=True,gate=True,plate=0.03,retreat=0,rough_mm=0.03|v10|stop",crumb_cube,flooring,0.0,3,0,0,0,3,0,0,0,3,0,0,,
"hood|backstop=None,clearance_mm=0.1,funnel=True,gate=True,plate=0.03,retreat=0,rough_mm=0.03|v10|stop",crumb_cube,flooring,5.0,3,0,0,0,3,0,0,0,3,0,0,,
"hood|backstop=None,clearance_mm=0.1,funnel=True,gate=True,plate=0.03,retreat=0,rough_mm=0.03|v10|stop",crumb_cube,flooring,10.0,3,0,0,0,3,0,0,0,3,0,0,,
"hood|backstop=None,clearance_mm=0.1,funnel=True,gate=True,plate=0.03,retreat=0,rough_mm=0.03|v10|stop",crumb_cube,mat,0.0,3,0,0,0,3,0,0,0,3,0,0,,
"hood|backstop=None,clearance_mm=0.1,funnel=True,gate=True,plate=0.03,retreat=0,rough_mm=0.03|v10|stop",crumb_cube,mat,5.0,3,0,0,0,3,0,0,0,3,0,0,,
"hood|backstop=None,clearance_mm=0.1,funnel=True,gate=True,plate=0.03,retreat=0,rough_mm=0.03|v10|stop",crumb_cube,mat,10.0,3,0,0,0,3,0,0,0,3,0,0,,
"hood|backstop=None,clearance_mm=0.1,funnel=True,gate=True,plate=0.03,retreat=0,rough_mm=0.05|v10|stop",battery_cr2032,flooring,0.0,3,0,0,0,2,1,0,0,2,0,0,,
"hood|backstop=None,clearance_mm=0.1,funnel=True,gate=True,plate=0.03,retreat=0,rough_mm=0.05|v10|stop",battery_cr2032,flooring,5.0,3,0,0,0,3,0,0,0,3,0,0,,
"hood|backstop=None,clearance_mm=0.1,funnel=True,gate=True,plate=0.03,retreat=0,rough_mm=0.05|v10|stop",battery_cr2032,flooring,10.0,3,0,0,0,3,0,0,0,3,0,0,,
"hood|backstop=None,clearance_mm=0.1,funnel=True,gate=True,plate=0.03,retreat=0,rough_mm=0.05|v10|stop",battery_cr2032,mat,0.0,3,0,0,0,3,0,0,0,3,0,0,,
"hood|backstop=None,clearance_mm=0.1,funnel=True,gate=True,plate=0.03,retreat=0,rough_mm=0.05|v10|stop",battery_cr2032,mat,5.0,3,0,0,0,3,0,0,0,3,0,0,,
"hood|backstop=None,clearance_mm=0.1,funnel=True,gate=True,plate=0.03,retreat=0,rough_mm=0.05|v10|stop",battery_cr2032,mat,10.0,3,0,0,0,3,0,0,0,3,0,0,,
"hood|backstop=None,clearance_mm=0.1,funnel=True,gate=True,plate=0.03,retreat=0,rough_mm=0.05|v10|stop",bead,flooring,0.0,3,0,0,0,3,0,0,0,3,0,0,,
"hood|backstop=None,clearance_mm=0.1,funnel=True,gate=True,plate=0.03,retreat=0,rough_mm=0.05|v10|stop",bead,flooring,5.0,3,0,0,0,3,0,0,0,3,0,0,,
"hood|backstop=None,clearance_mm=0.1,funnel=True,gate=True,plate=0.03,retreat=0,rough_mm=0.05|v10|stop",bead,flooring,10.0,3,0,0,0,3,0,0,0,3,0,0,,
"hood|backstop=None,clearance_mm=0.1,funnel=True,gate=True,plate=0.03,retreat=0,rough_mm=0.05|v10|stop",bead,mat,0.0,3,0,0,0,3,0,0,0,3,0,0,,
"hood|backstop=None,clearance_mm=0.1,funnel=True,gate=True,plate=0.03,retreat=0,rough_mm=0.05|v10|stop",bead,mat,5.0,3,0,0,0,3,0,0,0,3,0,0,,
"hood|backstop=None,clearance_mm=0.1,funnel=True,gate=True,plate=0.03,retreat=0,rough_mm=0.05|v10|stop",bead,mat,10.0,3,0,0,0,3,0,0,0,3,0,0,,
"hood|backstop=None,clearance_mm=0.1,funnel=True,gate=True,plate=0.03,retreat=0,rough_mm=0.05|v10|stop",coin_1yen,flooring,0.0,3,0,0,0,3,0,0,0,3,0,0,,
"hood|backstop=None,clearance_mm=0.1,funnel=True,gate=True,plate=0.03,retreat=0,rough_mm=0.05|v10|stop",coin_1yen,flooring,5.0,3,0,0,0,3,0,0,0,3,0,0,,
"hood|backstop=None,clearance_mm=0.1,funnel=True,gate=True,plate=0.03,retreat=0,rough_mm=0.05|v10|stop",coin_1yen,flooring,10.0,3,0,0,0,2,1,0,0,2,0,0,,
"hood|backstop=None,clearance_mm=0.1,funnel=True,gate=True,plate=0.03,retreat=0,rough_mm=0.05|v10|stop",coin_1yen,mat,0.0,3,0,0,0,3,0,0,0,3,0,0,,
"hood|backstop=None,clearance_mm=0.1,funnel=True,gate=True,plate=0.03,retreat=0,rough_mm=0.05|v10|stop",coin_1yen,mat,5.0,3,0,0,0,3,0,0,0,3,0,0,,
"hood|backstop=None,clearance_mm=0.1,funnel=True,gate=True,plate=0.03,retreat=0,rough_mm=0.05|v10|stop",coin_1yen,mat,10.0,3,0,0,0,2,1,0,1,3,0,1,,
"hood|backstop=None,clearance_mm=0.1,funnel=True,gate=True,plate=0.03,retreat=0,rough_mm=0.05|v10|stop",crumb_cube,flooring,0.0,3,0,0,0,3,0,0,0,3,0,0,,
"hood|backstop=None,clearance_mm=0.1,funnel=True,gate=True,plate=0.03,retreat=0,rough_mm=0.05|v10|stop",crumb_cube,flooring,5.0,3,0,0,0,3,0,0,0,3,0,0,,
"hood|backstop=None,clearance_mm=0.1,funnel=True,gate=True,plate=0.03,retreat=0,rough_mm=0.05|v10|stop",crumb_cube,flooring,10.0,3,0,0,0,3,0,0,0,3,0,0,,
"hood|backstop=None,clearance_mm=0.1,funnel=True,gate=True,plate=0.03,retreat=0,rough_mm=0.05|v10|stop",crumb_cube,mat,0.0,3,0,0,0,3,0,0,0,3,0,0,,
"hood|backstop=None,clearance_mm=0.1,funnel=True,gate=True,plate=0.03,retreat=0,rough_mm=0.05|v10|stop",crumb_cube,mat,5.0,3,0,0,0,3,0,0,0,3,0,0,,
"hood|backstop=None,clearance_mm=0.1,funnel=True,gate=True,plate=0.03,retreat=0,rough_mm=0.05|v10|stop",crumb_cube,mat,10.0,3,0,0,0,3,0,0,0,3,0,0,,
"hood|backstop=None,clearance_mm=0.1,funnel=True,gate=True,plate=0.03,retreat=0,rough_mm=0.1|v10|stop",battery_cr2032,flooring,0.0,3,0,0,0,3,0,0,0,2,0,0,,
"hood|backstop=None,clearance_mm=0.1,funnel=True,gate=True,plate=0.03,retreat=0,rough_mm=0.1|v10|stop",battery_cr2032,flooring,5.0,3,0,0,0,3,0,0,0,3,0,0,,
"hood|backstop=None,clearance_mm=0.1,funnel=True,gate=True,plate=0.03,retreat=0,rough_mm=0.1|v10|stop",battery_cr2032,flooring,10.0,3,0,0,0,2,1,0,0,3,0,0,,
"hood|backstop=None,clearance_mm=0.1,funnel=True,gate=True,plate=0.03,retreat=0,rough_mm=0.1|v10|stop",battery_cr2032,mat,0.0,3,0,0,0,3,0,0,0,3,0,0,,
"hood|backstop=None,clearance_mm=0.1,funnel=True,gate=True,plate=0.03,retreat=0,rough_mm=0.1|v10|stop",battery_cr2032,mat,5.0,3,0,0,0,3,0,0,0,3,0,0,,
"hood|backstop=None,clearance_mm=0.1,funnel=True,gate=True,plate=0.03,retreat=0,rough_mm=0.1|v10|stop",battery_cr2032,mat,10.0,3,0,0,0,3,0,0,0,3,0,0,,
"hood|backstop=None,clearance_mm=0.1,funnel=True,gate=True,plate=0.03,retreat=0,rough_mm=0.1|v10|stop",bead,flooring,0.0,3,0,0,0,3,0,0,0,3,0,0,,
"hood|backstop=None,clearance_mm=0.1,funnel=True,gate=True,plate=0.03,retreat=0,rough_mm=0.1|v10|stop",bead,flooring,5.0,3,0,0,0,3,0,0,0,3,0,0,,
"hood|backstop=None,clearance_mm=0.1,funnel=True,gate=True,plate=0.03,retreat=0,rough_mm=0.1|v10|stop",bead,flooring,10.0,3,0,0,0,3,0,0,0,3,0,0,,
"hood|backstop=None,clearance_mm=0.1,funnel=True,gate=True,plate=0.03,retreat=0,rough_mm=0.1|v10|stop",bead,mat,0.0,3,0,0,0,3,0,0,0,3,0,0,,
"hood|backstop=None,clearance_mm=0.1,funnel=True,gate=True,plate=0.03,retreat=0,rough_mm=0.1|v10|stop",bead,mat,5.0,3,0,0,0,3,0,0,0,3,0,0,,
"hood|backstop=None,clearance_mm=0.1,funnel=True,gate=True,plate=0.03,retreat=0,rough_mm=0.1|v10|stop",bead,mat,10.0,3,0,0,0,3,0,0,0,3,0,0,,
"hood|backstop=None,clearance_mm=0.1,funnel=True,gate=True,plate=0.03,retreat=0,rough_mm=0.1|v10|stop",coin_1yen,flooring,0.0,3,0,0,0,3,0,0,0,3,0,0,,
"hood|backstop=None,clearance_mm=0.1,funnel=True,gate=True,plate=0.03,retreat=0,rough_mm=0.1|v10|stop",coin_1yen,flooring,5.0,3,0,0,0,1,2,0,0,1,0,0,,
"hood|backstop=None,clearance_mm=0.1,funnel=True,gate=True,plate=0.03,retreat=0,rough_mm=0.1|v10|stop",coin_1yen,flooring,10.0,3,0,0,0,3,0,0,0,3,0,0,,
"hood|backstop=None,clearance_mm=0.1,funnel=True,gate=True,plate=0.03,retreat=0,rough_mm=0.1|v10|stop",coin_1yen,mat,0.0,3,0,0,0,3,0,0,0,3,0,0,,
"hood|backstop=None,clearance_mm=0.1,funnel=True,gate=True,plate=0.03,retreat=0,rough_mm=0.1|v10|stop",coin_1yen,mat,5.0,3,0,0,0,2,1,0,1,3,0,1,,
"hood|backstop=None,clearance_mm=0.1,funnel=True,gate=True,plate=0.03,retreat=0,rough_mm=0.1|v10|stop",coin_1yen,mat,10.0,3,0,0,0,3,0,0,0,3,0,0,,
"hood|backstop=None,clearance_mm=0.1,funnel=True,gate=True,plate=0.03,retreat=0,rough_mm=0.1|v10|stop",crumb_cube,flooring,0.0,3,0,0,0,3,0,0,0,3,0,0,,
"hood|backstop=None,clearance_mm=0.1,funnel=True,gate=True,plate=0.03,retreat=0,rough_mm=0.1|v10|stop",crumb_cube,flooring,5.0,3,0,0,0,2,1,0,1,3,0,1,,
"hood|backstop=None,clearance_mm=0.1,funnel=True,gate=True,plate=0.03,retreat=0,rough_mm=0.1|v10|stop",crumb_cube,flooring,10.0,3,0,0,0,3,0,0,0,3,0,0,,
"hood|backstop=None,clearance_mm=0.1,funnel=True,gate=True,plate=0.03,retreat=0,rough_mm=0.1|v10|stop",crumb_cube,mat,0.0,3,0,0,0,3,0,0,0,3,0,0,,
"hood|backstop=None,clearance_mm=0.1,funnel=True,gate=True,plate=0.03,retreat=0,rough_mm=0.1|v10|stop",crumb_cube,mat,5.0,3,0,0,0,2,1,0,1,3,0,1,,
"hood|backstop=None,clearance_mm=0.1,funnel=True,gate=True,plate=0.03,retreat=0,rough_mm=0.1|v10|stop",crumb_cube,mat,10.0,3,0,0,0,3,0,0,0,3,0,0,,
"hood|backstop=None,clearance_mm=0.1,funnel=True,gate=True,plate=0.03,retreat=0|v10|stop",battery_cr2032,flooring,0.0,3,0,0,0,3,0,0,0,3,0,0,,
"hood|backstop=None,clearance_mm=0.1,funnel=True,gate=True,plate=0.03,retreat=0|v10|stop",battery_cr2032,flooring,5.0,3,0,0,0,3,0,0,0,3,0,0,,
"hood|backstop=None,clearance_mm=0.1,funnel=True,gate=True,plate=0.03,retreat=0|v10|stop",battery_cr2032,flooring,10.0,3,0,0,0,3,0,0,0,3,0,0,,
"hood|backstop=None,clearance_mm=0.1,funnel=True,gate=True,plate=0.03,retreat=0|v10|stop",battery_cr2032,mat,0.0,3,0,0,0,3,0,0,0,3,0,0,,
"hood|backstop=None,clearance_mm=0.1,funnel=True,gate=True,plate=0.03,retreat=0|v10|stop",battery_cr2032,mat,5.0,3,0,0,0,3,0,0,0,3,0,0,,
"hood|backstop=None,clearance_mm=0.1,funnel=True,gate=True,plate=0.03,retreat=0|v10|stop",battery_cr2032,mat,10.0,3,0,0,0,3,0,0,0,3,0,0,,
"hood|backstop=None,clearance_mm=0.1,funnel=True,gate=True,plate=0.03,retreat=0|v10|stop",bead,flooring,0.0,3,0,0,0,3,0,0,0,3,0,0,,
"hood|backstop=None,clearance_mm=0.1,funnel=True,gate=True,plate=0.03,retreat=0|v10|stop",bead,flooring,5.0,3,0,0,0,3,0,0,0,3,0,0,,
"hood|backstop=None,clearance_mm=0.1,funnel=True,gate=True,plate=0.03,retreat=0|v10|stop",bead,flooring,10.0,3,0,0,0,3,0,0,0,3,0,0,,
"hood|backstop=None,clearance_mm=0.1,funnel=True,gate=True,plate=0.03,retreat=0|v10|stop",bead,mat,0.0,3,0,0,0,3,0,0,0,3,0,0,,
"hood|backstop=None,clearance_mm=0.1,funnel=True,gate=True,plate=0.03,retreat=0|v10|stop",bead,mat,5.0,3,0,0,0,3,0,0,0,3,0,0,,
"hood|backstop=None,clearance_mm=0.1,funnel=True,gate=True,plate=0.03,retreat=0|v10|stop",bead,mat,10.0,3,0,0,0,3,0,0,0,3,0,0,,
"hood|backstop=None,clearance_mm=0.1,funnel=True,gate=True,plate=0.03,retreat=0|v10|stop",coin_1yen,flooring,0.0,3,0,0,0,3,0,0,0,3,0,0,,
"hood|backstop=None,clearance_mm=0.1,funnel=True,gate=True,plate=0.03,retreat=0|v10|stop",coin_1yen,flooring,5.0,3,0,0,0,3,0,0,0,3,0,0,,
"hood|backstop=None,clearance_mm=0.1,funnel=True,gate=True,plate=0.03,retreat=0|v10|stop",coin_1yen,flooring,10.0,3,0,0,0,3,0,0,0,3,0,0,,
"hood|backstop=None,clearance_mm=0.1,funnel=True,gate=True,plate=0.03,retreat=0|v10|stop",coin_1yen,mat,0.0,3,0,0,0,3,0,0,0,3,0,0,,
"hood|backstop=None,clearance_mm=0.1,funnel=True,gate=True,plate=0.03,retreat=0|v10|stop",coin_1yen,mat,5.0,3,0,0,0,3,0,0,0,3,0,0,,
"hood|backstop=None,clearance_mm=0.1,funnel=True,gate=True,plate=0.03,retreat=0|v10|stop",coin_1yen,mat,10.0,3,0,0,0,3,0,0,0,3,0,0,,
"hood|backstop=None,clearance_mm=0.1,funnel=True,gate=True,plate=0.03,retreat=0|v10|stop",crumb_cube,flooring,0.0,3,0,0,0,3,0,0,0,3,0,0,,
"hood|backstop=None,clearance_mm=0.1,funnel=True,gate=True,plate=0.03,retreat=0|v10|stop",crumb_cube,flooring,5.0,3,0,0,0,3,0,0,0,3,0,0,,
"hood|backstop=None,clearance_mm=0.1,funnel=True,gate=True,plate=0.03,retreat=0|v10|stop",crumb_cube,flooring,10.0,3,0,0,0,3,0,0,0,3,0,0,,
"hood|backstop=None,clearance_mm=0.1,funnel=True,gate=True,plate=0.03,retreat=0|v10|stop",crumb_cube,mat,0.0,3,0,0,0,3,0,0,0,3,0,0,,
"hood|backstop=None,clearance_mm=0.1,funnel=True,gate=True,plate=0.03,retreat=0|v10|stop",crumb_cube,mat,5.0,3,0,0,0,3,0,0,0,3,0,0,,
"hood|backstop=None,clearance_mm=0.1,funnel=True,gate=True,plate=0.03,retreat=0|v10|stop",crumb_cube,mat,10.0,3,0,0,0,3,0,0,0,3,0,0,,
"hood|backstop=None,clearance_mm=0.1,funnel=True,gate=True,plate=0.05,retreat=0,rough_mm=0.03|v10|stop",battery_cr2032,flooring,0.0,3,0,0,0,3,0,0,0,3,0,0,,
"hood|backstop=None,clearance_mm=0.1,funnel=True,gate=True,plate=0.05,retreat=0,rough_mm=0.03|v10|stop",battery_cr2032,flooring,5.0,3,0,0,0,3,0,0,0,3,0,0,,
"hood|backstop=None,clearance_mm=0.1,funnel=True,gate=True,plate=0.05,retreat=0,rough_mm=0.03|v10|stop",battery_cr2032,flooring,10.0,3,0,0,0,3,0,0,0,3,0,0,,
"hood|backstop=None,clearance_mm=0.1,funnel=True,gate=True,plate=0.05,retreat=0,rough_mm=0.03|v10|stop",battery_cr2032,mat,0.0,3,0,0,0,3,0,0,0,3,0,0,,
"hood|backstop=None,clearance_mm=0.1,funnel=True,gate=True,plate=0.05,retreat=0,rough_mm=0.03|v10|stop",battery_cr2032,mat,5.0,3,0,0,0,3,0,0,0,3,0,0,,
"hood|backstop=None,clearance_mm=0.1,funnel=True,gate=True,plate=0.05,retreat=0,rough_mm=0.03|v10|stop",battery_cr2032,mat,10.0,3,0,0,0,3,0,0,0,3,0,0,,
"hood|backstop=None,clearance_mm=0.1,funnel=True,gate=True,plate=0.05,retreat=0,rough_mm=0.03|v10|stop",bead,flooring,0.0,3,0,0,0,3,0,0,0,3,0,0,,
"hood|backstop=None,clearance_mm=0.1,funnel=True,gate=True,plate=0.05,retreat=0,rough_mm=0.03|v10|stop",bead,flooring,5.0,3,0,0,0,3,0,0,0,3,0,0,,
"hood|backstop=None,clearance_mm=0.1,funnel=True,gate=True,plate=0.05,retreat=0,rough_mm=0.03|v10|stop",bead,flooring,10.0,3,0,0,0,3,0,0,0,3,0,0,,
"hood|backstop=None,clearance_mm=0.1,funnel=True,gate=True,plate=0.05,retreat=0,rough_mm=0.03|v10|stop",bead,mat,0.0,3,0,0,0,3,0,0,0,3,0,0,,
"hood|backstop=None,clearance_mm=0.1,funnel=True,gate=True,plate=0.05,retreat=0,rough_mm=0.03|v10|stop",bead,mat,5.0,3,0,0,0,3,0,0,0,3,0,0,,
"hood|backstop=None,clearance_mm=0.1,funnel=True,gate=True,plate=0.05,retreat=0,rough_mm=0.03|v10|stop",bead,mat,10.0,3,0,0,0,3,0,0,0,3,0,0,,
"hood|backstop=None,clearance_mm=0.1,funnel=True,gate=True,plate=0.05,retreat=0,rough_mm=0.03|v10|stop",coin_1yen,flooring,0.0,3,0,1,0,2,0,0,2,3,0,2,11.46,5.63
"hood|backstop=None,clearance_mm=0.1,funnel=True,gate=True,plate=0.05,retreat=0,rough_mm=0.03|v10|stop",coin_1yen,flooring,5.0,3,0,0,0,3,0,0,0,3,0,0,,
"hood|backstop=None,clearance_mm=0.1,funnel=True,gate=True,plate=0.05,retreat=0,rough_mm=0.03|v10|stop",coin_1yen,flooring,10.0,3,0,0,0,3,0,0,0,3,0,0,,
"hood|backstop=None,clearance_mm=0.1,funnel=True,gate=True,plate=0.05,retreat=0,rough_mm=0.03|v10|stop",coin_1yen,mat,0.0,3,0,1,0,2,0,0,1,3,0,1,11.32,4.81
"hood|backstop=None,clearance_mm=0.1,funnel=True,gate=True,plate=0.05,retreat=0,rough_mm=0.03|v10|stop",coin_1yen,mat,5.0,3,0,0,0,3,0,0,0,3,0,0,,
"hood|backstop=None,clearance_mm=0.1,funnel=True,gate=True,plate=0.05,retreat=0,rough_mm=0.03|v10|stop",coin_1yen,mat,10.0,3,0,0,0,3,0,0,0,3,0,0,,
"hood|backstop=None,clearance_mm=0.1,funnel=True,gate=True,plate=0.05,retreat=0,rough_mm=0.03|v10|stop",crumb_cube,flooring,0.0,3,0,0,0,3,0,0,0,3,0,0,,
"hood|backstop=None,clearance_mm=0.1,funnel=True,gate=True,plate=0.05,retreat=0,rough_mm=0.03|v10|stop",crumb_cube,flooring,5.0,3,0,0,0,3,0,0,0,3,0,0,,
"hood|backstop=None,clearance_mm=0.1,funnel=True,gate=True,plate=0.05,retreat=0,rough_mm=0.03|v10|stop",crumb_cube,flooring,10.0,3,0,0,0,3,0,0,0,3,0,0,,
"hood|backstop=None,clearance_mm=0.1,funnel=True,gate=True,plate=0.05,retreat=0,rough_mm=0.03|v10|stop",crumb_cube,mat,0.0,3,0,0,0,3,0,0,0,3,0,0,,
"hood|backstop=None,clearance_mm=0.1,funnel=True,gate=True,plate=0.05,retreat=0,rough_mm=0.03|v10|stop",crumb_cube,mat,5.0,3,0,0,0,3,0,0,0,3,0,0,,
"hood|backstop=None,clearance_mm=0.1,funnel=True,gate=True,plate=0.05,retreat=0,rough_mm=0.03|v10|stop",crumb_cube,mat,10.0,3,0,0,0,3,0,0,0,3,0,0,,
"hood|backstop=None,clearance_mm=0.1,funnel=True,gate=True,plate=0.05,retreat=0,rough_mm=0.05|v10|stop",battery_cr2032,flooring,0.0,3,0,0,0,2,1,0,0,2,0,0,,
"hood|backstop=None,clearance_mm=0.1,funnel=True,gate=True,plate=0.05,retreat=0,rough_mm=0.05|v10|stop",battery_cr2032,flooring,5.0,3,0,0,0,3,0,0,0,3,0,0,,
"hood|backstop=None,clearance_mm=0.1,funnel=True,gate=True,plate=0.05,retreat=0,rough_mm=0.05|v10|stop",battery_cr2032,flooring,10.0,3,0,0,0,3,0,0,0,3,0,0,,
"hood|backstop=None,clearance_mm=0.1,funnel=True,gate=True,plate=0.05,retreat=0,rough_mm=0.05|v10|stop",battery_cr2032,mat,0.0,3,0,0,0,3,0,0,0,3,0,0,,
"hood|backstop=None,clearance_mm=0.1,funnel=True,gate=True,plate=0.05,retreat=0,rough_mm=0.05|v10|stop",battery_cr2032,mat,5.0,3,0,0,0,3,0,0,0,3,0,0,,
"hood|backstop=None,clearance_mm=0.1,funnel=True,gate=True,plate=0.05,retreat=0,rough_mm=0.05|v10|stop",battery_cr2032,mat,10.0,3,0,0,0,3,0,0,0,3,0,0,,
"hood|backstop=None,clearance_mm=0.1,funnel=True,gate=True,plate=0.05,retreat=0,rough_mm=0.05|v10|stop",bead,flooring,0.0,3,0,0,0,3,0,0,0,3,0,0,,
"hood|backstop=None,clearance_mm=0.1,funnel=True,gate=True,plate=0.05,retreat=0,rough_mm=0.05|v10|stop",bead,flooring,5.0,3,0,0,0,3,0,0,0,3,0,0,,
"hood|backstop=None,clearance_mm=0.1,funnel=True,gate=True,plate=0.05,retreat=0,rough_mm=0.05|v10|stop",bead,flooring,10.0,3,0,0,0,3,0,0,0,3,0,0,,
"hood|backstop=None,clearance_mm=0.1,funnel=True,gate=True,plate=0.05,retreat=0,rough_mm=0.05|v10|stop",bead,mat,0.0,3,0,0,0,3,0,0,0,3,0,0,,
"hood|backstop=None,clearance_mm=0.1,funnel=True,gate=True,plate=0.05,retreat=0,rough_mm=0.05|v10|stop",bead,mat,5.0,3,0,0,0,3,0,0,0,3,0,0,,
"hood|backstop=None,clearance_mm=0.1,funnel=True,gate=True,plate=0.05,retreat=0,rough_mm=0.05|v10|stop",bead,mat,10.0,3,0,0,0,3,0,0,0,3,0,0,,
"hood|backstop=None,clearance_mm=0.1,funnel=True,gate=True,plate=0.05,retreat=0,rough_mm=0.05|v10|stop",coin_1yen,flooring,0.0,3,0,1,0,2,0,0,1,3,0,1,11.47,0.14
"hood|backstop=None,clearance_mm=0.1,funnel=True,gate=True,plate=0.05,retreat=0,rough_mm=0.05|v10|stop",coin_1yen,flooring,5.0,3,0,0,0,3,0,0,0,3,0,0,,
"hood|backstop=None,clearance_mm=0.1,funnel=True,gate=True,plate=0.05,retreat=0,rough_mm=0.05|v10|stop",coin_1yen,flooring,10.0,3,0,0,0,2,1,0,0,2,0,0,,
"hood|backstop=None,clearance_mm=0.1,funnel=True,gate=True,plate=0.05,retreat=0,rough_mm=0.05|v10|stop",coin_1yen,mat,0.0,3,0,0,0,3,0,0,0,3,0,0,,
"hood|backstop=None,clearance_mm=0.1,funnel=True,gate=True,plate=0.05,retreat=0,rough_mm=0.05|v10|stop",coin_1yen,mat,5.0,3,0,0,0,3,0,0,0,3,0,0,,
"hood|backstop=None,clearance_mm=0.1,funnel=True,gate=True,plate=0.05,retreat=0,rough_mm=0.05|v10|stop",coin_1yen,mat,10.0,3,0,0,0,3,0,0,0,3,0,0,,
"hood|backstop=None,clearance_mm=0.1,funnel=True,gate=True,plate=0.05,retreat=0,rough_mm=0.05|v10|stop",crumb_cube,flooring,0.0,3,0,0,0,3,0,0,0,3,0,0,,
"hood|backstop=None,clearance_mm=0.1,funnel=True,gate=True,plate=0.05,retreat=0,rough_mm=0.05|v10|stop",crumb_cube,flooring,5.0,3,0,0,0,3,0,0,0,3,0,0,,
"hood|backstop=None,clearance_mm=0.1,funnel=True,gate=True,plate=0.05,retreat=0,rough_mm=0.05|v10|stop",crumb_cube,flooring,10.0,3,0,0,0,3,0,0,0,3,0,0,,
"hood|backstop=None,clearance_mm=0.1,funnel=True,gate=True,plate=0.05,retreat=0,rough_mm=0.05|v10|stop",crumb_cube,mat,0.0,3,0,0,0,3,0,0,0,3,0,0,,
"hood|backstop=None,clearance_mm=0.1,funnel=True,gate=True,plate=0.05,retreat=0,rough_mm=0.05|v10|stop",crumb_cube,mat,5.0,3,0,0,0,3,0,0,0,3,0,0,,
"hood|backstop=None,clearance_mm=0.1,funnel=True,gate=True,plate=0.05,retreat=0,rough_mm=0.05|v10|stop",crumb_cube,mat,10.0,3,0,0,0,3,0,0,0,3,0,0,,
"hood|backstop=None,clearance_mm=0.1,funnel=True,gate=True,plate=0.05,retreat=0,rough_mm=0.1|v10|stop",battery_cr2032,flooring,0.0,3,0,0,0,3,0,0,0,2,0,0,,
"hood|backstop=None,clearance_mm=0.1,funnel=True,gate=True,plate=0.05,retreat=0,rough_mm=0.1|v10|stop",battery_cr2032,flooring,5.0,3,0,0,0,3,0,0,0,3,0,0,,
"hood|backstop=None,clearance_mm=0.1,funnel=True,gate=True,plate=0.05,retreat=0,rough_mm=0.1|v10|stop",battery_cr2032,flooring,10.0,3,0,0,0,2,1,0,0,3,0,0,,
"hood|backstop=None,clearance_mm=0.1,funnel=True,gate=True,plate=0.05,retreat=0,rough_mm=0.1|v10|stop",battery_cr2032,mat,0.0,3,0,0,0,3,0,0,0,3,0,0,,
"hood|backstop=None,clearance_mm=0.1,funnel=True,gate=True,plate=0.05,retreat=0,rough_mm=0.1|v10|stop",battery_cr2032,mat,5.0,3,0,0,0,3,0,0,0,3,0,0,,
"hood|backstop=None,clearance_mm=0.1,funnel=True,gate=True,plate=0.05,retreat=0,rough_mm=0.1|v10|stop",battery_cr2032,mat,10.0,3,0,0,0,3,0,0,0,3,0,0,,
"hood|backstop=None,clearance_mm=0.1,funnel=True,gate=True,plate=0.05,retreat=0,rough_mm=0.1|v10|stop",bead,flooring,0.0,3,0,0,0,3,0,0,0,3,0,0,,
"hood|backstop=None,clearance_mm=0.1,funnel=True,gate=True,plate=0.05,retreat=0,rough_mm=0.1|v10|stop",bead,flooring,5.0,3,0,0,0,3,0,0,0,3,0,0,,
"hood|backstop=None,clearance_mm=0.1,funnel=True,gate=True,plate=0.05,retreat=0,rough_mm=0.1|v10|stop",bead,flooring,10.0,3,0,0,0,3,0,0,0,3,0,0,,
"hood|backstop=None,clearance_mm=0.1,funnel=True,gate=True,plate=0.05,retreat=0,rough_mm=0.1|v10|stop",bead,mat,0.0,3,0,0,0,3,0,0,0,3,0,0,,
"hood|backstop=None,clearance_mm=0.1,funnel=True,gate=True,plate=0.05,retreat=0,rough_mm=0.1|v10|stop",bead,mat,5.0,3,0,0,0,3,0,0,0,3,0,0,,
"hood|backstop=None,clearance_mm=0.1,funnel=True,gate=True,plate=0.05,retreat=0,rough_mm=0.1|v10|stop",bead,mat,10.0,3,0,0,0,3,0,0,0,3,0,0,,
"hood|backstop=None,clearance_mm=0.1,funnel=True,gate=True,plate=0.05,retreat=0,rough_mm=0.1|v10|stop",coin_1yen,flooring,0.0,3,0,0,0,3,0,0,0,3,0,0,,
"hood|backstop=None,clearance_mm=0.1,funnel=True,gate=True,plate=0.05,retreat=0,rough_mm=0.1|v10|stop",coin_1yen,flooring,5.0,3,0,0,0,1,2,0,0,1,0,0,,
"hood|backstop=None,clearance_mm=0.1,funnel=True,gate=True,plate=0.05,retreat=0,rough_mm=0.1|v10|stop",coin_1yen,flooring,10.0,3,0,0,0,3,0,0,0,3,0,0,,
"hood|backstop=None,clearance_mm=0.1,funnel=True,gate=True,plate=0.05,retreat=0,rough_mm=0.1|v10|stop",coin_1yen,mat,0.0,3,0,0,0,3,0,0,0,3,0,0,,
"hood|backstop=None,clearance_mm=0.1,funnel=True,gate=True,plate=0.05,retreat=0,rough_mm=0.1|v10|stop",coin_1yen,mat,5.0,3,0,0,0,3,0,0,0,3,0,0,,
"hood|backstop=None,clearance_mm=0.1,funnel=True,gate=True,plate=0.05,retreat=0,rough_mm=0.1|v10|stop",coin_1yen,mat,10.0,3,0,0,0,3,0,0,0,3,0,0,,
"hood|backstop=None,clearance_mm=0.1,funnel=True,gate=True,plate=0.05,retreat=0,rough_mm=0.1|v10|stop",crumb_cube,flooring,0.0,3,0,0,0,3,0,0,0,3,0,0,,
"hood|backstop=None,clearance_mm=0.1,funnel=True,gate=True,plate=0.05,retreat=0,rough_mm=0.1|v10|stop",crumb_cube,flooring,5.0,3,0,0,0,3,0,0,0,3,0,0,,
"hood|backstop=None,clearance_mm=0.1,funnel=True,gate=True,plate=0.05,retreat=0,rough_mm=0.1|v10|stop",crumb_cube,flooring,10.0,3,0,0,0,3,0,0,0,3,0,0,,
"hood|backstop=None,clearance_mm=0.1,funnel=True,gate=True,plate=0.05,retreat=0,rough_mm=0.1|v10|stop",crumb_cube,mat,0.0,3,0,0,0,3,0,0,0,3,0,0,,
"hood|backstop=None,clearance_mm=0.1,funnel=True,gate=True,plate=0.05,retreat=0,rough_mm=0.1|v10|stop",crumb_cube,mat,5.0,3,0,0,0,3,0,0,0,3,0,0,,
"hood|backstop=None,clearance_mm=0.1,funnel=True,gate=True,plate=0.05,retreat=0,rough_mm=0.1|v10|stop",crumb_cube,mat,10.0,3,0,0,0,3,0,0,0,3,0,0,,
"hood|backstop=None,clearance_mm=0.1,funnel=True,gate=True,plate=0.05,retreat=0|v10|stop",battery_cr2032,flooring,0.0,3,0,0,0,3,0,0,0,3,0,0,,
"hood|backstop=None,clearance_mm=0.1,funnel=True,gate=True,plate=0.05,retreat=0|v10|stop",battery_cr2032,flooring,5.0,3,0,0,0,3,0,0,0,3,0,0,,
"hood|backstop=None,clearance_mm=0.1,funnel=True,gate=True,plate=0.05,retreat=0|v10|stop",battery_cr2032,flooring,10.0,3,0,0,0,3,0,0,0,3,0,0,,
"hood|backstop=None,clearance_mm=0.1,funnel=True,gate=True,plate=0.05,retreat=0|v10|stop",battery_cr2032,mat,0.0,3,0,0,0,3,0,0,0,3,0,0,,
"hood|backstop=None,clearance_mm=0.1,funnel=True,gate=True,plate=0.05,retreat=0|v10|stop",battery_cr2032,mat,5.0,3,0,0,0,3,0,0,0,3,0,0,,
"hood|backstop=None,clearance_mm=0.1,funnel=True,gate=True,plate=0.05,retreat=0|v10|stop",battery_cr2032,mat,10.0,3,0,0,0,3,0,0,0,3,0,0,,
"hood|backstop=None,clearance_mm=0.1,funnel=True,gate=True,plate=0.05,retreat=0|v10|stop",bead,flooring,0.0,3,0,0,0,3,0,0,0,3,0,0,,
"hood|backstop=None,clearance_mm=0.1,funnel=True,gate=True,plate=0.05,retreat=0|v10|stop",bead,flooring,5.0,3,0,0,0,3,0,0,0,3,0,0,,
"hood|backstop=None,clearance_mm=0.1,funnel=True,gate=True,plate=0.05,retreat=0|v10|stop",bead,flooring,10.0,3,0,0,0,3,0,0,0,3,0,0,,
"hood|backstop=None,clearance_mm=0.1,funnel=True,gate=True,plate=0.05,retreat=0|v10|stop",bead,mat,0.0,3,0,0,0,3,0,0,0,3,0,0,,
"hood|backstop=None,clearance_mm=0.1,funnel=True,gate=True,plate=0.05,retreat=0|v10|stop",bead,mat,5.0,3,0,0,0,3,0,0,0,3,0,0,,
"hood|backstop=None,clearance_mm=0.1,funnel=True,gate=True,plate=0.05,retreat=0|v10|stop",bead,mat,10.0,3,0,0,0,3,0,0,0,3,0,0,,
"hood|backstop=None,clearance_mm=0.1,funnel=True,gate=True,plate=0.05,retreat=0|v10|stop",coin_1yen,flooring,0.0,3,0,0,0,3,0,0,0,3,0,0,,
"hood|backstop=None,clearance_mm=0.1,funnel=True,gate=True,plate=0.05,retreat=0|v10|stop",coin_1yen,flooring,5.0,3,0,0,0,3,0,0,0,3,0,0,,
"hood|backstop=None,clearance_mm=0.1,funnel=True,gate=True,plate=0.05,retreat=0|v10|stop",coin_1yen,flooring,10.0,3,0,0,0,3,0,0,0,3,0,0,,
"hood|backstop=None,clearance_mm=0.1,funnel=True,gate=True,plate=0.05,retreat=0|v10|stop",coin_1yen,mat,0.0,3,0,0,0,3,0,0,0,3,0,0,,
"hood|backstop=None,clearance_mm=0.1,funnel=True,gate=True,plate=0.05,retreat=0|v10|stop",coin_1yen,mat,5.0,3,0,0,0,3,0,0,0,3,0,0,,
"hood|backstop=None,clearance_mm=0.1,funnel=True,gate=True,plate=0.05,retreat=0|v10|stop",coin_1yen,mat,10.0,3,0,0,0,3,0,0,0,3,0,0,,
"hood|backstop=None,clearance_mm=0.1,funnel=True,gate=True,plate=0.05,retreat=0|v10|stop",crumb_cube,flooring,0.0,3,0,0,0,3,0,0,0,3,0,0,,
"hood|backstop=None,clearance_mm=0.1,funnel=True,gate=True,plate=0.05,retreat=0|v10|stop",crumb_cube,flooring,5.0,3,0,0,0,3,0,0,0,3,0,0,,
"hood|backstop=None,clearance_mm=0.1,funnel=True,gate=True,plate=0.05,retreat=0|v10|stop",crumb_cube,flooring,10.0,3,0,0,0,3,0,0,0,3,0,0,,
"hood|backstop=None,clearance_mm=0.1,funnel=True,gate=True,plate=0.05,retreat=0|v10|stop",crumb_cube,mat,0.0,3,0,0,0,3,0,0,0,3,0,0,,
"hood|backstop=None,clearance_mm=0.1,funnel=True,gate=True,plate=0.05,retreat=0|v10|stop",crumb_cube,mat,5.0,3,0,0,0,3,0,0,0,3,0,0,,
"hood|backstop=None,clearance_mm=0.1,funnel=True,gate=True,plate=0.05,retreat=0|v10|stop",crumb_cube,mat,10.0,3,0,0,0,3,0,0,0,3,0,0,,
"hood|backstop=None,clearance_mm=0.3,funnel=True,gate=True,plate=0.01,retreat=0,rough_mm=0.03|v10|stop",battery_cr2032,flooring,0.0,3,0,1,0,2,0,0,1,3,0,1,12.16,2.41
"hood|backstop=None,clearance_mm=0.3,funnel=True,gate=True,plate=0.01,retreat=0,rough_mm=0.03|v10|stop",battery_cr2032,flooring,5.0,3,0,0,0,3,0,0,0,3,0,0,,
"hood|backstop=None,clearance_mm=0.3,funnel=True,gate=True,plate=0.01,retreat=0,rough_mm=0.03|v10|stop",battery_cr2032,flooring,10.0,3,0,0,0,3,0,0,0,3,0,0,,
"hood|backstop=None,clearance_mm=0.3,funnel=True,gate=True,plate=0.01,retreat=0,rough_mm=0.03|v10|stop",battery_cr2032,mat,0.0,3,0,1,0,2,0,0,1,3,0,1,11.26,2.29
"hood|backstop=None,clearance_mm=0.3,funnel=True,gate=True,plate=0.01,retreat=0,rough_mm=0.03|v10|stop",battery_cr2032,mat,5.0,3,0,0,0,3,0,0,0,3,0,0,,
"hood|backstop=None,clearance_mm=0.3,funnel=True,gate=True,plate=0.01,retreat=0,rough_mm=0.03|v10|stop",battery_cr2032,mat,10.0,3,0,0,0,3,0,0,0,3,0,0,,
"hood|backstop=None,clearance_mm=0.3,funnel=True,gate=True,plate=0.01,retreat=0,rough_mm=0.03|v10|stop",bead,flooring,0.0,3,0,0,0,3,0,0,0,3,0,0,,
"hood|backstop=None,clearance_mm=0.3,funnel=True,gate=True,plate=0.01,retreat=0,rough_mm=0.03|v10|stop",bead,flooring,5.0,3,0,0,0,3,0,0,0,3,0,0,,
"hood|backstop=None,clearance_mm=0.3,funnel=True,gate=True,plate=0.01,retreat=0,rough_mm=0.03|v10|stop",bead,flooring,10.0,3,0,0,0,3,0,0,0,3,0,0,,
"hood|backstop=None,clearance_mm=0.3,funnel=True,gate=True,plate=0.01,retreat=0,rough_mm=0.03|v10|stop",bead,mat,0.0,3,0,0,0,3,0,0,0,3,0,0,,
"hood|backstop=None,clearance_mm=0.3,funnel=True,gate=True,plate=0.01,retreat=0,rough_mm=0.03|v10|stop",bead,mat,5.0,3,0,0,0,3,0,0,0,3,0,0,,
"hood|backstop=None,clearance_mm=0.3,funnel=True,gate=True,plate=0.01,retreat=0,rough_mm=0.03|v10|stop",bead,mat,10.0,3,0,0,0,3,0,0,0,3,0,0,,
"hood|backstop=None,clearance_mm=0.3,funnel=True,gate=True,plate=0.01,retreat=0,rough_mm=0.03|v10|stop",coin_1yen,flooring,0.0,3,0,0,0,2,1,0,1,3,0,1,,
"hood|backstop=None,clearance_mm=0.3,funnel=True,gate=True,plate=0.01,retreat=0,rough_mm=0.03|v10|stop",coin_1yen,flooring,5.0,3,0,0,0,3,0,0,0,3,0,0,,
"hood|backstop=None,clearance_mm=0.3,funnel=True,gate=True,plate=0.01,retreat=0,rough_mm=0.03|v10|stop",coin_1yen,flooring,10.0,3,0,0,0,3,0,0,0,3,0,0,,
"hood|backstop=None,clearance_mm=0.3,funnel=True,gate=True,plate=0.01,retreat=0,rough_mm=0.03|v10|stop",coin_1yen,mat,0.0,3,0,0,0,3,0,0,0,3,0,0,,
"hood|backstop=None,clearance_mm=0.3,funnel=True,gate=True,plate=0.01,retreat=0,rough_mm=0.03|v10|stop",coin_1yen,mat,5.0,3,0,0,0,3,0,0,0,3,0,0,,
"hood|backstop=None,clearance_mm=0.3,funnel=True,gate=True,plate=0.01,retreat=0,rough_mm=0.03|v10|stop",coin_1yen,mat,10.0,3,0,0,0,3,0,0,0,3,0,0,,
"hood|backstop=None,clearance_mm=0.3,funnel=True,gate=True,plate=0.01,retreat=0,rough_mm=0.03|v10|stop",crumb_cube,flooring,0.0,3,0,0,0,3,0,0,0,3,0,0,,
"hood|backstop=None,clearance_mm=0.3,funnel=True,gate=True,plate=0.01,retreat=0,rough_mm=0.03|v10|stop",crumb_cube,flooring,5.0,3,0,0,0,3,0,0,0,3,0,0,,
"hood|backstop=None,clearance_mm=0.3,funnel=True,gate=True,plate=0.01,retreat=0,rough_mm=0.03|v10|stop",crumb_cube,flooring,10.0,3,0,0,0,3,0,0,0,3,0,0,,
"hood|backstop=None,clearance_mm=0.3,funnel=True,gate=True,plate=0.01,retreat=0,rough_mm=0.03|v10|stop",crumb_cube,mat,0.0,3,0,0,0,3,0,0,0,3,0,0,,
"hood|backstop=None,clearance_mm=0.3,funnel=True,gate=True,plate=0.01,retreat=0,rough_mm=0.03|v10|stop",crumb_cube,mat,5.0,3,0,0,0,3,0,0,0,3,0,0,,
"hood|backstop=None,clearance_mm=0.3,funnel=True,gate=True,plate=0.01,retreat=0,rough_mm=0.03|v10|stop",crumb_cube,mat,10.0,3,0,0,0,3,0,0,0,3,0,0,,
"hood|backstop=None,clearance_mm=0.3,funnel=True,gate=True,plate=0.01,retreat=0,rough_mm=0.05|v10|stop",battery_cr2032,flooring,0.0,3,0,0,0,2,1,0,0,2,0,0,,
"hood|backstop=None,clearance_mm=0.3,funnel=True,gate=True,plate=0.01,retreat=0,rough_mm=0.05|v10|stop",battery_cr2032,flooring,5.0,3,0,0,0,3,0,0,0,3,0,0,,
"hood|backstop=None,clearance_mm=0.3,funnel=True,gate=True,plate=0.01,retreat=0,rough_mm=0.05|v10|stop",battery_cr2032,flooring,10.0,3,0,0,0,3,0,0,0,3,0,0,,
"hood|backstop=None,clearance_mm=0.3,funnel=True,gate=True,plate=0.01,retreat=0,rough_mm=0.05|v10|stop",battery_cr2032,mat,0.0,3,0,0,0,2,0,1,1,3,0,1,11.89,2.88
"hood|backstop=None,clearance_mm=0.3,funnel=True,gate=True,plate=0.01,retreat=0,rough_mm=0.05|v10|stop",battery_cr2032,mat,5.0,3,0,0,0,3,0,0,0,3,0,0,,
"hood|backstop=None,clearance_mm=0.3,funnel=True,gate=True,plate=0.01,retreat=0,rough_mm=0.05|v10|stop",battery_cr2032,mat,10.0,3,0,0,0,2,1,0,0,3,0,0,,
"hood|backstop=None,clearance_mm=0.3,funnel=True,gate=True,plate=0.01,retreat=0,rough_mm=0.05|v10|stop",bead,flooring,0.0,3,0,0,0,3,0,0,0,3,0,0,,
"hood|backstop=None,clearance_mm=0.3,funnel=True,gate=True,plate=0.01,retreat=0,rough_mm=0.05|v10|stop",bead,flooring,5.0,3,0,0,0,3,0,0,0,3,0,0,,
"hood|backstop=None,clearance_mm=0.3,funnel=True,gate=True,plate=0.01,retreat=0,rough_mm=0.05|v10|stop",bead,flooring,10.0,3,0,0,0,3,0,0,0,3,0,0,,
"hood|backstop=None,clearance_mm=0.3,funnel=True,gate=True,plate=0.01,retreat=0,rough_mm=0.05|v10|stop",bead,mat,0.0,3,0,0,0,3,0,0,0,3,0,0,,
"hood|backstop=None,clearance_mm=0.3,funnel=True,gate=True,plate=0.01,retreat=0,rough_mm=0.05|v10|stop",bead,mat,5.0,3,0,0,0,3,0,0,0,3,0,0,,
"hood|backstop=None,clearance_mm=0.3,funnel=True,gate=True,plate=0.01,retreat=0,rough_mm=0.05|v10|stop",bead,mat,10.0,3,0,0,0,3,0,0,0,3,0,0,,
"hood|backstop=None,clearance_mm=0.3,funnel=True,gate=True,plate=0.01,retreat=0,rough_mm=0.05|v10|stop",coin_1yen,flooring,0.0,3,0,0,0,3,0,0,0,3,0,0,,
"hood|backstop=None,clearance_mm=0.3,funnel=True,gate=True,plate=0.01,retreat=0,rough_mm=0.05|v10|stop",coin_1yen,flooring,5.0,3,0,0,0,3,0,0,0,3,0,0,,
"hood|backstop=None,clearance_mm=0.3,funnel=True,gate=True,plate=0.01,retreat=0,rough_mm=0.05|v10|stop",coin_1yen,flooring,10.0,3,0,0,0,2,1,0,0,2,0,0,,
"hood|backstop=None,clearance_mm=0.3,funnel=True,gate=True,plate=0.01,retreat=0,rough_mm=0.05|v10|stop",coin_1yen,mat,0.0,3,0,0,0,3,0,0,0,3,0,0,,
"hood|backstop=None,clearance_mm=0.3,funnel=True,gate=True,plate=0.01,retreat=0,rough_mm=0.05|v10|stop",coin_1yen,mat,5.0,3,0,0,0,3,0,0,0,3,0,0,,
"hood|backstop=None,clearance_mm=0.3,funnel=True,gate=True,plate=0.01,retreat=0,rough_mm=0.05|v10|stop",coin_1yen,mat,10.0,3,0,0,0,2,1,0,1,3,0,1,,
"hood|backstop=None,clearance_mm=0.3,funnel=True,gate=True,plate=0.01,retreat=0,rough_mm=0.05|v10|stop",crumb_cube,flooring,0.0,3,0,0,0,3,0,0,0,3,0,0,,
"hood|backstop=None,clearance_mm=0.3,funnel=True,gate=True,plate=0.01,retreat=0,rough_mm=0.05|v10|stop",crumb_cube,flooring,5.0,3,0,0,0,3,0,0,0,3,0,0,,
"hood|backstop=None,clearance_mm=0.3,funnel=True,gate=True,plate=0.01,retreat=0,rough_mm=0.05|v10|stop",crumb_cube,flooring,10.0,3,0,0,0,3,0,0,0,3,0,0,,
"hood|backstop=None,clearance_mm=0.3,funnel=True,gate=True,plate=0.01,retreat=0,rough_mm=0.05|v10|stop",crumb_cube,mat,0.0,3,0,0,0,3,0,0,0,3,0,0,,
"hood|backstop=None,clearance_mm=0.3,funnel=True,gate=True,plate=0.01,retreat=0,rough_mm=0.05|v10|stop",crumb_cube,mat,5.0,3,0,0,0,3,0,0,0,3,0,0,,
"hood|backstop=None,clearance_mm=0.3,funnel=True,gate=True,plate=0.01,retreat=0,rough_mm=0.05|v10|stop",crumb_cube,mat,10.0,3,0,0,0,3,0,0,0,3,0,0,,
"hood|backstop=None,clearance_mm=0.3,funnel=True,gate=True,plate=0.01,retreat=0,rough_mm=0.1|v10|stop",battery_cr2032,flooring,0.0,3,0,0,0,3,0,0,0,2,0,0,,
"hood|backstop=None,clearance_mm=0.3,funnel=True,gate=True,plate=0.01,retreat=0,rough_mm=0.1|v10|stop",battery_cr2032,flooring,5.0,3,0,0,0,3,0,0,0,3,0,0,,
"hood|backstop=None,clearance_mm=0.3,funnel=True,gate=True,plate=0.01,retreat=0,rough_mm=0.1|v10|stop",battery_cr2032,flooring,10.0,3,0,0,0,3,0,0,0,3,0,0,,
"hood|backstop=None,clearance_mm=0.3,funnel=True,gate=True,plate=0.01,retreat=0,rough_mm=0.1|v10|stop",battery_cr2032,mat,0.0,3,0,0,0,2,1,0,1,3,0,1,,
"hood|backstop=None,clearance_mm=0.3,funnel=True,gate=True,plate=0.01,retreat=0,rough_mm=0.1|v10|stop",battery_cr2032,mat,5.0,3,0,0,0,3,0,0,0,3,0,0,,
"hood|backstop=None,clearance_mm=0.3,funnel=True,gate=True,plate=0.01,retreat=0,rough_mm=0.1|v10|stop",battery_cr2032,mat,10.0,3,0,0,0,3,0,0,0,3,0,0,,
"hood|backstop=None,clearance_mm=0.3,funnel=True,gate=True,plate=0.01,retreat=0,rough_mm=0.1|v10|stop",bead,flooring,0.0,3,0,0,0,3,0,0,0,3,0,0,,
"hood|backstop=None,clearance_mm=0.3,funnel=True,gate=True,plate=0.01,retreat=0,rough_mm=0.1|v10|stop",bead,flooring,5.0,3,0,0,0,3,0,0,0,3,0,0,,
"hood|backstop=None,clearance_mm=0.3,funnel=True,gate=True,plate=0.01,retreat=0,rough_mm=0.1|v10|stop",bead,flooring,10.0,3,0,0,0,3,0,0,0,3,0,0,,
"hood|backstop=None,clearance_mm=0.3,funnel=True,gate=True,plate=0.01,retreat=0,rough_mm=0.1|v10|stop",bead,mat,0.0,3,0,0,0,3,0,0,0,3,0,0,,
"hood|backstop=None,clearance_mm=0.3,funnel=True,gate=True,plate=0.01,retreat=0,rough_mm=0.1|v10|stop",bead,mat,5.0,3,0,0,0,3,0,0,0,3,0,0,,
"hood|backstop=None,clearance_mm=0.3,funnel=True,gate=True,plate=0.01,retreat=0,rough_mm=0.1|v10|stop",bead,mat,10.0,3,0,0,0,3,0,0,0,3,0,0,,
"hood|backstop=None,clearance_mm=0.3,funnel=True,gate=True,plate=0.01,retreat=0,rough_mm=0.1|v10|stop",coin_1yen,flooring,0.0,3,0,0,0,3,0,0,0,3,0,0,,
"hood|backstop=None,clearance_mm=0.3,funnel=True,gate=True,plate=0.01,retreat=0,rough_mm=0.1|v10|stop",coin_1yen,flooring,5.0,3,0,0,0,1,2,0,0,1,0,0,,
"hood|backstop=None,clearance_mm=0.3,funnel=True,gate=True,plate=0.01,retreat=0,rough_mm=0.1|v10|stop",coin_1yen,flooring,10.0,3,0,0,0,3,0,0,0,3,0,0,,
"hood|backstop=None,clearance_mm=0.3,funnel=True,gate=True,plate=0.01,retreat=0,rough_mm=0.1|v10|stop",coin_1yen,mat,0.0,3,0,0,0,3,0,0,0,3,0,0,,
"hood|backstop=None,clearance_mm=0.3,funnel=True,gate=True,plate=0.01,retreat=0,rough_mm=0.1|v10|stop",coin_1yen,mat,5.0,3,0,0,0,1,2,0,2,3,0,2,,
"hood|backstop=None,clearance_mm=0.3,funnel=True,gate=True,plate=0.01,retreat=0,rough_mm=0.1|v10|stop",coin_1yen,mat,10.0,3,0,0,0,3,0,0,0,3,0,0,,
"hood|backstop=None,clearance_mm=0.3,funnel=True,gate=True,plate=0.01,retreat=0,rough_mm=0.1|v10|stop",crumb_cube,flooring,0.0,3,0,0,0,3,0,0,0,3,0,0,,
"hood|backstop=None,clearance_mm=0.3,funnel=True,gate=True,plate=0.01,retreat=0,rough_mm=0.1|v10|stop",crumb_cube,flooring,5.0,3,0,0,0,3,0,0,0,3,0,0,,
"hood|backstop=None,clearance_mm=0.3,funnel=True,gate=True,plate=0.01,retreat=0,rough_mm=0.1|v10|stop",crumb_cube,flooring,10.0,3,0,0,0,3,0,0,0,3,0,0,,
"hood|backstop=None,clearance_mm=0.3,funnel=True,gate=True,plate=0.01,retreat=0,rough_mm=0.1|v10|stop",crumb_cube,mat,0.0,3,0,0,0,3,0,0,0,3,0,0,,
"hood|backstop=None,clearance_mm=0.3,funnel=True,gate=True,plate=0.01,retreat=0,rough_mm=0.1|v10|stop",crumb_cube,mat,5.0,3,0,0,0,3,0,0,0,3,0,0,,
"hood|backstop=None,clearance_mm=0.3,funnel=True,gate=True,plate=0.01,retreat=0,rough_mm=0.1|v10|stop",crumb_cube,mat,10.0,3,0,0,0,3,0,0,0,3,0,0,,
"hood|backstop=None,clearance_mm=0.3,funnel=True,gate=True,plate=0.01,retreat=0|v10|stop",battery_cr2032,flooring,0.0,3,0,0,0,3,0,0,0,3,0,0,,
"hood|backstop=None,clearance_mm=0.3,funnel=True,gate=True,plate=0.01,retreat=0|v10|stop",battery_cr2032,flooring,5.0,3,0,0,0,3,0,0,0,3,0,0,,
"hood|backstop=None,clearance_mm=0.3,funnel=True,gate=True,plate=0.01,retreat=0|v10|stop",battery_cr2032,flooring,10.0,3,0,0,0,3,0,0,0,3,0,0,,
"hood|backstop=None,clearance_mm=0.3,funnel=True,gate=True,plate=0.01,retreat=0|v10|stop",battery_cr2032,mat,0.0,3,0,0,0,3,0,0,0,3,0,0,,
"hood|backstop=None,clearance_mm=0.3,funnel=True,gate=True,plate=0.01,retreat=0|v10|stop",battery_cr2032,mat,5.0,3,0,0,0,3,0,0,0,3,0,0,,
"hood|backstop=None,clearance_mm=0.3,funnel=True,gate=True,plate=0.01,retreat=0|v10|stop",battery_cr2032,mat,10.0,3,0,0,0,3,0,0,0,3,0,0,,
"hood|backstop=None,clearance_mm=0.3,funnel=True,gate=True,plate=0.01,retreat=0|v10|stop",bead,flooring,0.0,3,0,0,0,3,0,0,0,3,0,0,,
"hood|backstop=None,clearance_mm=0.3,funnel=True,gate=True,plate=0.01,retreat=0|v10|stop",bead,flooring,5.0,3,0,0,0,3,0,0,0,3,0,0,,
"hood|backstop=None,clearance_mm=0.3,funnel=True,gate=True,plate=0.01,retreat=0|v10|stop",bead,flooring,10.0,3,0,0,0,3,0,0,0,3,0,0,,
"hood|backstop=None,clearance_mm=0.3,funnel=True,gate=True,plate=0.01,retreat=0|v10|stop",bead,mat,0.0,3,0,0,0,3,0,0,0,3,0,0,,
"hood|backstop=None,clearance_mm=0.3,funnel=True,gate=True,plate=0.01,retreat=0|v10|stop",bead,mat,5.0,3,0,0,0,3,0,0,0,3,0,0,,
"hood|backstop=None,clearance_mm=0.3,funnel=True,gate=True,plate=0.01,retreat=0|v10|stop",bead,mat,10.0,3,0,0,0,3,0,0,0,3,0,0,,
"hood|backstop=None,clearance_mm=0.3,funnel=True,gate=True,plate=0.01,retreat=0|v10|stop",coin_1yen,flooring,0.0,3,0,0,0,3,0,0,0,3,0,0,,
"hood|backstop=None,clearance_mm=0.3,funnel=True,gate=True,plate=0.01,retreat=0|v10|stop",coin_1yen,flooring,5.0,3,0,0,0,3,0,0,0,3,0,0,,
"hood|backstop=None,clearance_mm=0.3,funnel=True,gate=True,plate=0.01,retreat=0|v10|stop",coin_1yen,flooring,10.0,3,0,0,0,3,0,0,0,3,0,0,,
"hood|backstop=None,clearance_mm=0.3,funnel=True,gate=True,plate=0.01,retreat=0|v10|stop",coin_1yen,mat,0.0,3,0,0,0,3,0,0,0,3,0,0,,
"hood|backstop=None,clearance_mm=0.3,funnel=True,gate=True,plate=0.01,retreat=0|v10|stop",coin_1yen,mat,5.0,3,0,0,0,3,0,0,0,3,0,0,,
"hood|backstop=None,clearance_mm=0.3,funnel=True,gate=True,plate=0.01,retreat=0|v10|stop",coin_1yen,mat,10.0,3,0,0,0,3,0,0,0,3,0,0,,
"hood|backstop=None,clearance_mm=0.3,funnel=True,gate=True,plate=0.01,retreat=0|v10|stop",crumb_cube,flooring,0.0,3,0,0,0,3,0,0,0,3,0,0,,
"hood|backstop=None,clearance_mm=0.3,funnel=True,gate=True,plate=0.01,retreat=0|v10|stop",crumb_cube,flooring,5.0,3,0,0,0,3,0,0,0,3,0,0,,
"hood|backstop=None,clearance_mm=0.3,funnel=True,gate=True,plate=0.01,retreat=0|v10|stop",crumb_cube,flooring,10.0,3,0,0,0,3,0,0,0,3,0,0,,
"hood|backstop=None,clearance_mm=0.3,funnel=True,gate=True,plate=0.01,retreat=0|v10|stop",crumb_cube,mat,0.0,3,0,0,0,3,0,0,0,3,0,0,,
"hood|backstop=None,clearance_mm=0.3,funnel=True,gate=True,plate=0.01,retreat=0|v10|stop",crumb_cube,mat,5.0,3,0,0,0,3,0,0,0,3,0,0,,
"hood|backstop=None,clearance_mm=0.3,funnel=True,gate=True,plate=0.01,retreat=0|v10|stop",crumb_cube,mat,10.0,3,0,0,0,3,0,0,0,3,0,0,,
"hood|backstop=None,clearance_mm=0.3,funnel=True,gate=True,plate=0.02,retreat=0,rough_mm=0.03|v10|stop",battery_cr2032,flooring,0.0,3,0,0,0,2,1,0,1,3,0,1,,
"hood|backstop=None,clearance_mm=0.3,funnel=True,gate=True,plate=0.02,retreat=0,rough_mm=0.03|v10|stop",battery_cr2032,flooring,5.0,3,0,0,0,3,0,0,0,3,0,0,,
"hood|backstop=None,clearance_mm=0.3,funnel=True,gate=True,plate=0.02,retreat=0,rough_mm=0.03|v10|stop",battery_cr2032,flooring,10.0,3,0,0,0,3,0,0,0,3,0,0,,
"hood|backstop=None,clearance_mm=0.3,funnel=True,gate=True,plate=0.02,retreat=0,rough_mm=0.03|v10|stop",battery_cr2032,mat,0.0,3,0,0,0,3,0,0,0,3,0,0,,
"hood|backstop=None,clearance_mm=0.3,funnel=True,gate=True,plate=0.02,retreat=0,rough_mm=0.03|v10|stop",battery_cr2032,mat,5.0,3,0,0,0,3,0,0,0,3,0,0,,
"hood|backstop=None,clearance_mm=0.3,funnel=True,gate=True,plate=0.02,retreat=0,rough_mm=0.03|v10|stop",battery_cr2032,mat,10.0,3,0,0,0,3,0,0,0,3,0,0,,
"hood|backstop=None,clearance_mm=0.3,funnel=True,gate=True,plate=0.02,retreat=0,rough_mm=0.03|v10|stop",bead,flooring,0.0,3,0,0,0,3,0,0,0,3,0,0,,
"hood|backstop=None,clearance_mm=0.3,funnel=True,gate=True,plate=0.02,retreat=0,rough_mm=0.03|v10|stop",bead,flooring,5.0,3,0,0,0,3,0,0,0,3,0,0,,
"hood|backstop=None,clearance_mm=0.3,funnel=True,gate=True,plate=0.02,retreat=0,rough_mm=0.03|v10|stop",bead,flooring,10.0,3,0,0,0,3,0,0,0,3,0,0,,
"hood|backstop=None,clearance_mm=0.3,funnel=True,gate=True,plate=0.02,retreat=0,rough_mm=0.03|v10|stop",bead,mat,0.0,3,0,0,0,3,0,0,0,3,0,0,,
"hood|backstop=None,clearance_mm=0.3,funnel=True,gate=True,plate=0.02,retreat=0,rough_mm=0.03|v10|stop",bead,mat,5.0,3,0,0,0,3,0,0,0,3,0,0,,
"hood|backstop=None,clearance_mm=0.3,funnel=True,gate=True,plate=0.02,retreat=0,rough_mm=0.03|v10|stop",bead,mat,10.0,3,0,0,0,3,0,0,0,3,0,0,,
"hood|backstop=None,clearance_mm=0.3,funnel=True,gate=True,plate=0.02,retreat=0,rough_mm=0.03|v10|stop",coin_1yen,flooring,0.0,3,0,0,0,3,0,0,0,3,0,0,,
"hood|backstop=None,clearance_mm=0.3,funnel=True,gate=True,plate=0.02,retreat=0,rough_mm=0.03|v10|stop",coin_1yen,flooring,5.0,3,0,0,0,3,0,0,0,3,0,0,,
"hood|backstop=None,clearance_mm=0.3,funnel=True,gate=True,plate=0.02,retreat=0,rough_mm=0.03|v10|stop",coin_1yen,flooring,10.0,3,0,0,0,3,0,0,0,3,0,0,,
"hood|backstop=None,clearance_mm=0.3,funnel=True,gate=True,plate=0.02,retreat=0,rough_mm=0.03|v10|stop",coin_1yen,mat,0.0,3,0,0,0,3,0,0,0,3,0,0,,
"hood|backstop=None,clearance_mm=0.3,funnel=True,gate=True,plate=0.02,retreat=0,rough_mm=0.03|v10|stop",coin_1yen,mat,5.0,3,0,0,0,2,1,0,1,3,0,1,,
"hood|backstop=None,clearance_mm=0.3,funnel=True,gate=True,plate=0.02,retreat=0,rough_mm=0.03|v10|stop",coin_1yen,mat,10.0,3,0,0,0,3,0,0,0,3,0,0,,
"hood|backstop=None,clearance_mm=0.3,funnel=True,gate=True,plate=0.02,retreat=0,rough_mm=0.03|v10|stop",crumb_cube,flooring,0.0,3,0,0,0,3,0,0,0,3,0,0,,
"hood|backstop=None,clearance_mm=0.3,funnel=True,gate=True,plate=0.02,retreat=0,rough_mm=0.03|v10|stop",crumb_cube,flooring,5.0,3,0,0,0,3,0,0,0,3,0,0,,
"hood|backstop=None,clearance_mm=0.3,funnel=True,gate=True,plate=0.02,retreat=0,rough_mm=0.03|v10|stop",crumb_cube,flooring,10.0,3,0,0,0,3,0,0,0,3,0,0,,
"hood|backstop=None,clearance_mm=0.3,funnel=True,gate=True,plate=0.02,retreat=0,rough_mm=0.03|v10|stop",crumb_cube,mat,0.0,3,0,0,0,3,0,0,0,3,0,0,,
"hood|backstop=None,clearance_mm=0.3,funnel=True,gate=True,plate=0.02,retreat=0,rough_mm=0.03|v10|stop",crumb_cube,mat,5.0,3,0,0,0,3,0,0,0,3,0,0,,
"hood|backstop=None,clearance_mm=0.3,funnel=True,gate=True,plate=0.02,retreat=0,rough_mm=0.03|v10|stop",crumb_cube,mat,10.0,3,0,0,0,3,0,0,0,3,0,0,,
"hood|backstop=None,clearance_mm=0.3,funnel=True,gate=True,plate=0.02,retreat=0,rough_mm=0.05|v10|stop",battery_cr2032,flooring,0.0,3,0,0,0,1,2,0,1,2,0,1,,
"hood|backstop=None,clearance_mm=0.3,funnel=True,gate=True,plate=0.02,retreat=0,rough_mm=0.05|v10|stop",battery_cr2032,flooring,5.0,3,0,0,0,3,0,0,0,3,0,0,,
"hood|backstop=None,clearance_mm=0.3,funnel=True,gate=True,plate=0.02,retreat=0,rough_mm=0.05|v10|stop",battery_cr2032,flooring,10.0,3,0,0,0,3,0,0,0,3,0,0,,
"hood|backstop=None,clearance_mm=0.3,funnel=True,gate=True,plate=0.02,retreat=0,rough_mm=0.05|v10|stop",battery_cr2032,mat,0.0,3,0,0,0,3,0,0,0,3,0,0,,
"hood|backstop=None,clearance_mm=0.3,funnel=True,gate=True,plate=0.02,retreat=0,rough_mm=0.05|v10|stop",battery_cr2032,mat,5.0,3,0,0,0,3,0,0,0,3,0,0,,
"hood|backstop=None,clearance_mm=0.3,funnel=True,gate=True,plate=0.02,retreat=0,rough_mm=0.05|v10|stop",battery_cr2032,mat,10.0,3,0,0,0,2,1,0,0,3,0,0,,
"hood|backstop=None,clearance_mm=0.3,funnel=True,gate=True,plate=0.02,retreat=0,rough_mm=0.05|v10|stop",bead,flooring,0.0,3,0,0,0,3,0,0,0,3,0,0,,
"hood|backstop=None,clearance_mm=0.3,funnel=True,gate=True,plate=0.02,retreat=0,rough_mm=0.05|v10|stop",bead,flooring,5.0,3,0,0,0,3,0,0,0,3,0,0,,
"hood|backstop=None,clearance_mm=0.3,funnel=True,gate=True,plate=0.02,retreat=0,rough_mm=0.05|v10|stop",bead,flooring,10.0,3,0,0,0,3,0,0,0,3,0,0,,
"hood|backstop=None,clearance_mm=0.3,funnel=True,gate=True,plate=0.02,retreat=0,rough_mm=0.05|v10|stop",bead,mat,0.0,3,0,0,0,3,0,0,0,3,0,0,,
"hood|backstop=None,clearance_mm=0.3,funnel=True,gate=True,plate=0.02,retreat=0,rough_mm=0.05|v10|stop",bead,mat,5.0,3,0,0,0,3,0,0,0,3,0,0,,
"hood|backstop=None,clearance_mm=0.3,funnel=True,gate=True,plate=0.02,retreat=0,rough_mm=0.05|v10|stop",bead,mat,10.0,3,0,0,0,3,0,0,0,3,0,0,,
"hood|backstop=None,clearance_mm=0.3,funnel=True,gate=True,plate=0.02,retreat=0,rough_mm=0.05|v10|stop",coin_1yen,flooring,0.0,3,0,0,0,3,0,0,0,3,0,0,,
"hood|backstop=None,clearance_mm=0.3,funnel=True,gate=True,plate=0.02,retreat=0,rough_mm=0.05|v10|stop",coin_1yen,flooring,5.0,3,0,0,0,3,0,0,0,3,0,0,,
"hood|backstop=None,clearance_mm=0.3,funnel=True,gate=True,plate=0.02,retreat=0,rough_mm=0.05|v10|stop",coin_1yen,flooring,10.0,3,0,0,0,2,1,0,0,2,0,0,,
"hood|backstop=None,clearance_mm=0.3,funnel=True,gate=True,plate=0.02,retreat=0,rough_mm=0.05|v10|stop",coin_1yen,mat,0.0,3,0,2,0,1,0,0,2,3,0,2,11.16,1.69
"hood|backstop=None,clearance_mm=0.3,funnel=True,gate=True,plate=0.02,retreat=0,rough_mm=0.05|v10|stop",coin_1yen,mat,5.0,3,0,0,0,3,0,0,0,3,0,0,,
"hood|backstop=None,clearance_mm=0.3,funnel=True,gate=True,plate=0.02,retreat=0,rough_mm=0.05|v10|stop",coin_1yen,mat,10.0,3,0,0,0,2,1,0,0,3,0,0,,
"hood|backstop=None,clearance_mm=0.3,funnel=True,gate=True,plate=0.02,retreat=0,rough_mm=0.05|v10|stop",crumb_cube,flooring,0.0,3,0,0,0,3,0,0,0,3,0,0,,
"hood|backstop=None,clearance_mm=0.3,funnel=True,gate=True,plate=0.02,retreat=0,rough_mm=0.05|v10|stop",crumb_cube,flooring,5.0,3,0,0,0,3,0,0,0,3,0,0,,
"hood|backstop=None,clearance_mm=0.3,funnel=True,gate=True,plate=0.02,retreat=0,rough_mm=0.05|v10|stop",crumb_cube,flooring,10.0,3,0,0,0,3,0,0,0,3,0,0,,
"hood|backstop=None,clearance_mm=0.3,funnel=True,gate=True,plate=0.02,retreat=0,rough_mm=0.05|v10|stop",crumb_cube,mat,0.0,3,0,0,0,3,0,0,0,3,0,0,,
"hood|backstop=None,clearance_mm=0.3,funnel=True,gate=True,plate=0.02,retreat=0,rough_mm=0.05|v10|stop",crumb_cube,mat,5.0,3,0,0,0,3,0,0,0,3,0,0,,
"hood|backstop=None,clearance_mm=0.3,funnel=True,gate=True,plate=0.02,retreat=0,rough_mm=0.05|v10|stop",crumb_cube,mat,10.0,3,0,0,0,3,0,0,0,3,0,0,,
"hood|backstop=None,clearance_mm=0.3,funnel=True,gate=True,plate=0.02,retreat=0,rough_mm=0.1|v10|stop",battery_cr2032,flooring,0.0,3,0,0,0,3,0,0,0,2,0,0,,
"hood|backstop=None,clearance_mm=0.3,funnel=True,gate=True,plate=0.02,retreat=0,rough_mm=0.1|v10|stop",battery_cr2032,flooring,5.0,3,0,0,0,3,0,0,0,3,0,0,,
"hood|backstop=None,clearance_mm=0.3,funnel=True,gate=True,plate=0.02,retreat=0,rough_mm=0.1|v10|stop",battery_cr2032,flooring,10.0,3,0,0,0,3,0,0,0,3,0,0,,
"hood|backstop=None,clearance_mm=0.3,funnel=True,gate=True,plate=0.02,retreat=0,rough_mm=0.1|v10|stop",battery_cr2032,mat,0.0,3,0,0,0,3,0,0,0,3,0,0,,
"hood|backstop=None,clearance_mm=0.3,funnel=True,gate=True,plate=0.02,retreat=0,rough_mm=0.1|v10|stop",battery_cr2032,mat,5.0,3,0,0,0,3,0,0,0,3,0,0,,
"hood|backstop=None,clearance_mm=0.3,funnel=True,gate=True,plate=0.02,retreat=0,rough_mm=0.1|v10|stop",battery_cr2032,mat,10.0,3,0,0,0,3,0,0,0,3,0,0,,
"hood|backstop=None,clearance_mm=0.3,funnel=True,gate=True,plate=0.02,retreat=0,rough_mm=0.1|v10|stop",bead,flooring,0.0,3,0,0,0,3,0,0,0,3,0,0,,
"hood|backstop=None,clearance_mm=0.3,funnel=True,gate=True,plate=0.02,retreat=0,rough_mm=0.1|v10|stop",bead,flooring,5.0,3,0,0,0,3,0,0,0,3,0,0,,
"hood|backstop=None,clearance_mm=0.3,funnel=True,gate=True,plate=0.02,retreat=0,rough_mm=0.1|v10|stop",bead,flooring,10.0,3,0,0,0,3,0,0,0,3,0,0,,
"hood|backstop=None,clearance_mm=0.3,funnel=True,gate=True,plate=0.02,retreat=0,rough_mm=0.1|v10|stop",bead,mat,0.0,3,0,0,0,3,0,0,0,3,0,0,,
"hood|backstop=None,clearance_mm=0.3,funnel=True,gate=True,plate=0.02,retreat=0,rough_mm=0.1|v10|stop",bead,mat,5.0,3,0,0,0,3,0,0,0,3,0,0,,
"hood|backstop=None,clearance_mm=0.3,funnel=True,gate=True,plate=0.02,retreat=0,rough_mm=0.1|v10|stop",bead,mat,10.0,3,0,0,0,3,0,0,0,3,0,0,,
"hood|backstop=None,clearance_mm=0.3,funnel=True,gate=True,plate=0.02,retreat=0,rough_mm=0.1|v10|stop",coin_1yen,flooring,0.0,3,0,0,0,3,0,0,0,3,0,0,,
"hood|backstop=None,clearance_mm=0.3,funnel=True,gate=True,plate=0.02,retreat=0,rough_mm=0.1|v10|stop",coin_1yen,flooring,5.0,3,0,0,0,1,2,0,0,1,0,0,,
"hood|backstop=None,clearance_mm=0.3,funnel=True,gate=True,plate=0.02,retreat=0,rough_mm=0.1|v10|stop",coin_1yen,flooring,10.0,3,0,0,0,3,0,0,0,3,0,0,,
"hood|backstop=None,clearance_mm=0.3,funnel=True,gate=True,plate=0.02,retreat=0,rough_mm=0.1|v10|stop",coin_1yen,mat,0.0,3,0,0,0,3,0,0,0,3,0,0,,
"hood|backstop=None,clearance_mm=0.3,funnel=True,gate=True,plate=0.02,retreat=0,rough_mm=0.1|v10|stop",coin_1yen,mat,5.0,3,0,0,0,1,2,0,1,3,0,1,,
"hood|backstop=None,clearance_mm=0.3,funnel=True,gate=True,plate=0.02,retreat=0,rough_mm=0.1|v10|stop",coin_1yen,mat,10.0,3,0,0,0,3,0,0,0,3,0,0,,
"hood|backstop=None,clearance_mm=0.3,funnel=True,gate=True,plate=0.02,retreat=0,rough_mm=0.1|v10|stop",crumb_cube,flooring,0.0,3,0,0,0,3,0,0,0,3,0,0,,
"hood|backstop=None,clearance_mm=0.3,funnel=True,gate=True,plate=0.02,retreat=0,rough_mm=0.1|v10|stop",crumb_cube,flooring,5.0,3,0,0,0,3,0,0,0,3,0,0,,
"hood|backstop=None,clearance_mm=0.3,funnel=True,gate=True,plate=0.02,retreat=0,rough_mm=0.1|v10|stop",crumb_cube,flooring,10.0,3,0,0,0,3,0,0,0,3,0,0,,
"hood|backstop=None,clearance_mm=0.3,funnel=True,gate=True,plate=0.02,retreat=0,rough_mm=0.1|v10|stop",crumb_cube,mat,0.0,3,0,0,0,3,0,0,0,3,0,0,,
"hood|backstop=None,clearance_mm=0.3,funnel=True,gate=True,plate=0.02,retreat=0,rough_mm=0.1|v10|stop",crumb_cube,mat,5.0,3,0,0,0,3,0,0,0,3,0,0,,
"hood|backstop=None,clearance_mm=0.3,funnel=True,gate=True,plate=0.02,retreat=0,rough_mm=0.1|v10|stop",crumb_cube,mat,10.0,3,0,0,0,3,0,0,0,3,0,0,,
"hood|backstop=None,clearance_mm=0.3,funnel=True,gate=True,plate=0.02,retreat=0|v10|stop",battery_cr2032,flooring,0.0,3,0,0,0,3,0,0,0,3,0,0,,
"hood|backstop=None,clearance_mm=0.3,funnel=True,gate=True,plate=0.02,retreat=0|v10|stop",battery_cr2032,flooring,5.0,3,0,0,0,3,0,0,0,3,0,0,,
"hood|backstop=None,clearance_mm=0.3,funnel=True,gate=True,plate=0.02,retreat=0|v10|stop",battery_cr2032,flooring,10.0,3,0,0,0,3,0,0,0,3,0,0,,
"hood|backstop=None,clearance_mm=0.3,funnel=True,gate=True,plate=0.02,retreat=0|v10|stop",battery_cr2032,mat,0.0,3,0,0,0,3,0,0,0,3,0,0,,
"hood|backstop=None,clearance_mm=0.3,funnel=True,gate=True,plate=0.02,retreat=0|v10|stop",battery_cr2032,mat,5.0,3,0,0,0,3,0,0,0,3,0,0,,
"hood|backstop=None,clearance_mm=0.3,funnel=True,gate=True,plate=0.02,retreat=0|v10|stop",battery_cr2032,mat,10.0,3,0,0,0,3,0,0,0,3,0,0,,
"hood|backstop=None,clearance_mm=0.3,funnel=True,gate=True,plate=0.02,retreat=0|v10|stop",bead,flooring,0.0,3,0,0,0,3,0,0,0,3,0,0,,
"hood|backstop=None,clearance_mm=0.3,funnel=True,gate=True,plate=0.02,retreat=0|v10|stop",bead,flooring,5.0,3,0,0,0,3,0,0,0,3,0,0,,
"hood|backstop=None,clearance_mm=0.3,funnel=True,gate=True,plate=0.02,retreat=0|v10|stop",bead,flooring,10.0,3,0,0,0,3,0,0,0,3,0,0,,
"hood|backstop=None,clearance_mm=0.3,funnel=True,gate=True,plate=0.02,retreat=0|v10|stop",bead,mat,0.0,3,0,0,0,3,0,0,0,3,0,0,,
"hood|backstop=None,clearance_mm=0.3,funnel=True,gate=True,plate=0.02,retreat=0|v10|stop",bead,mat,5.0,3,0,0,0,3,0,0,0,3,0,0,,
"hood|backstop=None,clearance_mm=0.3,funnel=True,gate=True,plate=0.02,retreat=0|v10|stop",bead,mat,10.0,3,0,0,0,3,0,0,0,3,0,0,,
"hood|backstop=None,clearance_mm=0.3,funnel=True,gate=True,plate=0.02,retreat=0|v10|stop",coin_1yen,flooring,0.0,3,0,0,0,3,0,0,0,3,0,0,,
"hood|backstop=None,clearance_mm=0.3,funnel=True,gate=True,plate=0.02,retreat=0|v10|stop",coin_1yen,flooring,5.0,3,0,0,0,3,0,0,0,3,0,0,,
"hood|backstop=None,clearance_mm=0.3,funnel=True,gate=True,plate=0.02,retreat=0|v10|stop",coin_1yen,flooring,10.0,3,0,0,0,3,0,0,0,3,0,0,,
"hood|backstop=None,clearance_mm=0.3,funnel=True,gate=True,plate=0.02,retreat=0|v10|stop",coin_1yen,mat,0.0,3,0,0,0,3,0,0,0,3,0,0,,
"hood|backstop=None,clearance_mm=0.3,funnel=True,gate=True,plate=0.02,retreat=0|v10|stop",coin_1yen,mat,5.0,3,0,0,0,3,0,0,0,3,0,0,,
"hood|backstop=None,clearance_mm=0.3,funnel=True,gate=True,plate=0.02,retreat=0|v10|stop",coin_1yen,mat,10.0,3,0,0,0,3,0,0,0,3,0,0,,
"hood|backstop=None,clearance_mm=0.3,funnel=True,gate=True,plate=0.02,retreat=0|v10|stop",crumb_cube,flooring,0.0,3,0,0,0,3,0,0,0,3,0,0,,
"hood|backstop=None,clearance_mm=0.3,funnel=True,gate=True,plate=0.02,retreat=0|v10|stop",crumb_cube,flooring,5.0,3,0,0,0,3,0,0,0,3,0,0,,
"hood|backstop=None,clearance_mm=0.3,funnel=True,gate=True,plate=0.02,retreat=0|v10|stop",crumb_cube,flooring,10.0,3,0,0,0,3,0,0,0,3,0,0,,
"hood|backstop=None,clearance_mm=0.3,funnel=True,gate=True,plate=0.02,retreat=0|v10|stop",crumb_cube,mat,0.0,3,0,0,0,3,0,0,0,3,0,0,,
"hood|backstop=None,clearance_mm=0.3,funnel=True,gate=True,plate=0.02,retreat=0|v10|stop",crumb_cube,mat,5.0,3,0,0,0,3,0,0,0,3,0,0,,
"hood|backstop=None,clearance_mm=0.3,funnel=True,gate=True,plate=0.02,retreat=0|v10|stop",crumb_cube,mat,10.0,3,0,0,0,3,0,0,0,3,0,0,,
"hood|backstop=None,clearance_mm=0.3,funnel=True,gate=True,plate=0.03,retreat=0,rough_mm=0.03|v10|stop",battery_cr2032,flooring,0.0,3,0,2,0,1,0,0,2,3,0,2,11.62,1.44
"hood|backstop=None,clearance_mm=0.3,funnel=True,gate=True,plate=0.03,retreat=0,rough_mm=0.03|v10|stop",battery_cr2032,flooring,5.0,3,0,0,0,3,0,0,0,3,0,0,,
"hood|backstop=None,clearance_mm=0.3,funnel=True,gate=True,plate=0.03,retreat=0,rough_mm=0.03|v10|stop",battery_cr2032,flooring,10.0,3,0,0,0,3,0,0,0,3,0,0,,
"hood|backstop=None,clearance_mm=0.3,funnel=True,gate=True,plate=0.03,retreat=0,rough_mm=0.03|v10|stop",battery_cr2032,mat,0.0,3,0,0,0,2,0,1,1,3,0,1,12.15,0.73
"hood|backstop=None,clearance_mm=0.3,funnel=True,gate=True,plate=0.03,retreat=0,rough_mm=0.03|v10|stop",battery_cr2032,mat,5.0,3,0,0,0,3,0,0,0,3,0,0,,
"hood|backstop=None,clearance_mm=0.3,funnel=True,gate=True,plate=0.03,retreat=0,rough_mm=0.03|v10|stop",battery_cr2032,mat,10.0,3,0,0,0,3,0,0,0,3,0,0,,
"hood|backstop=None,clearance_mm=0.3,funnel=True,gate=True,plate=0.03,retreat=0,rough_mm=0.03|v10|stop",bead,flooring,0.0,3,0,0,0,3,0,0,0,3,0,0,,
"hood|backstop=None,clearance_mm=0.3,funnel=True,gate=True,plate=0.03,retreat=0,rough_mm=0.03|v10|stop",bead,flooring,5.0,3,0,0,0,3,0,0,0,3,0,0,,
"hood|backstop=None,clearance_mm=0.3,funnel=True,gate=True,plate=0.03,retreat=0,rough_mm=0.03|v10|stop",bead,flooring,10.0,3,0,0,0,3,0,0,0,3,0,0,,
"hood|backstop=None,clearance_mm=0.3,funnel=True,gate=True,plate=0.03,retreat=0,rough_mm=0.03|v10|stop",bead,mat,0.0,3,0,0,0,3,0,0,0,3,0,0,,
"hood|backstop=None,clearance_mm=0.3,funnel=True,gate=True,plate=0.03,retreat=0,rough_mm=0.03|v10|stop",bead,mat,5.0,3,0,0,0,3,0,0,0,3,0,0,,
"hood|backstop=None,clearance_mm=0.3,funnel=True,gate=True,plate=0.03,retreat=0,rough_mm=0.03|v10|stop",bead,mat,10.0,3,0,0,0,3,0,0,0,3,0,0,,
"hood|backstop=None,clearance_mm=0.3,funnel=True,gate=True,plate=0.03,retreat=0,rough_mm=0.03|v10|stop",coin_1yen,flooring,0.0,3,0,0,0,3,0,0,0,3,0,0,,
"hood|backstop=None,clearance_mm=0.3,funnel=True,gate=True,plate=0.03,retreat=0,rough_mm=0.03|v10|stop",coin_1yen,flooring,5.0,3,0,0,0,3,0,0,0,3,0,0,,
"hood|backstop=None,clearance_mm=0.3,funnel=True,gate=True,plate=0.03,retreat=0,rough_mm=0.03|v10|stop",coin_1yen,flooring,10.0,3,0,0,0,3,0,0,0,3,0,0,,
"hood|backstop=None,clearance_mm=0.3,funnel=True,gate=True,plate=0.03,retreat=0,rough_mm=0.03|v10|stop",coin_1yen,mat,0.0,3,0,0,0,3,0,0,0,3,0,0,,
"hood|backstop=None,clearance_mm=0.3,funnel=True,gate=True,plate=0.03,retreat=0,rough_mm=0.03|v10|stop",coin_1yen,mat,5.0,3,0,0,0,3,0,0,0,3,0,0,,
"hood|backstop=None,clearance_mm=0.3,funnel=True,gate=True,plate=0.03,retreat=0,rough_mm=0.03|v10|stop",coin_1yen,mat,10.0,3,0,0,0,3,0,0,0,3,0,0,,
"hood|backstop=None,clearance_mm=0.3,funnel=True,gate=True,plate=0.03,retreat=0,rough_mm=0.03|v10|stop",crumb_cube,flooring,0.0,3,0,0,0,3,0,0,0,3,0,0,,
"hood|backstop=None,clearance_mm=0.3,funnel=True,gate=True,plate=0.03,retreat=0,rough_mm=0.03|v10|stop",crumb_cube,flooring,5.0,3,0,0,0,3,0,0,0,3,0,0,,
"hood|backstop=None,clearance_mm=0.3,funnel=True,gate=True,plate=0.03,retreat=0,rough_mm=0.03|v10|stop",crumb_cube,flooring,10.0,3,0,0,0,3,0,0,0,3,0,0,,
"hood|backstop=None,clearance_mm=0.3,funnel=True,gate=True,plate=0.03,retreat=0,rough_mm=0.03|v10|stop",crumb_cube,mat,0.0,3,0,0,0,3,0,0,0,3,0,0,,
"hood|backstop=None,clearance_mm=0.3,funnel=True,gate=True,plate=0.03,retreat=0,rough_mm=0.03|v10|stop",crumb_cube,mat,5.0,3,0,0,0,3,0,0,0,3,0,0,,
"hood|backstop=None,clearance_mm=0.3,funnel=True,gate=True,plate=0.03,retreat=0,rough_mm=0.03|v10|stop",crumb_cube,mat,10.0,3,0,0,0,3,0,0,0,3,0,0,,
"hood|backstop=None,clearance_mm=0.3,funnel=True,gate=True,plate=0.03,retreat=0,rough_mm=0.05|v10|stop",battery_cr2032,flooring,0.0,3,0,0,0,2,1,0,0,2,0,0,,
"hood|backstop=None,clearance_mm=0.3,funnel=True,gate=True,plate=0.03,retreat=0,rough_mm=0.05|v10|stop",battery_cr2032,flooring,5.0,3,0,0,0,3,0,0,0,3,0,0,,
"hood|backstop=None,clearance_mm=0.3,funnel=True,gate=True,plate=0.03,retreat=0,rough_mm=0.05|v10|stop",battery_cr2032,flooring,10.0,3,0,0,0,3,0,0,0,3,0,0,,
"hood|backstop=None,clearance_mm=0.3,funnel=True,gate=True,plate=0.03,retreat=0,rough_mm=0.05|v10|stop",battery_cr2032,mat,0.0,3,0,0,0,2,1,0,1,3,0,1,,
"hood|backstop=None,clearance_mm=0.3,funnel=True,gate=True,plate=0.03,retreat=0,rough_mm=0.05|v10|stop",battery_cr2032,mat,5.0,3,0,0,0,3,0,0,0,3,0,0,,
"hood|backstop=None,clearance_mm=0.3,funnel=True,gate=True,plate=0.03,retreat=0,rough_mm=0.05|v10|stop",battery_cr2032,mat,10.0,3,0,0,0,3,0,0,0,3,0,0,,
"hood|backstop=None,clearance_mm=0.3,funnel=True,gate=True,plate=0.03,retreat=0,rough_mm=0.05|v10|stop",bead,flooring,0.0,3,0,0,0,3,0,0,0,3,0,0,,
"hood|backstop=None,clearance_mm=0.3,funnel=True,gate=True,plate=0.03,retreat=0,rough_mm=0.05|v10|stop",bead,flooring,5.0,3,0,0,0,3,0,0,0,3,0,0,,
"hood|backstop=None,clearance_mm=0.3,funnel=True,gate=True,plate=0.03,retreat=0,rough_mm=0.05|v10|stop",bead,flooring,10.0,3,0,0,0,3,0,0,0,3,0,0,,
"hood|backstop=None,clearance_mm=0.3,funnel=True,gate=True,plate=0.03,retreat=0,rough_mm=0.05|v10|stop",bead,mat,0.0,3,0,0,0,3,0,0,0,3,0,0,,
"hood|backstop=None,clearance_mm=0.3,funnel=True,gate=True,plate=0.03,retreat=0,rough_mm=0.05|v10|stop",bead,mat,5.0,3,0,0,0,3,0,0,0,3,0,0,,
"hood|backstop=None,clearance_mm=0.3,funnel=True,gate=True,plate=0.03,retreat=0,rough_mm=0.05|v10|stop",bead,mat,10.0,3,0,0,0,3,0,0,0,3,0,0,,
"hood|backstop=None,clearance_mm=0.3,funnel=True,gate=True,plate=0.03,retreat=0,rough_mm=0.05|v10|stop",coin_1yen,flooring,0.0,3,0,0,0,3,0,0,0,3,0,0,,
"hood|backstop=None,clearance_mm=0.3,funnel=True,gate=True,plate=0.03,retreat=0,rough_mm=0.05|v10|stop",coin_1yen,flooring,5.0,3,0,0,0,3,0,0,0,3,0,0,,
"hood|backstop=None,clearance_mm=0.3,funnel=True,gate=True,plate=0.03,retreat=0,rough_mm=0.05|v10|stop",coin_1yen,flooring,10.0,3,0,0,0,2,1,0,0,2,0,0,,
"hood|backstop=None,clearance_mm=0.3,funnel=True,gate=True,plate=0.03,retreat=0,rough_mm=0.05|v10|stop",coin_1yen,mat,0.0,3,0,0,0,3,0,0,0,3,0,0,,
"hood|backstop=None,clearance_mm=0.3,funnel=True,gate=True,plate=0.03,retreat=0,rough_mm=0.05|v10|stop",coin_1yen,mat,5.0,3,0,0,0,3,0,0,0,3,0,0,,
"hood|backstop=None,clearance_mm=0.3,funnel=True,gate=True,plate=0.03,retreat=0,rough_mm=0.05|v10|stop",coin_1yen,mat,10.0,3,0,0,0,2,1,0,0,3,0,0,,
"hood|backstop=None,clearance_mm=0.3,funnel=True,gate=True,plate=0.03,retreat=0,rough_mm=0.05|v10|stop",crumb_cube,flooring,0.0,3,0,0,0,3,0,0,0,3,0,0,,
"hood|backstop=None,clearance_mm=0.3,funnel=True,gate=True,plate=0.03,retreat=0,rough_mm=0.05|v10|stop",crumb_cube,flooring,5.0,3,0,0,0,3,0,0,0,3,0,0,,
"hood|backstop=None,clearance_mm=0.3,funnel=True,gate=True,plate=0.03,retreat=0,rough_mm=0.05|v10|stop",crumb_cube,flooring,10.0,3,0,0,0,3,0,0,0,3,0,0,,
"hood|backstop=None,clearance_mm=0.3,funnel=True,gate=True,plate=0.03,retreat=0,rough_mm=0.05|v10|stop",crumb_cube,mat,0.0,3,0,0,0,3,0,0,0,3,0,0,,
"hood|backstop=None,clearance_mm=0.3,funnel=True,gate=True,plate=0.03,retreat=0,rough_mm=0.05|v10|stop",crumb_cube,mat,5.0,3,0,0,0,3,0,0,0,3,0,0,,
"hood|backstop=None,clearance_mm=0.3,funnel=True,gate=True,plate=0.03,retreat=0,rough_mm=0.05|v10|stop",crumb_cube,mat,10.0,3,0,0,0,3,0,0,0,3,0,0,,
"hood|backstop=None,clearance_mm=0.3,funnel=True,gate=True,plate=0.03,retreat=0,rough_mm=0.1|v10|stop",battery_cr2032,flooring,0.0,3,0,0,0,3,0,0,0,2,0,0,,
"hood|backstop=None,clearance_mm=0.3,funnel=True,gate=True,plate=0.03,retreat=0,rough_mm=0.1|v10|stop",battery_cr2032,flooring,5.0,3,0,0,0,2,1,0,1,3,0,1,,
"hood|backstop=None,clearance_mm=0.3,funnel=True,gate=True,plate=0.03,retreat=0,rough_mm=0.1|v10|stop",battery_cr2032,flooring,10.0,3,0,0,0,3,0,0,0,3,0,0,,
"hood|backstop=None,clearance_mm=0.3,funnel=True,gate=True,plate=0.03,retreat=0,rough_mm=0.1|v10|stop",battery_cr2032,mat,0.0,3,0,0,0,3,0,0,0,3,0,0,,
"hood|backstop=None,clearance_mm=0.3,funnel=True,gate=True,plate=0.03,retreat=0,rough_mm=0.1|v10|stop",battery_cr2032,mat,5.0,3,0,0,0,3,0,0,0,3,0,0,,
"hood|backstop=None,clearance_mm=0.3,funnel=True,gate=True,plate=0.03,retreat=0,rough_mm=0.1|v10|stop",battery_cr2032,mat,10.0,3,0,0,0,3,0,0,0,3,0,0,,
"hood|backstop=None,clearance_mm=0.3,funnel=True,gate=True,plate=0.03,retreat=0,rough_mm=0.1|v10|stop",bead,flooring,0.0,3,0,0,0,3,0,0,0,3,0,0,,
"hood|backstop=None,clearance_mm=0.3,funnel=True,gate=True,plate=0.03,retreat=0,rough_mm=0.1|v10|stop",bead,flooring,5.0,3,0,0,0,3,0,0,0,3,0,0,,
"hood|backstop=None,clearance_mm=0.3,funnel=True,gate=True,plate=0.03,retreat=0,rough_mm=0.1|v10|stop",bead,flooring,10.0,3,0,0,0,3,0,0,0,3,0,0,,
"hood|backstop=None,clearance_mm=0.3,funnel=True,gate=True,plate=0.03,retreat=0,rough_mm=0.1|v10|stop",bead,mat,0.0,3,0,0,0,3,0,0,0,3,0,0,,
"hood|backstop=None,clearance_mm=0.3,funnel=True,gate=True,plate=0.03,retreat=0,rough_mm=0.1|v10|stop",bead,mat,5.0,3,0,0,0,3,0,0,0,3,0,0,,
"hood|backstop=None,clearance_mm=0.3,funnel=True,gate=True,plate=0.03,retreat=0,rough_mm=0.1|v10|stop",bead,mat,10.0,3,0,0,0,3,0,0,0,3,0,0,,
"hood|backstop=None,clearance_mm=0.3,funnel=True,gate=True,plate=0.03,retreat=0,rough_mm=0.1|v10|stop",coin_1yen,flooring,0.0,3,0,0,0,3,0,0,0,3,0,0,,
"hood|backstop=None,clearance_mm=0.3,funnel=True,gate=True,plate=0.03,retreat=0,rough_mm=0.1|v10|stop",coin_1yen,flooring,5.0,3,0,0,0,1,2,0,0,1,0,0,,
"hood|backstop=None,clearance_mm=0.3,funnel=True,gate=True,plate=0.03,retreat=0,rough_mm=0.1|v10|stop",coin_1yen,flooring,10.0,3,0,0,0,3,0,0,0,3,0,0,,
"hood|backstop=None,clearance_mm=0.3,funnel=True,gate=True,plate=0.03,retreat=0,rough_mm=0.1|v10|stop",coin_1yen,mat,0.0,3,0,0,0,3,0,0,0,3,0,0,,
"hood|backstop=None,clearance_mm=0.3,funnel=True,gate=True,plate=0.03,retreat=0,rough_mm=0.1|v10|stop",coin_1yen,mat,5.0,3,0,0,0,2,1,0,1,3,0,1,,
"hood|backstop=None,clearance_mm=0.3,funnel=True,gate=True,plate=0.03,retreat=0,rough_mm=0.1|v10|stop",coin_1yen,mat,10.0,3,0,0,0,3,0,0,0,3,0,0,,
"hood|backstop=None,clearance_mm=0.3,funnel=True,gate=True,plate=0.03,retreat=0,rough_mm=0.1|v10|stop",crumb_cube,flooring,0.0,3,0,0,0,3,0,0,0,3,0,0,,
"hood|backstop=None,clearance_mm=0.3,funnel=True,gate=True,plate=0.03,retreat=0,rough_mm=0.1|v10|stop",crumb_cube,flooring,5.0,3,0,0,0,3,0,0,0,3,0,0,,
"hood|backstop=None,clearance_mm=0.3,funnel=True,gate=True,plate=0.03,retreat=0,rough_mm=0.1|v10|stop",crumb_cube,flooring,10.0,3,0,0,0,3,0,0,0,3,0,0,,
"hood|backstop=None,clearance_mm=0.3,funnel=True,gate=True,plate=0.03,retreat=0,rough_mm=0.1|v10|stop",crumb_cube,mat,0.0,3,0,0,0,3,0,0,0,3,0,0,,
"hood|backstop=None,clearance_mm=0.3,funnel=True,gate=True,plate=0.03,retreat=0,rough_mm=0.1|v10|stop",crumb_cube,mat,5.0,3,0,0,0,3,0,0,0,3,0,0,,
"hood|backstop=None,clearance_mm=0.3,funnel=True,gate=True,plate=0.03,retreat=0,rough_mm=0.1|v10|stop",crumb_cube,mat,10.0,3,0,0,0,3,0,0,0,3,0,0,,
"hood|backstop=None,clearance_mm=0.3,funnel=True,gate=True,plate=0.03,retreat=0|v10|stop",battery_cr2032,flooring,0.0,3,0,0,0,3,0,0,0,3,0,0,,
"hood|backstop=None,clearance_mm=0.3,funnel=True,gate=True,plate=0.03,retreat=0|v10|stop",battery_cr2032,flooring,5.0,3,0,0,0,3,0,0,0,3,0,0,,
"hood|backstop=None,clearance_mm=0.3,funnel=True,gate=True,plate=0.03,retreat=0|v10|stop",battery_cr2032,flooring,10.0,3,0,0,0,3,0,0,0,3,0,0,,
"hood|backstop=None,clearance_mm=0.3,funnel=True,gate=True,plate=0.03,retreat=0|v10|stop",battery_cr2032,mat,0.0,3,0,0,0,3,0,0,0,3,0,0,,
"hood|backstop=None,clearance_mm=0.3,funnel=True,gate=True,plate=0.03,retreat=0|v10|stop",battery_cr2032,mat,5.0,3,0,0,0,3,0,0,0,3,0,0,,
"hood|backstop=None,clearance_mm=0.3,funnel=True,gate=True,plate=0.03,retreat=0|v10|stop",battery_cr2032,mat,10.0,3,0,0,0,3,0,0,0,3,0,0,,
"hood|backstop=None,clearance_mm=0.3,funnel=True,gate=True,plate=0.03,retreat=0|v10|stop",bead,flooring,0.0,3,0,0,0,3,0,0,0,3,0,0,,
"hood|backstop=None,clearance_mm=0.3,funnel=True,gate=True,plate=0.03,retreat=0|v10|stop",bead,flooring,5.0,3,0,0,0,3,0,0,0,3,0,0,,
"hood|backstop=None,clearance_mm=0.3,funnel=True,gate=True,plate=0.03,retreat=0|v10|stop",bead,flooring,10.0,3,0,0,0,3,0,0,0,3,0,0,,
"hood|backstop=None,clearance_mm=0.3,funnel=True,gate=True,plate=0.03,retreat=0|v10|stop",bead,mat,0.0,3,0,0,0,3,0,0,0,3,0,0,,
"hood|backstop=None,clearance_mm=0.3,funnel=True,gate=True,plate=0.03,retreat=0|v10|stop",bead,mat,5.0,3,0,0,0,3,0,0,0,3,0,0,,
"hood|backstop=None,clearance_mm=0.3,funnel=True,gate=True,plate=0.03,retreat=0|v10|stop",bead,mat,10.0,3,0,0,0,3,0,0,0,3,0,0,,
"hood|backstop=None,clearance_mm=0.3,funnel=True,gate=True,plate=0.03,retreat=0|v10|stop",coin_1yen,flooring,0.0,3,0,0,0,3,0,0,0,3,0,0,,
"hood|backstop=None,clearance_mm=0.3,funnel=True,gate=True,plate=0.03,retreat=0|v10|stop",coin_1yen,flooring,5.0,3,0,0,0,3,0,0,0,3,0,0,,
"hood|backstop=None,clearance_mm=0.3,funnel=True,gate=True,plate=0.03,retreat=0|v10|stop",coin_1yen,flooring,10.0,3,0,0,0,3,0,0,0,3,0,0,,
"hood|backstop=None,clearance_mm=0.3,funnel=True,gate=True,plate=0.03,retreat=0|v10|stop",coin_1yen,mat,0.0,3,0,0,0,3,0,0,0,3,0,0,,
"hood|backstop=None,clearance_mm=0.3,funnel=True,gate=True,plate=0.03,retreat=0|v10|stop",coin_1yen,mat,5.0,3,0,0,0,3,0,0,0,3,0,0,,
"hood|backstop=None,clearance_mm=0.3,funnel=True,gate=True,plate=0.03,retreat=0|v10|stop",coin_1yen,mat,10.0,3,0,0,0,3,0,0,0,3,0,0,,
"hood|backstop=None,clearance_mm=0.3,funnel=True,gate=True,plate=0.03,retreat=0|v10|stop",crumb_cube,flooring,0.0,3,0,0,0,3,0,0,0,3,0,0,,
"hood|backstop=None,clearance_mm=0.3,funnel=True,gate=True,plate=0.03,retreat=0|v10|stop",crumb_cube,flooring,5.0,3,0,0,0,3,0,0,0,3,0,0,,
"hood|backstop=None,clearance_mm=0.3,funnel=True,gate=True,plate=0.03,retreat=0|v10|stop",crumb_cube,flooring,10.0,3,0,0,0,3,0,0,0,3,0,0,,
"hood|backstop=None,clearance_mm=0.3,funnel=True,gate=True,plate=0.03,retreat=0|v10|stop",crumb_cube,mat,0.0,3,0,0,0,3,0,0,0,3,0,0,,
"hood|backstop=None,clearance_mm=0.3,funnel=True,gate=True,plate=0.03,retreat=0|v10|stop",crumb_cube,mat,5.0,3,0,0,0,3,0,0,0,3,0,0,,
"hood|backstop=None,clearance_mm=0.3,funnel=True,gate=True,plate=0.03,retreat=0|v10|stop",crumb_cube,mat,10.0,3,0,0,0,3,0,0,0,3,0,0,,
"hood|backstop=None,clearance_mm=0.3,funnel=True,gate=True,plate=0.05,retreat=0,rough_mm=0.03|v10|stop",battery_cr2032,flooring,0.0,3,0,0,0,3,0,0,0,3,0,0,,
"hood|backstop=None,clearance_mm=0.3,funnel=True,gate=True,plate=0.05,retreat=0,rough_mm=0.03|v10|stop",battery_cr2032,flooring,5.0,3,0,0,0,3,0,0,0,3,0,0,,
"hood|backstop=None,clearance_mm=0.3,funnel=True,gate=True,plate=0.05,retreat=0,rough_mm=0.03|v10|stop",battery_cr2032,flooring,10.0,3,0,0,0,3,0,0,0,3,0,0,,
"hood|backstop=None,clearance_mm=0.3,funnel=True,gate=True,plate=0.05,retreat=0,rough_mm=0.03|v10|stop",battery_cr2032,mat,0.0,3,0,0,0,3,0,0,0,3,0,0,,
"hood|backstop=None,clearance_mm=0.3,funnel=True,gate=True,plate=0.05,retreat=0,rough_mm=0.03|v10|stop",battery_cr2032,mat,5.0,3,0,0,0,3,0,0,0,3,0,0,,
"hood|backstop=None,clearance_mm=0.3,funnel=True,gate=True,plate=0.05,retreat=0,rough_mm=0.03|v10|stop",battery_cr2032,mat,10.0,3,0,0,0,3,0,0,0,3,0,0,,
"hood|backstop=None,clearance_mm=0.3,funnel=True,gate=True,plate=0.05,retreat=0,rough_mm=0.03|v10|stop",bead,flooring,0.0,3,0,0,0,3,0,0,0,3,0,0,,
"hood|backstop=None,clearance_mm=0.3,funnel=True,gate=True,plate=0.05,retreat=0,rough_mm=0.03|v10|stop",bead,flooring,5.0,3,0,0,0,3,0,0,0,3,0,0,,
"hood|backstop=None,clearance_mm=0.3,funnel=True,gate=True,plate=0.05,retreat=0,rough_mm=0.03|v10|stop",bead,flooring,10.0,3,0,0,0,3,0,0,0,3,0,0,,
"hood|backstop=None,clearance_mm=0.3,funnel=True,gate=True,plate=0.05,retreat=0,rough_mm=0.03|v10|stop",bead,mat,0.0,3,0,0,0,3,0,0,0,3,0,0,,
"hood|backstop=None,clearance_mm=0.3,funnel=True,gate=True,plate=0.05,retreat=0,rough_mm=0.03|v10|stop",bead,mat,5.0,3,0,0,0,3,0,0,0,3,0,0,,
"hood|backstop=None,clearance_mm=0.3,funnel=True,gate=True,plate=0.05,retreat=0,rough_mm=0.03|v10|stop",bead,mat,10.0,3,0,0,0,3,0,0,0,3,0,0,,
"hood|backstop=None,clearance_mm=0.3,funnel=True,gate=True,plate=0.05,retreat=0,rough_mm=0.03|v10|stop",coin_1yen,flooring,0.0,3,0,0,0,3,0,0,0,3,0,0,,
"hood|backstop=None,clearance_mm=0.3,funnel=True,gate=True,plate=0.05,retreat=0,rough_mm=0.03|v10|stop",coin_1yen,flooring,5.0,3,0,0,0,3,0,0,0,3,0,0,,
"hood|backstop=None,clearance_mm=0.3,funnel=True,gate=True,plate=0.05,retreat=0,rough_mm=0.03|v10|stop",coin_1yen,flooring,10.0,3,0,0,0,3,0,0,0,3,0,0,,
"hood|backstop=None,clearance_mm=0.3,funnel=True,gate=True,plate=0.05,retreat=0,rough_mm=0.03|v10|stop",coin_1yen,mat,0.0,3,0,0,0,3,0,0,0,3,0,0,,
"hood|backstop=None,clearance_mm=0.3,funnel=True,gate=True,plate=0.05,retreat=0,rough_mm=0.03|v10|stop",coin_1yen,mat,5.0,3,0,0,0,3,0,0,0,3,0,0,,
"hood|backstop=None,clearance_mm=0.3,funnel=True,gate=True,plate=0.05,retreat=0,rough_mm=0.03|v10|stop",coin_1yen,mat,10.0,3,0,0,0,3,0,0,0,3,0,0,,
"hood|backstop=None,clearance_mm=0.3,funnel=True,gate=True,plate=0.05,retreat=0,rough_mm=0.03|v10|stop",crumb_cube,flooring,0.0,3,0,0,0,3,0,0,0,3,0,0,,
"hood|backstop=None,clearance_mm=0.3,funnel=True,gate=True,plate=0.05,retreat=0,rough_mm=0.03|v10|stop",crumb_cube,flooring,5.0,3,0,0,0,3,0,0,0,3,0,0,,
"hood|backstop=None,clearance_mm=0.3,funnel=True,gate=True,plate=0.05,retreat=0,rough_mm=0.03|v10|stop",crumb_cube,flooring,10.0,3,0,0,0,3,0,0,0,3,0,0,,
"hood|backstop=None,clearance_mm=0.3,funnel=True,gate=True,plate=0.05,retreat=0,rough_mm=0.03|v10|stop",crumb_cube,mat,0.0,3,0,0,0,3,0,0,0,3,0,0,,
"hood|backstop=None,clearance_mm=0.3,funnel=True,gate=True,plate=0.05,retreat=0,rough_mm=0.03|v10|stop",crumb_cube,mat,5.0,3,0,0,0,3,0,0,0,3,0,0,,
"hood|backstop=None,clearance_mm=0.3,funnel=True,gate=True,plate=0.05,retreat=0,rough_mm=0.03|v10|stop",crumb_cube,mat,10.0,3,0,0,0,3,0,0,0,3,0,0,,
"hood|backstop=None,clearance_mm=0.3,funnel=True,gate=True,plate=0.05,retreat=0,rough_mm=0.05|v10|stop",battery_cr2032,flooring,0.0,3,0,0,0,2,1,0,0,2,0,0,,
"hood|backstop=None,clearance_mm=0.3,funnel=True,gate=True,plate=0.05,retreat=0,rough_mm=0.05|v10|stop",battery_cr2032,flooring,5.0,3,0,0,0,3,0,0,0,3,0,0,,
"hood|backstop=None,clearance_mm=0.3,funnel=True,gate=True,plate=0.05,retreat=0,rough_mm=0.05|v10|stop",battery_cr2032,flooring,10.0,3,0,0,0,3,0,0,0,3,0,0,,
"hood|backstop=None,clearance_mm=0.3,funnel=True,gate=True,plate=0.05,retreat=0,rough_mm=0.05|v10|stop",battery_cr2032,mat,0.0,3,0,1,0,2,0,0,1,3,0,1,12.08,3.53
"hood|backstop=None,clearance_mm=0.3,funnel=True,gate=True,plate=0.05,retreat=0,rough_mm=0.05|v10|stop",battery_cr2032,mat,5.0,3,0,0,0,3,0,0,0,3,0,0,,
"hood|backstop=None,clearance_mm=0.3,funnel=True,gate=True,plate=0.05,retreat=0,rough_mm=0.05|v10|stop",battery_cr2032,mat,10.0,3,0,0,0,3,0,0,0,3,0,0,,
"hood|backstop=None,clearance_mm=0.3,funnel=True,gate=True,plate=0.05,retreat=0,rough_mm=0.05|v10|stop",bead,flooring,0.0,3,0,0,0,3,0,0,0,3,0,0,,
"hood|backstop=None,clearance_mm=0.3,funnel=True,gate=True,plate=0.05,retreat=0,rough_mm=0.05|v10|stop",bead,flooring,5.0,3,0,0,0,3,0,0,0,3,0,0,,
"hood|backstop=None,clearance_mm=0.3,funnel=True,gate=True,plate=0.05,retreat=0,rough_mm=0.05|v10|stop",bead,flooring,10.0,3,0,0,0,3,0,0,0,3,0,0,,
"hood|backstop=None,clearance_mm=0.3,funnel=True,gate=True,plate=0.05,retreat=0,rough_mm=0.05|v10|stop",bead,mat,0.0,3,0,0,0,3,0,0,0,3,0,0,,
"hood|backstop=None,clearance_mm=0.3,funnel=True,gate=True,plate=0.05,retreat=0,rough_mm=0.05|v10|stop",bead,mat,5.0,3,0,0,0,3,0,0,0,3,0,0,,
"hood|backstop=None,clearance_mm=0.3,funnel=True,gate=True,plate=0.05,retreat=0,rough_mm=0.05|v10|stop",bead,mat,10.0,3,0,0,0,3,0,0,0,3,0,0,,
"hood|backstop=None,clearance_mm=0.3,funnel=True,gate=True,plate=0.05,retreat=0,rough_mm=0.05|v10|stop",coin_1yen,flooring,0.0,3,0,0,0,3,0,0,0,3,0,0,,
"hood|backstop=None,clearance_mm=0.3,funnel=True,gate=True,plate=0.05,retreat=0,rough_mm=0.05|v10|stop",coin_1yen,flooring,5.0,3,0,0,0,3,0,0,0,3,0,0,,
"hood|backstop=None,clearance_mm=0.3,funnel=True,gate=True,plate=0.05,retreat=0,rough_mm=0.05|v10|stop",coin_1yen,flooring,10.0,3,0,0,0,2,1,0,0,2,0,0,,
"hood|backstop=None,clearance_mm=0.3,funnel=True,gate=True,plate=0.05,retreat=0,rough_mm=0.05|v10|stop",coin_1yen,mat,0.0,3,0,0,0,3,0,0,0,3,0,0,,
"hood|backstop=None,clearance_mm=0.3,funnel=True,gate=True,plate=0.05,retreat=0,rough_mm=0.05|v10|stop",coin_1yen,mat,5.0,3,0,0,0,3,0,0,0,3,0,0,,
"hood|backstop=None,clearance_mm=0.3,funnel=True,gate=True,plate=0.05,retreat=0,rough_mm=0.05|v10|stop",coin_1yen,mat,10.0,3,0,0,0,3,0,0,0,3,0,0,,
"hood|backstop=None,clearance_mm=0.3,funnel=True,gate=True,plate=0.05,retreat=0,rough_mm=0.05|v10|stop",crumb_cube,flooring,0.0,3,0,0,0,3,0,0,0,3,0,0,,
"hood|backstop=None,clearance_mm=0.3,funnel=True,gate=True,plate=0.05,retreat=0,rough_mm=0.05|v10|stop",crumb_cube,flooring,5.0,3,0,0,0,3,0,0,0,3,0,0,,
"hood|backstop=None,clearance_mm=0.3,funnel=True,gate=True,plate=0.05,retreat=0,rough_mm=0.05|v10|stop",crumb_cube,flooring,10.0,3,0,0,0,3,0,0,0,3,0,0,,
"hood|backstop=None,clearance_mm=0.3,funnel=True,gate=True,plate=0.05,retreat=0,rough_mm=0.05|v10|stop",crumb_cube,mat,0.0,3,0,0,0,3,0,0,0,3,0,0,,
"hood|backstop=None,clearance_mm=0.3,funnel=True,gate=True,plate=0.05,retreat=0,rough_mm=0.05|v10|stop",crumb_cube,mat,5.0,3,0,0,0,3,0,0,0,3,0,0,,
"hood|backstop=None,clearance_mm=0.3,funnel=True,gate=True,plate=0.05,retreat=0,rough_mm=0.05|v10|stop",crumb_cube,mat,10.0,3,0,0,0,3,0,0,0,3,0,0,,
"hood|backstop=None,clearance_mm=0.3,funnel=True,gate=True,plate=0.05,retreat=0,rough_mm=0.1|v10|stop",battery_cr2032,flooring,0.0,3,0,0,0,3,0,0,0,2,0,0,,
"hood|backstop=None,clearance_mm=0.3,funnel=True,gate=True,plate=0.05,retreat=0,rough_mm=0.1|v10|stop",battery_cr2032,flooring,5.0,3,0,0,0,3,0,0,0,3,0,0,,
"hood|backstop=None,clearance_mm=0.3,funnel=True,gate=True,plate=0.05,retreat=0,rough_mm=0.1|v10|stop",battery_cr2032,flooring,10.0,3,0,0,0,2,1,0,1,3,0,1,,
"hood|backstop=None,clearance_mm=0.3,funnel=True,gate=True,plate=0.05,retreat=0,rough_mm=0.1|v10|stop",battery_cr2032,mat,0.0,3,0,1,0,2,0,0,1,3,0,1,11.05,3.69
"hood|backstop=None,clearance_mm=0.3,funnel=True,gate=True,plate=0.05,retreat=0,rough_mm=0.1|v10|stop",battery_cr2032,mat,5.0,3,0,0,0,3,0,0,0,3,0,0,,
"hood|backstop=None,clearance_mm=0.3,funnel=True,gate=True,plate=0.05,retreat=0,rough_mm=0.1|v10|stop",battery_cr2032,mat,10.0,3,0,0,0,3,0,0,0,3,0,0,,
"hood|backstop=None,clearance_mm=0.3,funnel=True,gate=True,plate=0.05,retreat=0,rough_mm=0.1|v10|stop",bead,flooring,0.0,3,0,0,0,3,0,0,0,3,0,0,,
"hood|backstop=None,clearance_mm=0.3,funnel=True,gate=True,plate=0.05,retreat=0,rough_mm=0.1|v10|stop",bead,flooring,5.0,3,0,0,0,3,0,0,0,3,0,0,,
"hood|backstop=None,clearance_mm=0.3,funnel=True,gate=True,plate=0.05,retreat=0,rough_mm=0.1|v10|stop",bead,flooring,10.0,3,0,0,0,3,0,0,0,3,0,0,,
"hood|backstop=None,clearance_mm=0.3,funnel=True,gate=True,plate=0.05,retreat=0,rough_mm=0.1|v10|stop",bead,mat,0.0,3,0,0,0,3,0,0,0,3,0,0,,
"hood|backstop=None,clearance_mm=0.3,funnel=True,gate=True,plate=0.05,retreat=0,rough_mm=0.1|v10|stop",bead,mat,5.0,3,0,0,0,3,0,0,0,3,0,0,,
"hood|backstop=None,clearance_mm=0.3,funnel=True,gate=True,plate=0.05,retreat=0,rough_mm=0.1|v10|stop",bead,mat,10.0,3,0,0,0,3,0,0,0,3,0,0,,
"hood|backstop=None,clearance_mm=0.3,funnel=True,gate=True,plate=0.05,retreat=0,rough_mm=0.1|v10|stop",coin_1yen,flooring,0.0,3,0,0,0,3,0,0,0,3,0,0,,
"hood|backstop=None,clearance_mm=0.3,funnel=True,gate=True,plate=0.05,retreat=0,rough_mm=0.1|v10|stop",coin_1yen,flooring,5.0,3,0,0,0,1,2,0,0,1,0,0,,
"hood|backstop=None,clearance_mm=0.3,funnel=True,gate=True,plate=0.05,retreat=0,rough_mm=0.1|v10|stop",coin_1yen,flooring,10.0,3,0,0,0,3,0,0,0,3,0,0,,
"hood|backstop=None,clearance_mm=0.3,funnel=True,gate=True,plate=0.05,retreat=0,rough_mm=0.1|v10|stop",coin_1yen,mat,0.0,3,0,0,0,3,0,0,0,3,0,0,,
"hood|backstop=None,clearance_mm=0.3,funnel=True,gate=True,plate=0.05,retreat=0,rough_mm=0.1|v10|stop",coin_1yen,mat,5.0,3,0,0,0,2,1,0,1,3,0,1,,
"hood|backstop=None,clearance_mm=0.3,funnel=True,gate=True,plate=0.05,retreat=0,rough_mm=0.1|v10|stop",coin_1yen,mat,10.0,3,0,0,0,3,0,0,0,3,0,0,,
"hood|backstop=None,clearance_mm=0.3,funnel=True,gate=True,plate=0.05,retreat=0,rough_mm=0.1|v10|stop",crumb_cube,flooring,0.0,3,0,0,0,3,0,0,0,3,0,0,,
"hood|backstop=None,clearance_mm=0.3,funnel=True,gate=True,plate=0.05,retreat=0,rough_mm=0.1|v10|stop",crumb_cube,flooring,5.0,3,0,0,0,3,0,0,0,3,0,0,,
"hood|backstop=None,clearance_mm=0.3,funnel=True,gate=True,plate=0.05,retreat=0,rough_mm=0.1|v10|stop",crumb_cube,flooring,10.0,3,0,0,0,3,0,0,0,3,0,0,,
"hood|backstop=None,clearance_mm=0.3,funnel=True,gate=True,plate=0.05,retreat=0,rough_mm=0.1|v10|stop",crumb_cube,mat,0.0,3,0,0,0,3,0,0,0,3,0,0,,
"hood|backstop=None,clearance_mm=0.3,funnel=True,gate=True,plate=0.05,retreat=0,rough_mm=0.1|v10|stop",crumb_cube,mat,5.0,3,0,0,0,3,0,0,0,3,0,0,,
"hood|backstop=None,clearance_mm=0.3,funnel=True,gate=True,plate=0.05,retreat=0,rough_mm=0.1|v10|stop",crumb_cube,mat,10.0,3,0,0,0,3,0,0,0,3,0,0,,
"hood|backstop=None,clearance_mm=0.3,funnel=True,gate=True,plate=0.05,retreat=0|v10|stop",battery_cr2032,flooring,0.0,3,0,0,0,3,0,0,0,3,0,0,,
"hood|backstop=None,clearance_mm=0.3,funnel=True,gate=True,plate=0.05,retreat=0|v10|stop",battery_cr2032,flooring,5.0,3,0,0,0,3,0,0,0,3,0,0,,
"hood|backstop=None,clearance_mm=0.3,funnel=True,gate=True,plate=0.05,retreat=0|v10|stop",battery_cr2032,flooring,10.0,3,0,0,0,3,0,0,0,3,0,0,,
"hood|backstop=None,clearance_mm=0.3,funnel=True,gate=True,plate=0.05,retreat=0|v10|stop",battery_cr2032,mat,0.0,3,0,0,0,3,0,0,0,3,0,0,,
"hood|backstop=None,clearance_mm=0.3,funnel=True,gate=True,plate=0.05,retreat=0|v10|stop",battery_cr2032,mat,5.0,3,0,0,0,3,0,0,0,3,0,0,,
"hood|backstop=None,clearance_mm=0.3,funnel=True,gate=True,plate=0.05,retreat=0|v10|stop",battery_cr2032,mat,10.0,3,0,0,0,3,0,0,0,3,0,0,,
"hood|backstop=None,clearance_mm=0.3,funnel=True,gate=True,plate=0.05,retreat=0|v10|stop",bead,flooring,0.0,3,0,0,0,3,0,0,0,3,0,0,,
"hood|backstop=None,clearance_mm=0.3,funnel=True,gate=True,plate=0.05,retreat=0|v10|stop",bead,flooring,5.0,3,0,0,0,3,0,0,0,3,0,0,,
"hood|backstop=None,clearance_mm=0.3,funnel=True,gate=True,plate=0.05,retreat=0|v10|stop",bead,flooring,10.0,3,0,0,0,3,0,0,0,3,0,0,,
"hood|backstop=None,clearance_mm=0.3,funnel=True,gate=True,plate=0.05,retreat=0|v10|stop",bead,mat,0.0,3,0,0,0,3,0,0,0,3,0,0,,
"hood|backstop=None,clearance_mm=0.3,funnel=True,gate=True,plate=0.05,retreat=0|v10|stop",bead,mat,5.0,3,0,0,0,3,0,0,0,3,0,0,,
"hood|backstop=None,clearance_mm=0.3,funnel=True,gate=True,plate=0.05,retreat=0|v10|stop",bead,mat,10.0,3,0,0,0,3,0,0,0,3,0,0,,
"hood|backstop=None,clearance_mm=0.3,funnel=True,gate=True,plate=0.05,retreat=0|v10|stop",coin_1yen,flooring,0.0,3,0,0,0,3,0,0,0,3,0,0,,
"hood|backstop=None,clearance_mm=0.3,funnel=True,gate=True,plate=0.05,retreat=0|v10|stop",coin_1yen,flooring,5.0,3,0,0,0,3,0,0,0,3,0,0,,
"hood|backstop=None,clearance_mm=0.3,funnel=True,gate=True,plate=0.05,retreat=0|v10|stop",coin_1yen,flooring,10.0,3,0,0,0,3,0,0,0,3,0,0,,
"hood|backstop=None,clearance_mm=0.3,funnel=True,gate=True,plate=0.05,retreat=0|v10|stop",coin_1yen,mat,0.0,3,0,0,0,3,0,0,0,3,0,0,,
"hood|backstop=None,clearance_mm=0.3,funnel=True,gate=True,plate=0.05,retreat=0|v10|stop",coin_1yen,mat,5.0,3,0,0,0,3,0,0,0,3,0,0,,
"hood|backstop=None,clearance_mm=0.3,funnel=True,gate=True,plate=0.05,retreat=0|v10|stop",coin_1yen,mat,10.0,3,0,0,0,3,0,0,0,3,0,0,,
"hood|backstop=None,clearance_mm=0.3,funnel=True,gate=True,plate=0.05,retreat=0|v10|stop",crumb_cube,flooring,0.0,3,0,0,0,3,0,0,0,3,0,0,,
"hood|backstop=None,clearance_mm=0.3,funnel=True,gate=True,plate=0.05,retreat=0|v10|stop",crumb_cube,flooring,5.0,3,0,0,0,3,0,0,0,3,0,0,,
"hood|backstop=None,clearance_mm=0.3,funnel=True,gate=True,plate=0.05,retreat=0|v10|stop",crumb_cube,flooring,10.0,3,0,0,0,3,0,0,0,3,0,0,,
"hood|backstop=None,clearance_mm=0.3,funnel=True,gate=True,plate=0.05,retreat=0|v10|stop",crumb_cube,mat,0.0,3,0,0,0,3,0,0,0,3,0,0,,
"hood|backstop=None,clearance_mm=0.3,funnel=True,gate=True,plate=0.05,retreat=0|v10|stop",crumb_cube,mat,5.0,3,0,0,0,3,0,0,0,3,0,0,,
"hood|backstop=None,clearance_mm=0.3,funnel=True,gate=True,plate=0.05,retreat=0|v10|stop",crumb_cube,mat,10.0,3,0,0,0,3,0,0,0,3,0,0,,
