tag,obj,floor,offset,n,success,knocked_in,escaped,pushed_ahead,not_entered,pinched,entered,wall_contact,entered_nowall,entered_wall,fire_x_mean_mm,fire_absy_mean_mm
"hood|backstop=None,clearance_mm=0.0,funnel=True,gate=True,plate=0.05,plate_chamfer_deg=10,plate_round_mm=0.0,retreat=0|v10|stop",battery_cr2032,flooring,0.0,3,0,0,0,3,0,0,0,3,0,0,,
"hood|backstop=None,clearance_mm=0.0,funnel=True,gate=True,plate=0.05,plate_chamfer_deg=10,plate_round_mm=0.0,retreat=0|v10|stop",battery_cr2032,flooring,5.0,3,0,0,0,3,0,0,0,3,0,0,,
"hood|backstop=None,clearance_mm=0.0,funnel=True,gate=True,plate=0.05,plate_chamfer_deg=10,plate_round_mm=0.0,retreat=0|v10|stop",battery_cr2032,flooring,10.0,3,0,0,0,3,0,0,0,3,0,0,,
"hood|backstop=None,clearance_mm=0.0,funnel=True,gate=True,plate=0.05,plate_chamfer_deg=10,plate_round_mm=0.0,retreat=0|v10|stop",battery_cr2032,mat,0.0,3,0,0,0,3,0,0,0,3,0,0,,
"hood|backstop=None,clearance_mm=0.0,funnel=True,gate=True,plate=0.05,plate_chamfer_deg=10,plate_round_mm=0.0,retreat=0|v10|stop",battery_cr2032,mat,5.0,3,0,0,0,3,0,0,0,3,0,0,,
"hood|backstop=None,clearance_mm=0.0,funnel=True,gate=True,plate=0.05,plate_chamfer_deg=10,plate_round_mm=0.0,retreat=0|v10|stop",battery_cr2032,mat,10.0,3,0,0,0,3,0,0,0,3,0,0,,
"hood|backstop=None,clearance_mm=0.0,funnel=True,gate=True,plate=0.05,plate_chamfer_deg=10,plate_round_mm=0.0,retreat=0|v10|stop",bead,flooring,0.0,3,0,0,0,3,0,0,0,3,0,0,,
"hood|backstop=None,clearance_mm=0.0,funnel=True,gate=True,plate=0.05,plate_chamfer_deg=10,plate_round_mm=0.0,retreat=0|v10|stop",bead,flooring,5.0,3,0,0,0,3,0,0,0,3,0,0,,
"hood|backstop=None,clearance_mm=0.0,funnel=True,gate=True,plate=0.05,plate_chamfer_deg=10,plate_round_mm=0.0,retreat=0|v10|stop",bead,flooring,10.0,3,0,0,0,3,0,0,0,3,0,0,,
"hood|backstop=None,clearance_mm=0.0,funnel=True,gate=True,plate=0.05,plate_chamfer_deg=10,plate_round_mm=0.0,retreat=0|v10|stop",bead,mat,0.0,3,0,0,0,3,0,0,0,3,0,0,,
"hood|backstop=None,clearance_mm=0.0,funnel=True,gate=True,plate=0.05,plate_chamfer_deg=10,plate_round_mm=0.0,retreat=0|v10|stop",bead,mat,5.0,3,0,0,0,3,0,0,0,3,0,0,,
"hood|backstop=None,clearance_mm=0.0,funnel=True,gate=True,plate=0.05,plate_chamfer_deg=10,plate_round_mm=0.0,retreat=0|v10|stop",bead,mat,10.0,3,0,0,0,3,0,0,0,3,0,0,,
"hood|backstop=None,clearance_mm=0.0,funnel=True,gate=True,plate=0.05,plate_chamfer_deg=10,plate_round_mm=0.0,retreat=0|v10|stop",coin_1yen,flooring,0.0,3,0,0,0,3,0,0,0,3,0,0,,
"hood|backstop=None,clearance_mm=0.0,funnel=True,gate=True,plate=0.05,plate_chamfer_deg=10,plate_round_mm=0.0,retreat=0|v10|stop",coin_1yen,flooring,5.0,3,0,0,0,3,0,0,0,3,0,0,,
"hood|backstop=None,clearance_mm=0.0,funnel=True,gate=True,plate=0.05,plate_chamfer_deg=10,plate_round_mm=0.0,retreat=0|v10|stop",coin_1yen,flooring,10.0,3,0,0,0,3,0,0,0,3,0,0,,
"hood|backstop=None,clearance_mm=0.0,funnel=True,gate=True,plate=0.05,plate_chamfer_deg=10,plate_round_mm=0.0,retreat=0|v10|stop",coin_1yen,mat,0.0,3,0,0,0,3,0,0,0,3,0,0,,
"hood|backstop=None,clearance_mm=0.0,funnel=True,gate=True,plate=0.05,plate_chamfer_deg=10,plate_round_mm=0.0,retreat=0|v10|stop",coin_1yen,mat,5.0,3,0,0,0,3,0,0,0,3,0,0,,
"hood|backstop=None,clearance_mm=0.0,funnel=True,gate=True,plate=0.05,plate_chamfer_deg=10,plate_round_mm=0.0,retreat=0|v10|stop",coin_1yen,mat,10.0,3,0,0,0,3,0,0,0,3,0,0,,
"hood|backstop=None,clearance_mm=0.0,funnel=True,gate=True,plate=0.05,plate_chamfer_deg=10,plate_round_mm=0.0,retreat=0|v10|stop",crumb_cube,flooring,0.0,3,0,0,0,1,2,0,2,3,0,2,,
"hood|backstop=None,clearance_mm=0.0,funnel=True,gate=True,plate=0.05,plate_chamfer_deg=10,plate_round_mm=0.0,retreat=0|v10|stop",crumb_cube,flooring,5.0,3,0,0,0,0,3,0,3,3,0,3,,
"hood|backstop=None,clearance_mm=0.0,funnel=True,gate=True,plate=0.05,plate_chamfer_deg=10,plate_round_mm=0.0,retreat=0|v10|stop",crumb_cube,flooring,10.0,3,0,0,0,0,3,0,3,3,0,3,,
"hood|backstop=None,clearance_mm=0.0,funnel=True,gate=True,plate=0.05,plate_chamfer_deg=10,plate_round_mm=0.0,retreat=0|v10|stop",crumb_cube,mat,0.0,3,0,0,0,1,2,0,2,3,0,2,,
"hood|backstop=None,clearance_mm=0.0,funnel=True,gate=True,plate=0.05,plate_chamfer_deg=10,plate_round_mm=0.0,retreat=0|v10|stop",crumb_cube,mat,5.0,3,0,0,0,0,3,0,3,3,0,3,,
"hood|backstop=None,clearance_mm=0.0,funnel=True,gate=True,plate=0.05,plate_chamfer_deg=10,plate_round_mm=0.0,retreat=0|v10|stop",crumb_cube,mat,10.0,3,0,0,0,0,3,0,3,3,0,3,,
"hood|backstop=None,clearance_mm=0.0,funnel=True,gate=True,plate=0.05,plate_chamfer_deg=10,plate_round_mm=0.1,retreat=0|v10|stop",battery_cr2032,flooring,0.0,3,0,0,0,3,0,0,0,3,0,0,,
"hood|backstop=None,clearance_mm=0.0,funnel=True,gate=True,plate=0.05,plate_chamfer_deg=10,plate_round_mm=0.1,retreat=0|v10|stop",battery_cr2032,flooring,5.0,3,0,0,0,3,0,0,0,3,0,0,,
"hood|backstop=None,clearance_mm=0.0,funnel=True,gate=True,plate=0.05,plate_chamfer_deg=10,plate_round_mm=0.1,retreat=0|v10|stop",battery_cr2032,flooring,10.0,3,0,0,0,3,0,0,0,3,0,0,,
"hood|backstop=None,clearance_mm=0.0,funnel=True,gate=True,plate=0.05,plate_chamfer_deg=10,plate_round_mm=0.1,retreat=0|v10|stop",battery_cr2032,mat,0.0,3,0,0,0,3,0,0,0,3,0,0,,
"hood|backstop=None,clearance_mm=0.0,funnel=True,gate=True,plate=0.05,plate_chamfer_deg=10,plate_round_mm=0.1,retreat=0|v10|stop",battery_cr2032,mat,5.0,3,0,0,0,3,0,0,0,3,0,0,,
"hood|backstop=None,clearance_mm=0.0,funnel=True,gate=True,plate=0.05,plate_chamfer_deg=10,plate_round_mm=0.1,retreat=0|v10|stop",battery_cr2032,mat,10.0,3,0,0,0,3,0,0,0,3,0,0,,
"hood|backstop=None,clearance_mm=0.0,funnel=True,gate=True,plate=0.05,plate_chamfer_deg=10,plate_round_mm=0.1,retreat=0|v10|stop",bead,flooring,0.0,3,0,0,0,3,0,0,0,3,0,0,,
"hood|backstop=None,clearance_mm=0.0,funnel=True,gate=True,plate=0.05,plate_chamfer_deg=10,plate_round_mm=0.1,retreat=0|v10|stop",bead,flooring,5.0,3,0,0,0,3,0,0,0,3,0,0,,
"hood|backstop=None,clearance_mm=0.0,funnel=True,gate=True,plate=0.05,plate_chamfer_deg=10,plate_round_mm=0.1,retreat=0|v10|stop",bead,flooring,10.0,3,0,0,0,3,0,0,0,3,0,0,,
"hood|backstop=None,clearance_mm=0.0,funnel=True,gate=True,plate=0.05,plate_chamfer_deg=10,plate_round_mm=0.1,retreat=0|v10|stop",bead,mat,0.0,3,0,0,0,3,0,0,0,3,0,0,,
"hood|backstop=None,clearance_mm=0.0,funnel=True,gate=True,plate=0.05,plate_chamfer_deg=10,plate_round_mm=0.1,retreat=0|v10|stop",bead,mat,5.0,3,0,0,0,3,0,0,0,3,0,0,,
"hood|backstop=None,clearance_mm=0.0,funnel=True,gate=True,plate=0.05,plate_chamfer_deg=10,plate_round_mm=0.1,retreat=0|v10|stop",bead,mat,10.0,3,0,0,0,3,0,0,0,3,0,0,,
"hood|backstop=None,clearance_mm=0.0,funnel=True,gate=True,plate=0.05,plate_chamfer_deg=10,plate_round_mm=0.1,retreat=0|v10|stop",coin_1yen,flooring,0.0,3,0,0,0,3,0,0,0,3,0,0,,
"hood|backstop=None,clearance_mm=0.0,funnel=True,gate=True,plate=0.05,plate_chamfer_deg=10,plate_round_mm=0.1,retreat=0|v10|stop",coin_1yen,flooring,5.0,3,0,0,0,3,0,0,0,3,0,0,,
"hood|backstop=None,clearance_mm=0.0,funnel=True,gate=True,plate=0.05,plate_chamfer_deg=10,plate_round_mm=0.1,retreat=0|v10|stop",coin_1yen,flooring,10.0,3,0,0,0,3,0,0,0,3,0,0,,
"hood|backstop=None,clearance_mm=0.0,funnel=True,gate=True,plate=0.05,plate_chamfer_deg=10,plate_round_mm=0.1,retreat=0|v10|stop",coin_1yen,mat,0.0,3,0,0,0,3,0,0,0,3,0,0,,
"hood|backstop=None,clearance_mm=0.0,funnel=True,gate=True,plate=0.05,plate_chamfer_deg=10,plate_round_mm=0.1,retreat=0|v10|stop",coin_1yen,mat,5.0,3,0,0,0,3,0,0,0,3,0,0,,
"hood|backstop=None,clearance_mm=0.0,funnel=True,gate=True,plate=0.05,plate_chamfer_deg=10,plate_round_mm=0.1,retreat=0|v10|stop",coin_1yen,mat,10.0,3,0,0,0,3,0,0,0,3,0,0,,
"hood|backstop=None,clearance_mm=0.0,funnel=True,gate=True,plate=0.05,plate_chamfer_deg=10,plate_round_mm=0.1,retreat=0|v10|stop",crumb_cube,flooring,0.0,3,0,0,0,1,2,0,2,3,0,2,,
"hood|backstop=None,clearance_mm=0.0,funnel=True,gate=True,plate=0.05,plate_chamfer_deg=10,plate_round_mm=0.1,retreat=0|v10|stop",crumb_cube,flooring,5.0,3,0,0,0,0,3,0,3,3,0,3,,
"hood|backstop=None,clearance_mm=0.0,funnel=True,gate=True,plate=0.05,plate_chamfer_deg=10,plate_round_mm=0.1,retreat=0|v10|stop",crumb_cube,flooring,10.0,3,0,0,0,0,3,0,3,3,0,3,,
"hood|backstop=None,clearance_mm=0.0,funnel=True,gate=True,plate=0.05,plate_chamfer_deg=10,plate_round_mm=0.1,retreat=0|v10|stop",crumb_cube,mat,0.0,3,0,0,0,1,2,0,2,3,0,2,,
"hood|backstop=None,clearance_mm=0.0,funnel=True,gate=True,plate=0.05,plate_chamfer_deg=10,plate_round_mm=0.1,retreat=0|v10|stop",crumb_cube,mat,5.0,3,0,0,0,0,3,0,3,3,0,3,,
"hood|backstop=None,clearance_mm=0.0,funnel=True,gate=True,plate=0.05,plate_chamfer_deg=10,plate_round_mm=0.1,retreat=0|v10|stop",crumb_cube,mat,10.0,3,0,0,0,0,3,0,3,3,0,3,,
"hood|backstop=None,clearance_mm=0.0,funnel=True,gate=True,plate=0.05,plate_chamfer_deg=10,plate_round_mm=0.3,retreat=0|v10|stop",battery_cr2032,flooring,0.0,3,0,0,0,3,0,0,0,3,0,0,,
"hood|backstop=None,clearance_mm=0.0,funnel=True,gate=True,plate=0.05,plate_chamfer_deg=10,plate_round_mm=0.3,retreat=0|v10|stop",battery_cr2032,flooring,5.0,3,0,0,0,3,0,0,0,3,0,0,,
"hood|backstop=None,clearance_mm=0.0,funnel=True,gate=True,plate=0.05,plate_chamfer_deg=10,plate_round_mm=0.3,retreat=0|v10|stop",battery_cr2032,flooring,10.0,3,0,0,0,3,0,0,0,3,0,0,,
"hood|backstop=None,clearance_mm=0.0,funnel=True,gate=True,plate=0.05,plate_chamfer_deg=10,plate_round_mm=0.3,retreat=0|v10|stop",battery_cr2032,mat,0.0,3,0,0,0,3,0,0,0,3,0,0,,
"hood|backstop=None,clearance_mm=0.0,funnel=True,gate=True,plate=0.05,plate_chamfer_deg=10,plate_round_mm=0.3,retreat=0|v10|stop",battery_cr2032,mat,5.0,3,0,0,0,3,0,0,0,3,0,0,,
"hood|backstop=None,clearance_mm=0.0,funnel=True,gate=True,plate=0.05,plate_chamfer_deg=10,plate_round_mm=0.3,retreat=0|v10|stop",battery_cr2032,mat,10.0,3,0,0,0,3,0,0,0,3,0,0,,
"hood|backstop=None,clearance_mm=0.0,funnel=True,gate=True,plate=0.05,plate_chamfer_deg=10,plate_round_mm=0.3,retreat=0|v10|stop",bead,flooring,0.0,3,0,0,0,3,0,0,0,3,0,0,,
"hood|backstop=None,clearance_mm=0.0,funnel=True,gate=True,plate=0.05,plate_chamfer_deg=10,plate_round_mm=0.3,retreat=0|v10|stop",bead,flooring,5.0,3,0,0,0,3,0,0,0,3,0,0,,
"hood|backstop=None,clearance_mm=0.0,funnel=True,gate=True,plate=0.05,plate_chamfer_deg=10,plate_round_mm=0.3,retreat=0|v10|stop",bead,flooring,10.0,3,0,0,0,3,0,0,0,3,0,0,,
"hood|backstop=None,clearance_mm=0.0,funnel=True,gate=True,plate=0.05,plate_chamfer_deg=10,plate_round_mm=0.3,retreat=0|v10|stop",bead,mat,0.0,3,0,0,0,3,0,0,0,3,0,0,,
"hood|backstop=None,clearance_mm=0.0,funnel=True,gate=True,plate=0.05,plate_chamfer_deg=10,plate_round_mm=0.3,retreat=0|v10|stop",bead,mat,5.0,3,0,0,0,3,0,0,0,3,0,0,,
"hood|backstop=None,clearance_mm=0.0,funnel=True,gate=True,plate=0.05,plate_chamfer_deg=10,plate_round_mm=0.3,retreat=0|v10|stop",bead,mat,10.0,3,0,0,0,3,0,0,0,3,0,0,,
"hood|backstop=None,clearance_mm=0.0,funnel=True,gate=True,plate=0.05,plate_chamfer_deg=10,plate_round_mm=0.3,retreat=0|v10|stop",coin_1yen,flooring,0.0,3,0,0,0,3,0,0,0,3,0,0,,
"hood|backstop=None,clearance_mm=0.0,funnel=True,gate=True,plate=0.05,plate_chamfer_deg=10,plate_round_mm=0.3,retreat=0|v10|stop",coin_1yen,flooring,5.0,3,0,0,0,3,0,0,0,3,0,0,,
"hood|backstop=None,clearance_mm=0.0,funnel=True,gate=True,plate=0.05,plate_chamfer_deg=10,plate_round_mm=0.3,retreat=0|v10|stop",coin_1yen,flooring,10.0,3,0,0,0,3,0,0,0,3,0,0,,
"hood|backstop=None,clearance_mm=0.0,funnel=True,gate=True,plate=0.05,plate_chamfer_deg=10,plate_round_mm=0.3,retreat=0|v10|stop",coin_1yen,mat,0.0,3,0,0,0,3,0,0,0,3,0,0,,
"hood|backstop=None,clearance_mm=0.0,funnel=True,gate=True,plate=0.05,plate_chamfer_deg=10,plate_round_mm=0.3,retreat=0|v10|stop",coin_1yen,mat,5.0,3,0,0,0,3,0,0,0,3,0,0,,
"hood|backstop=None,clearance_mm=0.0,funnel=True,gate=True,plate=0.05,plate_chamfer_deg=10,plate_round_mm=0.3,retreat=0|v10|stop",coin_1yen,mat,10.0,3,0,0,0,3,0,0,0,3,0,0,,
"hood|backstop=None,clearance_mm=0.0,funnel=True,gate=True,plate=0.05,plate_chamfer_deg=10,plate_round_mm=0.3,retreat=0|v10|stop",crumb_cube,flooring,0.0,3,0,0,0,1,2,0,2,3,0,2,,
"hood|backstop=None,clearance_mm=0.0,funnel=True,gate=True,plate=0.05,plate_chamfer_deg=10,plate_round_mm=0.3,retreat=0|v10|stop",crumb_cube,flooring,5.0,3,0,0,0,0,3,0,3,3,0,3,,
"hood|backstop=None,clearance_mm=0.0,funnel=True,gate=True,plate=0.05,plate_chamfer_deg=10,plate_round_mm=0.3,retreat=0|v10|stop",crumb_cube,flooring,10.0,3,0,0,0,0,3,0,3,3,0,3,,
"hood|backstop=None,clearance_mm=0.0,funnel=True,gate=True,plate=0.05,plate_chamfer_deg=10,plate_round_mm=0.3,retreat=0|v10|stop",crumb_cube,mat,0.0,3,0,0,0,1,2,0,2,3,0,2,,
"hood|backstop=None,clearance_mm=0.0,funnel=True,gate=True,plate=0.05,plate_chamfer_deg=10,plate_round_mm=0.3,retreat=0|v10|stop",crumb_cube,mat,5.0,3,0,0,0,0,3,0,3,3,0,3,,
"hood|backstop=None,clearance_mm=0.0,funnel=True,gate=True,plate=0.05,plate_chamfer_deg=10,plate_round_mm=0.3,retreat=0|v10|stop",crumb_cube,mat,10.0,3,0,0,0,0,3,0,3,3,0,3,,
"hood|backstop=None,clearance_mm=0.0,funnel=True,gate=True,plate=0.05,plate_chamfer_deg=20,plate_round_mm=0.0,retreat=0|v10|stop",battery_cr2032,flooring,0.0,3,0,0,0,3,0,0,0,3,0,0,,
"hood|backstop=None,clearance_mm=0.0,funnel=True,gate=True,plate=0.05,plate_chamfer_deg=20,plate_round_mm=0.0,retreat=0|v10|stop",battery_cr2032,flooring,5.0,3,0,0,0,3,0,0,0,3,0,0,,
"hood|backstop=None,clearance_mm=0.0,funnel=True,gate=True,plate=0.05,plate_chamfer_deg=20,plate_round_mm=0.0,retreat=0|v10|stop",battery_cr2032,flooring,10.0,3,0,0,0,3,0,0,0,3,0,0,,
"hood|backstop=None,clearance_mm=0.0,funnel=True,gate=True,plate=0.05,plate_chamfer_deg=20,plate_round_mm=0.0,retreat=0|v10|stop",battery_cr2032,mat,0.0,3,0,0,0,3,0,0,0,3,0,0,,
"hood|backstop=None,clearance_mm=0.0,funnel=True,gate=True,plate=0.05,plate_chamfer_deg=20,plate_round_mm=0.0,retreat=0|v10|stop",battery_cr2032,mat,5.0,3,0,0,0,3,0,0,0,3,0,0,,
"hood|backstop=None,clearance_mm=0.0,funnel=True,gate=True,plate=0.05,plate_chamfer_deg=20,plate_round_mm=0.0,retreat=0|v10|stop",battery_cr2032,mat,10.0,3,0,0,0,3,0,0,0,3,0,0,,
"hood|backstop=None,clearance_mm=0.0,funnel=True,gate=True,plate=0.05,plate_chamfer_deg=20,plate_round_mm=0.0,retreat=0|v10|stop",bead,flooring,0.0,3,0,0,0,3,0,0,0,3,0,0,,
"hood|backstop=None,clearance_mm=0.0,funnel=True,gate=True,plate=0.05,plate_chamfer_deg=20,plate_round_mm=0.0,retreat=0|v10|stop",bead,flooring,5.0,3,0,0,0,3,0,0,0,3,0,0,,
"hood|backstop=None,clearance_mm=0.0,funnel=True,gate=True,plate=0.05,plate_chamfer_deg=20,plate_round_mm=0.0,retreat=0|v10|stop",bead,flooring,10.0,3,0,0,0,3,0,0,0,3,0,0,,
"hood|backstop=None,clearance_mm=0.0,funnel=True,gate=True,plate=0.05,plate_chamfer_deg=20,plate_round_mm=0.0,retreat=0|v10|stop",bead,mat,0.0,3,0,0,0,3,0,0,0,3,0,0,,
"hood|backstop=None,clearance_mm=0.0,funnel=True,gate=True,plate=0.05,plate_chamfer_deg=20,plate_round_mm=0.0,retreat=0|v10|stop",bead,mat,5.0,3,0,0,0,3,0,0,0,3,0,0,,
"hood|backstop=None,clearance_mm=0.0,funnel=True,gate=True,plate=0.05,plate_chamfer_deg=20,plate_round_mm=0.0,retreat=0|v10|stop",bead,mat,10.0,3,0,0,0,3,0,0,0,3,0,0,,
"hood|backstop=None,clearance_mm=0.0,funnel=True,gate=True,plate=0.05,plate_chamfer_deg=20,plate_round_mm=0.0,retreat=0|v10|stop",coin_1yen,flooring,0.0,3,0,0,0,3,0,0,0,3,0,0,,
"hood|backstop=None,clearance_mm=0.0,funnel=True,gate=True,plate=0.05,plate_chamfer_deg=20,plate_round_mm=0.0,retreat=0|v10|stop",coin_1yen,flooring,5.0,3,0,0,0,3,0,0,0,3,0,0,,
"hood|backstop=None,clearance_mm=0.0,funnel=True,gate=True,plate=0.05,plate_chamfer_deg=20,plate_round_mm=0.0,retreat=0|v10|stop",coin_1yen,flooring,10.0,3,0,0,0,3,0,0,0,3,0,0,,
"hood|backstop=None,clearance_mm=0.0,funnel=True,gate=True,plate=0.05,plate_chamfer_deg=20,plate_round_mm=0.0,retreat=0|v10|stop",coin_1yen,mat,0.0,3,0,0,0,3,0,0,0,3,0,0,,
"hood|backstop=None,clearance_mm=0.0,funnel=True,gate=True,plate=0.05,plate_chamfer_deg=20,plate_round_mm=0.0,retreat=0|v10|stop",coin_1yen,mat,5.0,3,0,0,0,3,0,0,0,3,0,0,,
"hood|backstop=None,clearance_mm=0.0,funnel=True,gate=True,plate=0.05,plate_chamfer_deg=20,plate_round_mm=0.0,retreat=0|v10|stop",coin_1yen,mat,10.0,3,0,0,0,3,0,0,0,3,0,0,,
"hood|backstop=None,clearance_mm=0.0,funnel=True,gate=True,plate=0.05,plate_chamfer_deg=20,plate_round_mm=0.0,retreat=0|v10|stop",crumb_cube,flooring,0.0,3,0,0,0,1,2,0,2,3,0,2,,
"hood|backstop=None,clearance_mm=0.0,funnel=True,gate=True,plate=0.05,plate_chamfer_deg=20,plate_round_mm=0.0,retreat=0|v10|stop",crumb_cube,flooring,5.0,3,0,0,0,0,3,0,3,3,0,3,,
"hood|backstop=None,clearance_mm=0.0,funnel=True,gate=True,plate=0.05,plate_chamfer_deg=20,plate_round_mm=0.0,retreat=0|v10|stop",crumb_cube,flooring,10.0,3,0,0,0,0,3,0,3,3,0,3,,
"hood|backstop=None,clearance_mm=0.0,funnel=True,gate=True,plate=0.05,plate_chamfer_deg=20,plate_round_mm=0.0,retreat=0|v10|stop",crumb_cube,mat,0.0,3,0,0,0,1,2,0,2,3,0,2,,
"hood|backstop=None,clearance_mm=0.0,funnel=True,gate=True,plate=0.05,plate_chamfer_deg=20,plate_round_mm=0.0,retreat=0|v10|stop",crumb_cube,mat,5.0,3,0,0,0,0,3,0,3,3,0,3,,
"hood|backstop=None,clearance_mm=0.0,funnel=True,gate=True,plate=0.05,plate_chamfer_deg=20,plate_round_mm=0.0,retreat=0|v10|stop",crumb_cube,mat,10.0,3,0,0,0,0,3,0,3,3,0,3,,
"hood|backstop=None,clearance_mm=0.0,funnel=True,gate=True,plate=0.05,plate_chamfer_deg=20,plate_round_mm=0.1,retreat=0|v10|stop",battery_cr2032,flooring,0.0,3,0,0,0,3,0,0,0,3,0,0,,
"hood|backstop=None,clearance_mm=0.0,funnel=True,gate=True,plate=0.05,plate_chamfer_deg=20,plate_round_mm=0.1,retreat=0|v10|stop",battery_cr2032,flooring,5.0,3,0,0,0,3,0,0,0,3,0,0,,
"hood|backstop=None,clearance_mm=0.0,funnel=True,gate=True,plate=0.05,plate_chamfer_deg=20,plate_round_mm=0.1,retreat=0|v10|stop",battery_cr2032,flooring,10.0,3,0,0,0,3,0,0,0,3,0,0,,
"hood|backstop=None,clearance_mm=0.0,funnel=True,gate=True,plate=0.05,plate_chamfer_deg=20,plate_round_mm=0.1,retreat=0|v10|stop",battery_cr2032,mat,0.0,3,0,0,0,3,0,0,0,3,0,0,,
"hood|backstop=None,clearance_mm=0.0,funnel=True,gate=True,plate=0.05,plate_chamfer_deg=20,plate_round_mm=0.1,retreat=0|v10|stop",battery_cr2032,mat,5.0,3,0,0,0,3,0,0,0,3,0,0,,
"hood|backstop=None,clearance_mm=0.0,funnel=True,gate=True,plate=0.05,plate_chamfer_deg=20,plate_round_mm=0.1,retreat=0|v10|stop",battery_cr2032,mat,10.0,3,0,0,0,3,0,0,0,3,0,0,,
"hood|backstop=None,clearance_mm=0.0,funnel=True,gate=True,plate=0.05,plate_chamfer_deg=20,plate_round_mm=0.1,retreat=0|v10|stop",bead,flooring,0.0,3,0,0,0,3,0,0,0,3,0,0,,
"hood|backstop=None,clearance_mm=0.0,funnel=True,gate=True,plate=0.05,plate_chamfer_deg=20,plate_round_mm=0.1,retreat=0|v10|stop",bead,flooring,5.0,3,0,0,0,3,0,0,0,3,0,0,,
"hood|backstop=None,clearance_mm=0.0,funnel=True,gate=True,plate=0.05,plate_chamfer_deg=20,plate_round_mm=0.1,retreat=0|v10|stop",bead,flooring,10.0,3,0,0,0,3,0,0,0,3,0,0,,
"hood|backstop=None,clearance_mm=0.0,funnel=True,gate=True,plate=0.05,plate_chamfer_deg=20,plate_round_mm=0.1,retreat=0|v10|stop",bead,mat,0.0,3,0,0,0,3,0,0,0,3,0,0,,
"hood|backstop=None,clearance_mm=0.0,funnel=True,gate=True,plate=0.05,plate_chamfer_deg=20,plate_round_mm=0.1,retreat=0|v10|stop",bead,mat,5.0,3,0,0,0,3,0,0,0,3,0,0,,
"hood|backstop=None,clearance_mm=0.0,funnel=True,gate=True,plate=0.05,plate_chamfer_deg=20,plate_round_mm=0.1,retreat=0|v10|stop",bead,mat,10.0,3,0,0,0,3,0,0,0,3,0,0,,
"hood|backstop=None,clearance_mm=0.0,funnel=True,gate=True,plate=0.05,plate_chamfer_deg=20,plate_round_mm=0.1,retreat=0|v10|stop",coin_1yen,flooring,0.0,3,0,0,0,3,0,0,0,3,0,0,,
"hood|backstop=None,clearance_mm=0.0,funnel=True,gate=True,plate=0.05,plate_chamfer_deg=20,plate_round_mm=0.1,retreat=0|v10|stop",coin_1yen,flooring,5.0,3,0,0,0,3,0,0,0,3,0,0,,
"hood|backstop=None,clearance_mm=0.0,funnel=True,gate=True,plate=0.05,plate_chamfer_deg=20,plate_round_mm=0.1,retreat=0|v10|stop",coin_1yen,flooring,10.0,3,0,0,0,3,0,0,0,3,0,0,,
"hood|backstop=None,clearance_mm=0.0,funnel=True,gate=True,plate=0.05,plate_chamfer_deg=20,plate_round_mm=0.1,retreat=0|v10|stop",coin_1yen,mat,0.0,3,0,0,0,3,0,0,0,3,0,0,,
"hood|backstop=None,clearance_mm=0.0,funnel=True,gate=True,plate=0.05,plate_chamfer_deg=20,plate_round_mm=0.1,retreat=0|v10|stop",coin_1yen,mat,5.0,3,0,0,0,3,0,0,0,3,0,0,,
"hood|backstop=None,clearance_mm=0.0,funnel=True,gate=True,plate=0.05,plate_chamfer_deg=20,plate_round_mm=0.1,retreat=0|v10|stop",coin_1yen,mat,10.0,3,0,0,0,3,0,0,0,3,0,0,,
"hood|backstop=None,clearance_mm=0.0,funnel=True,gate=True,plate=0.05,plate_chamfer_deg=20,plate_round_mm=0.1,retreat=0|v10|stop",crumb_cube,flooring,0.0,3,0,0,0,1,2,0,2,3,0,2,,
"hood|backstop=None,clearance_mm=0.0,funnel=True,gate=True,plate=0.05,plate_chamfer_deg=20,plate_round_mm=0.1,retreat=0|v10|stop",crumb_cube,flooring,5.0,3,0,0,0,0,3,0,3,3,0,3,,
"hood|backstop=None,clearance_mm=0.0,funnel=True,gate=True,plate=0.05,plate_chamfer_deg=20,plate_round_mm=0.1,retreat=0|v10|stop",crumb_cube,flooring,10.0,3,0,0,0,0,3,0,3,3,0,3,,
"hood|backstop=None,clearance_mm=0.0,funnel=True,gate=True,plate=0.05,plate_chamfer_deg=20,plate_round_mm=0.1,retreat=0|v10|stop",crumb_cube,mat,0.0,3,0,0,0,1,2,0,2,3,0,2,,
"hood|backstop=None,clearance_mm=0.0,funnel=True,gate=True,plate=0.05,plate_chamfer_deg=20,plate_round_mm=0.1,retreat=0|v10|stop",crumb_cube,mat,5.0,3,0,0,0,0,3,0,3,3,0,3,,
"hood|backstop=None,clearance_mm=0.0,funnel=True,gate=True,plate=0.05,plate_chamfer_deg=20,plate_round_mm=0.1,retreat=0|v10|stop",crumb_cube,mat,10.0,3,0,0,0,0,3,0,3,3,0,3,,
"hood|backstop=None,clearance_mm=0.0,funnel=True,gate=True,plate=0.05,plate_chamfer_deg=20,plate_round_mm=0.3,retreat=0|v10|stop",battery_cr2032,flooring,0.0,3,0,0,0,3,0,0,0,3,0,0,,
"hood|backstop=None,clearance_mm=0.0,funnel=True,gate=True,plate=0.05,plate_chamfer_deg=20,plate_round_mm=0.3,retreat=0|v10|stop",battery_cr2032,flooring,5.0,3,0,0,0,3,0,0,0,3,0,0,,
"hood|backstop=None,clearance_mm=0.0,funnel=True,gate=True,plate=0.05,plate_chamfer_deg=20,plate_round_mm=0.3,retreat=0|v10|stop",battery_cr2032,flooring,10.0,3,0,0,0,3,0,0,0,3,0,0,,
"hood|backstop=None,clearance_mm=0.0,funnel=True,gate=True,plate=0.05,plate_chamfer_deg=20,plate_round_mm=0.3,retreat=0|v10|stop",battery_cr2032,mat,0.0,3,0,0,0,3,0,0,0,3,0,0,,
"hood|backstop=None,clearance_mm=0.0,funnel=True,gate=True,plate=0.05,plate_chamfer_deg=20,plate_round_mm=0.3,retreat=0|v10|stop",battery_cr2032,mat,5.0,3,0,0,0,3,0,0,0,3,0,0,,
"hood|backstop=None,clearance_mm=0.0,funnel=True,gate=True,plate=0.05,plate_chamfer_deg=20,plate_round_mm=0.3,retreat=0|v10|stop",battery_cr2032,mat,10.0,3,0,0,0,3,0,0,0,3,0,0,,
"hood|backstop=None,clearance_mm=0.0,funnel=True,gate=True,plate=0.05,plate_chamfer_deg=20,plate_round_mm=0.3,retreat=0|v10|stop",bead,flooring,0.0,3,0,0,0,3,0,0,0,3,0,0,,
"hood|backstop=None,clearance_mm=0.0,funnel=True,gate=True,plate=0.05,plate_chamfer_deg=20,plate_round_mm=0.3,retreat=0|v10|stop",bead,flooring,5.0,3,0,0,0,3,0,0,0,3,0,0,,
"hood|backstop=None,clearance_mm=0.0,funnel=True,gate=True,plate=0.05,plate_chamfer_deg=20,plate_round_mm=0.3,retreat=0|v10|stop",bead,flooring,10.0,3,0,0,0,3,0,0,0,3,0,0,,
"hood|backstop=None,clearance_mm=0.0,funnel=True,gate=True,plate=0.05,plate_chamfer_deg=20,plate_round_mm=0.3,retreat=0|v10|stop",bead,mat,0.0,3,0,0,0,3,0,0,0,3,0,0,,
"hood|backstop=None,clearance_mm=0.0,funnel=True,gate=True,plate=0.05,plate_chamfer_deg=20,plate_round_mm=0.3,retreat=0|v10|stop",bead,mat,5.0,3,0,0,0,3,0,0,0,3,0,0,,
"hood|backstop=None,clearance_mm=0.0,funnel=True,gate=True,plate=0.05,plate_chamfer_deg=20,plate_round_mm=0.3,retreat=0|v10|stop",bead,mat,10.0,3,0,0,0,3,0,0,0,3,0,0,,
"hood|backstop=None,clearance_mm=0.0,funnel=True,gate=True,plate=0.05,plate_chamfer_deg=20,plate_round_mm=0.3,retreat=0|v10|stop",coin_1yen,flooring,0.0,3,0,0,0,3,0,0,0,3,0,0,,
"hood|backstop=None,clearance_mm=0.0,funnel=True,gate=True,plate=0.05,plate_chamfer_deg=20,plate_round_mm=0.3,retreat=0|v10|stop",coin_1yen,flooring,5.0,3,0,0,0,3,0,0,0,3,0,0,,
"hood|backstop=None,clearance_mm=0.0,funnel=True,gate=True,plate=0.05,plate_chamfer_deg=20,plate_round_mm=0.3,retreat=0|v10|stop",coin_1yen,flooring,10.0,3,0,0,0,3,0,0,0,3,0,0,,
"hood|backstop=None,clearance_mm=0.0,funnel=True,gate=True,plate=0.05,plate_chamfer_deg=20,plate_round_mm=0.3,retreat=0|v10|stop",coin_1yen,mat,0.0,3,0,0,0,3,0,0,0,3,0,0,,
"hood|backstop=None,clearance_mm=0.0,funnel=True,gate=True,plate=0.05,plate_chamfer_deg=20,plate_round_mm=0.3,retreat=0|v10|stop",coin_1yen,mat,5.0,3,0,0,0,3,0,0,0,3,0,0,,
"hood|backstop=None,clearance_mm=0.0,funnel=True,gate=True,plate=0.05,plate_chamfer_deg=20,plate_round_mm=0.3,retreat=0|v10|stop",coin_1yen,mat,10.0,3,0,0,0,3,0,0,0,3,0,0,,
"hood|backstop=None,clearance_mm=0.0,funnel=True,gate=True,plate=0.05,plate_chamfer_deg=20,plate_round_mm=0.3,retreat=0|v10|stop",crumb_cube,flooring,0.0,3,0,0,0,1,2,0,2,3,0,2,,
"hood|backstop=None,clearance_mm=0.0,funnel=True,gate=True,plate=0.05,plate_chamfer_deg=20,plate_round_mm=0.3,retreat=0|v10|stop",crumb_cube,flooring,5.0,3,0,0,0,0,3,0,3,3,0,3,,
"hood|backstop=None,clearance_mm=0.0,funnel=True,gate=True,plate=0.05,plate_chamfer_deg=20,plate_round_mm=0.3,retreat=0|v10|stop",crumb_cube,flooring,10.0,3,0,0,0,0,3,0,3,3,0,3,,
"hood|backstop=None,clearance_mm=0.0,funnel=True,gate=True,plate=0.05,plate_chamfer_deg=20,plate_round_mm=0.3,retreat=0|v10|stop",crumb_cube,mat,0.0,3,0,0,0,1,2,0,2,3,0,2,,
"hood|backstop=None,clearance_mm=0.0,funnel=True,gate=True,plate=0.05,plate_chamfer_deg=20,plate_round_mm=0.3,retreat=0|v10|stop",crumb_cube,mat,5.0,3,0,0,0,0,3,0,3,3,0,3,,
"hood|backstop=None,clearance_mm=0.0,funnel=True,gate=True,plate=0.05,plate_chamfer_deg=20,plate_round_mm=0.3,retreat=0|v10|stop",crumb_cube,mat,10.0,3,0,0,0,0,3,0,3,3,0,3,,
"hood|backstop=None,clearance_mm=0.0,funnel=True,gate=True,plate=0.05,plate_chamfer_deg=45,plate_round_mm=0.0,retreat=0|v10|stop",battery_cr2032,flooring,0.0,3,0,0,0,3,0,0,0,3,0,0,,
"hood|backstop=None,clearance_mm=0.0,funnel=True,gate=True,plate=0.05,plate_chamfer_deg=45,plate_round_mm=0.0,retreat=0|v10|stop",battery_cr2032,flooring,5.0,3,0,0,0,3,0,0,0,3,0,0,,
"hood|backstop=None,clearance_mm=0.0,funnel=True,gate=True,plate=0.05,plate_chamfer_deg=45,plate_round_mm=0.0,retreat=0|v10|stop",battery_cr2032,flooring,10.0,3,0,0,0,3,0,0,0,3,0,0,,
"hood|backstop=None,clearance_mm=0.0,funnel=True,gate=True,plate=0.05,plate_chamfer_deg=45,plate_round_mm=0.0,retreat=0|v10|stop",battery_cr2032,mat,0.0,3,0,0,0,3,0,0,0,3,0,0,,
"hood|backstop=None,clearance_mm=0.0,funnel=True,gate=True,plate=0.05,plate_chamfer_deg=45,plate_round_mm=0.0,retreat=0|v10|stop",battery_cr2032,mat,5.0,3,0,0,0,3,0,0,0,3,0,0,,
"hood|backstop=None,clearance_mm=0.0,funnel=True,gate=True,plate=0.05,plate_chamfer_deg=45,plate_round_mm=0.0,retreat=0|v10|stop",battery_cr2032,mat,10.0,3,0,0,0,3,0,0,0,3,0,0,,
"hood|backstop=None,clearance_mm=0.0,funnel=True,gate=True,plate=0.05,plate_chamfer_deg=45,plate_round_mm=0.0,retreat=0|v10|stop",bead,flooring,0.0,3,0,0,0,3,0,0,0,3,0,0,,
"hood|backstop=None,clearance_mm=0.0,funnel=True,gate=True,plate=0.05,plate_chamfer_deg=45,plate_round_mm=0.0,retreat=0|v10|stop",bead,flooring,5.0,3,0,0,0,3,0,0,0,3,0,0,,
"hood|backstop=None,clearance_mm=0.0,funnel=True,gate=True,plate=0.05,plate_chamfer_deg=45,plate_round_mm=0.0,retreat=0|v10|stop",bead,flooring,10.0,3,0,0,0,3,0,0,0,3,0,0,,
"hood|backstop=None,clearance_mm=0.0,funnel=True,gate=True,plate=0.05,plate_chamfer_deg=45,plate_round_mm=0.0,retreat=0|v10|stop",bead,mat,0.0,3,0,0,0,3,0,0,0,3,0,0,,
"hood|backstop=None,clearance_mm=0.0,funnel=True,gate=True,plate=0.05,plate_chamfer_deg=45,plate_round_mm=0.0,retreat=0|v10|stop",bead,mat,5.0,3,0,0,0,3,0,0,0,3,0,0,,
"hood|backstop=None,clearance_mm=0.0,funnel=True,gate=True,plate=0.05,plate_chamfer_deg=45,plate_round_mm=0.0,retreat=0|v10|stop",bead,mat,10.0,3,0,0,0,3,0,0,0,3,0,0,,
"hood|backstop=None,clearance_mm=0.0,funnel=True,gate=True,plate=0.05,plate_chamfer_deg=45,plate_round_mm=0.0,retreat=0|v10|stop",coin_1yen,flooring,0.0,3,0,0,0,3,0,0,0,3,0,0,,
"hood|backstop=None,clearance_mm=0.0,funnel=True,gate=True,plate=0.05,plate_chamfer_deg=45,plate_round_mm=0.0,retreat=0|v10|stop",coin_1yen,flooring,5.0,3,0,0,0,3,0,0,0,3,0,0,,
"hood|backstop=None,clearance_mm=0.0,funnel=True,gate=True,plate=0.05,plate_chamfer_deg=45,plate_round_mm=0.0,retreat=0|v10|stop",coin_1yen,flooring,10.0,3,0,0,0,3,0,0,0,3,0,0,,
"hood|backstop=None,clearance_mm=0.0,funnel=True,gate=True,plate=0.05,plate_chamfer_deg=45,plate_round_mm=0.0,retreat=0|v10|stop",coin_1yen,mat,0.0,3,0,0,0,3,0,0,0,3,0,0,,
"hood|backstop=None,clearance_mm=0.0,funnel=True,gate=True,plate=0.05,plate_chamfer_deg=45,plate_round_mm=0.0,retreat=0|v10|stop",coin_1yen,mat,5.0,3,0,0,0,3,0,0,0,3,0,0,,
"hood|backstop=None,clearance_mm=0.0,funnel=True,gate=True,plate=0.05,plate_chamfer_deg=45,plate_round_mm=0.0,retreat=0|v10|stop",coin_1yen,mat,10.0,3,0,0,0,3,0,0,0,3,0,0,,
"hood|backstop=None,clearance_mm=0.0,funnel=True,gate=True,plate=0.05,plate_chamfer_deg=45,plate_round_mm=0.0,retreat=0|v10|stop",crumb_cube,flooring,0.0,3,0,0,0,3,0,0,0,3,0,0,,
"hood|backstop=None,clearance_mm=0.0,funnel=True,gate=True,plate=0.05,plate_chamfer_deg=45,plate_round_mm=0.0,retreat=0|v10|stop",crumb_cube,flooring,5.0,3,0,0,0,3,0,0,0,3,0,0,,
"hood|backstop=None,clearance_mm=0.0,funnel=True,gate=True,plate=0.05,plate_chamfer_deg=45,plate_round_mm=0.0,retreat=0|v10|stop",crumb_cube,flooring,10.0,3,0,0,0,3,0,0,0,3,0,0,,
"hood|backstop=None,clearance_mm=0.0,funnel=True,gate=True,plate=0.05,plate_chamfer_deg=45,plate_round_mm=0.0,retreat=0|v10|stop",crumb_cube,mat,0.0,3,0,0,0,3,0,0,0,3,0,0,,
"hood|backstop=None,clearance_mm=0.0,funnel=True,gate=True,plate=0.05,plate_chamfer_deg=45,plate_round_mm=0.0,retreat=0|v10|stop",crumb_cube,mat,5.0,3,0,0,0,3,0,0,0,3,0,0,,
"hood|backstop=None,clearance_mm=0.0,funnel=True,gate=True,plate=0.05,plate_chamfer_deg=45,plate_round_mm=0.0,retreat=0|v10|stop",crumb_cube,mat,10.0,3,0,0,0,3,0,0,0,3,0,0,,
"hood|backstop=None,clearance_mm=0.0,funnel=True,gate=True,plate=0.05,plate_chamfer_deg=45,plate_round_mm=0.1,retreat=0|v10|stop",battery_cr2032,flooring,0.0,3,0,0,0,3,0,0,0,3,0,0,,
"hood|backstop=None,clearance_mm=0.0,funnel=True,gate=True,plate=0.05,plate_chamfer_deg=45,plate_round_mm=0.1,retreat=0|v10|stop",battery_cr2032,flooring,5.0,3,0,0,0,3,0,0,0,3,0,0,,
"hood|backstop=None,clearance_mm=0.0,funnel=True,gate=True,plate=0.05,plate_chamfer_deg=45,plate_round_mm=0.1,retreat=0|v10|stop",battery_cr2032,flooring,10.0,3,0,0,0,3,0,0,0,3,0,0,,
"hood|backstop=None,clearance_mm=0.0,funnel=True,gate=True,plate=0.05,plate_chamfer_deg=45,plate_round_mm=0.1,retreat=0|v10|stop",battery_cr2032,mat,0.0,3,0,0,0,3,0,0,0,3,0,0,,
"hood|backstop=None,clearance_mm=0.0,funnel=True,gate=True,plate=0.05,plate_chamfer_deg=45,plate_round_mm=0.1,retreat=0|v10|stop",battery_cr2032,mat,5.0,3,0,0,0,3,0,0,0,3,0,0,,
"hood|backstop=None,clearance_mm=0.0,funnel=True,gate=True,plate=0.05,plate_chamfer_deg=45,plate_round_mm=0.1,retreat=0|v10|stop",battery_cr2032,mat,10.0,3,0,0,0,3,0,0,0,3,0,0,,
"hood|backstop=None,clearance_mm=0.0,funnel=True,gate=True,plate=0.05,plate_chamfer_deg=45,plate_round_mm=0.1,retreat=0|v10|stop",bead,flooring,0.0,3,0,0,0,3,0,0,0,3,0,0,,
"hood|backstop=None,clearance_mm=0.0,funnel=True,gate=True,plate=0.05,plate_chamfer_deg=45,plate_round_mm=0.1,retreat=0|v10|stop",bead,flooring,5.0,3,0,0,0,3,0,0,0,3,0,0,,
"hood|backstop=None,clearance_mm=0.0,funnel=True,gate=True,plate=0.05,plate_chamfer_deg=45,plate_round_mm=0.1,retreat=0|v10|stop",bead,flooring,10.0,3,0,0,0,3,0,0,0,3,0,0,,
"hood|backstop=None,clearance_mm=0.0,funnel=True,gate=True,plate=0.05,plate_chamfer_deg=45,plate_round_mm=0.1,retreat=0|v10|stop",bead,mat,0.0,3,0,0,0,3,0,0,0,3,0,0,,
"hood|backstop=None,clearance_mm=0.0,funnel=True,gate=True,plate=0.05,plate_chamfer_deg=45,plate_round_mm=0.1,retreat=0|v10|stop",bead,mat,5.0,3,0,0,0,3,0,0,0,3,0,0,,
"hood|backstop=None,clearance_mm=0.0,funnel=True,gate=True,plate=0.05,plate_chamfer_deg=45,plate_round_mm=0.1,retreat=0|v10|stop",bead,mat,10.0,3,0,0,0,3,0,0,0,3,0,0,,
"hood|backstop=None,clearance_mm=0.0,funnel=True,gate=True,plate=0.05,plate_chamfer_deg=45,plate_round_mm=0.1,retreat=0|v10|stop",coin_1yen,flooring,0.0,3,0,0,0,3,0,0,0,3,0,0,,
"hood|backstop=None,clearance_mm=0.0,funnel=True,gate=True,plate=0.05,plate_chamfer_deg=45,plate_round_mm=0.1,retreat=0|v10|stop",coin_1yen,flooring,5.0,3,0,0,0,3,0,0,0,3,0,0,,
"hood|backstop=None,clearance_mm=0.0,funnel=True,gate=True,plate=0.05,plate_chamfer_deg=45,plate_round_mm=0.1,retreat=0|v10|stop",coin_1yen,flooring,10.0,3,0,0,0,3,0,0,0,3,0,0,,
"hood|backstop=None,clearance_mm=0.0,funnel=True,gate=True,plate=0.05,plate_chamfer_deg=45,plate_round_mm=0.1,retreat=0|v10|stop",coin_1yen,mat,0.0,3,0,0,0,3,0,0,0,3,0,0,,
"hood|backstop=None,clearance_mm=0.0,funnel=True,gate=True,plate=0.05,plate_chamfer_deg=45,plate_round_mm=0.1,retreat=0|v10|stop",coin_1yen,mat,5.0,3,0,0,0,3,0,0,0,3,0,0,,
"hood|backstop=None,clearance_mm=0.0,funnel=True,gate=True,plate=0.05,plate_chamfer_deg=45,plate_round_mm=0.1,retreat=0|v10|stop",coin_1yen,mat,10.0,3,0,0,0,3,0,0,0,3,0,0,,
"hood|backstop=None,clearance_mm=0.0,funnel=True,gate=True,plate=0.05,plate_chamfer_deg=45,plate_round_mm=0.1,retreat=0|v10|stop",crumb_cube,flooring,0.0,3,0,0,0,3,0,0,0,3,0,0,,
"hood|backstop=None,clearance_mm=0.0,funnel=True,gate=True,plate=0.05,plate_chamfer_deg=45,plate_round_mm=0.1,retreat=0|v10|stop",crumb_cube,flooring,5.0,3,0,0,0,3,0,0,0,3,0,0,,
"hood|backstop=None,clearance_mm=0.0,funnel=True,gate=True,plate=0.05,plate_chamfer_deg=45,plate_round_mm=0.1,retreat=0|v10|stop",crumb_cube,flooring,10.0,3,0,0,0,3,0,0,0,3,0,0,,
"hood|backstop=None,clearance_mm=0.0,funnel=True,gate=True,plate=0.05,plate_chamfer_deg=45,plate_round_mm=0.1,retreat=0|v10|stop",crumb_cube,mat,0.0,3,0,0,0,3,0,0,0,3,0,0,,
"hood|backstop=None,clearance_mm=0.0,funnel=True,gate=True,plate=0.05,plate_chamfer_deg=45,plate_round_mm=0.1,retreat=0|v10|stop",crumb_cube,mat,5.0,3,0,0,0,3,0,0,0,3,0,0,,
"hood|backstop=None,clearance_mm=0.0,funnel=True,gate=True,plate=0.05,plate_chamfer_deg=45,plate_round_mm=0.1,retreat=0|v10|stop",crumb_cube,mat,10.0,3,0,0,0,3,0,0,0,3,0,0,,
"hood|backstop=None,clearance_mm=0.0,funnel=True,gate=True,plate=0.05,plate_chamfer_deg=45,plate_round_mm=0.3,retreat=0|v10|stop",battery_cr2032,flooring,0.0,3,0,0,0,3,0,0,0,3,0,0,,
"hood|backstop=None,clearance_mm=0.0,funnel=True,gate=True,plate=0.05,plate_chamfer_deg=45,plate_round_mm=0.3,retreat=0|v10|stop",battery_cr2032,flooring,5.0,3,0,0,0,3,0,0,0,3,0,0,,
"hood|backstop=None,clearance_mm=0.0,funnel=True,gate=True,plate=0.05,plate_chamfer_deg=45,plate_round_mm=0.3,retreat=0|v10|stop",battery_cr2032,flooring,10.0,3,0,0,0,3,0,0,0,3,0,0,,
"hood|backstop=None,clearance_mm=0.0,funnel=True,gate=True,plate=0.05,plate_chamfer_deg=45,plate_round_mm=0.3,retreat=0|v10|stop",battery_cr2032,mat,0.0,3,0,0,0,3,0,0,0,3,0,0,,
"hood|backstop=None,clearance_mm=0.0,funnel=True,gate=True,plate=0.05,plate_chamfer_deg=45,plate_round_mm=0.3,retreat=0|v10|stop",battery_cr2032,mat,5.0,3,0,0,0,3,0,0,0,3,0,0,,
"hood|backstop=None,clearance_mm=0.0,funnel=True,gate=True,plate=0.05,plate_chamfer_deg=45,plate_round_mm=0.3,retreat=0|v10|stop",battery_cr2032,mat,10.0,3,0,0,0,3,0,0,0,3,0,0,,
"hood|backstop=None,clearance_mm=0.0,funnel=True,gate=True,plate=0.05,plate_chamfer_deg=45,plate_round_mm=0.3,retreat=0|v10|stop",bead,flooring,0.0,3,0,0,0,3,0,0,0,3,0,0,,
"hood|backstop=None,clearance_mm=0.0,funnel=True,gate=True,plate=0.05,plate_chamfer_deg=45,plate_round_mm=0.3,retreat=0|v10|stop",bead,flooring,5.0,3,0,0,0,3,0,0,0,3,0,0,,
"hood|backstop=None,clearance_mm=0.0,funnel=True,gate=True,plate=0.05,plate_chamfer_deg=45,plate_round_mm=0.3,retreat=0|v10|stop",bead,flooring,10.0,3,0,0,0,3,0,0,0,3,0,0,,
"hood|backstop=None,clearance_mm=0.0,funnel=True,gate=True,plate=0.05,plate_chamfer_deg=45,plate_round_mm=0.3,retreat=0|v10|stop",bead,mat,0.0,3,0,0,0,3,0,0,0,3,0,0,,
"hood|backstop=None,clearance_mm=0.0,funnel=True,gate=True,plate=0.05,plate_chamfer_deg=45,plate_round_mm=0.3,retreat=0|v10|stop",bead,mat,5.0,3,0,0,0,3,0,0,0,3,0,0,,
"hood|backstop=None,clearance_mm=0.0,funnel=True,gate=True,plate=0.05,plate_chamfer_deg=45,plate_round_mm=0.3,retreat=0|v10|stop",bead,mat,10.0,3,0,0,0,3,0,0,0,3,0,0,,
"hood|backstop=None,clearance_mm=0.0,funnel=True,gate=True,plate=0.05,plate_chamfer_deg=45,plate_round_mm=0.3,retreat=0|v10|stop",coin_1yen,flooring,0.0,3,0,0,0,3,0,0,0,3,0,0,,
"hood|backstop=None,clearance_mm=0.0,funnel=True,gate=True,plate=0.05,plate_chamfer_deg=45,plate_round_mm=0.3,retreat=0|v10|stop",coin_1yen,flooring,5.0,3,0,0,0,3,0,0,0,3,0,0,,
"hood|backstop=None,clearance_mm=0.0,funnel=True,gate=True,plate=0.05,plate_chamfer_deg=45,plate_round_mm=0.3,retreat=0|v10|stop",coin_1yen,flooring,10.0,3,0,0,0,3,0,0,0,3,0,0,,
"hood|backstop=None,clearance_mm=0.0,funnel=True,gate=True,plate=0.05,plate_chamfer_deg=45,plate_round_mm=0.3,retreat=0|v10|stop",coin_1yen,mat,0.0,3,0,0,0,3,0,0,0,3,0,0,,
"hood|backstop=None,clearance_mm=0.0,funnel=True,gate=True,plate=0.05,plate_chamfer_deg=45,plate_round_mm=0.3,retreat=0|v10|stop",coin_1yen,mat,5.0,3,0,0,0,3,0,0,0,3,0,0,,
"hood|backstop=None,clearance_mm=0.0,funnel=True,gate=True,plate=0.05,plate_chamfer_deg=45,plate_round_mm=0.3,retreat=0|v10|stop",coin_1yen,mat,10.0,3,0,0,0,3,0,0,0,3,0,0,,
"hood|backstop=None,clearance_mm=0.0,funnel=True,gate=True,plate=0.05,plate_chamfer_deg=45,plate_round_mm=0.3,retreat=0|v10|stop",crumb_cube,flooring,0.0,3,0,0,0,2,1,0,1,3,0,1,,
"hood|backstop=None,clearance_mm=0.0,funnel=True,gate=True,plate=0.05,plate_chamfer_deg=45,plate_round_mm=0.3,retreat=0|v10|stop",crumb_cube,flooring,5.0,3,0,0,0,0,3,0,3,3,0,3,,
"hood|backstop=None,clearance_mm=0.0,funnel=True,gate=True,plate=0.05,plate_chamfer_deg=45,plate_round_mm=0.3,retreat=0|v10|stop",crumb_cube,flooring,10.0,3,0,0,0,0,3,0,3,3,0,3,,
"hood|backstop=None,clearance_mm=0.0,funnel=True,gate=True,plate=0.05,plate_chamfer_deg=45,plate_round_mm=0.3,retreat=0|v10|stop",crumb_cube,mat,0.0,3,0,0,0,2,1,0,1,3,0,1,,
"hood|backstop=None,clearance_mm=0.0,funnel=True,gate=True,plate=0.05,plate_chamfer_deg=45,plate_round_mm=0.3,retreat=0|v10|stop",crumb_cube,mat,5.0,3,0,0,0,0,3,0,3,3,0,3,,
"hood|backstop=None,clearance_mm=0.0,funnel=True,gate=True,plate=0.05,plate_chamfer_deg=45,plate_round_mm=0.3,retreat=0|v10|stop",crumb_cube,mat,10.0,3,0,0,0,0,3,0,3,3,0,3,,
"hood|backstop=None,clearance_mm=0.0,funnel=True,gate=True,plate=0.05,plate_chamfer_deg=5,plate_round_mm=0.0,retreat=0|v10|stop",battery_cr2032,flooring,0.0,3,0,0,0,3,0,0,0,3,0,0,,
"hood|backstop=None,clearance_mm=0.0,funnel=True,gate=True,plate=0.05,plate_chamfer_deg=5,plate_round_mm=0.0,retreat=0|v10|stop",battery_cr2032,flooring,5.0,3,0,0,0,3,0,0,0,3,0,0,,
"hood|backstop=None,clearance_mm=0.0,funnel=True,gate=True,plate=0.05,plate_chamfer_deg=5,plate_round_mm=0.0,retreat=0|v10|stop",battery_cr2032,flooring,10.0,3,0,0,0,3,0,0,0,3,0,0,,
"hood|backstop=None,clearance_mm=0.0,funnel=True,gate=True,plate=0.05,plate_chamfer_deg=5,plate_round_mm=0.0,retreat=0|v10|stop",battery_cr2032,mat,0.0,3,0,0,0,3,0,0,0,3,0,0,,
"hood|backstop=None,clearance_mm=0.0,funnel=True,gate=True,plate=0.05,plate_chamfer_deg=5,plate_round_mm=0.0,retreat=0|v10|stop",battery_cr2032,mat,5.0,3,0,0,0,3,0,0,0,3,0,0,,
"hood|backstop=None,clearance_mm=0.0,funnel=True,gate=True,plate=0.05,plate_chamfer_deg=5,plate_round_mm=0.0,retreat=0|v10|stop",battery_cr2032,mat,10.0,3,0,0,0,3,0,0,0,3,0,0,,
"hood|backstop=None,clearance_mm=0.0,funnel=True,gate=True,plate=0.05,plate_chamfer_deg=5,plate_round_mm=0.0,retreat=0|v10|stop",bead,flooring,0.0,3,0,0,0,3,0,0,0,3,0,0,,
"hood|backstop=None,clearance_mm=0.0,funnel=True,gate=True,plate=0.05,plate_chamfer_deg=5,plate_round_mm=0.0,retreat=0|v10|stop",bead,flooring,5.0,3,0,0,0,3,0,0,0,3,0,0,,
"hood|backstop=None,clearance_mm=0.0,funnel=True,gate=True,plate=0.05,plate_chamfer_deg=5,plate_round_mm=0.0,retreat=0|v10|stop",bead,flooring,10.0,3,0,0,0,3,0,0,0,3,0,0,,
"hood|backstop=None,clearance_mm=0.0,funnel=True,gate=True,plate=0.05,plate_chamfer_deg=5,plate_round_mm=0.0,retreat=0|v10|stop",bead,mat,0.0,3,0,0,0,3,0,0,0,3,0,0,,
"hood|backstop=None,clearance_mm=0.0,funnel=True,gate=True,plate=0.05,plate_chamfer_deg=5,plate_round_mm=0.0,retreat=0|v10|stop",bead,mat,5.0,3,0,0,0,3,0,0,0,3,0,0,,
"hood|backstop=None,clearance_mm=0.0,funnel=True,gate=True,plate=0.05,plate_chamfer_deg=5,plate_round_mm=0.0,retreat=0|v10|stop",bead,mat,10.0,3,0,0,0,3,0,0,0,3,0,0,,
"hood|backstop=None,clearance_mm=0.0,funnel=True,gate=True,plate=0.05,plate_chamfer_deg=5,plate_round_mm=0.0,retreat=0|v10|stop",coin_1yen,flooring,0.0,3,0,0,0,3,0,0,0,3,0,0,,
"hood|backstop=None,clearance_mm=0.0,funnel=True,gate=True,plate=0.05,plate_chamfer_deg=5,plate_round_mm=0.0,retreat=0|v10|stop",coin_1yen,flooring,5.0,3,0,0,0,3,0,0,0,3,0,0,,
"hood|backstop=None,clearance_mm=0.0,funnel=True,gate=True,plate=0.05,plate_chamfer_deg=5,plate_round_mm=0.0,retreat=0|v10|stop",coin_1yen,flooring,10.0,3,0,0,0,3,0,0,0,3,0,0,,
"hood|backstop=None,clearance_mm=0.0,funnel=True,gate=True,plate=0.05,plate_chamfer_deg=5,plate_round_mm=0.0,retreat=0|v10|stop",coin_1yen,mat,0.0,3,0,0,0,3,0,0,0,3,0,0,,
"hood|backstop=None,clearance_mm=0.0,funnel=True,gate=True,plate=0.05,plate_chamfer_deg=5,plate_round_mm=0.0,retreat=0|v10|stop",coin_1yen,mat,5.0,3,0,0,0,3,0,0,0,3,0,0,,
"hood|backstop=None,clearance_mm=0.0,funnel=True,gate=True,plate=0.05,plate_chamfer_deg=5,plate_round_mm=0.0,retreat=0|v10|stop",coin_1yen,mat,10.0,3,0,0,0,3,0,0,0,3,0,0,,
"hood|backstop=None,clearance_mm=0.0,funnel=True,gate=True,plate=0.05,plate_chamfer_deg=5,plate_round_mm=0.0,retreat=0|v10|stop",crumb_cube,flooring,0.0,3,0,0,0,1,2,0,2,3,0,2,,
"hood|backstop=None,clearance_mm=0.0,funnel=True,gate=True,plate=0.05,plate_chamfer_deg=5,plate_round_mm=0.0,retreat=0|v10|stop",crumb_cube,flooring,5.0,3,0,0,0,0,3,0,3,3,0,3,,
"hood|backstop=None,clearance_mm=0.0,funnel=True,gate=True,plate=0.05,plate_chamfer_deg=5,plate_round_mm=0.0,retreat=0|v10|stop",crumb_cube,flooring,10.0,3,0,0,0,0,3,0,3,3,0,3,,
"hood|backstop=None,clearance_mm=0.0,funnel=True,gate=True,plate=0.05,plate_chamfer_deg=5,plate_round_mm=0.0,retreat=0|v10|stop",crumb_cube,mat,0.0,3,0,0,0,1,2,0,2,3,0,2,,
"hood|backstop=None,clearance_mm=0.0,funnel=True,gate=True,plate=0.05,plate_chamfer_deg=5,plate_round_mm=0.0,retreat=0|v10|stop",crumb_cube,mat,5.0,3,0,0,0,0,3,0,3,3,0,3,,
"hood|backstop=None,clearance_mm=0.0,funnel=True,gate=True,plate=0.05,plate_chamfer_deg=5,plate_round_mm=0.0,retreat=0|v10|stop",crumb_cube,mat,10.0,3,0,0,0,0,3,0,3,3,0,3,,
"hood|backstop=None,clearance_mm=0.0,funnel=True,gate=True,plate=0.05,plate_chamfer_deg=5,plate_round_mm=0.1,retreat=0|v10|stop",battery_cr2032,flooring,0.0,3,0,0,0,3,0,0,0,3,0,0,,
"hood|backstop=None,clearance_mm=0.0,funnel=True,gate=True,plate=0.05,plate_chamfer_deg=5,plate_round_mm=0.1,retreat=0|v10|stop",battery_cr2032,flooring,5.0,3,0,0,0,3,0,0,0,3,0,0,,
"hood|backstop=None,clearance_mm=0.0,funnel=True,gate=True,plate=0.05,plate_chamfer_deg=5,plate_round_mm=0.1,retreat=0|v10|stop",battery_cr2032,flooring,10.0,3,0,0,0,3,0,0,0,3,0,0,,
"hood|backstop=None,clearance_mm=0.0,funnel=True,gate=True,plate=0.05,plate_chamfer_deg=5,plate_round_mm=0.1,retreat=0|v10|stop",battery_cr2032,mat,0.0,3,0,0,0,3,0,0,0,3,0,0,,
"hood|backstop=None,clearance_mm=0.0,funnel=True,gate=True,plate=0.05,plate_chamfer_deg=5,plate_round_mm=0.1,retreat=0|v10|stop",battery_cr2032,mat,5.0,3,0,0,0,3,0,0,0,3,0,0,,
"hood|backstop=None,clearance_mm=0.0,funnel=True,gate=True,plate=0.05,plate_chamfer_deg=5,plate_round_mm=0.1,retreat=0|v10|stop",battery_cr2032,mat,10.0,3,0,0,0,3,0,0,0,3,0,0,,
"hood|backstop=None,clearance_mm=0.0,funnel=True,gate=True,plate=0.05,plate_chamfer_deg=5,plate_round_mm=0.1,retreat=0|v10|stop",bead,flooring,0.0,3,0,0,0,3,0,0,0,3,0,0,,
"hood|backstop=None,clearance_mm=0.0,funnel=True,gate=True,plate=0.05,plate_chamfer_deg=5,plate_round_mm=0.1,retreat=0|v10|stop",bead,flooring,5.0,3,0,0,0,3,0,0,0,3,0,0,,
"hood|backstop=None,clearance_mm=0.0,funnel=True,gate=True,plate=0.05,plate_chamfer_deg=5,plate_round_mm=0.1,retreat=0|v10|stop",bead,flooring,10.0,3,0,0,0,3,0,0,0,3,0,0,,
"hood|backstop=None,clearance_mm=0.0,funnel=True,gate=True,plate=0.05,plate_chamfer_deg=5,plate_round_mm=0.1,retreat=0|v10|stop",bead,mat,0.0,3,0,0,0,3,0,0,0,3,0,0,,
"hood|backstop=None,clearance_mm=0.0,funnel=True,gate=True,plate=0.05,plate_chamfer_deg=5,plate_round_mm=0.1,retreat=0|v10|stop",bead,mat,5.0,3,0,0,0,3,0,0,0,3,0,0,,
"hood|backstop=None,clearance_mm=0.0,funnel=True,gate=True,plate=0.05,plate_chamfer_deg=5,plate_round_mm=0.1,retreat=0|v10|stop",bead,mat,10.0,3,0,0,0,3,0,0,0,3,0,0,,
"hood|backstop=None,clearance_mm=0.0,funnel=True,gate=True,plate=0.05,plate_chamfer_deg=5,plate_round_mm=0.1,retreat=0|v10|stop",coin_1yen,flooring,0.0,3,0,0,0,3,0,0,0,3,0,0,,
"hood|backstop=None,clearance_mm=0.0,funnel=True,gate=True,plate=0.05,plate_chamfer_deg=5,plate_round_mm=0.1,retreat=0|v10|stop",coin_1yen,flooring,5.0,3,0,0,0,3,0,0,0,3,0,0,,
"hood|backstop=None,clearance_mm=0.0,funnel=True,gate=True,plate=0.05,plate_chamfer_deg=5,plate_round_mm=0.1,retreat=0|v10|stop",coin_1yen,flooring,10.0,3,0,0,0,3,0,0,0,3,0,0,,
"hood|backstop=None,clearance_mm=0.0,funnel=True,gate=True,plate=0.05,plate_chamfer_deg=5,plate_round_mm=0.1,retreat=0|v10|stop",coin_1yen,mat,0.0,3,0,0,0,3,0,0,0,3,0,0,,
"hood|backstop=None,clearance_mm=0.0,funnel=True,gate=True,plate=0.05,plate_chamfer_deg=5,plate_round_mm=0.1,retreat=0|v10|stop",coin_1yen,mat,5.0,3,0,0,0,3,0,0,0,3,0,0,,
"hood|backstop=None,clearance_mm=0.0,funnel=True,gate=True,plate=0.05,plate_chamfer_deg=5,plate_round_mm=0.1,retreat=0|v10|stop",coin_1yen,mat,10.0,3,0,0,0,3,0,0,0,3,0,0,,
"hood|backstop=None,clearance_mm=0.0,funnel=True,gate=True,plate=0.05,plate_chamfer_deg=5,plate_round_mm=0.1,retreat=0|v10|stop",crumb_cube,flooring,0.0,3,0,0,0,1,2,0,2,3,0,2,,
"hood|backstop=None,clearance_mm=0.0,funnel=True,gate=True,plate=0.05,plate_chamfer_deg=5,plate_round_mm=0.1,retreat=0|v10|stop",crumb_cube,flooring,5.0,3,0,0,0,0,3,0,3,3,0,3,,
"hood|backstop=None,clearance_mm=0.0,funnel=True,gate=True,plate=0.05,plate_chamfer_deg=5,plate_round_mm=0.1,retreat=0|v10|stop",crumb_cube,flooring,10.0,3,0,0,0,0,3,0,3,3,0,3,,
"hood|backstop=None,clearance_mm=0.0,funnel=True,gate=True,plate=0.05,plate_chamfer_deg=5,plate_round_mm=0.1,retreat=0|v10|stop",crumb_cube,mat,0.0,3,0,0,0,1,2,0,2,3,0,2,,
"hood|backstop=None,clearance_mm=0.0,funnel=True,gate=True,plate=0.05,plate_chamfer_deg=5,plate_round_mm=0.1,retreat=0|v10|stop",crumb_cube,mat,5.0,3,0,0,0,0,3,0,3,3,0,3,,
"hood|backstop=None,clearance_mm=0.0,funnel=True,gate=True,plate=0.05,plate_chamfer_deg=5,plate_round_mm=0.1,retreat=0|v10|stop",crumb_cube,mat,10.0,3,0,0,0,0,3,0,3,3,0,3,,
"hood|backstop=None,clearance_mm=0.0,funnel=True,gate=True,plate=0.05,plate_chamfer_deg=5,plate_round_mm=0.3,retreat=0|v10|stop",battery_cr2032,flooring,0.0,3,0,0,0,3,0,0,0,3,0,0,,
"hood|backstop=None,clearance_mm=0.0,funnel=True,gate=True,plate=0.05,plate_chamfer_deg=5,plate_round_mm=0.3,retreat=0|v10|stop",battery_cr2032,flooring,5.0,3,0,0,0,3,0,0,0,3,0,0,,
"hood|backstop=None,clearance_mm=0.0,funnel=True,gate=True,plate=0.05,plate_chamfer_deg=5,plate_round_mm=0.3,retreat=0|v10|stop",battery_cr2032,flooring,10.0,3,0,0,0,3,0,0,0,3,0,0,,
"hood|backstop=None,clearance_mm=0.0,funnel=True,gate=True,plate=0.05,plate_chamfer_deg=5,plate_round_mm=0.3,retreat=0|v10|stop",battery_cr2032,mat,0.0,3,0,0,0,3,0,0,0,3,0,0,,
"hood|backstop=None,clearance_mm=0.0,funnel=True,gate=True,plate=0.05,plate_chamfer_deg=5,plate_round_mm=0.3,retreat=0|v10|stop",battery_cr2032,mat,5.0,3,0,0,0,3,0,0,0,3,0,0,,
"hood|backstop=None,clearance_mm=0.0,funnel=True,gate=True,plate=0.05,plate_chamfer_deg=5,plate_round_mm=0.3,retreat=0|v10|stop",battery_cr2032,mat,10.0,3,0,0,0,3,0,0,0,3,0,0,,
"hood|backstop=None,clearance_mm=0.0,funnel=True,gate=True,plate=0.05,plate_chamfer_deg=5,plate_round_mm=0.3,retreat=0|v10|stop",bead,flooring,0.0,3,0,0,0,3,0,0,0,3,0,0,,
"hood|backstop=None,clearance_mm=0.0,funnel=True,gate=True,plate=0.05,plate_chamfer_deg=5,plate_round_mm=0.3,retreat=0|v10|stop",bead,flooring,5.0,3,0,0,0,3,0,0,0,3,0,0,,
"hood|backstop=None,clearance_mm=0.0,funnel=True,gate=True,plate=0.05,plate_chamfer_deg=5,plate_round_mm=0.3,retreat=0|v10|stop",bead,flooring,10.0,3,0,0,0,3,0,0,0,3,0,0,,
"hood|backstop=None,clearance_mm=0.0,funnel=True,gate=True,plate=0.05,plate_chamfer_deg=5,plate_round_mm=0.3,retreat=0|v10|stop",bead,mat,0.0,3,0,0,0,3,0,0,0,3,0,0,,
"hood|backstop=None,clearance_mm=0.0,funnel=True,gate=True,plate=0.05,plate_chamfer_deg=5,plate_round_mm=0.3,retreat=0|v10|stop",bead,mat,5.0,3,0,0,0,3,0,0,0,3,0,0,,
"hood|backstop=None,clearance_mm=0.0,funnel=True,gate=True,plate=0.05,plate_chamfer_deg=5,plate_round_mm=0.3,retreat=0|v10|stop",bead,mat,10.0,3,0,0,0,3,0,0,0,3,0,0,,
"hood|backstop=None,clearance_mm=0.0,funnel=True,gate=True,plate=0.05,plate_chamfer_deg=5,plate_round_mm=0.3,retreat=0|v10|stop",coin_1yen,flooring,0.0,3,0,0,0,3,0,0,0,3,0,0,,
"hood|backstop=None,clearance_mm=0.0,funnel=True,gate=True,plate=0.05,plate_chamfer_deg=5,plate_round_mm=0.3,retreat=0|v10|stop",coin_1yen,flooring,5.0,3,0,0,0,3,0,0,0,3,0,0,,
"hood|backstop=None,clearance_mm=0.0,funnel=True,gate=True,plate=0.05,plate_chamfer_deg=5,plate_round_mm=0.3,retreat=0|v10|stop",coin_1yen,flooring,10.0,3,0,0,0,3,0,0,0,3,0,0,,
"hood|backstop=None,clearance_mm=0.0,funnel=True,gate=True,plate=0.05,plate_chamfer_deg=5,plate_round_mm=0.3,retreat=0|v10|stop",coin_1yen,mat,0.0,3,0,0,0,3,0,0,0,3,0,0,,
"hood|backstop=None,clearance_mm=0.0,funnel=True,gate=True,plate=0.05,plate_chamfer_deg=5,plate_round_mm=0.3,retreat=0|v10|stop",coin_1yen,mat,5.0,3,0,0,0,3,0,0,0,3,0,0,,
"hood|backstop=None,clearance_mm=0.0,funnel=True,gate=True,plate=0.05,plate_chamfer_deg=5,plate_round_mm=0.3,retreat=0|v10|stop",coin_1yen,mat,10.0,3,0,0,0,3,0,0,0,3,0,0,,
"hood|backstop=None,clearance_mm=0.0,funnel=True,gate=True,plate=0.05,plate_chamfer_deg=5,plate_round_mm=0.3,retreat=0|v10|stop",crumb_cube,flooring,0.0,3,0,0,0,1,2,0,2,3,0,2,,
"hood|backstop=None,clearance_mm=0.0,funnel=True,gate=True,plate=0.05,plate_chamfer_deg=5,plate_round_mm=0.3,retreat=0|v10|stop",crumb_cube,flooring,5.0,3,0,0,0,0,3,0,3,3,0,3,,
"hood|backstop=None,clearance_mm=0.0,funnel=True,gate=True,plate=0.05,plate_chamfer_deg=5,plate_round_mm=0.3,retreat=0|v10|stop",crumb_cube,flooring,10.0,3,0,0,0,0,3,0,3,3,0,3,,
"hood|backstop=None,clearance_mm=0.0,funnel=True,gate=True,plate=0.05,plate_chamfer_deg=5,plate_round_mm=0.3,retreat=0|v10|stop",crumb_cube,mat,0.0,3,0,0,0,1,2,0,2,3,0,2,,
"hood|backstop=None,clearance_mm=0.0,funnel=True,gate=True,plate=0.05,plate_chamfer_deg=5,plate_round_mm=0.3,retreat=0|v10|stop",crumb_cube,mat,5.0,3,0,0,0,0,3,0,3,3,0,3,,
"hood|backstop=None,clearance_mm=0.0,funnel=True,gate=True,plate=0.05,plate_chamfer_deg=5,plate_round_mm=0.3,retreat=0|v10|stop",crumb_cube,mat,10.0,3,0,0,0,0,3,0,3,3,0,3,,
"hood|backstop=None,clearance_mm=0.0,funnel=True,gate=True,plate=0.05,plate_chamfer_deg=90,plate_round_mm=0.0,retreat=0|v10|stop",battery_cr2032,flooring,0.0,3,0,0,0,3,0,0,0,3,0,0,,
"hood|backstop=None,clearance_mm=0.0,funnel=True,gate=True,plate=0.05,plate_chamfer_deg=90,plate_round_mm=0.0,retreat=0|v10|stop",battery_cr2032,flooring,5.0,3,0,0,0,3,0,0,0,3,0,0,,
"hood|backstop=None,clearance_mm=0.0,funnel=True,gate=True,plate=0.05,plate_chamfer_deg=90,plate_round_mm=0.0,retreat=0|v10|stop",battery_cr2032,flooring,10.0,3,0,0,0,3,0,0,0,3,0,0,,
"hood|backstop=None,clearance_mm=0.0,funnel=True,gate=True,plate=0.05,plate_chamfer_deg=90,plate_round_mm=0.0,retreat=0|v10|stop",battery_cr2032,mat,0.0,3,0,0,0,3,0,0,0,3,0,0,,
"hood|backstop=None,clearance_mm=0.0,funnel=True,gate=True,plate=0.05,plate_chamfer_deg=90,plate_round_mm=0.0,retreat=0|v10|stop",battery_cr2032,mat,5.0,3,0,0,0,3,0,0,0,3,0,0,,
"hood|backstop=None,clearance_mm=0.0,funnel=True,gate=True,plate=0.05,plate_chamfer_deg=90,plate_round_mm=0.0,retreat=0|v10|stop",battery_cr2032,mat,10.0,3,0,0,0,3,0,0,0,3,0,0,,
"hood|backstop=None,clearance_mm=0.0,funnel=True,gate=True,plate=0.05,plate_chamfer_deg=90,plate_round_mm=0.0,retreat=0|v10|stop",bead,flooring,0.0,3,0,0,0,3,0,0,0,3,0,0,,
"hood|backstop=None,clearance_mm=0.0,funnel=True,gate=True,plate=0.05,plate_chamfer_deg=90,plate_round_mm=0.0,retreat=0|v10|stop",bead,flooring,5.0,3,0,0,0,3,0,0,0,3,0,0,,
"hood|backstop=None,clearance_mm=0.0,funnel=True,gate=True,plate=0.05,plate_chamfer_deg=90,plate_round_mm=0.0,retreat=0|v10|stop",bead,flooring,10.0,3,0,0,0,3,0,0,0,3,0,0,,
"hood|backstop=None,clearance_mm=0.0,funnel=True,gate=True,plate=0.05,plate_chamfer_deg=90,plate_round_mm=0.0,retreat=0|v10|stop",bead,mat,0.0,3,0,0,0,3,0,0,0,3,0,0,,
"hood|backstop=None,clearance_mm=0.0,funnel=True,gate=True,plate=0.05,plate_chamfer_deg=90,plate_round_mm=0.0,retreat=0|v10|stop",bead,mat,5.0,3,0,0,0,3,0,0,0,3,0,0,,
"hood|backstop=None,clearance_mm=0.0,funnel=True,gate=True,plate=0.05,plate_chamfer_deg=90,plate_round_mm=0.0,retreat=0|v10|stop",bead,mat,10.0,3,0,0,0,3,0,0,0,3,0,0,,
"hood|backstop=None,clearance_mm=0.0,funnel=True,gate=True,plate=0.05,plate_chamfer_deg=90,plate_round_mm=0.0,retreat=0|v10|stop",coin_1yen,flooring,0.0,3,0,0,0,3,0,0,0,3,0,0,,
"hood|backstop=None,clearance_mm=0.0,funnel=True,gate=True,plate=0.05,plate_chamfer_deg=90,plate_round_mm=0.0,retreat=0|v10|stop",coin_1yen,flooring,5.0,3,0,0,0,3,0,0,0,3,0,0,,
"hood|backstop=None,clearance_mm=0.0,funnel=True,gate=True,plate=0.05,plate_chamfer_deg=90,plate_round_mm=0.0,retreat=0|v10|stop",coin_1yen,flooring,10.0,3,0,0,0,3,0,0,0,3,0,0,,
"hood|backstop=None,clearance_mm=0.0,funnel=True,gate=True,plate=0.05,plate_chamfer_deg=90,plate_round_mm=0.0,retreat=0|v10|stop",coin_1yen,mat,0.0,3,0,0,0,3,0,0,0,3,0,0,,
"hood|backstop=None,clearance_mm=0.0,funnel=True,gate=True,plate=0.05,plate_chamfer_deg=90,plate_round_mm=0.0,retreat=0|v10|stop",coin_1yen,mat,5.0,3,0,0,0,3,0,0,0,3,0,0,,
"hood|backstop=None,clearance_mm=0.0,funnel=True,gate=True,plate=0.05,plate_chamfer_deg=90,plate_round_mm=0.0,retreat=0|v10|stop",coin_1yen,mat,10.0,3,0,0,0,3,0,0,0,3,0,0,,
"hood|backstop=None,clearance_mm=0.0,funnel=True,gate=True,plate=0.05,plate_chamfer_deg=90,plate_round_mm=0.0,retreat=0|v10|stop",crumb_cube,flooring,0.0,3,0,0,0,3,0,0,0,3,0,0,,
"hood|backstop=None,clearance_mm=0.0,funnel=True,gate=True,plate=0.05,plate_chamfer_deg=90,plate_round_mm=0.0,retreat=0|v10|stop",crumb_cube,flooring,5.0,3,0,0,0,3,0,0,0,3,0,0,,
"hood|backstop=None,clearance_mm=0.0,funnel=True,gate=True,plate=0.05,plate_chamfer_deg=90,plate_round_mm=0.0,retreat=0|v10|stop",crumb_cube,flooring,10.0,3,0,0,0,3,0,0,0,3,0,0,,
"hood|backstop=None,clearance_mm=0.0,funnel=True,gate=True,plate=0.05,plate_chamfer_deg=90,plate_round_mm=0.0,retreat=0|v10|stop",crumb_cube,mat,0.0,3,0,0,0,3,0,0,0,3,0,0,,
"hood|backstop=None,clearance_mm=0.0,funnel=True,gate=True,plate=0.05,plate_chamfer_deg=90,plate_round_mm=0.0,retreat=0|v10|stop",crumb_cube,mat,5.0,3,0,0,0,3,0,0,0,3,0,0,,
"hood|backstop=None,clearance_mm=0.0,funnel=True,gate=True,plate=0.05,plate_chamfer_deg=90,plate_round_mm=0.0,retreat=0|v10|stop",crumb_cube,mat,10.0,3,0,0,0,3,0,0,0,3,0,0,,
"hood|backstop=None,clearance_mm=0.0,funnel=True,gate=True,plate=0.05,plate_chamfer_deg=90,plate_round_mm=0.1,retreat=0|v10|stop",battery_cr2032,flooring,0.0,3,0,0,0,3,0,0,0,3,0,0,,
"hood|backstop=None,clearance_mm=0.0,funnel=True,gate=True,plate=0.05,plate_chamfer_deg=90,plate_round_mm=0.1,retreat=0|v10|stop",battery_cr2032,flooring,5.0,3,0,0,0,3,0,0,0,3,0,0,,
"hood|backstop=None,clearance_mm=0.0,funnel=True,gate=True,plate=0.05,plate_chamfer_deg=90,plate_round_mm=0.1,retreat=0|v10|stop",battery_cr2032,flooring,10.0,3,0,0,0,3,0,0,0,3,0,0,,
"hood|backstop=None,clearance_mm=0.0,funnel=True,gate=True,plate=0.05,plate_chamfer_deg=90,plate_round_mm=0.1,retreat=0|v10|stop",battery_cr2032,mat,0.0,3,0,0,0,3,0,0,0,3,0,0,,
"hood|backstop=None,clearance_mm=0.0,funnel=True,gate=True,plate=0.05,plate_chamfer_deg=90,plate_round_mm=0.1,retreat=0|v10|stop",battery_cr2032,mat,5.0,3,0,0,0,3,0,0,0,3,0,0,,
"hood|backstop=None,clearance_mm=0.0,funnel=True,gate=True,plate=0.05,plate_chamfer_deg=90,plate_round_mm=0.1,retreat=0|v10|stop",battery_cr2032,mat,10.0,3,0,0,0,3,0,0,0,3,0,0,,
"hood|backstop=None,clearance_mm=0.0,funnel=True,gate=True,plate=0.05,plate_chamfer_deg=90,plate_round_mm=0.1,retreat=0|v10|stop",bead,flooring,0.0,3,0,0,0,3,0,0,0,3,0,0,,
"hood|backstop=None,clearance_mm=0.0,funnel=True,gate=True,plate=0.05,plate_chamfer_deg=90,plate_round_mm=0.1,retreat=0|v10|stop",bead,flooring,5.0,3,0,0,0,3,0,0,0,3,0,0,,
"hood|backstop=None,clearance_mm=0.0,funnel=True,gate=True,plate=0.05,plate_chamfer_deg=90,plate_round_mm=0.1,retreat=0|v10|stop",bead,flooring,10.0,3,0,0,0,3,0,0,0,3,0,0,,
"hood|backstop=None,clearance_mm=0.0,funnel=True,gate=True,plate=0.05,plate_chamfer_deg=90,plate_round_mm=0.1,retreat=0|v10|stop",bead,mat,0.0,3,0,0,0,3,0,0,0,3,0,0,,
"hood|backstop=None,clearance_mm=0.0,funnel=True,gate=True,plate=0.05,plate_chamfer_deg=90,plate_round_mm=0.1,retreat=0|v10|stop",bead,mat,5.0,3,0,0,0,3,0,0,0,3,0,0,,
"hood|backstop=None,clearance_mm=0.0,funnel=True,gate=True,plate=0.05,plate_chamfer_deg=90,plate_round_mm=0.1,retreat=0|v10|stop",bead,mat,10.0,3,0,0,0,3,0,0,0,3,0,0,,
"hood|backstop=None,clearance_mm=0.0,funnel=True,gate=True,plate=0.05,plate_chamfer_deg=90,plate_round_mm=0.1,retreat=0|v10|stop",coin_1yen,flooring,0.0,3,0,0,0,3,0,0,0,3,0,0,,
"hood|backstop=None,clearance_mm=0.0,funnel=True,gate=True,plate=0.05,plate_chamfer_deg=90,plate_round_mm=0.1,retreat=0|v10|stop",coin_1yen,flooring,5.0,3,0,0,0,3,0,0,0,3,0,0,,
"hood|backstop=None,clearance_mm=0.0,funnel=True,gate=True,plate=0.05,plate_chamfer_deg=90,plate_round_mm=0.1,retreat=0|v10|stop",coin_1yen,flooring,10.0,3,0,0,0,3,0,0,0,3,0,0,,
"hood|backstop=None,clearance_mm=0.0,funnel=True,gate=True,plate=0.05,plate_chamfer_deg=90,plate_round_mm=0.1,retreat=0|v10|stop",coin_1yen,mat,0.0,3,0,0,0,3,0,0,0,3,0,0,,
"hood|backstop=None,clearance_mm=0.0,funnel=True,gate=True,plate=0.05,plate_chamfer_deg=90,plate_round_mm=0.1,retreat=0|v10|stop",coin_1yen,mat,5.0,3,0,0,0,3,0,0,0,3,0,0,,
"hood|backstop=None,clearance_mm=0.0,funnel=True,gate=True,plate=0.05,plate_chamfer_deg=90,plate_round_mm=0.1,retreat=0|v10|stop",coin_1yen,mat,10.0,3,0,0,0,3,0,0,0,3,0,0,,
"hood|backstop=None,clearance_mm=0.0,funnel=True,gate=True,plate=0.05,plate_chamfer_deg=90,plate_round_mm=0.1,retreat=0|v10|stop",crumb_cube,flooring,0.0,3,0,0,0,3,0,0,0,3,0,0,,
"hood|backstop=None,clearance_mm=0.0,funnel=True,gate=True,plate=0.05,plate_chamfer_deg=90,plate_round_mm=0.1,retreat=0|v10|stop",crumb_cube,flooring,5.0,3,0,0,0,3,0,0,0,3,0,0,,
"hood|backstop=None,clearance_mm=0.0,funnel=True,gate=True,plate=0.05,plate_chamfer_deg=90,plate_round_mm=0.1,retreat=0|v10|stop",crumb_cube,flooring,10.0,3,0,0,0,3,0,0,0,3,0,0,,
"hood|backstop=None,clearance_mm=0.0,funnel=True,gate=True,plate=0.05,plate_chamfer_deg=90,plate_round_mm=0.1,retreat=0|v10|stop",crumb_cube,mat,0.0,3,0,0,0,3,0,0,0,3,0,0,,
"hood|backstop=None,clearance_mm=0.0,funnel=True,gate=True,plate=0.05,plate_chamfer_deg=90,plate_round_mm=0.1,retreat=0|v10|stop",crumb_cube,mat,5.0,3,0,0,0,3,0,0,0,3,0,0,,
"hood|backstop=None,clearance_mm=0.0,funnel=True,gate=True,plate=0.05,plate_chamfer_deg=90,plate_round_mm=0.1,retreat=0|v10|stop",crumb_cube,mat,10.0,3,0,0,0,3,0,0,0,3,0,0,,
"hood|backstop=None,clearance_mm=0.0,funnel=True,gate=True,plate=0.05,plate_chamfer_deg=90,plate_round_mm=0.3,retreat=0|v10|stop",battery_cr2032,flooring,0.0,3,0,0,0,3,0,0,0,3,0,0,,
"hood|backstop=None,clearance_mm=0.0,funnel=True,gate=True,plate=0.05,plate_chamfer_deg=90,plate_round_mm=0.3,retreat=0|v10|stop",battery_cr2032,flooring,5.0,3,0,0,0,3,0,0,0,3,0,0,,
"hood|backstop=None,clearance_mm=0.0,funnel=True,gate=True,plate=0.05,plate_chamfer_deg=90,plate_round_mm=0.3,retreat=0|v10|stop",battery_cr2032,flooring,10.0,3,0,0,0,3,0,0,0,3,0,0,,
"hood|backstop=None,clearance_mm=0.0,funnel=True,gate=True,plate=0.05,plate_chamfer_deg=90,plate_round_mm=0.3,retreat=0|v10|stop",battery_cr2032,mat,0.0,3,0,0,0,3,0,0,0,3,0,0,,
"hood|backstop=None,clearance_mm=0.0,funnel=True,gate=True,plate=0.05,plate_chamfer_deg=90,plate_round_mm=0.3,retreat=0|v10|stop",battery_cr2032,mat,5.0,3,0,0,0,3,0,0,0,3,0,0,,
"hood|backstop=None,clearance_mm=0.0,funnel=True,gate=True,plate=0.05,plate_chamfer_deg=90,plate_round_mm=0.3,retreat=0|v10|stop",battery_cr2032,mat,10.0,3,0,0,0,3,0,0,0,3,0,0,,
"hood|backstop=None,clearance_mm=0.0,funnel=True,gate=True,plate=0.05,plate_chamfer_deg=90,plate_round_mm=0.3,retreat=0|v10|stop",bead,flooring,0.0,3,0,0,0,3,0,0,0,3,0,0,,
"hood|backstop=None,clearance_mm=0.0,funnel=True,gate=True,plate=0.05,plate_chamfer_deg=90,plate_round_mm=0.3,retreat=0|v10|stop",bead,flooring,5.0,3,0,0,0,3,0,0,0,3,0,0,,
"hood|backstop=None,clearance_mm=0.0,funnel=True,gate=True,plate=0.05,plate_chamfer_deg=90,plate_round_mm=0.3,retreat=0|v10|stop",bead,flooring,10.0,3,0,0,0,3,0,0,0,3,0,0,,
"hood|backstop=None,clearance_mm=0.0,funnel=True,gate=True,plate=0.05,plate_chamfer_deg=90,plate_round_mm=0.3,retreat=0|v10|stop",bead,mat,0.0,3,0,0,0,3,0,0,0,3,0,0,,
"hood|backstop=None,clearance_mm=0.0,funnel=True,gate=True,plate=0.05,plate_chamfer_deg=90,plate_round_mm=0.3,retreat=0|v10|stop",bead,mat,5.0,3,0,0,0,3,0,0,0,3,0,0,,
"hood|backstop=None,clearance_mm=0.0,funnel=True,gate=True,plate=0.05,plate_chamfer_deg=90,plate_round_mm=0.3,retreat=0|v10|stop",bead,mat,10.0,3,0,0,0,3,0,0,0,3,0,0,,
"hood|backstop=None,clearance_mm=0.0,funnel=True,gate=True,plate=0.05,plate_chamfer_deg=90,plate_round_mm=0.3,retreat=0|v10|stop",coin_1yen,flooring,0.0,3,0,0,0,3,0,0,0,3,0,0,,
"hood|backstop=None,clearance_mm=0.0,funnel=True,gate=True,plate=0.05,plate_chamfer_deg=90,plate_round_mm=0.3,retreat=0|v10|stop",coin_1yen,flooring,5.0,3,0,0,0,3,0,0,0,3,0,0,,
"hood|backstop=None,clearance_mm=0.0,funnel=True,gate=True,plate=0.05,plate_chamfer_deg=90,plate_round_mm=0.3,retreat=0|v10|stop",coin_1yen,flooring,10.0,3,0,0,0,3,0,0,0,3,0,0,,
"hood|backstop=None,clearance_mm=0.0,funnel=True,gate=True,plate=0.05,plate_chamfer_deg=90,plate_round_mm=0.3,retreat=0|v10|stop",coin_1yen,mat,0.0,3,0,0,0,3,0,0,0,3,0,0,,
"hood|backstop=None,clearance_mm=0.0,funnel=True,gate=True,plate=0.05,plate_chamfer_deg=90,plate_round_mm=0.3,retreat=0|v10|stop",coin_1yen,mat,5.0,3,0,0,0,3,0,0,0,3,0,0,,
"hood|backstop=None,clearance_mm=0.0,funnel=True,gate=True,plate=0.05,plate_chamfer_deg=90,plate_round_mm=0.3,retreat=0|v10|stop",coin_1yen,mat,10.0,3,0,0,0,3,0,0,0,3,0,0,,
"hood|backstop=None,clearance_mm=0.0,funnel=True,gate=True,plate=0.05,plate_chamfer_deg=90,plate_round_mm=0.3,retreat=0|v10|stop",crumb_cube,flooring,0.0,3,0,0,0,3,0,0,0,3,0,0,,
"hood|backstop=None,clearance_mm=0.0,funnel=True,gate=True,plate=0.05,plate_chamfer_deg=90,plate_round_mm=0.3,retreat=0|v10|stop",crumb_cube,flooring,5.0,3,0,0,0,3,0,0,0,3,0,0,,
"hood|backstop=None,clearance_mm=0.0,funnel=True,gate=True,plate=0.05,plate_chamfer_deg=90,plate_round_mm=0.3,retreat=0|v10|stop",crumb_cube,flooring,10.0,3,0,0,0,3,0,0,0,3,0,0,,
"hood|backstop=None,clearance_mm=0.0,funnel=True,gate=True,plate=0.05,plate_chamfer_deg=90,plate_round_mm=0.3,retreat=0|v10|stop",crumb_cube,mat,0.0,3,0,0,0,3,0,0,0,3,0,0,,
"hood|backstop=None,clearance_mm=0.0,funnel=True,gate=True,plate=0.05,plate_chamfer_deg=90,plate_round_mm=0.3,retreat=0|v10|stop",crumb_cube,mat,5.0,3,0,0,0,3,0,0,0,3,0,0,,
"hood|backstop=None,clearance_mm=0.0,funnel=True,gate=True,plate=0.05,plate_chamfer_deg=90,plate_round_mm=0.3,retreat=0|v10|stop",crumb_cube,mat,10.0,3,0,0,0,3,0,0,0,3,0,0,,
"hood|backstop=None,clearance_mm=0.0,funnel=True,gate=True,plate=0.1,plate_chamfer_deg=10,plate_round_mm=0.0,retreat=0|v10|stop",battery_cr2032,flooring,0.0,3,0,0,0,3,0,0,0,3,0,0,,
"hood|backstop=None,clearance_mm=0.0,funnel=True,gate=True,plate=0.1,plate_chamfer_deg=10,plate_round_mm=0.0,retreat=0|v10|stop",battery_cr2032,flooring,5.0,3,0,0,0,3,0,0,0,3,0,0,,
"hood|backstop=None,clearance_mm=0.0,funnel=True,gate=True,plate=0.1,plate_chamfer_deg=10,plate_round_mm=0.0,retreat=0|v10|stop",battery_cr2032,flooring,10.0,3,0,0,0,3,0,0,0,3,0,0,,
"hood|backstop=None,clearance_mm=0.0,funnel=True,gate=True,plate=0.1,plate_chamfer_deg=10,plate_round_mm=0.0,retreat=0|v10|stop",battery_cr2032,mat,0.0,3,0,0,0,3,0,0,0,3,0,0,,
"hood|backstop=None,clearance_mm=0.0,funnel=True,gate=True,plate=0.1,plate_chamfer_deg=10,plate_round_mm=0.0,retreat=0|v10|stop",battery_cr2032,mat,5.0,3,0,0,0,3,0,0,0,3,0,0,,
"hood|backstop=None,clearance_mm=0.0,funnel=True,gate=True,plate=0.1,plate_chamfer_deg=10,plate_round_mm=0.0,retreat=0|v10|stop",battery_cr2032,mat,10.0,3,0,0,0,3,0,0,0,3,0,0,,
"hood|backstop=None,clearance_mm=0.0,funnel=True,gate=True,plate=0.1,plate_chamfer_deg=10,plate_round_mm=0.0,retreat=0|v10|stop",bead,flooring,0.0,3,0,0,0,3,0,0,0,3,0,0,,
"hood|backstop=None,clearance_mm=0.0,funnel=True,gate=True,plate=0.1,plate_chamfer_deg=10,plate_round_mm=0.0,retreat=0|v10|stop",bead,flooring,5.0,3,0,0,0,3,0,0,0,3,0,0,,
"hood|backstop=None,clearance_mm=0.0,funnel=True,gate=True,plate=0.1,plate_chamfer_deg=10,plate_round_mm=0.0,retreat=0|v10|stop",bead,flooring,10.0,3,0,0,0,3,0,0,0,3,0,0,,
"hood|backstop=None,clearance_mm=0.0,funnel=True,gate=True,plate=0.1,plate_chamfer_deg=10,plate_round_mm=0.0,retreat=0|v10|stop",bead,mat,0.0,3,0,0,0,3,0,0,0,3,0,0,,
"hood|backstop=None,clearance_mm=0.0,funnel=True,gate=True,plate=0.1,plate_chamfer_deg=10,plate_round_mm=0.0,retreat=0|v10|stop",bead,mat,5.0,3,0,0,0,3,0,0,0,3,0,0,,
"hood|backstop=None,clearance_mm=0.0,funnel=True,gate=True,plate=0.1,plate_chamfer_deg=10,plate_round_mm=0.0,retreat=0|v10|stop",bead,mat,10.0,3,0,0,0,3,0,0,0,3,0,0,,
"hood|backstop=None,clearance_mm=0.0,funnel=True,gate=True,plate=0.1,plate_chamfer_deg=10,plate_round_mm=0.0,retreat=0|v10|stop",coin_1yen,flooring,0.0,3,0,0,0,3,0,0,0,3,0,0,,
"hood|backstop=None,clearance_mm=0.0,funnel=True,gate=True,plate=0.1,plate_chamfer_deg=10,plate_round_mm=0.0,retreat=0|v10|stop",coin_1yen,flooring,5.0,3,0,0,0,3,0,0,0,3,0,0,,
"hood|backstop=None,clearance_mm=0.0,funnel=True,gate=True,plate=0.1,plate_chamfer_deg=10,plate_round_mm=0.0,retreat=0|v10|stop",coin_1yen,flooring,10.0,3,0,0,0,3,0,0,0,3,0,0,,
"hood|backstop=None,clearance_mm=0.0,funnel=True,gate=True,plate=0.1,plate_chamfer_deg=10,plate_round_mm=0.0,retreat=0|v10|stop",coin_1yen,mat,0.0,3,0,0,0,3,0,0,0,3,0,0,,
"hood|backstop=None,clearance_mm=0.0,funnel=True,gate=True,plate=0.1,plate_chamfer_deg=10,plate_round_mm=0.0,retreat=0|v10|stop",coin_1yen,mat,5.0,3,0,0,0,3,0,0,0,3,0,0,,
"hood|backstop=None,clearance_mm=0.0,funnel=True,gate=True,plate=0.1,plate_chamfer_deg=10,plate_round_mm=0.0,retreat=0|v10|stop",coin_1yen,mat,10.0,3,0,0,0,3,0,0,0,3,0,0,,
"hood|backstop=None,clearance_mm=0.0,funnel=True,gate=True,plate=0.1,plate_chamfer_deg=10,plate_round_mm=0.0,retreat=0|v10|stop",crumb_cube,flooring,0.0,3,0,0,0,1,2,0,2,3,0,2,,
"hood|backstop=None,clearance_mm=0.0,funnel=True,gate=True,plate=0.1,plate_chamfer_deg=10,plate_round_mm=0.0,retreat=0|v10|stop",crumb_cube,flooring,5.0,3,0,0,0,0,3,0,3,3,0,3,,
"hood|backstop=None,clearance_mm=0.0,funnel=True,gate=True,plate=0.1,plate_chamfer_deg=10,plate_round_mm=0.0,retreat=0|v10|stop",crumb_cube,flooring,10.0,3,0,0,0,0,3,0,3,3,0,3,,
"hood|backstop=None,clearance_mm=0.0,funnel=True,gate=True,plate=0.1,plate_chamfer_deg=10,plate_round_mm=0.0,retreat=0|v10|stop",crumb_cube,mat,0.0,3,0,0,0,1,2,0,2,3,0,2,,
"hood|backstop=None,clearance_mm=0.0,funnel=True,gate=True,plate=0.1,plate_chamfer_deg=10,plate_round_mm=0.0,retreat=0|v10|stop",crumb_cube,mat,5.0,3,0,0,0,0,3,0,3,3,0,3,,
"hood|backstop=None,clearance_mm=0.0,funnel=True,gate=True,plate=0.1,plate_chamfer_deg=10,plate_round_mm=0.0,retreat=0|v10|stop",crumb_cube,mat,10.0,3,0,0,0,0,3,0,3,3,0,3,,
"hood|backstop=None,clearance_mm=0.0,funnel=True,gate=True,plate=0.1,plate_chamfer_deg=10,plate_round_mm=0.1,retreat=0|v10|stop",battery_cr2032,flooring,0.0,3,0,0,0,3,0,0,0,3,0,0,,
"hood|backstop=None,clearance_mm=0.0,funnel=True,gate=True,plate=0.1,plate_chamfer_deg=10,plate_round_mm=0.1,retreat=0|v10|stop",battery_cr2032,flooring,5.0,3,0,0,0,3,0,0,0,3,0,0,,
"hood|backstop=None,clearance_mm=0.0,funnel=True,gate=True,plate=0.1,plate_chamfer_deg=10,plate_round_mm=0.1,retreat=0|v10|stop",battery_cr2032,flooring,10.0,3,0,0,0,3,0,0,0,3,0,0,,
"hood|backstop=None,clearance_mm=0.0,funnel=True,gate=True,plate=0.1,plate_chamfer_deg=10,plate_round_mm=0.1,retreat=0|v10|stop",battery_cr2032,mat,0.0,3,0,0,0,3,0,0,0,3,0,0,,
"hood|backstop=None,clearance_mm=0.0,funnel=True,gate=True,plate=0.1,plate_chamfer_deg=10,plate_round_mm=0.1,retreat=0|v10|stop",battery_cr2032,mat,5.0,3,0,0,0,3,0,0,0,3,0,0,,
"hood|backstop=None,clearance_mm=0.0,funnel=True,gate=True,plate=0.1,plate_chamfer_deg=10,plate_round_mm=0.1,retreat=0|v10|stop",battery_cr2032,mat,10.0,3,0,0,0,3,0,0,0,3,0,0,,
"hood|backstop=None,clearance_mm=0.0,funnel=True,gate=True,plate=0.1,plate_chamfer_deg=10,plate_round_mm=0.1,retreat=0|v10|stop",bead,flooring,0.0,3,0,0,0,3,0,0,0,3,0,0,,
"hood|backstop=None,clearance_mm=0.0,funnel=True,gate=True,plate=0.1,plate_chamfer_deg=10,plate_round_mm=0.1,retreat=0|v10|stop",bead,flooring,5.0,3,0,0,0,3,0,0,0,3,0,0,,
"hood|backstop=None,clearance_mm=0.0,funnel=True,gate=True,plate=0.1,plate_chamfer_deg=10,plate_round_mm=0.1,retreat=0|v10|stop",bead,flooring,10.0,3,0,0,0,3,0,0,0,3,0,0,,
"hood|backstop=None,clearance_mm=0.0,funnel=True,gate=True,plate=0.1,plate_chamfer_deg=10,plate_round_mm=0.1,retreat=0|v10|stop",bead,mat,0.0,3,0,0,0,3,0,0,0,3,0,0,,
"hood|backstop=None,clearance_mm=0.0,funnel=True,gate=True,plate=0.1,plate_chamfer_deg=10,plate_round_mm=0.1,retreat=0|v10|stop",bead,mat,5.0,3,0,0,0,3,0,0,0,3,0,0,,
"hood|backstop=None,clearance_mm=0.0,funnel=True,gate=True,plate=0.1,plate_chamfer_deg=10,plate_round_mm=0.1,retreat=0|v10|stop",bead,mat,10.0,3,0,0,0,3,0,0,0,3,0,0,,
"hood|backstop=None,clearance_mm=0.0,funnel=True,gate=True,plate=0.1,plate_chamfer_deg=10,plate_round_mm=0.1,retreat=0|v10|stop",coin_1yen,flooring,0.0,3,0,0,0,3,0,0,0,3,0,0,,
"hood|backstop=None,clearance_mm=0.0,funnel=True,gate=True,plate=0.1,plate_chamfer_deg=10,plate_round_mm=0.1,retreat=0|v10|stop",coin_1yen,flooring,5.0,3,0,0,0,3,0,0,0,3,0,0,,
"hood|backstop=None,clearance_mm=0.0,funnel=True,gate=True,plate=0.1,plate_chamfer_deg=10,plate_round_mm=0.1,retreat=0|v10|stop",coin_1yen,flooring,10.0,3,0,0,0,3,0,0,0,3,0,0,,
"hood|backstop=None,clearance_mm=0.0,funnel=True,gate=True,plate=0.1,plate_chamfer_deg=10,plate_round_mm=0.1,retreat=0|v10|stop",coin_1yen,mat,0.0,3,0,0,0,3,0,0,0,3,0,0,,
"hood|backstop=None,clearance_mm=0.0,funnel=True,gate=True,plate=0.1,plate_chamfer_deg=10,plate_round_mm=0.1,retreat=0|v10|stop",coin_1yen,mat,5.0,3,0,0,0,3,0,0,0,3,0,0,,
"hood|backstop=None,clearance_mm=0.0,funnel=True,gate=True,plate=0.1,plate_chamfer_deg=10,plate_round_mm=0.1,retreat=0|v10|stop",coin_1yen,mat,10.0,3,0,0,0,3,0,0,0,3,0,0,,
"hood|backstop=None,clearance_mm=0.0,funnel=True,gate=True,plate=0.1,plate_chamfer_deg=10,plate_round_mm=0.1,retreat=0|v10|stop",crumb_cube,flooring,0.0,3,0,0,0,1,2,0,2,3,0,2,,
"hood|backstop=None,clearance_mm=0.0,funnel=True,gate=True,plate=0.1,plate_chamfer_deg=10,plate_round_mm=0.1,retreat=0|v10|stop",crumb_cube,flooring,5.0,3,0,0,0,0,3,0,3,3,0,3,,
"hood|backstop=None,clearance_mm=0.0,funnel=True,gate=True,plate=0.1,plate_chamfer_deg=10,plate_round_mm=0.1,retreat=0|v10|stop",crumb_cube,flooring,10.0,3,0,0,0,0,3,0,3,3,0,3,,
"hood|backstop=None,clearance_mm=0.0,funnel=True,gate=True,plate=0.1,plate_chamfer_deg=10,plate_round_mm=0.1,retreat=0|v10|stop",crumb_cube,mat,0.0,3,0,0,0,1,2,0,2,3,0,2,,
"hood|backstop=None,clearance_mm=0.0,funnel=True,gate=True,plate=0.1,plate_chamfer_deg=10,plate_round_mm=0.1,retreat=0|v10|stop",crumb_cube,mat,5.0,3,0,0,0,0,3,0,3,3,0,3,,
"hood|backstop=None,clearance_mm=0.0,funnel=True,gate=True,plate=0.1,plate_chamfer_deg=10,plate_round_mm=0.1,retreat=0|v10|stop",crumb_cube,mat,10.0,3,0,0,0,0,3,0,3,3,0,3,,
"hood|backstop=None,clearance_mm=0.0,funnel=True,gate=True,plate=0.1,plate_chamfer_deg=10,plate_round_mm=0.3,retreat=0|v10|stop",battery_cr2032,flooring,0.0,3,0,0,0,3,0,0,0,3,0,0,,
"hood|backstop=None,clearance_mm=0.0,funnel=True,gate=True,plate=0.1,plate_chamfer_deg=10,plate_round_mm=0.3,retreat=0|v10|stop",battery_cr2032,flooring,5.0,3,0,0,0,3,0,0,0,3,0,0,,
"hood|backstop=None,clearance_mm=0.0,funnel=True,gate=True,plate=0.1,plate_chamfer_deg=10,plate_round_mm=0.3,retreat=0|v10|stop",battery_cr2032,flooring,10.0,3,0,0,0,3,0,0,0,3,0,0,,
"hood|backstop=None,clearance_mm=0.0,funnel=True,gate=True,plate=0.1,plate_chamfer_deg=10,plate_round_mm=0.3,retreat=0|v10|stop",battery_cr2032,mat,0.0,3,0,0,0,3,0,0,0,3,0,0,,
"hood|backstop=None,clearance_mm=0.0,funnel=True,gate=True,plate=0.1,plate_chamfer_deg=10,plate_round_mm=0.3,retreat=0|v10|stop",battery_cr2032,mat,5.0,3,0,0,0,3,0,0,0,3,0,0,,
"hood|backstop=None,clearance_mm=0.0,funnel=True,gate=True,plate=0.1,plate_chamfer_deg=10,plate_round_mm=0.3,retreat=0|v10|stop",battery_cr2032,mat,10.0,3,0,0,0,3,0,0,0,3,0,0,,
"hood|backstop=None,clearance_mm=0.0,funnel=True,gate=True,plate=0.1,plate_chamfer_deg=10,plate_round_mm=0.3,retreat=0|v10|stop",bead,flooring,0.0,3,0,0,0,3,0,0,0,3,0,0,,
"hood|backstop=None,clearance_mm=0.0,funnel=True,gate=True,plate=0.1,plate_chamfer_deg=10,plate_round_mm=0.3,retreat=0|v10|stop",bead,flooring,5.0,3,0,0,0,3,0,0,0,3,0,0,,
"hood|backstop=None,clearance_mm=0.0,funnel=True,gate=True,plate=0.1,plate_chamfer_deg=10,plate_round_mm=0.3,retreat=0|v10|stop",bead,flooring,10.0,3,0,0,0,3,0,0,0,3,0,0,,
"hood|backstop=None,clearance_mm=0.0,funnel=True,gate=True,plate=0.1,plate_chamfer_deg=10,plate_round_mm=0.3,retreat=0|v10|stop",bead,mat,0.0,3,0,0,0,3,0,0,0,3,0,0,,
"hood|backstop=None,clearance_mm=0.0,funnel=True,gate=True,plate=0.1,plate_chamfer_deg=10,plate_round_mm=0.3,retreat=0|v10|stop",bead,mat,5.0,3,0,0,0,3,0,0,0,3,0,0,,
"hood|backstop=None,clearance_mm=0.0,funnel=True,gate=True,plate=0.1,plate_chamfer_deg=10,plate_round_mm=0.3,retreat=0|v10|stop",bead,mat,10.0,3,0,0,0,3,0,0,0,3,0,0,,
"hood|backstop=None,clearance_mm=0.0,funnel=True,gate=True,plate=0.1,plate_chamfer_deg=10,plate_round_mm=0.3,retreat=0|v10|stop",coin_1yen,flooring,0.0,3,0,0,0,3,0,0,0,3,0,0,,
"hood|backstop=None,clearance_mm=0.0,funnel=True,gate=True,plate=0.1,plate_chamfer_deg=10,plate_round_mm=0.3,retreat=0|v10|stop",coin_1yen,flooring,5.0,3,0,0,0,3,0,0,0,3,0,0,,
"hood|backstop=None,clearance_mm=0.0,funnel=True,gate=True,plate=0.1,plate_chamfer_deg=10,plate_round_mm=0.3,retreat=0|v10|stop",coin_1yen,flooring,10.0,3,0,0,0,3,0,0,0,3,0,0,,
"hood|backstop=None,clearance_mm=0.0,funnel=True,gate=True,plate=0.1,plate_chamfer_deg=10,plate_round_mm=0.3,retreat=0|v10|stop",coin_1yen,mat,0.0,3,0,0,0,3,0,0,0,3,0,0,,
"hood|backstop=None,clearance_mm=0.0,funnel=True,gate=True,plate=0.1,plate_chamfer_deg=10,plate_round_mm=0.3,retreat=0|v10|stop",coin_1yen,mat,5.0,3,0,0,0,3,0,0,0,3,0,0,,
"hood|backstop=None,clearance_mm=0.0,funnel=True,gate=True,plate=0.1,plate_chamfer_deg=10,plate_round_mm=0.3,retreat=0|v10|stop",coin_1yen,mat,10.0,3,0,0,0,3,0,0,0,3,0,0,,
"hood|backstop=None,clearance_mm=0.0,funnel=True,gate=True,plate=0.1,plate_chamfer_deg=10,plate_round_mm=0.3,retreat=0|v10|stop",crumb_cube,flooring,0.0,3,0,0,0,1,2,0,2,3,0,2,,
"hood|backstop=None,clearance_mm=0.0,funnel=True,gate=True,plate=0.1,plate_chamfer_deg=10,plate_round_mm=0.3,retreat=0|v10|stop",crumb_cube,flooring,5.0,3,0,0,0,0,3,0,3,3,0,3,,
"hood|backstop=None,clearance_mm=0.0,funnel=True,gate=True,plate=0.1,plate_chamfer_deg=10,plate_round_mm=0.3,retreat=0|v10|stop",crumb_cube,flooring,10.0,3,0,0,0,0,3,0,3,3,0,3,,
"hood|backstop=None,clearance_mm=0.0,funnel=True,gate=True,plate=0.1,plate_chamfer_deg=10,plate_round_mm=0.3,retreat=0|v10|stop",crumb_cube,mat,0.0,3,0,0,0,1,2,0,2,3,0,2,,
"hood|backstop=None,clearance_mm=0.0,funnel=True,gate=True,plate=0.1,plate_chamfer_deg=10,plate_round_mm=0.3,retreat=0|v10|stop",crumb_cube,mat,5.0,3,0,0,0,0,3,0,3,3,0,3,,
"hood|backstop=None,clearance_mm=0.0,funnel=True,gate=True,plate=0.1,plate_chamfer_deg=10,plate_round_mm=0.3,retreat=0|v10|stop",crumb_cube,mat,10.0,3,0,0,0,0,3,0,3,3,0,3,,
"hood|backstop=None,clearance_mm=0.0,funnel=True,gate=True,plate=0.1,plate_chamfer_deg=20,plate_round_mm=0.0,retreat=0|v10|stop",battery_cr2032,flooring,0.0,3,0,0,0,3,0,0,0,3,0,0,,
"hood|backstop=None,clearance_mm=0.0,funnel=True,gate=True,plate=0.1,plate_chamfer_deg=20,plate_round_mm=0.0,retreat=0|v10|stop",battery_cr2032,flooring,5.0,3,0,0,0,3,0,0,0,3,0,0,,
"hood|backstop=None,clearance_mm=0.0,funnel=True,gate=True,plate=0.1,plate_chamfer_deg=20,plate_round_mm=0.0,retreat=0|v10|stop",battery_cr2032,flooring,10.0,3,0,0,0,3,0,0,0,3,0,0,,
"hood|backstop=None,clearance_mm=0.0,funnel=True,gate=True,plate=0.1,plate_chamfer_deg=20,plate_round_mm=0.0,retreat=0|v10|stop",battery_cr2032,mat,0.0,3,0,0,0,3,0,0,0,3,0,0,,
"hood|backstop=None,clearance_mm=0.0,funnel=True,gate=True,plate=0.1,plate_chamfer_deg=20,plate_round_mm=0.0,retreat=0|v10|stop",battery_cr2032,mat,5.0,3,0,0,0,3,0,0,0,3,0,0,,
"hood|backstop=None,clearance_mm=0.0,funnel=True,gate=True,plate=0.1,plate_chamfer_deg=20,plate_round_mm=0.0,retreat=0|v10|stop",battery_cr2032,mat,10.0,3,0,0,0,3,0,0,0,3,0,0,,
"hood|backstop=None,clearance_mm=0.0,funnel=True,gate=True,plate=0.1,plate_chamfer_deg=20,plate_round_mm=0.0,retreat=0|v10|stop",bead,flooring,0.0,3,0,0,0,3,0,0,0,3,0,0,,
"hood|backstop=None,clearance_mm=0.0,funnel=True,gate=True,plate=0.1,plate_chamfer_deg=20,plate_round_mm=0.0,retreat=0|v10|stop",bead,flooring,5.0,3,0,0,0,3,0,0,0,3,0,0,,
"hood|backstop=None,clearance_mm=0.0,funnel=True,gate=True,plate=0.1,plate_chamfer_deg=20,plate_round_mm=0.0,retreat=0|v10|stop",bead,flooring,10.0,3,0,0,0,3,0,0,0,3,0,0,,
"hood|backstop=None,clearance_mm=0.0,funnel=True,gate=True,plate=0.1,plate_chamfer_deg=20,plate_round_mm=0.0,retreat=0|v10|stop",bead,mat,0.0,3,0,0,0,3,0,0,0,3,0,0,,
"hood|backstop=None,clearance_mm=0.0,funnel=True,gate=True,plate=0.1,plate_chamfer_deg=20,plate_round_mm=0.0,retreat=0|v10|stop",bead,mat,5.0,3,0,0,0,3,0,0,0,3,0,0,,
"hood|backstop=None,clearance_mm=0.0,funnel=True,gate=True,plate=0.1,plate_chamfer_deg=20,plate_round_mm=0.0,retreat=0|v10|stop",bead,mat,10.0,3,0,0,0,3,0,0,0,3,0,0,,
"hood|backstop=None,clearance_mm=0.0,funnel=True,gate=True,plate=0.1,plate_chamfer_deg=20,plate_round_mm=0.0,retreat=0|v10|stop",coin_1yen,flooring,0.0,3,0,0,0,3,0,0,0,3,0,0,,
"hood|backstop=None,clearance_mm=0.0,funnel=True,gate=True,plate=0.1,plate_chamfer_deg=20,plate_round_mm=0.0,retreat=0|v10|stop",coin_1yen,flooring,5.0,3,0,0,0,3,0,0,0,3,0,0,,
"hood|backstop=None,clearance_mm=0.0,funnel=True,gate=True,plate=0.1,plate_chamfer_deg=20,plate_round_mm=0.0,retreat=0|v10|stop",coin_1yen,flooring,10.0,3,0,0,0,3,0,0,0,3,0,0,,
"hood|backstop=None,clearance_mm=0.0,funnel=True,gate=True,plate=0.1,plate_chamfer_deg=20,plate_round_mm=0.0,retreat=0|v10|stop",coin_1yen,mat,0.0,3,0,0,0,3,0,0,0,3,0,0,,
"hood|backstop=None,clearance_mm=0.0,funnel=True,gate=True,plate=0.1,plate_chamfer_deg=20,plate_round_mm=0.0,retreat=0|v10|stop",coin_1yen,mat,5.0,3,0,0,0,3,0,0,0,3,0,0,,
"hood|backstop=None,clearance_mm=0.0,funnel=True,gate=True,plate=0.1,plate_chamfer_deg=20,plate_round_mm=0.0,retreat=0|v10|stop",coin_1yen,mat,10.0,3,0,0,0,3,0,0,0,3,0,0,,
"hood|backstop=None,clearance_mm=0.0,funnel=True,gate=True,plate=0.1,plate_chamfer_deg=20,plate_round_mm=0.0,retreat=0|v10|stop",crumb_cube,flooring,0.0,3,0,0,0,1,2,0,2,3,0,2,,
"hood|backstop=None,clearance_mm=0.0,funnel=True,gate=True,plate=0.1,plate_chamfer_deg=20,plate_round_mm=0.0,retreat=0|v10|stop",crumb_cube,flooring,5.0,3,0,0,0,0,3,0,3,3,0,3,,
"hood|backstop=None,clearance_mm=0.0,funnel=True,gate=True,plate=0.1,plate_chamfer_deg=20,plate_round_mm=0.0,retreat=0|v10|stop",crumb_cube,flooring,10.0,3,0,0,0,0,3,0,3,3,0,3,,
"hood|backstop=None,clearance_mm=0.0,funnel=True,gate=True,plate=0.1,plate_chamfer_deg=20,plate_round_mm=0.0,retreat=0|v10|stop",crumb_cube,mat,0.0,3,0,0,0,1,2,0,2,3,0,2,,
"hood|backstop=None,clearance_mm=0.0,funnel=True,gate=True,plate=0.1,plate_chamfer_deg=20,plate_round_mm=0.0,retreat=0|v10|stop",crumb_cube,mat,5.0,3,0,0,0,0,3,0,3,3,0,3,,
"hood|backstop=None,clearance_mm=0.0,funnel=True,gate=True,plate=0.1,plate_chamfer_deg=20,plate_round_mm=0.0,retreat=0|v10|stop",crumb_cube,mat,10.0,3,0,0,0,0,3,0,3,3,0,3,,
"hood|backstop=None,clearance_mm=0.0,funnel=True,gate=True,plate=0.1,plate_chamfer_deg=20,plate_round_mm=0.1,retreat=0|v10|stop",battery_cr2032,flooring,0.0,3,0,0,0,3,0,0,0,3,0,0,,
"hood|backstop=None,clearance_mm=0.0,funnel=True,gate=True,plate=0.1,plate_chamfer_deg=20,plate_round_mm=0.1,retreat=0|v10|stop",battery_cr2032,flooring,5.0,3,0,0,0,3,0,0,0,3,0,0,,
"hood|backstop=None,clearance_mm=0.0,funnel=True,gate=True,plate=0.1,plate_chamfer_deg=20,plate_round_mm=0.1,retreat=0|v10|stop",battery_cr2032,flooring,10.0,3,0,0,0,3,0,0,0,3,0,0,,
"hood|backstop=None,clearance_mm=0.0,funnel=True,gate=True,plate=0.1,plate_chamfer_deg=20,plate_round_mm=0.1,retreat=0|v10|stop",battery_cr2032,mat,0.0,3,0,0,0,3,0,0,0,3,0,0,,
"hood|backstop=None,clearance_mm=0.0,funnel=True,gate=True,plate=0.1,plate_chamfer_deg=20,plate_round_mm=0.1,retreat=0|v10|stop",battery_cr2032,mat,5.0,3,0,0,0,3,0,0,0,3,0,0,,
"hood|backstop=None,clearance_mm=0.0,funnel=True,gate=True,plate=0.1,plate_chamfer_deg=20,plate_round_mm=0.1,retreat=0|v10|stop",battery_cr2032,mat,10.0,3,0,0,0,3,0,0,0,3,0,0,,
"hood|backstop=None,clearance_mm=0.0,funnel=True,gate=True,plate=0.1,plate_chamfer_deg=20,plate_round_mm=0.1,retreat=0|v10|stop",bead,flooring,0.0,3,0,0,0,3,0,0,0,3,0,0,,
"hood|backstop=None,clearance_mm=0.0,funnel=True,gate=True,plate=0.1,plate_chamfer_deg=20,plate_round_mm=0.1,retreat=0|v10|stop",bead,flooring,5.0,3,0,0,0,3,0,0,0,3,0,0,,
"hood|backstop=None,clearance_mm=0.0,funnel=True,gate=True,plate=0.1,plate_chamfer_deg=20,plate_round_mm=0.1,retreat=0|v10|stop",bead,flooring,10.0,3,0,0,0,3,0,0,0,3,0,0,,
"hood|backstop=None,clearance_mm=0.0,funnel=True,gate=True,plate=0.1,plate_chamfer_deg=20,plate_round_mm=0.1,retreat=0|v10|stop",bead,mat,0.0,3,0,0,0,3,0,0,0,3,0,0,,
"hood|backstop=None,clearance_mm=0.0,funnel=True,gate=True,plate=0.1,plate_chamfer_deg=20,plate_round_mm=0.1,retreat=0|v10|stop",bead,mat,5.0,3,0,0,0,3,0,0,0,3,0,0,,
"hood|backstop=None,clearance_mm=0.0,funnel=True,gate=True,plate=0.1,plate_chamfer_deg=20,plate_round_mm=0.1,retreat=0|v10|stop",bead,mat,10.0,3,0,0,0,3,0,0,0,3,0,0,,
"hood|backstop=None,clearance_mm=0.0,funnel=True,gate=True,plate=0.1,plate_chamfer_deg=20,plate_round_mm=0.1,retreat=0|v10|stop",coin_1yen,flooring,0.0,3,0,0,0,3,0,0,0,3,0,0,,
"hood|backstop=None,clearance_mm=0.0,funnel=True,gate=True,plate=0.1,plate_chamfer_deg=20,plate_round_mm=0.1,retreat=0|v10|stop",coin_1yen,flooring,5.0,3,0,0,0,3,0,0,0,3,0,0,,
"hood|backstop=None,clearance_mm=0.0,funnel=True,gate=True,plate=0.1,plate_chamfer_deg=20,plate_round_mm=0.1,retreat=0|v10|stop",coin_1yen,flooring,10.0,3,0,0,0,3,0,0,0,3,0,0,,
"hood|backstop=None,clearance_mm=0.0,funnel=True,gate=True,plate=0.1,plate_chamfer_deg=20,plate_round_mm=0.1,retreat=0|v10|stop",coin_1yen,mat,0.0,3,0,0,0,3,0,0,0,3,0,0,,
"hood|backstop=None,clearance_mm=0.0,funnel=True,gate=True,plate=0.1,plate_chamfer_deg=20,plate_round_mm=0.1,retreat=0|v10|stop",coin_1yen,mat,5.0,3,0,0,0,3,0,0,0,3,0,0,,
"hood|backstop=None,clearance_mm=0.0,funnel=True,gate=True,plate=0.1,plate_chamfer_deg=20,plate_round_mm=0.1,retreat=0|v10|stop",coin_1yen,mat,10.0,3,0,0,0,3,0,0,0,3,0,0,,
"hood|backstop=None,clearance_mm=0.0,funnel=True,gate=True,plate=0.1,plate_chamfer_deg=20,plate_round_mm=0.1,retreat=0|v10|stop",crumb_cube,flooring,0.0,3,0,0,0,1,2,0,2,3,0,2,,
"hood|backstop=None,clearance_mm=0.0,funnel=True,gate=True,plate=0.1,plate_chamfer_deg=20,plate_round_mm=0.1,retreat=0|v10|stop",crumb_cube,flooring,5.0,3,0,0,0,0,3,0,3,3,0,3,,
"hood|backstop=None,clearance_mm=0.0,funnel=True,gate=True,plate=0.1,plate_chamfer_deg=20,plate_round_mm=0.1,retreat=0|v10|stop",crumb_cube,flooring,10.0,3,0,0,0,0,3,0,3,3,0,3,,
"hood|backstop=None,clearance_mm=0.0,funnel=True,gate=True,plate=0.1,plate_chamfer_deg=20,plate_round_mm=0.1,retreat=0|v10|stop",crumb_cube,mat,0.0,3,0,0,0,1,2,0,2,3,0,2,,
"hood|backstop=None,clearance_mm=0.0,funnel=True,gate=True,plate=0.1,plate_chamfer_deg=20,plate_round_mm=0.1,retreat=0|v10|stop",crumb_cube,mat,5.0,3,0,0,0,0,3,0,3,3,0,3,,
"hood|backstop=None,clearance_mm=0.0,funnel=True,gate=True,plate=0.1,plate_chamfer_deg=20,plate_round_mm=0.1,retreat=0|v10|stop",crumb_cube,mat,10.0,3,0,0,0,0,3,0,3,3,0,3,,
"hood|backstop=None,clearance_mm=0.0,funnel=True,gate=True,plate=0.1,plate_chamfer_deg=20,plate_round_mm=0.3,retreat=0|v10|stop",battery_cr2032,flooring,0.0,3,0,0,0,3,0,0,0,3,0,0,,
"hood|backstop=None,clearance_mm=0.0,funnel=True,gate=True,plate=0.1,plate_chamfer_deg=20,plate_round_mm=0.3,retreat=0|v10|stop",battery_cr2032,flooring,5.0,3,0,0,0,3,0,0,0,3,0,0,,
"hood|backstop=None,clearance_mm=0.0,funnel=True,gate=True,plate=0.1,plate_chamfer_deg=20,plate_round_mm=0.3,retreat=0|v10|stop",battery_cr2032,flooring,10.0,3,0,0,0,3,0,0,0,3,0,0,,
"hood|backstop=None,clearance_mm=0.0,funnel=True,gate=True,plate=0.1,plate_chamfer_deg=20,plate_round_mm=0.3,retreat=0|v10|stop",battery_cr2032,mat,0.0,3,0,0,0,3,0,0,0,3,0,0,,
"hood|backstop=None,clearance_mm=0.0,funnel=True,gate=True,plate=0.1,plate_chamfer_deg=20,plate_round_mm=0.3,retreat=0|v10|stop",battery_cr2032,mat,5.0,3,0,0,0,3,0,0,0,3,0,0,,
"hood|backstop=None,clearance_mm=0.0,funnel=True,gate=True,plate=0.1,plate_chamfer_deg=20,plate_round_mm=0.3,retreat=0|v10|stop",battery_cr2032,mat,10.0,3,0,0,0,3,0,0,0,3,0,0,,
"hood|backstop=None,clearance_mm=0.0,funnel=True,gate=True,plate=0.1,plate_chamfer_deg=20,plate_round_mm=0.3,retreat=0|v10|stop",bead,flooring,0.0,3,0,0,0,3,0,0,0,3,0,0,,
"hood|backstop=None,clearance_mm=0.0,funnel=True,gate=True,plate=0.1,plate_chamfer_deg=20,plate_round_mm=0.3,retreat=0|v10|stop",bead,flooring,5.0,3,0,0,0,3,0,0,0,3,0,0,,
"hood|backstop=None,clearance_mm=0.0,funnel=True,gate=True,plate=0.1,plate_chamfer_deg=20,plate_round_mm=0.3,retreat=0|v10|stop",bead,flooring,10.0,3,0,0,0,3,0,0,0,3,0,0,,
"hood|backstop=None,clearance_mm=0.0,funnel=True,gate=True,plate=0.1,plate_chamfer_deg=20,plate_round_mm=0.3,retreat=0|v10|stop",bead,mat,0.0,3,0,0,0,3,0,0,0,3,0,0,,
"hood|backstop=None,clearance_mm=0.0,funnel=True,gate=True,plate=0.1,plate_chamfer_deg=20,plate_round_mm=0.3,retreat=0|v10|stop",bead,mat,5.0,3,0,0,0,3,0,0,0,3,0,0,,
"hood|backstop=None,clearance_mm=0.0,funnel=True,gate=True,plate=0.1,plate_chamfer_deg=20,plate_round_mm=0.3,retreat=0|v10|stop",bead,mat,10.0,3,0,0,0,3,0,0,0,3,0,0,,
"hood|backstop=None,clearance_mm=0.0,funnel=True,gate=True,plate=0.1,plate_chamfer_deg=20,plate_round_mm=0.3,retreat=0|v10|stop",coin_1yen,flooring,0.0,3,0,0,0,3,0,0,0,3,0,0,,
"hood|backstop=None,clearance_mm=0.0,funnel=True,gate=True,plate=0.1,plate_chamfer_deg=20,plate_round_mm=0.3,retreat=0|v10|stop",coin_1yen,flooring,5.0,3,0,0,0,3,0,0,0,3,0,0,,
"hood|backstop=None,clearance_mm=0.0,funnel=True,gate=True,plate=0.1,plate_chamfer_deg=20,plate_round_mm=0.3,retreat=0|v10|stop",coin_1yen,flooring,10.0,3,0,0,0,3,0,0,0,3,0,0,,
"hood|backstop=None,clearance_mm=0.0,funnel=True,gate=True,plate=0.1,plate_chamfer_deg=20,plate_round_mm=0.3,retreat=0|v10|stop",coin_1yen,mat,0.0,3,0,0,0,3,0,0,0,3,0,0,,
"hood|backstop=None,clearance_mm=0.0,funnel=True,gate=True,plate=0.1,plate_chamfer_deg=20,plate_round_mm=0.3,retreat=0|v10|stop",coin_1yen,mat,5.0,3,0,0,0,3,0,0,0,3,0,0,,
"hood|backstop=None,clearance_mm=0.0,funnel=True,gate=True,plate=0.1,plate_chamfer_deg=20,plate_round_mm=0.3,retreat=0|v10|stop",coin_1yen,mat,10.0,3,0,0,0,3,0,0,0,3,0,0,,
"hood|backstop=None,clearance_mm=0.0,funnel=True,gate=True,plate=0.1,plate_chamfer_deg=20,plate_round_mm=0.3,retreat=0|v10|stop",crumb_cube,flooring,0.0,3,0,0,0,1,2,0,2,3,0,2,,
"hood|backstop=None,clearance_mm=0.0,funnel=True,gate=True,plate=0.1,plate_chamfer_deg=20,plate_round_mm=0.3,retreat=0|v10|stop",crumb_cube,flooring,5.0,3,0,0,0,0,3,0,3,3,0,3,,
"hood|backstop=None,clearance_mm=0.0,funnel=True,gate=True,plate=0.1,plate_chamfer_deg=20,plate_round_mm=0.3,retreat=0|v10|stop",crumb_cube,flooring,10.0,3,0,0,0,0,3,0,3,3,0,3,,
"hood|backstop=None,clearance_mm=0.0,funnel=True,gate=True,plate=0.1,plate_chamfer_deg=20,plate_round_mm=0.3,retreat=0|v10|stop",crumb_cube,mat,0.0,3,0,0,0,1,2,0,2,3,0,2,,
"hood|backstop=None,clearance_mm=0.0,funnel=True,gate=True,plate=0.1,plate_chamfer_deg=20,plate_round_mm=0.3,retreat=0|v10|stop",crumb_cube,mat,5.0,3,0,0,0,0,3,0,3,3,0,3,,
"hood|backstop=None,clearance_mm=0.0,funnel=True,gate=True,plate=0.1,plate_chamfer_deg=20,plate_round_mm=0.3,retreat=0|v10|stop",crumb_cube,mat,10.0,3,0,0,0,0,3,0,3,3,0,3,,
"hood|backstop=None,clearance_mm=0.0,funnel=True,gate=True,plate=0.1,plate_chamfer_deg=45,plate_round_mm=0.0,retreat=0|v10|stop",battery_cr2032,flooring,0.0,3,0,0,0,3,0,0,0,3,0,0,,
"hood|backstop=None,clearance_mm=0.0,funnel=True,gate=True,plate=0.1,plate_chamfer_deg=45,plate_round_mm=0.0,retreat=0|v10|stop",battery_cr2032,flooring,5.0,3,0,0,0,3,0,0,0,3,0,0,,
"hood|backstop=None,clearance_mm=0.0,funnel=True,gate=True,plate=0.1,plate_chamfer_deg=45,plate_round_mm=0.0,retreat=0|v10|stop",battery_cr2032,flooring,10.0,3,0,0,0,3,0,0,0,3,0,0,,
"hood|backstop=None,clearance_mm=0.0,funnel=True,gate=True,plate=0.1,plate_chamfer_deg=45,plate_round_mm=0.0,retreat=0|v10|stop",battery_cr2032,mat,0.0,3,0,0,0,3,0,0,0,3,0,0,,
"hood|backstop=None,clearance_mm=0.0,funnel=True,gate=True,plate=0.1,plate_chamfer_deg=45,plate_round_mm=0.0,retreat=0|v10|stop",battery_cr2032,mat,5.0,3,0,0,0,3,0,0,0,3,0,0,,
"hood|backstop=None,clearance_mm=0.0,funnel=True,gate=True,plate=0.1,plate_chamfer_deg=45,plate_round_mm=0.0,retreat=0|v10|stop",battery_cr2032,mat,10.0,3,0,0,0,3,0,0,0,3,0,0,,
"hood|backstop=None,clearance_mm=0.0,funnel=True,gate=True,plate=0.1,plate_chamfer_deg=45,plate_round_mm=0.0,retreat=0|v10|stop",bead,flooring,0.0,3,0,0,0,3,0,0,0,3,0,0,,
"hood|backstop=None,clearance_mm=0.0,funnel=True,gate=True,plate=0.1,plate_chamfer_deg=45,plate_round_mm=0.0,retreat=0|v10|stop",bead,flooring,5.0,3,0,0,0,3,0,0,0,3,0,0,,
"hood|backstop=None,clearance_mm=0.0,funnel=True,gate=True,plate=0.1,plate_chamfer_deg=45,plate_round_mm=0.0,retreat=0|v10|stop",bead,flooring,10.0,3,0,0,0,3,0,0,0,3,0,0,,
"hood|backstop=None,clearance_mm=0.0,funnel=True,gate=True,plate=0.1,plate_chamfer_deg=45,plate_round_mm=0.0,retreat=0|v10|stop",bead,mat,0.0,3,0,0,0,3,0,0,0,3,0,0,,
"hood|backstop=None,clearance_mm=0.0,funnel=True,gate=True,plate=0.1,plate_chamfer_deg=45,plate_round_mm=0.0,retreat=0|v10|stop",bead,mat,5.0,3,0,0,0,3,0,0,0,3,0,0,,
"hood|backstop=None,clearance_mm=0.0,funnel=True,gate=True,plate=0.1,plate_chamfer_deg=45,plate_round_mm=0.0,retreat=0|v10|stop",bead,mat,10.0,3,0,0,0,3,0,0,0,3,0,0,,
"hood|backstop=None,clearance_mm=0.0,funnel=True,gate=True,plate=0.1,plate_chamfer_deg=45,plate_round_mm=0.0,retreat=0|v10|stop",coin_1yen,flooring,0.0,3,0,0,0,3,0,0,0,3,0,0,,
"hood|backstop=None,clearance_mm=0.0,funnel=True,gate=True,plate=0.1,plate_chamfer_deg=45,plate_round_mm=0.0,retreat=0|v10|stop",coin_1yen,flooring,5.0,3,0,0,0,3,0,0,0,3,0,0,,
"hood|backstop=None,clearance_mm=0.0,funnel=True,gate=True,plate=0.1,plate_chamfer_deg=45,plate_round_mm=0.0,retreat=0|v10|stop",coin_1yen,flooring,10.0,3,0,0,0,3,0,0,0,3,0,0,,
"hood|backstop=None,clearance_mm=0.0,funnel=True,gate=True,plate=0.1,plate_chamfer_deg=45,plate_round_mm=0.0,retreat=0|v10|stop",coin_1yen,mat,0.0,3,0,0,0,3,0,0,0,3,0,0,,
"hood|backstop=None,clearance_mm=0.0,funnel=True,gate=True,plate=0.1,plate_chamfer_deg=45,plate_round_mm=0.0,retreat=0|v10|stop",coin_1yen,mat,5.0,3,0,0,0,3,0,0,0,3,0,0,,
"hood|backstop=None,clearance_mm=0.0,funnel=True,gate=True,plate=0.1,plate_chamfer_deg=45,plate_round_mm=0.0,retreat=0|v10|stop",coin_1yen,mat,10.0,3,0,0,0,3,0,0,0,3,0,0,,
"hood|backstop=None,clearance_mm=0.0,funnel=True,gate=True,plate=0.1,plate_chamfer_deg=45,plate_round_mm=0.0,retreat=0|v10|stop",crumb_cube,flooring,0.0,3,0,0,0,3,0,0,0,3,0,0,,
"hood|backstop=None,clearance_mm=0.0,funnel=True,gate=True,plate=0.1,plate_chamfer_deg=45,plate_round_mm=0.0,retreat=0|v10|stop",crumb_cube,flooring,5.0,3,0,0,0,3,0,0,0,3,0,0,,
"hood|backstop=None,clearance_mm=0.0,funnel=True,gate=True,plate=0.1,plate_chamfer_deg=45,plate_round_mm=0.0,retreat=0|v10|stop",crumb_cube,flooring,10.0,3,0,0,0,3,0,0,0,3,0,0,,
"hood|backstop=None,clearance_mm=0.0,funnel=True,gate=True,plate=0.1,plate_chamfer_deg=45,plate_round_mm=0.0,retreat=0|v10|stop",crumb_cube,mat,0.0,3,0,0,0,3,0,0,0,3,0,0,,
"hood|backstop=None,clearance_mm=0.0,funnel=True,gate=True,plate=0.1,plate_chamfer_deg=45,plate_round_mm=0.0,retreat=0|v10|stop",crumb_cube,mat,5.0,3,0,0,0,3,0,0,0,3,0,0,,
"hood|backstop=None,clearance_mm=0.0,funnel=True,gate=True,plate=0.1,plate_chamfer_deg=45,plate_round_mm=0.0,retreat=0|v10|stop",crumb_cube,mat,10.0,3,0,0,0,3,0,0,0,3,0,0,,
"hood|backstop=None,clearance_mm=0.0,funnel=True,gate=True,plate=0.1,plate_chamfer_deg=45,plate_round_mm=0.1,retreat=0|v10|stop",battery_cr2032,flooring,0.0,3,0,0,0,3,0,0,0,3,0,0,,
"hood|backstop=None,clearance_mm=0.0,funnel=True,gate=True,plate=0.1,plate_chamfer_deg=45,plate_round_mm=0.1,retreat=0|v10|stop",battery_cr2032,flooring,5.0,3,0,0,0,3,0,0,0,3,0,0,,
"hood|backstop=None,clearance_mm=0.0,funnel=True,gate=True,plate=0.1,plate_chamfer_deg=45,plate_round_mm=0.1,retreat=0|v10|stop",battery_cr2032,flooring,10.0,3,0,0,0,3,0,0,0,3,0,0,,
"hood|backstop=None,clearance_mm=0.0,funnel=True,gate=True,plate=0.1,plate_chamfer_deg=45,plate_round_mm=0.1,retreat=0|v10|stop",battery_cr2032,mat,0.0,3,0,0,0,3,0,0,0,3,0,0,,
"hood|backstop=None,clearance_mm=0.0,funnel=True,gate=True,plate=0.1,plate_chamfer_deg=45,plate_round_mm=0.1,retreat=0|v10|stop",battery_cr2032,mat,5.0,3,0,0,0,3,0,0,0,3,0,0,,
"hood|backstop=None,clearance_mm=0.0,funnel=True,gate=True,plate=0.1,plate_chamfer_deg=45,plate_round_mm=0.1,retreat=0|v10|stop",battery_cr2032,mat,10.0,3,0,0,0,3,0,0,0,3,0,0,,
"hood|backstop=None,clearance_mm=0.0,funnel=True,gate=True,plate=0.1,plate_chamfer_deg=45,plate_round_mm=0.1,retreat=0|v10|stop",bead,flooring,0.0,3,0,0,0,3,0,0,0,3,0,0,,
"hood|backstop=None,clearance_mm=0.0,funnel=True,gate=True,plate=0.1,plate_chamfer_deg=45,plate_round_mm=0.1,retreat=0|v10|stop",bead,flooring,5.0,3,0,0,0,3,0,0,0,3,0,0,,
"hood|backstop=None,clearance_mm=0.0,funnel=True,gate=True,plate=0.1,plate_chamfer_deg=45,plate_round_mm=0.1,retreat=0|v10|stop",bead,flooring,10.0,3,0,0,0,3,0,0,0,3,0,0,,
"hood|backstop=None,clearance_mm=0.0,funnel=True,gate=True,plate=0.1,plate_chamfer_deg=45,plate_round_mm=0.1,retreat=0|v10|stop",bead,mat,0.0,3,0,0,0,3,0,0,0,3,0,0,,
"hood|backstop=None,clearance_mm=0.0,funnel=True,gate=True,plate=0.1,plate_chamfer_deg=45,plate_round_mm=0.1,retreat=0|v10|stop",bead,mat,5.0,3,0,0,0,3,0,0,0,3,0,0,,
"hood|backstop=None,clearance_mm=0.0,funnel=True,gate=True,plate=0.1,plate_chamfer_deg=45,plate_round_mm=0.1,retreat=0|v10|stop",bead,mat,10.0,3,0,0,0,3,0,0,0,3,0,0,,
"hood|backstop=None,clearance_mm=0.0,funnel=True,gate=True,plate=0.1,plate_chamfer_deg=45,plate_round_mm=0.1,retreat=0|v10|stop",coin_1yen,flooring,0.0,3,0,0,0,3,0,0,0,3,0,0,,
"hood|backstop=None,clearance_mm=0.0,funnel=True,gate=True,plate=0.1,plate_chamfer_deg=45,plate_round_mm=0.1,retreat=0|v10|stop",coin_1yen,flooring,5.0,3,0,0,0,3,0,0,0,3,0,0,,
"hood|backstop=None,clearance_mm=0.0,funnel=True,gate=True,plate=0.1,plate_chamfer_deg=45,plate_round_mm=0.1,retreat=0|v10|stop",coin_1yen,flooring,10.0,3,0,0,0,3,0,0,0,3,0,0,,
"hood|backstop=None,clearance_mm=0.0,funnel=True,gate=True,plate=0.1,plate_chamfer_deg=45,plate_round_mm=0.1,retreat=0|v10|stop",coin_1yen,mat,0.0,3,0,0,0,3,0,0,0,3,0,0,,
"hood|backstop=None,clearance_mm=0.0,funnel=True,gate=True,plate=0.1,plate_chamfer_deg=45,plate_round_mm=0.1,retreat=0|v10|stop",coin_1yen,mat,5.0,3,0,0,0,3,0,0,0,3,0,0,,
"hood|backstop=None,clearance_mm=0.0,funnel=True,gate=True,plate=0.1,plate_chamfer_deg=45,plate_round_mm=0.1,retreat=0|v10|stop",coin_1yen,mat,10.0,3,0,0,0,3,0,0,0,3,0,0,,
"hood|backstop=None,clearance_mm=0.0,funnel=True,gate=True,plate=0.1,plate_chamfer_deg=45,plate_round_mm=0.1,retreat=0|v10|stop",crumb_cube,flooring,0.0,3,0,0,0,3,0,0,0,3,0,0,,
"hood|backstop=None,clearance_mm=0.0,funnel=True,gate=True,plate=0.1,plate_chamfer_deg=45,plate_round_mm=0.1,retreat=0|v10|stop",crumb_cube,flooring,5.0,3,0,0,0,3,0,0,0,3,0,0,,
"hood|backstop=None,clearance_mm=0.0,funnel=True,gate=True,plate=0.1,plate_chamfer_deg=45,plate_round_mm=0.1,retreat=0|v10|stop",crumb_cube,flooring,10.0,3,0,0,0,3,0,0,0,3,0,0,,
"hood|backstop=None,clearance_mm=0.0,funnel=True,gate=True,plate=0.1,plate_chamfer_deg=45,plate_round_mm=0.1,retreat=0|v10|stop",crumb_cube,mat,0.0,3,0,0,0,3,0,0,0,3,0,0,,
"hood|backstop=None,clearance_mm=0.0,funnel=True,gate=True,plate=0.1,plate_chamfer_deg=45,plate_round_mm=0.1,retreat=0|v10|stop",crumb_cube,mat,5.0,3,0,0,0,3,0,0,0,3,0,0,,
"hood|backstop=None,clearance_mm=0.0,funnel=True,gate=True,plate=0.1,plate_chamfer_deg=45,plate_round_mm=0.1,retreat=0|v10|stop",crumb_cube,mat,10.0,3,0,0,0,3,0,0,0,3,0,0,,
"hood|backstop=None,clearance_mm=0.0,funnel=True,gate=True,plate=0.1,plate_chamfer_deg=45,plate_round_mm=0.3,retreat=0|v10|stop",battery_cr2032,flooring,0.0,3,0,0,0,3,0,0,0,3,0,0,,
"hood|backstop=None,clearance_mm=0.0,funnel=True,gate=True,plate=0.1,plate_chamfer_deg=45,plate_round_mm=0.3,retreat=0|v10|stop",battery_cr2032,flooring,5.0,3,0,0,0,3,0,0,0,3,0,0,,
"hood|backstop=None,clearance_mm=0.0,funnel=True,gate=True,plate=0.1,plate_chamfer_deg=45,plate_round_mm=0.3,retreat=0|v10|stop",battery_cr2032,flooring,10.0,3,0,0,0,3,0,0,0,3,0,0,,
"hood|backstop=None,clearance_mm=0.0,funnel=True,gate=True,plate=0.1,plate_chamfer_deg=45,plate_round_mm=0.3,retreat=0|v10|stop",battery_cr2032,mat,0.0,3,0,0,0,3,0,0,0,3,0,0,,
"hood|backstop=None,clearance_mm=0.0,funnel=True,gate=True,plate=0.1,plate_chamfer_deg=45,plate_round_mm=0.3,retreat=0|v10|stop",battery_cr2032,mat,5.0,3,0,0,0,3,0,0,0,3,0,0,,
"hood|backstop=None,clearance_mm=0.0,funnel=True,gate=True,plate=0.1,plate_chamfer_deg=45,plate_round_mm=0.3,retreat=0|v10|stop",battery_cr2032,mat,10.0,3,0,0,0,3,0,0,0,3,0,0,,
"hood|backstop=None,clearance_mm=0.0,funnel=True,gate=True,plate=0.1,plate_chamfer_deg=45,plate_round_mm=0.3,retreat=0|v10|stop",bead,flooring,0.0,3,0,0,0,3,0,0,0,3,0,0,,
"hood|backstop=None,clearance_mm=0.0,funnel=True,gate=True,plate=0.1,plate_chamfer_deg=45,plate_round_mm=0.3,retreat=0|v10|stop",bead,flooring,5.0,3,0,0,0,3,0,0,0,3,0,0,,
"hood|backstop=None,clearance_mm=0.0,funnel=True,gate=True,plate=0.1,plate_chamfer_deg=45,plate_round_mm=0.3,retreat=0|v10|stop",bead,flooring,10.0,3,0,0,0,3,0,0,0,3,0,0,,
"hood|backstop=None,clearance_mm=0.0,funnel=True,gate=True,plate=0.1,plate_chamfer_deg=45,plate_round_mm=0.3,retreat=0|v10|stop",bead,mat,0.0,3,0,0,0,3,0,0,0,3,0,0,,
"hood|backstop=None,clearance_mm=0.0,funnel=True,gate=True,plate=0.1,plate_chamfer_deg=45,plate_round_mm=0.3,retreat=0|v10|stop",bead,mat,5.0,3,0,0,0,3,0,0,0,3,0,0,,
"hood|backstop=None,clearance_mm=0.0,funnel=True,gate=True,plate=0.1,plate_chamfer_deg=45,plate_round_mm=0.3,retreat=0|v10|stop",bead,mat,10.0,3,0,0,0,3,0,0,0,3,0,0,,
"hood|backstop=None,clearance_mm=0.0,funnel=True,gate=True,plate=0.1,plate_chamfer_deg=45,plate_round_mm=0.3,retreat=0|v10|stop",coin_1yen,flooring,0.0,3,0,0,0,3,0,0,0,3,0,0,,
"hood|backstop=None,clearance_mm=0.0,funnel=True,gate=True,plate=0.1,plate_chamfer_deg=45,plate_round_mm=0.3,retreat=0|v10|stop",coin_1yen,flooring,5.0,3,0,0,0,3,0,0,0,3,0,0,,
"hood|backstop=None,clearance_mm=0.0,funnel=True,gate=True,plate=0.1,plate_chamfer_deg=45,plate_round_mm=0.3,retreat=0|v10|stop",coin_1yen,flooring,10.0,3,0,0,0,3,0,0,0,3,0,0,,
"hood|backstop=None,clearance_mm=0.0,funnel=True,gate=True,plate=0.1,plate_chamfer_deg=45,plate_round_mm=0.3,retreat=0|v10|stop",coin_1yen,mat,0.0,3,0,0,0,3,0,0,0,3,0,0,,
"hood|backstop=None,clearance_mm=0.0,funnel=True,gate=True,plate=0.1,plate_chamfer_deg=45,plate_round_mm=0.3,retreat=0|v10|stop",coin_1yen,mat,5.0,3,0,0,0,3,0,0,0,3,0,0,,
"hood|backstop=None,clearance_mm=0.0,funnel=True,gate=True,plate=0.1,plate_chamfer_deg=45,plate_round_mm=0.3,retreat=0|v10|stop",coin_1yen,mat,10.0,3,0,0,0,3,0,0,0,3,0,0,,
"hood|backstop=None,clearance_mm=0.0,funnel=True,gate=True,plate=0.1,plate_chamfer_deg=45,plate_round_mm=0.3,retreat=0|v10|stop",crumb_cube,flooring,0.0,3,0,0,0,3,0,0,0,3,0,0,,
"hood|backstop=None,clearance_mm=0.0,funnel=True,gate=True,plate=0.1,plate_chamfer_deg=45,plate_round_mm=0.3,retreat=0|v10|stop",crumb_cube,flooring,5.0,3,0,0,0,3,0,0,0,3,0,0,,
"hood|backstop=None,clearance_mm=0.0,funnel=True,gate=True,plate=0.1,plate_chamfer_deg=45,plate_round_mm=0.3,retreat=0|v10|stop",crumb_cube,flooring,10.0,3,0,0,0,3,0,0,0,3,0,0,,
"hood|backstop=None,clearance_mm=0.0,funnel=True,gate=True,plate=0.1,plate_chamfer_deg=45,plate_round_mm=0.3,retreat=0|v10|stop",crumb_cube,mat,0.0,3,0,0,0,3,0,0,0,3,0,0,,
"hood|backstop=None,clearance_mm=0.0,funnel=True,gate=True,plate=0.1,plate_chamfer_deg=45,plate_round_mm=0.3,retreat=0|v10|stop",crumb_cube,mat,5.0,3,0,0,0,3,0,0,0,3,0,0,,
"hood|backstop=None,clearance_mm=0.0,funnel=True,gate=True,plate=0.1,plate_chamfer_deg=45,plate_round_mm=0.3,retreat=0|v10|stop",crumb_cube,mat,10.0,3,0,0,0,3,0,0,0,3,0,0,,
"hood|backstop=None,clearance_mm=0.0,funnel=True,gate=True,plate=0.1,plate_chamfer_deg=5,plate_round_mm=0.0,retreat=0|v10|stop",battery_cr2032,flooring,0.0,3,0,0,0,3,0,0,0,3,0,0,,
"hood|backstop=None,clearance_mm=0.0,funnel=True,gate=True,plate=0.1,plate_chamfer_deg=5,plate_round_mm=0.0,retreat=0|v10|stop",battery_cr2032,flooring,5.0,3,0,0,0,3,0,0,0,3,0,0,,
"hood|backstop=None,clearance_mm=0.0,funnel=True,gate=True,plate=0.1,plate_chamfer_deg=5,plate_round_mm=0.0,retreat=0|v10|stop",battery_cr2032,flooring,10.0,3,0,0,0,3,0,0,0,3,0,0,,
"hood|backstop=None,clearance_mm=0.0,funnel=True,gate=True,plate=0.1,plate_chamfer_deg=5,plate_round_mm=0.0,retreat=0|v10|stop",battery_cr2032,mat,0.0,3,0,0,0,3,0,0,0,3,0,0,,
"hood|backstop=None,clearance_mm=0.0,funnel=True,gate=True,plate=0.1,plate_chamfer_deg=5,plate_round_mm=0.0,retreat=0|v10|stop",battery_cr2032,mat,5.0,3,0,0,0,3,0,0,0,3,0,0,,
"hood|backstop=None,clearance_mm=0.0,funnel=True,gate=True,plate=0.1,plate_chamfer_deg=5,plate_round_mm=0.0,retreat=0|v10|stop",battery_cr2032,mat,10.0,3,0,0,0,3,0,0,0,3,0,0,,
"hood|backstop=None,clearance_mm=0.0,funnel=True,gate=True,plate=0.1,plate_chamfer_deg=5,plate_round_mm=0.0,retreat=0|v10|stop",bead,flooring,0.0,3,0,0,0,3,0,0,0,3,0,0,,
"hood|backstop=None,clearance_mm=0.0,funnel=True,gate=True,plate=0.1,plate_chamfer_deg=5,plate_round_mm=0.0,retreat=0|v10|stop",bead,flooring,5.0,3,0,0,0,3,0,0,0,3,0,0,,
"hood|backstop=None,clearance_mm=0.0,funnel=True,gate=True,plate=0.1,plate_chamfer_deg=5,plate_round_mm=0.0,retreat=0|v10|stop",bead,flooring,10.0,3,0,0,0,3,0,0,0,3,0,0,,
"hood|backstop=None,clearance_mm=0.0,funnel=True,gate=True,plate=0.1,plate_chamfer_deg=5,plate_round_mm=0.0,retreat=0|v10|stop",bead,mat,0.0,3,0,0,0,3,0,0,0,3,0,0,,
"hood|backstop=None,clearance_mm=0.0,funnel=True,gate=True,plate=0.1,plate_chamfer_deg=5,plate_round_mm=0.0,retreat=0|v10|stop",bead,mat,5.0,3,0,0,0,3,0,0,0,3,0,0,,
"hood|backstop=None,clearance_mm=0.0,funnel=True,gate=True,plate=0.1,plate_chamfer_deg=5,plate_round_mm=0.0,retreat=0|v10|stop",bead,mat,10.0,3,0,0,0,3,0,0,0,3,0,0,,
"hood|backstop=None,clearance_mm=0.0,funnel=True,gate=True,plate=0.1,plate_chamfer_deg=5,plate_round_mm=0.0,retreat=0|v10|stop",coin_1yen,flooring,0.0,3,0,0,0,3,0,0,0,3,0,0,,
"hood|backstop=None,clearance_mm=0.0,funnel=True,gate=True,plate=0.1,plate_chamfer_deg=5,plate_round_mm=0.0,retreat=0|v10|stop",coin_1yen,flooring,5.0,3,0,0,0,3,0,0,0,3,0,0,,
"hood|backstop=None,clearance_mm=0.0,funnel=True,gate=True,plate=0.1,plate_chamfer_deg=5,plate_round_mm=0.0,retreat=0|v10|stop",coin_1yen,flooring,10.0,3,0,0,0,3,0,0,0,3,0,0,,
"hood|backstop=None,clearance_mm=0.0,funnel=True,gate=True,plate=0.1,plate_chamfer_deg=5,plate_round_mm=0.0,retreat=0|v10|stop",coin_1yen,mat,0.0,3,0,0,0,3,0,0,0,3,0,0,,
"hood|backstop=None,clearance_mm=0.0,funnel=True,gate=True,plate=0.1,plate_chamfer_deg=5,plate_round_mm=0.0,retreat=0|v10|stop",coin_1yen,mat,5.0,3,0,0,0,3,0,0,0,3,0,0,,
"hood|backstop=None,clearance_mm=0.0,funnel=True,gate=True,plate=0.1,plate_chamfer_deg=5,plate_round_mm=0.0,retreat=0|v10|stop",coin_1yen,mat,10.0,3,0,0,0,3,0,0,0,3,0,0,,
"hood|backstop=None,clearance_mm=0.0,funnel=True,gate=True,plate=0.1,plate_chamfer_deg=5,plate_round_mm=0.0,retreat=0|v10|stop",crumb_cube,flooring,0.0,3,0,0,0,0,3,0,3,3,0,3,,
"hood|backstop=None,clearance_mm=0.0,funnel=True,gate=True,plate=0.1,plate_chamfer_deg=5,plate_round_mm=0.0,retreat=0|v10|stop",crumb_cube,flooring,5.0,3,0,0,0,0,3,0,3,3,0,3,,
"hood|backstop=None,clearance_mm=0.0,funnel=True,gate=True,plate=0.1,plate_chamfer_deg=5,plate_round_mm=0.0,retreat=0|v10|stop",crumb_cube,flooring,10.0,3,0,0,0,0,3,0,3,3,0,3,,
"hood|backstop=None,clearance_mm=0.0,funnel=True,gate=True,plate=0.1,plate_chamfer_deg=5,plate_round_mm=0.0,retreat=0|v10|stop",crumb_cube,mat,0.0,3,0,0,0,0,3,0,3,3,0,3,,
"hood|backstop=None,clearance_mm=0.0,funnel=True,gate=True,plate=0.1,plate_chamfer_deg=5,plate_round_mm=0.0,retreat=0|v10|stop",crumb_cube,mat,5.0,3,0,0,0,0,3,0,3,3,0,3,,
"hood|backstop=None,clearance_mm=0.0,funnel=True,gate=True,plate=0.1,plate_chamfer_deg=5,plate_round_mm=0.0,retreat=0|v10|stop",crumb_cube,mat,10.0,3,0,0,0,0,3,0,3,3,0,3,,
"hood|backstop=None,clearance_mm=0.0,funnel=True,gate=True,plate=0.1,plate_chamfer_deg=5,plate_round_mm=0.1,retreat=0|v10|stop",battery_cr2032,flooring,0.0,3,0,0,0,3,0,0,0,3,0,0,,
"hood|backstop=None,clearance_mm=0.0,funnel=True,gate=True,plate=0.1,plate_chamfer_deg=5,plate_round_mm=0.1,retreat=0|v10|stop",battery_cr2032,flooring,5.0,3,0,0,0,3,0,0,0,3,0,0,,
"hood|backstop=None,clearance_mm=0.0,funnel=True,gate=True,plate=0.1,plate_chamfer_deg=5,plate_round_mm=0.1,retreat=0|v10|stop",battery_cr2032,flooring,10.0,3,0,0,0,3,0,0,0,3,0,0,,
"hood|backstop=None,clearance_mm=0.0,funnel=True,gate=True,plate=0.1,plate_chamfer_deg=5,plate_round_mm=0.1,retreat=0|v10|stop",battery_cr2032,mat,0.0,3,0,0,0,3,0,0,0,3,0,0,,
"hood|backstop=None,clearance_mm=0.0,funnel=True,gate=True,plate=0.1,plate_chamfer_deg=5,plate_round_mm=0.1,retreat=0|v10|stop",battery_cr2032,mat,5.0,3,0,0,0,3,0,0,0,3,0,0,,
"hood|backstop=None,clearance_mm=0.0,funnel=True,gate=True,plate=0.1,plate_chamfer_deg=5,plate_round_mm=0.1,retreat=0|v10|stop",battery_cr2032,mat,10.0,3,0,0,0,3,0,0,0,3,0,0,,
"hood|backstop=None,clearance_mm=0.0,funnel=True,gate=True,plate=0.1,plate_chamfer_deg=5,plate_round_mm=0.1,retreat=0|v10|stop",bead,flooring,0.0,3,0,0,0,3,0,0,0,3,0,0,,
"hood|backstop=None,clearance_mm=0.0,funnel=True,gate=True,plate=0.1,plate_chamfer_deg=5,plate_round_mm=0.1,retreat=0|v10|stop",bead,flooring,5.0,3,0,0,0,3,0,0,0,3,0,0,,
"hood|backstop=None,clearance_mm=0.0,funnel=True,gate=True,plate=0.1,plate_chamfer_deg=5,plate_round_mm=0.1,retreat=0|v10|stop",bead,flooring,10.0,3,0,0,0,3,0,0,0,3,0,0,,
"hood|backstop=None,clearance_mm=0.0,funnel=True,gate=True,plate=0.1,plate_chamfer_deg=5,plate_round_mm=0.1,retreat=0|v10|stop",bead,mat,0.0,3,0,0,0,3,0,0,0,3,0,0,,
"hood|backstop=None,clearance_mm=0.0,funnel=True,gate=True,plate=0.1,plate_chamfer_deg=5,plate_round_mm=0.1,retreat=0|v10|stop",bead,mat,5.0,3,0,0,0,3,0,0,0,3,0,0,,
"hood|backstop=None,clearance_mm=0.0,funnel=True,gate=True,plate=0.1,plate_chamfer_deg=5,plate_round_mm=0.1,retreat=0|v10|stop",bead,mat,10.0,3,0,0,0,3,0,0,0,3,0,0,,
"hood|backstop=None,clearance_mm=0.0,funnel=True,gate=True,plate=0.1,plate_chamfer_deg=5,plate_round_mm=0.1,retreat=0|v10|stop",coin_1yen,flooring,0.0,3,0,0,0,3,0,0,0,3,0,0,,
"hood|backstop=None,clearance_mm=0.0,funnel=True,gate=True,plate=0.1,plate_chamfer_deg=5,plate_round_mm=0.1,retreat=0|v10|stop",coin_1yen,flooring,5.0,3,0,0,0,3,0,0,0,3,0,0,,
"hood|backstop=None,clearance_mm=0.0,funnel=True,gate=True,plate=0.1,plate_chamfer_deg=5,plate_round_mm=0.1,retreat=0|v10|stop",coin_1yen,flooring,10.0,3,0,0,0,3,0,0,0,3,0,0,,
"hood|backstop=None,clearance_mm=0.0,funnel=True,gate=True,plate=0.1,plate_chamfer_deg=5,plate_round_mm=0.1,retreat=0|v10|stop",coin_1yen,mat,0.0,3,0,0,0,3,0,0,0,3,0,0,,
"hood|backstop=None,clearance_mm=0.0,funnel=True,gate=True,plate=0.1,plate_chamfer_deg=5,plate_round_mm=0.1,retreat=0|v10|stop",coin_1yen,mat,5.0,3,0,0,0,3,0,0,0,3,0,0,,
"hood|backstop=None,clearance_mm=0.0,funnel=True,gate=True,plate=0.1,plate_chamfer_deg=5,plate_round_mm=0.1,retreat=0|v10|stop",coin_1yen,mat,10.0,3,0,0,0,3,0,0,0,3,0,0,,
"hood|backstop=None,clearance_mm=0.0,funnel=True,gate=True,plate=0.1,plate_chamfer_deg=5,plate_round_mm=0.1,retreat=0|v10|stop",crumb_cube,flooring,0.0,3,0,0,0,0,3,0,3,3,0,3,,
"hood|backstop=None,clearance_mm=0.0,funnel=True,gate=True,plate=0.1,plate_chamfer_deg=5,plate_round_mm=0.1,retreat=0|v10|stop",crumb_cube,flooring,5.0,3,0,0,0,0,3,0,3,3,0,3,,
"hood|backstop=None,clearance_mm=0.0,funnel=True,gate=True,plate=0.1,plate_chamfer_deg=5,plate_round_mm=0.1,retreat=0|v10|stop",crumb_cube,flooring,10.0,3,0,0,0,0,3,0,3,3,0,3,,
"hood|backstop=None,clearance_mm=0.0,funnel=True,gate=True,plate=0.1,plate_chamfer_deg=5,plate_round_mm=0.1,retreat=0|v10|stop",crumb_cube,mat,0.0,3,0,0,0,0,3,0,3,3,0,3,,
"hood|backstop=None,clearance_mm=0.0,funnel=True,gate=True,plate=0.1,plate_chamfer_deg=5,plate_round_mm=0.1,retreat=0|v10|stop",crumb_cube,mat,5.0,3,0,0,0,0,3,0,3,3,0,3,,
"hood|backstop=None,clearance_mm=0.0,funnel=True,gate=True,plate=0.1,plate_chamfer_deg=5,plate_round_mm=0.1,retreat=0|v10|stop",crumb_cube,mat,10.0,3,0,0,0,0,3,0,3,3,0,3,,
"hood|backstop=None,clearance_mm=0.0,funnel=True,gate=True,plate=0.1,plate_chamfer_deg=5,plate_round_mm=0.3,retreat=0|v10|stop",battery_cr2032,flooring,0.0,3,0,0,0,3,0,0,0,3,0,0,,
"hood|backstop=None,clearance_mm=0.0,funnel=True,gate=True,plate=0.1,plate_chamfer_deg=5,plate_round_mm=0.3,retreat=0|v10|stop",battery_cr2032,flooring,5.0,3,0,0,0,3,0,0,0,3,0,0,,
"hood|backstop=None,clearance_mm=0.0,funnel=True,gate=True,plate=0.1,plate_chamfer_deg=5,plate_round_mm=0.3,retreat=0|v10|stop",battery_cr2032,flooring,10.0,3,0,0,0,3,0,0,0,3,0,0,,
"hood|backstop=None,clearance_mm=0.0,funnel=True,gate=True,plate=0.1,plate_chamfer_deg=5,plate_round_mm=0.3,retreat=0|v10|stop",battery_cr2032,mat,0.0,3,0,0,0,3,0,0,0,3,0,0,,
"hood|backstop=None,clearance_mm=0.0,funnel=True,gate=True,plate=0.1,plate_chamfer_deg=5,plate_round_mm=0.3,retreat=0|v10|stop",battery_cr2032,mat,5.0,3,0,0,0,3,0,0,0,3,0,0,,
"hood|backstop=None,clearance_mm=0.0,funnel=True,gate=True,plate=0.1,plate_chamfer_deg=5,plate_round_mm=0.3,retreat=0|v10|stop",battery_cr2032,mat,10.0,3,0,0,0,3,0,0,0,3,0,0,,
"hood|backstop=None,clearance_mm=0.0,funnel=True,gate=True,plate=0.1,plate_chamfer_deg=5,plate_round_mm=0.3,retreat=0|v10|stop",bead,flooring,0.0,3,0,0,0,3,0,0,0,3,0,0,,
"hood|backstop=None,clearance_mm=0.0,funnel=True,gate=True,plate=0.1,plate_chamfer_deg=5,plate_round_mm=0.3,retreat=0|v10|stop",bead,flooring,5.0,3,0,0,0,3,0,0,0,3,0,0,,
"hood|backstop=None,clearance_mm=0.0,funnel=True,gate=True,plate=0.1,plate_chamfer_deg=5,plate_round_mm=0.3,retreat=0|v10|stop",bead,flooring,10.0,3,0,0,0,3,0,0,0,3,0,0,,
"hood|backstop=None,clearance_mm=0.0,funnel=True,gate=True,plate=0.1,plate_chamfer_deg=5,plate_round_mm=0.3,retreat=0|v10|stop",bead,mat,0.0,3,0,0,0,3,0,0,0,3,0,0,,
"hood|backstop=None,clearance_mm=0.0,funnel=True,gate=True,plate=0.1,plate_chamfer_deg=5,plate_round_mm=0.3,retreat=0|v10|stop",bead,mat,5.0,3,0,0,0,3,0,0,0,3,0,0,,
"hood|backstop=None,clearance_mm=0.0,funnel=True,gate=True,plate=0.1,plate_chamfer_deg=5,plate_round_mm=0.3,retreat=0|v10|stop",bead,mat,10.0,3,0,0,0,3,0,0,0,3,0,0,,
"hood|backstop=None,clearance_mm=0.0,funnel=True,gate=True,plate=0.1,plate_chamfer_deg=5,plate_round_mm=0.3,retreat=0|v10|stop",coin_1yen,flooring,0.0,3,0,0,0,3,0,0,0,3,0,0,,
"hood|backstop=None,clearance_mm=0.0,funnel=True,gate=True,plate=0.1,plate_chamfer_deg=5,plate_round_mm=0.3,retreat=0|v10|stop",coin_1yen,flooring,5.0,3,0,0,0,3,0,0,0,3,0,0,,
"hood|backstop=None,clearance_mm=0.0,funnel=True,gate=True,plate=0.1,plate_chamfer_deg=5,plate_round_mm=0.3,retreat=0|v10|stop",coin_1yen,flooring,10.0,3,0,0,0,3,0,0,0,3,0,0,,
"hood|backstop=None,clearance_mm=0.0,funnel=True,gate=True,plate=0.1,plate_chamfer_deg=5,plate_round_mm=0.3,retreat=0|v10|stop",coin_1yen,mat,0.0,3,0,0,0,3,0,0,0,3,0,0,,
"hood|backstop=None,clearance_mm=0.0,funnel=True,gate=True,plate=0.1,plate_chamfer_deg=5,plate_round_mm=0.3,retreat=0|v10|stop",coin_1yen,mat,5.0,3,0,0,0,3,0,0,0,3,0,0,,
"hood|backstop=None,clearance_mm=0.0,funnel=True,gate=True,plate=0.1,plate_chamfer_deg=5,plate_round_mm=0.3,retreat=0|v10|stop",coin_1yen,mat,10.0,3,0,0,0,3,0,0,0,3,0,0,,
"hood|backstop=None,clearance_mm=0.0,funnel=True,gate=True,plate=0.1,plate_chamfer_deg=5,plate_round_mm=0.3,retreat=0|v10|stop",crumb_cube,flooring,0.0,3,0,0,0,0,3,0,3,3,0,3,,
"hood|backstop=None,clearance_mm=0.0,funnel=True,gate=True,plate=0.1,plate_chamfer_deg=5,plate_round_mm=0.3,retreat=0|v10|stop",crumb_cube,flooring,5.0,3,0,0,0,0,3,0,3,3,0,3,,
"hood|backstop=None,clearance_mm=0.0,funnel=True,gate=True,plate=0.1,plate_chamfer_deg=5,plate_round_mm=0.3,retreat=0|v10|stop",crumb_cube,flooring,10.0,3,0,0,0,0,3,0,3,3,0,3,,
"hood|backstop=None,clearance_mm=0.0,funnel=True,gate=True,plate=0.1,plate_chamfer_deg=5,plate_round_mm=0.3,retreat=0|v10|stop",crumb_cube,mat,0.0,3,0,0,0,0,3,0,3,3,0,3,,
"hood|backstop=None,clearance_mm=0.0,funnel=True,gate=True,plate=0.1,plate_chamfer_deg=5,plate_round_mm=0.3,retreat=0|v10|stop",crumb_cube,mat,5.0,3,0,0,0,0,3,0,3,3,0,3,,
"hood|backstop=None,clearance_mm=0.0,funnel=True,gate=True,plate=0.1,plate_chamfer_deg=5,plate_round_mm=0.3,retreat=0|v10|stop",crumb_cube,mat,10.0,3,0,0,0,0,3,0,3,3,0,3,,
"hood|backstop=None,clearance_mm=0.0,funnel=True,gate=True,plate=0.1,plate_chamfer_deg=90,plate_round_mm=0.0,retreat=0|v10|stop",battery_cr2032,flooring,0.0,3,0,0,0,3,0,0,0,3,0,0,,
"hood|backstop=None,clearance_mm=0.0,funnel=True,gate=True,plate=0.1,plate_chamfer_deg=90,plate_round_mm=0.0,retreat=0|v10|stop",battery_cr2032,flooring,5.0,3,0,0,0,3,0,0,0,3,0,0,,
"hood|backstop=None,clearance_mm=0.0,funnel=True,gate=True,plate=0.1,plate_chamfer_deg=90,plate_round_mm=0.0,retreat=0|v10|stop",battery_cr2032,flooring,10.0,3,0,0,0,3,0,0,0,3,0,0,,
"hood|backstop=None,clearance_mm=0.0,funnel=True,gate=True,plate=0.1,plate_chamfer_deg=90,plate_round_mm=0.0,retreat=0|v10|stop",battery_cr2032,mat,0.0,3,0,0,0,3,0,0,0,3,0,0,,
"hood|backstop=None,clearance_mm=0.0,funnel=True,gate=True,plate=0.1,plate_chamfer_deg=90,plate_round_mm=0.0,retreat=0|v10|stop",battery_cr2032,mat,5.0,3,0,0,0,3,0,0,0,3,0,0,,
"hood|backstop=None,clearance_mm=0.0,funnel=True,gate=True,plate=0.1,plate_chamfer_deg=90,plate_round_mm=0.0,retreat=0|v10|stop",battery_cr2032,mat,10.0,3,0,0,0,3,0,0,0,3,0,0,,
"hood|backstop=None,clearance_mm=0.0,funnel=True,gate=True,plate=0.1,plate_chamfer_deg=90,plate_round_mm=0.0,retreat=0|v10|stop",bead,flooring,0.0,3,0,0,0,3,0,0,0,3,0,0,,
"hood|backstop=None,clearance_mm=0.0,funnel=True,gate=True,plate=0.1,plate_chamfer_deg=90,plate_round_mm=0.0,retreat=0|v10|stop",bead,flooring,5.0,3,0,0,0,3,0,0,0,3,0,0,,
"hood|backstop=None,clearance_mm=0.0,funnel=True,gate=True,plate=0.1,plate_chamfer_deg=90,plate_round_mm=0.0,retreat=0|v10|stop",bead,flooring,10.0,3,0,0,0,3,0,0,0,3,0,0,,
"hood|backstop=None,clearance_mm=0.0,funnel=True,gate=True,plate=0.1,plate_chamfer_deg=90,plate_round_mm=0.0,retreat=0|v10|stop",bead,mat,0.0,3,0,0,0,3,0,0,0,3,0,0,,
"hood|backstop=None,clearance_mm=0.0,funnel=True,gate=True,plate=0.1,plate_chamfer_deg=90,plate_round_mm=0.0,retreat=0|v10|stop",bead,mat,5.0,3,0,0,0,3,0,0,0,3,0,0,,
"hood|backstop=None,clearance_mm=0.0,funnel=True,gate=True,plate=0.1,plate_chamfer_deg=90,plate_round_mm=0.0,retreat=0|v10|stop",bead,mat,10.0,3,0,0,0,3,0,0,0,3,0,0,,
"hood|backstop=None,clearance_mm=0.0,funnel=True,gate=True,plate=0.1,plate_chamfer_deg=90,plate_round_mm=0.0,retreat=0|v10|stop",coin_1yen,flooring,0.0,3,0,0,0,3,0,0,0,3,0,0,,
"hood|backstop=None,clearance_mm=0.0,funnel=True,gate=True,plate=0.1,plate_chamfer_deg=90,plate_round_mm=0.0,retreat=0|v10|stop",coin_1yen,flooring,5.0,3,0,0,0,3,0,0,0,3,0,0,,
"hood|backstop=None,clearance_mm=0.0,funnel=True,gate=True,plate=0.1,plate_chamfer_deg=90,plate_round_mm=0.0,retreat=0|v10|stop",coin_1yen,flooring,10.0,3,0,0,0,3,0,0,0,3,0,0,,
"hood|backstop=None,clearance_mm=0.0,funnel=True,gate=True,plate=0.1,plate_chamfer_deg=90,plate_round_mm=0.0,retreat=0|v10|stop",coin_1yen,mat,0.0,3,0,0,0,3,0,0,0,3,0,0,,
"hood|backstop=None,clearance_mm=0.0,funnel=True,gate=True,plate=0.1,plate_chamfer_deg=90,plate_round_mm=0.0,retreat=0|v10|stop",coin_1yen,mat,5.0,3,0,0,0,3,0,0,0,3,0,0,,
"hood|backstop=None,clearance_mm=0.0,funnel=True,gate=True,plate=0.1,plate_chamfer_deg=90,plate_round_mm=0.0,retreat=0|v10|stop",coin_1yen,mat,10.0,3,0,0,0,3,0,0,0,3,0,0,,
"hood|backstop=None,clearance_mm=0.0,funnel=True,gate=True,plate=0.1,plate_chamfer_deg=90,plate_round_mm=0.0,retreat=0|v10|stop",crumb_cube,flooring,0.0,3,0,0,0,3,0,0,0,3,0,0,,
"hood|backstop=None,clearance_mm=0.0,funnel=True,gate=True,plate=0.1,plate_chamfer_deg=90,plate_round_mm=0.0,retreat=0|v10|stop",crumb_cube,flooring,5.0,3,0,0,0,3,0,0,0,3,0,0,,
"hood|backstop=None,clearance_mm=0.0,funnel=True,gate=True,plate=0.1,plate_chamfer_deg=90,plate_round_mm=0.0,retreat=0|v10|stop",crumb_cube,flooring,10.0,3,0,0,0,3,0,0,0,3,0,0,,
"hood|backstop=None,clearance_mm=0.0,funnel=True,gate=True,plate=0.1,plate_chamfer_deg=90,plate_round_mm=0.0,retreat=0|v10|stop",crumb_cube,mat,0.0,3,0,0,0,3,0,0,0,3,0,0,,
"hood|backstop=None,clearance_mm=0.0,funnel=True,gate=True,plate=0.1,plate_chamfer_deg=90,plate_round_mm=0.0,retreat=0|v10|stop",crumb_cube,mat,5.0,3,0,0,0,3,0,0,0,3,0,0,,
"hood|backstop=None,clearance_mm=0.0,funnel=True,gate=True,plate=0.1,plate_chamfer_deg=90,plate_round_mm=0.0,retreat=0|v10|stop",crumb_cube,mat,10.0,3,0,0,0,3,0,0,0,3,0,0,,
"hood|backstop=None,clearance_mm=0.0,funnel=True,gate=True,plate=0.1,plate_chamfer_deg=90,plate_round_mm=0.1,retreat=0|v10|stop",battery_cr2032,flooring,0.0,3,0,0,0,3,0,0,0,3,0,0,,
"hood|backstop=None,clearance_mm=0.0,funnel=True,gate=True,plate=0.1,plate_chamfer_deg=90,plate_round_mm=0.1,retreat=0|v10|stop",battery_cr2032,flooring,5.0,3,0,0,0,3,0,0,0,3,0,0,,
"hood|backstop=None,clearance_mm=0.0,funnel=True,gate=True,plate=0.1,plate_chamfer_deg=90,plate_round_mm=0.1,retreat=0|v10|stop",battery_cr2032,flooring,10.0,3,0,0,0,3,0,0,0,3,0,0,,
"hood|backstop=None,clearance_mm=0.0,funnel=True,gate=True,plate=0.1,plate_chamfer_deg=90,plate_round_mm=0.1,retreat=0|v10|stop",battery_cr2032,mat,0.0,3,0,0,0,3,0,0,0,3,0,0,,
"hood|backstop=None,clearance_mm=0.0,funnel=True,gate=True,plate=0.1,plate_chamfer_deg=90,plate_round_mm=0.1,retreat=0|v10|stop",battery_cr2032,mat,5.0,3,0,0,0,3,0,0,0,3,0,0,,
"hood|backstop=None,clearance_mm=0.0,funnel=True,gate=True,plate=0.1,plate_chamfer_deg=90,plate_round_mm=0.1,retreat=0|v10|stop",battery_cr2032,mat,10.0,3,0,0,0,3,0,0,0,3,0,0,,
"hood|backstop=None,clearance_mm=0.0,funnel=True,gate=True,plate=0.1,plate_chamfer_deg=90,plate_round_mm=0.1,retreat=0|v10|stop",bead,flooring,0.0,3,0,0,0,3,0,0,0,3,0,0,,
"hood|backstop=None,clearance_mm=0.0,funnel=True,gate=True,plate=0.1,plate_chamfer_deg=90,plate_round_mm=0.1,retreat=0|v10|stop",bead,flooring,5.0,3,0,0,0,3,0,0,0,3,0,0,,
"hood|backstop=None,clearance_mm=0.0,funnel=True,gate=True,plate=0.1,plate_chamfer_deg=90,plate_round_mm=0.1,retreat=0|v10|stop",bead,flooring,10.0,3,0,0,0,3,0,0,0,3,0,0,,
"hood|backstop=None,clearance_mm=0.0,funnel=True,gate=True,plate=0.1,plate_chamfer_deg=90,plate_round_mm=0.1,retreat=0|v10|stop",bead,mat,0.0,3,0,0,0,3,0,0,0,3,0,0,,
"hood|backstop=None,clearance_mm=0.0,funnel=True,gate=True,plate=0.1,plate_chamfer_deg=90,plate_round_mm=0.1,retreat=0|v10|stop",bead,mat,5.0,3,0,0,0,3,0,0,0,3,0,0,,
"hood|backstop=None,clearance_mm=0.0,funnel=True,gate=True,plate=0.1,plate_chamfer_deg=90,plate_round_mm=0.1,retreat=0|v10|stop",bead,mat,10.0,3,0,0,0,3,0,0,0,3,0,0,,
"hood|backstop=None,clearance_mm=0.0,funnel=True,gate=True,plate=0.1,plate_chamfer_deg=90,plate_round_mm=0.1,retreat=0|v10|stop",coin_1yen,flooring,0.0,3,0,0,0,3,0,0,0,3,0,0,,
"hood|backstop=None,clearance_mm=0.0,funnel=True,gate=True,plate=0.1,plate_chamfer_deg=90,plate_round_mm=0.1,retreat=0|v10|stop",coin_1yen,flooring,5.0,3,0,0,0,3,0,0,0,3,0,0,,
"hood|backstop=None,clearance_mm=0.0,funnel=True,gate=True,plate=0.1,plate_chamfer_deg=90,plate_round_mm=0.1,retreat=0|v10|stop",coin_1yen,flooring,10.0,3,0,0,0,3,0,0,0,3,0,0,,
"hood|backstop=None,clearance_mm=0.0,funnel=True,gate=True,plate=0.1,plate_chamfer_deg=90,plate_round_mm=0.1,retreat=0|v10|stop",coin_1yen,mat,0.0,3,0,0,0,3,0,0,0,3,0,0,,
"hood|backstop=None,clearance_mm=0.0,funnel=True,gate=True,plate=0.1,plate_chamfer_deg=90,plate_round_mm=0.1,retreat=0|v10|stop",coin_1yen,mat,5.0,3,0,0,0,3,0,0,0,3,0,0,,
"hood|backstop=None,clearance_mm=0.0,funnel=True,gate=True,plate=0.1,plate_chamfer_deg=90,plate_round_mm=0.1,retreat=0|v10|stop",coin_1yen,mat,10.0,3,0,0,0,3,0,0,0,3,0,0,,
"hood|backstop=None,clearance_mm=0.0,funnel=True,gate=True,plate=0.1,plate_chamfer_deg=90,plate_round_mm=0.1,retreat=0|v10|stop",crumb_cube,flooring,0.0,3,0,0,0,3,0,0,0,3,0,0,,
"hood|backstop=None,clearance_mm=0.0,funnel=True,gate=True,plate=0.1,plate_chamfer_deg=90,plate_round_mm=0.1,retreat=0|v10|stop",crumb_cube,flooring,5.0,3,0,0,0,3,0,0,0,3,0,0,,
"hood|backstop=None,clearance_mm=0.0,funnel=True,gate=True,plate=0.1,plate_chamfer_deg=90,plate_round_mm=0.1,retreat=0|v10|stop",crumb_cube,flooring,10.0,3,0,0,0,3,0,0,0,3,0,0,,
"hood|backstop=None,clearance_mm=0.0,funnel=True,gate=True,plate=0.1,plate_chamfer_deg=90,plate_round_mm=0.1,retreat=0|v10|stop",crumb_cube,mat,0.0,3,0,0,0,3,0,0,0,3,0,0,,
"hood|backstop=None,clearance_mm=0.0,funnel=True,gate=True,plate=0.1,plate_chamfer_deg=90,plate_round_mm=0.1,retreat=0|v10|stop",crumb_cube,mat,5.0,3,0,0,0,3,0,0,0,3,0,0,,
"hood|backstop=None,clearance_mm=0.0,funnel=True,gate=True,plate=0.1,plate_chamfer_deg=90,plate_round_mm=0.1,retreat=0|v10|stop",crumb_cube,mat,10.0,3,0,0,0,3,0,0,0,3,0,0,,
"hood|backstop=None,clearance_mm=0.0,funnel=True,gate=True,plate=0.1,plate_chamfer_deg=90,plate_round_mm=0.3,retreat=0|v10|stop",battery_cr2032,flooring,0.0,3,0,0,0,3,0,0,0,3,0,0,,
"hood|backstop=None,clearance_mm=0.0,funnel=True,gate=True,plate=0.1,plate_chamfer_deg=90,plate_round_mm=0.3,retreat=0|v10|stop",battery_cr2032,flooring,5.0,3,0,0,0,3,0,0,0,3,0,0,,
"hood|backstop=None,clearance_mm=0.0,funnel=True,gate=True,plate=0.1,plate_chamfer_deg=90,plate_round_mm=0.3,retreat=0|v10|stop",battery_cr2032,flooring,10.0,3,0,0,0,3,0,0,0,3,0,0,,
"hood|backstop=None,clearance_mm=0.0,funnel=True,gate=True,plate=0.1,plate_chamfer_deg=90,plate_round_mm=0.3,retreat=0|v10|stop",battery_cr2032,mat,0.0,3,0,0,0,3,0,0,0,3,0,0,,
"hood|backstop=None,clearance_mm=0.0,funnel=True,gate=True,plate=0.1,plate_chamfer_deg=90,plate_round_mm=0.3,retreat=0|v10|stop",battery_cr2032,mat,5.0,3,0,0,0,3,0,0,0,3,0,0,,
"hood|backstop=None,clearance_mm=0.0,funnel=True,gate=True,plate=0.1,plate_chamfer_deg=90,plate_round_mm=0.3,retreat=0|v10|stop",battery_cr2032,mat,10.0,3,0,0,0,3,0,0,0,3,0,0,,
"hood|backstop=None,clearance_mm=0.0,funnel=True,gate=True,plate=0.1,plate_chamfer_deg=90,plate_round_mm=0.3,retreat=0|v10|stop",bead,flooring,0.0,3,0,0,0,3,0,0,0,3,0,0,,
"hood|backstop=None,clearance_mm=0.0,funnel=True,gate=True,plate=0.1,plate_chamfer_deg=90,plate_round_mm=0.3,retreat=0|v10|stop",bead,flooring,5.0,3,0,0,0,3,0,0,0,3,0,0,,
"hood|backstop=None,clearance_mm=0.0,funnel=True,gate=True,plate=0.1,plate_chamfer_deg=90,plate_round_mm=0.3,retreat=0|v10|stop",bead,flooring,10.0,3,0,0,0,3,0,0,0,3,0,0,,
"hood|backstop=None,clearance_mm=0.0,funnel=True,gate=True,plate=0.1,plate_chamfer_deg=90,plate_round_mm=0.3,retreat=0|v10|stop",bead,mat,0.0,3,0,0,0,3,0,0,0,3,0,0,,
"hood|backstop=None,clearance_mm=0.0,funnel=True,gate=True,plate=0.1,plate_chamfer_deg=90,plate_round_mm=0.3,retreat=0|v10|stop",bead,mat,5.0,3,0,0,0,3,0,0,0,3,0,0,,
"hood|backstop=None,clearance_mm=0.0,funnel=True,gate=True,plate=0.1,plate_chamfer_deg=90,plate_round_mm=0.3,retreat=0|v10|stop",bead,mat,10.0,3,0,0,0,3,0,0,0,3,0,0,,
"hood|backstop=None,clearance_mm=0.0,funnel=True,gate=True,plate=0.1,plate_chamfer_deg=90,plate_round_mm=0.3,retreat=0|v10|stop",coin_1yen,flooring,0.0,3,0,0,0,3,0,0,0,3,0,0,,
"hood|backstop=None,clearance_mm=0.0,funnel=True,gate=True,plate=0.1,plate_chamfer_deg=90,plate_round_mm=0.3,retreat=0|v10|stop",coin_1yen,flooring,5.0,3,0,0,0,3,0,0,0,3,0,0,,
"hood|backstop=None,clearance_mm=0.0,funnel=True,gate=True,plate=0.1,plate_chamfer_deg=90,plate_round_mm=0.3,retreat=0|v10|stop",coin_1yen,flooring,10.0,3,0,0,0,3,0,0,0,3,0,0,,
"hood|backstop=None,clearance_mm=0.0,funnel=True,gate=True,plate=0.1,plate_chamfer_deg=90,plate_round_mm=0.3,retreat=0|v10|stop",coin_1yen,mat,0.0,3,0,0,0,3,0,0,0,3,0,0,,
"hood|backstop=None,clearance_mm=0.0,funnel=True,gate=True,plate=0.1,plate_chamfer_deg=90,plate_round_mm=0.3,retreat=0|v10|stop",coin_1yen,mat,5.0,3,0,0,0,3,0,0,0,3,0,0,,
"hood|backstop=None,clearance_mm=0.0,funnel=True,gate=True,plate=0.1,plate_chamfer_deg=90,plate_round_mm=0.3,retreat=0|v10|stop",coin_1yen,mat,10.0,3,0,0,0,3,0,0,0,3,0,0,,
"hood|backstop=None,clearance_mm=0.0,funnel=True,gate=True,plate=0.1,plate_chamfer_deg=90,plate_round_mm=0.3,retreat=0|v10|stop",crumb_cube,flooring,0.0,3,0,0,0,3,0,0,0,3,0,0,,
"hood|backstop=None,clearance_mm=0.0,funnel=True,gate=True,plate=0.1,plate_chamfer_deg=90,plate_round_mm=0.3,retreat=0|v10|stop",crumb_cube,flooring,5.0,3,0,0,0,3,0,0,0,3,0,0,,
"hood|backstop=None,clearance_mm=0.0,funnel=True,gate=True,plate=0.1,plate_chamfer_deg=90,plate_round_mm=0.3,retreat=0|v10|stop",crumb_cube,flooring,10.0,3,0,0,0,3,0,0,0,3,0,0,,
"hood|backstop=None,clearance_mm=0.0,funnel=True,gate=True,plate=0.1,plate_chamfer_deg=90,plate_round_mm=0.3,retreat=0|v10|stop",crumb_cube,mat,0.0,3,0,0,0,3,0,0,0,3,0,0,,
"hood|backstop=None,clearance_mm=0.0,funnel=True,gate=True,plate=0.1,plate_chamfer_deg=90,plate_round_mm=0.3,retreat=0|v10|stop",crumb_cube,mat,5.0,3,0,0,0,3,0,0,0,3,0,0,,
"hood|backstop=None,clearance_mm=0.0,funnel=True,gate=True,plate=0.1,plate_chamfer_deg=90,plate_round_mm=0.3,retreat=0|v10|stop",crumb_cube,mat,10.0,3,0,0,0,3,0,0,0,3,0,0,,
"hood|backstop=None,clearance_mm=0.0,funnel=True,gate=True,plate=0.2,plate_chamfer_deg=10,plate_round_mm=0.0,retreat=0|v10|stop",battery_cr2032,flooring,0.0,3,0,0,0,3,0,0,0,3,0,0,,
"hood|backstop=None,clearance_mm=0.0,funnel=True,gate=True,plate=0.2,plate_chamfer_deg=10,plate_round_mm=0.0,retreat=0|v10|stop",battery_cr2032,flooring,5.0,3,0,0,0,3,0,0,0,3,0,0,,
"hood|backstop=None,clearance_mm=0.0,funnel=True,gate=True,plate=0.2,plate_chamfer_deg=10,plate_round_mm=0.0,retreat=0|v10|stop",battery_cr2032,flooring,10.0,3,0,0,0,3,0,0,0,3,0,0,,
"hood|backstop=None,clearance_mm=0.0,funnel=True,gate=True,plate=0.2,plate_chamfer_deg=10,plate_round_mm=0.0,retreat=0|v10|stop",battery_cr2032,mat,0.0,3,0,0,0,3,0,0,0,3,0,0,,
"hood|backstop=None,clearance_mm=0.0,funnel=True,gate=True,plate=0.2,plate_chamfer_deg=10,plate_round_mm=0.0,retreat=0|v10|stop",battery_cr2032,mat,5.0,3,0,0,0,3,0,0,0,3,0,0,,
"hood|backstop=None,clearance_mm=0.0,funnel=True,gate=True,plate=0.2,plate_chamfer_deg=10,plate_round_mm=0.0,retreat=0|v10|stop",battery_cr2032,mat,10.0,3,0,0,0,3,0,0,0,3,0,0,,
"hood|backstop=None,clearance_mm=0.0,funnel=True,gate=True,plate=0.2,plate_chamfer_deg=10,plate_round_mm=0.0,retreat=0|v10|stop",bead,flooring,0.0,3,0,0,0,3,0,0,0,3,0,0,,
"hood|backstop=None,clearance_mm=0.0,funnel=True,gate=True,plate=0.2,plate_chamfer_deg=10,plate_round_mm=0.0,retreat=0|v10|stop",bead,flooring,5.0,3,0,0,0,3,0,0,0,3,0,0,,
"hood|backstop=None,clearance_mm=0.0,funnel=True,gate=True,plate=0.2,plate_chamfer_deg=10,plate_round_mm=0.0,retreat=0|v10|stop",bead,flooring,10.0,3,0,0,0,3,0,0,0,3,0,0,,
"hood|backstop=None,clearance_mm=0.0,funnel=True,gate=True,plate=0.2,plate_chamfer_deg=10,plate_round_mm=0.0,retreat=0|v10|stop",bead,mat,0.0,3,0,0,0,3,0,0,0,3,0,0,,
"hood|backstop=None,clearance_mm=0.0,funnel=True,gate=True,plate=0.2,plate_chamfer_deg=10,plate_round_mm=0.0,retreat=0|v10|stop",bead,mat,5.0,3,0,0,0,3,0,0,0,3,0,0,,
"hood|backstop=None,clearance_mm=0.0,funnel=True,gate=True,plate=0.2,plate_chamfer_deg=10,plate_round_mm=0.0,retreat=0|v10|stop",bead,mat,10.0,3,0,0,0,3,0,0,0,3,0,0,,
"hood|backstop=None,clearance_mm=0.0,funnel=True,gate=True,plate=0.2,plate_chamfer_deg=10,plate_round_mm=0.0,retreat=0|v10|stop",coin_1yen,flooring,0.0,3,0,0,0,3,0,0,0,3,0,0,,
"hood|backstop=None,clearance_mm=0.0,funnel=True,gate=True,plate=0.2,plate_chamfer_deg=10,plate_round_mm=0.0,retreat=0|v10|stop",coin_1yen,flooring,5.0,3,0,0,0,3,0,0,0,3,0,0,,
"hood|backstop=None,clearance_mm=0.0,funnel=True,gate=True,plate=0.2,plate_chamfer_deg=10,plate_round_mm=0.0,retreat=0|v10|stop",coin_1yen,flooring,10.0,3,0,0,0,3,0,0,0,3,0,0,,
"hood|backstop=None,clearance_mm=0.0,funnel=True,gate=True,plate=0.2,plate_chamfer_deg=10,plate_round_mm=0.0,retreat=0|v10|stop",coin_1yen,mat,0.0,3,0,0,0,3,0,0,0,3,0,0,,
"hood|backstop=None,clearance_mm=0.0,funnel=True,gate=True,plate=0.2,plate_chamfer_deg=10,plate_round_mm=0.0,retreat=0|v10|stop",coin_1yen,mat,5.0,3,0,0,0,3,0,0,0,3,0,0,,
"hood|backstop=None,clearance_mm=0.0,funnel=True,gate=True,plate=0.2,plate_chamfer_deg=10,plate_round_mm=0.0,retreat=0|v10|stop",coin_1yen,mat,10.0,3,0,0,0,3,0,0,0,3,0,0,,
"hood|backstop=None,clearance_mm=0.0,funnel=True,gate=True,plate=0.2,plate_chamfer_deg=10,plate_round_mm=0.0,retreat=0|v10|stop",crumb_cube,flooring,0.0,3,0,0,0,0,3,0,3,3,0,3,,
"hood|backstop=None,clearance_mm=0.0,funnel=True,gate=True,plate=0.2,plate_chamfer_deg=10,plate_round_mm=0.0,retreat=0|v10|stop",crumb_cube,flooring,5.0,3,0,0,0,0,3,0,3,3,0,3,,
"hood|backstop=None,clearance_mm=0.0,funnel=True,gate=True,plate=0.2,plate_chamfer_deg=10,plate_round_mm=0.0,retreat=0|v10|stop",crumb_cube,flooring,10.0,3,0,0,0,0,3,0,3,3,0,3,,
"hood|backstop=None,clearance_mm=0.0,funnel=True,gate=True,plate=0.2,plate_chamfer_deg=10,plate_round_mm=0.0,retreat=0|v10|stop",crumb_cube,mat,0.0,3,0,0,0,0,3,0,3,3,0,3,,
"hood|backstop=None,clearance_mm=0.0,funnel=True,gate=True,plate=0.2,plate_chamfer_deg=10,plate_round_mm=0.0,retreat=0|v10|stop",crumb_cube,mat,5.0,3,0,0,0,0,3,0,3,3,0,3,,
"hood|backstop=None,clearance_mm=0.0,funnel=True,gate=True,plate=0.2,plate_chamfer_deg=10,plate_round_mm=0.0,retreat=0|v10|stop",crumb_cube,mat,10.0,3,0,0,0,0,3,0,3,3,0,3,,
"hood|backstop=None,clearance_mm=0.0,funnel=True,gate=True,plate=0.2,plate_chamfer_deg=10,plate_round_mm=0.1,retreat=0|v10|stop",battery_cr2032,flooring,0.0,3,0,0,0,3,0,0,0,3,0,0,,
"hood|backstop=None,clearance_mm=0.0,funnel=True,gate=True,plate=0.2,plate_chamfer_deg=10,plate_round_mm=0.1,retreat=0|v10|stop",battery_cr2032,flooring,5.0,3,0,0,0,3,0,0,0,3,0,0,,
"hood|backstop=None,clearance_mm=0.0,funnel=True,gate=True,plate=0.2,plate_chamfer_deg=10,plate_round_mm=0.1,retreat=0|v10|stop",battery_cr2032,flooring,10.0,3,0,0,0,3,0,0,0,3,0,0,,
"hood|backstop=None,clearance_mm=0.0,funnel=True,gate=True,plate=0.2,plate_chamfer_deg=10,plate_round_mm=0.1,retreat=0|v10|stop",battery_cr2032,mat,0.0,3,0,0,0,3,0,0,0,3,0,0,,
"hood|backstop=None,clearance_mm=0.0,funnel=True,gate=True,plate=0.2,plate_chamfer_deg=10,plate_round_mm=0.1,retreat=0|v10|stop",battery_cr2032,mat,5.0,3,0,0,0,3,0,0,0,3,0,0,,
"hood|backstop=None,clearance_mm=0.0,funnel=True,gate=True,plate=0.2,plate_chamfer_deg=10,plate_round_mm=0.1,retreat=0|v10|stop",battery_cr2032,mat,10.0,3,0,0,0,3,0,0,0,3,0,0,,
"hood|backstop=None,clearance_mm=0.0,funnel=True,gate=True,plate=0.2,plate_chamfer_deg=10,plate_round_mm=0.1,retreat=0|v10|stop",bead,flooring,0.0,3,0,0,0,3,0,0,0,3,0,0,,
"hood|backstop=None,clearance_mm=0.0,funnel=True,gate=True,plate=0.2,plate_chamfer_deg=10,plate_round_mm=0.1,retreat=0|v10|stop",bead,flooring,5.0,3,0,0,0,3,0,0,0,3,0,0,,
"hood|backstop=None,clearance_mm=0.0,funnel=True,gate=True,plate=0.2,plate_chamfer_deg=10,plate_round_mm=0.1,retreat=0|v10|stop",bead,flooring,10.0,3,0,0,0,3,0,0,0,3,0,0,,
"hood|backstop=None,clearance_mm=0.0,funnel=True,gate=True,plate=0.2,plate_chamfer_deg=10,plate_round_mm=0.1,retreat=0|v10|stop",bead,mat,0.0,3,0,0,0,3,0,0,0,3,0,0,,
"hood|backstop=None,clearance_mm=0.0,funnel=True,gate=True,plate=0.2,plate_chamfer_deg=10,plate_round_mm=0.1,retreat=0|v10|stop",bead,mat,5.0,3,0,0,0,3,0,0,0,3,0,0,,
"hood|backstop=None,clearance_mm=0.0,funnel=True,gate=True,plate=0.2,plate_chamfer_deg=10,plate_round_mm=0.1,retreat=0|v10|stop",bead,mat,10.0,3,0,0,0,3,0,0,0,3,0,0,,
"hood|backstop=None,clearance_mm=0.0,funnel=True,gate=True,plate=0.2,plate_chamfer_deg=10,plate_round_mm=0.1,retreat=0|v10|stop",coin_1yen,flooring,0.0,3,0,0,0,3,0,0,0,3,0,0,,
"hood|backstop=None,clearance_mm=0.0,funnel=True,gate=True,plate=0.2,plate_chamfer_deg=10,plate_round_mm=0.1,retreat=0|v10|stop",coin_1yen,flooring,5.0,3,0,0,0,3,0,0,0,3,0,0,,
"hood|backstop=None,clearance_mm=0.0,funnel=True,gate=True,plate=0.2,plate_chamfer_deg=10,plate_round_mm=0.1,retreat=0|v10|stop",coin_1yen,flooring,10.0,3,0,0,0,3,0,0,0,3,0,0,,
"hood|backstop=None,clearance_mm=0.0,funnel=True,gate=True,plate=0.2,plate_chamfer_deg=10,plate_round_mm=0.1,retreat=0|v10|stop",coin_1yen,mat,0.0,3,0,0,0,3,0,0,0,3,0,0,,
"hood|backstop=None,clearance_mm=0.0,funnel=True,gate=True,plate=0.2,plate_chamfer_deg=10,plate_round_mm=0.1,retreat=0|v10|stop",coin_1yen,mat,5.0,3,0,0,0,3,0,0,0,3,0,0,,
"hood|backstop=None,clearance_mm=0.0,funnel=True,gate=True,plate=0.2,plate_chamfer_deg=10,plate_round_mm=0.1,retreat=0|v10|stop",coin_1yen,mat,10.0,3,0,0,0,3,0,0,0,3,0,0,,
"hood|backstop=None,clearance_mm=0.0,funnel=True,gate=True,plate=0.2,plate_chamfer_deg=10,plate_round_mm=0.1,retreat=0|v10|stop",crumb_cube,flooring,0.0,3,0,0,0,0,3,0,3,3,0,3,,
"hood|backstop=None,clearance_mm=0.0,funnel=True,gate=True,plate=0.2,plate_chamfer_deg=10,plate_round_mm=0.1,retreat=0|v10|stop",crumb_cube,flooring,5.0,3,0,0,0,0,3,0,3,3,0,3,,
"hood|backstop=None,clearance_mm=0.0,funnel=True,gate=True,plate=0.2,plate_chamfer_deg=10,plate_round_mm=0.1,retreat=0|v10|stop",crumb_cube,flooring,10.0,3,0,0,0,0,3,0,3,3,0,3,,
"hood|backstop=None,clearance_mm=0.0,funnel=True,gate=True,plate=0.2,plate_chamfer_deg=10,plate_round_mm=0.1,retreat=0|v10|stop",crumb_cube,mat,0.0,3,0,0,0,0,3,0,3,3,0,3,,
"hood|backstop=None,clearance_mm=0.0,funnel=True,gate=True,plate=0.2,plate_chamfer_deg=10,plate_round_mm=0.1,retreat=0|v10|stop",crumb_cube,mat,5.0,3,0,0,0,0,3,0,3,3,0,3,,
"hood|backstop=None,clearance_mm=0.0,funnel=True,gate=True,plate=0.2,plate_chamfer_deg=10,plate_round_mm=0.1,retreat=0|v10|stop",crumb_cube,mat,10.0,3,0,0,0,0,3,0,3,3,0,3,,
"hood|backstop=None,clearance_mm=0.0,funnel=True,gate=True,plate=0.2,plate_chamfer_deg=10,plate_round_mm=0.3,retreat=0|v10|stop",battery_cr2032,flooring,0.0,3,0,0,0,3,0,0,0,3,0,0,,
"hood|backstop=None,clearance_mm=0.0,funnel=True,gate=True,plate=0.2,plate_chamfer_deg=10,plate_round_mm=0.3,retreat=0|v10|stop",battery_cr2032,flooring,5.0,3,0,0,0,3,0,0,0,3,0,0,,
"hood|backstop=None,clearance_mm=0.0,funnel=True,gate=True,plate=0.2,plate_chamfer_deg=10,plate_round_mm=0.3,retreat=0|v10|stop",battery_cr2032,flooring,10.0,3,0,0,0,3,0,0,0,3,0,0,,
"hood|backstop=None,clearance_mm=0.0,funnel=True,gate=True,plate=0.2,plate_chamfer_deg=10,plate_round_mm=0.3,retreat=0|v10|stop",battery_cr2032,mat,0.0,3,0,0,0,3,0,0,0,3,0,0,,
"hood|backstop=None,clearance_mm=0.0,funnel=True,gate=True,plate=0.2,plate_chamfer_deg=10,plate_round_mm=0.3,retreat=0|v10|stop",battery_cr2032,mat,5.0,3,0,0,0,3,0,0,0,3,0,0,,
"hood|backstop=None,clearance_mm=0.0,funnel=True,gate=True,plate=0.2,plate_chamfer_deg=10,plate_round_mm=0.3,retreat=0|v10|stop",battery_cr2032,mat,10.0,3,0,0,0,3,0,0,0,3,0,0,,
"hood|backstop=None,clearance_mm=0.0,funnel=True,gate=True,plate=0.2,plate_chamfer_deg=10,plate_round_mm=0.3,retreat=0|v10|stop",bead,flooring,0.0,3,0,0,0,3,0,0,0,3,0,0,,
"hood|backstop=None,clearance_mm=0.0,funnel=True,gate=True,plate=0.2,plate_chamfer_deg=10,plate_round_mm=0.3,retreat=0|v10|stop",bead,flooring,5.0,3,0,0,0,3,0,0,0,3,0,0,,
"hood|backstop=None,clearance_mm=0.0,funnel=True,gate=True,plate=0.2,plate_chamfer_deg=10,plate_round_mm=0.3,retreat=0|v10|stop",bead,flooring,10.0,3,0,0,0,3,0,0,0,3,0,0,,
"hood|backstop=None,clearance_mm=0.0,funnel=True,gate=True,plate=0.2,plate_chamfer_deg=10,plate_round_mm=0.3,retreat=0|v10|stop",bead,mat,0.0,3,0,0,0,3,0,0,0,3,0,0,,
"hood|backstop=None,clearance_mm=0.0,funnel=True,gate=True,plate=0.2,plate_chamfer_deg=10,plate_round_mm=0.3,retreat=0|v10|stop",bead,mat,5.0,3,0,0,0,3,0,0,0,3,0,0,,
"hood|backstop=None,clearance_mm=0.0,funnel=True,gate=True,plate=0.2,plate_chamfer_deg=10,plate_round_mm=0.3,retreat=0|v10|stop",bead,mat,10.0,3,0,0,0,3,0,0,0,3,0,0,,
"hood|backstop=None,clearance_mm=0.0,funnel=True,gate=True,plate=0.2,plate_chamfer_deg=10,plate_round_mm=0.3,retreat=0|v10|stop",coin_1yen,flooring,0.0,3,0,0,0,3,0,0,0,3,0,0,,
"hood|backstop=None,clearance_mm=0.0,funnel=True,gate=True,plate=0.2,plate_chamfer_deg=10,plate_round_mm=0.3,retreat=0|v10|stop",coin_1yen,flooring,5.0,3,0,0,0,3,0,0,0,3,0,0,,
"hood|backstop=None,clearance_mm=0.0,funnel=True,gate=True,plate=0.2,plate_chamfer_deg=10,plate_round_mm=0.3,retreat=0|v10|stop",coin_1yen,flooring,10.0,3,0,0,0,3,0,0,0,3,0,0,,
"hood|backstop=None,clearance_mm=0.0,funnel=True,gate=True,plate=0.2,plate_chamfer_deg=10,plate_round_mm=0.3,retreat=0|v10|stop",coin_1yen,mat,0.0,3,0,0,0,3,0,0,0,3,0,0,,
"hood|backstop=None,clearance_mm=0.0,funnel=True,gate=True,plate=0.2,plate_chamfer_deg=10,plate_round_mm=0.3,retreat=0|v10|stop",coin_1yen,mat,5.0,3,0,0,0,3,0,0,0,3,0,0,,
"hood|backstop=None,clearance_mm=0.0,funnel=True,gate=True,plate=0.2,plate_chamfer_deg=10,plate_round_mm=0.3,retreat=0|v10|stop",coin_1yen,mat,10.0,3,0,0,0,3,0,0,0,3,0,0,,
"hood|backstop=None,clearance_mm=0.0,funnel=True,gate=True,plate=0.2,plate_chamfer_deg=10,plate_round_mm=0.3,retreat=0|v10|stop",crumb_cube,flooring,0.0,3,0,0,0,0,3,0,3,3,0,3,,
"hood|backstop=None,clearance_mm=0.0,funnel=True,gate=True,plate=0.2,plate_chamfer_deg=10,plate_round_mm=0.3,retreat=0|v10|stop",crumb_cube,flooring,5.0,3,0,0,0,0,3,0,3,3,0,3,,
"hood|backstop=None,clearance_mm=0.0,funnel=True,gate=True,plate=0.2,plate_chamfer_deg=10,plate_round_mm=0.3,retreat=0|v10|stop",crumb_cube,flooring,10.0,3,0,0,0,0,3,0,3,3,0,3,,
"hood|backstop=None,clearance_mm=0.0,funnel=True,gate=True,plate=0.2,plate_chamfer_deg=10,plate_round_mm=0.3,retreat=0|v10|stop",crumb_cube,mat,0.0,3,0,0,0,0,3,0,3,3,0,3,,
"hood|backstop=None,clearance_mm=0.0,funnel=True,gate=True,plate=0.2,plate_chamfer_deg=10,plate_round_mm=0.3,retreat=0|v10|stop",crumb_cube,mat,5.0,3,0,0,0,0,3,0,3,3,0,3,,
"hood|backstop=None,clearance_mm=0.0,funnel=True,gate=True,plate=0.2,plate_chamfer_deg=10,plate_round_mm=0.3,retreat=0|v10|stop",crumb_cube,mat,10.0,3,0,0,0,0,3,0,3,3,0,3,,
"hood|backstop=None,clearance_mm=0.0,funnel=True,gate=True,plate=0.2,plate_chamfer_deg=20,plate_round_mm=0.0,retreat=0|v10|stop",battery_cr2032,flooring,0.0,3,0,0,0,3,0,0,0,3,0,0,,
"hood|backstop=None,clearance_mm=0.0,funnel=True,gate=True,plate=0.2,plate_chamfer_deg=20,plate_round_mm=0.0,retreat=0|v10|stop",battery_cr2032,flooring,5.0,3,0,0,0,3,0,0,0,3,0,0,,
"hood|backstop=None,clearance_mm=0.0,funnel=True,gate=True,plate=0.2,plate_chamfer_deg=20,plate_round_mm=0.0,retreat=0|v10|stop",battery_cr2032,flooring,10.0,3,0,0,0,3,0,0,0,3,0,0,,
"hood|backstop=None,clearance_mm=0.0,funnel=True,gate=True,plate=0.2,plate_chamfer_deg=20,plate_round_mm=0.0,retreat=0|v10|stop",battery_cr2032,mat,0.0,3,0,0,0,3,0,0,0,3,0,0,,
"hood|backstop=None,clearance_mm=0.0,funnel=True,gate=True,plate=0.2,plate_chamfer_deg=20,plate_round_mm=0.0,retreat=0|v10|stop",battery_cr2032,mat,5.0,3,0,0,0,3,0,0,0,3,0,0,,
"hood|backstop=None,clearance_mm=0.0,funnel=True,gate=True,plate=0.2,plate_chamfer_deg=20,plate_round_mm=0.0,retreat=0|v10|stop",battery_cr2032,mat,10.0,3,0,0,0,3,0,0,0,3,0,0,,
"hood|backstop=None,clearance_mm=0.0,funnel=True,gate=True,plate=0.2,plate_chamfer_deg=20,plate_round_mm=0.0,retreat=0|v10|stop",bead,flooring,0.0,3,0,0,0,3,0,0,0,3,0,0,,
"hood|backstop=None,clearance_mm=0.0,funnel=True,gate=True,plate=0.2,plate_chamfer_deg=20,plate_round_mm=0.0,retreat=0|v10|stop",bead,flooring,5.0,3,0,0,0,3,0,0,0,3,0,0,,
"hood|backstop=None,clearance_mm=0.0,funnel=True,gate=True,plate=0.2,plate_chamfer_deg=20,plate_round_mm=0.0,retreat=0|v10|stop",bead,flooring,10.0,3,0,0,0,3,0,0,0,3,0,0,,
"hood|backstop=None,clearance_mm=0.0,funnel=True,gate=True,plate=0.2,plate_chamfer_deg=20,plate_round_mm=0.0,retreat=0|v10|stop",bead,mat,0.0,3,0,0,0,3,0,0,0,3,0,0,,
"hood|backstop=None,clearance_mm=0.0,funnel=True,gate=True,plate=0.2,plate_chamfer_deg=20,plate_round_mm=0.0,retreat=0|v10|stop",bead,mat,5.0,3,0,0,0,3,0,0,0,3,0,0,,
"hood|backstop=None,clearance_mm=0.0,funnel=True,gate=True,plate=0.2,plate_chamfer_deg=20,plate_round_mm=0.0,retreat=0|v10|stop",bead,mat,10.0,3,0,0,0,3,0,0,0,3,0,0,,
"hood|backstop=None,clearance_mm=0.0,funnel=True,gate=True,plate=0.2,plate_chamfer_deg=20,plate_round_mm=0.0,retreat=0|v10|stop",coin_1yen,flooring,0.0,3,0,0,0,3,0,0,0,3,0,0,,
"hood|backstop=None,clearance_mm=0.0,funnel=True,gate=True,plate=0.2,plate_chamfer_deg=20,plate_round_mm=0.0,retreat=0|v10|stop",coin_1yen,flooring,5.0,3,0,0,0,3,0,0,0,3,0,0,,
"hood|backstop=None,clearance_mm=0.0,funnel=True,gate=True,plate=0.2,plate_chamfer_deg=20,plate_round_mm=0.0,retreat=0|v10|stop",coin_1yen,flooring,10.0,3,0,0,0,3,0,0,0,3,0,0,,
"hood|backstop=None,clearance_mm=0.0,funnel=True,gate=True,plate=0.2,plate_chamfer_deg=20,plate_round_mm=0.0,retreat=0|v10|stop",coin_1yen,mat,0.0,3,0,0,0,3,0,0,0,3,0,0,,
"hood|backstop=None,clearance_mm=0.0,funnel=True,gate=True,plate=0.2,plate_chamfer_deg=20,plate_round_mm=0.0,retreat=0|v10|stop",coin_1yen,mat,5.0,3,0,0,0,3,0,0,0,3,0,0,,
"hood|backstop=None,clearance_mm=0.0,funnel=True,gate=True,plate=0.2,plate_chamfer_deg=20,plate_round_mm=0.0,retreat=0|v10|stop",coin_1yen,mat,10.0,3,0,0,0,3,0,0,0,3,0,0,,
"hood|backstop=None,clearance_mm=0.0,funnel=True,gate=True,plate=0.2,plate_chamfer_deg=20,plate_round_mm=0.0,retreat=0|v10|stop",crumb_cube,flooring,0.0,3,0,0,0,1,2,0,2,3,0,2,,
"hood|backstop=None,clearance_mm=0.0,funnel=True,gate=True,plate=0.2,plate_chamfer_deg=20,plate_round_mm=0.0,retreat=0|v10|stop",crumb_cube,flooring,5.0,3,0,0,0,0,3,0,3,3,0,3,,
"hood|backstop=None,clearance_mm=0.0,funnel=True,gate=True,plate=0.2,plate_chamfer_deg=20,plate_round_mm=0.0,retreat=0|v10|stop",crumb_cube,flooring,10.0,3,0,0,0,0,3,0,3,3,0,3,,
"hood|backstop=None,clearance_mm=0.0,funnel=True,gate=True,plate=0.2,plate_chamfer_deg=20,plate_round_mm=0.0,retreat=0|v10|stop",crumb_cube,mat,0.0,3,0,0,0,1,2,0,2,3,0,2,,
"hood|backstop=None,clearance_mm=0.0,funnel=True,gate=True,plate=0.2,plate_chamfer_deg=20,plate_round_mm=0.0,retreat=0|v10|stop",crumb_cube,mat,5.0,3,0,0,0,0,3,0,3,3,0,3,,
"hood|backstop=None,clearance_mm=0.0,funnel=True,gate=True,plate=0.2,plate_chamfer_deg=20,plate_round_mm=0.0,retreat=0|v10|stop",crumb_cube,mat,10.0,3,0,0,0,0,3,0,3,3,0,3,,
"hood|backstop=None,clearance_mm=0.0,funnel=True,gate=True,plate=0.2,plate_chamfer_deg=20,plate_round_mm=0.1,retreat=0|v10|stop",battery_cr2032,flooring,0.0,3,0,0,0,3,0,0,0,3,0,0,,
"hood|backstop=None,clearance_mm=0.0,funnel=True,gate=True,plate=0.2,plate_chamfer_deg=20,plate_round_mm=0.1,retreat=0|v10|stop",battery_cr2032,flooring,5.0,3,0,0,0,3,0,0,0,3,0,0,,
"hood|backstop=None,clearance_mm=0.0,funnel=True,gate=True,plate=0.2,plate_chamfer_deg=20,plate_round_mm=0.1,retreat=0|v10|stop",battery_cr2032,flooring,10.0,3,0,0,0,3,0,0,0,3,0,0,,
"hood|backstop=None,clearance_mm=0.0,funnel=True,gate=True,plate=0.2,plate_chamfer_deg=20,plate_round_mm=0.1,retreat=0|v10|stop",battery_cr2032,mat,0.0,3,0,0,0,3,0,0,0,3,0,0,,
"hood|backstop=None,clearance_mm=0.0,funnel=True,gate=True,plate=0.2,plate_chamfer_deg=20,plate_round_mm=0.1,retreat=0|v10|stop",battery_cr2032,mat,5.0,3,0,0,0,3,0,0,0,3,0,0,,
"hood|backstop=None,clearance_mm=0.0,funnel=True,gate=True,plate=0.2,plate_chamfer_deg=20,plate_round_mm=0.1,retreat=0|v10|stop",battery_cr2032,mat,10.0,3,0,0,0,3,0,0,0,3,0,0,,
"hood|backstop=None,clearance_mm=0.0,funnel=True,gate=True,plate=0.2,plate_chamfer_deg=20,plate_round_mm=0.1,retreat=0|v10|stop",bead,flooring,0.0,3,0,0,0,3,0,0,0,3,0,0,,
"hood|backstop=None,clearance_mm=0.0,funnel=True,gate=True,plate=0.2,plate_chamfer_deg=20,plate_round_mm=0.1,retreat=0|v10|stop",bead,flooring,5.0,3,0,0,0,3,0,0,0,3,0,0,,
"hood|backstop=None,clearance_mm=0.0,funnel=True,gate=True,plate=0.2,plate_chamfer_deg=20,plate_round_mm=0.1,retreat=0|v10|stop",bead,flooring,10.0,3,0,0,0,3,0,0,0,3,0,0,,
"hood|backstop=None,clearance_mm=0.0,funnel=True,gate=True,plate=0.2,plate_chamfer_deg=20,plate_round_mm=0.1,retreat=0|v10|stop",bead,mat,0.0,3,0,0,0,3,0,0,0,3,0,0,,
"hood|backstop=None,clearance_mm=0.0,funnel=True,gate=True,plate=0.2,plate_chamfer_deg=20,plate_round_mm=0.1,retreat=0|v10|stop",bead,mat,5.0,3,0,0,0,3,0,0,0,3,0,0,,
"hood|backstop=None,clearance_mm=0.0,funnel=True,gate=True,plate=0.2,plate_chamfer_deg=20,plate_round_mm=0.1,retreat=0|v10|stop",bead,mat,10.0,3,0,0,0,3,0,0,0,3,0,0,,
"hood|backstop=None,clearance_mm=0.0,funnel=True,gate=True,plate=0.2,plate_chamfer_deg=20,plate_round_mm=0.1,retreat=0|v10|stop",coin_1yen,flooring,0.0,3,0,0,0,3,0,0,0,3,0,0,,
"hood|backstop=None,clearance_mm=0.0,funnel=True,gate=True,plate=0.2,plate_chamfer_deg=20,plate_round_mm=0.1,retreat=0|v10|stop",coin_1yen,flooring,5.0,3,0,0,0,3,0,0,0,3,0,0,,
"hood|backstop=None,clearance_mm=0.0,funnel=True,gate=True,plate=0.2,plate_chamfer_deg=20,plate_round_mm=0.1,retreat=0|v10|stop",coin_1yen,flooring,10.0,3,0,0,0,3,0,0,0,3,0,0,,
"hood|backstop=None,clearance_mm=0.0,funnel=True,gate=True,plate=0.2,plate_chamfer_deg=20,plate_round_mm=0.1,retreat=0|v10|stop",coin_1yen,mat,0.0,3,0,0,0,3,0,0,0,3,0,0,,
"hood|backstop=None,clearance_mm=0.0,funnel=True,gate=True,plate=0.2,plate_chamfer_deg=20,plate_round_mm=0.1,retreat=0|v10|stop",coin_1yen,mat,5.0,3,0,0,0,3,0,0,0,3,0,0,,
"hood|backstop=None,clearance_mm=0.0,funnel=True,gate=True,plate=0.2,plate_chamfer_deg=20,plate_round_mm=0.1,retreat=0|v10|stop",coin_1yen,mat,10.0,3,0,0,0,3,0,0,0,3,0,0,,
"hood|backstop=None,clearance_mm=0.0,funnel=True,gate=True,plate=0.2,plate_chamfer_deg=20,plate_round_mm=0.1,retreat=0|v10|stop",crumb_cube,flooring,0.0,3,0,0,0,1,2,0,2,3,0,2,,
"hood|backstop=None,clearance_mm=0.0,funnel=True,gate=True,plate=0.2,plate_chamfer_deg=20,plate_round_mm=0.1,retreat=0|v10|stop",crumb_cube,flooring,5.0,3,0,0,0,0,3,0,3,3,0,3,,
"hood|backstop=None,clearance_mm=0.0,funnel=True,gate=True,plate=0.2,plate_chamfer_deg=20,plate_round_mm=0.1,retreat=0|v10|stop",crumb_cube,flooring,10.0,3,0,0,0,0,3,0,3,3,0,3,,
"hood|backstop=None,clearance_mm=0.0,funnel=True,gate=True,plate=0.2,plate_chamfer_deg=20,plate_round_mm=0.1,retreat=0|v10|stop",crumb_cube,mat,0.0,3,0,0,0,1,2,0,2,3,0,2,,
"hood|backstop=None,clearance_mm=0.0,funnel=True,gate=True,plate=0.2,plate_chamfer_deg=20,plate_round_mm=0.1,retreat=0|v10|stop",crumb_cube,mat,5.0,3,0,0,0,0,3,0,3,3,0,3,,
"hood|backstop=None,clearance_mm=0.0,funnel=True,gate=True,plate=0.2,plate_chamfer_deg=20,plate_round_mm=0.1,retreat=0|v10|stop",crumb_cube,mat,10.0,3,0,0,0,0,3,0,3,3,0,3,,
"hood|backstop=None,clearance_mm=0.0,funnel=True,gate=True,plate=0.2,plate_chamfer_deg=20,plate_round_mm=0.3,retreat=0|v10|stop",battery_cr2032,flooring,0.0,3,0,0,0,3,0,0,0,3,0,0,,
"hood|backstop=None,clearance_mm=0.0,funnel=True,gate=True,plate=0.2,plate_chamfer_deg=20,plate_round_mm=0.3,retreat=0|v10|stop",battery_cr2032,flooring,5.0,3,0,0,0,3,0,0,0,3,0,0,,
"hood|backstop=None,clearance_mm=0.0,funnel=True,gate=True,plate=0.2,plate_chamfer_deg=20,plate_round_mm=0.3,retreat=0|v10|stop",battery_cr2032,flooring,10.0,3,0,0,0,3,0,0,0,3,0,0,,
"hood|backstop=None,clearance_mm=0.0,funnel=True,gate=True,plate=0.2,plate_chamfer_deg=20,plate_round_mm=0.3,retreat=0|v10|stop",battery_cr2032,mat,0.0,3,0,0,0,3,0,0,0,3,0,0,,
"hood|backstop=None,clearance_mm=0.0,funnel=True,gate=True,plate=0.2,plate_chamfer_deg=20,plate_round_mm=0.3,retreat=0|v10|stop",battery_cr2032,mat,5.0,3,0,0,0,3,0,0,0,3,0,0,,
"hood|backstop=None,clearance_mm=0.0,funnel=True,gate=True,plate=0.2,plate_chamfer_deg=20,plate_round_mm=0.3,retreat=0|v10|stop",battery_cr2032,mat,10.0,3,0,0,0,3,0,0,0,3,0,0,,
"hood|backstop=None,clearance_mm=0.0,funnel=True,gate=True,plate=0.2,plate_chamfer_deg=20,plate_round_mm=0.3,retreat=0|v10|stop",bead,flooring,0.0,3,0,0,0,3,0,0,0,3,0,0,,
"hood|backstop=None,clearance_mm=0.0,funnel=True,gate=True,plate=0.2,plate_chamfer_deg=20,plate_round_mm=0.3,retreat=0|v10|stop",bead,flooring,5.0,3,0,0,0,3,0,0,0,3,0,0,,
"hood|backstop=None,clearance_mm=0.0,funnel=True,gate=True,plate=0.2,plate_chamfer_deg=20,plate_round_mm=0.3,retreat=0|v10|stop",bead,flooring,10.0,3,0,0,0,3,0,0,0,3,0,0,,
"hood|backstop=None,clearance_mm=0.0,funnel=True,gate=True,plate=0.2,plate_chamfer_deg=20,plate_round_mm=0.3,retreat=0|v10|stop",bead,mat,0.0,3,0,0,0,3,0,0,0,3,0,0,,
"hood|backstop=None,clearance_mm=0.0,funnel=True,gate=True,plate=0.2,plate_chamfer_deg=20,plate_round_mm=0.3,retreat=0|v10|stop",bead,mat,5.0,3,0,0,0,3,0,0,0,3,0,0,,
"hood|backstop=None,clearance_mm=0.0,funnel=True,gate=True,plate=0.2,plate_chamfer_deg=20,plate_round_mm=0.3,retreat=0|v10|stop",bead,mat,10.0,3,0,0,0,3,0,0,0,3,0,0,,
"hood|backstop=None,clearance_mm=0.0,funnel=True,gate=True,plate=0.2,plate_chamfer_deg=20,plate_round_mm=0.3,retreat=0|v10|stop",coin_1yen,flooring,0.0,3,0,0,0,3,0,0,0,3,0,0,,
"hood|backstop=None,clearance_mm=0.0,funnel=True,gate=True,plate=0.2,plate_chamfer_deg=20,plate_round_mm=0.3,retreat=0|v10|stop",coin_1yen,flooring,5.0,3,0,0,0,3,0,0,0,3,0,0,,
"hood|backstop=None,clearance_mm=0.0,funnel=True,gate=True,plate=0.2,plate_chamfer_deg=20,plate_round_mm=0.3,retreat=0|v10|stop",coin_1yen,flooring,10.0,3,0,0,0,3,0,0,0,3,0,0,,
"hood|backstop=None,clearance_mm=0.0,funnel=True,gate=True,plate=0.2,plate_chamfer_deg=20,plate_round_mm=0.3,retreat=0|v10|stop",coin_1yen,mat,0.0,3,0,0,0,3,0,0,0,3,0,0,,
"hood|backstop=None,clearance_mm=0.0,funnel=True,gate=True,plate=0.2,plate_chamfer_deg=20,plate_round_mm=0.3,retreat=0|v10|stop",coin_1yen,mat,5.0,3,0,0,0,3,0,0,0,3,0,0,,
"hood|backstop=None,clearance_mm=0.0,funnel=True,gate=True,plate=0.2,plate_chamfer_deg=20,plate_round_mm=0.3,retreat=0|v10|stop",coin_1yen,mat,10.0,3,0,0,0,3,0,0,0,3,0,0,,
"hood|backstop=None,clearance_mm=0.0,funnel=True,gate=True,plate=0.2,plate_chamfer_deg=20,plate_round_mm=0.3,retreat=0|v10|stop",crumb_cube,flooring,0.0,3,0,0,0,1,2,0,2,3,0,2,,
"hood|backstop=None,clearance_mm=0.0,funnel=True,gate=True,plate=0.2,plate_chamfer_deg=20,plate_round_mm=0.3,retreat=0|v10|stop",crumb_cube,flooring,5.0,3,0,0,0,0,3,0,3,3,0,3,,
"hood|backstop=None,clearance_mm=0.0,funnel=True,gate=True,plate=0.2,plate_chamfer_deg=20,plate_round_mm=0.3,retreat=0|v10|stop",crumb_cube,flooring,10.0,3,0,0,0,0,3,0,3,3,0,3,,
"hood|backstop=None,clearance_mm=0.0,funnel=True,gate=True,plate=0.2,plate_chamfer_deg=20,plate_round_mm=0.3,retreat=0|v10|stop",crumb_cube,mat,0.0,3,0,0,0,1,2,0,2,3,0,2,,
"hood|backstop=None,clearance_mm=0.0,funnel=True,gate=True,plate=0.2,plate_chamfer_deg=20,plate_round_mm=0.3,retreat=0|v10|stop",crumb_cube,mat,5.0,3,0,0,0,0,3,0,3,3,0,3,,
"hood|backstop=None,clearance_mm=0.0,funnel=True,gate=True,plate=0.2,plate_chamfer_deg=20,plate_round_mm=0.3,retreat=0|v10|stop",crumb_cube,mat,10.0,3,0,0,0,0,3,0,3,3,0,3,,
"hood|backstop=None,clearance_mm=0.0,funnel=True,gate=True,plate=0.2,plate_chamfer_deg=45,plate_round_mm=0.0,retreat=0|v10|stop",battery_cr2032,flooring,0.0,3,0,0,0,3,0,0,0,3,0,0,,
"hood|backstop=None,clearance_mm=0.0,funnel=True,gate=True,plate=0.2,plate_chamfer_deg=45,plate_round_mm=0.0,retreat=0|v10|stop",battery_cr2032,flooring,5.0,3,0,0,0,3,0,0,0,3,0,0,,
"hood|backstop=None,clearance_mm=0.0,funnel=True,gate=True,plate=0.2,plate_chamfer_deg=45,plate_round_mm=0.0,retreat=0|v10|stop",battery_cr2032,flooring,10.0,3,0,0,0,3,0,0,0,3,0,0,,
"hood|backstop=None,clearance_mm=0.0,funnel=True,gate=True,plate=0.2,plate_chamfer_deg=45,plate_round_mm=0.0,retreat=0|v10|stop",battery_cr2032,mat,0.0,3,0,0,0,3,0,0,0,3,0,0,,
"hood|backstop=None,clearance_mm=0.0,funnel=True,gate=True,plate=0.2,plate_chamfer_deg=45,plate_round_mm=0.0,retreat=0|v10|stop",battery_cr2032,mat,5.0,3,0,0,0,3,0,0,0,3,0,0,,
"hood|backstop=None,clearance_mm=0.0,funnel=True,gate=True,plate=0.2,plate_chamfer_deg=45,plate_round_mm=0.0,retreat=0|v10|stop",battery_cr2032,mat,10.0,3,0,0,0,3,0,0,0,3,0,0,,
"hood|backstop=None,clearance_mm=0.0,funnel=True,gate=True,plate=0.2,plate_chamfer_deg=45,plate_round_mm=0.0,retreat=0|v10|stop",bead,flooring,0.0,3,0,0,0,3,0,0,0,3,0,0,,
"hood|backstop=None,clearance_mm=0.0,funnel=True,gate=True,plate=0.2,plate_chamfer_deg=45,plate_round_mm=0.0,retreat=0|v10|stop",bead,flooring,5.0,3,0,0,0,3,0,0,0,3,0,0,,
"hood|backstop=None,clearance_mm=0.0,funnel=True,gate=True,plate=0.2,plate_chamfer_deg=45,plate_round_mm=0.0,retreat=0|v10|stop",bead,flooring,10.0,3,0,0,0,3,0,0,0,3,0,0,,
"hood|backstop=None,clearance_mm=0.0,funnel=True,gate=True,plate=0.2,plate_chamfer_deg=45,plate_round_mm=0.0,retreat=0|v10|stop",bead,mat,0.0,3,0,0,0,3,0,0,0,3,0,0,,
"hood|backstop=None,clearance_mm=0.0,funnel=True,gate=True,plate=0.2,plate_chamfer_deg=45,plate_round_mm=0.0,retreat=0|v10|stop",bead,mat,5.0,3,0,0,0,3,0,0,0,3,0,0,,
"hood|backstop=None,clearance_mm=0.0,funnel=True,gate=True,plate=0.2,plate_chamfer_deg=45,plate_round_mm=0.0,retreat=0|v10|stop",bead,mat,10.0,3,0,0,0,3,0,0,0,3,0,0,,
"hood|backstop=None,clearance_mm=0.0,funnel=True,gate=True,plate=0.2,plate_chamfer_deg=45,plate_round_mm=0.0,retreat=0|v10|stop",coin_1yen,flooring,0.0,3,0,0,0,3,0,0,0,3,0,0,,
"hood|backstop=None,clearance_mm=0.0,funnel=True,gate=True,plate=0.2,plate_chamfer_deg=45,plate_round_mm=0.0,retreat=0|v10|stop",coin_1yen,flooring,5.0,3,0,0,0,3,0,0,0,3,0,0,,
"hood|backstop=None,clearance_mm=0.0,funnel=True,gate=True,plate=0.2,plate_chamfer_deg=45,plate_round_mm=0.0,retreat=0|v10|stop",coin_1yen,flooring,10.0,3,0,0,0,3,0,0,0,3,0,0,,
"hood|backstop=None,clearance_mm=0.0,funnel=True,gate=True,plate=0.2,plate_chamfer_deg=45,plate_round_mm=0.0,retreat=0|v10|stop",coin_1yen,mat,0.0,3,0,0,0,3,0,0,0,3,0,0,,
"hood|backstop=None,clearance_mm=0.0,funnel=True,gate=True,plate=0.2,plate_chamfer_deg=45,plate_round_mm=0.0,retreat=0|v10|stop",coin_1yen,mat,5.0,3,0,0,0,3,0,0,0,3,0,0,,
"hood|backstop=None,clearance_mm=0.0,funnel=True,gate=True,plate=0.2,plate_chamfer_deg=45,plate_round_mm=0.0,retreat=0|v10|stop",coin_1yen,mat,10.0,3,0,0,0,3,0,0,0,3,0,0,,
"hood|backstop=None,clearance_mm=0.0,funnel=True,gate=True,plate=0.2,plate_chamfer_deg=45,plate_round_mm=0.0,retreat=0|v10|stop",crumb_cube,flooring,0.0,3,0,0,0,3,0,0,0,3,0,0,,
"hood|backstop=None,clearance_mm=0.0,funnel=True,gate=True,plate=0.2,plate_chamfer_deg=45,plate_round_mm=0.0,retreat=0|v10|stop",crumb_cube,flooring,5.0,3,0,0,0,3,0,0,0,3,0,0,,
"hood|backstop=None,clearance_mm=0.0,funnel=True,gate=True,plate=0.2,plate_chamfer_deg=45,plate_round_mm=0.0,retreat=0|v10|stop",crumb_cube,flooring,10.0,3,0,0,0,3,0,0,0,3,0,0,,
"hood|backstop=None,clearance_mm=0.0,funnel=True,gate=True,plate=0.2,plate_chamfer_deg=45,plate_round_mm=0.0,retreat=0|v10|stop",crumb_cube,mat,0.0,3,0,0,0,3,0,0,0,3,0,0,,
"hood|backstop=None,clearance_mm=0.0,funnel=True,gate=True,plate=0.2,plate_chamfer_deg=45,plate_round_mm=0.0,retreat=0|v10|stop",crumb_cube,mat,5.0,3,0,0,0,3,0,0,0,3,0,0,,
"hood|backstop=None,clearance_mm=0.0,funnel=True,gate=True,plate=0.2,plate_chamfer_deg=45,plate_round_mm=0.0,retreat=0|v10|stop",crumb_cube,mat,10.0,3,0,0,0,3,0,0,0,3,0,0,,
"hood|backstop=None,clearance_mm=0.0,funnel=True,gate=True,plate=0.2,plate_chamfer_deg=45,plate_round_mm=0.1,retreat=0|v10|stop",battery_cr2032,flooring,0.0,3,0,0,0,3,0,0,0,3,0,0,,
"hood|backstop=None,clearance_mm=0.0,funnel=True,gate=True,plate=0.2,plate_chamfer_deg=45,plate_round_mm=0.1,retreat=0|v10|stop",battery_cr2032,flooring,5.0,3,0,0,0,3,0,0,0,3,0,0,,
"hood|backstop=None,clearance_mm=0.0,funnel=True,gate=True,plate=0.2,plate_chamfer_deg=45,plate_round_mm=0.1,retreat=0|v10|stop",battery_cr2032,flooring,10.0,3,0,0,0,0,3,0,3,3,0,3,,
"hood|backstop=None,clearance_mm=0.0,funnel=True,gate=True,plate=0.2,plate_chamfer_deg=45,plate_round_mm=0.1,retreat=0|v10|stop",battery_cr2032,mat,0.0,3,0,0,0,3,0,0,0,3,0,0,,
"hood|backstop=None,clearance_mm=0.0,funnel=True,gate=True,plate=0.2,plate_chamfer_deg=45,plate_round_mm=0.1,retreat=0|v10|stop",battery_cr2032,mat,5.0,3,0,0,0,3,0,0,0,3,0,0,,
"hood|backstop=None,clearance_mm=0.0,funnel=True,gate=True,plate=0.2,plate_chamfer_deg=45,plate_round_mm=0.1,retreat=0|v10|stop",battery_cr2032,mat,10.0,3,0,0,0,3,0,0,0,3,0,0,,
"hood|backstop=None,clearance_mm=0.0,funnel=True,gate=True,plate=0.2,plate_chamfer_deg=45,plate_round_mm=0.1,retreat=0|v10|stop",bead,flooring,0.0,3,0,0,0,3,0,0,0,3,0,0,,
"hood|backstop=None,clearance_mm=0.0,funnel=True,gate=True,plate=0.2,plate_chamfer_deg=45,plate_round_mm=0.1,retreat=0|v10|stop",bead,flooring,5.0,3,0,0,0,3,0,0,0,3,0,0,,
"hood|backstop=None,clearance_mm=0.0,funnel=True,gate=True,plate=0.2,plate_chamfer_deg=45,plate_round_mm=0.1,retreat=0|v10|stop",bead,flooring,10.0,3,0,0,0,3,0,0,0,3,0,0,,
"hood|backstop=None,clearance_mm=0.0,funnel=True,gate=True,plate=0.2,plate_chamfer_deg=45,plate_round_mm=0.1,retreat=0|v10|stop",bead,mat,0.0,3,0,0,0,3,0,0,0,3,0,0,,
"hood|backstop=None,clearance_mm=0.0,funnel=True,gate=True,plate=0.2,plate_chamfer_deg=45,plate_round_mm=0.1,retreat=0|v10|stop",bead,mat,5.0,3,0,0,0,3,0,0,0,3,0,0,,
"hood|backstop=None,clearance_mm=0.0,funnel=True,gate=True,plate=0.2,plate_chamfer_deg=45,plate_round_mm=0.1,retreat=0|v10|stop",bead,mat,10.0,3,0,0,0,3,0,0,0,3,0,0,,
"hood|backstop=None,clearance_mm=0.0,funnel=True,gate=True,plate=0.2,plate_chamfer_deg=45,plate_round_mm=0.1,retreat=0|v10|stop",coin_1yen,flooring,0.0,3,0,0,0,3,0,0,0,3,0,0,,
"hood|backstop=None,clearance_mm=0.0,funnel=True,gate=True,plate=0.2,plate_chamfer_deg=45,plate_round_mm=0.1,retreat=0|v10|stop",coin_1yen,flooring,5.0,3,0,0,0,3,0,0,0,3,0,0,,
"hood|backstop=None,clearance_mm=0.0,funnel=True,gate=True,plate=0.2,plate_chamfer_deg=45,plate_round_mm=0.1,retreat=0|v10|stop",coin_1yen,flooring,10.0,3,0,0,0,3,0,0,0,3,0,0,,
"hood|backstop=None,clearance_mm=0.0,funnel=True,gate=True,plate=0.2,plate_chamfer_deg=45,plate_round_mm=0.1,retreat=0|v10|stop",coin_1yen,mat,0.0,3,0,0,0,3,0,0,0,3,0,0,,
"hood|backstop=None,clearance_mm=0.0,funnel=True,gate=True,plate=0.2,plate_chamfer_deg=45,plate_round_mm=0.1,retreat=0|v10|stop",coin_1yen,mat,5.0,3,0,0,0,3,0,0,0,3,0,0,,
"hood|backstop=None,clearance_mm=0.0,funnel=True,gate=True,plate=0.2,plate_chamfer_deg=45,plate_round_mm=0.1,retreat=0|v10|stop",coin_1yen,mat,10.0,3,0,0,0,3,0,0,0,3,0,0,,
"hood|backstop=None,clearance_mm=0.0,funnel=True,gate=True,plate=0.2,plate_chamfer_deg=45,plate_round_mm=0.1,retreat=0|v10|stop",crumb_cube,flooring,0.0,3,0,0,0,3,0,0,0,3,0,0,,
"hood|backstop=None,clearance_mm=0.0,funnel=True,gate=True,plate=0.2,plate_chamfer_deg=45,plate_round_mm=0.1,retreat=0|v10|stop",crumb_cube,flooring,5.0,3,0,0,0,3,0,0,0,3,0,0,,
"hood|backstop=None,clearance_mm=0.0,funnel=True,gate=True,plate=0.2,plate_chamfer_deg=45,plate_round_mm=0.1,retreat=0|v10|stop",crumb_cube,flooring,10.0,3,0,0,0,3,0,0,0,3,0,0,,
"hood|backstop=None,clearance_mm=0.0,funnel=True,gate=True,plate=0.2,plate_chamfer_deg=45,plate_round_mm=0.1,retreat=0|v10|stop",crumb_cube,mat,0.0,3,0,0,0,3,0,0,0,3,0,0,,
"hood|backstop=None,clearance_mm=0.0,funnel=True,gate=True,plate=0.2,plate_chamfer_deg=45,plate_round_mm=0.1,retreat=0|v10|stop",crumb_cube,mat,5.0,3,0,0,0,3,0,0,0,3,0,0,,
"hood|backstop=None,clearance_mm=0.0,funnel=True,gate=True,plate=0.2,plate_chamfer_deg=45,plate_round_mm=0.1,retreat=0|v10|stop",crumb_cube,mat,10.0,3,0,0,0,3,0,0,0,3,0,0,,
"hood|backstop=None,clearance_mm=0.0,funnel=True,gate=True,plate=0.2,plate_chamfer_deg=45,plate_round_mm=0.3,retreat=0|v10|stop",battery_cr2032,flooring,0.0,3,0,0,0,3,0,0,0,3,0,0,,
"hood|backstop=None,clearance_mm=0.0,funnel=True,gate=True,plate=0.2,plate_chamfer_deg=45,plate_round_mm=0.3,retreat=0|v10|stop",battery_cr2032,flooring,5.0,3,0,0,0,3,0,0,0,3,0,0,,
"hood|backstop=None,clearance_mm=0.0,funnel=True,gate=True,plate=0.2,plate_chamfer_deg=45,plate_round_mm=0.3,retreat=0|v10|stop",battery_cr2032,flooring,10.0,3,0,0,0,3,0,0,0,3,0,0,,
"hood|backstop=None,clearance_mm=0.0,funnel=True,gate=True,plate=0.2,plate_chamfer_deg=45,plate_round_mm=0.3,retreat=0|v10|stop",battery_cr2032,mat,0.0,3,0,0,0,3,0,0,0,3,0,0,,
"hood|backstop=None,clearance_mm=0.0,funnel=True,gate=True,plate=0.2,plate_chamfer_deg=45,plate_round_mm=0.3,retreat=0|v10|stop",battery_cr2032,mat,5.0,3,0,0,0,3,0,0,0,3,0,0,,
"hood|backstop=None,clearance_mm=0.0,funnel=True,gate=True,plate=0.2,plate_chamfer_deg=45,plate_round_mm=0.3,retreat=0|v10|stop",battery_cr2032,mat,10.0,3,0,0,0,3,0,0,0,3,0,0,,
"hood|backstop=None,clearance_mm=0.0,funnel=True,gate=True,plate=0.2,plate_chamfer_deg=45,plate_round_mm=0.3,retreat=0|v10|stop",bead,flooring,0.0,3,0,0,0,3,0,0,0,3,0,0,,
"hood|backstop=None,clearance_mm=0.0,funnel=True,gate=True,plate=0.2,plate_chamfer_deg=45,plate_round_mm=0.3,retreat=0|v10|stop",bead,flooring,5.0,3,0,0,0,3,0,0,0,3,0,0,,
"hood|backstop=None,clearance_mm=0.0,funnel=True,gate=True,plate=0.2,plate_chamfer_deg=45,plate_round_mm=0.3,retreat=0|v10|stop",bead,flooring,10.0,3,0,0,0,3,0,0,0,3,0,0,,
"hood|backstop=None,clearance_mm=0.0,funnel=True,gate=True,plate=0.2,plate_chamfer_deg=45,plate_round_mm=0.3,retreat=0|v10|stop",bead,mat,0.0,3,0,0,0,3,0,0,0,3,0,0,,
"hood|backstop=None,clearance_mm=0.0,funnel=True,gate=True,plate=0.2,plate_chamfer_deg=45,plate_round_mm=0.3,retreat=0|v10|stop",bead,mat,5.0,3,0,0,0,3,0,0,0,3,0,0,,
"hood|backstop=None,clearance_mm=0.0,funnel=True,gate=True,plate=0.2,plate_chamfer_deg=45,plate_round_mm=0.3,retreat=0|v10|stop",bead,mat,10.0,3,0,0,0,3,0,0,0,3,0,0,,
"hood|backstop=None,clearance_mm=0.0,funnel=True,gate=True,plate=0.2,plate_chamfer_deg=45,plate_round_mm=0.3,retreat=0|v10|stop",coin_1yen,flooring,0.0,3,0,0,0,3,0,0,0,3,0,0,,
"hood|backstop=None,clearance_mm=0.0,funnel=True,gate=True,plate=0.2,plate_chamfer_deg=45,plate_round_mm=0.3,retreat=0|v10|stop",coin_1yen,flooring,5.0,3,0,0,0,3,0,0,0,3,0,0,,
"hood|backstop=None,clearance_mm=0.0,funnel=True,gate=True,plate=0.2,plate_chamfer_deg=45,plate_round_mm=0.3,retreat=0|v10|stop",coin_1yen,flooring,10.0,3,0,0,0,3,0,0,0,3,0,0,,
"hood|backstop=None,clearance_mm=0.0,funnel=True,gate=True,plate=0.2,plate_chamfer_deg=45,plate_round_mm=0.3,retreat=0|v10|stop",coin_1yen,mat,0.0,3,0,0,0,3,0,0,0,3,0,0,,
"hood|backstop=None,clearance_mm=0.0,funnel=True,gate=True,plate=0.2,plate_chamfer_deg=45,plate_round_mm=0.3,retreat=0|v10|stop",coin_1yen,mat,5.0,3,0,0,0,3,0,0,0,3,0,0,,
"hood|backstop=None,clearance_mm=0.0,funnel=True,gate=True,plate=0.2,plate_chamfer_deg=45,plate_round_mm=0.3,retreat=0|v10|stop",coin_1yen,mat,10.0,3,0,0,0,3,0,0,0,3,0,0,,
"hood|backstop=None,clearance_mm=0.0,funnel=True,gate=True,plate=0.2,plate_chamfer_deg=45,plate_round_mm=0.3,retreat=0|v10|stop",crumb_cube,flooring,0.0,3,0,0,0,3,0,0,0,3,0,0,,
"hood|backstop=None,clearance_mm=0.0,funnel=True,gate=True,plate=0.2,plate_chamfer_deg=45,plate_round_mm=0.3,retreat=0|v10|stop",crumb_cube,flooring,5.0,3,0,0,0,3,0,0,0,3,0,0,,
"hood|backstop=None,clearance_mm=0.0,funnel=True,gate=True,plate=0.2,plate_chamfer_deg=45,plate_round_mm=0.3,retreat=0|v10|stop",crumb_cube,flooring,10.0,3,0,0,0,3,0,0,0,3,0,0,,
"hood|backstop=None,clearance_mm=0.0,funnel=True,gate=True,plate=0.2,plate_chamfer_deg=45,plate_round_mm=0.3,retreat=0|v10|stop",crumb_cube,mat,0.0,3,0,0,0,3,0,0,0,3,0,0,,
"hood|backstop=None,clearance_mm=0.0,funnel=True,gate=True,plate=0.2,plate_chamfer_deg=45,plate_round_mm=0.3,retreat=0|v10|stop",crumb_cube,mat,5.0,3,0,0,0,3,0,0,0,3,0,0,,
"hood|backstop=None,clearance_mm=0.0,funnel=True,gate=True,plate=0.2,plate_chamfer_deg=45,plate_round_mm=0.3,retreat=0|v10|stop",crumb_cube,mat,10.0,3,0,0,0,3,0,0,0,3,0,0,,
"hood|backstop=None,clearance_mm=0.0,funnel=True,gate=True,plate=0.2,plate_chamfer_deg=5,plate_round_mm=0.0,retreat=0|v10|stop",battery_cr2032,flooring,0.0,3,0,0,0,3,0,0,0,3,0,0,,
"hood|backstop=None,clearance_mm=0.0,funnel=True,gate=True,plate=0.2,plate_chamfer_deg=5,plate_round_mm=0.0,retreat=0|v10|stop",battery_cr2032,flooring,5.0,3,0,0,0,3,0,0,0,3,0,0,,
"hood|backstop=None,clearance_mm=0.0,funnel=True,gate=True,plate=0.2,plate_chamfer_deg=5,plate_round_mm=0.0,retreat=0|v10|stop",battery_cr2032,flooring,10.0,3,0,0,0,3,0,0,0,3,0,0,,
"hood|backstop=None,clearance_mm=0.0,funnel=True,gate=True,plate=0.2,plate_chamfer_deg=5,plate_round_mm=0.0,retreat=0|v10|stop",battery_cr2032,mat,0.0,3,0,0,0,3,0,0,0,3,0,0,,
"hood|backstop=None,clearance_mm=0.0,funnel=True,gate=True,plate=0.2,plate_chamfer_deg=5,plate_round_mm=0.0,retreat=0|v10|stop",battery_cr2032,mat,5.0,3,0,0,0,3,0,0,0,3,0,0,,
"hood|backstop=None,clearance_mm=0.0,funnel=True,gate=True,plate=0.2,plate_chamfer_deg=5,plate_round_mm=0.0,retreat=0|v10|stop",battery_cr2032,mat,10.0,3,0,0,0,3,0,0,0,3,0,0,,
"hood|backstop=None,clearance_mm=0.0,funnel=True,gate=True,plate=0.2,plate_chamfer_deg=5,plate_round_mm=0.0,retreat=0|v10|stop",bead,flooring,0.0,3,0,0,0,3,0,0,0,3,0,0,,
"hood|backstop=None,clearance_mm=0.0,funnel=True,gate=True,plate=0.2,plate_chamfer_deg=5,plate_round_mm=0.0,retreat=0|v10|stop",bead,flooring,5.0,3,0,0,0,3,0,0,0,3,0,0,,
"hood|backstop=None,clearance_mm=0.0,funnel=True,gate=True,plate=0.2,plate_chamfer_deg=5,plate_round_mm=0.0,retreat=0|v10|stop",bead,flooring,10.0,3,0,0,0,3,0,0,0,3,0,0,,
"hood|backstop=None,clearance_mm=0.0,funnel=True,gate=True,plate=0.2,plate_chamfer_deg=5,plate_round_mm=0.0,retreat=0|v10|stop",bead,mat,0.0,3,0,0,0,3,0,0,0,3,0,0,,
"hood|backstop=None,clearance_mm=0.0,funnel=True,gate=True,plate=0.2,plate_chamfer_deg=5,plate_round_mm=0.0,retreat=0|v10|stop",bead,mat,5.0,3,0,0,0,3,0,0,0,3,0,0,,
"hood|backstop=None,clearance_mm=0.0,funnel=True,gate=True,plate=0.2,plate_chamfer_deg=5,plate_round_mm=0.0,retreat=0|v10|stop",bead,mat,10.0,3,0,0,0,3,0,0,0,3,0,0,,
"hood|backstop=None,clearance_mm=0.0,funnel=True,gate=True,plate=0.2,plate_chamfer_deg=5,plate_round_mm=0.0,retreat=0|v10|stop",coin_1yen,flooring,0.0,3,0,0,0,3,0,0,0,3,0,0,,
"hood|backstop=None,clearance_mm=0.0,funnel=True,gate=True,plate=0.2,plate_chamfer_deg=5,plate_round_mm=0.0,retreat=0|v10|stop",coin_1yen,flooring,5.0,3,0,0,0,3,0,0,0,3,0,0,,
"hood|backstop=None,clearance_mm=0.0,funnel=True,gate=True,plate=0.2,plate_chamfer_deg=5,plate_round_mm=0.0,retreat=0|v10|stop",coin_1yen,flooring,10.0,3,0,0,0,3,0,0,0,3,0,0,,
"hood|backstop=None,clearance_mm=0.0,funnel=True,gate=True,plate=0.2,plate_chamfer_deg=5,plate_round_mm=0.0,retreat=0|v10|stop",coin_1yen,mat,0.0,3,0,0,0,3,0,0,0,3,0,0,,
"hood|backstop=None,clearance_mm=0.0,funnel=True,gate=True,plate=0.2,plate_chamfer_deg=5,plate_round_mm=0.0,retreat=0|v10|stop",coin_1yen,mat,5.0,3,0,0,0,3,0,0,0,3,0,0,,
"hood|backstop=None,clearance_mm=0.0,funnel=True,gate=True,plate=0.2,plate_chamfer_deg=5,plate_round_mm=0.0,retreat=0|v10|stop",coin_1yen,mat,10.0,3,0,0,0,3,0,0,0,3,0,0,,
"hood|backstop=None,clearance_mm=0.0,funnel=True,gate=True,plate=0.2,plate_chamfer_deg=5,plate_round_mm=0.0,retreat=0|v10|stop",crumb_cube,flooring,0.0,3,0,0,0,0,3,0,3,3,0,3,,
"hood|backstop=None,clearance_mm=0.0,funnel=True,gate=True,plate=0.2,plate_chamfer_deg=5,plate_round_mm=0.0,retreat=0|v10|stop",crumb_cube,flooring,5.0,3,0,0,0,0,3,0,3,3,0,3,,
"hood|backstop=None,clearance_mm=0.0,funnel=True,gate=True,plate=0.2,plate_chamfer_deg=5,plate_round_mm=0.0,retreat=0|v10|stop",crumb_cube,flooring,10.0,3,0,0,0,0,3,0,3,3,0,3,,
"hood|backstop=None,clearance_mm=0.0,funnel=True,gate=True,plate=0.2,plate_chamfer_deg=5,plate_round_mm=0.0,retreat=0|v10|stop",crumb_cube,mat,0.0,3,0,0,0,0,3,0,3,3,0,3,,
"hood|backstop=None,clearance_mm=0.0,funnel=True,gate=True,plate=0.2,plate_chamfer_deg=5,plate_round_mm=0.0,retreat=0|v10|stop",crumb_cube,mat,5.0,3,0,0,0,0,3,0,3,3,0,3,,
"hood|backstop=None,clearance_mm=0.0,funnel=True,gate=True,plate=0.2,plate_chamfer_deg=5,plate_round_mm=0.0,retreat=0|v10|stop",crumb_cube,mat,10.0,3,0,0,0,0,3,0,3,3,0,3,,
"hood|backstop=None,clearance_mm=0.0,funnel=True,gate=True,plate=0.2,plate_chamfer_deg=5,plate_round_mm=0.1,retreat=0|v10|stop",battery_cr2032,flooring,0.0,3,0,0,0,3,0,0,0,3,0,0,,
"hood|backstop=None,clearance_mm=0.0,funnel=True,gate=True,plate=0.2,plate_chamfer_deg=5,plate_round_mm=0.1,retreat=0|v10|stop",battery_cr2032,flooring,5.0,3,0,0,0,3,0,0,0,3,0,0,,
"hood|backstop=None,clearance_mm=0.0,funnel=True,gate=True,plate=0.2,plate_chamfer_deg=5,plate_round_mm=0.1,retreat=0|v10|stop",battery_cr2032,flooring,10.0,3,0,0,0,3,0,0,0,3,0,0,,
"hood|backstop=None,clearance_mm=0.0,funnel=True,gate=True,plate=0.2,plate_chamfer_deg=5,plate_round_mm=0.1,retreat=0|v10|stop",battery_cr2032,mat,0.0,3,0,0,0,3,0,0,0,3,0,0,,
"hood|backstop=None,clearance_mm=0.0,funnel=True,gate=True,plate=0.2,plate_chamfer_deg=5,plate_round_mm=0.1,retreat=0|v10|stop",battery_cr2032,mat,5.0,3,0,0,0,3,0,0,0,3,0,0,,
"hood|backstop=None,clearance_mm=0.0,funnel=True,gate=True,plate=0.2,plate_chamfer_deg=5,plate_round_mm=0.1,retreat=0|v10|stop",battery_cr2032,mat,10.0,3,0,0,0,3,0,0,0,3,0,0,,
"hood|backstop=None,clearance_mm=0.0,funnel=True,gate=True,plate=0.2,plate_chamfer_deg=5,plate_round_mm=0.1,retreat=0|v10|stop",bead,flooring,0.0,3,0,0,0,3,0,0,0,3,0,0,,
"hood|backstop=None,clearance_mm=0.0,funnel=True,gate=True,plate=0.2,plate_chamfer_deg=5,plate_round_mm=0.1,retreat=0|v10|stop",bead,flooring,5.0,3,0,0,0,3,0,0,0,3,0,0,,
"hood|backstop=None,clearance_mm=0.0,funnel=True,gate=True,plate=0.2,plate_chamfer_deg=5,plate_round_mm=0.1,retreat=0|v10|stop",bead,flooring,10.0,3,0,0,0,3,0,0,0,3,0,0,,
"hood|backstop=None,clearance_mm=0.0,funnel=True,gate=True,plate=0.2,plate_chamfer_deg=5,plate_round_mm=0.1,retreat=0|v10|stop",bead,mat,0.0,3,0,0,0,3,0,0,0,3,0,0,,
"hood|backstop=None,clearance_mm=0.0,funnel=True,gate=True,plate=0.2,plate_chamfer_deg=5,plate_round_mm=0.1,retreat=0|v10|stop",bead,mat,5.0,3,0,0,0,3,0,0,0,3,0,0,,
"hood|backstop=None,clearance_mm=0.0,funnel=True,gate=True,plate=0.2,plate_chamfer_deg=5,plate_round_mm=0.1,retreat=0|v10|stop",bead,mat,10.0,3,0,0,0,3,0,0,0,3,0,0,,
"hood|backstop=None,clearance_mm=0.0,funnel=True,gate=True,plate=0.2,plate_chamfer_deg=5,plate_round_mm=0.1,retreat=0|v10|stop",coin_1yen,flooring,0.0,3,0,0,0,3,0,0,0,3,0,0,,
"hood|backstop=None,clearance_mm=0.0,funnel=True,gate=True,plate=0.2,plate_chamfer_deg=5,plate_round_mm=0.1,retreat=0|v10|stop",coin_1yen,flooring,5.0,3,0,0,0,3,0,0,0,3,0,0,,
"hood|backstop=None,clearance_mm=0.0,funnel=True,gate=True,plate=0.2,plate_chamfer_deg=5,plate_round_mm=0.1,retreat=0|v10|stop",coin_1yen,flooring,10.0,3,0,0,0,3,0,0,0,3,0,0,,
"hood|backstop=None,clearance_mm=0.0,funnel=True,gate=True,plate=0.2,plate_chamfer_deg=5,plate_round_mm=0.1,retreat=0|v10|stop",coin_1yen,mat,0.0,3,0,0,0,3,0,0,0,3,0,0,,
"hood|backstop=None,clearance_mm=0.0,funnel=True,gate=True,plate=0.2,plate_chamfer_deg=5,plate_round_mm=0.1,retreat=0|v10|stop",coin_1yen,mat,5.0,3,0,0,0,3,0,0,0,3,0,0,,
"hood|backstop=None,clearance_mm=0.0,funnel=True,gate=True,plate=0.2,plate_chamfer_deg=5,plate_round_mm=0.1,retreat=0|v10|stop",coin_1yen,mat,10.0,3,0,0,0,3,0,0,0,3,0,0,,
"hood|backstop=None,clearance_mm=0.0,funnel=True,gate=True,plate=0.2,plate_chamfer_deg=5,plate_round_mm=0.1,retreat=0|v10|stop",crumb_cube,flooring,0.0,3,0,0,0,0,3,0,3,3,0,3,,
"hood|backstop=None,clearance_mm=0.0,funnel=True,gate=True,plate=0.2,plate_chamfer_deg=5,plate_round_mm=0.1,retreat=0|v10|stop",crumb_cube,flooring,5.0,3,0,0,0,0,3,0,3,3,0,3,,
"hood|backstop=None,clearance_mm=0.0,funnel=True,gate=True,plate=0.2,plate_chamfer_deg=5,plate_round_mm=0.1,retreat=0|v10|stop",crumb_cube,flooring,10.0,3,0,0,0,0,3,0,3,3,0,3,,
"hood|backstop=None,clearance_mm=0.0,funnel=True,gate=True,plate=0.2,plate_chamfer_deg=5,plate_round_mm=0.1,retreat=0|v10|stop",crumb_cube,mat,0.0,3,0,0,0,0,3,0,3,3,0,3,,
"hood|backstop=None,clearance_mm=0.0,funnel=True,gate=True,plate=0.2,plate_chamfer_deg=5,plate_round_mm=0.1,retreat=0|v10|stop",crumb_cube,mat,5.0,3,0,0,0,0,3,0,3,3,0,3,,
"hood|backstop=None,clearance_mm=0.0,funnel=True,gate=True,plate=0.2,plate_chamfer_deg=5,plate_round_mm=0.1,retreat=0|v10|stop",crumb_cube,mat,10.0,3,0,0,0,0,3,0,3,3,0,3,,
"hood|backstop=None,clearance_mm=0.0,funnel=True,gate=True,plate=0.2,plate_chamfer_deg=5,plate_round_mm=0.3,retreat=0|v10|stop",battery_cr2032,flooring,0.0,3,0,0,0,3,0,0,0,3,0,0,,
"hood|backstop=None,clearance_mm=0.0,funnel=True,gate=True,plate=0.2,plate_chamfer_deg=5,plate_round_mm=0.3,retreat=0|v10|stop",battery_cr2032,flooring,5.0,3,0,0,0,3,0,0,0,3,0,0,,
"hood|backstop=None,clearance_mm=0.0,funnel=True,gate=True,plate=0.2,plate_chamfer_deg=5,plate_round_mm=0.3,retreat=0|v10|stop",battery_cr2032,flooring,10.0,3,0,0,0,3,0,0,0,3,0,0,,
"hood|backstop=None,clearance_mm=0.0,funnel=True,gate=True,plate=0.2,plate_chamfer_deg=5,plate_round_mm=0.3,retreat=0|v10|stop",battery_cr2032,mat,0.0,3,0,0,0,3,0,0,0,3,0,0,,
"hood|backstop=None,clearance_mm=0.0,funnel=True,gate=True,plate=0.2,plate_chamfer_deg=5,plate_round_mm=0.3,retreat=0|v10|stop",battery_cr2032,mat,5.0,3,0,0,0,3,0,0,0,3,0,0,,
"hood|backstop=None,clearance_mm=0.0,funnel=True,gate=True,plate=0.2,plate_chamfer_deg=5,plate_round_mm=0.3,retreat=0|v10|stop",battery_cr2032,mat,10.0,3,0,0,0,3,0,0,0,3,0,0,,
"hood|backstop=None,clearance_mm=0.0,funnel=True,gate=True,plate=0.2,plate_chamfer_deg=5,plate_round_mm=0.3,retreat=0|v10|stop",bead,flooring,0.0,3,0,0,0,3,0,0,0,3,0,0,,
"hood|backstop=None,clearance_mm=0.0,funnel=True,gate=True,plate=0.2,plate_chamfer_deg=5,plate_round_mm=0.3,retreat=0|v10|stop",bead,flooring,5.0,3,0,0,0,3,0,0,0,3,0,0,,
"hood|backstop=None,clearance_mm=0.0,funnel=True,gate=True,plate=0.2,plate_chamfer_deg=5,plate_round_mm=0.3,retreat=0|v10|stop",bead,flooring,10.0,3,0,0,0,3,0,0,0,3,0,0,,
"hood|backstop=None,clearance_mm=0.0,funnel=True,gate=True,plate=0.2,plate_chamfer_deg=5,plate_round_mm=0.3,retreat=0|v10|stop",bead,mat,0.0,3,0,0,0,3,0,0,0,3,0,0,,
"hood|backstop=None,clearance_mm=0.0,funnel=True,gate=True,plate=0.2,plate_chamfer_deg=5,plate_round_mm=0.3,retreat=0|v10|stop",bead,mat,5.0,3,0,0,0,3,0,0,0,3,0,0,,
"hood|backstop=None,clearance_mm=0.0,funnel=True,gate=True,plate=0.2,plate_chamfer_deg=5,plate_round_mm=0.3,retreat=0|v10|stop",bead,mat,10.0,3,0,0,0,3,0,0,0,3,0,0,,
"hood|backstop=None,clearance_mm=0.0,funnel=True,gate=True,plate=0.2,plate_chamfer_deg=5,plate_round_mm=0.3,retreat=0|v10|stop",coin_1yen,flooring,0.0,3,0,0,0,3,0,0,0,3,0,0,,
"hood|backstop=None,clearance_mm=0.0,funnel=True,gate=True,plate=0.2,plate_chamfer_deg=5,plate_round_mm=0.3,retreat=0|v10|stop",coin_1yen,flooring,5.0,3,0,0,0,3,0,0,0,3,0,0,,
"hood|backstop=None,clearance_mm=0.0,funnel=True,gate=True,plate=0.2,plate_chamfer_deg=5,plate_round_mm=0.3,retreat=0|v10|stop",coin_1yen,flooring,10.0,3,0,0,0,3,0,0,0,3,0,0,,
"hood|backstop=None,clearance_mm=0.0,funnel=True,gate=True,plate=0.2,plate_chamfer_deg=5,plate_round_mm=0.3,retreat=0|v10|stop",coin_1yen,mat,0.0,3,0,0,0,3,0,0,0,3,0,0,,
"hood|backstop=None,clearance_mm=0.0,funnel=True,gate=True,plate=0.2,plate_chamfer_deg=5,plate_round_mm=0.3,retreat=0|v10|stop",coin_1yen,mat,5.0,3,0,0,0,3,0,0,0,3,0,0,,
"hood|backstop=None,clearance_mm=0.0,funnel=True,gate=True,plate=0.2,plate_chamfer_deg=5,plate_round_mm=0.3,retreat=0|v10|stop",coin_1yen,mat,10.0,3,0,0,0,3,0,0,0,3,0,0,,
"hood|backstop=None,clearance_mm=0.0,funnel=True,gate=True,plate=0.2,plate_chamfer_deg=5,plate_round_mm=0.3,retreat=0|v10|stop",crumb_cube,flooring,0.0,3,0,0,0,0,3,0,3,3,0,3,,
"hood|backstop=None,clearance_mm=0.0,funnel=True,gate=True,plate=0.2,plate_chamfer_deg=5,plate_round_mm=0.3,retreat=0|v10|stop",crumb_cube,flooring,5.0,3,0,0,0,0,3,0,3,3,0,3,,
"hood|backstop=None,clearance_mm=0.0,funnel=True,gate=True,plate=0.2,plate_chamfer_deg=5,plate_round_mm=0.3,retreat=0|v10|stop",crumb_cube,flooring,10.0,3,0,0,0,0,3,0,3,3,0,3,,
"hood|backstop=None,clearance_mm=0.0,funnel=True,gate=True,plate=0.2,plate_chamfer_deg=5,plate_round_mm=0.3,retreat=0|v10|stop",crumb_cube,mat,0.0,3,0,0,0,0,3,0,3,3,0,3,,
"hood|backstop=None,clearance_mm=0.0,funnel=True,gate=True,plate=0.2,plate_chamfer_deg=5,plate_round_mm=0.3,retreat=0|v10|stop",crumb_cube,mat,5.0,3,0,0,0,0,3,0,3,3,0,3,,
"hood|backstop=None,clearance_mm=0.0,funnel=True,gate=True,plate=0.2,plate_chamfer_deg=5,plate_round_mm=0.3,retreat=0|v10|stop",crumb_cube,mat,10.0,3,0,0,0,0,3,0,3,3,0,3,,
"hood|backstop=None,clearance_mm=0.0,funnel=True,gate=True,plate=0.2,plate_chamfer_deg=90,plate_round_mm=0.0,retreat=0|v10|stop",battery_cr2032,flooring,0.0,3,0,0,0,3,0,0,0,3,0,0,,
"hood|backstop=None,clearance_mm=0.0,funnel=True,gate=True,plate=0.2,plate_chamfer_deg=90,plate_round_mm=0.0,retreat=0|v10|stop",battery_cr2032,flooring,5.0,3,0,0,0,3,0,0,0,3,0,0,,
"hood|backstop=None,clearance_mm=0.0,funnel=True,gate=True,plate=0.2,plate_chamfer_deg=90,plate_round_mm=0.0,retreat=0|v10|stop",battery_cr2032,flooring,10.0,3,0,0,0,3,0,0,0,3,0,0,,
"hood|backstop=None,clearance_mm=0.0,funnel=True,gate=True,plate=0.2,plate_chamfer_deg=90,plate_round_mm=0.0,retreat=0|v10|stop",battery_cr2032,mat,0.0,3,0,0,0,3,0,0,0,3,0,0,,
"hood|backstop=None,clearance_mm=0.0,funnel=True,gate=True,plate=0.2,plate_chamfer_deg=90,plate_round_mm=0.0,retreat=0|v10|stop",battery_cr2032,mat,5.0,3,0,0,0,3,0,0,0,3,0,0,,
"hood|backstop=None,clearance_mm=0.0,funnel=True,gate=True,plate=0.2,plate_chamfer_deg=90,plate_round_mm=0.0,retreat=0|v10|stop",battery_cr2032,mat,10.0,3,0,0,0,3,0,0,0,3,0,0,,
"hood|backstop=None,clearance_mm=0.0,funnel=True,gate=True,plate=0.2,plate_chamfer_deg=90,plate_round_mm=0.0,retreat=0|v10|stop",bead,flooring,0.0,3,0,0,0,3,0,0,0,3,0,0,,
"hood|backstop=None,clearance_mm=0.0,funnel=True,gate=True,plate=0.2,plate_chamfer_deg=90,plate_round_mm=0.0,retreat=0|v10|stop",bead,flooring,5.0,3,0,0,0,3,0,0,0,3,0,0,,
"hood|backstop=None,clearance_mm=0.0,funnel=True,gate=True,plate=0.2,plate_chamfer_deg=90,plate_round_mm=0.0,retreat=0|v10|stop",bead,flooring,10.0,3,0,0,0,3,0,0,0,3,0,0,,
"hood|backstop=None,clearance_mm=0.0,funnel=True,gate=True,plate=0.2,plate_chamfer_deg=90,plate_round_mm=0.0,retreat=0|v10|stop",bead,mat,0.0,3,0,0,0,3,0,0,0,3,0,0,,
"hood|backstop=None,clearance_mm=0.0,funnel=True,gate=True,plate=0.2,plate_chamfer_deg=90,plate_round_mm=0.0,retreat=0|v10|stop",bead,mat,5.0,3,0,0,0,3,0,0,0,3,0,0,,
"hood|backstop=None,clearance_mm=0.0,funnel=True,gate=True,plate=0.2,plate_chamfer_deg=90,plate_round_mm=0.0,retreat=0|v10|stop",bead,mat,10.0,3,0,0,0,3,0,0,0,3,0,0,,
"hood|backstop=None,clearance_mm=0.0,funnel=True,gate=True,plate=0.2,plate_chamfer_deg=90,plate_round_mm=0.0,retreat=0|v10|stop",coin_1yen,flooring,0.0,3,0,0,0,3,0,0,0,3,0,0,,
"hood|backstop=None,clearance_mm=0.0,funnel=True,gate=True,plate=0.2,plate_chamfer_deg=90,plate_round_mm=0.0,retreat=0|v10|stop",coin_1yen,flooring,5.0,3,0,0,0,3,0,0,0,3,0,0,,
"hood|backstop=None,clearance_mm=0.0,funnel=True,gate=True,plate=0.2,plate_chamfer_deg=90,plate_round_mm=0.0,retreat=0|v10|stop",coin_1yen,flooring,10.0,3,0,0,0,3,0,0,0,3,0,0,,
"hood|backstop=None,clearance_mm=0.0,funnel=True,gate=True,plate=0.2,plate_chamfer_deg=90,plate_round_mm=0.0,retreat=0|v10|stop",coin_1yen,mat,0.0,3,0,0,0,3,0,0,0,3,0,0,,
"hood|backstop=None,clearance_mm=0.0,funnel=True,gate=True,plate=0.2,plate_chamfer_deg=90,plate_round_mm=0.0,retreat=0|v10|stop",coin_1yen,mat,5.0,3,0,0,0,3,0,0,0,3,0,0,,
"hood|backstop=None,clearance_mm=0.0,funnel=True,gate=True,plate=0.2,plate_chamfer_deg=90,plate_round_mm=0.0,retreat=0|v10|stop",coin_1yen,mat,10.0,3,0,0,0,3,0,0,0,3,0,0,,
"hood|backstop=None,clearance_mm=0.0,funnel=True,gate=True,plate=0.2,plate_chamfer_deg=90,plate_round_mm=0.0,retreat=0|v10|stop",crumb_cube,flooring,0.0,3,0,0,0,3,0,0,0,3,0,0,,
"hood|backstop=None,clearance_mm=0.0,funnel=True,gate=True,plate=0.2,plate_chamfer_deg=90,plate_round_mm=0.0,retreat=0|v10|stop",crumb_cube,flooring,5.0,3,0,0,0,3,0,0,0,3,0,0,,
"hood|backstop=None,clearance_mm=0.0,funnel=True,gate=True,plate=0.2,plate_chamfer_deg=90,plate_round_mm=0.0,retreat=0|v10|stop",crumb_cube,flooring,10.0,3,0,0,0,3,0,0,0,3,0,0,,
"hood|backstop=None,clearance_mm=0.0,funnel=True,gate=True,plate=0.2,plate_chamfer_deg=90,plate_round_mm=0.0,retreat=0|v10|stop",crumb_cube,mat,0.0,3,0,0,0,3,0,0,0,3,0,0,,
"hood|backstop=None,clearance_mm=0.0,funnel=True,gate=True,plate=0.2,plate_chamfer_deg=90,plate_round_mm=0.0,retreat=0|v10|stop",crumb_cube,mat,5.0,3,0,0,0,3,0,0,0,3,0,0,,
"hood|backstop=None,clearance_mm=0.0,funnel=True,gate=True,plate=0.2,plate_chamfer_deg=90,plate_round_mm=0.0,retreat=0|v10|stop",crumb_cube,mat,10.0,3,0,0,0,3,0,0,0,3,0,0,,
"hood|backstop=None,clearance_mm=0.0,funnel=True,gate=True,plate=0.2,plate_chamfer_deg=90,plate_round_mm=0.1,retreat=0|v10|stop",battery_cr2032,flooring,0.0,3,0,0,0,3,0,0,0,3,0,0,,
"hood|backstop=None,clearance_mm=0.0,funnel=True,gate=True,plate=0.2,plate_chamfer_deg=90,plate_round_mm=0.1,retreat=0|v10|stop",battery_cr2032,flooring,5.0,3,0,0,0,3,0,0,0,3,0,0,,
"hood|backstop=None,clearance_mm=0.0,funnel=True,gate=True,plate=0.2,plate_chamfer_deg=90,plate_round_mm=0.1,retreat=0|v10|stop",battery_cr2032,flooring,10.0,3,0,0,0,3,0,0,0,3,0,0,,
"hood|backstop=None,clearance_mm=0.0,funnel=True,gate=True,plate=0.2,plate_chamfer_deg=90,plate_round_mm=0.1,retreat=0|v10|stop",battery_cr2032,mat,0.0,3,0,0,0,3,0,0,0,3,0,0,,
"hood|backstop=None,clearance_mm=0.0,funnel=True,gate=True,plate=0.2,plate_chamfer_deg=90,plate_round_mm=0.1,retreat=0|v10|stop",battery_cr2032,mat,5.0,3,0,0,0,3,0,0,0,3,0,0,,
"hood|backstop=None,clearance_mm=0.0,funnel=True,gate=True,plate=0.2,plate_chamfer_deg=90,plate_round_mm=0.1,retreat=0|v10|stop",battery_cr2032,mat,10.0,3,0,0,0,3,0,0,0,3,0,0,,
"hood|backstop=None,clearance_mm=0.0,funnel=True,gate=True,plate=0.2,plate_chamfer_deg=90,plate_round_mm=0.1,retreat=0|v10|stop",bead,flooring,0.0,3,0,0,0,3,0,0,0,3,0,0,,
"hood|backstop=None,clearance_mm=0.0,funnel=True,gate=True,plate=0.2,plate_chamfer_deg=90,plate_round_mm=0.1,retreat=0|v10|stop",bead,flooring,5.0,3,0,0,0,3,0,0,0,3,0,0,,
"hood|backstop=None,clearance_mm=0.0,funnel=True,gate=True,plate=0.2,plate_chamfer_deg=90,plate_round_mm=0.1,retreat=0|v10|stop",bead,flooring,10.0,3,0,0,0,3,0,0,0,3,0,0,,
"hood|backstop=None,clearance_mm=0.0,funnel=True,gate=True,plate=0.2,plate_chamfer_deg=90,plate_round_mm=0.1,retreat=0|v10|stop",bead,mat,0.0,3,0,0,0,3,0,0,0,3,0,0,,
"hood|backstop=None,clearance_mm=0.0,funnel=True,gate=True,plate=0.2,plate_chamfer_deg=90,plate_round_mm=0.1,retreat=0|v10|stop",bead,mat,5.0,3,0,0,0,3,0,0,0,3,0,0,,
"hood|backstop=None,clearance_mm=0.0,funnel=True,gate=True,plate=0.2,plate_chamfer_deg=90,plate_round_mm=0.1,retreat=0|v10|stop",bead,mat,10.0,3,0,0,0,3,0,0,0,3,0,0,,
"hood|backstop=None,clearance_mm=0.0,funnel=True,gate=True,plate=0.2,plate_chamfer_deg=90,plate_round_mm=0.1,retreat=0|v10|stop",coin_1yen,flooring,0.0,3,0,0,0,3,0,0,0,3,0,0,,
"hood|backstop=None,clearance_mm=0.0,funnel=True,gate=True,plate=0.2,plate_chamfer_deg=90,plate_round_mm=0.1,retreat=0|v10|stop",coin_1yen,flooring,5.0,3,0,0,0,3,0,0,0,3,0,0,,
"hood|backstop=None,clearance_mm=0.0,funnel=True,gate=True,plate=0.2,plate_chamfer_deg=90,plate_round_mm=0.1,retreat=0|v10|stop",coin_1yen,flooring,10.0,3,0,0,0,3,0,0,0,3,0,0,,
"hood|backstop=None,clearance_mm=0.0,funnel=True,gate=True,plate=0.2,plate_chamfer_deg=90,plate_round_mm=0.1,retreat=0|v10|stop",coin_1yen,mat,0.0,3,0,0,0,3,0,0,0,3,0,0,,
"hood|backstop=None,clearance_mm=0.0,funnel=True,gate=True,plate=0.2,plate_chamfer_deg=90,plate_round_mm=0.1,retreat=0|v10|stop",coin_1yen,mat,5.0,3,0,0,0,3,0,0,0,3,0,0,,
"hood|backstop=None,clearance_mm=0.0,funnel=True,gate=True,plate=0.2,plate_chamfer_deg=90,plate_round_mm=0.1,retreat=0|v10|stop",coin_1yen,mat,10.0,3,0,0,0,3,0,0,0,3,0,0,,
"hood|backstop=None,clearance_mm=0.0,funnel=True,gate=True,plate=0.2,plate_chamfer_deg=90,plate_round_mm=0.1,retreat=0|v10|stop",crumb_cube,flooring,0.0,3,0,0,0,3,0,0,0,3,0,0,,
"hood|backstop=None,clearance_mm=0.0,funnel=True,gate=True,plate=0.2,plate_chamfer_deg=90,plate_round_mm=0.1,retreat=0|v10|stop",crumb_cube,flooring,5.0,3,0,0,0,3,0,0,0,3,0,0,,
"hood|backstop=None,clearance_mm=0.0,funnel=True,gate=True,plate=0.2,plate_chamfer_deg=90,plate_round_mm=0.1,retreat=0|v10|stop",crumb_cube,flooring,10.0,3,0,0,0,3,0,0,0,3,0,0,,
"hood|backstop=None,clearance_mm=0.0,funnel=True,gate=True,plate=0.2,plate_chamfer_deg=90,plate_round_mm=0.1,retreat=0|v10|stop",crumb_cube,mat,0.0,3,0,0,0,3,0,0,0,3,0,0,,
"hood|backstop=None,clearance_mm=0.0,funnel=True,gate=True,plate=0.2,plate_chamfer_deg=90,plate_round_mm=0.1,retreat=0|v10|stop",crumb_cube,mat,5.0,3,0,0,0,3,0,0,0,3,0,0,,
"hood|backstop=None,clearance_mm=0.0,funnel=True,gate=True,plate=0.2,plate_chamfer_deg=90,plate_round_mm=0.1,retreat=0|v10|stop",crumb_cube,mat,10.0,3,0,0,0,3,0,0,0,3,0,0,,
"hood|backstop=None,clearance_mm=0.0,funnel=True,gate=True,plate=0.2,plate_chamfer_deg=90,plate_round_mm=0.3,retreat=0|v10|stop",battery_cr2032,flooring,0.0,3,0,0,0,3,0,0,0,3,0,0,,
"hood|backstop=None,clearance_mm=0.0,funnel=True,gate=True,plate=0.2,plate_chamfer_deg=90,plate_round_mm=0.3,retreat=0|v10|stop",battery_cr2032,flooring,5.0,3,0,0,0,3,0,0,0,3,0,0,,
"hood|backstop=None,clearance_mm=0.0,funnel=True,gate=True,plate=0.2,plate_chamfer_deg=90,plate_round_mm=0.3,retreat=0|v10|stop",battery_cr2032,flooring,10.0,3,0,0,0,3,0,0,0,3,0,0,,
"hood|backstop=None,clearance_mm=0.0,funnel=True,gate=True,plate=0.2,plate_chamfer_deg=90,plate_round_mm=0.3,retreat=0|v10|stop",battery_cr2032,mat,0.0,3,0,0,0,3,0,0,0,3,0,0,,
"hood|backstop=None,clearance_mm=0.0,funnel=True,gate=True,plate=0.2,plate_chamfer_deg=90,plate_round_mm=0.3,retreat=0|v10|stop",battery_cr2032,mat,5.0,3,0,0,0,3,0,0,0,3,0,0,,
"hood|backstop=None,clearance_mm=0.0,funnel=True,gate=True,plate=0.2,plate_chamfer_deg=90,plate_round_mm=0.3,retreat=0|v10|stop",battery_cr2032,mat,10.0,3,0,0,0,3,0,0,0,3,0,0,,
"hood|backstop=None,clearance_mm=0.0,funnel=True,gate=True,plate=0.2,plate_chamfer_deg=90,plate_round_mm=0.3,retreat=0|v10|stop",bead,flooring,0.0,3,0,0,0,3,0,0,0,3,0,0,,
"hood|backstop=None,clearance_mm=0.0,funnel=True,gate=True,plate=0.2,plate_chamfer_deg=90,plate_round_mm=0.3,retreat=0|v10|stop",bead,flooring,5.0,3,0,0,0,3,0,0,0,3,0,0,,
"hood|backstop=None,clearance_mm=0.0,funnel=True,gate=True,plate=0.2,plate_chamfer_deg=90,plate_round_mm=0.3,retreat=0|v10|stop",bead,flooring,10.0,3,0,0,0,3,0,0,0,3,0,0,,
"hood|backstop=None,clearance_mm=0.0,funnel=True,gate=True,plate=0.2,plate_chamfer_deg=90,plate_round_mm=0.3,retreat=0|v10|stop",bead,mat,0.0,3,0,0,0,3,0,0,0,3,0,0,,
"hood|backstop=None,clearance_mm=0.0,funnel=True,gate=True,plate=0.2,plate_chamfer_deg=90,plate_round_mm=0.3,retreat=0|v10|stop",bead,mat,5.0,3,0,0,0,3,0,0,0,3,0,0,,
"hood|backstop=None,clearance_mm=0.0,funnel=True,gate=True,plate=0.2,plate_chamfer_deg=90,plate_round_mm=0.3,retreat=0|v10|stop",bead,mat,10.0,3,0,0,0,3,0,0,0,3,0,0,,
"hood|backstop=None,clearance_mm=0.0,funnel=True,gate=True,plate=0.2,plate_chamfer_deg=90,plate_round_mm=0.3,retreat=0|v10|stop",coin_1yen,flooring,0.0,3,0,0,0,3,0,0,0,3,0,0,,
"hood|backstop=None,clearance_mm=0.0,funnel=True,gate=True,plate=0.2,plate_chamfer_deg=90,plate_round_mm=0.3,retreat=0|v10|stop",coin_1yen,flooring,5.0,3,0,0,0,3,0,0,0,3,0,0,,
"hood|backstop=None,clearance_mm=0.0,funnel=True,gate=True,plate=0.2,plate_chamfer_deg=90,plate_round_mm=0.3,retreat=0|v10|stop",coin_1yen,flooring,10.0,3,0,0,0,3,0,0,0,3,0,0,,
"hood|backstop=None,clearance_mm=0.0,funnel=True,gate=True,plate=0.2,plate_chamfer_deg=90,plate_round_mm=0.3,retreat=0|v10|stop",coin_1yen,mat,0.0,3,0,0,0,3,0,0,0,3,0,0,,
"hood|backstop=None,clearance_mm=0.0,funnel=True,gate=True,plate=0.2,plate_chamfer_deg=90,plate_round_mm=0.3,retreat=0|v10|stop",coin_1yen,mat,5.0,3,0,0,0,3,0,0,0,3,0,0,,
"hood|backstop=None,clearance_mm=0.0,funnel=True,gate=True,plate=0.2,plate_chamfer_deg=90,plate_round_mm=0.3,retreat=0|v10|stop",coin_1yen,mat,10.0,3,0,0,0,3,0,0,0,3,0,0,,
"hood|backstop=None,clearance_mm=0.0,funnel=True,gate=True,plate=0.2,plate_chamfer_deg=90,plate_round_mm=0.3,retreat=0|v10|stop",crumb_cube,flooring,0.0,3,0,0,0,3,0,0,0,3,0,0,,
"hood|backstop=None,clearance_mm=0.0,funnel=True,gate=True,plate=0.2,plate_chamfer_deg=90,plate_round_mm=0.3,retreat=0|v10|stop",crumb_cube,flooring,5.0,3,0,0,0,3,0,0,0,3,0,0,,
"hood|backstop=None,clearance_mm=0.0,funnel=True,gate=True,plate=0.2,plate_chamfer_deg=90,plate_round_mm=0.3,retreat=0|v10|stop",crumb_cube,flooring,10.0,3,0,0,0,3,0,0,0,3,0,0,,
"hood|backstop=None,clearance_mm=0.0,funnel=True,gate=True,plate=0.2,plate_chamfer_deg=90,plate_round_mm=0.3,retreat=0|v10|stop",crumb_cube,mat,0.0,3,0,0,0,3,0,0,0,3,0,0,,
"hood|backstop=None,clearance_mm=0.0,funnel=True,gate=True,plate=0.2,plate_chamfer_deg=90,plate_round_mm=0.3,retreat=0|v10|stop",crumb_cube,mat,5.0,3,0,0,0,3,0,0,0,3,0,0,,
"hood|backstop=None,clearance_mm=0.0,funnel=True,gate=True,plate=0.2,plate_chamfer_deg=90,plate_round_mm=0.3,retreat=0|v10|stop",crumb_cube,mat,10.0,3,0,0,0,3,0,0,0,3,0,0,,
"hood|backstop=None,clearance_mm=0.0,funnel=True,gate=True,plate=0.5,plate_chamfer_deg=10,plate_round_mm=0.0,retreat=0|v10|stop",battery_cr2032,flooring,0.0,3,0,0,0,3,0,0,0,3,0,0,,
"hood|backstop=None,clearance_mm=0.0,funnel=True,gate=True,plate=0.5,plate_chamfer_deg=10,plate_round_mm=0.0,retreat=0|v10|stop",battery_cr2032,flooring,5.0,3,0,0,0,3,0,0,0,3,0,0,,
"hood|backstop=None,clearance_mm=0.0,funnel=True,gate=True,plate=0.5,plate_chamfer_deg=10,plate_round_mm=0.0,retreat=0|v10|stop",battery_cr2032,flooring,10.0,3,0,0,0,3,0,0,0,3,0,0,,
"hood|backstop=None,clearance_mm=0.0,funnel=True,gate=True,plate=0.5,plate_chamfer_deg=10,plate_round_mm=0.0,retreat=0|v10|stop",battery_cr2032,mat,0.0,3,0,0,0,3,0,0,0,3,0,0,,
"hood|backstop=None,clearance_mm=0.0,funnel=True,gate=True,plate=0.5,plate_chamfer_deg=10,plate_round_mm=0.0,retreat=0|v10|stop",battery_cr2032,mat,5.0,3,0,0,0,3,0,0,0,3,0,0,,
"hood|backstop=None,clearance_mm=0.0,funnel=True,gate=True,plate=0.5,plate_chamfer_deg=10,plate_round_mm=0.0,retreat=0|v10|stop",battery_cr2032,mat,10.0,3,0,0,0,3,0,0,0,3,0,0,,
"hood|backstop=None,clearance_mm=0.0,funnel=True,gate=True,plate=0.5,plate_chamfer_deg=10,plate_round_mm=0.0,retreat=0|v10|stop",bead,flooring,0.0,3,0,0,0,3,0,0,0,3,0,0,,
"hood|backstop=None,clearance_mm=0.0,funnel=True,gate=True,plate=0.5,plate_chamfer_deg=10,plate_round_mm=0.0,retreat=0|v10|stop",bead,flooring,5.0,3,0,0,0,3,0,0,0,3,0,0,,
"hood|backstop=None,clearance_mm=0.0,funnel=True,gate=True,plate=0.5,plate_chamfer_deg=10,plate_round_mm=0.0,retreat=0|v10|stop",bead,flooring,10.0,3,0,0,0,3,0,0,0,3,0,0,,
"hood|backstop=None,clearance_mm=0.0,funnel=True,gate=True,plate=0.5,plate_chamfer_deg=10,plate_round_mm=0.0,retreat=0|v10|stop",bead,mat,0.0,3,0,0,0,3,0,0,0,3,0,0,,
"hood|backstop=None,clearance_mm=0.0,funnel=True,gate=True,plate=0.5,plate_chamfer_deg=10,plate_round_mm=0.0,retreat=0|v10|stop",bead,mat,5.0,3,0,0,0,3,0,0,0,3,0,0,,
"hood|backstop=None,clearance_mm=0.0,funnel=True,gate=True,plate=0.5,plate_chamfer_deg=10,plate_round_mm=0.0,retreat=0|v10|stop",bead,mat,10.0,3,0,0,0,3,0,0,0,3,0,0,,
"hood|backstop=None,clearance_mm=0.0,funnel=True,gate=True,plate=0.5,plate_chamfer_deg=10,plate_round_mm=0.0,retreat=0|v10|stop",coin_1yen,flooring,0.0,3,0,0,0,3,0,0,0,3,0,0,,
"hood|backstop=None,clearance_mm=0.0,funnel=True,gate=True,plate=0.5,plate_chamfer_deg=10,plate_round_mm=0.0,retreat=0|v10|stop",coin_1yen,flooring,5.0,3,0,0,0,3,0,0,0,3,0,0,,
"hood|backstop=None,clearance_mm=0.0,funnel=True,gate=True,plate=0.5,plate_chamfer_deg=10,plate_round_mm=0.0,retreat=0|v10|stop",coin_1yen,flooring,10.0,3,0,0,0,3,0,0,0,3,0,0,,
"hood|backstop=None,clearance_mm=0.0,funnel=True,gate=True,plate=0.5,plate_chamfer_deg=10,plate_round_mm=0.0,retreat=0|v10|stop",coin_1yen,mat,0.0,3,0,0,0,3,0,0,0,3,0,0,,
"hood|backstop=None,clearance_mm=0.0,funnel=True,gate=True,plate=0.5,plate_chamfer_deg=10,plate_round_mm=0.0,retreat=0|v10|stop",coin_1yen,mat,5.0,3,0,0,0,3,0,0,0,3,0,0,,
"hood|backstop=None,clearance_mm=0.0,funnel=True,gate=True,plate=0.5,plate_chamfer_deg=10,plate_round_mm=0.0,retreat=0|v10|stop",coin_1yen,mat,10.0,3,0,0,0,3,0,0,0,3,0,0,,
"hood|backstop=None,clearance_mm=0.0,funnel=True,gate=True,plate=0.5,plate_chamfer_deg=10,plate_round_mm=0.0,retreat=0|v10|stop",crumb_cube,flooring,0.0,3,0,0,0,0,3,0,3,3,0,3,,
"hood|backstop=None,clearance_mm=0.0,funnel=True,gate=True,plate=0.5,plate_chamfer_deg=10,plate_round_mm=0.0,retreat=0|v10|stop",crumb_cube,flooring,5.0,3,0,0,0,0,3,0,3,3,0,3,,
"hood|backstop=None,clearance_mm=0.0,funnel=True,gate=True,plate=0.5,plate_chamfer_deg=10,plate_round_mm=0.0,retreat=0|v10|stop",crumb_cube,flooring,10.0,3,0,0,0,0,3,0,3,3,0,3,,
"hood|backstop=None,clearance_mm=0.0,funnel=True,gate=True,plate=0.5,plate_chamfer_deg=10,plate_round_mm=0.0,retreat=0|v10|stop",crumb_cube,mat,0.0,3,0,0,0,0,3,0,3,3,0,3,,
"hood|backstop=None,clearance_mm=0.0,funnel=True,gate=True,plate=0.5,plate_chamfer_deg=10,plate_round_mm=0.0,retreat=0|v10|stop",crumb_cube,mat,5.0,3,0,0,0,0,3,0,3,3,0,3,,
"hood|backstop=None,clearance_mm=0.0,funnel=True,gate=True,plate=0.5,plate_chamfer_deg=10,plate_round_mm=0.0,retreat=0|v10|stop",crumb_cube,mat,10.0,3,0,0,0,0,3,0,3,3,0,3,,
"hood|backstop=None,clearance_mm=0.0,funnel=True,gate=True,plate=0.5,plate_chamfer_deg=10,plate_round_mm=0.1,retreat=0|v10|stop",battery_cr2032,flooring,0.0,3,0,0,0,3,0,0,0,3,0,0,,
"hood|backstop=None,clearance_mm=0.0,funnel=True,gate=True,plate=0.5,plate_chamfer_deg=10,plate_round_mm=0.1,retreat=0|v10|stop",battery_cr2032,flooring,5.0,3,0,0,0,3,0,0,0,3,0,0,,
"hood|backstop=None,clearance_mm=0.0,funnel=True,gate=True,plate=0.5,plate_chamfer_deg=10,plate_round_mm=0.1,retreat=0|v10|stop",battery_cr2032,flooring,10.0,3,0,0,0,3,0,0,0,3,0,0,,
"hood|backstop=None,clearance_mm=0.0,funnel=True,gate=True,plate=0.5,plate_chamfer_deg=10,plate_round_mm=0.1,retreat=0|v10|stop",battery_cr2032,mat,0.0,3,0,0,0,3,0,0,0,3,0,0,,
"hood|backstop=None,clearance_mm=0.0,funnel=True,gate=True,plate=0.5,plate_chamfer_deg=10,plate_round_mm=0.1,retreat=0|v10|stop",battery_cr2032,mat,5.0,3,0,0,0,3,0,0,0,3,0,0,,
"hood|backstop=None,clearance_mm=0.0,funnel=True,gate=True,plate=0.5,plate_chamfer_deg=10,plate_round_mm=0.1,retreat=0|v10|stop",battery_cr2032,mat,10.0,3,0,0,0,3,0,0,0,3,0,0,,
"hood|backstop=None,clearance_mm=0.0,funnel=True,gate=True,plate=0.5,plate_chamfer_deg=10,plate_round_mm=0.1,retreat=0|v10|stop",bead,flooring,0.0,3,0,0,0,3,0,0,0,3,0,0,,
"hood|backstop=None,clearance_mm=0.0,funnel=True,gate=True,plate=0.5,plate_chamfer_deg=10,plate_round_mm=0.1,retreat=0|v10|stop",bead,flooring,5.0,3,0,0,0,3,0,0,0,3,0,0,,
"hood|backstop=None,clearance_mm=0.0,funnel=True,gate=True,plate=0.5,plate_chamfer_deg=10,plate_round_mm=0.1,retreat=0|v10|stop",bead,flooring,10.0,3,0,0,0,3,0,0,0,3,0,0,,
"hood|backstop=None,clearance_mm=0.0,funnel=True,gate=True,plate=0.5,plate_chamfer_deg=10,plate_round_mm=0.1,retreat=0|v10|stop",bead,mat,0.0,3,0,0,0,3,0,0,0,3,0,0,,
"hood|backstop=None,clearance_mm=0.0,funnel=True,gate=True,plate=0.5,plate_chamfer_deg=10,plate_round_mm=0.1,retreat=0|v10|stop",bead,mat,5.0,3,0,0,0,3,0,0,0,3,0,0,,
"hood|backstop=None,clearance_mm=0.0,funnel=True,gate=True,plate=0.5,plate_chamfer_deg=10,plate_round_mm=0.1,retreat=0|v10|stop",bead,mat,10.0,3,0,0,0,3,0,0,0,3,0,0,,
"hood|backstop=None,clearance_mm=0.0,funnel=True,gate=True,plate=0.5,plate_chamfer_deg=10,plate_round_mm=0.1,retreat=0|v10|stop",coin_1yen,flooring,0.0,3,0,0,0,3,0,0,0,3,0,0,,
"hood|backstop=None,clearance_mm=0.0,funnel=True,gate=True,plate=0.5,plate_chamfer_deg=10,plate_round_mm=0.1,retreat=0|v10|stop",coin_1yen,flooring,5.0,3,0,0,0,3,0,0,0,3,0,0,,
"hood|backstop=None,clearance_mm=0.0,funnel=True,gate=True,plate=0.5,plate_chamfer_deg=10,plate_round_mm=0.1,retreat=0|v10|stop",coin_1yen,flooring,10.0,3,0,0,0,3,0,0,0,3,0,0,,
"hood|backstop=None,clearance_mm=0.0,funnel=True,gate=True,plate=0.5,plate_chamfer_deg=10,plate_round_mm=0.1,retreat=0|v10|stop",coin_1yen,mat,0.0,3,0,0,0,3,0,0,0,3,0,0,,
"hood|backstop=None,clearance_mm=0.0,funnel=True,gate=True,plate=0.5,plate_chamfer_deg=10,plate_round_mm=0.1,retreat=0|v10|stop",coin_1yen,mat,5.0,3,0,0,0,3,0,0,0,3,0,0,,
"hood|backstop=None,clearance_mm=0.0,funnel=True,gate=True,plate=0.5,plate_chamfer_deg=10,plate_round_mm=0.1,retreat=0|v10|stop",coin_1yen,mat,10.0,3,0,0,0,3,0,0,0,3,0,0,,
"hood|backstop=None,clearance_mm=0.0,funnel=True,gate=True,plate=0.5,plate_chamfer_deg=10,plate_round_mm=0.1,retreat=0|v10|stop",crumb_cube,flooring,0.0,3,0,0,0,0,3,0,3,3,0,3,,
"hood|backstop=None,clearance_mm=0.0,funnel=True,gate=True,plate=0.5,plate_chamfer_deg=10,plate_round_mm=0.1,retreat=0|v10|stop",crumb_cube,flooring,5.0,3,0,0,0,0,3,0,3,3,0,3,,
"hood|backstop=None,clearance_mm=0.0,funnel=True,gate=True,plate=0.5,plate_chamfer_deg=10,plate_round_mm=0.1,retreat=0|v10|stop",crumb_cube,flooring,10.0,3,0,0,0,0,3,0,3,3,0,3,,
"hood|backstop=None,clearance_mm=0.0,funnel=True,gate=True,plate=0.5,plate_chamfer_deg=10,plate_round_mm=0.1,retreat=0|v10|stop",crumb_cube,mat,0.0,3,0,0,0,0,3,0,3,3,0,3,,
"hood|backstop=None,clearance_mm=0.0,funnel=True,gate=True,plate=0.5,plate_chamfer_deg=10,plate_round_mm=0.1,retreat=0|v10|stop",crumb_cube,mat,5.0,3,0,0,0,0,3,0,3,3,0,3,,
"hood|backstop=None,clearance_mm=0.0,funnel=True,gate=True,plate=0.5,plate_chamfer_deg=10,plate_round_mm=0.1,retreat=0|v10|stop",crumb_cube,mat,10.0,3,0,0,0,0,3,0,3,3,0,3,,
"hood|backstop=None,clearance_mm=0.0,funnel=True,gate=True,plate=0.5,plate_chamfer_deg=10,plate_round_mm=0.3,retreat=0|v10|stop",battery_cr2032,flooring,0.0,3,0,0,0,3,0,0,0,3,0,0,,
"hood|backstop=None,clearance_mm=0.0,funnel=True,gate=True,plate=0.5,plate_chamfer_deg=10,plate_round_mm=0.3,retreat=0|v10|stop",battery_cr2032,flooring,5.0,3,0,0,0,3,0,0,0,3,0,0,,
"hood|backstop=None,clearance_mm=0.0,funnel=True,gate=True,plate=0.5,plate_chamfer_deg=10,plate_round_mm=0.3,retreat=0|v10|stop",battery_cr2032,flooring,10.0,3,0,0,0,3,0,0,0,3,0,0,,
"hood|backstop=None,clearance_mm=0.0,funnel=True,gate=True,plate=0.5,plate_chamfer_deg=10,plate_round_mm=0.3,retreat=0|v10|stop",battery_cr2032,mat,0.0,3,0,0,0,3,0,0,0,3,0,0,,
"hood|backstop=None,clearance_mm=0.0,funnel=True,gate=True,plate=0.5,plate_chamfer_deg=10,plate_round_mm=0.3,retreat=0|v10|stop",battery_cr2032,mat,5.0,3,0,0,0,3,0,0,0,3,0,0,,
"hood|backstop=None,clearance_mm=0.0,funnel=True,gate=True,plate=0.5,plate_chamfer_deg=10,plate_round_mm=0.3,retreat=0|v10|stop",battery_cr2032,mat,10.0,3,0,0,0,3,0,0,0,3,0,0,,
"hood|backstop=None,clearance_mm=0.0,funnel=True,gate=True,plate=0.5,plate_chamfer_deg=10,plate_round_mm=0.3,retreat=0|v10|stop",bead,flooring,0.0,3,0,0,0,3,0,0,0,3,0,0,,
"hood|backstop=None,clearance_mm=0.0,funnel=True,gate=True,plate=0.5,plate_chamfer_deg=10,plate_round_mm=0.3,retreat=0|v10|stop",bead,flooring,5.0,3,0,0,0,3,0,0,0,3,0,0,,
"hood|backstop=None,clearance_mm=0.0,funnel=True,gate=True,plate=0.5,plate_chamfer_deg=10,plate_round_mm=0.3,retreat=0|v10|stop",bead,flooring,10.0,3,0,0,0,3,0,0,0,3,0,0,,
"hood|backstop=None,clearance_mm=0.0,funnel=True,gate=True,plate=0.5,plate_chamfer_deg=10,plate_round_mm=0.3,retreat=0|v10|stop",bead,mat,0.0,3,0,0,0,3,0,0,0,3,0,0,,
"hood|backstop=None,clearance_mm=0.0,funnel=True,gate=True,plate=0.5,plate_chamfer_deg=10,plate_round_mm=0.3,retreat=0|v10|stop",bead,mat,5.0,3,0,0,0,3,0,0,0,3,0,0,,
"hood|backstop=None,clearance_mm=0.0,funnel=True,gate=True,plate=0.5,plate_chamfer_deg=10,plate_round_mm=0.3,retreat=0|v10|stop",bead,mat,10.0,3,0,0,0,3,0,0,0,3,0,0,,
"hood|backstop=None,clearance_mm=0.0,funnel=True,gate=True,plate=0.5,plate_chamfer_deg=10,plate_round_mm=0.3,retreat=0|v10|stop",coin_1yen,flooring,0.0,3,0,0,0,3,0,0,0,3,0,0,,
"hood|backstop=None,clearance_mm=0.0,funnel=True,gate=True,plate=0.5,plate_chamfer_deg=10,plate_round_mm=0.3,retreat=0|v10|stop",coin_1yen,flooring,5.0,3,0,0,0,3,0,0,0,3,0,0,,
"hood|backstop=None,clearance_mm=0.0,funnel=True,gate=True,plate=0.5,plate_chamfer_deg=10,plate_round_mm=0.3,retreat=0|v10|stop",coin_1yen,flooring,10.0,3,0,0,0,3,0,0,0,3,0,0,,
"hood|backstop=None,clearance_mm=0.0,funnel=True,gate=True,plate=0.5,plate_chamfer_deg=10,plate_round_mm=0.3,retreat=0|v10|stop",coin_1yen,mat,0.0,3,0,0,0,3,0,0,0,3,0,0,,
"hood|backstop=None,clearance_mm=0.0,funnel=True,gate=True,plate=0.5,plate_chamfer_deg=10,plate_round_mm=0.3,retreat=0|v10|stop",coin_1yen,mat,5.0,3,0,0,0,3,0,0,0,3,0,0,,
"hood|backstop=None,clearance_mm=0.0,funnel=True,gate=True,plate=0.5,plate_chamfer_deg=10,plate_round_mm=0.3,retreat=0|v10|stop",coin_1yen,mat,10.0,3,0,0,0,3,0,0,0,3,0,0,,
"hood|backstop=None,clearance_mm=0.0,funnel=True,gate=True,plate=0.5,plate_chamfer_deg=10,plate_round_mm=0.3,retreat=0|v10|stop",crumb_cube,flooring,0.0,3,0,0,0,0,3,0,3,3,0,3,,
"hood|backstop=None,clearance_mm=0.0,funnel=True,gate=True,plate=0.5,plate_chamfer_deg=10,plate_round_mm=0.3,retreat=0|v10|stop",crumb_cube,flooring,5.0,3,0,0,0,0,3,0,3,3,0,3,,
"hood|backstop=None,clearance_mm=0.0,funnel=True,gate=True,plate=0.5,plate_chamfer_deg=10,plate_round_mm=0.3,retreat=0|v10|stop",crumb_cube,flooring,10.0,3,0,0,0,0,3,0,3,3,0,3,,
"hood|backstop=None,clearance_mm=0.0,funnel=True,gate=True,plate=0.5,plate_chamfer_deg=10,plate_round_mm=0.3,retreat=0|v10|stop",crumb_cube,mat,0.0,3,0,0,0,0,3,0,3,3,0,3,,
"hood|backstop=None,clearance_mm=0.0,funnel=True,gate=True,plate=0.5,plate_chamfer_deg=10,plate_round_mm=0.3,retreat=0|v10|stop",crumb_cube,mat,5.0,3,0,0,0,0,3,0,3,3,0,3,,
"hood|backstop=None,clearance_mm=0.0,funnel=True,gate=True,plate=0.5,plate_chamfer_deg=10,plate_round_mm=0.3,retreat=0|v10|stop",crumb_cube,mat,10.0,3,0,0,0,0,3,0,3,3,0,3,,
"hood|backstop=None,clearance_mm=0.0,funnel=True,gate=True,plate=0.5,plate_chamfer_deg=20,plate_round_mm=0.0,retreat=0|v10|stop",battery_cr2032,flooring,0.0,3,0,0,0,3,0,0,0,3,0,0,,
"hood|backstop=None,clearance_mm=0.0,funnel=True,gate=True,plate=0.5,plate_chamfer_deg=20,plate_round_mm=0.0,retreat=0|v10|stop",battery_cr2032,flooring,5.0,3,0,0,0,3,0,0,0,3,0,0,,
"hood|backstop=None,clearance_mm=0.0,funnel=True,gate=True,plate=0.5,plate_chamfer_deg=20,plate_round_mm=0.0,retreat=0|v10|stop",battery_cr2032,flooring,10.0,3,0,0,0,3,0,0,0,3,0,0,,
"hood|backstop=None,clearance_mm=0.0,funnel=True,gate=True,plate=0.5,plate_chamfer_deg=20,plate_round_mm=0.0,retreat=0|v10|stop",battery_cr2032,mat,0.0,3,0,0,0,3,0,0,0,3,0,0,,
"hood|backstop=None,clearance_mm=0.0,funnel=True,gate=True,plate=0.5,plate_chamfer_deg=20,plate_round_mm=0.0,retreat=0|v10|stop",battery_cr2032,mat,5.0,3,0,0,0,3,0,0,0,3,0,0,,
"hood|backstop=None,clearance_mm=0.0,funnel=True,gate=True,plate=0.5,plate_chamfer_deg=20,plate_round_mm=0.0,retreat=0|v10|stop",battery_cr2032,mat,10.0,3,0,0,0,3,0,0,0,3,0,0,,
"hood|backstop=None,clearance_mm=0.0,funnel=True,gate=True,plate=0.5,plate_chamfer_deg=20,plate_round_mm=0.0,retreat=0|v10|stop",bead,flooring,0.0,3,0,0,0,3,0,0,0,3,0,0,,
"hood|backstop=None,clearance_mm=0.0,funnel=True,gate=True,plate=0.5,plate_chamfer_deg=20,plate_round_mm=0.0,retreat=0|v10|stop",bead,flooring,5.0,3,0,0,0,3,0,0,0,3,0,0,,
"hood|backstop=None,clearance_mm=0.0,funnel=True,gate=True,plate=0.5,plate_chamfer_deg=20,plate_round_mm=0.0,retreat=0|v10|stop",bead,flooring,10.0,3,0,0,0,3,0,0,0,3,0,0,,
"hood|backstop=None,clearance_mm=0.0,funnel=True,gate=True,plate=0.5,plate_chamfer_deg=20,plate_round_mm=0.0,retreat=0|v10|stop",bead,mat,0.0,3,0,0,0,3,0,0,0,3,0,0,,
"hood|backstop=None,clearance_mm=0.0,funnel=True,gate=True,plate=0.5,plate_chamfer_deg=20,plate_round_mm=0.0,retreat=0|v10|stop",bead,mat,5.0,3,0,0,0,3,0,0,0,3,0,0,,
"hood|backstop=None,clearance_mm=0.0,funnel=True,gate=True,plate=0.5,plate_chamfer_deg=20,plate_round_mm=0.0,retreat=0|v10|stop",bead,mat,10.0,3,0,0,0,3,0,0,0,3,0,0,,
"hood|backstop=None,clearance_mm=0.0,funnel=True,gate=True,plate=0.5,plate_chamfer_deg=20,plate_round_mm=0.0,retreat=0|v10|stop",coin_1yen,flooring,0.0,3,0,0,0,3,0,0,0,3,0,0,,
"hood|backstop=None,clearance_mm=0.0,funnel=True,gate=True,plate=0.5,plate_chamfer_deg=20,plate_round_mm=0.0,retreat=0|v10|stop",coin_1yen,flooring,5.0,3,0,0,0,3,0,0,0,3,0,0,,
"hood|backstop=None,clearance_mm=0.0,funnel=True,gate=True,plate=0.5,plate_chamfer_deg=20,plate_round_mm=0.0,retreat=0|v10|stop",coin_1yen,flooring,10.0,3,0,0,0,3,0,0,0,3,0,0,,
"hood|backstop=None,clearance_mm=0.0,funnel=True,gate=True,plate=0.5,plate_chamfer_deg=20,plate_round_mm=0.0,retreat=0|v10|stop",coin_1yen,mat,0.0,3,0,0,0,3,0,0,0,3,0,0,,
"hood|backstop=None,clearance_mm=0.0,funnel=True,gate=True,plate=0.5,plate_chamfer_deg=20,plate_round_mm=0.0,retreat=0|v10|stop",coin_1yen,mat,5.0,3,0,0,0,3,0,0,0,3,0,0,,
"hood|backstop=None,clearance_mm=0.0,funnel=True,gate=True,plate=0.5,plate_chamfer_deg=20,plate_round_mm=0.0,retreat=0|v10|stop",coin_1yen,mat,10.0,3,0,0,0,3,0,0,0,3,0,0,,
"hood|backstop=None,clearance_mm=0.0,funnel=True,gate=True,plate=0.5,plate_chamfer_deg=20,plate_round_mm=0.0,retreat=0|v10|stop",crumb_cube,flooring,0.0,3,0,0,0,0,3,0,3,3,0,3,,
"hood|backstop=None,clearance_mm=0.0,funnel=True,gate=True,plate=0.5,plate_chamfer_deg=20,plate_round_mm=0.0,retreat=0|v10|stop",crumb_cube,flooring,5.0,3,0,0,0,0,3,0,3,3,0,3,,
"hood|backstop=None,clearance_mm=0.0,funnel=True,gate=True,plate=0.5,plate_chamfer_deg=20,plate_round_mm=0.0,retreat=0|v10|stop",crumb_cube,flooring,10.0,3,0,0,0,0,3,0,3,3,0,3,,
"hood|backstop=None,clearance_mm=0.0,funnel=True,gate=True,plate=0.5,plate_chamfer_deg=20,plate_round_mm=0.0,retreat=0|v10|stop",crumb_cube,mat,0.0,3,0,0,0,0,3,0,3,3,0,3,,
"hood|backstop=None,clearance_mm=0.0,funnel=True,gate=True,plate=0.5,plate_chamfer_deg=20,plate_round_mm=0.0,retreat=0|v10|stop",crumb_cube,mat,5.0,3,0,0,0,0,3,0,3,3,0,3,,
"hood|backstop=None,clearance_mm=0.0,funnel=True,gate=True,plate=0.5,plate_chamfer_deg=20,plate_round_mm=0.0,retreat=0|v10|stop",crumb_cube,mat,10.0,3,0,0,0,0,3,0,3,3,0,3,,
"hood|backstop=None,clearance_mm=0.0,funnel=True,gate=True,plate=0.5,plate_chamfer_deg=20,plate_round_mm=0.1,retreat=0|v10|stop",battery_cr2032,flooring,0.0,3,0,0,0,3,0,0,0,3,0,0,,
"hood|backstop=None,clearance_mm=0.0,funnel=True,gate=True,plate=0.5,plate_chamfer_deg=20,plate_round_mm=0.1,retreat=0|v10|stop",battery_cr2032,flooring,5.0,3,0,0,0,3,0,0,0,3,0,0,,
"hood|backstop=None,clearance_mm=0.0,funnel=True,gate=True,plate=0.5,plate_chamfer_deg=20,plate_round_mm=0.1,retreat=0|v10|stop",battery_cr2032,flooring,10.0,3,0,0,0,3,0,0,0,3,0,0,,
"hood|backstop=None,clearance_mm=0.0,funnel=True,gate=True,plate=0.5,plate_chamfer_deg=20,plate_round_mm=0.1,retreat=0|v10|stop",battery_cr2032,mat,0.0,3,0,0,0,3,0,0,0,3,0,0,,
"hood|backstop=None,clearance_mm=0.0,funnel=True,gate=True,plate=0.5,plate_chamfer_deg=20,plate_round_mm=0.1,retreat=0|v10|stop",battery_cr2032,mat,5.0,3,0,0,0,3,0,0,0,3,0,0,,
"hood|backstop=None,clearance_mm=0.0,funnel=True,gate=True,plate=0.5,plate_chamfer_deg=20,plate_round_mm=0.1,retreat=0|v10|stop",battery_cr2032,mat,10.0,3,0,0,0,3,0,0,0,3,0,0,,
"hood|backstop=None,clearance_mm=0.0,funnel=True,gate=True,plate=0.5,plate_chamfer_deg=20,plate_round_mm=0.1,retreat=0|v10|stop",bead,flooring,0.0,3,0,0,0,3,0,0,0,3,0,0,,
"hood|backstop=None,clearance_mm=0.0,funnel=True,gate=True,plate=0.5,plate_chamfer_deg=20,plate_round_mm=0.1,retreat=0|v10|stop",bead,flooring,5.0,3,0,0,0,3,0,0,0,3,0,0,,
"hood|backstop=None,clearance_mm=0.0,funnel=True,gate=True,plate=0.5,plate_chamfer_deg=20,plate_round_mm=0.1,retreat=0|v10|stop",bead,flooring,10.0,3,0,0,0,3,0,0,0,3,0,0,,
"hood|backstop=None,clearance_mm=0.0,funnel=True,gate=True,plate=0.5,plate_chamfer_deg=20,plate_round_mm=0.1,retreat=0|v10|stop",bead,mat,0.0,3,0,0,0,3,0,0,0,3,0,0,,
"hood|backstop=None,clearance_mm=0.0,funnel=True,gate=True,plate=0.5,plate_chamfer_deg=20,plate_round_mm=0.1,retreat=0|v10|stop",bead,mat,5.0,3,0,0,0,3,0,0,0,3,0,0,,
"hood|backstop=None,clearance_mm=0.0,funnel=True,gate=True,plate=0.5,plate_chamfer_deg=20,plate_round_mm=0.1,retreat=0|v10|stop",bead,mat,10.0,3,0,0,0,3,0,0,0,3,0,0,,
"hood|backstop=None,clearance_mm=0.0,funnel=True,gate=True,plate=0.5,plate_chamfer_deg=20,plate_round_mm=0.1,retreat=0|v10|stop",coin_1yen,flooring,0.0,3,0,0,0,3,0,0,0,3,0,0,,
"hood|backstop=None,clearance_mm=0.0,funnel=True,gate=True,plate=0.5,plate_chamfer_deg=20,plate_round_mm=0.1,retreat=0|v10|stop",coin_1yen,flooring,5.0,3,0,0,0,3,0,0,0,3,0,0,,
"hood|backstop=None,clearance_mm=0.0,funnel=True,gate=True,plate=0.5,plate_chamfer_deg=20,plate_round_mm=0.1,retreat=0|v10|stop",coin_1yen,flooring,10.0,3,0,0,0,3,0,0,0,3,0,0,,
"hood|backstop=None,clearance_mm=0.0,funnel=True,gate=True,plate=0.5,plate_chamfer_deg=20,plate_round_mm=0.1,retreat=0|v10|stop",coin_1yen,mat,0.0,3,0,0,0,3,0,0,0,3,0,0,,
"hood|backstop=None,clearance_mm=0.0,funnel=True,gate=True,plate=0.5,plate_chamfer_deg=20,plate_round_mm=0.1,retreat=0|v10|stop",coin_1yen,mat,5.0,3,0,0,0,3,0,0,0,3,0,0,,
"hood|backstop=None,clearance_mm=0.0,funnel=True,gate=True,plate=0.5,plate_chamfer_deg=20,plate_round_mm=0.1,retreat=0|v10|stop",coin_1yen,mat,10.0,3,0,0,0,3,0,0,0,3,0,0,,
"hood|backstop=None,clearance_mm=0.0,funnel=True,gate=True,plate=0.5,plate_chamfer_deg=20,plate_round_mm=0.1,retreat=0|v10|stop",crumb_cube,flooring,0.0,3,0,0,0,0,3,0,3,3,0,3,,
"hood|backstop=None,clearance_mm=0.0,funnel=True,gate=True,plate=0.5,plate_chamfer_deg=20,plate_round_mm=0.1,retreat=0|v10|stop",crumb_cube,flooring,5.0,3,0,0,0,0,3,0,3,3,0,3,,
"hood|backstop=None,clearance_mm=0.0,funnel=True,gate=True,plate=0.5,plate_chamfer_deg=20,plate_round_mm=0.1,retreat=0|v10|stop",crumb_cube,flooring,10.0,3,0,0,0,0,3,0,3,3,0,3,,
"hood|backstop=None,clearance_mm=0.0,funnel=True,gate=True,plate=0.5,plate_chamfer_deg=20,plate_round_mm=0.1,retreat=0|v10|stop",crumb_cube,mat,0.0,3,0,0,0,0,3,0,3,3,0,3,,
"hood|backstop=None,clearance_mm=0.0,funnel=True,gate=True,plate=0.5,plate_chamfer_deg=20,plate_round_mm=0.1,retreat=0|v10|stop",crumb_cube,mat,5.0,3,0,0,0,0,3,0,3,3,0,3,,
"hood|backstop=None,clearance_mm=0.0,funnel=True,gate=True,plate=0.5,plate_chamfer_deg=20,plate_round_mm=0.1,retreat=0|v10|stop",crumb_cube,mat,10.0,3,0,0,0,0,3,0,3,3,0,3,,
"hood|backstop=None,clearance_mm=0.0,funnel=True,gate=True,plate=0.5,plate_chamfer_deg=20,plate_round_mm=0.3,retreat=0|v10|stop",battery_cr2032,flooring,0.0,3,0,0,0,3,0,0,0,3,0,0,,
"hood|backstop=None,clearance_mm=0.0,funnel=True,gate=True,plate=0.5,plate_chamfer_deg=20,plate_round_mm=0.3,retreat=0|v10|stop",battery_cr2032,flooring,5.0,3,0,0,0,3,0,0,0,3,0,0,,
"hood|backstop=None,clearance_mm=0.0,funnel=True,gate=True,plate=0.5,plate_chamfer_deg=20,plate_round_mm=0.3,retreat=0|v10|stop",battery_cr2032,flooring,10.0,3,0,0,0,3,0,0,0,3,0,0,,
"hood|backstop=None,clearance_mm=0.0,funnel=True,gate=True,plate=0.5,plate_chamfer_deg=20,plate_round_mm=0.3,retreat=0|v10|stop",battery_cr2032,mat,0.0,3,0,0,0,3,0,0,0,3,0,0,,
"hood|backstop=None,clearance_mm=0.0,funnel=True,gate=True,plate=0.5,plate_chamfer_deg=20,plate_round_mm=0.3,retreat=0|v10|stop",battery_cr2032,mat,5.0,3,0,0,0,3,0,0,0,3,0,0,,
"hood|backstop=None,clearance_mm=0.0,funnel=True,gate=True,plate=0.5,plate_chamfer_deg=20,plate_round_mm=0.3,retreat=0|v10|stop",battery_cr2032,mat,10.0,3,0,0,0,3,0,0,0,3,0,0,,
"hood|backstop=None,clearance_mm=0.0,funnel=True,gate=True,plate=0.5,plate_chamfer_deg=20,plate_round_mm=0.3,retreat=0|v10|stop",bead,flooring,0.0,3,0,0,0,3,0,0,0,3,0,0,,
"hood|backstop=None,clearance_mm=0.0,funnel=True,gate=True,plate=0.5,plate_chamfer_deg=20,plate_round_mm=0.3,retreat=0|v10|stop",bead,flooring,5.0,3,0,0,0,3,0,0,0,3,0,0,,
"hood|backstop=None,clearance_mm=0.0,funnel=True,gate=True,plate=0.5,plate_chamfer_deg=20,plate_round_mm=0.3,retreat=0|v10|stop",bead,flooring,10.0,3,0,0,0,3,0,0,0,3,0,0,,
"hood|backstop=None,clearance_mm=0.0,funnel=True,gate=True,plate=0.5,plate_chamfer_deg=20,plate_round_mm=0.3,retreat=0|v10|stop",bead,mat,0.0,3,0,0,0,3,0,0,0,3,0,0,,
"hood|backstop=None,clearance_mm=0.0,funnel=True,gate=True,plate=0.5,plate_chamfer_deg=20,plate_round_mm=0.3,retreat=0|v10|stop",bead,mat,5.0,3,0,0,0,3,0,0,0,3,0,0,,
"hood|backstop=None,clearance_mm=0.0,funnel=True,gate=True,plate=0.5,plate_chamfer_deg=20,plate_round_mm=0.3,retreat=0|v10|stop",bead,mat,10.0,3,0,0,0,3,0,0,0,3,0,0,,
"hood|backstop=None,clearance_mm=0.0,funnel=True,gate=True,plate=0.5,plate_chamfer_deg=20,plate_round_mm=0.3,retreat=0|v10|stop",coin_1yen,flooring,0.0,3,0,0,0,3,0,0,0,3,0,0,,
"hood|backstop=None,clearance_mm=0.0,funnel=True,gate=True,plate=0.5,plate_chamfer_deg=20,plate_round_mm=0.3,retreat=0|v10|stop",coin_1yen,flooring,5.0,3,0,0,0,3,0,0,0,3,0,0,,
"hood|backstop=None,clearance_mm=0.0,funnel=True,gate=True,plate=0.5,plate_chamfer_deg=20,plate_round_mm=0.3,retreat=0|v10|stop",coin_1yen,flooring,10.0,3,0,0,0,3,0,0,0,3,0,0,,
"hood|backstop=None,clearance_mm=0.0,funnel=True,gate=True,plate=0.5,plate_chamfer_deg=20,plate_round_mm=0.3,retreat=0|v10|stop",coin_1yen,mat,0.0,3,0,0,0,3,0,0,0,3,0,0,,
"hood|backstop=None,clearance_mm=0.0,funnel=True,gate=True,plate=0.5,plate_chamfer_deg=20,plate_round_mm=0.3,retreat=0|v10|stop",coin_1yen,mat,5.0,3,0,0,0,3,0,0,0,3,0,0,,
"hood|backstop=None,clearance_mm=0.0,funnel=True,gate=True,plate=0.5,plate_chamfer_deg=20,plate_round_mm=0.3,retreat=0|v10|stop",coin_1yen,mat,10.0,3,0,0,0,3,0,0,0,3,0,0,,
"hood|backstop=None,clearance_mm=0.0,funnel=True,gate=True,plate=0.5,plate_chamfer_deg=20,plate_round_mm=0.3,retreat=0|v10|stop",crumb_cube,flooring,0.0,3,0,0,0,0,3,0,3,3,0,3,,
"hood|backstop=None,clearance_mm=0.0,funnel=True,gate=True,plate=0.5,plate_chamfer_deg=20,plate_round_mm=0.3,retreat=0|v10|stop",crumb_cube,flooring,5.0,3,0,0,0,0,3,0,3,3,0,3,,
"hood|backstop=None,clearance_mm=0.0,funnel=True,gate=True,plate=0.5,plate_chamfer_deg=20,plate_round_mm=0.3,retreat=0|v10|stop",crumb_cube,flooring,10.0,3,0,0,0,0,3,0,3,3,0,3,,
"hood|backstop=None,clearance_mm=0.0,funnel=True,gate=True,plate=0.5,plate_chamfer_deg=20,plate_round_mm=0.3,retreat=0|v10|stop",crumb_cube,mat,0.0,3,0,0,0,0,3,0,3,3,0,3,,
"hood|backstop=None,clearance_mm=0.0,funnel=True,gate=True,plate=0.5,plate_chamfer_deg=20,plate_round_mm=0.3,retreat=0|v10|stop",crumb_cube,mat,5.0,3,0,0,0,0,3,0,3,3,0,3,,
"hood|backstop=None,clearance_mm=0.0,funnel=True,gate=True,plate=0.5,plate_chamfer_deg=20,plate_round_mm=0.3,retreat=0|v10|stop",crumb_cube,mat,10.0,3,0,0,0,0,3,0,3,3,0,3,,
"hood|backstop=None,clearance_mm=0.0,funnel=True,gate=True,plate=0.5,plate_chamfer_deg=45,plate_round_mm=0.0,retreat=0|v10|stop",battery_cr2032,flooring,0.0,3,0,0,0,3,0,0,0,3,0,0,,
"hood|backstop=None,clearance_mm=0.0,funnel=True,gate=True,plate=0.5,plate_chamfer_deg=45,plate_round_mm=0.0,retreat=0|v10|stop",battery_cr2032,flooring,5.0,3,0,0,0,3,0,0,0,3,0,0,,
"hood|backstop=None,clearance_mm=0.0,funnel=True,gate=True,plate=0.5,plate_chamfer_deg=45,plate_round_mm=0.0,retreat=0|v10|stop",battery_cr2032,flooring,10.0,3,0,0,0,3,0,0,0,3,0,0,,
"hood|backstop=None,clearance_mm=0.0,funnel=True,gate=True,plate=0.5,plate_chamfer_deg=45,plate_round_mm=0.0,retreat=0|v10|stop",battery_cr2032,mat,0.0,3,0,0,0,3,0,0,0,3,0,0,,
"hood|backstop=None,clearance_mm=0.0,funnel=True,gate=True,plate=0.5,plate_chamfer_deg=45,plate_round_mm=0.0,retreat=0|v10|stop",battery_cr2032,mat,5.0,3,0,0,0,3,0,0,0,3,0,0,,
"hood|backstop=None,clearance_mm=0.0,funnel=True,gate=True,plate=0.5,plate_chamfer_deg=45,plate_round_mm=0.0,retreat=0|v10|stop",battery_cr2032,mat,10.0,3,0,0,0,3,0,0,0,3,0,0,,
"hood|backstop=None,clearance_mm=0.0,funnel=True,gate=True,plate=0.5,plate_chamfer_deg=45,plate_round_mm=0.0,retreat=0|v10|stop",bead,flooring,0.0,3,0,0,0,3,0,0,0,3,0,0,,
"hood|backstop=None,clearance_mm=0.0,funnel=True,gate=True,plate=0.5,plate_chamfer_deg=45,plate_round_mm=0.0,retreat=0|v10|stop",bead,flooring,5.0,3,0,0,0,3,0,0,0,3,0,0,,
"hood|backstop=None,clearance_mm=0.0,funnel=True,gate=True,plate=0.5,plate_chamfer_deg=45,plate_round_mm=0.0,retreat=0|v10|stop",bead,flooring,10.0,3,0,0,0,3,0,0,0,3,0,0,,
"hood|backstop=None,clearance_mm=0.0,funnel=True,gate=True,plate=0.5,plate_chamfer_deg=45,plate_round_mm=0.0,retreat=0|v10|stop",bead,mat,0.0,3,0,0,0,3,0,0,0,3,0,0,,
"hood|backstop=None,clearance_mm=0.0,funnel=True,gate=True,plate=0.5,plate_chamfer_deg=45,plate_round_mm=0.0,retreat=0|v10|stop",bead,mat,5.0,3,0,0,0,3,0,0,0,3,0,0,,
"hood|backstop=None,clearance_mm=0.0,funnel=True,gate=True,plate=0.5,plate_chamfer_deg=45,plate_round_mm=0.0,retreat=0|v10|stop",bead,mat,10.0,3,0,0,0,3,0,0,0,3,0,0,,
"hood|backstop=None,clearance_mm=0.0,funnel=True,gate=True,plate=0.5,plate_chamfer_deg=45,plate_round_mm=0.0,retreat=0|v10|stop",coin_1yen,flooring,0.0,3,0,0,0,3,0,0,0,3,0,0,,
"hood|backstop=None,clearance_mm=0.0,funnel=True,gate=True,plate=0.5,plate_chamfer_deg=45,plate_round_mm=0.0,retreat=0|v10|stop",coin_1yen,flooring,5.0,3,0,0,0,3,0,0,0,3,0,0,,
"hood|backstop=None,clearance_mm=0.0,funnel=True,gate=True,plate=0.5,plate_chamfer_deg=45,plate_round_mm=0.0,retreat=0|v10|stop",coin_1yen,flooring,10.0,3,0,0,0,3,0,0,0,3,0,0,,
"hood|backstop=None,clearance_mm=0.0,funnel=True,gate=True,plate=0.5,plate_chamfer_deg=45,plate_round_mm=0.0,retreat=0|v10|stop",coin_1yen,mat,0.0,3,0,0,0,3,0,0,0,3,0,0,,
"hood|backstop=None,clearance_mm=0.0,funnel=True,gate=True,plate=0.5,plate_chamfer_deg=45,plate_round_mm=0.0,retreat=0|v10|stop",coin_1yen,mat,5.0,3,0,0,0,3,0,0,0,3,0,0,,
"hood|backstop=None,clearance_mm=0.0,funnel=True,gate=True,plate=0.5,plate_chamfer_deg=45,plate_round_mm=0.0,retreat=0|v10|stop",coin_1yen,mat,10.0,3,0,0,0,3,0,0,0,3,0,0,,
"hood|backstop=None,clearance_mm=0.0,funnel=True,gate=True,plate=0.5,plate_chamfer_deg=45,plate_round_mm=0.0,retreat=0|v10|stop",crumb_cube,flooring,0.0,3,0,0,0,3,0,0,0,3,0,0,,
"hood|backstop=None,clearance_mm=0.0,funnel=True,gate=True,plate=0.5,plate_chamfer_deg=45,plate_round_mm=0.0,retreat=0|v10|stop",crumb_cube,flooring,5.0,3,0,0,0,3,0,0,0,3,0,0,,
"hood|backstop=None,clearance_mm=0.0,funnel=True,gate=True,plate=0.5,plate_chamfer_deg=45,plate_round_mm=0.0,retreat=0|v10|stop",crumb_cube,flooring,10.0,3,0,0,0,3,0,0,0,3,0,0,,
"hood|backstop=None,clearance_mm=0.0,funnel=True,gate=True,plate=0.5,plate_chamfer_deg=45,plate_round_mm=0.0,retreat=0|v10|stop",crumb_cube,mat,0.0,3,0,0,0,3,0,0,0,3,0,0,,
"hood|backstop=None,clearance_mm=0.0,funnel=True,gate=True,plate=0.5,plate_chamfer_deg=45,plate_round_mm=0.0,retreat=0|v10|stop",crumb_cube,mat,5.0,3,0,0,0,3,0,0,0,3,0,0,,
"hood|backstop=None,clearance_mm=0.0,funnel=True,gate=True,plate=0.5,plate_chamfer_deg=45,plate_round_mm=0.0,retreat=0|v10|stop",crumb_cube,mat,10.0,3,0,0,0,3,0,0,0,3,0,0,,
"hood|backstop=None,clearance_mm=0.0,funnel=True,gate=True,plate=0.5,plate_chamfer_deg=45,plate_round_mm=0.1,retreat=0|v10|stop",battery_cr2032,flooring,0.0,3,0,0,0,3,0,0,0,3,0,0,,
"hood|backstop=None,clearance_mm=0.0,funnel=True,gate=True,plate=0.5,plate_chamfer_deg=45,plate_round_mm=0.1,retreat=0|v10|stop",battery_cr2032,flooring,5.0,3,0,0,0,3,0,0,0,3,0,0,,
"hood|backstop=None,clearance_mm=0.0,funnel=True,gate=True,plate=0.5,plate_chamfer_deg=45,plate_round_mm=0.1,retreat=0|v10|stop",battery_cr2032,flooring,10.0,3,0,0,0,1,2,0,2,3,0,2,,
"hood|backstop=None,clearance_mm=0.0,funnel=True,gate=True,plate=0.5,plate_chamfer_deg=45,plate_round_mm=0.1,retreat=0|v10|stop",battery_cr2032,mat,0.0,3,0,0,0,3,0,0,0,3,0,0,,
"hood|backstop=None,clearance_mm=0.0,funnel=True,gate=True,plate=0.5,plate_chamfer_deg=45,plate_round_mm=0.1,retreat=0|v10|stop",battery_cr2032,mat,5.0,3,0,0,0,3,0,0,0,3,0,0,,
"hood|backstop=None,clearance_mm=0.0,funnel=True,gate=True,plate=0.5,plate_chamfer_deg=45,plate_round_mm=0.1,retreat=0|v10|stop",battery_cr2032,mat,10.0,3,0,0,0,3,0,0,0,3,0,0,,
"hood|backstop=None,clearance_mm=0.0,funnel=True,gate=True,plate=0.5,plate_chamfer_deg=45,plate_round_mm=0.1,retreat=0|v10|stop",bead,flooring,0.0,3,0,0,0,3,0,0,0,3,0,0,,
"hood|backstop=None,clearance_mm=0.0,funnel=True,gate=True,plate=0.5,plate_chamfer_deg=45,plate_round_mm=0.1,retreat=0|v10|stop",bead,flooring,5.0,3,0,0,0,3,0,0,0,3,0,0,,
"hood|backstop=None,clearance_mm=0.0,funnel=True,gate=True,plate=0.5,plate_chamfer_deg=45,plate_round_mm=0.1,retreat=0|v10|stop",bead,flooring,10.0,3,0,0,0,3,0,0,0,3,0,0,,
"hood|backstop=None,clearance_mm=0.0,funnel=True,gate=True,plate=0.5,plate_chamfer_deg=45,plate_round_mm=0.1,retreat=0|v10|stop",bead,mat,0.0,3,0,0,0,3,0,0,0,3,0,0,,
"hood|backstop=None,clearance_mm=0.0,funnel=True,gate=True,plate=0.5,plate_chamfer_deg=45,plate_round_mm=0.1,retreat=0|v10|stop",bead,mat,5.0,3,0,0,0,3,0,0,0,3,0,0,,
"hood|backstop=None,clearance_mm=0.0,funnel=True,gate=True,plate=0.5,plate_chamfer_deg=45,plate_round_mm=0.1,retreat=0|v10|stop",bead,mat,10.0,3,0,0,0,3,0,0,0,3,0,0,,
"hood|backstop=None,clearance_mm=0.0,funnel=True,gate=True,plate=0.5,plate_chamfer_deg=45,plate_round_mm=0.1,retreat=0|v10|stop",coin_1yen,flooring,0.0,3,0,0,0,3,0,0,0,3,0,0,,
"hood|backstop=None,clearance_mm=0.0,funnel=True,gate=True,plate=0.5,plate_chamfer_deg=45,plate_round_mm=0.1,retreat=0|v10|stop",coin_1yen,flooring,5.0,3,0,0,0,3,0,0,0,3,0,0,,
"hood|backstop=None,clearance_mm=0.0,funnel=True,gate=True,plate=0.5,plate_chamfer_deg=45,plate_round_mm=0.1,retreat=0|v10|stop",coin_1yen,flooring,10.0,3,0,0,0,3,0,0,0,3,0,0,,
"hood|backstop=None,clearance_mm=0.0,funnel=True,gate=True,plate=0.5,plate_chamfer_deg=45,plate_round_mm=0.1,retreat=0|v10|stop",coin_1yen,mat,0.0,3,0,0,0,3,0,0,0,3,0,0,,
"hood|backstop=None,clearance_mm=0.0,funnel=True,gate=True,plate=0.5,plate_chamfer_deg=45,plate_round_mm=0.1,retreat=0|v10|stop",coin_1yen,mat,5.0,3,0,0,0,3,0,0,0,3,0,0,,
"hood|backstop=None,clearance_mm=0.0,funnel=True,gate=True,plate=0.5,plate_chamfer_deg=45,plate_round_mm=0.1,retreat=0|v10|stop",coin_1yen,mat,10.0,3,0,0,0,3,0,0,0,3,0,0,,
"hood|backstop=None,clearance_mm=0.0,funnel=True,gate=True,plate=0.5,plate_chamfer_deg=45,plate_round_mm=0.1,retreat=0|v10|stop",crumb_cube,flooring,0.0,3,0,0,0,3,0,0,0,3,0,0,,
"hood|backstop=None,clearance_mm=0.0,funnel=True,gate=True,plate=0.5,plate_chamfer_deg=45,plate_round_mm=0.1,retreat=0|v10|stop",crumb_cube,flooring,5.0,3,0,0,0,3,0,0,0,3,0,0,,
"hood|backstop=None,clearance_mm=0.0,funnel=True,gate=True,plate=0.5,plate_chamfer_deg=45,plate_round_mm=0.1,retreat=0|v10|stop",crumb_cube,flooring,10.0,3,0,0,0,3,0,0,0,3,0,0,,
"hood|backstop=None,clearance_mm=0.0,funnel=True,gate=True,plate=0.5,plate_chamfer_deg=45,plate_round_mm=0.1,retreat=0|v10|stop",crumb_cube,mat,0.0,3,0,0,0,3,0,0,0,3,0,0,,
"hood|backstop=None,clearance_mm=0.0,funnel=True,gate=True,plate=0.5,plate_chamfer_deg=45,plate_round_mm=0.1,retreat=0|v10|stop",crumb_cube,mat,5.0,3,0,0,0,3,0,0,0,3,0,0,,
"hood|backstop=None,clearance_mm=0.0,funnel=True,gate=True,plate=0.5,plate_chamfer_deg=45,plate_round_mm=0.1,retreat=0|v10|stop",crumb_cube,mat,10.0,3,0,0,0,3,0,0,0,3,0,0,,
"hood|backstop=None,clearance_mm=0.0,funnel=True,gate=True,plate=0.5,plate_chamfer_deg=45,plate_round_mm=0.3,retreat=0|v10|stop",battery_cr2032,flooring,0.0,3,0,0,0,3,0,0,0,3,0,0,,
"hood|backstop=None,clearance_mm=0.0,funnel=True,gate=True,plate=0.5,plate_chamfer_deg=45,plate_round_mm=0.3,retreat=0|v10|stop",battery_cr2032,flooring,5.0,3,0,0,0,3,0,0,0,3,0,0,,
"hood|backstop=None,clearance_mm=0.0,funnel=True,gate=True,plate=0.5,plate_chamfer_deg=45,plate_round_mm=0.3,retreat=0|v10|stop",battery_cr2032,flooring,10.0,3,0,0,0,3,0,0,0,3,0,0,,
"hood|backstop=None,clearance_mm=0.0,funnel=True,gate=True,plate=0.5,plate_chamfer_deg=45,plate_round_mm=0.3,retreat=0|v10|stop",battery_cr2032,mat,0.0,3,0,0,0,3,0,0,0,3,0,0,,
"hood|backstop=None,clearance_mm=0.0,funnel=True,gate=True,plate=0.5,plate_chamfer_deg=45,plate_round_mm=0.3,retreat=0|v10|stop",battery_cr2032,mat,5.0,3,0,0,0,3,0,0,0,3,0,0,,
"hood|backstop=None,clearance_mm=0.0,funnel=True,gate=True,plate=0.5,plate_chamfer_deg=45,plate_round_mm=0.3,retreat=0|v10|stop",battery_cr2032,mat,10.0,3,0,0,0,3,0,0,0,3,0,0,,
"hood|backstop=None,clearance_mm=0.0,funnel=True,gate=True,plate=0.5,plate_chamfer_deg=45,plate_round_mm=0.3,retreat=0|v10|stop",bead,flooring,0.0,3,0,0,0,3,0,0,0,3,0,0,,
"hood|backstop=None,clearance_mm=0.0,funnel=True,gate=True,plate=0.5,plate_chamfer_deg=45,plate_round_mm=0.3,retreat=0|v10|stop",bead,flooring,5.0,3,0,0,0,3,0,0,0,3,0,0,,
"hood|backstop=None,clearance_mm=0.0,funnel=True,gate=True,plate=0.5,plate_chamfer_deg=45,plate_round_mm=0.3,retreat=0|v10|stop",bead,flooring,10.0,3,0,0,0,3,0,0,0,3,0,0,,
"hood|backstop=None,clearance_mm=0.0,funnel=True,gate=True,plate=0.5,plate_chamfer_deg=45,plate_round_mm=0.3,retreat=0|v10|stop",bead,mat,0.0,3,0,0,0,3,0,0,0,3,0,0,,
"hood|backstop=None,clearance_mm=0.0,funnel=True,gate=True,plate=0.5,plate_chamfer_deg=45,plate_round_mm=0.3,retreat=0|v10|stop",bead,mat,5.0,3,0,0,0,3,0,0,0,3,0,0,,
"hood|backstop=None,clearance_mm=0.0,funnel=True,gate=True,plate=0.5,plate_chamfer_deg=45,plate_round_mm=0.3,retreat=0|v10|stop",bead,mat,10.0,3,0,0,0,3,0,0,0,3,0,0,,
"hood|backstop=None,clearance_mm=0.0,funnel=True,gate=True,plate=0.5,plate_chamfer_deg=45,plate_round_mm=0.3,retreat=0|v10|stop",coin_1yen,flooring,0.0,3,0,0,0,2,1,0,1,3,0,1,,
"hood|backstop=None,clearance_mm=0.0,funnel=True,gate=True,plate=0.5,plate_chamfer_deg=45,plate_round_mm=0.3,retreat=0|v10|stop",coin_1yen,flooring,5.0,3,0,0,0,3,0,0,0,3,0,0,,
"hood|backstop=None,clearance_mm=0.0,funnel=True,gate=True,plate=0.5,plate_chamfer_deg=45,plate_round_mm=0.3,retreat=0|v10|stop",coin_1yen,flooring,10.0,3,0,0,0,3,0,0,0,3,0,0,,
"hood|backstop=None,clearance_mm=0.0,funnel=True,gate=True,plate=0.5,plate_chamfer_deg=45,plate_round_mm=0.3,retreat=0|v10|stop",coin_1yen,mat,0.0,3,0,0,0,3,0,0,0,3,0,0,,
"hood|backstop=None,clearance_mm=0.0,funnel=True,gate=True,plate=0.5,plate_chamfer_deg=45,plate_round_mm=0.3,retreat=0|v10|stop",coin_1yen,mat,5.0,3,0,0,0,3,0,0,0,3,0,0,,
"hood|backstop=None,clearance_mm=0.0,funnel=True,gate=True,plate=0.5,plate_chamfer_deg=45,plate_round_mm=0.3,retreat=0|v10|stop",coin_1yen,mat,10.0,3,0,0,0,3,0,0,0,3,0,0,,
"hood|backstop=None,clearance_mm=0.0,funnel=True,gate=True,plate=0.5,plate_chamfer_deg=45,plate_round_mm=0.3,retreat=0|v10|stop",crumb_cube,flooring,0.0,3,0,0,0,3,0,0,0,3,0,0,,
"hood|backstop=None,clearance_mm=0.0,funnel=True,gate=True,plate=0.5,plate_chamfer_deg=45,plate_round_mm=0.3,retreat=0|v10|stop",crumb_cube,flooring,5.0,3,0,0,0,3,0,0,0,3,0,0,,
"hood|backstop=None,clearance_mm=0.0,funnel=True,gate=True,plate=0.5,plate_chamfer_deg=45,plate_round_mm=0.3,retreat=0|v10|stop",crumb_cube,flooring,10.0,3,0,0,0,3,0,0,0,3,0,0,,
"hood|backstop=None,clearance_mm=0.0,funnel=True,gate=True,plate=0.5,plate_chamfer_deg=45,plate_round_mm=0.3,retreat=0|v10|stop",crumb_cube,mat,0.0,3,0,0,0,3,0,0,0,3,0,0,,
"hood|backstop=None,clearance_mm=0.0,funnel=True,gate=True,plate=0.5,plate_chamfer_deg=45,plate_round_mm=0.3,retreat=0|v10|stop",crumb_cube,mat,5.0,3,0,0,0,3,0,0,0,3,0,0,,
"hood|backstop=None,clearance_mm=0.0,funnel=True,gate=True,plate=0.5,plate_chamfer_deg=45,plate_round_mm=0.3,retreat=0|v10|stop",crumb_cube,mat,10.0,3,0,0,0,3,0,0,0,3,0,0,,
"hood|backstop=None,clearance_mm=0.0,funnel=True,gate=True,plate=0.5,plate_chamfer_deg=5,plate_round_mm=0.0,retreat=0|v10|stop",battery_cr2032,flooring,0.0,3,0,0,0,3,0,0,0,3,0,0,,
"hood|backstop=None,clearance_mm=0.0,funnel=True,gate=True,plate=0.5,plate_chamfer_deg=5,plate_round_mm=0.0,retreat=0|v10|stop",battery_cr2032,flooring,5.0,3,0,0,0,3,0,0,0,3,0,0,,
"hood|backstop=None,clearance_mm=0.0,funnel=True,gate=True,plate=0.5,plate_chamfer_deg=5,plate_round_mm=0.0,retreat=0|v10|stop",battery_cr2032,flooring,10.0,3,0,0,0,3,0,0,0,3,0,0,,
"hood|backstop=None,clearance_mm=0.0,funnel=True,gate=True,plate=0.5,plate_chamfer_deg=5,plate_round_mm=0.0,retreat=0|v10|stop",battery_cr2032,mat,0.0,3,0,0,0,0,3,0,3,3,0,3,,
"hood|backstop=None,clearance_mm=0.0,funnel=True,gate=True,plate=0.5,plate_chamfer_deg=5,plate_round_mm=0.0,retreat=0|v10|stop",battery_cr2032,mat,5.0,3,0,0,0,0,3,0,3,3,0,3,,
"hood|backstop=None,clearance_mm=0.0,funnel=True,gate=True,plate=0.5,plate_chamfer_deg=5,plate_round_mm=0.0,retreat=0|v10|stop",battery_cr2032,mat,10.0,3,0,0,0,3,0,0,0,3,0,0,,
"hood|backstop=None,clearance_mm=0.0,funnel=True,gate=True,plate=0.5,plate_chamfer_deg=5,plate_round_mm=0.0,retreat=0|v10|stop",bead,flooring,0.0,3,0,0,0,3,0,0,0,3,0,0,,
"hood|backstop=None,clearance_mm=0.0,funnel=True,gate=True,plate=0.5,plate_chamfer_deg=5,plate_round_mm=0.0,retreat=0|v10|stop",bead,flooring,5.0,3,0,0,0,3,0,0,0,3,0,0,,
"hood|backstop=None,clearance_mm=0.0,funnel=True,gate=True,plate=0.5,plate_chamfer_deg=5,plate_round_mm=0.0,retreat=0|v10|stop",bead,flooring,10.0,3,0,0,0,3,0,0,0,3,0,0,,
"hood|backstop=None,clearance_mm=0.0,funnel=True,gate=True,plate=0.5,plate_chamfer_deg=5,plate_round_mm=0.0,retreat=0|v10|stop",bead,mat,0.0,3,0,0,0,3,0,0,0,3,0,0,,
"hood|backstop=None,clearance_mm=0.0,funnel=True,gate=True,plate=0.5,plate_chamfer_deg=5,plate_round_mm=0.0,retreat=0|v10|stop",bead,mat,5.0,3,0,0,0,3,0,0,0,3,0,0,,
"hood|backstop=None,clearance_mm=0.0,funnel=True,gate=True,plate=0.5,plate_chamfer_deg=5,plate_round_mm=0.0,retreat=0|v10|stop",bead,mat,10.0,3,0,0,0,3,0,0,0,3,0,0,,
"hood|backstop=None,clearance_mm=0.0,funnel=True,gate=True,plate=0.5,plate_chamfer_deg=5,plate_round_mm=0.0,retreat=0|v10|stop",coin_1yen,flooring,0.0,3,0,0,0,3,0,0,0,3,0,0,,
"hood|backstop=None,clearance_mm=0.0,funnel=True,gate=True,plate=0.5,plate_chamfer_deg=5,plate_round_mm=0.0,retreat=0|v10|stop",coin_1yen,flooring,5.0,3,0,0,0,3,0,0,0,3,0,0,,
"hood|backstop=None,clearance_mm=0.0,funnel=True,gate=True,plate=0.5,plate_chamfer_deg=5,plate_round_mm=0.0,retreat=0|v10|stop",coin_1yen,flooring,10.0,3,0,0,0,3,0,0,0,3,0,0,,
"hood|backstop=None,clearance_mm=0.0,funnel=True,gate=True,plate=0.5,plate_chamfer_deg=5,plate_round_mm=0.0,retreat=0|v10|stop",coin_1yen,mat,0.0,3,0,0,0,0,3,0,3,3,0,3,,
"hood|backstop=None,clearance_mm=0.0,funnel=True,gate=True,plate=0.5,plate_chamfer_deg=5,plate_round_mm=0.0,retreat=0|v10|stop",coin_1yen,mat,5.0,3,0,0,0,1,2,0,2,3,0,2,,
"hood|backstop=None,clearance_mm=0.0,funnel=True,gate=True,plate=0.5,plate_chamfer_deg=5,plate_round_mm=0.0,retreat=0|v10|stop",coin_1yen,mat,10.0,3,0,0,0,3,0,0,0,3,0,0,,
"hood|backstop=None,clearance_mm=0.0,funnel=True,gate=True,plate=0.5,plate_chamfer_deg=5,plate_round_mm=0.0,retreat=0|v10|stop",crumb_cube,flooring,0.0,3,0,0,0,0,3,0,3,3,0,3,,
"hood|backstop=None,clearance_mm=0.0,funnel=True,gate=True,plate=0.5,plate_chamfer_deg=5,plate_round_mm=0.0,retreat=0|v10|stop",crumb_cube,flooring,5.0,3,0,0,0,0,3,0,3,3,0,3,,
"hood|backstop=None,clearance_mm=0.0,funnel=True,gate=True,plate=0.5,plate_chamfer_deg=5,plate_round_mm=0.0,retreat=0|v10|stop",crumb_cube,flooring,10.0,3,0,0,0,0,3,0,3,3,0,3,,
"hood|backstop=None,clearance_mm=0.0,funnel=True,gate=True,plate=0.5,plate_chamfer_deg=5,plate_round_mm=0.0,retreat=0|v10|stop",crumb_cube,mat,0.0,3,0,0,0,0,3,0,3,3,0,3,,
"hood|backstop=None,clearance_mm=0.0,funnel=True,gate=True,plate=0.5,plate_chamfer_deg=5,plate_round_mm=0.0,retreat=0|v10|stop",crumb_cube,mat,5.0,3,0,0,0,0,3,0,3,3,0,3,,
"hood|backstop=None,clearance_mm=0.0,funnel=True,gate=True,plate=0.5,plate_chamfer_deg=5,plate_round_mm=0.0,retreat=0|v10|stop",crumb_cube,mat,10.0,3,0,0,0,0,3,0,3,3,0,3,,
"hood|backstop=None,clearance_mm=0.0,funnel=True,gate=True,plate=0.5,plate_chamfer_deg=5,plate_round_mm=0.1,retreat=0|v10|stop",battery_cr2032,flooring,0.0,3,0,0,0,3,0,0,0,3,0,0,,
"hood|backstop=None,clearance_mm=0.0,funnel=True,gate=True,plate=0.5,plate_chamfer_deg=5,plate_round_mm=0.1,retreat=0|v10|stop",battery_cr2032,flooring,5.0,3,0,0,0,3,0,0,0,3,0,0,,
"hood|backstop=None,clearance_mm=0.0,funnel=True,gate=True,plate=0.5,plate_chamfer_deg=5,plate_round_mm=0.1,retreat=0|v10|stop",battery_cr2032,flooring,10.0,3,0,0,0,3,0,0,0,3,0,0,,
"hood|backstop=None,clearance_mm=0.0,funnel=True,gate=True,plate=0.5,plate_chamfer_deg=5,plate_round_mm=0.1,retreat=0|v10|stop",battery_cr2032,mat,0.0,3,0,0,0,0,3,0,3,3,0,3,,
"hood|backstop=None,clearance_mm=0.0,funnel=True,gate=True,plate=0.5,plate_chamfer_deg=5,plate_round_mm=0.1,retreat=0|v10|stop",battery_cr2032,mat,5.0,3,0,0,0,3,0,0,0,3,0,0,,
"hood|backstop=None,clearance_mm=0.0,funnel=True,gate=True,plate=0.5,plate_chamfer_deg=5,plate_round_mm=0.1,retreat=0|v10|stop",battery_cr2032,mat,10.0,3,0,0,0,3,0,0,0,3,0,0,,
"hood|backstop=None,clearance_mm=0.0,funnel=True,gate=True,plate=0.5,plate_chamfer_deg=5,plate_round_mm=0.1,retreat=0|v10|stop",bead,flooring,0.0,3,0,0,0,3,0,0,0,3,0,0,,
"hood|backstop=None,clearance_mm=0.0,funnel=True,gate=True,plate=0.5,plate_chamfer_deg=5,plate_round_mm=0.1,retreat=0|v10|stop",bead,flooring,5.0,3,0,0,0,3,0,0,0,3,0,0,,
"hood|backstop=None,clearance_mm=0.0,funnel=True,gate=True,plate=0.5,plate_chamfer_deg=5,plate_round_mm=0.1,retreat=0|v10|stop",bead,flooring,10.0,3,0,0,0,3,0,0,0,3,0,0,,
"hood|backstop=None,clearance_mm=0.0,funnel=True,gate=True,plate=0.5,plate_chamfer_deg=5,plate_round_mm=0.1,retreat=0|v10|stop",bead,mat,0.0,3,0,0,0,3,0,0,0,3,0,0,,
"hood|backstop=None,clearance_mm=0.0,funnel=True,gate=True,plate=0.5,plate_chamfer_deg=5,plate_round_mm=0.1,retreat=0|v10|stop",bead,mat,5.0,3,0,0,0,3,0,0,0,3,0,0,,
"hood|backstop=None,clearance_mm=0.0,funnel=True,gate=True,plate=0.5,plate_chamfer_deg=5,plate_round_mm=0.1,retreat=0|v10|stop",bead,mat,10.0,3,0,0,0,3,0,0,0,3,0,0,,
"hood|backstop=None,clearance_mm=0.0,funnel=True,gate=True,plate=0.5,plate_chamfer_deg=5,plate_round_mm=0.1,retreat=0|v10|stop",coin_1yen,flooring,0.0,3,0,0,0,3,0,0,0,3,0,0,,
"hood|backstop=None,clearance_mm=0.0,funnel=True,gate=True,plate=0.5,plate_chamfer_deg=5,plate_round_mm=0.1,retreat=0|v10|stop",coin_1yen,flooring,5.0,3,0,0,0,3,0,0,0,3,0,0,,
"hood|backstop=None,clearance_mm=0.0,funnel=True,gate=True,plate=0.5,plate_chamfer_deg=5,plate_round_mm=0.1,retreat=0|v10|stop",coin_1yen,flooring,10.0,3,0,0,0,3,0,0,0,3,0,0,,
"hood|backstop=None,clearance_mm=0.0,funnel=True,gate=True,plate=0.5,plate_chamfer_deg=5,plate_round_mm=0.1,retreat=0|v10|stop",coin_1yen,mat,0.0,3,0,0,0,0,3,0,3,3,0,3,,
"hood|backstop=None,clearance_mm=0.0,funnel=True,gate=True,plate=0.5,plate_chamfer_deg=5,plate_round_mm=0.1,retreat=0|v10|stop",coin_1yen,mat,5.0,3,0,0,0,1,2,0,2,3,0,2,,
"hood|backstop=None,clearance_mm=0.0,funnel=True,gate=True,plate=0.5,plate_chamfer_deg=5,plate_round_mm=0.1,retreat=0|v10|stop",coin_1yen,mat,10.0,3,0,0,0,3,0,0,0,3,0,0,,
"hood|backstop=None,clearance_mm=0.0,funnel=True,gate=True,plate=0.5,plate_chamfer_deg=5,plate_round_mm=0.1,retreat=0|v10|stop",crumb_cube,flooring,0.0,3,0,0,0,0,3,0,3,3,0,3,,
"hood|backstop=None,clearance_mm=0.0,funnel=True,gate=True,plate=0.5,plate_chamfer_deg=5,plate_round_mm=0.1,retreat=0|v10|stop",crumb_cube,flooring,5.0,3,0,0,0,0,3,0,3,3,0,3,,
"hood|backstop=None,clearance_mm=0.0,funnel=True,gate=True,plate=0.5,plate_chamfer_deg=5,plate_round_mm=0.1,retreat=0|v10|stop",crumb_cube,flooring,10.0,3,0,0,0,0,3,0,3,3,0,3,,
"hood|backstop=None,clearance_mm=0.0,funnel=True,gate=True,plate=0.5,plate_chamfer_deg=5,plate_round_mm=0.1,retreat=0|v10|stop",crumb_cube,mat,0.0,3,0,0,0,0,3,0,3,3,0,3,,
"hood|backstop=None,clearance_mm=0.0,funnel=True,gate=True,plate=0.5,plate_chamfer_deg=5,plate_round_mm=0.1,retreat=0|v10|stop",crumb_cube,mat,5.0,3,0,0,0,0,3,0,3,3,0,3,,
"hood|backstop=None,clearance_mm=0.0,funnel=True,gate=True,plate=0.5,plate_chamfer_deg=5,plate_round_mm=0.1,retreat=0|v10|stop",crumb_cube,mat,10.0,3,0,0,0,0,3,0,3,3,0,3,,
"hood|backstop=None,clearance_mm=0.0,funnel=True,gate=True,plate=0.5,plate_chamfer_deg=5,plate_round_mm=0.3,retreat=0|v10|stop",battery_cr2032,flooring,0.0,3,0,0,0,3,0,0,0,3,0,0,,
"hood|backstop=None,clearance_mm=0.0,funnel=True,gate=True,plate=0.5,plate_chamfer_deg=5,plate_round_mm=0.3,retreat=0|v10|stop",battery_cr2032,flooring,5.0,3,0,0,0,3,0,0,0,3,0,0,,
"hood|backstop=None,clearance_mm=0.0,funnel=True,gate=True,plate=0.5,plate_chamfer_deg=5,plate_round_mm=0.3,retreat=0|v10|stop",battery_cr2032,flooring,10.0,3,0,0,0,3,0,0,0,3,0,0,,
"hood|backstop=None,clearance_mm=0.0,funnel=True,gate=True,plate=0.5,plate_chamfer_deg=5,plate_round_mm=0.3,retreat=0|v10|stop",battery_cr2032,mat,0.0,3,0,0,0,0,3,0,3,3,0,3,,
"hood|backstop=None,clearance_mm=0.0,funnel=True,gate=True,plate=0.5,plate_chamfer_deg=5,plate_round_mm=0.3,retreat=0|v10|stop",battery_cr2032,mat,5.0,3,0,0,0,3,0,0,0,3,0,0,,
"hood|backstop=None,clearance_mm=0.0,funnel=True,gate=True,plate=0.5,plate_chamfer_deg=5,plate_round_mm=0.3,retreat=0|v10|stop",battery_cr2032,mat,10.0,3,0,0,0,3,0,0,0,3,0,0,,
"hood|backstop=None,clearance_mm=0.0,funnel=True,gate=True,plate=0.5,plate_chamfer_deg=5,plate_round_mm=0.3,retreat=0|v10|stop",bead,flooring,0.0,3,0,0,0,3,0,0,0,3,0,0,,
"hood|backstop=None,clearance_mm=0.0,funnel=True,gate=True,plate=0.5,plate_chamfer_deg=5,plate_round_mm=0.3,retreat=0|v10|stop",bead,flooring,5.0,3,0,0,0,3,0,0,0,3,0,0,,
"hood|backstop=None,clearance_mm=0.0,funnel=True,gate=True,plate=0.5,plate_chamfer_deg=5,plate_round_mm=0.3,retreat=0|v10|stop",bead,flooring,10.0,3,0,0,0,3,0,0,0,3,0,0,,
"hood|backstop=None,clearance_mm=0.0,funnel=True,gate=True,plate=0.5,plate_chamfer_deg=5,plate_round_mm=0.3,retreat=0|v10|stop",bead,mat,0.0,3,0,0,0,3,0,0,0,3,0,0,,
"hood|backstop=None,clearance_mm=0.0,funnel=True,gate=True,plate=0.5,plate_chamfer_deg=5,plate_round_mm=0.3,retreat=0|v10|stop",bead,mat,5.0,3,0,0,0,3,0,0,0,3,0,0,,
"hood|backstop=None,clearance_mm=0.0,funnel=True,gate=True,plate=0.5,plate_chamfer_deg=5,plate_round_mm=0.3,retreat=0|v10|stop",bead,mat,10.0,3,0,0,0,3,0,0,0,3,0,0,,
"hood|backstop=None,clearance_mm=0.0,funnel=True,gate=True,plate=0.5,plate_chamfer_deg=5,plate_round_mm=0.3,retreat=0|v10|stop",coin_1yen,flooring,0.0,3,0,0,0,3,0,0,0,3,0,0,,
"hood|backstop=None,clearance_mm=0.0,funnel=True,gate=True,plate=0.5,plate_chamfer_deg=5,plate_round_mm=0.3,retreat=0|v10|stop",coin_1yen,flooring,5.0,3,0,0,0,3,0,0,0,3,0,0,,
"hood|backstop=None,clearance_mm=0.0,funnel=True,gate=True,plate=0.5,plate_chamfer_deg=5,plate_round_mm=0.3,retreat=0|v10|stop",coin_1yen,flooring,10.0,3,0,0,0,3,0,0,0,3,0,0,,
"hood|backstop=None,clearance_mm=0.0,funnel=True,gate=True,plate=0.5,plate_chamfer_deg=5,plate_round_mm=0.3,retreat=0|v10|stop",coin_1yen,mat,0.0,3,0,0,0,0,3,0,3,3,0,3,,
"hood|backstop=None,clearance_mm=0.0,funnel=True,gate=True,plate=0.5,plate_chamfer_deg=5,plate_round_mm=0.3,retreat=0|v10|stop",coin_1yen,mat,5.0,3,0,0,0,1,2,0,2,3,0,2,,
"hood|backstop=None,clearance_mm=0.0,funnel=True,gate=True,plate=0.5,plate_chamfer_deg=5,plate_round_mm=0.3,retreat=0|v10|stop",coin_1yen,mat,10.0,3,0,0,0,3,0,0,0,3,0,0,,
"hood|backstop=None,clearance_mm=0.0,funnel=True,gate=True,plate=0.5,plate_chamfer_deg=5,plate_round_mm=0.3,retreat=0|v10|stop",crumb_cube,flooring,0.0,3,0,0,0,0,3,0,3,3,0,3,,
"hood|backstop=None,clearance_mm=0.0,funnel=True,gate=True,plate=0.5,plate_chamfer_deg=5,plate_round_mm=0.3,retreat=0|v10|stop",crumb_cube,flooring,5.0,3,0,0,0,0,3,0,3,3,0,3,,
"hood|backstop=None,clearance_mm=0.0,funnel=True,gate=True,plate=0.5,plate_chamfer_deg=5,plate_round_mm=0.3,retreat=0|v10|stop",crumb_cube,flooring,10.0,3,0,0,0,0,3,0,3,3,0,3,,
"hood|backstop=None,clearance_mm=0.0,funnel=True,gate=True,plate=0.5,plate_chamfer_deg=5,plate_round_mm=0.3,retreat=0|v10|stop",crumb_cube,mat,0.0,3,0,0,0,0,3,0,3,3,0,3,,
"hood|backstop=None,clearance_mm=0.0,funnel=True,gate=True,plate=0.5,plate_chamfer_deg=5,plate_round_mm=0.3,retreat=0|v10|stop",crumb_cube,mat,5.0,3,0,0,0,0,3,0,3,3,0,3,,
"hood|backstop=None,clearance_mm=0.0,funnel=True,gate=True,plate=0.5,plate_chamfer_deg=5,plate_round_mm=0.3,retreat=0|v10|stop",crumb_cube,mat,10.0,3,0,0,0,0,3,0,3,3,0,3,,
"hood|backstop=None,clearance_mm=0.0,funnel=True,gate=True,plate=0.5,plate_chamfer_deg=90,plate_round_mm=0.0,retreat=0|v10|stop",battery_cr2032,flooring,0.0,3,0,0,0,3,0,0,0,3,0,0,,
"hood|backstop=None,clearance_mm=0.0,funnel=True,gate=True,plate=0.5,plate_chamfer_deg=90,plate_round_mm=0.0,retreat=0|v10|stop",battery_cr2032,flooring,5.0,3,0,0,0,3,0,0,0,3,0,0,,
"hood|backstop=None,clearance_mm=0.0,funnel=True,gate=True,plate=0.5,plate_chamfer_deg=90,plate_round_mm=0.0,retreat=0|v10|stop",battery_cr2032,flooring,10.0,3,0,0,0,3,0,0,0,3,0,0,,
"hood|backstop=None,clearance_mm=0.0,funnel=True,gate=True,plate=0.5,plate_chamfer_deg=90,plate_round_mm=0.0,retreat=0|v10|stop",battery_cr2032,mat,0.0,3,0,0,0,3,0,0,0,3,0,0,,
"hood|backstop=None,clearance_mm=0.0,funnel=True,gate=True,plate=0.5,plate_chamfer_deg=90,plate_round_mm=0.0,retreat=0|v10|stop",battery_cr2032,mat,5.0,3,0,0,0,3,0,0,0,3,0,0,,
"hood|backstop=None,clearance_mm=0.0,funnel=True,gate=True,plate=0.5,plate_chamfer_deg=90,plate_round_mm=0.0,retreat=0|v10|stop",battery_cr2032,mat,10.0,3,0,0,0,3,0,0,0,3,0,0,,
"hood|backstop=None,clearance_mm=0.0,funnel=True,gate=True,plate=0.5,plate_chamfer_deg=90,plate_round_mm=0.0,retreat=0|v10|stop",bead,flooring,0.0,3,0,0,0,3,0,0,0,3,0,0,,
"hood|backstop=None,clearance_mm=0.0,funnel=True,gate=True,plate=0.5,plate_chamfer_deg=90,plate_round_mm=0.0,retreat=0|v10|stop",bead,flooring,5.0,3,0,0,0,3,0,0,0,3,0,0,,
"hood|backstop=None,clearance_mm=0.0,funnel=True,gate=True,plate=0.5,plate_chamfer_deg=90,plate_round_mm=0.0,retreat=0|v10|stop",bead,flooring,10.0,3,0,0,0,3,0,0,0,3,0,0,,
"hood|backstop=None,clearance_mm=0.0,funnel=True,gate=True,plate=0.5,plate_chamfer_deg=90,plate_round_mm=0.0,retreat=0|v10|stop",bead,mat,0.0,3,0,0,0,3,0,0,0,3,0,0,,
"hood|backstop=None,clearance_mm=0.0,funnel=True,gate=True,plate=0.5,plate_chamfer_deg=90,plate_round_mm=0.0,retreat=0|v10|stop",bead,mat,5.0,3,0,0,0,3,0,0,0,3,0,0,,
"hood|backstop=None,clearance_mm=0.0,funnel=True,gate=True,plate=0.5,plate_chamfer_deg=90,plate_round_mm=0.0,retreat=0|v10|stop",bead,mat,10.0,3,0,0,0,3,0,0,0,3,0,0,,
"hood|backstop=None,clearance_mm=0.0,funnel=True,gate=True,plate=0.5,plate_chamfer_deg=90,plate_round_mm=0.0,retreat=0|v10|stop",coin_1yen,flooring,0.0,3,0,0,0,3,0,0,0,3,0,0,,
"hood|backstop=None,clearance_mm=0.0,funnel=True,gate=True,plate=0.5,plate_chamfer_deg=90,plate_round_mm=0.0,retreat=0|v10|stop",coin_1yen,flooring,5.0,3,0,0,0,3,0,0,0,3,0,0,,
"hood|backstop=None,clearance_mm=0.0,funnel=True,gate=True,plate=0.5,plate_chamfer_deg=90,plate_round_mm=0.0,retreat=0|v10|stop",coin_1yen,flooring,10.0,3,0,0,0,3,0,0,0,3,0,0,,
"hood|backstop=None,clearance_mm=0.0,funnel=True,gate=True,plate=0.5,plate_chamfer_deg=90,plate_round_mm=0.0,retreat=0|v10|stop",coin_1yen,mat,0.0,3,0,0,0,3,0,0,0,3,0,0,,
"hood|backstop=None,clearance_mm=0.0,funnel=True,gate=True,plate=0.5,plate_chamfer_deg=90,plate_round_mm=0.0,retreat=0|v10|stop",coin_1yen,mat,5.0,3,0,0,0,3,0,0,0,3,0,0,,
"hood|backstop=None,clearance_mm=0.0,funnel=True,gate=True,plate=0.5,plate_chamfer_deg=90,plate_round_mm=0.0,retreat=0|v10|stop",coin_1yen,mat,10.0,3,0,0,0,3,0,0,0,3,0,0,,
"hood|backstop=None,clearance_mm=0.0,funnel=True,gate=True,plate=0.5,plate_chamfer_deg=90,plate_round_mm=0.0,retreat=0|v10|stop",crumb_cube,flooring,0.0,3,0,0,0,3,0,0,0,3,0,0,,
"hood|backstop=None,clearance_mm=0.0,funnel=True,gate=True,plate=0.5,plate_chamfer_deg=90,plate_round_mm=0.0,retreat=0|v10|stop",crumb_cube,flooring,5.0,3,0,0,0,3,0,0,0,3,0,0,,
"hood|backstop=None,clearance_mm=0.0,funnel=True,gate=True,plate=0.5,plate_chamfer_deg=90,plate_round_mm=0.0,retreat=0|v10|stop",crumb_cube,flooring,10.0,3,0,0,0,3,0,0,0,3,0,0,,
"hood|backstop=None,clearance_mm=0.0,funnel=True,gate=True,plate=0.5,plate_chamfer_deg=90,plate_round_mm=0.0,retreat=0|v10|stop",crumb_cube,mat,0.0,3,0,0,0,3,0,0,0,3,0,0,,
"hood|backstop=None,clearance_mm=0.0,funnel=True,gate=True,plate=0.5,plate_chamfer_deg=90,plate_round_mm=0.0,retreat=0|v10|stop",crumb_cube,mat,5.0,3,0,0,0,3,0,0,0,3,0,0,,
"hood|backstop=None,clearance_mm=0.0,funnel=True,gate=True,plate=0.5,plate_chamfer_deg=90,plate_round_mm=0.0,retreat=0|v10|stop",crumb_cube,mat,10.0,3,0,0,0,3,0,0,0,3,0,0,,
"hood|backstop=None,clearance_mm=0.0,funnel=True,gate=True,plate=0.5,plate_chamfer_deg=90,plate_round_mm=0.1,retreat=0|v10|stop",battery_cr2032,flooring,0.0,3,0,0,0,3,0,0,0,3,0,0,,
"hood|backstop=None,clearance_mm=0.0,funnel=True,gate=True,plate=0.5,plate_chamfer_deg=90,plate_round_mm=0.1,retreat=0|v10|stop",battery_cr2032,flooring,5.0,3,0,0,0,3,0,0,0,3,0,0,,
"hood|backstop=None,clearance_mm=0.0,funnel=True,gate=True,plate=0.5,plate_chamfer_deg=90,plate_round_mm=0.1,retreat=0|v10|stop",battery_cr2032,flooring,10.0,3,0,0,0,3,0,0,0,3,0,0,,
"hood|backstop=None,clearance_mm=0.0,funnel=True,gate=True,plate=0.5,plate_chamfer_deg=90,plate_round_mm=0.1,retreat=0|v10|stop",battery_cr2032,mat,0.0,3,0,0,0,3,0,0,0,3,0,0,,
"hood|backstop=None,clearance_mm=0.0,funnel=True,gate=True,plate=0.5,plate_chamfer_deg=90,plate_round_mm=0.1,retreat=0|v10|stop",battery_cr2032,mat,5.0,3,0,0,0,3,0,0,0,3,0,0,,
"hood|backstop=None,clearance_mm=0.0,funnel=True,gate=True,plate=0.5,plate_chamfer_deg=90,plate_round_mm=0.1,retreat=0|v10|stop",battery_cr2032,mat,10.0,3,0,0,0,3,0,0,0,3,0,0,,
"hood|backstop=None,clearance_mm=0.0,funnel=True,gate=True,plate=0.5,plate_chamfer_deg=90,plate_round_mm=0.1,retreat=0|v10|stop",bead,flooring,0.0,3,0,0,0,3,0,0,0,3,0,0,,
"hood|backstop=None,clearance_mm=0.0,funnel=True,gate=True,plate=0.5,plate_chamfer_deg=90,plate_round_mm=0.1,retreat=0|v10|stop",bead,flooring,5.0,3,0,0,0,3,0,0,0,3,0,0,,
"hood|backstop=None,clearance_mm=0.0,funnel=True,gate=True,plate=0.5,plate_chamfer_deg=90,plate_round_mm=0.1,retreat=0|v10|stop",bead,flooring,10.0,3,0,0,0,3,0,0,0,3,0,0,,
"hood|backstop=None,clearance_mm=0.0,funnel=True,gate=True,plate=0.5,plate_chamfer_deg=90,plate_round_mm=0.1,retreat=0|v10|stop",bead,mat,0.0,3,0,0,0,3,0,0,0,3,0,0,,
"hood|backstop=None,clearance_mm=0.0,funnel=True,gate=True,plate=0.5,plate_chamfer_deg=90,plate_round_mm=0.1,retreat=0|v10|stop",bead,mat,5.0,3,0,0,0,3,0,0,0,3,0,0,,
"hood|backstop=None,clearance_mm=0.0,funnel=True,gate=True,plate=0.5,plate_chamfer_deg=90,plate_round_mm=0.1,retreat=0|v10|stop",bead,mat,10.0,3,0,0,0,3,0,0,0,3,0,0,,
"hood|backstop=None,clearance_mm=0.0,funnel=True,gate=True,plate=0.5,plate_chamfer_deg=90,plate_round_mm=0.1,retreat=0|v10|stop",coin_1yen,flooring,0.0,3,0,0,0,3,0,0,0,3,0,0,,
"hood|backstop=None,clearance_mm=0.0,funnel=True,gate=True,plate=0.5,plate_chamfer_deg=90,plate_round_mm=0.1,retreat=0|v10|stop",coin_1yen,flooring,5.0,3,0,0,0,3,0,0,0,3,0,0,,
"hood|backstop=None,clearance_mm=0.0,funnel=True,gate=True,plate=0.5,plate_chamfer_deg=90,plate_round_mm=0.1,retreat=0|v10|stop",coin_1yen,flooring,10.0,3,0,0,0,3,0,0,0,3,0,0,,
"hood|backstop=None,clearance_mm=0.0,funnel=True,gate=True,plate=0.5,plate_chamfer_deg=90,plate_round_mm=0.1,retreat=0|v10|stop",coin_1yen,mat,0.0,3,0,0,0,3,0,0,0,3,0,0,,
"hood|backstop=None,clearance_mm=0.0,funnel=True,gate=True,plate=0.5,plate_chamfer_deg=90,plate_round_mm=0.1,retreat=0|v10|stop",coin_1yen,mat,5.0,3,0,0,0,3,0,0,0,3,0,0,,
"hood|backstop=None,clearance_mm=0.0,funnel=True,gate=True,plate=0.5,plate_chamfer_deg=90,plate_round_mm=0.1,retreat=0|v10|stop",coin_1yen,mat,10.0,3,0,0,0,3,0,0,0,3,0,0,,
"hood|backstop=None,clearance_mm=0.0,funnel=True,gate=True,plate=0.5,plate_chamfer_deg=90,plate_round_mm=0.1,retreat=0|v10|stop",crumb_cube,flooring,0.0,3,0,0,0,3,0,0,0,3,0,0,,
"hood|backstop=None,clearance_mm=0.0,funnel=True,gate=True,plate=0.5,plate_chamfer_deg=90,plate_round_mm=0.1,retreat=0|v10|stop",crumb_cube,flooring,5.0,3,0,0,0,3,0,0,0,3,0,0,,
"hood|backstop=None,clearance_mm=0.0,funnel=True,gate=True,plate=0.5,plate_chamfer_deg=90,plate_round_mm=0.1,retreat=0|v10|stop",crumb_cube,flooring,10.0,3,0,0,0,3,0,0,0,3,0,0,,
"hood|backstop=None,clearance_mm=0.0,funnel=True,gate=True,plate=0.5,plate_chamfer_deg=90,plate_round_mm=0.1,retreat=0|v10|stop",crumb_cube,mat,0.0,3,0,0,0,3,0,0,0,3,0,0,,
"hood|backstop=None,clearance_mm=0.0,funnel=True,gate=True,plate=0.5,plate_chamfer_deg=90,plate_round_mm=0.1,retreat=0|v10|stop",crumb_cube,mat,5.0,3,0,0,0,3,0,0,0,3,0,0,,
"hood|backstop=None,clearance_mm=0.0,funnel=True,gate=True,plate=0.5,plate_chamfer_deg=90,plate_round_mm=0.1,retreat=0|v10|stop",crumb_cube,mat,10.0,3,0,0,0,3,0,0,0,3,0,0,,
"hood|backstop=None,clearance_mm=0.0,funnel=True,gate=True,plate=0.5,plate_chamfer_deg=90,plate_round_mm=0.3,retreat=0|v10|stop",battery_cr2032,flooring,0.0,3,0,0,0,3,0,0,0,3,0,0,,
"hood|backstop=None,clearance_mm=0.0,funnel=True,gate=True,plate=0.5,plate_chamfer_deg=90,plate_round_mm=0.3,retreat=0|v10|stop",battery_cr2032,flooring,5.0,3,0,0,0,3,0,0,0,3,0,0,,
"hood|backstop=None,clearance_mm=0.0,funnel=True,gate=True,plate=0.5,plate_chamfer_deg=90,plate_round_mm=0.3,retreat=0|v10|stop",battery_cr2032,flooring,10.0,3,0,0,0,3,0,0,0,3,0,0,,
"hood|backstop=None,clearance_mm=0.0,funnel=True,gate=True,plate=0.5,plate_chamfer_deg=90,plate_round_mm=0.3,retreat=0|v10|stop",battery_cr2032,mat,0.0,3,0,0,0,3,0,0,0,3,0,0,,
"hood|backstop=None,clearance_mm=0.0,funnel=True,gate=True,plate=0.5,plate_chamfer_deg=90,plate_round_mm=0.3,retreat=0|v10|stop",battery_cr2032,mat,5.0,3,0,0,0,3,0,0,0,3,0,0,,
"hood|backstop=None,clearance_mm=0.0,funnel=True,gate=True,plate=0.5,plate_chamfer_deg=90,plate_round_mm=0.3,retreat=0|v10|stop",battery_cr2032,mat,10.0,3,0,0,0,3,0,0,0,3,0,0,,
"hood|backstop=None,clearance_mm=0.0,funnel=True,gate=True,plate=0.5,plate_chamfer_deg=90,plate_round_mm=0.3,retreat=0|v10|stop",bead,flooring,0.0,3,0,0,0,3,0,0,0,3,0,0,,
"hood|backstop=None,clearance_mm=0.0,funnel=True,gate=True,plate=0.5,plate_chamfer_deg=90,plate_round_mm=0.3,retreat=0|v10|stop",bead,flooring,5.0,3,0,0,0,3,0,0,0,3,0,0,,
"hood|backstop=None,clearance_mm=0.0,funnel=True,gate=True,plate=0.5,plate_chamfer_deg=90,plate_round_mm=0.3,retreat=0|v10|stop",bead,flooring,10.0,3,0,0,0,3,0,0,0,3,0,0,,
"hood|backstop=None,clearance_mm=0.0,funnel=True,gate=True,plate=0.5,plate_chamfer_deg=90,plate_round_mm=0.3,retreat=0|v10|stop",bead,mat,0.0,3,0,0,0,3,0,0,0,3,0,0,,
"hood|backstop=None,clearance_mm=0.0,funnel=True,gate=True,plate=0.5,plate_chamfer_deg=90,plate_round_mm=0.3,retreat=0|v10|stop",bead,mat,5.0,3,0,0,0,3,0,0,0,3,0,0,,
"hood|backstop=None,clearance_mm=0.0,funnel=True,gate=True,plate=0.5,plate_chamfer_deg=90,plate_round_mm=0.3,retreat=0|v10|stop",bead,mat,10.0,3,0,0,0,3,0,0,0,3,0,0,,
"hood|backstop=None,clearance_mm=0.0,funnel=True,gate=True,plate=0.5,plate_chamfer_deg=90,plate_round_mm=0.3,retreat=0|v10|stop",coin_1yen,flooring,0.0,3,0,0,0,3,0,0,0,3,0,0,,
"hood|backstop=None,clearance_mm=0.0,funnel=True,gate=True,plate=0.5,plate_chamfer_deg=90,plate_round_mm=0.3,retreat=0|v10|stop",coin_1yen,flooring,5.0,3,0,0,0,3,0,0,0,3,0,0,,
"hood|backstop=None,clearance_mm=0.0,funnel=True,gate=True,plate=0.5,plate_chamfer_deg=90,plate_round_mm=0.3,retreat=0|v10|stop",coin_1yen,flooring,10.0,3,0,0,0,3,0,0,0,3,0,0,,
"hood|backstop=None,clearance_mm=0.0,funnel=True,gate=True,plate=0.5,plate_chamfer_deg=90,plate_round_mm=0.3,retreat=0|v10|stop",coin_1yen,mat,0.0,3,0,0,0,3,0,0,0,3,0,0,,
"hood|backstop=None,clearance_mm=0.0,funnel=True,gate=True,plate=0.5,plate_chamfer_deg=90,plate_round_mm=0.3,retreat=0|v10|stop",coin_1yen,mat,5.0,3,0,0,0,3,0,0,0,3,0,0,,
"hood|backstop=None,clearance_mm=0.0,funnel=True,gate=True,plate=0.5,plate_chamfer_deg=90,plate_round_mm=0.3,retreat=0|v10|stop",coin_1yen,mat,10.0,3,0,0,0,3,0,0,0,3,0,0,,
"hood|backstop=None,clearance_mm=0.0,funnel=True,gate=True,plate=0.5,plate_chamfer_deg=90,plate_round_mm=0.3,retreat=0|v10|stop",crumb_cube,flooring,0.0,3,0,0,0,3,0,0,0,3,0,0,,
"hood|backstop=None,clearance_mm=0.0,funnel=True,gate=True,plate=0.5,plate_chamfer_deg=90,plate_round_mm=0.3,retreat=0|v10|stop",crumb_cube,flooring,5.0,3,0,0,0,3,0,0,0,3,0,0,,
"hood|backstop=None,clearance_mm=0.0,funnel=True,gate=True,plate=0.5,plate_chamfer_deg=90,plate_round_mm=0.3,retreat=0|v10|stop",crumb_cube,flooring,10.0,3,0,0,0,3,0,0,0,3,0,0,,
"hood|backstop=None,clearance_mm=0.0,funnel=True,gate=True,plate=0.5,plate_chamfer_deg=90,plate_round_mm=0.3,retreat=0|v10|stop",crumb_cube,mat,0.0,3,0,0,0,3,0,0,0,3,0,0,,
"hood|backstop=None,clearance_mm=0.0,funnel=True,gate=True,plate=0.5,plate_chamfer_deg=90,plate_round_mm=0.3,retreat=0|v10|stop",crumb_cube,mat,5.0,3,0,0,0,3,0,0,0,3,0,0,,
"hood|backstop=None,clearance_mm=0.0,funnel=True,gate=True,plate=0.5,plate_chamfer_deg=90,plate_round_mm=0.3,retreat=0|v10|stop",crumb_cube,mat,10.0,3,0,0,0,3,0,0,0,3,0,0,,
