tag,obj,floor,offset,n,success,knocked_in,escaped,pushed_ahead,not_entered,pinched,entered,wall_contact,entered_nowall,entered_wall,fire_x_mean_mm,fire_absy_mean_mm
"hood|backstop=None,clearance_mm=0.0,funnel=True,gate=True,plate=0.05,plate_chamfer_deg=10,plate_round_mm=0.1,retreat=0,rim_fillet_mm=0.3,rough_mm=0.03|v10|stop",battery_cr2032,flooring,0.0,2,0,0,0,2,0,0,0,2,0,0,,
"hood|backstop=None,clearance_mm=0.0,funnel=True,gate=True,plate=0.05,plate_chamfer_deg=10,plate_round_mm=0.1,retreat=0,rim_fillet_mm=0.3,rough_mm=0.03|v10|stop",battery_cr2032,flooring,5.0,2,0,0,0,2,0,0,0,2,0,0,,
"hood|backstop=None,clearance_mm=0.0,funnel=True,gate=True,plate=0.05,plate_chamfer_deg=10,plate_round_mm=0.1,retreat=0,rim_fillet_mm=0.3,rough_mm=0.03|v10|stop",battery_cr2032,flooring,10.0,2,0,0,0,2,0,0,0,2,0,0,,
"hood|backstop=None,clearance_mm=0.0,funnel=True,gate=True,plate=0.05,plate_chamfer_deg=10,plate_round_mm=0.1,retreat=0,rim_fillet_mm=0.3,rough_mm=0.03|v10|stop",battery_cr2032,mat,0.0,2,0,0,0,2,0,0,0,2,0,0,,
"hood|backstop=None,clearance_mm=0.0,funnel=True,gate=True,plate=0.05,plate_chamfer_deg=10,plate_round_mm=0.1,retreat=0,rim_fillet_mm=0.3,rough_mm=0.03|v10|stop",battery_cr2032,mat,5.0,2,0,0,0,2,0,0,0,2,0,0,,
"hood|backstop=None,clearance_mm=0.0,funnel=True,gate=True,plate=0.05,plate_chamfer_deg=10,plate_round_mm=0.1,retreat=0,rim_fillet_mm=0.3,rough_mm=0.03|v10|stop",battery_cr2032,mat,10.0,2,0,0,0,2,0,0,0,2,0,0,,
"hood|backstop=None,clearance_mm=0.0,funnel=True,gate=True,plate=0.05,plate_chamfer_deg=10,plate_round_mm=0.1,retreat=0,rim_fillet_mm=0.3,rough_mm=0.03|v10|stop",bead,flooring,0.0,2,0,0,0,2,0,0,0,2,0,0,,
"hood|backstop=None,clearance_mm=0.0,funnel=True,gate=True,plate=0.05,plate_chamfer_deg=10,plate_round_mm=0.1,retreat=0,rim_fillet_mm=0.3,rough_mm=0.03|v10|stop",bead,flooring,5.0,2,0,0,0,2,0,0,0,2,0,0,,
"hood|backstop=None,clearance_mm=0.0,funnel=True,gate=True,plate=0.05,plate_chamfer_deg=10,plate_round_mm=0.1,retreat=0,rim_fillet_mm=0.3,rough_mm=0.03|v10|stop",bead,flooring,10.0,2,0,0,0,2,0,0,0,2,0,0,,
"hood|backstop=None,clearance_mm=0.0,funnel=True,gate=True,plate=0.05,plate_chamfer_deg=10,plate_round_mm=0.1,retreat=0,rim_fillet_mm=0.3,rough_mm=0.03|v10|stop",bead,mat,0.0,2,0,0,0,2,0,0,0,2,0,0,,
"hood|backstop=None,clearance_mm=0.0,funnel=True,gate=True,plate=0.05,plate_chamfer_deg=10,plate_round_mm=0.1,retreat=0,rim_fillet_mm=0.3,rough_mm=0.03|v10|stop",bead,mat,5.0,2,0,0,0,2,0,0,0,2,0,0,,
"hood|backstop=None,clearance_mm=0.0,funnel=True,gate=True,plate=0.05,plate_chamfer_deg=10,plate_round_mm=0.1,retreat=0,rim_fillet_mm=0.3,rough_mm=0.03|v10|stop",bead,mat,10.0,2,0,0,0,2,0,0,0,2,0,0,,
"hood|backstop=None,clearance_mm=0.0,funnel=True,gate=True,plate=0.05,plate_chamfer_deg=10,plate_round_mm=0.1,retreat=0,rim_fillet_mm=0.3,rough_mm=0.03|v10|stop",coin_1yen,flooring,0.0,2,0,0,0,2,0,0,0,2,0,0,,
"hood|backstop=None,clearance_mm=0.0,funnel=True,gate=True,plate=0.05,plate_chamfer_deg=10,plate_round_mm=0.1,retreat=0,rim_fillet_mm=0.3,rough_mm=0.03|v10|stop",coin_1yen,flooring,5.0,2,0,0,0,2,0,0,0,2,0,0,,
"hood|backstop=None,clearance_mm=0.0,funnel=True,gate=True,plate=0.05,plate_chamfer_deg=10,plate_round_mm=0.1,retreat=0,rim_fillet_mm=0.3,rough_mm=0.03|v10|stop",coin_1yen,flooring,10.0,2,0,0,0,2,0,0,0,2,0,0,,
"hood|backstop=None,clearance_mm=0.0,funnel=True,gate=True,plate=0.05,plate_chamfer_deg=10,plate_round_mm=0.1,retreat=0,rim_fillet_mm=0.3,rough_mm=0.03|v10|stop",coin_1yen,mat,0.0,2,0,0,0,2,0,0,0,2,0,0,,
"hood|backstop=None,clearance_mm=0.0,funnel=True,gate=True,plate=0.05,plate_chamfer_deg=10,plate_round_mm=0.1,retreat=0,rim_fillet_mm=0.3,rough_mm=0.03|v10|stop",coin_1yen,mat,5.0,2,0,0,0,2,0,0,0,2,0,0,,
"hood|backstop=None,clearance_mm=0.0,funnel=True,gate=True,plate=0.05,plate_chamfer_deg=10,plate_round_mm=0.1,retreat=0,rim_fillet_mm=0.3,rough_mm=0.03|v10|stop",coin_1yen,mat,10.0,2,0,0,0,2,0,0,0,2,0,0,,
"hood|backstop=None,clearance_mm=0.0,funnel=True,gate=True,plate=0.05,plate_chamfer_deg=10,plate_round_mm=0.1,retreat=0,rim_fillet_mm=0.3,rough_mm=0.03|v10|stop",crumb_cube,flooring,0.0,2,0,0,0,1,1,0,1,2,0,1,,
"hood|backstop=None,clearance_mm=0.0,funnel=True,gate=True,plate=0.05,plate_chamfer_deg=10,plate_round_mm=0.1,retreat=0,rim_fillet_mm=0.3,rough_mm=0.03|v10|stop",crumb_cube,flooring,5.0,2,0,0,0,1,1,0,1,2,0,1,,
"hood|backstop=None,clearance_mm=0.0,funnel=True,gate=True,plate=0.05,plate_chamfer_deg=10,plate_round_mm=0.1,retreat=0,rim_fillet_mm=0.3,rough_mm=0.03|v10|stop",crumb_cube,flooring,10.0,2,0,0,0,0,2,0,2,2,0,2,,
"hood|backstop=None,clearance_mm=0.0,funnel=True,gate=True,plate=0.05,plate_chamfer_deg=10,plate_round_mm=0.1,retreat=0,rim_fillet_mm=0.3,rough_mm=0.03|v10|stop",crumb_cube,mat,0.0,2,0,0,0,1,1,0,1,2,0,1,,
"hood|backstop=None,clearance_mm=0.0,funnel=True,gate=True,plate=0.05,plate_chamfer_deg=10,plate_round_mm=0.1,retreat=0,rim_fillet_mm=0.3,rough_mm=0.03|v10|stop",crumb_cube,mat,5.0,2,0,0,0,1,1,0,1,2,0,1,,
"hood|backstop=None,clearance_mm=0.0,funnel=True,gate=True,plate=0.05,plate_chamfer_deg=10,plate_round_mm=0.1,retreat=0,rim_fillet_mm=0.3,rough_mm=0.03|v10|stop",crumb_cube,mat,10.0,2,0,0,0,0,2,0,2,2,0,2,,
"hood|backstop=None,clearance_mm=0.0,funnel=True,gate=True,plate=0.05,plate_chamfer_deg=10,plate_round_mm=0.1,retreat=0,rim_fillet_mm=0.3,rough_mm=0.1|v10|stop",battery_cr2032,flooring,0.0,2,1,1,0,0,0,0,2,2,0,2,11.00,2.36
"hood|backstop=None,clearance_mm=0.0,funnel=True,gate=True,plate=0.05,plate_chamfer_deg=10,plate_round_mm=0.1,retreat=0,rim_fillet_mm=0.3,rough_mm=0.1|v10|stop",battery_cr2032,flooring,5.0,2,1,0,0,1,0,0,1,2,0,1,11.01,5.04
"hood|backstop=None,clearance_mm=0.0,funnel=True,gate=True,plate=0.05,plate_chamfer_deg=10,plate_round_mm=0.1,retreat=0,rim_fillet_mm=0.3,rough_mm=0.1|v10|stop",battery_cr2032,flooring,10.0,2,0,1,0,0,1,0,1,2,0,1,11.03,4.29
"hood|backstop=None,clearance_mm=0.0,funnel=True,gate=True,plate=0.05,plate_chamfer_deg=10,plate_round_mm=0.1,retreat=0,rim_fillet_mm=0.3,rough_mm=0.1|v10|stop",battery_cr2032,mat,0.0,2,1,0,0,0,1,0,1,1,0,1,11.00,1.75
"hood|backstop=None,clearance_mm=0.0,funnel=True,gate=True,plate=0.05,plate_chamfer_deg=10,plate_round_mm=0.1,retreat=0,rim_fillet_mm=0.3,rough_mm=0.1|v10|stop",battery_cr2032,mat,5.0,2,1,1,0,0,0,0,2,2,0,2,11.00,5.01
"hood|backstop=None,clearance_mm=0.0,funnel=True,gate=True,plate=0.05,plate_chamfer_deg=10,plate_round_mm=0.1,retreat=0,rim_fillet_mm=0.3,rough_mm=0.1|v10|stop",battery_cr2032,mat,10.0,2,0,2,0,0,0,0,2,2,0,2,11.00,1.60
"hood|backstop=None,clearance_mm=0.0,funnel=True,gate=True,plate=0.05,plate_chamfer_deg=10,plate_round_mm=0.1,retreat=0,rim_fillet_mm=0.3,rough_mm=0.1|v10|stop",bead,flooring,0.0,2,0,0,0,2,0,0,1,2,0,1,,
"hood|backstop=None,clearance_mm=0.0,funnel=True,gate=True,plate=0.05,plate_chamfer_deg=10,plate_round_mm=0.1,retreat=0,rim_fillet_mm=0.3,rough_mm=0.1|v10|stop",bead,flooring,5.0,2,0,0,0,2,0,0,0,2,0,0,,
"hood|backstop=None,clearance_mm=0.0,funnel=True,gate=True,plate=0.05,plate_chamfer_deg=10,plate_round_mm=0.1,retreat=0,rim_fillet_mm=0.3,rough_mm=0.1|v10|stop",bead,flooring,10.0,2,0,0,0,1,1,0,2,2,0,2,,
"hood|backstop=None,clearance_mm=0.0,funnel=True,gate=True,plate=0.05,plate_chamfer_deg=10,plate_round_mm=0.1,retreat=0,rim_fillet_mm=0.3,rough_mm=0.1|v10|stop",bead,mat,0.0,2,0,0,0,2,0,0,0,2,0,0,,
"hood|backstop=None,clearance_mm=0.0,funnel=True,gate=True,plate=0.05,plate_chamfer_deg=10,plate_round_mm=0.1,retreat=0,rim_fillet_mm=0.3,rough_mm=0.1|v10|stop",bead,mat,5.0,2,0,0,0,2,0,0,0,2,0,0,,
"hood|backstop=None,clearance_mm=0.0,funnel=True,gate=True,plate=0.05,plate_chamfer_deg=10,plate_round_mm=0.1,retreat=0,rim_fillet_mm=0.3,rough_mm=0.1|v10|stop",bead,mat,10.0,2,0,0,0,1,1,0,2,2,0,2,,
"hood|backstop=None,clearance_mm=0.0,funnel=True,gate=True,plate=0.05,plate_chamfer_deg=10,plate_round_mm=0.1,retreat=0,rim_fillet_mm=0.3,rough_mm=0.1|v10|stop",coin_1yen,flooring,0.0,2,1,0,0,0,1,0,1,1,1,0,11.01,1.63
"hood|backstop=None,clearance_mm=0.0,funnel=True,gate=True,plate=0.05,plate_chamfer_deg=10,plate_round_mm=0.1,retreat=0,rim_fillet_mm=0.3,rough_mm=0.1|v10|stop",coin_1yen,flooring,5.0,2,0,0,0,0,2,0,0,1,0,0,,
"hood|backstop=None,clearance_mm=0.0,funnel=True,gate=True,plate=0.05,plate_chamfer_deg=10,plate_round_mm=0.1,retreat=0,rim_fillet_mm=0.3,rough_mm=0.1|v10|stop",coin_1yen,flooring,10.0,2,0,0,0,1,1,0,0,0,0,0,,
"hood|backstop=None,clearance_mm=0.0,funnel=True,gate=True,plate=0.05,plate_chamfer_deg=10,plate_round_mm=0.1,retreat=0,rim_fillet_mm=0.3,rough_mm=0.1|v10|stop",coin_1yen,mat,0.0,2,1,0,0,0,1,0,1,0,1,0,11.00,1.61
"hood|backstop=None,clearance_mm=0.0,funnel=True,gate=True,plate=0.05,plate_chamfer_deg=10,plate_round_mm=0.1,retreat=0,rim_fillet_mm=0.3,rough_mm=0.1|v10|stop",coin_1yen,mat,5.0,2,0,0,0,0,2,0,0,1,0,0,,
"hood|backstop=None,clearance_mm=0.0,funnel=True,gate=True,plate=0.05,plate_chamfer_deg=10,plate_round_mm=0.1,retreat=0,rim_fillet_mm=0.3,rough_mm=0.1|v10|stop",coin_1yen,mat,10.0,2,0,0,0,0,2,0,0,2,0,0,,
"hood|backstop=None,clearance_mm=0.0,funnel=True,gate=True,plate=0.05,plate_chamfer_deg=10,plate_round_mm=0.1,retreat=0,rim_fillet_mm=0.3,rough_mm=0.1|v10|stop",crumb_cube,flooring,0.0,2,2,0,0,0,0,0,2,2,0,2,8.08,0.45
"hood|backstop=None,clearance_mm=0.0,funnel=True,gate=True,plate=0.05,plate_chamfer_deg=10,plate_round_mm=0.1,retreat=0,rim_fillet_mm=0.3,rough_mm=0.1|v10|stop",crumb_cube,flooring,5.0,2,2,0,0,0,0,0,2,2,0,2,8.08,4.27
"hood|backstop=None,clearance_mm=0.0,funnel=True,gate=True,plate=0.05,plate_chamfer_deg=10,plate_round_mm=0.1,retreat=0,rim_fillet_mm=0.3,rough_mm=0.1|v10|stop",crumb_cube,flooring,10.0,2,2,0,0,0,0,0,2,2,0,2,8.08,7.58
"hood|backstop=None,clearance_mm=0.0,funnel=True,gate=True,plate=0.05,plate_chamfer_deg=10,plate_round_mm=0.1,retreat=0,rim_fillet_mm=0.3,rough_mm=0.1|v10|stop",crumb_cube,mat,0.0,2,2,0,0,0,0,0,2,2,0,2,8.08,0.45
"hood|backstop=None,clearance_mm=0.0,funnel=True,gate=True,plate=0.05,plate_chamfer_deg=10,plate_round_mm=0.1,retreat=0,rim_fillet_mm=0.3,rough_mm=0.1|v10|stop",crumb_cube,mat,5.0,2,2,0,0,0,0,0,2,2,0,2,8.08,4.27
"hood|backstop=None,clearance_mm=0.0,funnel=True,gate=True,plate=0.05,plate_chamfer_deg=10,plate_round_mm=0.1,retreat=0,rim_fillet_mm=0.3,rough_mm=0.1|v10|stop",crumb_cube,mat,10.0,2,2,0,0,0,0,0,2,2,0,2,8.08,7.58
"hood|backstop=None,clearance_mm=0.0,funnel=True,gate=True,plate=0.05,plate_chamfer_deg=10,plate_round_mm=0.1,retreat=0,rough_mm=0.03|v10|stop",battery_cr2032,flooring,0.0,2,0,0,0,0,2,0,2,2,0,2,,
"hood|backstop=None,clearance_mm=0.0,funnel=True,gate=True,plate=0.05,plate_chamfer_deg=10,plate_round_mm=0.1,retreat=0,rough_mm=0.03|v10|stop",battery_cr2032,flooring,5.0,2,0,0,0,0,2,0,2,2,0,2,,
"hood|backstop=None,clearance_mm=0.0,funnel=True,gate=True,plate=0.05,plate_chamfer_deg=10,plate_round_mm=0.1,retreat=0,rough_mm=0.03|v10|stop",battery_cr2032,flooring,10.0,2,0,0,0,2,0,0,0,2,0,0,,
"hood|backstop=None,clearance_mm=0.0,funnel=True,gate=True,plate=0.05,plate_chamfer_deg=10,plate_round_mm=0.1,retreat=0,rough_mm=0.03|v10|stop",battery_cr2032,mat,0.0,2,0,0,0,0,2,0,2,2,0,2,,
"hood|backstop=None,clearance_mm=0.0,funnel=True,gate=True,plate=0.05,plate_chamfer_deg=10,plate_round_mm=0.1,retreat=0,rough_mm=0.03|v10|stop",battery_cr2032,mat,5.0,2,0,0,0,0,2,0,2,2,0,2,,
"hood|backstop=None,clearance_mm=0.0,funnel=True,gate=True,plate=0.05,plate_chamfer_deg=10,plate_round_mm=0.1,retreat=0,rough_mm=0.03|v10|stop",battery_cr2032,mat,10.0,2,0,0,0,1,1,0,1,2,0,1,,
"hood|backstop=None,clearance_mm=0.0,funnel=True,gate=True,plate=0.05,plate_chamfer_deg=10,plate_round_mm=0.1,retreat=0,rough_mm=0.03|v10|stop",bead,flooring,0.0,2,0,0,0,2,0,0,0,2,0,0,,
"hood|backstop=None,clearance_mm=0.0,funnel=True,gate=True,plate=0.05,plate_chamfer_deg=10,plate_round_mm=0.1,retreat=0,rough_mm=0.03|v10|stop",bead,flooring,5.0,2,0,0,0,2,0,0,0,2,0,0,,
"hood|backstop=None,clearance_mm=0.0,funnel=True,gate=True,plate=0.05,plate_chamfer_deg=10,plate_round_mm=0.1,retreat=0,rough_mm=0.03|v10|stop",bead,flooring,10.0,2,0,0,0,2,0,0,0,2,0,0,,
"hood|backstop=None,clearance_mm=0.0,funnel=True,gate=True,plate=0.05,plate_chamfer_deg=10,plate_round_mm=0.1,retreat=0,rough_mm=0.03|v10|stop",bead,mat,0.0,2,0,0,0,2,0,0,0,2,0,0,,
"hood|backstop=None,clearance_mm=0.0,funnel=True,gate=True,plate=0.05,plate_chamfer_deg=10,plate_round_mm=0.1,retreat=0,rough_mm=0.03|v10|stop",bead,mat,5.0,2,0,0,0,2,0,0,0,2,0,0,,
"hood|backstop=None,clearance_mm=0.0,funnel=True,gate=True,plate=0.05,plate_chamfer_deg=10,plate_round_mm=0.1,retreat=0,rough_mm=0.03|v10|stop",bead,mat,10.0,2,0,0,0,2,0,0,0,2,0,0,,
"hood|backstop=None,clearance_mm=0.0,funnel=True,gate=True,plate=0.05,plate_chamfer_deg=10,plate_round_mm=0.1,retreat=0,rough_mm=0.03|v10|stop",coin_1yen,flooring,0.0,2,0,0,0,0,2,0,2,2,0,2,,
"hood|backstop=None,clearance_mm=0.0,funnel=True,gate=True,plate=0.05,plate_chamfer_deg=10,plate_round_mm=0.1,retreat=0,rough_mm=0.03|v10|stop",coin_1yen,flooring,5.0,2,0,0,0,1,1,0,1,2,0,1,,
"hood|backstop=None,clearance_mm=0.0,funnel=True,gate=True,plate=0.05,plate_chamfer_deg=10,plate_round_mm=0.1,retreat=0,rough_mm=0.03|v10|stop",coin_1yen,flooring,10.0,2,0,0,0,2,0,0,0,2,0,0,,
"hood|backstop=None,clearance_mm=0.0,funnel=True,gate=True,plate=0.05,plate_chamfer_deg=10,plate_round_mm=0.1,retreat=0,rough_mm=0.03|v10|stop",coin_1yen,mat,0.0,2,0,0,0,0,2,0,2,2,0,2,,
"hood|backstop=None,clearance_mm=0.0,funnel=True,gate=True,plate=0.05,plate_chamfer_deg=10,plate_round_mm=0.1,retreat=0,rough_mm=0.03|v10|stop",coin_1yen,mat,5.0,2,0,0,0,1,1,0,1,2,0,1,,
"hood|backstop=None,clearance_mm=0.0,funnel=True,gate=True,plate=0.05,plate_chamfer_deg=10,plate_round_mm=0.1,retreat=0,rough_mm=0.03|v10|stop",coin_1yen,mat,10.0,2,0,0,0,2,0,0,0,2,0,0,,
"hood|backstop=None,clearance_mm=0.0,funnel=True,gate=True,plate=0.05,plate_chamfer_deg=10,plate_round_mm=0.1,retreat=0,rough_mm=0.03|v10|stop",crumb_cube,flooring,0.0,2,0,0,0,1,1,0,1,2,0,1,,
"hood|backstop=None,clearance_mm=0.0,funnel=True,gate=True,plate=0.05,plate_chamfer_deg=10,plate_round_mm=0.1,retreat=0,rough_mm=0.03|v10|stop",crumb_cube,flooring,5.0,2,0,0,0,1,1,0,1,2,0,1,,
"hood|backstop=None,clearance_mm=0.0,funnel=True,gate=True,plate=0.05,plate_chamfer_deg=10,plate_round_mm=0.1,retreat=0,rough_mm=0.03|v10|stop",crumb_cube,flooring,10.0,2,0,0,0,0,2,0,2,2,0,2,,
"hood|backstop=None,clearance_mm=0.0,funnel=True,gate=True,plate=0.05,plate_chamfer_deg=10,plate_round_mm=0.1,retreat=0,rough_mm=0.03|v10|stop",crumb_cube,mat,0.0,2,0,0,0,1,1,0,1,2,0,1,,
"hood|backstop=None,clearance_mm=0.0,funnel=True,gate=True,plate=0.05,plate_chamfer_deg=10,plate_round_mm=0.1,retreat=0,rough_mm=0.03|v10|stop",crumb_cube,mat,5.0,2,0,0,0,1,1,0,1,2,0,1,,
"hood|backstop=None,clearance_mm=0.0,funnel=True,gate=True,plate=0.05,plate_chamfer_deg=10,plate_round_mm=0.1,retreat=0,rough_mm=0.03|v10|stop",crumb_cube,mat,10.0,2,0,0,0,0,2,0,2,2,0,2,,
"hood|backstop=None,clearance_mm=0.0,funnel=True,gate=True,plate=0.05,plate_chamfer_deg=10,plate_round_mm=0.1,retreat=0,rough_mm=0.1|v10|stop",battery_cr2032,flooring,0.0,2,2,0,0,0,0,0,2,2,0,2,11.01,2.68
"hood|backstop=None,clearance_mm=0.0,funnel=True,gate=True,plate=0.05,plate_chamfer_deg=10,plate_round_mm=0.1,retreat=0,rough_mm=0.1|v10|stop",battery_cr2032,flooring,5.0,2,1,1,0,0,0,0,2,2,0,2,11.01,2.77
"hood|backstop=None,clearance_mm=0.0,funnel=True,gate=True,plate=0.05,plate_chamfer_deg=10,plate_round_mm=0.1,retreat=0,rough_mm=0.1|v10|stop",battery_cr2032,flooring,10.0,2,1,1,0,0,0,0,2,2,0,2,11.00,3.12
"hood|backstop=None,clearance_mm=0.0,funnel=True,gate=True,plate=0.05,plate_chamfer_deg=10,plate_round_mm=0.1,retreat=0,rough_mm=0.1|v10|stop",battery_cr2032,mat,0.0,2,2,0,0,0,0,0,2,2,0,2,11.00,2.68
"hood|backstop=None,clearance_mm=0.0,funnel=True,gate=True,plate=0.05,plate_chamfer_deg=10,plate_round_mm=0.1,retreat=0,rough_mm=0.1|v10|stop",battery_cr2032,mat,5.0,2,1,1,0,0,0,0,2,2,0,2,11.01,4.59
"hood|backstop=None,clearance_mm=0.0,funnel=True,gate=True,plate=0.05,plate_chamfer_deg=10,plate_round_mm=0.1,retreat=0,rough_mm=0.1|v10|stop",battery_cr2032,mat,10.0,2,2,0,0,0,0,0,2,2,0,2,11.01,3.25
"hood|backstop=None,clearance_mm=0.0,funnel=True,gate=True,plate=0.05,plate_chamfer_deg=10,plate_round_mm=0.1,retreat=0,rough_mm=0.1|v10|stop",bead,flooring,0.0,2,0,0,0,2,0,0,1,2,0,1,,
"hood|backstop=None,clearance_mm=0.0,funnel=True,gate=True,plate=0.05,plate_chamfer_deg=10,plate_round_mm=0.1,retreat=0,rough_mm=0.1|v10|stop",bead,flooring,5.0,2,0,0,0,2,0,0,0,2,0,0,,
"hood|backstop=None,clearance_mm=0.0,funnel=True,gate=True,plate=0.05,plate_chamfer_deg=10,plate_round_mm=0.1,retreat=0,rough_mm=0.1|v10|stop",bead,flooring,10.0,2,0,0,0,1,1,0,2,2,0,2,,
"hood|backstop=None,clearance_mm=0.0,funnel=True,gate=True,plate=0.05,plate_chamfer_deg=10,plate_round_mm=0.1,retreat=0,rough_mm=0.1|v10|stop",bead,mat,0.0,2,0,0,0,2,0,0,0,2,0,0,,
"hood|backstop=None,clearance_mm=0.0,funnel=True,gate=True,plate=0.05,plate_chamfer_deg=10,plate_round_mm=0.1,retreat=0,rough_mm=0.1|v10|stop",bead,mat,5.0,2,0,0,0,2,0,0,0,2,0,0,,
"hood|backstop=None,clearance_mm=0.0,funnel=True,gate=True,plate=0.05,plate_chamfer_deg=10,plate_round_mm=0.1,retreat=0,rough_mm=0.1|v10|stop",bead,mat,10.0,2,0,0,0,1,1,0,2,2,0,2,,
"hood|backstop=None,clearance_mm=0.0,funnel=True,gate=True,plate=0.05,plate_chamfer_deg=10,plate_round_mm=0.1,retreat=0,rough_mm=0.1|v10|stop",coin_1yen,flooring,0.0,2,2,0,0,0,0,0,2,1,1,1,11.00,1.47
"hood|backstop=None,clearance_mm=0.0,funnel=True,gate=True,plate=0.05,plate_chamfer_deg=10,plate_round_mm=0.1,retreat=0,rough_mm=0.1|v10|stop",coin_1yen,flooring,5.0,2,0,1,0,0,1,0,1,1,0,1,11.01,0.56
"hood|backstop=None,clearance_mm=0.0,funnel=True,gate=True,plate=0.05,plate_chamfer_deg=10,plate_round_mm=0.1,retreat=0,rough_mm=0.1|v10|stop",coin_1yen,flooring,10.0,2,0,0,0,2,0,0,0,2,0,0,,
"hood|backstop=None,clearance_mm=0.0,funnel=True,gate=True,plate=0.05,plate_chamfer_deg=10,plate_round_mm=0.1,retreat=0,rough_mm=0.1|v10|stop",coin_1yen,mat,0.0,2,2,0,0,0,0,0,2,1,1,1,11.01,1.40
"hood|backstop=None,clearance_mm=0.0,funnel=True,gate=True,plate=0.05,plate_chamfer_deg=10,plate_round_mm=0.1,retreat=0,rough_mm=0.1|v10|stop",coin_1yen,mat,5.0,2,1,1,0,0,0,0,2,2,0,2,11.00,3.50
"hood|backstop=None,clearance_mm=0.0,funnel=True,gate=True,plate=0.05,plate_chamfer_deg=10,plate_round_mm=0.1,retreat=0,rough_mm=0.1|v10|stop",coin_1yen,mat,10.0,2,0,1,0,1,0,0,1,2,0,1,11.01,1.69
"hood|backstop=None,clearance_mm=0.0,funnel=True,gate=True,plate=0.05,plate_chamfer_deg=10,plate_round_mm=0.1,retreat=0,rough_mm=0.1|v10|stop",crumb_cube,flooring,0.0,2,2,0,0,0,0,0,2,2,0,2,8.08,0.45
"hood|backstop=None,clearance_mm=0.0,funnel=True,gate=True,plate=0.05,plate_chamfer_deg=10,plate_round_mm=0.1,retreat=0,rough_mm=0.1|v10|stop",crumb_cube,flooring,5.0,2,2,0,0,0,0,0,2,2,0,2,8.08,4.27
"hood|backstop=None,clearance_mm=0.0,funnel=True,gate=True,plate=0.05,plate_chamfer_deg=10,plate_round_mm=0.1,retreat=0,rough_mm=0.1|v10|stop",crumb_cube,flooring,10.0,2,2,0,0,0,0,0,2,2,0,2,8.08,7.58
"hood|backstop=None,clearance_mm=0.0,funnel=True,gate=True,plate=0.05,plate_chamfer_deg=10,plate_round_mm=0.1,retreat=0,rough_mm=0.1|v10|stop",crumb_cube,mat,0.0,2,2,0,0,0,0,0,2,2,0,2,8.08,0.45
"hood|backstop=None,clearance_mm=0.0,funnel=True,gate=True,plate=0.05,plate_chamfer_deg=10,plate_round_mm=0.1,retreat=0,rough_mm=0.1|v10|stop",crumb_cube,mat,5.0,2,2,0,0,0,0,0,2,2,0,2,8.08,4.27
"hood|backstop=None,clearance_mm=0.0,funnel=True,gate=True,plate=0.05,plate_chamfer_deg=10,plate_round_mm=0.1,retreat=0,rough_mm=0.1|v10|stop",crumb_cube,mat,10.0,2,2,0,0,0,0,0,2,2,0,2,8.08,7.58
"hood|backstop=None,clearance_mm=0.0,funnel=True,gate=True,plate=0.05,plate_chamfer_deg=20,plate_round_mm=0.1,retreat=0,rough_mm=0.03|v10|stop",battery_cr2032,flooring,0.0,2,0,0,0,0,2,0,2,2,0,2,,
"hood|backstop=None,clearance_mm=0.0,funnel=True,gate=True,plate=0.05,plate_chamfer_deg=20,plate_round_mm=0.1,retreat=0,rough_mm=0.03|v10|stop",battery_cr2032,flooring,5.0,2,0,0,0,0,2,0,2,2,0,2,,
"hood|backstop=None,clearance_mm=0.0,funnel=True,gate=True,plate=0.05,plate_chamfer_deg=20,plate_round_mm=0.1,retreat=0,rough_mm=0.03|v10|stop",battery_cr2032,flooring,10.0,2,0,0,0,2,0,0,0,2,0,0,,
"hood|backstop=None,clearance_mm=0.0,funnel=True,gate=True,plate=0.05,plate_chamfer_deg=20,plate_round_mm=0.1,retreat=0,rough_mm=0.03|v10|stop",battery_cr2032,mat,0.0,2,0,0,0,0,2,0,2,2,0,2,,
"hood|backstop=None,clearance_mm=0.0,funnel=True,gate=True,plate=0.05,plate_chamfer_deg=20,plate_round_mm=0.1,retreat=0,rough_mm=0.03|v10|stop",battery_cr2032,mat,5.0,2,0,0,0,1,1,0,1,2,0,1,,
"hood|backstop=None,clearance_mm=0.0,funnel=True,gate=True,plate=0.05,plate_chamfer_deg=20,plate_round_mm=0.1,retreat=0,rough_mm=0.03|v10|stop",battery_cr2032,mat,10.0,2,0,0,0,2,0,0,0,2,0,0,,
"hood|backstop=None,clearance_mm=0.0,funnel=True,gate=True,plate=0.05,plate_chamfer_deg=20,plate_round_mm=0.1,retreat=0,rough_mm=0.03|v10|stop",bead,flooring,0.0,2,0,0,0,2,0,0,0,2,0,0,,
"hood|backstop=None,clearance_mm=0.0,funnel=True,gate=True,plate=0.05,plate_chamfer_deg=20,plate_round_mm=0.1,retreat=0,rough_mm=0.03|v10|stop",bead,flooring,5.0,2,0,0,0,2,0,0,0,2,0,0,,
"hood|backstop=None,clearance_mm=0.0,funnel=True,gate=True,plate=0.05,plate_chamfer_deg=20,plate_round_mm=0.1,retreat=0,rough_mm=0.03|v10|stop",bead,flooring,10.0,2,0,0,0,2,0,0,0,2,0,0,,
"hood|backstop=None,clearance_mm=0.0,funnel=True,gate=True,plate=0.05,plate_chamfer_deg=20,plate_round_mm=0.1,retreat=0,rough_mm=0.03|v10|stop",bead,mat,0.0,2,0,0,0,2,0,0,0,2,0,0,,
"hood|backstop=None,clearance_mm=0.0,funnel=True,gate=True,plate=0.05,plate_chamfer_deg=20,plate_round_mm=0.1,retreat=0,rough_mm=0.03|v10|stop",bead,mat,5.0,2,0,0,0,2,0,0,0,2,0,0,,
"hood|backstop=None,clearance_mm=0.0,funnel=True,gate=True,plate=0.05,plate_chamfer_deg=20,plate_round_mm=0.1,retreat=0,rough_mm=0.03|v10|stop",bead,mat,10.0,2,0,0,0,2,0,0,0,2,0,0,,
"hood|backstop=None,clearance_mm=0.0,funnel=True,gate=True,plate=0.05,plate_chamfer_deg=20,plate_round_mm=0.1,retreat=0,rough_mm=0.03|v10|stop",coin_1yen,flooring,0.0,2,0,0,0,0,2,0,2,2,0,2,,
"hood|backstop=None,clearance_mm=0.0,funnel=True,gate=True,plate=0.05,plate_chamfer_deg=20,plate_round_mm=0.1,retreat=0,rough_mm=0.03|v10|stop",coin_1yen,flooring,5.0,2,0,0,0,1,1,0,1,2,0,1,,
"hood|backstop=None,clearance_mm=0.0,funnel=True,gate=True,plate=0.05,plate_chamfer_deg=20,plate_round_mm=0.1,retreat=0,rough_mm=0.03|v10|stop",coin_1yen,flooring,10.0,2,0,0,0,2,0,0,0,2,0,0,,
"hood|backstop=None,clearance_mm=0.0,funnel=True,gate=True,plate=0.05,plate_chamfer_deg=20,plate_round_mm=0.1,retreat=0,rough_mm=0.03|v10|stop",coin_1yen,mat,0.0,2,0,0,0,0,2,0,2,2,0,2,,
"hood|backstop=None,clearance_mm=0.0,funnel=True,gate=True,plate=0.05,plate_chamfer_deg=20,plate_round_mm=0.1,retreat=0,rough_mm=0.03|v10|stop",coin_1yen,mat,5.0,2,0,0,0,0,2,0,2,2,0,2,,
"hood|backstop=None,clearance_mm=0.0,funnel=True,gate=True,plate=0.05,plate_chamfer_deg=20,plate_round_mm=0.1,retreat=0,rough_mm=0.03|v10|stop",coin_1yen,mat,10.0,2,0,0,0,2,0,0,0,2,0,0,,
"hood|backstop=None,clearance_mm=0.0,funnel=True,gate=True,plate=0.05,plate_chamfer_deg=20,plate_round_mm=0.1,retreat=0,rough_mm=0.03|v10|stop",crumb_cube,flooring,0.0,2,0,0,0,1,1,0,1,2,0,1,,
"hood|backstop=None,clearance_mm=0.0,funnel=True,gate=True,plate=0.05,plate_chamfer_deg=20,plate_round_mm=0.1,retreat=0,rough_mm=0.03|v10|stop",crumb_cube,flooring,5.0,2,0,0,0,1,1,0,1,2,0,1,,
"hood|backstop=None,clearance_mm=0.0,funnel=True,gate=True,plate=0.05,plate_chamfer_deg=20,plate_round_mm=0.1,retreat=0,rough_mm=0.03|v10|stop",crumb_cube,flooring,10.0,2,0,0,0,0,2,0,2,2,0,2,,
"hood|backstop=None,clearance_mm=0.0,funnel=True,gate=True,plate=0.05,plate_chamfer_deg=20,plate_round_mm=0.1,retreat=0,rough_mm=0.03|v10|stop",crumb_cube,mat,0.0,2,0,0,0,1,1,0,1,2,0,1,,
"hood|backstop=None,clearance_mm=0.0,funnel=True,gate=True,plate=0.05,plate_chamfer_deg=20,plate_round_mm=0.1,retreat=0,rough_mm=0.03|v10|stop",crumb_cube,mat,5.0,2,0,0,0,1,1,0,1,2,0,1,,
"hood|backstop=None,clearance_mm=0.0,funnel=True,gate=True,plate=0.05,plate_chamfer_deg=20,plate_round_mm=0.1,retreat=0,rough_mm=0.03|v10|stop",crumb_cube,mat,10.0,2,0,0,0,0,2,0,2,2,0,2,,
"hood|backstop=None,clearance_mm=0.0,funnel=True,gate=True,plate=0.05,plate_chamfer_deg=20,plate_round_mm=0.1,retreat=0,rough_mm=0.1|v10|stop",battery_cr2032,flooring,0.0,2,2,0,0,0,0,0,2,2,0,2,11.00,2.84
"hood|backstop=None,clearance_mm=0.0,funnel=True,gate=True,plate=0.05,plate_chamfer_deg=20,plate_round_mm=0.1,retreat=0,rough_mm=0.1|v10|stop",battery_cr2032,flooring,5.0,2,1,1,0,0,0,0,2,2,0,2,11.01,2.63
"hood|backstop=None,clearance_mm=0.0,funnel=True,gate=True,plate=0.05,plate_chamfer_deg=20,plate_round_mm=0.1,retreat=0,rough_mm=0.1|v10|stop",battery_cr2032,flooring,10.0,2,1,1,0,0,0,0,2,2,0,2,11.00,3.06
"hood|backstop=None,clearance_mm=0.0,funnel=True,gate=True,plate=0.05,plate_chamfer_deg=20,plate_round_mm=0.1,retreat=0,rough_mm=0.1|v10|stop",battery_cr2032,mat,0.0,2,2,0,0,0,0,0,2,2,0,2,11.00,2.73
"hood|backstop=None,clearance_mm=0.0,funnel=True,gate=True,plate=0.05,plate_chamfer_deg=20,plate_round_mm=0.1,retreat=0,rough_mm=0.1|v10|stop",battery_cr2032,mat,5.0,2,1,1,0,0,0,0,2,2,0,2,11.00,4.95
"hood|backstop=None,clearance_mm=0.0,funnel=True,gate=True,plate=0.05,plate_chamfer_deg=20,plate_round_mm=0.1,retreat=0,rough_mm=0.1|v10|stop",battery_cr2032,mat,10.0,2,1,0,0,1,0,0,1,2,0,1,11.00,5.00
"hood|backstop=None,clearance_mm=0.0,funnel=True,gate=True,plate=0.05,plate_chamfer_deg=20,plate_round_mm=0.1,retreat=0,rough_mm=0.1|v10|stop",bead,flooring,0.0,2,0,0,0,2,0,0,0,2,0,0,,
"hood|backstop=None,clearance_mm=0.0,funnel=True,gate=True,plate=0.05,plate_chamfer_deg=20,plate_round_mm=0.1,retreat=0,rough_mm=0.1|v10|stop",bead,flooring,5.0,2,0,0,0,2,0,0,0,2,0,0,,
"hood|backstop=None,clearance_mm=0.0,funnel=True,gate=True,plate=0.05,plate_chamfer_deg=20,plate_round_mm=0.1,retreat=0,rough_mm=0.1|v10|stop",bead,flooring,10.0,2,0,0,0,1,1,0,2,2,0,2,,
"hood|backstop=None,clearance_mm=0.0,funnel=True,gate=True,plate=0.05,plate_chamfer_deg=20,plate_round_mm=0.1,retreat=0,rough_mm=0.1|v10|stop",bead,mat,0.0,2,0,0,0,2,0,0,0,2,0,0,,
"hood|backstop=None,clearance_mm=0.0,funnel=True,gate=True,plate=0.05,plate_chamfer_deg=20,plate_round_mm=0.1,retreat=0,rough_mm=0.1|v10|stop",bead,mat,5.0,2,0,0,0,2,0,0,0,2,0,0,,
"hood|backstop=None,clearance_mm=0.0,funnel=True,gate=True,plate=0.05,plate_chamfer_deg=20,plate_round_mm=0.1,retreat=0,rough_mm=0.1|v10|stop",bead,mat,10.0,2,0,0,0,2,0,0,0,2,0,0,,
"hood|backstop=None,clearance_mm=0.0,funnel=True,gate=True,plate=0.05,plate_chamfer_deg=20,plate_round_mm=0.1,retreat=0,rough_mm=0.1|v10|stop",coin_1yen,flooring,0.0,2,2,0,0,0,0,0,2,1,1,1,11.00,1.56
"hood|backstop=None,clearance_mm=0.0,funnel=True,gate=True,plate=0.05,plate_chamfer_deg=20,plate_round_mm=0.1,retreat=0,rough_mm=0.1|v10|stop",coin_1yen,flooring,5.0,2,0,1,0,0,1,0,1,1,0,1,11.00,2.79
"hood|backstop=None,clearance_mm=0.0,funnel=True,gate=True,plate=0.05,plate_chamfer_deg=20,plate_round_mm=0.1,retreat=0,rough_mm=0.1|v10|stop",coin_1yen,flooring,10.0,2,0,2,0,0,0,0,2,2,0,2,11.00,3.13
"hood|backstop=None,clearance_mm=0.0,funnel=True,gate=True,plate=0.05,plate_chamfer_deg=20,plate_round_mm=0.1,retreat=0,rough_mm=0.1|v10|stop",coin_1yen,mat,0.0,2,2,0,0,0,0,0,2,1,1,1,11.01,1.48
"hood|backstop=None,clearance_mm=0.0,funnel=True,gate=True,plate=0.05,plate_chamfer_deg=20,plate_round_mm=0.1,retreat=0,rough_mm=0.1|v10|stop",coin_1yen,mat,5.0,2,0,1,0,1,0,0,1,2,0,1,11.01,5.00
"hood|backstop=None,clearance_mm=0.0,funnel=True,gate=True,plate=0.05,plate_chamfer_deg=20,plate_round_mm=0.1,retreat=0,rough_mm=0.1|v10|stop",coin_1yen,mat,10.0,2,0,1,0,1,0,0,1,2,0,1,11.01,3.58
"hood|backstop=None,clearance_mm=0.0,funnel=True,gate=True,plate=0.05,plate_chamfer_deg=20,plate_round_mm=0.1,retreat=0,rough_mm=0.1|v10|stop",crumb_cube,flooring,0.0,2,2,0,0,0,0,0,2,2,0,2,8.08,0.45
"hood|backstop=None,clearance_mm=0.0,funnel=True,gate=True,plate=0.05,plate_chamfer_deg=20,plate_round_mm=0.1,retreat=0,rough_mm=0.1|v10|stop",crumb_cube,flooring,5.0,2,2,0,0,0,0,0,2,2,0,2,8.08,4.25
"hood|backstop=None,clearance_mm=0.0,funnel=True,gate=True,plate=0.05,plate_chamfer_deg=20,plate_round_mm=0.1,retreat=0,rough_mm=0.1|v10|stop",crumb_cube,flooring,10.0,2,2,0,0,0,0,0,2,2,0,2,8.08,7.49
"hood|backstop=None,clearance_mm=0.0,funnel=True,gate=True,plate=0.05,plate_chamfer_deg=20,plate_round_mm=0.1,retreat=0,rough_mm=0.1|v10|stop",crumb_cube,mat,0.0,2,2,0,0,0,0,0,2,2,0,2,8.08,0.45
"hood|backstop=None,clearance_mm=0.0,funnel=True,gate=True,plate=0.05,plate_chamfer_deg=20,plate_round_mm=0.1,retreat=0,rough_mm=0.1|v10|stop",crumb_cube,mat,5.0,2,2,0,0,0,0,0,2,2,0,2,8.08,4.25
"hood|backstop=None,clearance_mm=0.0,funnel=True,gate=True,plate=0.05,plate_chamfer_deg=20,plate_round_mm=0.1,retreat=0,rough_mm=0.1|v10|stop",crumb_cube,mat,10.0,2,2,0,0,0,0,0,2,2,0,2,8.08,7.49
"hood|backstop=None,clearance_mm=0.0,funnel=True,gate=True,plate=0.1,plate_chamfer_deg=10,plate_round_mm=0.1,retreat=0,rim_fillet_mm=0.3,rough_mm=0.03|v10|stop",battery_cr2032,flooring,0.0,2,0,0,0,2,0,0,0,2,0,0,,
"hood|backstop=None,clearance_mm=0.0,funnel=True,gate=True,plate=0.1,plate_chamfer_deg=10,plate_round_mm=0.1,retreat=0,rim_fillet_mm=0.3,rough_mm=0.03|v10|stop",battery_cr2032,flooring,5.0,2,0,0,0,2,0,0,0,2,0,0,,
"hood|backstop=None,clearance_mm=0.0,funnel=True,gate=True,plate=0.1,plate_chamfer_deg=10,plate_round_mm=0.1,retreat=0,rim_fillet_mm=0.3,rough_mm=0.03|v10|stop",battery_cr2032,flooring,10.0,2,0,0,0,2,0,0,0,2,0,0,,
"hood|backstop=None,clearance_mm=0.0,funnel=True,gate=True,plate=0.1,plate_chamfer_deg=10,plate_round_mm=0.1,retreat=0,rim_fillet_mm=0.3,rough_mm=0.03|v10|stop",battery_cr2032,mat,0.0,2,0,0,0,2,0,0,0,2,0,0,,
"hood|backstop=None,clearance_mm=0.0,funnel=True,gate=True,plate=0.1,plate_chamfer_deg=10,plate_round_mm=0.1,retreat=0,rim_fillet_mm=0.3,rough_mm=0.03|v10|stop",battery_cr2032,mat,5.0,2,0,0,0,2,0,0,0,2,0,0,,
"hood|backstop=None,clearance_mm=0.0,funnel=True,gate=True,plate=0.1,plate_chamfer_deg=10,plate_round_mm=0.1,retreat=0,rim_fillet_mm=0.3,rough_mm=0.03|v10|stop",battery_cr2032,mat,10.0,2,0,0,0,2,0,0,0,2,0,0,,
"hood|backstop=None,clearance_mm=0.0,funnel=True,gate=True,plate=0.1,plate_chamfer_deg=10,plate_round_mm=0.1,retreat=0,rim_fillet_mm=0.3,rough_mm=0.03|v10|stop",bead,flooring,0.0,2,0,0,0,2,0,0,0,2,0,0,,
"hood|backstop=None,clearance_mm=0.0,funnel=True,gate=True,plate=0.1,plate_chamfer_deg=10,plate_round_mm=0.1,retreat=0,rim_fillet_mm=0.3,rough_mm=0.03|v10|stop",bead,flooring,5.0,2,0,0,0,2,0,0,0,2,0,0,,
"hood|backstop=None,clearance_mm=0.0,funnel=True,gate=True,plate=0.1,plate_chamfer_deg=10,plate_round_mm=0.1,retreat=0,rim_fillet_mm=0.3,rough_mm=0.03|v10|stop",bead,flooring,10.0,2,0,0,0,2,0,0,0,2,0,0,,
"hood|backstop=None,clearance_mm=0.0,funnel=True,gate=True,plate=0.1,plate_chamfer_deg=10,plate_round_mm=0.1,retreat=0,rim_fillet_mm=0.3,rough_mm=0.03|v10|stop",bead,mat,0.0,2,0,0,0,2,0,0,0,2,0,0,,
"hood|backstop=None,clearance_mm=0.0,funnel=True,gate=True,plate=0.1,plate_chamfer_deg=10,plate_round_mm=0.1,retreat=0,rim_fillet_mm=0.3,rough_mm=0.03|v10|stop",bead,mat,5.0,2,0,0,0,2,0,0,0,2,0,0,,
"hood|backstop=None,clearance_mm=0.0,funnel=True,gate=True,plate=0.1,plate_chamfer_deg=10,plate_round_mm=0.1,retreat=0,rim_fillet_mm=0.3,rough_mm=0.03|v10|stop",bead,mat,10.0,2,0,0,0,2,0,0,0,2,0,0,,
"hood|backstop=None,clearance_mm=0.0,funnel=True,gate=True,plate=0.1,plate_chamfer_deg=10,plate_round_mm=0.1,retreat=0,rim_fillet_mm=0.3,rough_mm=0.03|v10|stop",coin_1yen,flooring,0.0,2,0,0,0,2,0,0,0,2,0,0,,
"hood|backstop=None,clearance_mm=0.0,funnel=True,gate=True,plate=0.1,plate_chamfer_deg=10,plate_round_mm=0.1,retreat=0,rim_fillet_mm=0.3,rough_mm=0.03|v10|stop",coin_1yen,flooring,5.0,2,0,0,0,2,0,0,0,2,0,0,,
"hood|backstop=None,clearance_mm=0.0,funnel=True,gate=True,plate=0.1,plate_chamfer_deg=10,plate_round_mm=0.1,retreat=0,rim_fillet_mm=0.3,rough_mm=0.03|v10|stop",coin_1yen,flooring,10.0,2,0,0,0,2,0,0,0,2,0,0,,
"hood|backstop=None,clearance_mm=0.0,funnel=True,gate=True,plate=0.1,plate_chamfer_deg=10,plate_round_mm=0.1,retreat=0,rim_fillet_mm=0.3,rough_mm=0.03|v10|stop",coin_1yen,mat,0.0,2,0,0,0,2,0,0,0,2,0,0,,
"hood|backstop=None,clearance_mm=0.0,funnel=True,gate=True,plate=0.1,plate_chamfer_deg=10,plate_round_mm=0.1,retreat=0,rim_fillet_mm=0.3,rough_mm=0.03|v10|stop",coin_1yen,mat,5.0,2,0,0,0,2,0,0,0,2,0,0,,
"hood|backstop=None,clearance_mm=0.0,funnel=True,gate=True,plate=0.1,plate_chamfer_deg=10,plate_round_mm=0.1,retreat=0,rim_fillet_mm=0.3,rough_mm=0.03|v10|stop",coin_1yen,mat,10.0,2,0,0,0,2,0,0,0,2,0,0,,
"hood|backstop=None,clearance_mm=0.0,funnel=True,gate=True,plate=0.1,plate_chamfer_deg=10,plate_round_mm=0.1,retreat=0,rim_fillet_mm=0.3,rough_mm=0.03|v10|stop",crumb_cube,flooring,0.0,2,0,0,0,1,1,0,1,2,0,1,,
"hood|backstop=None,clearance_mm=0.0,funnel=True,gate=True,plate=0.1,plate_chamfer_deg=10,plate_round_mm=0.1,retreat=0,rim_fillet_mm=0.3,rough_mm=0.03|v10|stop",crumb_cube,flooring,5.0,2,0,0,0,0,2,0,2,2,0,2,,
"hood|backstop=None,clearance_mm=0.0,funnel=True,gate=True,plate=0.1,plate_chamfer_deg=10,plate_round_mm=0.1,retreat=0,rim_fillet_mm=0.3,rough_mm=0.03|v10|stop",crumb_cube,flooring,10.0,2,0,0,0,0,2,0,2,2,0,2,,
"hood|backstop=None,clearance_mm=0.0,funnel=True,gate=True,plate=0.1,plate_chamfer_deg=10,plate_round_mm=0.1,retreat=0,rim_fillet_mm=0.3,rough_mm=0.03|v10|stop",crumb_cube,mat,0.0,2,0,0,0,1,1,0,1,2,0,1,,
"hood|backstop=None,clearance_mm=0.0,funnel=True,gate=True,plate=0.1,plate_chamfer_deg=10,plate_round_mm=0.1,retreat=0,rim_fillet_mm=0.3,rough_mm=0.03|v10|stop",crumb_cube,mat,5.0,2,0,0,0,0,2,0,2,2,0,2,,
"hood|backstop=None,clearance_mm=0.0,funnel=True,gate=True,plate=0.1,plate_chamfer_deg=10,plate_round_mm=0.1,retreat=0,rim_fillet_mm=0.3,rough_mm=0.03|v10|stop",crumb_cube,mat,10.0,2,0,0,0,0,2,0,2,2,0,2,,
"hood|backstop=None,clearance_mm=0.0,funnel=True,gate=True,plate=0.1,plate_chamfer_deg=10,plate_round_mm=0.1,retreat=0,rim_fillet_mm=0.3,rough_mm=0.1|v10|stop",battery_cr2032,flooring,0.0,2,0,0,0,2,0,0,0,2,0,0,,
"hood|backstop=None,clearance_mm=0.0,funnel=True,gate=True,plate=0.1,plate_chamfer_deg=10,plate_round_mm=0.1,retreat=0,rim_fillet_mm=0.3,rough_mm=0.1|v10|stop",battery_cr2032,flooring,5.0,2,0,0,0,2,0,0,0,2,0,0,,
"hood|backstop=None,clearance_mm=0.0,funnel=True,gate=True,plate=0.1,plate_chamfer_deg=10,plate_round_mm=0.1,retreat=0,rim_fillet_mm=0.3,rough_mm=0.1|v10|stop",battery_cr2032,flooring,10.0,2,0,1,0,1,0,0,1,2,0,1,11.08,4.73
"hood|backstop=None,clearance_mm=0.0,funnel=True,gate=True,plate=0.1,plate_chamfer_deg=10,plate_round_mm=0.1,retreat=0,rim_fillet_mm=0.3,rough_mm=0.1|v10|stop",battery_cr2032,mat,0.0,2,0,0,0,1,1,0,0,1,0,0,,
"hood|backstop=None,clearance_mm=0.0,funnel=True,gate=True,plate=0.1,plate_chamfer_deg=10,plate_round_mm=0.1,retreat=0,rim_fillet_mm=0.3,rough_mm=0.1|v10|stop",battery_cr2032,mat,5.0,2,0,0,0,1,1,0,1,2,0,1,,
"hood|backstop=None,clearance_mm=0.0,funnel=True,gate=True,plate=0.1,plate_chamfer_deg=10,plate_round_mm=0.1,retreat=0,rim_fillet_mm=0.3,rough_mm=0.1|v10|stop",battery_cr2032,mat,10.0,2,0,0,0,0,2,0,2,2,0,2,,
"hood|backstop=None,clearance_mm=0.0,funnel=True,gate=True,plate=0.1,plate_chamfer_deg=10,plate_round_mm=0.1,retreat=0,rim_fillet_mm=0.3,rough_mm=0.1|v10|stop",bead,flooring,0.0,2,0,0,0,2,0,0,0,2,0,0,,
"hood|backstop=None,clearance_mm=0.0,funnel=True,gate=True,plate=0.1,plate_chamfer_deg=10,plate_round_mm=0.1,retreat=0,rim_fillet_mm=0.3,rough_mm=0.1|v10|stop",bead,flooring,5.0,2,0,0,0,2,0,0,0,2,0,0,,
"hood|backstop=None,clearance_mm=0.0,funnel=True,gate=True,plate=0.1,plate_chamfer_deg=10,plate_round_mm=0.1,retreat=0,rim_fillet_mm=0.3,rough_mm=0.1|v10|stop",bead,flooring,10.0,2,0,0,0,2,0,0,1,2,0,1,,
"hood|backstop=None,clearance_mm=0.0,funnel=True,gate=True,plate=0.1,plate_chamfer_deg=10,plate_round_mm=0.1,retreat=0,rim_fillet_mm=0.3,rough_mm=0.1|v10|stop",bead,mat,0.0,2,0,0,0,2,0,0,0,2,0,0,,
"hood|backstop=None,clearance_mm=0.0,funnel=True,gate=True,plate=0.1,plate_chamfer_deg=10,plate_round_mm=0.1,retreat=0,rim_fillet_mm=0.3,rough_mm=0.1|v10|stop",bead,mat,5.0,2,0,0,0,2,0,0,0,2,0,0,,
"hood|backstop=None,clearance_mm=0.0,funnel=True,gate=True,plate=0.1,plate_chamfer_deg=10,plate_round_mm=0.1,retreat=0,rim_fillet_mm=0.3,rough_mm=0.1|v10|stop",bead,mat,10.0,2,0,0,0,2,0,0,0,2,0,0,,
"hood|backstop=None,clearance_mm=0.0,funnel=True,gate=True,plate=0.1,plate_chamfer_deg=10,plate_round_mm=0.1,retreat=0,rim_fillet_mm=0.3,rough_mm=0.1|v10|stop",coin_1yen,flooring,0.0,2,0,0,0,1,1,0,0,2,0,0,,
"hood|backstop=None,clearance_mm=0.0,funnel=True,gate=True,plate=0.1,plate_chamfer_deg=10,plate_round_mm=0.1,retreat=0,rim_fillet_mm=0.3,rough_mm=0.1|v10|stop",coin_1yen,flooring,5.0,2,0,0,0,0,2,0,0,1,0,0,,
"hood|backstop=None,clearance_mm=0.0,funnel=True,gate=True,plate=0.1,plate_chamfer_deg=10,plate_round_mm=0.1,retreat=0,rim_fillet_mm=0.3,rough_mm=0.1|v10|stop",coin_1yen,flooring,10.0,2,0,0,0,1,1,0,0,0,0,0,,
"hood|backstop=None,clearance_mm=0.0,funnel=True,gate=True,plate=0.1,plate_chamfer_deg=10,plate_round_mm=0.1,retreat=0,rim_fillet_mm=0.3,rough_mm=0.1|v10|stop",coin_1yen,mat,0.0,2,0,0,0,0,2,0,1,1,0,1,,
"hood|backstop=None,clearance_mm=0.0,funnel=True,gate=True,plate=0.1,plate_chamfer_deg=10,plate_round_mm=0.1,retreat=0,rim_fillet_mm=0.3,rough_mm=0.1|v10|stop",coin_1yen,mat,5.0,2,0,0,0,0,2,0,0,1,0,0,,
"hood|backstop=None,clearance_mm=0.0,funnel=True,gate=True,plate=0.1,plate_chamfer_deg=10,plate_round_mm=0.1,retreat=0,rim_fillet_mm=0.3,rough_mm=0.1|v10|stop",coin_1yen,mat,10.0,2,0,0,0,0,2,0,0,2,0,0,,
"hood|backstop=None,clearance_mm=0.0,funnel=True,gate=True,plate=0.1,plate_chamfer_deg=10,plate_round_mm=0.1,retreat=0,rim_fillet_mm=0.3,rough_mm=0.1|v10|stop",crumb_cube,flooring,0.0,2,0,0,0,0,2,0,2,2,0,2,,
"hood|backstop=None,clearance_mm=0.0,funnel=True,gate=True,plate=0.1,plate_chamfer_deg=10,plate_round_mm=0.1,retreat=0,rim_fillet_mm=0.3,rough_mm=0.1|v10|stop",crumb_cube,flooring,5.0,2,0,0,0,0,2,0,2,2,0,2,,
"hood|backstop=None,clearance_mm=0.0,funnel=True,gate=True,plate=0.1,plate_chamfer_deg=10,plate_round_mm=0.1,retreat=0,rim_fillet_mm=0.3,rough_mm=0.1|v10|stop",crumb_cube,flooring,10.0,2,0,0,0,0,2,0,2,2,0,2,,
"hood|backstop=None,clearance_mm=0.0,funnel=True,gate=True,plate=0.1,plate_chamfer_deg=10,plate_round_mm=0.1,retreat=0,rim_fillet_mm=0.3,rough_mm=0.1|v10|stop",crumb_cube,mat,0.0,2,0,0,0,0,2,0,2,2,0,2,,
"hood|backstop=None,clearance_mm=0.0,funnel=True,gate=True,plate=0.1,plate_chamfer_deg=10,plate_round_mm=0.1,retreat=0,rim_fillet_mm=0.3,rough_mm=0.1|v10|stop",crumb_cube,mat,5.0,2,0,0,0,0,2,0,2,2,0,2,,
"hood|backstop=None,clearance_mm=0.0,funnel=True,gate=True,plate=0.1,plate_chamfer_deg=10,plate_round_mm=0.1,retreat=0,rim_fillet_mm=0.3,rough_mm=0.1|v10|stop",crumb_cube,mat,10.0,2,0,0,0,0,2,0,2,2,0,2,,
"hood|backstop=None,clearance_mm=0.0,funnel=True,gate=True,plate=0.1,plate_chamfer_deg=10,plate_round_mm=0.1,retreat=0,rough_mm=0.03|v10|stop",battery_cr2032,flooring,0.0,2,0,0,0,0,2,0,2,2,0,2,,
"hood|backstop=None,clearance_mm=0.0,funnel=True,gate=True,plate=0.1,plate_chamfer_deg=10,plate_round_mm=0.1,retreat=0,rough_mm=0.03|v10|stop",battery_cr2032,flooring,5.0,2,0,0,0,0,2,0,2,2,0,2,,
"hood|backstop=None,clearance_mm=0.0,funnel=True,gate=True,plate=0.1,plate_chamfer_deg=10,plate_round_mm=0.1,retreat=0,rough_mm=0.03|v10|stop",battery_cr2032,flooring,10.0,2,0,0,0,2,0,0,0,2,0,0,,
"hood|backstop=None,clearance_mm=0.0,funnel=True,gate=True,plate=0.1,plate_chamfer_deg=10,plate_round_mm=0.1,retreat=0,rough_mm=0.03|v10|stop",battery_cr2032,mat,0.0,2,0,0,0,0,2,0,2,2,0,2,,
"hood|backstop=None,clearance_mm=0.0,funnel=True,gate=True,plate=0.1,plate_chamfer_deg=10,plate_round_mm=0.1,retreat=0,rough_mm=0.03|v10|stop",battery_cr2032,mat,5.0,2,0,0,0,1,1,0,1,2,0,1,,
"hood|backstop=None,clearance_mm=0.0,funnel=True,gate=True,plate=0.1,plate_chamfer_deg=10,plate_round_mm=0.1,retreat=0,rough_mm=0.03|v10|stop",battery_cr2032,mat,10.0,2,0,0,0,2,0,0,0,2,0,0,,
"hood|backstop=None,clearance_mm=0.0,funnel=True,gate=True,plate=0.1,plate_chamfer_deg=10,plate_round_mm=0.1,retreat=0,rough_mm=0.03|v10|stop",bead,flooring,0.0,2,0,0,0,2,0,0,0,2,0,0,,
"hood|backstop=None,clearance_mm=0.0,funnel=True,gate=True,plate=0.1,plate_chamfer_deg=10,plate_round_mm=0.1,retreat=0,rough_mm=0.03|v10|stop",bead,flooring,5.0,2,0,0,0,2,0,0,0,2,0,0,,
"hood|backstop=None,clearance_mm=0.0,funnel=True,gate=True,plate=0.1,plate_chamfer_deg=10,plate_round_mm=0.1,retreat=0,rough_mm=0.03|v10|stop",bead,flooring,10.0,2,0,0,0,2,0,0,0,2,0,0,,
"hood|backstop=None,clearance_mm=0.0,funnel=True,gate=True,plate=0.1,plate_chamfer_deg=10,plate_round_mm=0.1,retreat=0,rough_mm=0.03|v10|stop",bead,mat,0.0,2,0,0,0,2,0,0,0,2,0,0,,
"hood|backstop=None,clearance_mm=0.0,funnel=True,gate=True,plate=0.1,plate_chamfer_deg=10,plate_round_mm=0.1,retreat=0,rough_mm=0.03|v10|stop",bead,mat,5.0,2,0,0,0,2,0,0,0,2,0,0,,
"hood|backstop=None,clearance_mm=0.0,funnel=True,gate=True,plate=0.1,plate_chamfer_deg=10,plate_round_mm=0.1,retreat=0,rough_mm=0.03|v10|stop",bead,mat,10.0,2,0,0,0,2,0,0,0,2,0,0,,
"hood|backstop=None,clearance_mm=0.0,funnel=True,gate=True,plate=0.1,plate_chamfer_deg=10,plate_round_mm=0.1,retreat=0,rough_mm=0.03|v10|stop",coin_1yen,flooring,0.0,2,0,0,0,0,2,0,2,2,0,2,,
"hood|backstop=None,clearance_mm=0.0,funnel=True,gate=True,plate=0.1,plate_chamfer_deg=10,plate_round_mm=0.1,retreat=0,rough_mm=0.03|v10|stop",coin_1yen,flooring,5.0,2,0,0,0,0,2,0,2,2,0,2,,
"hood|backstop=None,clearance_mm=0.0,funnel=True,gate=True,plate=0.1,plate_chamfer_deg=10,plate_round_mm=0.1,retreat=0,rough_mm=0.03|v10|stop",coin_1yen,flooring,10.0,2,0,0,0,2,0,0,0,2,0,0,,
"hood|backstop=None,clearance_mm=0.0,funnel=True,gate=True,plate=0.1,plate_chamfer_deg=10,plate_round_mm=0.1,retreat=0,rough_mm=0.03|v10|stop",coin_1yen,mat,0.0,2,0,0,0,0,2,0,2,2,0,2,,
"hood|backstop=None,clearance_mm=0.0,funnel=True,gate=True,plate=0.1,plate_chamfer_deg=10,plate_round_mm=0.1,retreat=0,rough_mm=0.03|v10|stop",coin_1yen,mat,5.0,2,0,0,0,1,1,0,1,2,0,1,,
"hood|backstop=None,clearance_mm=0.0,funnel=True,gate=True,plate=0.1,plate_chamfer_deg=10,plate_round_mm=0.1,retreat=0,rough_mm=0.03|v10|stop",coin_1yen,mat,10.0,2,0,0,0,1,1,0,1,2,0,1,,
"hood|backstop=None,clearance_mm=0.0,funnel=True,gate=True,plate=0.1,plate_chamfer_deg=10,plate_round_mm=0.1,retreat=0,rough_mm=0.03|v10|stop",crumb_cube,flooring,0.0,2,0,0,0,1,1,0,1,2,0,1,,
"hood|backstop=None,clearance_mm=0.0,funnel=True,gate=True,plate=0.1,plate_chamfer_deg=10,plate_round_mm=0.1,retreat=0,rough_mm=0.03|v10|stop",crumb_cube,flooring,5.0,2,0,0,0,0,2,0,2,2,0,2,,
"hood|backstop=None,clearance_mm=0.0,funnel=True,gate=True,plate=0.1,plate_chamfer_deg=10,plate_round_mm=0.1,retreat=0,rough_mm=0.03|v10|stop",crumb_cube,flooring,10.0,2,0,0,0,0,2,0,2,2,0,2,,
"hood|backstop=None,clearance_mm=0.0,funnel=True,gate=True,plate=0.1,plate_chamfer_deg=10,plate_round_mm=0.1,retreat=0,rough_mm=0.03|v10|stop",crumb_cube,mat,0.0,2,0,0,0,1,1,0,1,2,0,1,,
"hood|backstop=None,clearance_mm=0.0,funnel=True,gate=True,plate=0.1,plate_chamfer_deg=10,plate_round_mm=0.1,retreat=0,rough_mm=0.03|v10|stop",crumb_cube,mat,5.0,2,0,0,0,0,2,0,2,2,0,2,,
"hood|backstop=None,clearance_mm=0.0,funnel=True,gate=True,plate=0.1,plate_chamfer_deg=10,plate_round_mm=0.1,retreat=0,rough_mm=0.03|v10|stop",crumb_cube,mat,10.0,2,0,0,0,0,2,0,2,2,0,2,,
"hood|backstop=None,clearance_mm=0.0,funnel=True,gate=True,plate=0.1,plate_chamfer_deg=10,plate_round_mm=0.1,retreat=0,rough_mm=0.1|v10|stop",battery_cr2032,flooring,0.0,2,0,0,0,0,2,0,2,2,0,2,,
"hood|backstop=None,clearance_mm=0.0,funnel=True,gate=True,plate=0.1,plate_chamfer_deg=10,plate_round_mm=0.1,retreat=0,rough_mm=0.1|v10|stop",battery_cr2032,flooring,5.0,2,0,0,0,0,2,0,2,2,0,2,,
"hood|backstop=None,clearance_mm=0.0,funnel=True,gate=True,plate=0.1,plate_chamfer_deg=10,plate_round_mm=0.1,retreat=0,rough_mm=0.1|v10|stop",battery_cr2032,flooring,10.0,2,0,0,0,1,1,0,1,2,0,1,,
"hood|backstop=None,clearance_mm=0.0,funnel=True,gate=True,plate=0.1,plate_chamfer_deg=10,plate_round_mm=0.1,retreat=0,rough_mm=0.1|v10|stop",battery_cr2032,mat,0.0,2,0,0,0,0,2,0,2,2,0,2,,
"hood|backstop=None,clearance_mm=0.0,funnel=True,gate=True,plate=0.1,plate_chamfer_deg=10,plate_round_mm=0.1,retreat=0,rough_mm=0.1|v10|stop",battery_cr2032,mat,5.0,2,0,0,0,2,0,0,0,2,0,0,,
"hood|backstop=None,clearance_mm=0.0,funnel=True,gate=True,plate=0.1,plate_chamfer_deg=10,plate_round_mm=0.1,retreat=0,rough_mm=0.1|v10|stop",battery_cr2032,mat,10.0,2,0,0,0,2,0,0,0,2,0,0,,
"hood|backstop=None,clearance_mm=0.0,funnel=True,gate=True,plate=0.1,plate_chamfer_deg=10,plate_round_mm=0.1,retreat=0,rough_mm=0.1|v10|stop",bead,flooring,0.0,2,0,0,0,2,0,0,0,2,0,0,,
"hood|backstop=None,clearance_mm=0.0,funnel=True,gate=True,plate=0.1,plate_chamfer_deg=10,plate_round_mm=0.1,retreat=0,rough_mm=0.1|v10|stop",bead,flooring,5.0,2,0,0,0,2,0,0,0,2,0,0,,
"hood|backstop=None,clearance_mm=0.0,funnel=True,gate=True,plate=0.1,plate_chamfer_deg=10,plate_round_mm=0.1,retreat=0,rough_mm=0.1|v10|stop",bead,flooring,10.0,2,0,0,0,2,0,0,1,2,0,1,,
"hood|backstop=None,clearance_mm=0.0,funnel=True,gate=True,plate=0.1,plate_chamfer_deg=10,plate_round_mm=0.1,retreat=0,rough_mm=0.1|v10|stop",bead,mat,0.0,2,0,0,0,2,0,0,0,2,0,0,,
"hood|backstop=None,clearance_mm=0.0,funnel=True,gate=True,plate=0.1,plate_chamfer_deg=10,plate_round_mm=0.1,retreat=0,rough_mm=0.1|v10|stop",bead,mat,5.0,2,0,0,0,2,0,0,0,2,0,0,,
"hood|backstop=None,clearance_mm=0.0,funnel=True,gate=True,plate=0.1,plate_chamfer_deg=10,plate_round_mm=0.1,retreat=0,rough_mm=0.1|v10|stop",bead,mat,10.0,2,0,0,0,2,0,0,0,2,0,0,,
"hood|backstop=None,clearance_mm=0.0,funnel=True,gate=True,plate=0.1,plate_chamfer_deg=10,plate_round_mm=0.1,retreat=0,rough_mm=0.1|v10|stop",coin_1yen,flooring,0.0,2,0,0,0,0,2,0,2,2,0,2,,
"hood|backstop=None,clearance_mm=0.0,funnel=True,gate=True,plate=0.1,plate_chamfer_deg=10,plate_round_mm=0.1,retreat=0,rough_mm=0.1|v10|stop",coin_1yen,flooring,5.0,2,0,0,0,0,2,0,1,1,0,1,,
"hood|backstop=None,clearance_mm=0.0,funnel=True,gate=True,plate=0.1,plate_chamfer_deg=10,plate_round_mm=0.1,retreat=0,rough_mm=0.1|v10|stop",coin_1yen,flooring,10.0,2,0,0,0,1,1,0,1,2,0,1,,
"hood|backstop=None,clearance_mm=0.0,funnel=True,gate=True,plate=0.1,plate_chamfer_deg=10,plate_round_mm=0.1,retreat=0,rough_mm=0.1|v10|stop",coin_1yen,mat,0.0,2,0,0,0,0,2,0,2,2,0,2,,
"hood|backstop=None,clearance_mm=0.0,funnel=True,gate=True,plate=0.1,plate_chamfer_deg=10,plate_round_mm=0.1,retreat=0,rough_mm=0.1|v10|stop",coin_1yen,mat,5.0,2,0,0,0,0,2,0,2,2,0,2,,
"hood|backstop=None,clearance_mm=0.0,funnel=True,gate=True,plate=0.1,plate_chamfer_deg=10,plate_round_mm=0.1,retreat=0,rough_mm=0.1|v10|stop",coin_1yen,mat,10.0,2,0,0,0,2,0,0,0,2,0,0,,
"hood|backstop=None,clearance_mm=0.0,funnel=True,gate=True,plate=0.1,plate_chamfer_deg=10,plate_round_mm=0.1,retreat=0,rough_mm=0.1|v10|stop",crumb_cube,flooring,0.0,2,0,0,0,0,2,0,2,2,0,2,,
"hood|backstop=None,clearance_mm=0.0,funnel=True,gate=True,plate=0.1,plate_chamfer_deg=10,plate_round_mm=0.1,retreat=0,rough_mm=0.1|v10|stop",crumb_cube,flooring,5.0,2,0,0,0,0,2,0,2,2,0,2,,
"hood|backstop=None,clearance_mm=0.0,funnel=True,gate=True,plate=0.1,plate_chamfer_deg=10,plate_round_mm=0.1,retreat=0,rough_mm=0.1|v10|stop",crumb_cube,flooring,10.0,2,0,0,0,0,2,0,2,2,0,2,,
"hood|backstop=None,clearance_mm=0.0,funnel=True,gate=True,plate=0.1,plate_chamfer_deg=10,plate_round_mm=0.1,retreat=0,rough_mm=0.1|v10|stop",crumb_cube,mat,0.0,2,0,0,0,0,2,0,2,2,0,2,,
"hood|backstop=None,clearance_mm=0.0,funnel=True,gate=True,plate=0.1,plate_chamfer_deg=10,plate_round_mm=0.1,retreat=0,rough_mm=0.1|v10|stop",crumb_cube,mat,5.0,2,0,0,0,0,2,0,2,2,0,2,,
"hood|backstop=None,clearance_mm=0.0,funnel=True,gate=True,plate=0.1,plate_chamfer_deg=10,plate_round_mm=0.1,retreat=0,rough_mm=0.1|v10|stop",crumb_cube,mat,10.0,2,0,0,0,0,2,0,2,2,0,2,,
"hood|backstop=None,clearance_mm=0.0,funnel=True,gate=True,plate=0.1,plate_chamfer_deg=20,plate_round_mm=0.1,retreat=0,rough_mm=0.03|v10|stop",battery_cr2032,flooring,0.0,2,0,0,0,0,2,0,2,2,0,2,,
"hood|backstop=None,clearance_mm=0.0,funnel=True,gate=True,plate=0.1,plate_chamfer_deg=20,plate_round_mm=0.1,retreat=0,rough_mm=0.03|v10|stop",battery_cr2032,flooring,5.0,2,0,0,0,0,2,0,2,2,0,2,,
"hood|backstop=None,clearance_mm=0.0,funnel=True,gate=True,plate=0.1,plate_chamfer_deg=20,plate_round_mm=0.1,retreat=0,rough_mm=0.03|v10|stop",battery_cr2032,flooring,10.0,2,0,0,0,2,0,0,0,2,0,0,,
"hood|backstop=None,clearance_mm=0.0,funnel=True,gate=True,plate=0.1,plate_chamfer_deg=20,plate_round_mm=0.1,retreat=0,rough_mm=0.03|v10|stop",battery_cr2032,mat,0.0,2,0,0,0,0,2,0,2,2,0,2,,
"hood|backstop=None,clearance_mm=0.0,funnel=True,gate=True,plate=0.1,plate_chamfer_deg=20,plate_round_mm=0.1,retreat=0,rough_mm=0.03|v10|stop",battery_cr2032,mat,5.0,2,0,0,0,1,1,0,1,2,0,1,,
"hood|backstop=None,clearance_mm=0.0,funnel=True,gate=True,plate=0.1,plate_chamfer_deg=20,plate_round_mm=0.1,retreat=0,rough_mm=0.03|v10|stop",battery_cr2032,mat,10.0,2,0,0,0,2,0,0,0,2,0,0,,
"hood|backstop=None,clearance_mm=0.0,funnel=True,gate=True,plate=0.1,plate_chamfer_deg=20,plate_round_mm=0.1,retreat=0,rough_mm=0.03|v10|stop",bead,flooring,0.0,2,0,0,0,2,0,0,0,2,0,0,,
"hood|backstop=None,clearance_mm=0.0,funnel=True,gate=True,plate=0.1,plate_chamfer_deg=20,plate_round_mm=0.1,retreat=0,rough_mm=0.03|v10|stop",bead,flooring,5.0,2,0,0,0,2,0,0,0,2,0,0,,
"hood|backstop=None,clearance_mm=0.0,funnel=True,gate=True,plate=0.1,plate_chamfer_deg=20,plate_round_mm=0.1,retreat=0,rough_mm=0.03|v10|stop",bead,flooring,10.0,2,0,0,0,2,0,0,0,2,0,0,,
"hood|backstop=None,clearance_mm=0.0,funnel=True,gate=True,plate=0.1,plate_chamfer_deg=20,plate_round_mm=0.1,retreat=0,rough_mm=0.03|v10|stop",bead,mat,0.0,2,0,0,0,2,0,0,0,2,0,0,,
"hood|backstop=None,clearance_mm=0.0,funnel=True,gate=True,plate=0.1,plate_chamfer_deg=20,plate_round_mm=0.1,retreat=0,rough_mm=0.03|v10|stop",bead,mat,5.0,2,0,0,0,2,0,0,0,2,0,0,,
"hood|backstop=None,clearance_mm=0.0,funnel=True,gate=True,plate=0.1,plate_chamfer_deg=20,plate_round_mm=0.1,retreat=0,rough_mm=0.03|v10|stop",bead,mat,10.0,2,0,0,0,2,0,0,0,2,0,0,,
"hood|backstop=None,clearance_mm=0.0,funnel=True,gate=True,plate=0.1,plate_chamfer_deg=20,plate_round_mm=0.1,retreat=0,rough_mm=0.03|v10|stop",coin_1yen,flooring,0.0,2,0,0,0,0,2,0,2,2,0,2,,
"hood|backstop=None,clearance_mm=0.0,funnel=True,gate=True,plate=0.1,plate_chamfer_deg=20,plate_round_mm=0.1,retreat=0,rough_mm=0.03|v10|stop",coin_1yen,flooring,5.0,2,0,0,0,1,1,0,1,2,0,1,,
"hood|backstop=None,clearance_mm=0.0,funnel=True,gate=True,plate=0.1,plate_chamfer_deg=20,plate_round_mm=0.1,retreat=0,rough_mm=0.03|v10|stop",coin_1yen,flooring,10.0,2,0,0,0,2,0,0,0,2,0,0,,
"hood|backstop=None,clearance_mm=0.0,funnel=True,gate=True,plate=0.1,plate_chamfer_deg=20,plate_round_mm=0.1,retreat=0,rough_mm=0.03|v10|stop",coin_1yen,mat,0.0,2,0,0,0,0,2,0,2,2,0,2,,
"hood|backstop=None,clearance_mm=0.0,funnel=True,gate=True,plate=0.1,plate_chamfer_deg=20,plate_round_mm=0.1,retreat=0,rough_mm=0.03|v10|stop",coin_1yen,mat,5.0,2,0,0,0,1,1,0,1,2,0,1,,
"hood|backstop=None,clearance_mm=0.0,funnel=True,gate=True,plate=0.1,plate_chamfer_deg=20,plate_round_mm=0.1,retreat=0,rough_mm=0.03|v10|stop",coin_1yen,mat,10.0,2,0,0,0,2,0,0,0,2,0,0,,
"hood|backstop=None,clearance_mm=0.0,funnel=True,gate=True,plate=0.1,plate_chamfer_deg=20,plate_round_mm=0.1,retreat=0,rough_mm=0.03|v10|stop",crumb_cube,flooring,0.0,2,0,0,0,1,1,0,1,2,0,1,,
"hood|backstop=None,clearance_mm=0.0,funnel=True,gate=True,plate=0.1,plate_chamfer_deg=20,plate_round_mm=0.1,retreat=0,rough_mm=0.03|v10|stop",crumb_cube,flooring,5.0,2,0,0,0,1,1,0,1,2,0,1,,
"hood|backstop=None,clearance_mm=0.0,funnel=True,gate=True,plate=0.1,plate_chamfer_deg=20,plate_round_mm=0.1,retreat=0,rough_mm=0.03|v10|stop",crumb_cube,flooring,10.0,2,0,0,0,0,2,0,2,2,0,2,,
"hood|backstop=None,clearance_mm=0.0,funnel=True,gate=True,plate=0.1,plate_chamfer_deg=20,plate_round_mm=0.1,retreat=0,rough_mm=0.03|v10|stop",crumb_cube,mat,0.0,2,0,0,0,1,1,0,1,2,0,1,,
"hood|backstop=None,clearance_mm=0.0,funnel=True,gate=True,plate=0.1,plate_chamfer_deg=20,plate_round_mm=0.1,retreat=0,rough_mm=0.03|v10|stop",crumb_cube,mat,5.0,2,0,0,0,1,1,0,1,2,0,1,,
"hood|backstop=None,clearance_mm=0.0,funnel=True,gate=True,plate=0.1,plate_chamfer_deg=20,plate_round_mm=0.1,retreat=0,rough_mm=0.03|v10|stop",crumb_cube,mat,10.0,2,0,0,0,0,2,0,2,2,0,2,,
"hood|backstop=None,clearance_mm=0.0,funnel=True,gate=True,plate=0.1,plate_chamfer_deg=20,plate_round_mm=0.1,retreat=0,rough_mm=0.1|v10|stop",battery_cr2032,flooring,0.0,2,0,0,0,0,2,0,2,2,0,2,,
"hood|backstop=None,clearance_mm=0.0,funnel=True,gate=True,plate=0.1,plate_chamfer_deg=20,plate_round_mm=0.1,retreat=0,rough_mm=0.1|v10|stop",battery_cr2032,flooring,5.0,2,0,0,0,1,1,0,1,2,0,1,,
"hood|backstop=None,clearance_mm=0.0,funnel=True,gate=True,plate=0.1,plate_chamfer_deg=20,plate_round_mm=0.1,retreat=0,rough_mm=0.1|v10|stop",battery_cr2032,flooring,10.0,2,0,0,0,1,1,0,1,2,0,1,,
"hood|backstop=None,clearance_mm=0.0,funnel=True,gate=True,plate=0.1,plate_chamfer_deg=20,plate_round_mm=0.1,retreat=0,rough_mm=0.1|v10|stop",battery_cr2032,mat,0.0,2,0,0,0,0,2,0,2,2,0,2,,
"hood|backstop=None,clearance_mm=0.0,funnel=True,gate=True,plate=0.1,plate_chamfer_deg=20,plate_round_mm=0.1,retreat=0,rough_mm=0.1|v10|stop",battery_cr2032,mat,5.0,2,0,0,0,2,0,0,0,2,0,0,,
"hood|backstop=None,clearance_mm=0.0,funnel=True,gate=True,plate=0.1,plate_chamfer_deg=20,plate_round_mm=0.1,retreat=0,rough_mm=0.1|v10|stop",battery_cr2032,mat,10.0,2,0,0,0,2,0,0,0,2,0,0,,
"hood|backstop=None,clearance_mm=0.0,funnel=True,gate=True,plate=0.1,plate_chamfer_deg=20,plate_round_mm=0.1,retreat=0,rough_mm=0.1|v10|stop",bead,flooring,0.0,2,0,0,0,2,0,0,0,2,0,0,,
"hood|backstop=None,clearance_mm=0.0,funnel=True,gate=True,plate=0.1,plate_chamfer_deg=20,plate_round_mm=0.1,retreat=0,rough_mm=0.1|v10|stop",bead,flooring,5.0,2,0,0,0,2,0,0,0,2,0,0,,
"hood|backstop=None,clearance_mm=0.0,funnel=True,gate=True,plate=0.1,plate_chamfer_deg=20,plate_round_mm=0.1,retreat=0,rough_mm=0.1|v10|stop",bead,flooring,10.0,2,0,0,0,2,0,0,0,2,0,0,,
"hood|backstop=None,clearance_mm=0.0,funnel=True,gate=True,plate=0.1,plate_chamfer_deg=20,plate_round_mm=0.1,retreat=0,rough_mm=0.1|v10|stop",bead,mat,0.0,2,0,0,0,2,0,0,0,2,0,0,,
"hood|backstop=None,clearance_mm=0.0,funnel=True,gate=True,plate=0.1,plate_chamfer_deg=20,plate_round_mm=0.1,retreat=0,rough_mm=0.1|v10|stop",bead,mat,5.0,2,0,0,0,2,0,0,0,2,0,0,,
"hood|backstop=None,clearance_mm=0.0,funnel=True,gate=True,plate=0.1,plate_chamfer_deg=20,plate_round_mm=0.1,retreat=0,rough_mm=0.1|v10|stop",bead,mat,10.0,2,0,0,0,2,0,0,0,2,0,0,,
"hood|backstop=None,clearance_mm=0.0,funnel=True,gate=True,plate=0.1,plate_chamfer_deg=20,plate_round_mm=0.1,retreat=0,rough_mm=0.1|v10|stop",coin_1yen,flooring,0.0,2,0,0,0,0,2,0,2,2,0,2,,
"hood|backstop=None,clearance_mm=0.0,funnel=True,gate=True,plate=0.1,plate_chamfer_deg=20,plate_round_mm=0.1,retreat=0,rough_mm=0.1|v10|stop",coin_1yen,flooring,5.0,2,0,0,0,0,2,0,1,1,0,1,,
"hood|backstop=None,clearance_mm=0.0,funnel=True,gate=True,plate=0.1,plate_chamfer_deg=20,plate_round_mm=0.1,retreat=0,rough_mm=0.1|v10|stop",coin_1yen,flooring,10.0,2,0,0,0,2,0,0,0,2,0,0,,
"hood|backstop=None,clearance_mm=0.0,funnel=True,gate=True,plate=0.1,plate_chamfer_deg=20,plate_round_mm=0.1,retreat=0,rough_mm=0.1|v10|stop",coin_1yen,mat,0.0,2,0,0,0,0,2,0,2,2,0,2,,
"hood|backstop=None,clearance_mm=0.0,funnel=True,gate=True,plate=0.1,plate_chamfer_deg=20,plate_round_mm=0.1,retreat=0,rough_mm=0.1|v10|stop",coin_1yen,mat,5.0,2,0,0,0,1,1,0,1,2,0,1,,
"hood|backstop=None,clearance_mm=0.0,funnel=True,gate=True,plate=0.1,plate_chamfer_deg=20,plate_round_mm=0.1,retreat=0,rough_mm=0.1|v10|stop",coin_1yen,mat,10.0,2,0,0,0,2,0,0,0,2,0,0,,
"hood|backstop=None,clearance_mm=0.0,funnel=True,gate=True,plate=0.1,plate_chamfer_deg=20,plate_round_mm=0.1,retreat=0,rough_mm=0.1|v10|stop",crumb_cube,flooring,0.0,2,0,0,0,0,2,0,2,2,0,2,,
"hood|backstop=None,clearance_mm=0.0,funnel=True,gate=True,plate=0.1,plate_chamfer_deg=20,plate_round_mm=0.1,retreat=0,rough_mm=0.1|v10|stop",crumb_cube,flooring,5.0,2,0,0,0,0,2,0,2,2,0,2,,
"hood|backstop=None,clearance_mm=0.0,funnel=True,gate=True,plate=0.1,plate_chamfer_deg=20,plate_round_mm=0.1,retreat=0,rough_mm=0.1|v10|stop",crumb_cube,flooring,10.0,2,0,0,0,0,2,0,2,2,0,2,,
"hood|backstop=None,clearance_mm=0.0,funnel=True,gate=True,plate=0.1,plate_chamfer_deg=20,plate_round_mm=0.1,retreat=0,rough_mm=0.1|v10|stop",crumb_cube,mat,0.0,2,0,0,0,0,2,0,2,2,0,2,,
"hood|backstop=None,clearance_mm=0.0,funnel=True,gate=True,plate=0.1,plate_chamfer_deg=20,plate_round_mm=0.1,retreat=0,rough_mm=0.1|v10|stop",crumb_cube,mat,5.0,2,0,0,0,0,2,0,2,2,0,2,,
"hood|backstop=None,clearance_mm=0.0,funnel=True,gate=True,plate=0.1,plate_chamfer_deg=20,plate_round_mm=0.1,retreat=0,rough_mm=0.1|v10|stop",crumb_cube,mat,10.0,2,0,0,0,0,2,0,2,2,0,2,,
"hood|backstop=None,clearance_mm=0.0,funnel=True,gate=True,plate=0.2,plate_chamfer_deg=10,plate_round_mm=0.1,retreat=0,rim_fillet_mm=0.3,rough_mm=0.03|v10|stop",battery_cr2032,flooring,0.0,2,0,0,0,2,0,0,0,2,0,0,,
"hood|backstop=None,clearance_mm=0.0,funnel=True,gate=True,plate=0.2,plate_chamfer_deg=10,plate_round_mm=0.1,retreat=0,rim_fillet_mm=0.3,rough_mm=0.03|v10|stop",battery_cr2032,flooring,5.0,2,0,0,0,2,0,0,0,2,0,0,,
"hood|backstop=None,clearance_mm=0.0,funnel=True,gate=True,plate=0.2,plate_chamfer_deg=10,plate_round_mm=0.1,retreat=0,rim_fillet_mm=0.3,rough_mm=0.03|v10|stop",battery_cr2032,flooring,10.0,2,0,0,0,2,0,0,0,2,0,0,,
"hood|backstop=None,clearance_mm=0.0,funnel=True,gate=True,plate=0.2,plate_chamfer_deg=10,plate_round_mm=0.1,retreat=0,rim_fillet_mm=0.3,rough_mm=0.03|v10|stop",battery_cr2032,mat,0.0,2,0,0,0,2,0,0,0,2,0,0,,
"hood|backstop=None,clearance_mm=0.0,funnel=True,gate=True,plate=0.2,plate_chamfer_deg=10,plate_round_mm=0.1,retreat=0,rim_fillet_mm=0.3,rough_mm=0.03|v10|stop",battery_cr2032,mat,5.0,2,0,0,0,2,0,0,0,2,0,0,,
"hood|backstop=None,clearance_mm=0.0,funnel=True,gate=True,plate=0.2,plate_chamfer_deg=10,plate_round_mm=0.1,retreat=0,rim_fillet_mm=0.3,rough_mm=0.03|v10|stop",battery_cr2032,mat,10.0,2,0,0,0,2,0,0,0,2,0,0,,
"hood|backstop=None,clearance_mm=0.0,funnel=True,gate=True,plate=0.2,plate_chamfer_deg=10,plate_round_mm=0.1,retreat=0,rim_fillet_mm=0.3,rough_mm=0.03|v10|stop",bead,flooring,0.0,2,0,0,0,2,0,0,0,2,0,0,,
"hood|backstop=None,clearance_mm=0.0,funnel=True,gate=True,plate=0.2,plate_chamfer_deg=10,plate_round_mm=0.1,retreat=0,rim_fillet_mm=0.3,rough_mm=0.03|v10|stop",bead,flooring,5.0,2,0,0,0,2,0,0,0,2,0,0,,
"hood|backstop=None,clearance_mm=0.0,funnel=True,gate=True,plate=0.2,plate_chamfer_deg=10,plate_round_mm=0.1,retreat=0,rim_fillet_mm=0.3,rough_mm=0.03|v10|stop",bead,flooring,10.0,2,0,0,0,2,0,0,0,2,0,0,,
"hood|backstop=None,clearance_mm=0.0,funnel=True,gate=True,plate=0.2,plate_chamfer_deg=10,plate_round_mm=0.1,retreat=0,rim_fillet_mm=0.3,rough_mm=0.03|v10|stop",bead,mat,0.0,2,0,0,0,2,0,0,0,2,0,0,,
"hood|backstop=None,clearance_mm=0.0,funnel=True,gate=True,plate=0.2,plate_chamfer_deg=10,plate_round_mm=0.1,retreat=0,rim_fillet_mm=0.3,rough_mm=0.03|v10|stop",bead,mat,5.0,2,0,0,0,2,0,0,0,2,0,0,,
"hood|backstop=None,clearance_mm=0.0,funnel=True,gate=True,plate=0.2,plate_chamfer_deg=10,plate_round_mm=0.1,retreat=0,rim_fillet_mm=0.3,rough_mm=0.03|v10|stop",bead,mat,10.0,2,0,0,0,2,0,0,0,2,0,0,,
"hood|backstop=None,clearance_mm=0.0,funnel=True,gate=True,plate=0.2,plate_chamfer_deg=10,plate_round_mm=0.1,retreat=0,rim_fillet_mm=0.3,rough_mm=0.03|v10|stop",coin_1yen,flooring,0.0,2,0,0,0,2,0,0,0,2,0,0,,
"hood|backstop=None,clearance_mm=0.0,funnel=True,gate=True,plate=0.2,plate_chamfer_deg=10,plate_round_mm=0.1,retreat=0,rim_fillet_mm=0.3,rough_mm=0.03|v10|stop",coin_1yen,flooring,5.0,2,0,0,0,2,0,0,0,2,0,0,,
"hood|backstop=None,clearance_mm=0.0,funnel=True,gate=True,plate=0.2,plate_chamfer_deg=10,plate_round_mm=0.1,retreat=0,rim_fillet_mm=0.3,rough_mm=0.03|v10|stop",coin_1yen,flooring,10.0,2,0,0,0,2,0,0,0,2,0,0,,
"hood|backstop=None,clearance_mm=0.0,funnel=True,gate=True,plate=0.2,plate_chamfer_deg=10,plate_round_mm=0.1,retreat=0,rim_fillet_mm=0.3,rough_mm=0.03|v10|stop",coin_1yen,mat,0.0,2,0,0,0,2,0,0,0,2,0,0,,
"hood|backstop=None,clearance_mm=0.0,funnel=True,gate=True,plate=0.2,plate_chamfer_deg=10,plate_round_mm=0.1,retreat=0,rim_fillet_mm=0.3,rough_mm=0.03|v10|stop",coin_1yen,mat,5.0,2,0,0,0,2,0,0,0,2,0,0,,
"hood|backstop=None,clearance_mm=0.0,funnel=True,gate=True,plate=0.2,plate_chamfer_deg=10,plate_round_mm=0.1,retreat=0,rim_fillet_mm=0.3,rough_mm=0.03|v10|stop",coin_1yen,mat,10.0,2,0,0,0,2,0,0,0,2,0,0,,
"hood|backstop=None,clearance_mm=0.0,funnel=True,gate=True,plate=0.2,plate_chamfer_deg=10,plate_round_mm=0.1,retreat=0,rim_fillet_mm=0.3,rough_mm=0.03|v10|stop",crumb_cube,flooring,0.0,2,0,0,0,0,2,0,2,2,0,2,,
"hood|backstop=None,clearance_mm=0.0,funnel=True,gate=True,plate=0.2,plate_chamfer_deg=10,plate_round_mm=0.1,retreat=0,rim_fillet_mm=0.3,rough_mm=0.03|v10|stop",crumb_cube,flooring,5.0,2,0,0,0,0,2,0,2,2,0,2,,
"hood|backstop=None,clearance_mm=0.0,funnel=True,gate=True,plate=0.2,plate_chamfer_deg=10,plate_round_mm=0.1,retreat=0,rim_fillet_mm=0.3,rough_mm=0.03|v10|stop",crumb_cube,flooring,10.0,2,0,0,0,0,2,0,2,2,0,2,,
"hood|backstop=None,clearance_mm=0.0,funnel=True,gate=True,plate=0.2,plate_chamfer_deg=10,plate_round_mm=0.1,retreat=0,rim_fillet_mm=0.3,rough_mm=0.03|v10|stop",crumb_cube,mat,0.0,2,0,0,0,0,2,0,2,2,0,2,,
"hood|backstop=None,clearance_mm=0.0,funnel=True,gate=True,plate=0.2,plate_chamfer_deg=10,plate_round_mm=0.1,retreat=0,rim_fillet_mm=0.3,rough_mm=0.03|v10|stop",crumb_cube,mat,5.0,2,0,0,0,0,2,0,2,2,0,2,,
"hood|backstop=None,clearance_mm=0.0,funnel=True,gate=True,plate=0.2,plate_chamfer_deg=10,plate_round_mm=0.1,retreat=0,rim_fillet_mm=0.3,rough_mm=0.03|v10|stop",crumb_cube,mat,10.0,2,0,0,0,0,2,0,2,2,0,2,,
"hood|backstop=None,clearance_mm=0.0,funnel=True,gate=True,plate=0.2,plate_chamfer_deg=10,plate_round_mm=0.1,retreat=0,rim_fillet_mm=0.3,rough_mm=0.1|v10|stop",battery_cr2032,flooring,0.0,2,0,0,0,2,0,0,0,2,0,0,,
"hood|backstop=None,clearance_mm=0.0,funnel=True,gate=True,plate=0.2,plate_chamfer_deg=10,plate_round_mm=0.1,retreat=0,rim_fillet_mm=0.3,rough_mm=0.1|v10|stop",battery_cr2032,flooring,5.0,2,0,0,0,2,0,0,0,2,0,0,,
"hood|backstop=None,clearance_mm=0.0,funnel=True,gate=True,plate=0.2,plate_chamfer_deg=10,plate_round_mm=0.1,retreat=0,rim_fillet_mm=0.3,rough_mm=0.1|v10|stop",battery_cr2032,flooring,10.0,2,0,1,0,0,1,0,1,2,0,1,11.05,4.58
"hood|backstop=None,clearance_mm=0.0,funnel=True,gate=True,plate=0.2,plate_chamfer_deg=10,plate_round_mm=0.1,retreat=0,rim_fillet_mm=0.3,rough_mm=0.1|v10|stop",battery_cr2032,mat,0.0,2,0,0,0,1,1,0,0,1,0,0,,
"hood|backstop=None,clearance_mm=0.0,funnel=True,gate=True,plate=0.2,plate_chamfer_deg=10,plate_round_mm=0.1,retreat=0,rim_fillet_mm=0.3,rough_mm=0.1|v10|stop",battery_cr2032,mat,5.0,2,0,0,0,2,0,0,0,2,0,0,,
"hood|backstop=None,clearance_mm=0.0,funnel=True,gate=True,plate=0.2,plate_chamfer_deg=10,plate_round_mm=0.1,retreat=0,rim_fillet_mm=0.3,rough_mm=0.1|v10|stop",battery_cr2032,mat,10.0,2,0,0,0,1,1,0,1,2,0,1,,
"hood|backstop=None,clearance_mm=0.0,funnel=True,gate=True,plate=0.2,plate_chamfer_deg=10,plate_round_mm=0.1,retreat=0,rim_fillet_mm=0.3,rough_mm=0.1|v10|stop",bead,flooring,0.0,2,0,0,0,2,0,0,0,2,0,0,,
"hood|backstop=None,clearance_mm=0.0,funnel=True,gate=True,plate=0.2,plate_chamfer_deg=10,plate_round_mm=0.1,retreat=0,rim_fillet_mm=0.3,rough_mm=0.1|v10|stop",bead,flooring,5.0,2,0,0,0,2,0,0,0,2,0,0,,
"hood|backstop=None,clearance_mm=0.0,funnel=True,gate=True,plate=0.2,plate_chamfer_deg=10,plate_round_mm=0.1,retreat=0,rim_fillet_mm=0.3,rough_mm=0.1|v10|stop",bead,flooring,10.0,2,0,0,0,2,0,0,0,2,0,0,,
"hood|backstop=None,clearance_mm=0.0,funnel=True,gate=True,plate=0.2,plate_chamfer_deg=10,plate_round_mm=0.1,retreat=0,rim_fillet_mm=0.3,rough_mm=0.1|v10|stop",bead,mat,0.0,2,0,0,0,2,0,0,0,2,0,0,,
"hood|backstop=None,clearance_mm=0.0,funnel=True,gate=True,plate=0.2,plate_chamfer_deg=10,plate_round_mm=0.1,retreat=0,rim_fillet_mm=0.3,rough_mm=0.1|v10|stop",bead,mat,5.0,2,0,0,0,2,0,0,0,2,0,0,,
"hood|backstop=None,clearance_mm=0.0,funnel=True,gate=True,plate=0.2,plate_chamfer_deg=10,plate_round_mm=0.1,retreat=0,rim_fillet_mm=0.3,rough_mm=0.1|v10|stop",bead,mat,10.0,2,0,0,0,2,0,0,0,2,0,0,,
"hood|backstop=None,clearance_mm=0.0,funnel=True,gate=True,plate=0.2,plate_chamfer_deg=10,plate_round_mm=0.1,retreat=0,rim_fillet_mm=0.3,rough_mm=0.1|v10|stop",coin_1yen,flooring,0.0,2,0,0,0,1,1,0,0,2,0,0,,
"hood|backstop=None,clearance_mm=0.0,funnel=True,gate=True,plate=0.2,plate_chamfer_deg=10,plate_round_mm=0.1,retreat=0,rim_fillet_mm=0.3,rough_mm=0.1|v10|stop",coin_1yen,flooring,5.0,2,0,0,0,0,2,0,0,1,0,0,,
"hood|backstop=None,clearance_mm=0.0,funnel=True,gate=True,plate=0.2,plate_chamfer_deg=10,plate_round_mm=0.1,retreat=0,rim_fillet_mm=0.3,rough_mm=0.1|v10|stop",coin_1yen,flooring,10.0,2,0,0,0,1,1,0,0,0,0,0,,
"hood|backstop=None,clearance_mm=0.0,funnel=True,gate=True,plate=0.2,plate_chamfer_deg=10,plate_round_mm=0.1,retreat=0,rim_fillet_mm=0.3,rough_mm=0.1|v10|stop",coin_1yen,mat,0.0,2,0,0,0,1,1,0,0,1,0,0,,
"hood|backstop=None,clearance_mm=0.0,funnel=True,gate=True,plate=0.2,plate_chamfer_deg=10,plate_round_mm=0.1,retreat=0,rim_fillet_mm=0.3,rough_mm=0.1|v10|stop",coin_1yen,mat,5.0,2,0,0,0,0,2,0,0,1,0,0,,
"hood|backstop=None,clearance_mm=0.0,funnel=True,gate=True,plate=0.2,plate_chamfer_deg=10,plate_round_mm=0.1,retreat=0,rim_fillet_mm=0.3,rough_mm=0.1|v10|stop",coin_1yen,mat,10.0,2,0,0,0,0,2,0,0,2,0,0,,
"hood|backstop=None,clearance_mm=0.0,funnel=True,gate=True,plate=0.2,plate_chamfer_deg=10,plate_round_mm=0.1,retreat=0,rim_fillet_mm=0.3,rough_mm=0.1|v10|stop",crumb_cube,flooring,0.0,2,0,0,0,0,2,0,2,2,0,2,,
"hood|backstop=None,clearance_mm=0.0,funnel=True,gate=True,plate=0.2,plate_chamfer_deg=10,plate_round_mm=0.1,retreat=0,rim_fillet_mm=0.3,rough_mm=0.1|v10|stop",crumb_cube,flooring,5.0,2,0,0,0,0,2,0,2,2,0,2,,
"hood|backstop=None,clearance_mm=0.0,funnel=True,gate=True,plate=0.2,plate_chamfer_deg=10,plate_round_mm=0.1,retreat=0,rim_fillet_mm=0.3,rough_mm=0.1|v10|stop",crumb_cube,flooring,10.0,2,0,0,0,0,2,0,2,2,0,2,,
"hood|backstop=None,clearance_mm=0.0,funnel=True,gate=True,plate=0.2,plate_chamfer_deg=10,plate_round_mm=0.1,retreat=0,rim_fillet_mm=0.3,rough_mm=0.1|v10|stop",crumb_cube,mat,0.0,2,0,0,0,0,2,0,2,2,0,2,,
"hood|backstop=None,clearance_mm=0.0,funnel=True,gate=True,plate=0.2,plate_chamfer_deg=10,plate_round_mm=0.1,retreat=0,rim_fillet_mm=0.3,rough_mm=0.1|v10|stop",crumb_cube,mat,5.0,2,0,0,0,0,2,0,2,2,0,2,,
"hood|backstop=None,clearance_mm=0.0,funnel=True,gate=True,plate=0.2,plate_chamfer_deg=10,plate_round_mm=0.1,retreat=0,rim_fillet_mm=0.3,rough_mm=0.1|v10|stop",crumb_cube,mat,10.0,2,0,0,0,0,2,0,2,2,0,2,,
"hood|backstop=None,clearance_mm=0.0,funnel=True,gate=True,plate=0.2,plate_chamfer_deg=10,plate_round_mm=0.1,retreat=0,rough_mm=0.03|v10|stop",battery_cr2032,flooring,0.0,2,0,0,0,0,2,0,2,2,0,2,,
"hood|backstop=None,clearance_mm=0.0,funnel=True,gate=True,plate=0.2,plate_chamfer_deg=10,plate_round_mm=0.1,retreat=0,rough_mm=0.03|v10|stop",battery_cr2032,flooring,5.0,2,0,0,0,0,2,0,2,2,0,2,,
"hood|backstop=None,clearance_mm=0.0,funnel=True,gate=True,plate=0.2,plate_chamfer_deg=10,plate_round_mm=0.1,retreat=0,rough_mm=0.03|v10|stop",battery_cr2032,flooring,10.0,2,0,0,0,2,0,0,0,2,0,0,,
"hood|backstop=None,clearance_mm=0.0,funnel=True,gate=True,plate=0.2,plate_chamfer_deg=10,plate_round_mm=0.1,retreat=0,rough_mm=0.03|v10|stop",battery_cr2032,mat,0.0,2,0,0,0,0,2,0,2,2,0,2,,
"hood|backstop=None,clearance_mm=0.0,funnel=True,gate=True,plate=0.2,plate_chamfer_deg=10,plate_round_mm=0.1,retreat=0,rough_mm=0.03|v10|stop",battery_cr2032,mat,5.0,2,0,0,0,1,1,0,1,2,0,1,,
"hood|backstop=None,clearance_mm=0.0,funnel=True,gate=True,plate=0.2,plate_chamfer_deg=10,plate_round_mm=0.1,retreat=0,rough_mm=0.03|v10|stop",battery_cr2032,mat,10.0,2,0,0,0,2,0,0,0,2,0,0,,
"hood|backstop=None,clearance_mm=0.0,funnel=True,gate=True,plate=0.2,plate_chamfer_deg=10,plate_round_mm=0.1,retreat=0,rough_mm=0.03|v10|stop",bead,flooring,0.0,2,0,0,0,2,0,0,0,2,0,0,,
"hood|backstop=None,clearance_mm=0.0,funnel=True,gate=True,plate=0.2,plate_chamfer_deg=10,plate_round_mm=0.1,retreat=0,rough_mm=0.03|v10|stop",bead,flooring,5.0,2,0,0,0,2,0,0,0,2,0,0,,
"hood|backstop=None,clearance_mm=0.0,funnel=True,gate=True,plate=0.2,plate_chamfer_deg=10,plate_round_mm=0.1,retreat=0,rough_mm=0.03|v10|stop",bead,flooring,10.0,2,0,0,0,2,0,0,0,2,0,0,,
"hood|backstop=None,clearance_mm=0.0,funnel=True,gate=True,plate=0.2,plate_chamfer_deg=10,plate_round_mm=0.1,retreat=0,rough_mm=0.03|v10|stop",bead,mat,0.0,2,0,0,0,2,0,0,0,2,0,0,,
"hood|backstop=None,clearance_mm=0.0,funnel=True,gate=True,plate=0.2,plate_chamfer_deg=10,plate_round_mm=0.1,retreat=0,rough_mm=0.03|v10|stop",bead,mat,5.0,2,0,0,0,2,0,0,0,2,0,0,,
"hood|backstop=None,clearance_mm=0.0,funnel=True,gate=True,plate=0.2,plate_chamfer_deg=10,plate_round_mm=0.1,retreat=0,rough_mm=0.03|v10|stop",bead,mat,10.0,2,0,0,0,2,0,0,0,2,0,0,,
"hood|backstop=None,clearance_mm=0.0,funnel=True,gate=True,plate=0.2,plate_chamfer_deg=10,plate_round_mm=0.1,retreat=0,rough_mm=0.03|v10|stop",coin_1yen,flooring,0.0,2,0,0,0,0,2,0,2,2,0,2,,
"hood|backstop=None,clearance_mm=0.0,funnel=True,gate=True,plate=0.2,plate_chamfer_deg=10,plate_round_mm=0.1,retreat=0,rough_mm=0.03|v10|stop",coin_1yen,flooring,5.0,2,0,0,0,1,1,0,1,2,0,1,,
"hood|backstop=None,clearance_mm=0.0,funnel=True,gate=True,plate=0.2,plate_chamfer_deg=10,plate_round_mm=0.1,retreat=0,rough_mm=0.03|v10|stop",coin_1yen,flooring,10.0,2,0,0,0,1,1,0,1,2,0,1,,
"hood|backstop=None,clearance_mm=0.0,funnel=True,gate=True,plate=0.2,plate_chamfer_deg=10,plate_round_mm=0.1,retreat=0,rough_mm=0.03|v10|stop",coin_1yen,mat,0.0,2,0,0,0,0,2,0,2,2,0,2,,
"hood|backstop=None,clearance_mm=0.0,funnel=True,gate=True,plate=0.2,plate_chamfer_deg=10,plate_round_mm=0.1,retreat=0,rough_mm=0.03|v10|stop",coin_1yen,mat,5.0,2,0,0,0,1,1,0,1,2,0,1,,
"hood|backstop=None,clearance_mm=0.0,funnel=True,gate=True,plate=0.2,plate_chamfer_deg=10,plate_round_mm=0.1,retreat=0,rough_mm=0.03|v10|stop",coin_1yen,mat,10.0,2,0,0,0,2,0,0,0,2,0,0,,
"hood|backstop=None,clearance_mm=0.0,funnel=True,gate=True,plate=0.2,plate_chamfer_deg=10,plate_round_mm=0.1,retreat=0,rough_mm=0.03|v10|stop",crumb_cube,flooring,0.0,2,0,0,0,0,2,0,2,2,0,2,,
"hood|backstop=None,clearance_mm=0.0,funnel=True,gate=True,plate=0.2,plate_chamfer_deg=10,plate_round_mm=0.1,retreat=0,rough_mm=0.03|v10|stop",crumb_cube,flooring,5.0,2,0,0,0,0,2,0,2,2,0,2,,
"hood|backstop=None,clearance_mm=0.0,funnel=True,gate=True,plate=0.2,plate_chamfer_deg=10,plate_round_mm=0.1,retreat=0,rough_mm=0.03|v10|stop",crumb_cube,flooring,10.0,2,0,0,0,0,2,0,2,2,0,2,,
"hood|backstop=None,clearance_mm=0.0,funnel=True,gate=True,plate=0.2,plate_chamfer_deg=10,plate_round_mm=0.1,retreat=0,rough_mm=0.03|v10|stop",crumb_cube,mat,0.0,2,0,0,0,0,2,0,2,2,0,2,,
"hood|backstop=None,clearance_mm=0.0,funnel=True,gate=True,plate=0.2,plate_chamfer_deg=10,plate_round_mm=0.1,retreat=0,rough_mm=0.03|v10|stop",crumb_cube,mat,5.0,2,0,0,0,0,2,0,2,2,0,2,,
"hood|backstop=None,clearance_mm=0.0,funnel=True,gate=True,plate=0.2,plate_chamfer_deg=10,plate_round_mm=0.1,retreat=0,rough_mm=0.03|v10|stop",crumb_cube,mat,10.0,2,0,0,0,0,2,0,2,2,0,2,,
"hood|backstop=None,clearance_mm=0.0,funnel=True,gate=True,plate=0.2,plate_chamfer_deg=10,plate_round_mm=0.1,retreat=0,rough_mm=0.1|v10|stop",battery_cr2032,flooring,0.0,2,0,0,0,0,2,0,2,2,0,2,,
"hood|backstop=None,clearance_mm=0.0,funnel=True,gate=True,plate=0.2,plate_chamfer_deg=10,plate_round_mm=0.1,retreat=0,rough_mm=0.1|v10|stop",battery_cr2032,flooring,5.0,2,0,0,0,0,2,0,1,2,0,1,,
"hood|backstop=None,clearance_mm=0.0,funnel=True,gate=True,plate=0.2,plate_chamfer_deg=10,plate_round_mm=0.1,retreat=0,rough_mm=0.1|v10|stop",battery_cr2032,flooring,10.0,2,0,0,0,1,1,0,0,2,0,0,,
"hood|backstop=None,clearance_mm=0.0,funnel=True,gate=True,plate=0.2,plate_chamfer_deg=10,plate_round_mm=0.1,retreat=0,rough_mm=0.1|v10|stop",battery_cr2032,mat,0.0,2,0,0,0,0,2,0,2,2,0,2,,
"hood|backstop=None,clearance_mm=0.0,funnel=True,gate=True,plate=0.2,plate_chamfer_deg=10,plate_round_mm=0.1,retreat=0,rough_mm=0.1|v10|stop",battery_cr2032,mat,5.0,2,0,0,0,2,0,0,0,2,0,0,,
"hood|backstop=None,clearance_mm=0.0,funnel=True,gate=True,plate=0.2,plate_chamfer_deg=10,plate_round_mm=0.1,retreat=0,rough_mm=0.1|v10|stop",battery_cr2032,mat,10.0,2,0,0,0,2,0,0,0,2,0,0,,
"hood|backstop=None,clearance_mm=0.0,funnel=True,gate=True,plate=0.2,plate_chamfer_deg=10,plate_round_mm=0.1,retreat=0,rough_mm=0.1|v10|stop",bead,flooring,0.0,2,0,0,0,2,0,0,0,2,0,0,,
"hood|backstop=None,clearance_mm=0.0,funnel=True,gate=True,plate=0.2,plate_chamfer_deg=10,plate_round_mm=0.1,retreat=0,rough_mm=0.1|v10|stop",bead,flooring,5.0,2,0,0,0,2,0,0,0,2,0,0,,
"hood|backstop=None,clearance_mm=0.0,funnel=True,gate=True,plate=0.2,plate_chamfer_deg=10,plate_round_mm=0.1,retreat=0,rough_mm=0.1|v10|stop",bead,flooring,10.0,2,0,0,0,2,0,0,0,2,0,0,,
"hood|backstop=None,clearance_mm=0.0,funnel=True,gate=True,plate=0.2,plate_chamfer_deg=10,plate_round_mm=0.1,retreat=0,rough_mm=0.1|v10|stop",bead,mat,0.0,2,0,0,0,2,0,0,0,2,0,0,,
"hood|backstop=None,clearance_mm=0.0,funnel=True,gate=True,plate=0.2,plate_chamfer_deg=10,plate_round_mm=0.1,retreat=0,rough_mm=0.1|v10|stop",bead,mat,5.0,2,0,0,0,2,0,0,0,2,0,0,,
"hood|backstop=None,clearance_mm=0.0,funnel=True,gate=True,plate=0.2,plate_chamfer_deg=10,plate_round_mm=0.1,retreat=0,rough_mm=0.1|v10|stop",bead,mat,10.0,2,0,0,0,2,0,0,0,2,0,0,,
"hood|backstop=None,clearance_mm=0.0,funnel=True,gate=True,plate=0.2,plate_chamfer_deg=10,plate_round_mm=0.1,retreat=0,rough_mm=0.1|v10|stop",coin_1yen,flooring,0.0,2,0,0,0,0,2,0,2,2,0,2,,
"hood|backstop=None,clearance_mm=0.0,funnel=True,gate=True,plate=0.2,plate_chamfer_deg=10,plate_round_mm=0.1,retreat=0,rough_mm=0.1|v10|stop",coin_1yen,flooring,5.0,2,0,0,0,0,2,0,1,1,0,1,,
"hood|backstop=None,clearance_mm=0.0,funnel=True,gate=True,plate=0.2,plate_chamfer_deg=10,plate_round_mm=0.1,retreat=0,rough_mm=0.1|v10|stop",coin_1yen,flooring,10.0,2,0,0,0,0,2,0,2,2,0,2,,
"hood|backstop=None,clearance_mm=0.0,funnel=True,gate=True,plate=0.2,plate_chamfer_deg=10,plate_round_mm=0.1,retreat=0,rough_mm=0.1|v10|stop",coin_1yen,mat,0.0,2,0,0,0,0,2,0,2,2,0,2,,
"hood|backstop=None,clearance_mm=0.0,funnel=True,gate=True,plate=0.2,plate_chamfer_deg=10,plate_round_mm=0.1,retreat=0,rough_mm=0.1|v10|stop",coin_1yen,mat,5.0,2,0,0,0,1,1,0,1,2,0,1,,
"hood|backstop=None,clearance_mm=0.0,funnel=True,gate=True,plate=0.2,plate_chamfer_deg=10,plate_round_mm=0.1,retreat=0,rough_mm=0.1|v10|stop",coin_1yen,mat,10.0,2,0,0,0,2,0,0,0,2,0,0,,
"hood|backstop=None,clearance_mm=0.0,funnel=True,gate=True,plate=0.2,plate_chamfer_deg=10,plate_round_mm=0.1,retreat=0,rough_mm=0.1|v10|stop",crumb_cube,flooring,0.0,2,0,0,0,0,2,0,2,2,0,2,,
"hood|backstop=None,clearance_mm=0.0,funnel=True,gate=True,plate=0.2,plate_chamfer_deg=10,plate_round_mm=0.1,retreat=0,rough_mm=0.1|v10|stop",crumb_cube,flooring,5.0,2,0,0,0,0,2,0,2,2,0,2,,
"hood|backstop=None,clearance_mm=0.0,funnel=True,gate=True,plate=0.2,plate_chamfer_deg=10,plate_round_mm=0.1,retreat=0,rough_mm=0.1|v10|stop",crumb_cube,flooring,10.0,2,0,0,0,0,2,0,2,2,0,2,,
"hood|backstop=None,clearance_mm=0.0,funnel=True,gate=True,plate=0.2,plate_chamfer_deg=10,plate_round_mm=0.1,retreat=0,rough_mm=0.1|v10|stop",crumb_cube,mat,0.0,2,0,0,0,0,2,0,2,2,0,2,,
"hood|backstop=None,clearance_mm=0.0,funnel=True,gate=True,plate=0.2,plate_chamfer_deg=10,plate_round_mm=0.1,retreat=0,rough_mm=0.1|v10|stop",crumb_cube,mat,5.0,2,0,0,0,0,2,0,2,2,0,2,,
"hood|backstop=None,clearance_mm=0.0,funnel=True,gate=True,plate=0.2,plate_chamfer_deg=10,plate_round_mm=0.1,retreat=0,rough_mm=0.1|v10|stop",crumb_cube,mat,10.0,2,0,0,0,0,2,0,2,2,0,2,,
"hood|backstop=None,clearance_mm=0.0,funnel=True,gate=True,plate=0.2,plate_chamfer_deg=20,plate_round_mm=0.1,retreat=0,rough_mm=0.03|v10|stop",battery_cr2032,flooring,0.0,2,0,0,0,0,2,0,2,2,0,2,,
"hood|backstop=None,clearance_mm=0.0,funnel=True,gate=True,plate=0.2,plate_chamfer_deg=20,plate_round_mm=0.1,retreat=0,rough_mm=0.03|v10|stop",battery_cr2032,flooring,5.0,2,0,0,0,0,2,0,2,2,0,2,,
"hood|backstop=None,clearance_mm=0.0,funnel=True,gate=True,plate=0.2,plate_chamfer_deg=20,plate_round_mm=0.1,retreat=0,rough_mm=0.03|v10|stop",battery_cr2032,flooring,10.0,2,0,0,0,2,0,0,0,2,0,0,,
"hood|backstop=None,clearance_mm=0.0,funnel=True,gate=True,plate=0.2,plate_chamfer_deg=20,plate_round_mm=0.1,retreat=0,rough_mm=0.03|v10|stop",battery_cr2032,mat,0.0,2,0,0,0,0,2,0,2,2,0,2,,
"hood|backstop=None,clearance_mm=0.0,funnel=True,gate=True,plate=0.2,plate_chamfer_deg=20,plate_round_mm=0.1,retreat=0,rough_mm=0.03|v10|stop",battery_cr2032,mat,5.0,2,0,0,0,1,1,0,1,2,0,1,,
"hood|backstop=None,clearance_mm=0.0,funnel=True,gate=True,plate=0.2,plate_chamfer_deg=20,plate_round_mm=0.1,retreat=0,rough_mm=0.03|v10|stop",battery_cr2032,mat,10.0,2,0,0,0,2,0,0,0,2,0,0,,
"hood|backstop=None,clearance_mm=0.0,funnel=True,gate=True,plate=0.2,plate_chamfer_deg=20,plate_round_mm=0.1,retreat=0,rough_mm=0.03|v10|stop",bead,flooring,0.0,2,0,0,0,2,0,0,0,2,0,0,,
"hood|backstop=None,clearance_mm=0.0,funnel=True,gate=True,plate=0.2,plate_chamfer_deg=20,plate_round_mm=0.1,retreat=0,rough_mm=0.03|v10|stop",bead,flooring,5.0,2,0,0,0,2,0,0,0,2,0,0,,
"hood|backstop=None,clearance_mm=0.0,funnel=True,gate=True,plate=0.2,plate_chamfer_deg=20,plate_round_mm=0.1,retreat=0,rough_mm=0.03|v10|stop",bead,flooring,10.0,2,0,0,0,2,0,0,0,2,0,0,,
"hood|backstop=None,clearance_mm=0.0,funnel=True,gate=True,plate=0.2,plate_chamfer_deg=20,plate_round_mm=0.1,retreat=0,rough_mm=0.03|v10|stop",bead,mat,0.0,2,0,0,0,2,0,0,0,2,0,0,,
"hood|backstop=None,clearance_mm=0.0,funnel=True,gate=True,plate=0.2,plate_chamfer_deg=20,plate_round_mm=0.1,retreat=0,rough_mm=0.03|v10|stop",bead,mat,5.0,2,0,0,0,2,0,0,0,2,0,0,,
"hood|backstop=None,clearance_mm=0.0,funnel=True,gate=True,plate=0.2,plate_chamfer_deg=20,plate_round_mm=0.1,retreat=0,rough_mm=0.03|v10|stop",bead,mat,10.0,2,0,0,0,2,0,0,0,2,0,0,,
"hood|backstop=None,clearance_mm=0.0,funnel=True,gate=True,plate=0.2,plate_chamfer_deg=20,plate_round_mm=0.1,retreat=0,rough_mm=0.03|v10|stop",coin_1yen,flooring,0.0,2,0,0,0,0,2,0,2,2,0,2,,
"hood|backstop=None,clearance_mm=0.0,funnel=True,gate=True,plate=0.2,plate_chamfer_deg=20,plate_round_mm=0.1,retreat=0,rough_mm=0.03|v10|stop",coin_1yen,flooring,5.0,2,0,0,0,0,2,0,2,2,0,2,,
"hood|backstop=None,clearance_mm=0.0,funnel=True,gate=True,plate=0.2,plate_chamfer_deg=20,plate_round_mm=0.1,retreat=0,rough_mm=0.03|v10|stop",coin_1yen,flooring,10.0,2,0,0,0,1,1,0,1,2,0,1,,
"hood|backstop=None,clearance_mm=0.0,funnel=True,gate=True,plate=0.2,plate_chamfer_deg=20,plate_round_mm=0.1,retreat=0,rough_mm=0.03|v10|stop",coin_1yen,mat,0.0,2,0,0,0,0,2,0,2,2,0,2,,
"hood|backstop=None,clearance_mm=0.0,funnel=True,gate=True,plate=0.2,plate_chamfer_deg=20,plate_round_mm=0.1,retreat=0,rough_mm=0.03|v10|stop",coin_1yen,mat,5.0,2,0,0,0,1,1,0,1,2,0,1,,
"hood|backstop=None,clearance_mm=0.0,funnel=True,gate=True,plate=0.2,plate_chamfer_deg=20,plate_round_mm=0.1,retreat=0,rough_mm=0.03|v10|stop",coin_1yen,mat,10.0,2,0,0,0,2,0,0,0,2,0,0,,
"hood|backstop=None,clearance_mm=0.0,funnel=True,gate=True,plate=0.2,plate_chamfer_deg=20,plate_round_mm=0.1,retreat=0,rough_mm=0.03|v10|stop",crumb_cube,flooring,0.0,2,0,0,0,1,1,0,1,2,0,1,,
"hood|backstop=None,clearance_mm=0.0,funnel=True,gate=True,plate=0.2,plate_chamfer_deg=20,plate_round_mm=0.1,retreat=0,rough_mm=0.03|v10|stop",crumb_cube,flooring,5.0,2,0,0,0,0,2,0,2,2,0,2,,
"hood|backstop=None,clearance_mm=0.0,funnel=True,gate=True,plate=0.2,plate_chamfer_deg=20,plate_round_mm=0.1,retreat=0,rough_mm=0.03|v10|stop",crumb_cube,flooring,10.0,2,0,0,0,0,2,0,2,2,0,2,,
"hood|backstop=None,clearance_mm=0.0,funnel=True,gate=True,plate=0.2,plate_chamfer_deg=20,plate_round_mm=0.1,retreat=0,rough_mm=0.03|v10|stop",crumb_cube,mat,0.0,2,0,0,0,1,1,0,1,2,0,1,,
"hood|backstop=None,clearance_mm=0.0,funnel=True,gate=True,plate=0.2,plate_chamfer_deg=20,plate_round_mm=0.1,retreat=0,rough_mm=0.03|v10|stop",crumb_cube,mat,5.0,2,0,0,0,0,2,0,2,2,0,2,,
"hood|backstop=None,clearance_mm=0.0,funnel=True,gate=True,plate=0.2,plate_chamfer_deg=20,plate_round_mm=0.1,retreat=0,rough_mm=0.03|v10|stop",crumb_cube,mat,10.0,2,0,0,0,0,2,0,2,2,0,2,,
"hood|backstop=None,clearance_mm=0.0,funnel=True,gate=True,plate=0.2,plate_chamfer_deg=20,plate_round_mm=0.1,retreat=0,rough_mm=0.1|v10|stop",battery_cr2032,flooring,0.0,2,0,0,0,0,2,0,2,2,0,2,,
"hood|backstop=None,clearance_mm=0.0,funnel=True,gate=True,plate=0.2,plate_chamfer_deg=20,plate_round_mm=0.1,retreat=0,rough_mm=0.1|v10|stop",battery_cr2032,flooring,5.0,2,0,0,0,0,2,0,1,2,0,1,,
"hood|backstop=None,clearance_mm=0.0,funnel=True,gate=True,plate=0.2,plate_chamfer_deg=20,plate_round_mm=0.1,retreat=0,rough_mm=0.1|v10|stop",battery_cr2032,flooring,10.0,2,0,0,0,1,1,0,0,2,0,0,,
"hood|backstop=None,clearance_mm=0.0,funnel=True,gate=True,plate=0.2,plate_chamfer_deg=20,plate_round_mm=0.1,retreat=0,rough_mm=0.1|v10|stop",battery_cr2032,mat,0.0,2,0,0,0,0,2,0,2,2,0,2,,
"hood|backstop=None,clearance_mm=0.0,funnel=True,gate=True,plate=0.2,plate_chamfer_deg=20,plate_round_mm=0.1,retreat=0,rough_mm=0.1|v10|stop",battery_cr2032,mat,5.0,2,0,0,0,1,1,0,1,2,0,1,,
"hood|backstop=None,clearance_mm=0.0,funnel=True,gate=True,plate=0.2,plate_chamfer_deg=20,plate_round_mm=0.1,retreat=0,rough_mm=0.1|v10|stop",battery_cr2032,mat,10.0,2,0,0,0,2,0,0,0,2,0,0,,
"hood|backstop=None,clearance_mm=0.0,funnel=True,gate=True,plate=0.2,plate_chamfer_deg=20,plate_round_mm=0.1,retreat=0,rough_mm=0.1|v10|stop",bead,flooring,0.0,2,0,0,0,2,0,0,0,2,0,0,,
"hood|backstop=None,clearance_mm=0.0,funnel=True,gate=True,plate=0.2,plate_chamfer_deg=20,plate_round_mm=0.1,retreat=0,rough_mm=0.1|v10|stop",bead,flooring,5.0,2,0,0,0,2,0,0,0,2,0,0,,
"hood|backstop=None,clearance_mm=0.0,funnel=True,gate=True,plate=0.2,plate_chamfer_deg=20,plate_round_mm=0.1,retreat=0,rough_mm=0.1|v10|stop",bead,flooring,10.0,2,0,0,0,2,0,0,0,2,0,0,,
"hood|backstop=None,clearance_mm=0.0,funnel=True,gate=True,plate=0.2,plate_chamfer_deg=20,plate_round_mm=0.1,retreat=0,rough_mm=0.1|v10|stop",bead,mat,0.0,2,0,0,0,2,0,0,0,2,0,0,,
"hood|backstop=None,clearance_mm=0.0,funnel=True,gate=True,plate=0.2,plate_chamfer_deg=20,plate_round_mm=0.1,retreat=0,rough_mm=0.1|v10|stop",bead,mat,5.0,2,0,0,0,2,0,0,0,2,0,0,,
"hood|backstop=None,clearance_mm=0.0,funnel=True,gate=True,plate=0.2,plate_chamfer_deg=20,plate_round_mm=0.1,retreat=0,rough_mm=0.1|v10|stop",bead,mat,10.0,2,0,0,0,2,0,0,0,2,0,0,,
"hood|backstop=None,clearance_mm=0.0,funnel=True,gate=True,plate=0.2,plate_chamfer_deg=20,plate_round_mm=0.1,retreat=0,rough_mm=0.1|v10|stop",coin_1yen,flooring,0.0,2,0,0,0,0,2,0,2,2,0,2,,
"hood|backstop=None,clearance_mm=0.0,funnel=True,gate=True,plate=0.2,plate_chamfer_deg=20,plate_round_mm=0.1,retreat=0,rough_mm=0.1|v10|stop",coin_1yen,flooring,5.0,2,0,0,0,0,2,0,1,1,0,1,,
"hood|backstop=None,clearance_mm=0.0,funnel=True,gate=True,plate=0.2,plate_chamfer_deg=20,plate_round_mm=0.1,retreat=0,rough_mm=0.1|v10|stop",coin_1yen,flooring,10.0,2,0,0,0,2,0,0,0,2,0,0,,
"hood|backstop=None,clearance_mm=0.0,funnel=True,gate=True,plate=0.2,plate_chamfer_deg=20,plate_round_mm=0.1,retreat=0,rough_mm=0.1|v10|stop",coin_1yen,mat,0.0,2,0,0,0,0,2,0,2,2,0,2,,
"hood|backstop=None,clearance_mm=0.0,funnel=True,gate=True,plate=0.2,plate_chamfer_deg=20,plate_round_mm=0.1,retreat=0,rough_mm=0.1|v10|stop",coin_1yen,mat,5.0,2,0,0,0,1,1,0,1,2,0,1,,
"hood|backstop=None,clearance_mm=0.0,funnel=True,gate=True,plate=0.2,plate_chamfer_deg=20,plate_round_mm=0.1,retreat=0,rough_mm=0.1|v10|stop",coin_1yen,mat,10.0,2,0,0,0,2,0,0,0,2,0,0,,
"hood|backstop=None,clearance_mm=0.0,funnel=True,gate=True,plate=0.2,plate_chamfer_deg=20,plate_round_mm=0.1,retreat=0,rough_mm=0.1|v10|stop",crumb_cube,flooring,0.0,2,0,0,0,1,1,0,1,2,0,1,,
"hood|backstop=None,clearance_mm=0.0,funnel=True,gate=True,plate=0.2,plate_chamfer_deg=20,plate_round_mm=0.1,retreat=0,rough_mm=0.1|v10|stop",crumb_cube,flooring,5.0,2,0,0,0,0,2,0,2,2,0,2,,
"hood|backstop=None,clearance_mm=0.0,funnel=True,gate=True,plate=0.2,plate_chamfer_deg=20,plate_round_mm=0.1,retreat=0,rough_mm=0.1|v10|stop",crumb_cube,flooring,10.0,2,0,0,0,0,2,0,2,2,0,2,,
"hood|backstop=None,clearance_mm=0.0,funnel=True,gate=True,plate=0.2,plate_chamfer_deg=20,plate_round_mm=0.1,retreat=0,rough_mm=0.1|v10|stop",crumb_cube,mat,0.0,2,0,0,0,1,1,0,1,2,0,1,,
"hood|backstop=None,clearance_mm=0.0,funnel=True,gate=True,plate=0.2,plate_chamfer_deg=20,plate_round_mm=0.1,retreat=0,rough_mm=0.1|v10|stop",crumb_cube,mat,5.0,2,0,0,0,0,2,0,2,2,0,2,,
"hood|backstop=None,clearance_mm=0.0,funnel=True,gate=True,plate=0.2,plate_chamfer_deg=20,plate_round_mm=0.1,retreat=0,rough_mm=0.1|v10|stop",crumb_cube,mat,10.0,2,0,0,0,0,2,0,2,2,0,2,,
"hood|backstop=None,clearance_mm=0.0,funnel=True,gate=True,plate=0.5,plate_chamfer_deg=10,plate_round_mm=0.1,retreat=0,rim_fillet_mm=0.3,rough_mm=0.03|v10|stop",battery_cr2032,flooring,0.0,2,0,0,0,2,0,0,0,2,0,0,,
"hood|backstop=None,clearance_mm=0.0,funnel=True,gate=True,plate=0.5,plate_chamfer_deg=10,plate_round_mm=0.1,retreat=0,rim_fillet_mm=0.3,rough_mm=0.03|v10|stop",battery_cr2032,flooring,5.0,2,0,0,0,2,0,0,0,2,0,0,,
"hood|backstop=None,clearance_mm=0.0,funnel=True,gate=True,plate=0.5,plate_chamfer_deg=10,plate_round_mm=0.1,retreat=0,rim_fillet_mm=0.3,rough_mm=0.03|v10|stop",battery_cr2032,flooring,10.0,2,0,0,0,2,0,0,0,2,0,0,,
"hood|backstop=None,clearance_mm=0.0,funnel=True,gate=True,plate=0.5,plate_chamfer_deg=10,plate_round_mm=0.1,retreat=0,rim_fillet_mm=0.3,rough_mm=0.03|v10|stop",battery_cr2032,mat,0.0,2,0,0,0,2,0,0,0,2,0,0,,
"hood|backstop=None,clearance_mm=0.0,funnel=True,gate=True,plate=0.5,plate_chamfer_deg=10,plate_round_mm=0.1,retreat=0,rim_fillet_mm=0.3,rough_mm=0.03|v10|stop",battery_cr2032,mat,5.0,2,0,0,0,2,0,0,0,2,0,0,,
"hood|backstop=None,clearance_mm=0.0,funnel=True,gate=True,plate=0.5,plate_chamfer_deg=10,plate_round_mm=0.1,retreat=0,rim_fillet_mm=0.3,rough_mm=0.03|v10|stop",battery_cr2032,mat,10.0,2,0,0,0,2,0,0,0,2,0,0,,
"hood|backstop=None,clearance_mm=0.0,funnel=True,gate=True,plate=0.5,plate_chamfer_deg=10,plate_round_mm=0.1,retreat=0,rim_fillet_mm=0.3,rough_mm=0.03|v10|stop",bead,flooring,0.0,2,0,0,0,2,0,0,0,2,0,0,,
"hood|backstop=None,clearance_mm=0.0,funnel=True,gate=True,plate=0.5,plate_chamfer_deg=10,plate_round_mm=0.1,retreat=0,rim_fillet_mm=0.3,rough_mm=0.03|v10|stop",bead,flooring,5.0,2,0,0,0,2,0,0,0,2,0,0,,
"hood|backstop=None,clearance_mm=0.0,funnel=True,gate=True,plate=0.5,plate_chamfer_deg=10,plate_round_mm=0.1,retreat=0,rim_fillet_mm=0.3,rough_mm=0.03|v10|stop",bead,flooring,10.0,2,0,0,0,2,0,0,0,2,0,0,,
"hood|backstop=None,clearance_mm=0.0,funnel=True,gate=True,plate=0.5,plate_chamfer_deg=10,plate_round_mm=0.1,retreat=0,rim_fillet_mm=0.3,rough_mm=0.03|v10|stop",bead,mat,0.0,2,0,0,0,2,0,0,0,2,0,0,,
"hood|backstop=None,clearance_mm=0.0,funnel=True,gate=True,plate=0.5,plate_chamfer_deg=10,plate_round_mm=0.1,retreat=0,rim_fillet_mm=0.3,rough_mm=0.03|v10|stop",bead,mat,5.0,2,0,0,0,2,0,0,0,2,0,0,,
"hood|backstop=None,clearance_mm=0.0,funnel=True,gate=True,plate=0.5,plate_chamfer_deg=10,plate_round_mm=0.1,retreat=0,rim_fillet_mm=0.3,rough_mm=0.03|v10|stop",bead,mat,10.0,2,0,0,0,2,0,0,0,2,0,0,,
"hood|backstop=None,clearance_mm=0.0,funnel=True,gate=True,plate=0.5,plate_chamfer_deg=10,plate_round_mm=0.1,retreat=0,rim_fillet_mm=0.3,rough_mm=0.03|v10|stop",coin_1yen,flooring,0.0,2,0,0,0,2,0,0,0,2,0,0,,
"hood|backstop=None,clearance_mm=0.0,funnel=True,gate=True,plate=0.5,plate_chamfer_deg=10,plate_round_mm=0.1,retreat=0,rim_fillet_mm=0.3,rough_mm=0.03|v10|stop",coin_1yen,flooring,5.0,2,0,0,0,2,0,0,0,2,0,0,,
"hood|backstop=None,clearance_mm=0.0,funnel=True,gate=True,plate=0.5,plate_chamfer_deg=10,plate_round_mm=0.1,retreat=0,rim_fillet_mm=0.3,rough_mm=0.03|v10|stop",coin_1yen,flooring,10.0,2,0,0,0,2,0,0,0,2,0,0,,
"hood|backstop=None,clearance_mm=0.0,funnel=True,gate=True,plate=0.5,plate_chamfer_deg=10,plate_round_mm=0.1,retreat=0,rim_fillet_mm=0.3,rough_mm=0.03|v10|stop",coin_1yen,mat,0.0,2,0,0,0,2,0,0,0,2,0,0,,
"hood|backstop=None,clearance_mm=0.0,funnel=True,gate=True,plate=0.5,plate_chamfer_deg=10,plate_round_mm=0.1,retreat=0,rim_fillet_mm=0.3,rough_mm=0.03|v10|stop",coin_1yen,mat,5.0,2,0,0,0,2,0,0,0,2,0,0,,
"hood|backstop=None,clearance_mm=0.0,funnel=True,gate=True,plate=0.5,plate_chamfer_deg=10,plate_round_mm=0.1,retreat=0,rim_fillet_mm=0.3,rough_mm=0.03|v10|stop",coin_1yen,mat,10.0,2,0,0,0,2,0,0,0,2,0,0,,
"hood|backstop=None,clearance_mm=0.0,funnel=True,gate=True,plate=0.5,plate_chamfer_deg=10,plate_round_mm=0.1,retreat=0,rim_fillet_mm=0.3,rough_mm=0.03|v10|stop",crumb_cube,flooring,0.0,2,0,0,0,0,2,0,2,2,0,2,,
"hood|backstop=None,clearance_mm=0.0,funnel=True,gate=True,plate=0.5,plate_chamfer_deg=10,plate_round_mm=0.1,retreat=0,rim_fillet_mm=0.3,rough_mm=0.03|v10|stop",crumb_cube,flooring,5.0,2,0,0,0,0,2,0,2,2,0,2,,
"hood|backstop=None,clearance_mm=0.0,funnel=True,gate=True,plate=0.5,plate_chamfer_deg=10,plate_round_mm=0.1,retreat=0,rim_fillet_mm=0.3,rough_mm=0.03|v10|stop",crumb_cube,flooring,10.0,2,0,0,0,0,2,0,2,2,0,2,,
"hood|backstop=None,clearance_mm=0.0,funnel=True,gate=True,plate=0.5,plate_chamfer_deg=10,plate_round_mm=0.1,retreat=0,rim_fillet_mm=0.3,rough_mm=0.03|v10|stop",crumb_cube,mat,0.0,2,0,0,0,0,2,0,2,2,0,2,,
"hood|backstop=None,clearance_mm=0.0,funnel=True,gate=True,plate=0.5,plate_chamfer_deg=10,plate_round_mm=0.1,retreat=0,rim_fillet_mm=0.3,rough_mm=0.03|v10|stop",crumb_cube,mat,5.0,2,0,0,0,0,2,0,2,2,0,2,,
"hood|backstop=None,clearance_mm=0.0,funnel=True,gate=True,plate=0.5,plate_chamfer_deg=10,plate_round_mm=0.1,retreat=0,rim_fillet_mm=0.3,rough_mm=0.03|v10|stop",crumb_cube,mat,10.0,2,0,0,0,0,2,0,2,2,0,2,,
"hood|backstop=None,clearance_mm=0.0,funnel=True,gate=True,plate=0.5,plate_chamfer_deg=10,plate_round_mm=0.1,retreat=0,rim_fillet_mm=0.3,rough_mm=0.1|v10|stop",battery_cr2032,flooring,0.0,2,0,0,0,2,0,0,0,2,0,0,,
"hood|backstop=None,clearance_mm=0.0,funnel=True,gate=True,plate=0.5,plate_chamfer_deg=10,plate_round_mm=0.1,retreat=0,rim_fillet_mm=0.3,rough_mm=0.1|v10|stop",battery_cr2032,flooring,5.0,2,0,0,0,2,0,0,0,2,0,0,,
"hood|backstop=None,clearance_mm=0.0,funnel=True,gate=True,plate=0.5,plate_chamfer_deg=10,plate_round_mm=0.1,retreat=0,rim_fillet_mm=0.3,rough_mm=0.1|v10|stop",battery_cr2032,flooring,10.0,2,0,1,0,0,1,0,1,2,0,1,11.12,4.62
"hood|backstop=None,clearance_mm=0.0,funnel=True,gate=True,plate=0.5,plate_chamfer_deg=10,plate_round_mm=0.1,retreat=0,rim_fillet_mm=0.3,rough_mm=0.1|v10|stop",battery_cr2032,mat,0.0,2,0,0,0,1,1,0,0,1,0,0,,
"hood|backstop=None,clearance_mm=0.0,funnel=True,gate=True,plate=0.5,plate_chamfer_deg=10,plate_round_mm=0.1,retreat=0,rim_fillet_mm=0.3,rough_mm=0.1|v10|stop",battery_cr2032,mat,5.0,2,0,0,0,2,0,0,0,2,0,0,,
"hood|backstop=None,clearance_mm=0.0,funnel=True,gate=True,plate=0.5,plate_chamfer_deg=10,plate_round_mm=0.1,retreat=0,rim_fillet_mm=0.3,rough_mm=0.1|v10|stop",battery_cr2032,mat,10.0,2,0,0,0,2,0,0,0,2,0,0,,
"hood|backstop=None,clearance_mm=0.0,funnel=True,gate=True,plate=0.5,plate_chamfer_deg=10,plate_round_mm=0.1,retreat=0,rim_fillet_mm=0.3,rough_mm=0.1|v10|stop",bead,flooring,0.0,2,0,0,0,2,0,0,0,2,0,0,,
"hood|backstop=None,clearance_mm=0.0,funnel=True,gate=True,plate=0.5,plate_chamfer_deg=10,plate_round_mm=0.1,retreat=0,rim_fillet_mm=0.3,rough_mm=0.1|v10|stop",bead,flooring,5.0,2,0,0,0,2,0,0,0,2,0,0,,
"hood|backstop=None,clearance_mm=0.0,funnel=True,gate=True,plate=0.5,plate_chamfer_deg=10,plate_round_mm=0.1,retreat=0,rim_fillet_mm=0.3,rough_mm=0.1|v10|stop",bead,flooring,10.0,2,0,0,0,2,0,0,0,2,0,0,,
"hood|backstop=None,clearance_mm=0.0,funnel=True,gate=True,plate=0.5,plate_chamfer_deg=10,plate_round_mm=0.1,retreat=0,rim_fillet_mm=0.3,rough_mm=0.1|v10|stop",bead,mat,0.0,2,0,0,0,2,0,0,0,2,0,0,,
"hood|backstop=None,clearance_mm=0.0,funnel=True,gate=True,plate=0.5,plate_chamfer_deg=10,plate_round_mm=0.1,retreat=0,rim_fillet_mm=0.3,rough_mm=0.1|v10|stop",bead,mat,5.0,2,0,0,0,2,0,0,0,2,0,0,,
"hood|backstop=None,clearance_mm=0.0,funnel=True,gate=True,plate=0.5,plate_chamfer_deg=10,plate_round_mm=0.1,retreat=0,rim_fillet_mm=0.3,rough_mm=0.1|v10|stop",bead,mat,10.0,2,0,0,0,2,0,0,0,2,0,0,,
"hood|backstop=None,clearance_mm=0.0,funnel=True,gate=True,plate=0.5,plate_chamfer_deg=10,plate_round_mm=0.1,retreat=0,rim_fillet_mm=0.3,rough_mm=0.1|v10|stop",coin_1yen,flooring,0.0,2,0,0,0,1,1,0,0,2,0,0,,
"hood|backstop=None,clearance_mm=0.0,funnel=True,gate=True,plate=0.5,plate_chamfer_deg=10,plate_round_mm=0.1,retreat=0,rim_fillet_mm=0.3,rough_mm=0.1|v10|stop",coin_1yen,flooring,5.0,2,0,0,0,0,2,0,0,1,0,0,,
"hood|backstop=None,clearance_mm=0.0,funnel=True,gate=True,plate=0.5,plate_chamfer_deg=10,plate_round_mm=0.1,retreat=0,rim_fillet_mm=0.3,rough_mm=0.1|v10|stop",coin_1yen,flooring,10.0,2,0,0,0,1,1,0,0,0,0,0,,
"hood|backstop=None,clearance_mm=0.0,funnel=True,gate=True,plate=0.5,plate_chamfer_deg=10,plate_round_mm=0.1,retreat=0,rim_fillet_mm=0.3,rough_mm=0.1|v10|stop",coin_1yen,mat,0.0,2,0,0,0,1,1,0,0,1,0,0,,
"hood|backstop=None,clearance_mm=0.0,funnel=True,gate=True,plate=0.5,plate_chamfer_deg=10,plate_round_mm=0.1,retreat=0,rim_fillet_mm=0.3,rough_mm=0.1|v10|stop",coin_1yen,mat,5.0,2,0,0,0,0,2,0,0,1,0,0,,
"hood|backstop=None,clearance_mm=0.0,funnel=True,gate=True,plate=0.5,plate_chamfer_deg=10,plate_round_mm=0.1,retreat=0,rim_fillet_mm=0.3,rough_mm=0.1|v10|stop",coin_1yen,mat,10.0,2,0,0,0,1,1,0,0,2,0,0,,
"hood|backstop=None,clearance_mm=0.0,funnel=True,gate=True,plate=0.5,plate_chamfer_deg=10,plate_round_mm=0.1,retreat=0,rim_fillet_mm=0.3,rough_mm=0.1|v10|stop",crumb_cube,flooring,0.0,2,0,0,0,0,2,0,2,2,0,2,,
"hood|backstop=None,clearance_mm=0.0,funnel=True,gate=True,plate=0.5,plate_chamfer_deg=10,plate_round_mm=0.1,retreat=0,rim_fillet_mm=0.3,rough_mm=0.1|v10|stop",crumb_cube,flooring,5.0,2,0,0,0,0,2,0,2,2,0,2,,
"hood|backstop=None,clearance_mm=0.0,funnel=True,gate=True,plate=0.5,plate_chamfer_deg=10,plate_round_mm=0.1,retreat=0,rim_fillet_mm=0.3,rough_mm=0.1|v10|stop",crumb_cube,flooring,10.0,2,0,0,0,0,2,0,2,2,0,2,,
"hood|backstop=None,clearance_mm=0.0,funnel=True,gate=True,plate=0.5,plate_chamfer_deg=10,plate_round_mm=0.1,retreat=0,rim_fillet_mm=0.3,rough_mm=0.1|v10|stop",crumb_cube,mat,0.0,2,0,0,0,0,2,0,2,2,0,2,,
"hood|backstop=None,clearance_mm=0.0,funnel=True,gate=True,plate=0.5,plate_chamfer_deg=10,plate_round_mm=0.1,retreat=0,rim_fillet_mm=0.3,rough_mm=0.1|v10|stop",crumb_cube,mat,5.0,2,0,0,0,0,2,0,2,2,0,2,,
"hood|backstop=None,clearance_mm=0.0,funnel=True,gate=True,plate=0.5,plate_chamfer_deg=10,plate_round_mm=0.1,retreat=0,rim_fillet_mm=0.3,rough_mm=0.1|v10|stop",crumb_cube,mat,10.0,2,0,0,0,0,2,0,2,2,0,2,,
"hood|backstop=None,clearance_mm=0.0,funnel=True,gate=True,plate=0.5,plate_chamfer_deg=10,plate_round_mm=0.1,retreat=0,rough_mm=0.03|v10|stop",battery_cr2032,flooring,0.0,2,0,0,0,0,2,0,2,2,0,2,,
"hood|backstop=None,clearance_mm=0.0,funnel=True,gate=True,plate=0.5,plate_chamfer_deg=10,plate_round_mm=0.1,retreat=0,rough_mm=0.03|v10|stop",battery_cr2032,flooring,5.0,2,0,0,0,1,1,0,1,2,0,1,,
"hood|backstop=None,clearance_mm=0.0,funnel=True,gate=True,plate=0.5,plate_chamfer_deg=10,plate_round_mm=0.1,retreat=0,rough_mm=0.03|v10|stop",battery_cr2032,flooring,10.0,2,0,0,0,2,0,0,0,2,0,0,,
"hood|backstop=None,clearance_mm=0.0,funnel=True,gate=True,plate=0.5,plate_chamfer_deg=10,plate_round_mm=0.1,retreat=0,rough_mm=0.03|v10|stop",battery_cr2032,mat,0.0,2,0,0,0,0,2,0,2,2,0,2,,
"hood|backstop=None,clearance_mm=0.0,funnel=True,gate=True,plate=0.5,plate_chamfer_deg=10,plate_round_mm=0.1,retreat=0,rough_mm=0.03|v10|stop",battery_cr2032,mat,5.0,2,0,0,0,1,1,0,1,2,0,1,,
"hood|backstop=None,clearance_mm=0.0,funnel=True,gate=True,plate=0.5,plate_chamfer_deg=10,plate_round_mm=0.1,retreat=0,rough_mm=0.03|v10|stop",battery_cr2032,mat,10.0,2,0,0,0,2,0,0,0,2,0,0,,
"hood|backstop=None,clearance_mm=0.0,funnel=True,gate=True,plate=0.5,plate_chamfer_deg=10,plate_round_mm=0.1,retreat=0,rough_mm=0.03|v10|stop",bead,flooring,0.0,2,0,0,0,2,0,0,0,2,0,0,,
"hood|backstop=None,clearance_mm=0.0,funnel=True,gate=True,plate=0.5,plate_chamfer_deg=10,plate_round_mm=0.1,retreat=0,rough_mm=0.03|v10|stop",bead,flooring,5.0,2,0,0,0,2,0,0,0,2,0,0,,
"hood|backstop=None,clearance_mm=0.0,funnel=True,gate=True,plate=0.5,plate_chamfer_deg=10,plate_round_mm=0.1,retreat=0,rough_mm=0.03|v10|stop",bead,flooring,10.0,2,0,0,0,2,0,0,0,2,0,0,,
"hood|backstop=None,clearance_mm=0.0,funnel=True,gate=True,plate=0.5,plate_chamfer_deg=10,plate_round_mm=0.1,retreat=0,rough_mm=0.03|v10|stop",bead,mat,0.0,2,0,0,0,2,0,0,0,2,0,0,,
"hood|backstop=None,clearance_mm=0.0,funnel=True,gate=True,plate=0.5,plate_chamfer_deg=10,plate_round_mm=0.1,retreat=0,rough_mm=0.03|v10|stop",bead,mat,5.0,2,0,0,0,2,0,0,0,2,0,0,,
"hood|backstop=None,clearance_mm=0.0,funnel=True,gate=True,plate=0.5,plate_chamfer_deg=10,plate_round_mm=0.1,retreat=0,rough_mm=0.03|v10|stop",bead,mat,10.0,2,0,0,0,2,0,0,0,2,0,0,,
"hood|backstop=None,clearance_mm=0.0,funnel=True,gate=True,plate=0.5,plate_chamfer_deg=10,plate_round_mm=0.1,retreat=0,rough_mm=0.03|v10|stop",coin_1yen,flooring,0.0,2,0,0,0,0,2,0,2,2,0,2,,
"hood|backstop=None,clearance_mm=0.0,funnel=True,gate=True,plate=0.5,plate_chamfer_deg=10,plate_round_mm=0.1,retreat=0,rough_mm=0.03|v10|stop",coin_1yen,flooring,5.0,2,0,0,0,1,1,0,1,2,0,1,,
"hood|backstop=None,clearance_mm=0.0,funnel=True,gate=True,plate=0.5,plate_chamfer_deg=10,plate_round_mm=0.1,retreat=0,rough_mm=0.03|v10|stop",coin_1yen,flooring,10.0,2,0,0,0,2,0,0,0,2,0,0,,
"hood|backstop=None,clearance_mm=0.0,funnel=True,gate=True,plate=0.5,plate_chamfer_deg=10,plate_round_mm=0.1,retreat=0,rough_mm=0.03|v10|stop",coin_1yen,mat,0.0,2,0,0,0,0,2,0,2,2,0,2,,
"hood|backstop=None,clearance_mm=0.0,funnel=True,gate=True,plate=0.5,plate_chamfer_deg=10,plate_round_mm=0.1,retreat=0,rough_mm=0.03|v10|stop",coin_1yen,mat,5.0,2,0,0,0,1,1,0,1,2,0,1,,
"hood|backstop=None,clearance_mm=0.0,funnel=True,gate=True,plate=0.5,plate_chamfer_deg=10,plate_round_mm=0.1,retreat=0,rough_mm=0.03|v10|stop",coin_1yen,mat,10.0,2,0,0,0,2,0,0,0,2,0,0,,
"hood|backstop=None,clearance_mm=0.0,funnel=True,gate=True,plate=0.5,plate_chamfer_deg=10,plate_round_mm=0.1,retreat=0,rough_mm=0.03|v10|stop",crumb_cube,flooring,0.0,2,0,0,0,0,2,0,2,2,0,2,,
"hood|backstop=None,clearance_mm=0.0,funnel=True,gate=True,plate=0.5,plate_chamfer_deg=10,plate_round_mm=0.1,retreat=0,rough_mm=0.03|v10|stop",crumb_cube,flooring,5.0,2,0,0,0,0,2,0,2,2,0,2,,
"hood|backstop=None,clearance_mm=0.0,funnel=True,gate=True,plate=0.5,plate_chamfer_deg=10,plate_round_mm=0.1,retreat=0,rough_mm=0.03|v10|stop",crumb_cube,flooring,10.0,2,0,0,0,0,2,0,2,2,0,2,,
"hood|backstop=None,clearance_mm=0.0,funnel=True,gate=True,plate=0.5,plate_chamfer_deg=10,plate_round_mm=0.1,retreat=0,rough_mm=0.03|v10|stop",crumb_cube,mat,0.0,2,0,0,0,0,2,0,2,2,0,2,,
"hood|backstop=None,clearance_mm=0.0,funnel=True,gate=True,plate=0.5,plate_chamfer_deg=10,plate_round_mm=0.1,retreat=0,rough_mm=0.03|v10|stop",crumb_cube,mat,5.0,2,0,0,0,0,2,0,2,2,0,2,,
"hood|backstop=None,clearance_mm=0.0,funnel=True,gate=True,plate=0.5,plate_chamfer_deg=10,plate_round_mm=0.1,retreat=0,rough_mm=0.03|v10|stop",crumb_cube,mat,10.0,2,0,0,0,0,2,0,2,2,0,2,,
"hood|backstop=None,clearance_mm=0.0,funnel=True,gate=True,plate=0.5,plate_chamfer_deg=10,plate_round_mm=0.1,retreat=0,rough_mm=0.1|v10|stop",battery_cr2032,flooring,0.0,2,0,0,0,0,2,0,2,2,0,2,,
"hood|backstop=None,clearance_mm=0.0,funnel=True,gate=True,plate=0.5,plate_chamfer_deg=10,plate_round_mm=0.1,retreat=0,rough_mm=0.1|v10|stop",battery_cr2032,flooring,5.0,2,0,0,0,0,2,0,2,2,0,2,,
"hood|backstop=None,clearance_mm=0.0,funnel=True,gate=True,plate=0.5,plate_chamfer_deg=10,plate_round_mm=0.1,retreat=0,rough_mm=0.1|v10|stop",battery_cr2032,flooring,10.0,2,0,0,0,1,1,0,0,2,0,0,,
"hood|backstop=None,clearance_mm=0.0,funnel=True,gate=True,plate=0.5,plate_chamfer_deg=10,plate_round_mm=0.1,retreat=0,rough_mm=0.1|v10|stop",battery_cr2032,mat,0.0,2,0,0,0,0,2,0,2,2,0,2,,
"hood|backstop=None,clearance_mm=0.0,funnel=True,gate=True,plate=0.5,plate_chamfer_deg=10,plate_round_mm=0.1,retreat=0,rough_mm=0.1|v10|stop",battery_cr2032,mat,5.0,2,0,0,0,2,0,0,0,2,0,0,,
"hood|backstop=None,clearance_mm=0.0,funnel=True,gate=True,plate=0.5,plate_chamfer_deg=10,plate_round_mm=0.1,retreat=0,rough_mm=0.1|v10|stop",battery_cr2032,mat,10.0,2,0,0,0,2,0,0,0,2,0,0,,
"hood|backstop=None,clearance_mm=0.0,funnel=True,gate=True,plate=0.5,plate_chamfer_deg=10,plate_round_mm=0.1,retreat=0,rough_mm=0.1|v10|stop",bead,flooring,0.0,2,0,0,0,2,0,0,0,2,0,0,,
"hood|backstop=None,clearance_mm=0.0,funnel=True,gate=True,plate=0.5,plate_chamfer_deg=10,plate_round_mm=0.1,retreat=0,rough_mm=0.1|v10|stop",bead,flooring,5.0,2,0,0,0,2,0,0,0,2,0,0,,
"hood|backstop=None,clearance_mm=0.0,funnel=True,gate=True,plate=0.5,plate_chamfer_deg=10,plate_round_mm=0.1,retreat=0,rough_mm=0.1|v10|stop",bead,flooring,10.0,2,0,0,0,2,0,0,0,2,0,0,,
"hood|backstop=None,clearance_mm=0.0,funnel=True,gate=True,plate=0.5,plate_chamfer_deg=10,plate_round_mm=0.1,retreat=0,rough_mm=0.1|v10|stop",bead,mat,0.0,2,0,0,0,2,0,0,0,2,0,0,,
"hood|backstop=None,clearance_mm=0.0,funnel=True,gate=True,plate=0.5,plate_chamfer_deg=10,plate_round_mm=0.1,retreat=0,rough_mm=0.1|v10|stop",bead,mat,5.0,2,0,0,0,2,0,0,0,2,0,0,,
"hood|backstop=None,clearance_mm=0.0,funnel=True,gate=True,plate=0.5,plate_chamfer_deg=10,plate_round_mm=0.1,retreat=0,rough_mm=0.1|v10|stop",bead,mat,10.0,2,0,0,0,2,0,0,0,2,0,0,,
"hood|backstop=None,clearance_mm=0.0,funnel=True,gate=True,plate=0.5,plate_chamfer_deg=10,plate_round_mm=0.1,retreat=0,rough_mm=0.1|v10|stop",coin_1yen,flooring,0.0,2,0,0,0,0,2,0,2,2,0,2,,
"hood|backstop=None,clearance_mm=0.0,funnel=True,gate=True,plate=0.5,plate_chamfer_deg=10,plate_round_mm=0.1,retreat=0,rough_mm=0.1|v10|stop",coin_1yen,flooring,5.0,2,0,0,0,0,2,0,1,1,0,1,,
"hood|backstop=None,clearance_mm=0.0,funnel=True,gate=True,plate=0.5,plate_chamfer_deg=10,plate_round_mm=0.1,retreat=0,rough_mm=0.1|v10|stop",coin_1yen,flooring,10.0,2,0,0,0,2,0,0,0,2,0,0,,
"hood|backstop=None,clearance_mm=0.0,funnel=True,gate=True,plate=0.5,plate_chamfer_deg=10,plate_round_mm=0.1,retreat=0,rough_mm=0.1|v10|stop",coin_1yen,mat,0.0,2,0,0,0,0,2,0,2,2,0,2,,
"hood|backstop=None,clearance_mm=0.0,funnel=True,gate=True,plate=0.5,plate_chamfer_deg=10,plate_round_mm=0.1,retreat=0,rough_mm=0.1|v10|stop",coin_1yen,mat,5.0,2,0,0,0,1,1,0,1,2,0,1,,
"hood|backstop=None,clearance_mm=0.0,funnel=True,gate=True,plate=0.5,plate_chamfer_deg=10,plate_round_mm=0.1,retreat=0,rough_mm=0.1|v10|stop",coin_1yen,mat,10.0,2,0,0,0,2,0,0,0,2,0,0,,
"hood|backstop=None,clearance_mm=0.0,funnel=True,gate=True,plate=0.5,plate_chamfer_deg=10,plate_round_mm=0.1,retreat=0,rough_mm=0.1|v10|stop",crumb_cube,flooring,0.0,2,0,0,0,0,2,0,2,2,0,2,,
"hood|backstop=None,clearance_mm=0.0,funnel=True,gate=True,plate=0.5,plate_chamfer_deg=10,plate_round_mm=0.1,retreat=0,rough_mm=0.1|v10|stop",crumb_cube,flooring,5.0,2,0,0,0,0,2,0,2,2,0,2,,
"hood|backstop=None,clearance_mm=0.0,funnel=True,gate=True,plate=0.5,plate_chamfer_deg=10,plate_round_mm=0.1,retreat=0,rough_mm=0.1|v10|stop",crumb_cube,flooring,10.0,2,0,0,0,0,2,0,2,2,0,2,,
"hood|backstop=None,clearance_mm=0.0,funnel=True,gate=True,plate=0.5,plate_chamfer_deg=10,plate_round_mm=0.1,retreat=0,rough_mm=0.1|v10|stop",crumb_cube,mat,0.0,2,0,0,0,0,2,0,2,2,0,2,,
"hood|backstop=None,clearance_mm=0.0,funnel=True,gate=True,plate=0.5,plate_chamfer_deg=10,plate_round_mm=0.1,retreat=0,rough_mm=0.1|v10|stop",crumb_cube,mat,5.0,2,0,0,0,0,2,0,2,2,0,2,,
"hood|backstop=None,clearance_mm=0.0,funnel=True,gate=True,plate=0.5,plate_chamfer_deg=10,plate_round_mm=0.1,retreat=0,rough_mm=0.1|v10|stop",crumb_cube,mat,10.0,2,0,0,0,0,2,0,2,2,0,2,,
"hood|backstop=None,clearance_mm=0.0,funnel=True,gate=True,plate=0.5,plate_chamfer_deg=20,plate_round_mm=0.1,retreat=0,rough_mm=0.03|v10|stop",battery_cr2032,flooring,0.0,2,0,0,0,0,2,0,2,2,0,2,,
"hood|backstop=None,clearance_mm=0.0,funnel=True,gate=True,plate=0.5,plate_chamfer_deg=20,plate_round_mm=0.1,retreat=0,rough_mm=0.03|v10|stop",battery_cr2032,flooring,5.0,2,0,0,0,0,2,0,2,2,0,2,,
"hood|backstop=None,clearance_mm=0.0,funnel=True,gate=True,plate=0.5,plate_chamfer_deg=20,plate_round_mm=0.1,retreat=0,rough_mm=0.03|v10|stop",battery_cr2032,flooring,10.0,2,0,0,0,2,0,0,0,2,0,0,,
"hood|backstop=None,clearance_mm=0.0,funnel=True,gate=True,plate=0.5,plate_chamfer_deg=20,plate_round_mm=0.1,retreat=0,rough_mm=0.03|v10|stop",battery_cr2032,mat,0.0,2,0,0,0,0,2,0,2,2,0,2,,
"hood|backstop=None,clearance_mm=0.0,funnel=True,gate=True,plate=0.5,plate_chamfer_deg=20,plate_round_mm=0.1,retreat=0,rough_mm=0.03|v10|stop",battery_cr2032,mat,5.0,2,0,0,0,2,0,0,0,2,0,0,,
"hood|backstop=None,clearance_mm=0.0,funnel=True,gate=True,plate=0.5,plate_chamfer_deg=20,plate_round_mm=0.1,retreat=0,rough_mm=0.03|v10|stop",battery_cr2032,mat,10.0,2,0,0,0,2,0,0,0,2,0,0,,
"hood|backstop=None,clearance_mm=0.0,funnel=True,gate=True,plate=0.5,plate_chamfer_deg=20,plate_round_mm=0.1,retreat=0,rough_mm=0.03|v10|stop",bead,flooring,0.0,2,0,0,0,2,0,0,0,2,0,0,,
"hood|backstop=None,clearance_mm=0.0,funnel=True,gate=True,plate=0.5,plate_chamfer_deg=20,plate_round_mm=0.1,retreat=0,rough_mm=0.03|v10|stop",bead,flooring,5.0,2,0,0,0,2,0,0,0,2,0,0,,
"hood|backstop=None,clearance_mm=0.0,funnel=True,gate=True,plate=0.5,plate_chamfer_deg=20,plate_round_mm=0.1,retreat=0,rough_mm=0.03|v10|stop",bead,flooring,10.0,2,0,0,0,2,0,0,0,2,0,0,,
"hood|backstop=None,clearance_mm=0.0,funnel=True,gate=True,plate=0.5,plate_chamfer_deg=20,plate_round_mm=0.1,retreat=0,rough_mm=0.03|v10|stop",bead,mat,0.0,2,0,0,0,2,0,0,0,2,0,0,,
"hood|backstop=None,clearance_mm=0.0,funnel=True,gate=True,plate=0.5,plate_chamfer_deg=20,plate_round_mm=0.1,retreat=0,rough_mm=0.03|v10|stop",bead,mat,5.0,2,0,0,0,2,0,0,0,2,0,0,,
"hood|backstop=None,clearance_mm=0.0,funnel=True,gate=True,plate=0.5,plate_chamfer_deg=20,plate_round_mm=0.1,retreat=0,rough_mm=0.03|v10|stop",bead,mat,10.0,2,0,0,0,2,0,0,0,2,0,0,,
"hood|backstop=None,clearance_mm=0.0,funnel=True,gate=True,plate=0.5,plate_chamfer_deg=20,plate_round_mm=0.1,retreat=0,rough_mm=0.03|v10|stop",coin_1yen,flooring,0.0,2,0,0,0,1,1,0,1,2,0,1,,
"hood|backstop=None,clearance_mm=0.0,funnel=True,gate=True,plate=0.5,plate_chamfer_deg=20,plate_round_mm=0.1,retreat=0,rough_mm=0.03|v10|stop",coin_1yen,flooring,5.0,2,0,0,0,1,1,0,1,2,0,1,,
"hood|backstop=None,clearance_mm=0.0,funnel=True,gate=True,plate=0.5,plate_chamfer_deg=20,plate_round_mm=0.1,retreat=0,rough_mm=0.03|v10|stop",coin_1yen,flooring,10.0,2,0,0,0,2,0,0,0,2,0,0,,
"hood|backstop=None,clearance_mm=0.0,funnel=True,gate=True,plate=0.5,plate_chamfer_deg=20,plate_round_mm=0.1,retreat=0,rough_mm=0.03|v10|stop",coin_1yen,mat,0.0,2,0,0,0,0,2,0,2,2,0,2,,
"hood|backstop=None,clearance_mm=0.0,funnel=True,gate=True,plate=0.5,plate_chamfer_deg=20,plate_round_mm=0.1,retreat=0,rough_mm=0.03|v10|stop",coin_1yen,mat,5.0,2,0,0,0,2,0,0,0,2,0,0,,
"hood|backstop=None,clearance_mm=0.0,funnel=True,gate=True,plate=0.5,plate_chamfer_deg=20,plate_round_mm=0.1,retreat=0,rough_mm=0.03|v10|stop",coin_1yen,mat,10.0,2,0,0,0,2,0,0,0,2,0,0,,
"hood|backstop=None,clearance_mm=0.0,funnel=True,gate=True,plate=0.5,plate_chamfer_deg=20,plate_round_mm=0.1,retreat=0,rough_mm=0.03|v10|stop",crumb_cube,flooring,0.0,2,0,0,0,0,2,0,2,2,0,2,,
"hood|backstop=None,clearance_mm=0.0,funnel=True,gate=True,plate=0.5,plate_chamfer_deg=20,plate_round_mm=0.1,retreat=0,rough_mm=0.03|v10|stop",crumb_cube,flooring,5.0,2,0,0,0,0,2,0,2,2,0,2,,
"hood|backstop=None,clearance_mm=0.0,funnel=True,gate=True,plate=0.5,plate_chamfer_deg=20,plate_round_mm=0.1,retreat=0,rough_mm=0.03|v10|stop",crumb_cube,flooring,10.0,2,0,0,0,0,2,0,2,2,0,2,,
"hood|backstop=None,clearance_mm=0.0,funnel=True,gate=True,plate=0.5,plate_chamfer_deg=20,plate_round_mm=0.1,retreat=0,rough_mm=0.03|v10|stop",crumb_cube,mat,0.0,2,0,0,0,0,2,0,2,2,0,2,,
"hood|backstop=None,clearance_mm=0.0,funnel=True,gate=True,plate=0.5,plate_chamfer_deg=20,plate_round_mm=0.1,retreat=0,rough_mm=0.03|v10|stop",crumb_cube,mat,5.0,2,0,0,0,0,2,0,2,2,0,2,,
"hood|backstop=None,clearance_mm=0.0,funnel=True,gate=True,plate=0.5,plate_chamfer_deg=20,plate_round_mm=0.1,retreat=0,rough_mm=0.03|v10|stop",crumb_cube,mat,10.0,2,0,0,0,0,2,0,2,2,0,2,,
"hood|backstop=None,clearance_mm=0.0,funnel=True,gate=True,plate=0.5,plate_chamfer_deg=20,plate_round_mm=0.1,retreat=0,rough_mm=0.1|v10|stop",battery_cr2032,flooring,0.0,2,0,0,0,1,1,0,1,2,0,1,,
"hood|backstop=None,clearance_mm=0.0,funnel=True,gate=True,plate=0.5,plate_chamfer_deg=20,plate_round_mm=0.1,retreat=0,rough_mm=0.1|v10|stop",battery_cr2032,flooring,5.0,2,0,0,0,0,2,0,2,2,0,2,,
"hood|backstop=None,clearance_mm=0.0,funnel=True,gate=True,plate=0.5,plate_chamfer_deg=20,plate_round_mm=0.1,retreat=0,rough_mm=0.1|v10|stop",battery_cr2032,flooring,10.0,2,0,0,0,1,1,0,0,2,0,0,,
"hood|backstop=None,clearance_mm=0.0,funnel=True,gate=True,plate=0.5,plate_chamfer_deg=20,plate_round_mm=0.1,retreat=0,rough_mm=0.1|v10|stop",battery_cr2032,mat,0.0,2,0,0,0,0,2,0,2,2,0,2,,
"hood|backstop=None,clearance_mm=0.0,funnel=True,gate=True,plate=0.5,plate_chamfer_deg=20,plate_round_mm=0.1,retreat=0,rough_mm=0.1|v10|stop",battery_cr2032,mat,5.0,2,0,0,0,1,1,0,1,2,0,1,,
"hood|backstop=None,clearance_mm=0.0,funnel=True,gate=True,plate=0.5,plate_chamfer_deg=20,plate_round_mm=0.1,retreat=0,rough_mm=0.1|v10|stop",battery_cr2032,mat,10.0,2,0,0,0,2,0,0,0,2,0,0,,
"hood|backstop=None,clearance_mm=0.0,funnel=True,gate=True,plate=0.5,plate_chamfer_deg=20,plate_round_mm=0.1,retreat=0,rough_mm=0.1|v10|stop",bead,flooring,0.0,2,0,0,0,2,0,0,0,2,0,0,,
"hood|backstop=None,clearance_mm=0.0,funnel=True,gate=True,plate=0.5,plate_chamfer_deg=20,plate_round_mm=0.1,retreat=0,rough_mm=0.1|v10|stop",bead,flooring,5.0,2,0,0,0,2,0,0,0,2,0,0,,
"hood|backstop=None,clearance_mm=0.0,funnel=True,gate=True,plate=0.5,plate_chamfer_deg=20,plate_round_mm=0.1,retreat=0,rough_mm=0.1|v10|stop",bead,flooring,10.0,2,0,0,0,2,0,0,0,2,0,0,,
"hood|backstop=None,clearance_mm=0.0,funnel=True,gate=True,plate=0.5,plate_chamfer_deg=20,plate_round_mm=0.1,retreat=0,rough_mm=0.1|v10|stop",bead,mat,0.0,2,0,0,0,2,0,0,0,2,0,0,,
"hood|backstop=None,clearance_mm=0.0,funnel=True,gate=True,plate=0.5,plate_chamfer_deg=20,plate_round_mm=0.1,retreat=0,rough_mm=0.1|v10|stop",bead,mat,5.0,2,0,0,0,2,0,0,0,2,0,0,,
"hood|backstop=None,clearance_mm=0.0,funnel=True,gate=True,plate=0.5,plate_chamfer_deg=20,plate_round_mm=0.1,retreat=0,rough_mm=0.1|v10|stop",bead,mat,10.0,2,0,0,0,2,0,0,0,2,0,0,,
"hood|backstop=None,clearance_mm=0.0,funnel=True,gate=True,plate=0.5,plate_chamfer_deg=20,plate_round_mm=0.1,retreat=0,rough_mm=0.1|v10|stop",coin_1yen,flooring,0.0,2,0,0,0,0,2,0,2,2,0,2,,
"hood|backstop=None,clearance_mm=0.0,funnel=True,gate=True,plate=0.5,plate_chamfer_deg=20,plate_round_mm=0.1,retreat=0,rough_mm=0.1|v10|stop",coin_1yen,flooring,5.0,2,0,0,0,0,2,0,1,1,0,1,,
"hood|backstop=None,clearance_mm=0.0,funnel=True,gate=True,plate=0.5,plate_chamfer_deg=20,plate_round_mm=0.1,retreat=0,rough_mm=0.1|v10|stop",coin_1yen,flooring,10.0,2,0,0,0,2,0,0,0,2,0,0,,
"hood|backstop=None,clearance_mm=0.0,funnel=True,gate=True,plate=0.5,plate_chamfer_deg=20,plate_round_mm=0.1,retreat=0,rough_mm=0.1|v10|stop",coin_1yen,mat,0.0,2,0,0,0,0,2,0,2,2,0,2,,
"hood|backstop=None,clearance_mm=0.0,funnel=True,gate=True,plate=0.5,plate_chamfer_deg=20,plate_round_mm=0.1,retreat=0,rough_mm=0.1|v10|stop",coin_1yen,mat,5.0,2,0,0,0,1,1,0,1,2,0,1,,
"hood|backstop=None,clearance_mm=0.0,funnel=True,gate=True,plate=0.5,plate_chamfer_deg=20,plate_round_mm=0.1,retreat=0,rough_mm=0.1|v10|stop",coin_1yen,mat,10.0,2,0,0,0,2,0,0,0,2,0,0,,
"hood|backstop=None,clearance_mm=0.0,funnel=True,gate=True,plate=0.5,plate_chamfer_deg=20,plate_round_mm=0.1,retreat=0,rough_mm=0.1|v10|stop",crumb_cube,flooring,0.0,2,0,0,0,0,2,0,2,2,0,2,,
"hood|backstop=None,clearance_mm=0.0,funnel=True,gate=True,plate=0.5,plate_chamfer_deg=20,plate_round_mm=0.1,retreat=0,rough_mm=0.1|v10|stop",crumb_cube,flooring,5.0,2,0,0,0,0,2,0,2,2,0,2,,
"hood|backstop=None,clearance_mm=0.0,funnel=True,gate=True,plate=0.5,plate_chamfer_deg=20,plate_round_mm=0.1,retreat=0,rough_mm=0.1|v10|stop",crumb_cube,flooring,10.0,2,0,0,0,0,2,0,2,2,0,2,,
"hood|backstop=None,clearance_mm=0.0,funnel=True,gate=True,plate=0.5,plate_chamfer_deg=20,plate_round_mm=0.1,retreat=0,rough_mm=0.1|v10|stop",crumb_cube,mat,0.0,2,0,0,0,0,2,0,2,2,0,2,,
"hood|backstop=None,clearance_mm=0.0,funnel=True,gate=True,plate=0.5,plate_chamfer_deg=20,plate_round_mm=0.1,retreat=0,rough_mm=0.1|v10|stop",crumb_cube,mat,5.0,2,0,0,0,0,2,0,2,2,0,2,,
"hood|backstop=None,clearance_mm=0.0,funnel=True,gate=True,plate=0.5,plate_chamfer_deg=20,plate_round_mm=0.1,retreat=0,rough_mm=0.1|v10|stop",crumb_cube,mat,10.0,2,0,0,0,0,2,0,2,2,0,2,,
